bid_price,ask_price,open_interest,mark_price,creation_timestamp_x,volume,mark_iv,underlying_price,underlying_index,estimated_delivery_price,mid_price,price_index,expiration_timestamp,strike,settlement_period,option_type,instrument_id
0.02,0.021,0.8,0.02035099,1780919377100,0.8,56.43,63449.36,index_price,63452.41,0.0205,63469.79,11JUN26,63500,,P,BTC-11JUN26-63500-P
0.482,0.4945,90.3,0.48982681,1780919377100,0.0,43.13,64692.08,BTC-25DEC26,63452.41,0.48825,63469.79,25DEC26,95000,,P,BTC-25DEC26-95000-P
0.458,0.568,0.1,0.50927525,1780919377100,0.0,48.71,63650.95,BTC-31JUL26,63452.41,0.513,63469.79,31JUL26,96000,,P,BTC-31JUL26-96000-P
0.8875,1.0295,22.6,0.95378827,1780919377100,1.0,52.4,64020.69,BTC-25SEP26,63452.41,0.9585,63469.79,25SEP26,125000,,P,BTC-25SEP26-125000-P
0.235,0.3255,0.1,0.27677735,1780919377100,0.0,89.63,63446.49,BTC-12JUN26,63452.41,0.28025,63469.79,12JUN26,81000,,P,BTC-12JUN26-81000-P
0.0008,0.0009,100.0,0.00084654,1780919377100,52.8,82.45,63449.36,index_price,63452.41,0.00085,63469.79,9JUN26,59500,,P,BTC-9JUN26-59500-P
0.064,0.093,2.6,0.08992371,1780919377100,0.0,73.23,63446.49,BTC-12JUN26,63452.41,0.0785,63469.79,12JUN26,58000,,C,BTC-12JUN26-58000-C
0.1925,0.2005,26.8,0.19703182,1780919377100,0.1,39.77,63812.67,BTC-28AUG26,63452.41,0.1965,63469.79,28AUG26,75000,,P,BTC-28AUG26-75000-P
0.14,0.144,237.2,0.14172961,1780919377100,0.0,58.26,63492.21,BTC-26JUN26,63452.41,0.142,63469.79,26JUN26,55000,,C,BTC-26JUN26-55000-C
0.04,0.0415,89.9,0.04103098,1780919377100,15.0,44.06,65391.42,BTC-26MAR27,63452.41,0.04075,63469.79,26MAR27,96000,,C,BTC-26MAR27-96000-C
0.0165,0.0175,56.4,0.01697779,1780919377100,6.8,39.78,63812.67,BTC-28AUG26,63452.41,0.017,63469.79,28AUG26,77000,,C,BTC-28AUG26-77000-C
0.1035,0.149,0.0,0.11777285,1780919377100,0.0,88.87,63449.36,index_price,63452.41,0.12625,63469.79,10JUN26,56000,,C,BTC-10JUN26-56000-C
0.2895,0.299,0.0,0.29420277,1780919377100,0.0,40.19,63812.67,BTC-28AUG26,63452.41,0.29425,63469.79,28AUG26,82000,,P,BTC-28AUG26-82000-P
0.0065,0.007,3590.5,0.00693186,1780919377100,145.7,41.19,63492.33,BTC-26JUN26,63452.41,0.00675,63469.79,26JUN26,70000,,C,BTC-26JUN26-70000-C
0.0445,0.049,207.3,0.04653474,1780919377100,0.3,48.91,63446.49,BTC-12JUN26,63452.41,0.04675,63469.79,12JUN26,66000,,P,BTC-12JUN26-66000-P
0.1755,0.1785,1079.6,0.17751803,1780919377100,2.1,43.31,64692.08,BTC-25DEC26,63452.41,0.177,63469.79,25DEC26,70000,,P,BTC-25DEC26-70000-P
0.0001,0.0002,1387.7,0.0001321,1780919377100,0.0,85.97,63446.37,BTC-12JUN26,63452.41,0.00015,63469.79,12JUN26,80000,,C,BTC-12JUN26-80000-C
0.005,0.006,626.1,0.00551404,1780919377100,0.3,47.22,64692.08,BTC-25DEC26,63452.41,0.0055,63469.79,25DEC26,125000,,C,BTC-25DEC26-125000-C
0.0055,0.006,250.2,0.00574014,1780919377100,0.2,39.67,63650.95,BTC-31JUL26,63452.41,0.00575,63469.79,31JUL26,79000,,C,BTC-31JUL26-79000-C
0.0007,0.0012,1127.1,0.00084288,1780919377100,0.1,56.76,64020.69,BTC-25SEP26,63452.41,0.00095,63469.79,25SEP26,140000,,C,BTC-25SEP26-140000-C
0.016,0.017,2500.4,0.01630627,1780919377100,12.5,43.64,64692.2,BTC-25DEC26,63452.41,0.0165,63469.79,25DEC26,100000,,C,BTC-25DEC26-100000-C
0.1305,0.1335,188.5,0.13211783,1780919377100,0.3,45.49,65391.42,BTC-26MAR27,63452.41,0.132,63469.79,26MAR27,62000,,P,BTC-26MAR27-62000-P
0.553,0.6175,0.4,0.59666793,1780919377100,0.0,44.97,64020.69,BTC-25SEP26,63452.41,0.58525,63469.79,25SEP26,102000,,P,BTC-25SEP26-102000-P
0.1225,0.126,8.5,0.1243615,1780919377100,5.0,45.01,63812.67,BTC-28AUG26,63452.41,0.12425,63469.79,28AUG26,59000,,C,BTC-28AUG26-59000-C
,0.0001,78.4,3.274e-05,1780919377100,82.2,117.58,63449.36,index_price,63452.41,,63469.79,9JUN26,54000,,P,BTC-9JUN26-54000-P
0.097,0.1275,0.0,0.1236633,1780919377100,0.0,62.59,63454.53,BTC-19JUN26,63452.41,0.11225,63469.79,19JUN26,56000,,C,BTC-19JUN26-56000-C
0.0145,0.0155,219.5,0.01506393,1780919377100,15.4,44.34,63454.53,BTC-19JUN26,63452.41,0.015,63469.79,19JUN26,66000,,C,BTC-19JUN26-66000-C
0.014,0.0145,12.8,0.01418511,1780919377100,13.1,52.04,63446.37,BTC-12JUN26,63452.41,0.01425,63469.79,12JUN26,64500,,C,BTC-12JUN26-64500-C
0.082,0.083,181.0,0.08234124,1780919377100,12.5,45.79,64692.08,BTC-25DEC26,63452.41,0.0825,63469.79,25DEC26,58000,,P,BTC-25DEC26-58000-P
0.059,0.09,0.1,0.08767561,1780919377100,0.1,68.59,63449.36,index_price,63452.41,0.0745,63469.79,9JUN26,69000,,P,BTC-9JUN26-69000-P
0.1015,0.1065,652.4,0.10396718,1780919377100,2.5,51.63,63446.49,BTC-12JUN26,63452.41,0.104,63469.79,12JUN26,70000,,P,BTC-12JUN26-70000-P
0.591,0.7115,0.0,0.64696381,1780919377100,0.0,48.71,63812.67,BTC-28AUG26,63452.41,0.65125,63469.79,28AUG26,105000,,P,BTC-28AUG26-105000-P
,0.0001,1142.2,5.439e-05,1780919377100,0.0,113.87,63446.49,BTC-12JUN26,63452.41,,63469.79,12JUN26,90000,,C,BTC-12JUN26-90000-C
0.0006,0.0013,254.6,0.00088044,1780919377100,0.0,61.36,64692.2,BTC-25DEC26,63452.41,0.00095,63469.79,25DEC26,220000,,C,BTC-25DEC26-220000-C
0.0815,0.083,951.9,0.08241161,1780919377101,2.4,43.73,65391.42,BTC-26MAR27,63452.41,0.08225,63469.79,26MAR27,80000,,C,BTC-26MAR27-80000-C
1.641,1.836,0.2,1.73388173,1780919377101,0.0,64.99,64020.69,BTC-25SEP26,63452.41,1.7385,63469.79,25SEP26,175000,,P,BTC-25SEP26-175000-P
0.0355,0.0365,65.5,0.03628622,1780919377101,17.5,45.6,63492.21,BTC-26JUN26,63452.41,0.036,63469.79,26JUN26,63000,,P,BTC-26JUN26-63000-P
0.0705,0.0715,96.8,0.07104271,1780919377101,1.3,46.46,64692.08,BTC-25DEC26,63452.41,0.071,63469.79,25DEC26,56000,,P,BTC-25DEC26-56000-P
0.2005,0.207,2929.4,0.2046585,1780919377101,0.2,40.49,64020.69,BTC-25SEP26,63452.41,0.20375,63469.79,25SEP26,75000,,P,BTC-25SEP26-75000-P
0.0033,0.0038,1609.3,0.00360495,1780919377101,10.1,50.0,64692.2,BTC-25DEC26,63452.41,0.00355,63469.79,25DEC26,140000,,C,BTC-25DEC26-140000-C
0.0075,0.0085,2898.1,0.00797639,1780919377101,0.9,41.73,64020.69,BTC-25SEP26,63452.41,0.008,63469.79,25SEP26,90000,,C,BTC-25SEP26-90000-C
0.2335,0.2435,133.7,0.24121379,1780919377101,0.0,42.75,64692.08,BTC-25DEC26,63452.41,0.2385,63469.79,25DEC26,76000,,P,BTC-25DEC26-76000-P
0.0006,0.0009,1217.0,0.00072854,1780919377101,0.1,65.46,64692.08,BTC-25DEC26,63452.41,0.00075,63469.79,25DEC26,250000,,C,BTC-25DEC26-250000-C
0.1285,0.13,911.6,0.12969861,1780919377101,2.2,44.39,65391.42,BTC-26MAR27,63452.41,0.12925,63469.79,26MAR27,70000,,C,BTC-26MAR27-70000-C
0.4305,0.5295,7.7,0.4807759,1780919377101,0.1,68.57,63492.21,BTC-26JUN26,63452.41,0.48,63469.79,26JUN26,94000,,P,BTC-26JUN26-94000-P
0.0085,0.0095,39.4,0.00906089,1780919377101,45.9,64.09,63449.36,index_price,63452.41,0.009,63469.79,9JUN26,63000,,P,BTC-9JUN26-63000-P
0.0065,0.0075,19.6,0.00701709,1780919377101,22.5,65.95,63449.36,index_price,63452.41,0.007,63469.79,10JUN26,61500,,P,BTC-10JUN26-61500-P
,0.0001,264.7,7.266e-05,1780919377101,0.1,125.22,63492.21,BTC-26JUN26,63452.41,,63469.79,26JUN26,155000,,C,BTC-26JUN26-155000-C
0.0046,0.0055,83.8,0.00494703,1780919377101,0.0,41.81,63812.67,BTC-28AUG26,63452.41,0.00505,63469.79,28AUG26,88000,,C,BTC-28AUG26-88000-C
0.2875,0.2955,103.6,0.29201209,1780919377101,0.0,40.69,63650.95,BTC-31JUL26,63452.41,0.2915,63469.79,31JUL26,82000,,P,BTC-31JUL26-82000-P
0.0155,0.0165,28.4,0.01587574,1780919377101,20.3,57.75,63449.36,index_price,63452.41,0.016,63469.79,10JUN26,63500,,C,BTC-10JUN26-63500-C
0.0003,0.0006,1077.6,0.00042054,1780919377101,9.3,57.54,63492.21,BTC-26JUN26,63452.41,0.00045,63469.79,26JUN26,86000,,C,BTC-26JUN26-86000-C
0.031,0.032,84.5,0.03135307,1780919377101,6.2,47.51,63812.67,BTC-28AUG26,63452.41,0.0315,63469.79,28AUG26,55000,,P,BTC-28AUG26-55000-P
0.016,0.017,216.2,0.01647757,1780919377101,84.1,41.8,63492.21,BTC-26JUN26,63452.41,0.0165,63469.79,26JUN26,67000,,C,BTC-26JUN26-67000-C
0.008,0.009,87.7,0.00866973,1780919377101,19.7,57.27,63651.07,BTC-31JUL26,63452.41,0.0085,63469.79,31JUL26,48000,,P,BTC-31JUL26-48000-P
0.258,0.265,374.1,0.2618563,1780919377101,0.0,40.07,63650.95,BTC-31JUL26,63452.41,0.2615,63469.79,31JUL26,80000,,P,BTC-31JUL26-80000-P
0.068,0.0965,0.0,0.07232488,1780919377101,0.0,51.05,63449.36,index_price,63452.41,0.08225,63469.79,10JUN26,68000,,P,BTC-10JUN26-68000-P
0.1335,0.14,106.4,0.13699365,1780919377101,0.0,39.43,63650.95,BTC-31JUL26,63452.41,0.13675,63469.79,31JUL26,71000,,P,BTC-31JUL26-71000-P
0.7465,0.875,0.1,0.80714499,1780919377101,0.0,59.48,63650.95,BTC-31JUL26,63452.41,0.81075,63469.79,31JUL26,115000,,P,BTC-31JUL26-115000-P
0.1315,0.133,518.1,0.13240285,1780919377101,0.2,44.13,64692.2,BTC-25DEC26,63452.41,0.13225,63469.79,25DEC26,65000,,P,BTC-25DEC26-65000-P
0.0055,0.0065,237.6,0.00595559,1780919377101,31.6,53.02,63449.36,index_price,63452.41,0.006,63469.79,10JUN26,65000,,C,BTC-10JUN26-65000-C
0.0032,0.0036,801.9,0.00329411,1780919377101,0.6,41.14,63650.95,BTC-31JUL26,63452.41,0.0034,63469.79,31JUL26,83000,,C,BTC-31JUL26-83000-C
0.0295,0.0305,152.5,0.02988997,1780919377101,33.3,40.03,63650.95,BTC-31JUL26,63452.41,0.03,63469.79,31JUL26,69000,,C,BTC-31JUL26-69000-C
0.02,0.021,0.2,0.02080465,1780919377101,0.2,56.16,63449.36,index_price,63452.41,0.0205,63469.79,10JUN26,64000,,P,BTC-10JUN26-64000-P
0.0355,0.039,70.2,0.03706947,1780919377101,11.9,59.23,63446.49,BTC-12JUN26,63452.41,0.03725,63469.79,12JUN26,62000,,C,BTC-12JUN26-62000-C
0.073,0.0745,58.3,0.07389618,1780919377101,0.6,43.02,63812.67,BTC-28AUG26,63452.41,0.07375,63469.79,28AUG26,63000,,P,BTC-28AUG26-63000-P
0.6665,0.792,0.0,0.72499187,1780919377101,0.0,50.81,63812.67,BTC-28AUG26,63452.41,0.72925,63469.79,28AUG26,110000,,P,BTC-28AUG26-110000-P
0.398,0.4025,53.2,0.40082572,1780919377101,0.0,55.65,64692.08,BTC-25DEC26,63452.41,0.40025,63469.79,25DEC26,40000,,C,BTC-25DEC26-40000-C
1.0745,1.143,0.6,1.09093542,1780919377101,0.0,49.12,64692.08,BTC-25DEC26,63452.41,1.10875,63469.79,25DEC26,135000,,P,BTC-25DEC26-135000-P
0.0275,0.0295,137.5,0.02859107,1780919377101,15.8,44.63,65391.42,BTC-26MAR27,63452.41,0.0285,63469.79,26MAR27,105000,,C,BTC-26MAR27-105000-C
0.4995,0.648,11.8,0.56406695,1780919377101,0.0,44.28,65391.54,BTC-26MAR27,63452.41,0.57375,63469.79,26MAR27,100000,,P,BTC-26MAR27-100000-P
0.0009,0.0012,167.9,0.00106199,1780919377101,81.4,50.93,63449.36,index_price,63452.41,0.00105,63469.79,10JUN26,67000,,C,BTC-10JUN26-67000-C
0.0435,0.0445,44.8,0.04391181,1780919377101,5.7,45.6,63812.67,BTC-28AUG26,63452.41,0.044,63469.79,28AUG26,58000,,P,BTC-28AUG26-58000-P
0.0535,0.0545,245.6,0.05403806,1780919377101,4.1,41.82,63650.95,BTC-31JUL26,63452.41,0.054,63469.79,31JUL26,65000,,C,BTC-31JUL26-65000-C
0.275,0.2955,0.1,0.27965938,1780919377101,0.0,40.01,63812.67,BTC-28AUG26,63452.41,0.28525,63469.79,28AUG26,81000,,P,BTC-28AUG26-81000-P
,0.0001,135.9,0.0,1780919377101,0.0,125.23,63492.21,BTC-26JUN26,63452.41,,63469.79,26JUN26,320000,,C,BTC-26JUN26-320000-C
0.069,0.0905,0.0,0.08708031,1780919377101,0.0,80.51,63449.36,index_price,63452.41,0.07975,63469.79,10JUN26,58000,,C,BTC-10JUN26-58000-C
0.0047,0.005,237.1,0.00471933,1780919377101,218.1,57.66,63449.36,index_price,63452.41,0.00485,63469.79,9JUN26,64500,,C,BTC-9JUN26-64500-C
0.0002,0.0004,245.1,0.00027955,1780919377101,2.0,68.57,63492.21,BTC-26JUN26,63452.41,0.0003,63469.79,26JUN26,94000,,C,BTC-26JUN26-94000-C
0.0105,0.0115,90.2,0.01106801,1780919377101,0.3,55.49,63812.67,BTC-28AUG26,63452.41,0.011,63469.79,28AUG26,46000,,P,BTC-28AUG26-46000-P
1.1315,1.288,23.1,1.2050765,1780919377101,0.0,113.48,63492.33,BTC-26JUN26,63452.41,1.20975,63469.79,26JUN26,140000,,P,BTC-26JUN26-140000-P
0.0095,0.0105,711.3,0.00963434,1780919377101,2.8,48.29,65391.42,BTC-26MAR27,63452.41,0.01,63469.79,26MAR27,140000,,C,BTC-26MAR27-140000-C
1.3595,1.5315,1.8,1.44131664,1780919377101,0.0,125.22,63492.21,BTC-26JUN26,63452.41,1.4455,63469.79,26JUN26,155000,,P,BTC-26JUN26-155000-P
0.029,0.032,0.0,0.03077732,1780919377101,0.0,52.04,63446.49,BTC-12JUN26,63452.41,0.0305,63469.79,12JUN26,64500,,P,BTC-12JUN26-64500-P
0.1975,0.243,2.3,0.2256969,1780919377101,0.0,54.76,63650.95,BTC-31JUL26,63452.41,0.22025,63469.79,31JUL26,50000,,C,BTC-31JUL26-50000-C
0.15,0.1515,81.4,0.15055531,1780919377101,0.0,44.73,64692.08,BTC-25DEC26,63452.41,0.15075,63469.79,25DEC26,62000,,C,BTC-25DEC26-62000-C
0.135,0.1405,3128.3,0.13776069,1780919377101,0.2,41.35,63492.21,BTC-26JUN26,63452.41,0.13775,63469.79,26JUN26,72000,,P,BTC-26JUN26-72000-P
0.0006,0.0009,6235.5,0.0007043,1780919377101,25.3,48.88,63492.21,BTC-26JUN26,63452.41,0.00075,63469.79,26JUN26,80000,,C,BTC-26JUN26-80000-C
,0.0001,1444.6,7.139e-05,1780919377101,17.9,102.97,63446.49,BTC-12JUN26,63452.41,,63469.79,12JUN26,86000,,C,BTC-12JUN26-86000-C
0.5335,0.536,98.8,0.53427038,1780919377101,0.0,72.62,64020.69,BTC-25SEP26,63452.41,0.53475,63469.79,25SEP26,30000,,C,BTC-25SEP26-30000-C
0.6395,0.762,0.0,0.69736381,1780919377101,0.0,56.33,63650.95,BTC-31JUL26,63452.41,0.70075,63469.79,31JUL26,108000,,P,BTC-31JUL26-108000-P
0.015,0.016,135.7,0.01551815,1780919377101,7.1,39.25,63650.95,BTC-31JUL26,63452.41,0.0155,63469.79,31JUL26,73000,,C,BTC-31JUL26-73000-C
0.0245,0.0265,48.4,0.02546775,1780919377101,2.1,44.83,65391.54,BTC-26MAR27,63452.41,0.0255,63469.79,26MAR27,108000,,C,BTC-26MAR27-108000-C
0.8065,0.8155,288.9,0.811385,1780919377101,1.0,92.12,63492.21,BTC-26JUN26,63452.41,0.811,63469.79,26JUN26,115000,,P,BTC-26JUN26-115000-P
1.8915,2.101,5.8,1.99249669,1780919377101,0.0,125.23,63492.21,BTC-26JUN26,63452.41,1.99625,63469.79,26JUN26,190000,,P,BTC-26JUN26-190000-P
0.0003,0.0008,352.6,0.00045385,1780919377101,0.2,64.25,64020.81,BTC-25SEP26,63452.41,0.00055,63469.79,25SEP26,170000,,C,BTC-25SEP26-170000-C
0.1245,0.1715,0.0,0.14899215,1780919377101,0.0,98.17,63449.36,index_price,63452.41,0.148,63469.79,10JUN26,54000,,C,BTC-10JUN26-54000-C
0.167,0.1685,142.8,0.16755179,1780919377101,0.3,45.24,64692.08,BTC-25DEC26,63452.41,0.16775,63469.79,25DEC26,60000,,C,BTC-25DEC26-60000-C
1.8675,2.078,0.0,1.96805432,1780919377101,0.0,67.14,64020.81,BTC-25SEP26,63452.41,1.97275,63469.79,25SEP26,190000,,P,BTC-25SEP26-190000-P
0.0026,0.003,139.3,0.00279834,1780919377101,127.4,74.43,63449.36,index_price,63452.41,0.0028,63469.79,10JUN26,59500,,P,BTC-10JUN26-59500-P
0.0008,0.0012,1098.9,0.00095185,1780919377101,0.0,50.05,63650.95,BTC-31JUL26,63452.41,0.001,63469.79,31JUL26,98000,,C,BTC-31JUL26-98000-C
0.0275,0.0285,21.4,0.02792418,1780919377101,5.3,39.95,63812.67,BTC-28AUG26,63452.41,0.028,63469.79,28AUG26,73000,,C,BTC-28AUG26-73000-C
0.0335,0.037,507.7,0.03545695,1780919377101,2.4,50.68,63446.49,BTC-12JUN26,63452.41,0.03525,63469.79,12JUN26,65000,,P,BTC-12JUN26-65000-P
0.06,0.0665,2.3,0.06297368,1780919377101,0.0,82.45,63449.36,index_price,63452.41,0.06325,63469.79,9JUN26,59500,,C,BTC-9JUN26-59500-C
0.118,0.1235,160.3,0.1211749,1780919377101,0.0,43.26,63454.53,BTC-19JUN26,63452.41,0.12075,63469.79,19JUN26,71000,,P,BTC-19JUN26-71000-P
,0.0001,200.1,4e-08,1780919377101,0.0,125.23,63492.21,BTC-26JUN26,63452.41,,63469.79,26JUN26,250000,,C,BTC-26JUN26-250000-C
0.082,0.108,0.0,0.1045984,1780919377101,0.0,76.78,63446.49,BTC-12JUN26,63452.41,0.095,63469.79,12JUN26,57000,,C,BTC-12JUN26-57000-C
0.0575,0.083,0.0,0.07956842,1780919377101,0.0,78.49,63449.36,index_price,63452.41,0.07025,63469.79,10JUN26,58500,,C,BTC-10JUN26-58500-C
0.085,0.0875,1322.2,0.08624488,1780919377101,4.3,47.05,65391.42,BTC-26MAR27,63452.41,0.08625,63469.79,26MAR27,55000,,P,BTC-26MAR27-55000-P
0.0028,0.0032,627.7,0.00292824,1780919377101,0.1,41.63,63650.95,BTC-31JUL26,63452.41,0.003,63469.79,31JUL26,84000,,C,BTC-31JUL26-84000-C
0.042,0.068,0.0,0.06486228,1780919377101,0.0,74.43,63449.36,index_price,63452.41,0.055,63469.79,10JUN26,59500,,C,BTC-10JUN26-59500-C
0.25,0.342,1.0,0.29254108,1780919377101,0.0,93.79,63446.49,BTC-12JUN26,63452.41,0.296,63469.79,12JUN26,82000,,P,BTC-12JUN26-82000-P
,0.0001,119.5,5.88e-06,1780919377101,106.8,146.87,63449.36,index_price,63452.41,,63469.79,9JUN26,50000,,P,BTC-9JUN26-50000-P
0.087,0.134,0.0,0.10232506,1780919377101,0.0,84.6,63449.36,index_price,63452.41,0.1105,63469.79,10JUN26,57000,,C,BTC-10JUN26-57000-C
0.146,0.1485,38.2,0.14760177,1780919377101,0.0,45.0,64020.69,BTC-25SEP26,63452.41,0.14725,63469.79,25SEP26,58000,,C,BTC-25SEP26-58000-C
0.0485,0.0495,47.7,0.04892916,1780919377101,2.7,45.01,63812.67,BTC-28AUG26,63452.41,0.049,63469.79,28AUG26,59000,,P,BTC-28AUG26-59000-P
0.226,0.2325,1658.0,0.22944275,1780919377101,26.6,46.38,63492.21,BTC-26JUN26,63452.41,0.22925,63469.79,26JUN26,78000,,P,BTC-26JUN26-78000-P
0.0055,0.006,60.9,0.00564025,1780919377101,77.2,68.31,63449.36,index_price,63452.41,0.00575,63469.79,10JUN26,61000,,P,BTC-10JUN26-61000-P
0.5815,0.734,0.0,0.64849026,1780919377101,0.0,44.68,65391.42,BTC-26MAR27,63452.41,0.65775,63469.79,26MAR27,106000,,P,BTC-26MAR27-106000-P
0.0014,0.0018,53.2,0.00154679,1780919377101,0.0,48.71,63812.67,BTC-28AUG26,63452.41,0.0016,63469.79,28AUG26,105000,,C,BTC-28AUG26-105000-C
3.527,3.857,0.0,3.68602131,1780919377101,0.0,79.33,64020.69,BTC-25SEP26,63452.41,3.692,63469.79,25SEP26,300000,,P,BTC-25SEP26-300000-P
0.259,0.292,0.0,0.26171179,1780919377101,0.0,53.37,63812.67,BTC-28AUG26,63452.41,0.2755,63469.79,28AUG26,48000,,C,BTC-28AUG26-48000-C
0.0185,0.0195,214.7,0.0189883,1780919377101,10.7,51.91,63454.53,BTC-19JUN26,63452.41,0.019,63469.79,19JUN26,61000,,P,BTC-19JUN26-61000-P
2.1365,2.37,0.0,2.24714225,1780919377101,0.0,60.15,64692.2,BTC-25DEC26,63452.41,2.25325,63469.79,25DEC26,210000,,P,BTC-25DEC26-210000-P
0.0046,0.0055,565.0,0.00509769,1780919377101,7.8,65.97,64020.81,BTC-25SEP26,63452.41,0.00505,63469.79,25SEP26,35000,,P,BTC-25SEP26-35000-P
0.053,0.0565,175.0,0.05516831,1780919377101,4.1,44.34,63454.53,BTC-19JUN26,63452.41,0.05475,63469.79,19JUN26,66000,,P,BTC-19JUN26-66000-P
0.0915,0.093,213.0,0.09253068,1780919377101,1.4,42.65,64020.69,BTC-25SEP26,63452.41,0.09225,63469.79,25SEP26,64000,,P,BTC-25SEP26-64000-P
1.0385,1.1905,12.5,1.10966215,1780919377101,0.0,55.42,64020.81,BTC-25SEP26,63452.41,1.1145,63469.79,25SEP26,135000,,P,BTC-25SEP26-135000-P
0.0345,0.0355,281.5,0.03516373,1780919377101,1.1,46.86,63812.67,BTC-28AUG26,63452.41,0.035,63469.79,28AUG26,56000,,P,BTC-28AUG26-56000-P
0.052,0.0525,6065.9,0.05231763,1780919377101,1106.9,42.73,64692.08,BTC-25DEC26,63452.41,0.05225,63469.79,25DEC26,80000,,C,BTC-25DEC26-80000-C
0.628,0.6415,107.8,0.63585774,1780919377101,0.0,44.32,64692.08,BTC-25DEC26,63452.41,0.63475,63469.79,25DEC26,105000,,P,BTC-25DEC26-105000-P
1.987,2.2105,0.0,2.09275703,1780919377101,0.0,59.18,64692.2,BTC-25DEC26,63452.41,2.09875,63469.79,25DEC26,200000,,P,BTC-25DEC26-200000-P
0.0003,0.0006,141.5,0.00042364,1780919377101,0.1,59.48,63650.95,BTC-31JUL26,63452.41,0.00045,63469.79,31JUL26,115000,,C,BTC-31JUL26-115000-C
0.076,0.081,243.7,0.07883769,1780919377101,0.0,42.95,63454.53,BTC-19JUN26,63452.41,0.0785,63469.79,19JUN26,68000,,P,BTC-19JUN26-68000-P
0.1985,0.202,5.8,0.20001183,1780919377101,1.0,45.84,65391.42,BTC-26MAR27,63452.41,0.20025,63469.79,26MAR27,60000,,C,BTC-26MAR27-60000-C
1.5395,1.733,0.0,1.62974632,1780919377101,0.0,55.02,64692.08,BTC-25DEC26,63452.41,1.63625,63469.79,25DEC26,170000,,P,BTC-25DEC26-170000-P
0.086,0.0875,51.4,0.08664596,1780919377101,4.2,43.02,63812.67,BTC-28AUG26,63452.41,0.08675,63469.79,28AUG26,63000,,C,BTC-28AUG26-63000-C
0.0305,0.067,0.0,0.03400426,1780919377101,0.0,55.87,63449.36,index_price,63452.41,0.04875,63469.79,9JUN26,65500,,P,BTC-9JUN26-65500-P
0.012,0.013,177.6,0.0122121,1780919377101,182.9,61.33,63449.36,index_price,63452.41,0.0125,63469.79,9JUN26,63500,,P,BTC-9JUN26-63500-P
0.0038,0.0042,702.0,0.00406863,1780919377101,108.3,73.23,63446.49,BTC-12JUN26,63452.41,0.004,63469.79,12JUN26,58000,,P,BTC-12JUN26-58000-P
0.164,0.1695,412.2,0.16658596,1780919377101,1.1,65.17,63446.37,BTC-12JUN26,63452.41,0.16675,63469.79,12JUN26,74000,,P,BTC-12JUN26-74000-P
0.0835,0.118,0.0,0.08823579,1780919377101,0.0,51.26,63449.36,index_price,63452.41,0.10075,63469.79,11JUN26,69000,,P,BTC-11JUN26-69000-P
0.0845,0.085,1073.8,0.08470478,1780919377101,0.0,43.08,64692.08,BTC-25DEC26,63452.41,0.08475,63469.79,25DEC26,72000,,C,BTC-25DEC26-72000-C
0.024,0.025,2927.5,0.0244555,1780919377101,1082.8,40.32,64020.69,BTC-25SEP26,63452.41,0.0245,63469.79,25SEP26,78000,,C,BTC-25SEP26-78000-C
0.1955,0.2,298.3,0.19806448,1780919377101,0.0,73.15,63446.49,BTC-12JUN26,63452.41,0.19775,63469.79,12JUN26,76000,,P,BTC-12JUN26-76000-P
0.0185,0.019,3681.1,0.01913971,1780919377101,23.5,55.65,64692.08,BTC-25DEC26,63452.41,0.01875,63469.79,25DEC26,40000,,P,BTC-25DEC26-40000-P
0.0002,0.0003,1300.4,0.00025011,1780919377101,41.0,69.6,63446.49,BTC-12JUN26,63452.41,0.00025,63469.79,12JUN26,75000,,C,BTC-12JUN26-75000-C
0.0039,0.0044,982.1,0.00412568,1780919377101,25.6,49.12,64692.08,BTC-25DEC26,63452.41,0.00415,63469.79,25DEC26,135000,,C,BTC-25DEC26-135000-C
0.0042,0.0045,1278.3,0.00428878,1780919377101,3.4,40.31,63650.95,BTC-31JUL26,63452.41,0.00435,63469.79,31JUL26,81000,,C,BTC-31JUL26-81000-C
0.097,0.0985,93.2,0.09796032,1780919377101,0.0,41.79,63812.67,BTC-28AUG26,63452.41,0.09775,63469.79,28AUG26,66000,,P,BTC-28AUG26-66000-P
0.0027,0.003,158.0,0.00269681,1780919377101,133.5,55.86,63449.36,index_price,63452.41,0.00285,63469.79,9JUN26,65000,,C,BTC-9JUN26-65000-C
,0.0001,957.1,8.218e-05,1780919377101,0.0,108.85,63492.21,BTC-26JUN26,63452.41,,63469.79,26JUN26,135000,,C,BTC-26JUN26-135000-C
0.0075,0.0085,842.6,0.00789151,1780919377102,1.8,39.28,63651.07,BTC-31JUL26,63452.41,0.008,63469.79,31JUL26,77000,,C,BTC-31JUL26-77000-C
0.0105,0.0115,77.3,0.0110055,1780919377102,78.4,61.9,63449.36,index_price,63452.41,0.011,63469.79,10JUN26,62500,,P,BTC-10JUN26-62500-P
0.0001,0.0003,580.6,0.0002194,1780919377102,0.1,73.15,63446.49,BTC-12JUN26,63452.41,0.0002,63469.79,12JUN26,76000,,C,BTC-12JUN26-76000-C
0.6105,0.675,0.0,0.62094734,1780919377102,0.0,44.12,64692.08,BTC-25DEC26,63452.41,0.64275,63469.79,25DEC26,104000,,P,BTC-25DEC26-104000-P
0.1685,0.2165,0.0,0.18558944,1780919377102,0.0,64.05,63492.21,BTC-26JUN26,63452.41,0.1925,63469.79,26JUN26,52000,,C,BTC-26JUN26-52000-C
0.1955,0.201,250.5,0.19836167,1780919377102,0.0,50.53,63454.53,BTC-19JUN26,63452.41,0.19825,63469.79,19JUN26,76000,,P,BTC-19JUN26-76000-P
0.0075,0.008,842.1,0.00751794,1780919377102,1050.2,59.21,63449.36,index_price,63452.41,0.00775,63469.79,9JUN26,64000,,C,BTC-9JUN26-64000-C
0.346,0.357,546.0,0.35223934,1780919377102,0.0,42.61,64692.08,BTC-25DEC26,63452.41,0.3515,63469.79,25DEC26,85000,,P,BTC-25DEC26-85000-P
,0.0002,922.7,0.00012928,1780919377102,5.9,93.79,63446.49,BTC-12JUN26,63452.41,,63469.79,12JUN26,82000,,C,BTC-12JUN26-82000-C
0.333,0.3435,47.0,0.33920073,1780919377102,0.0,42.6,64692.08,BTC-25DEC26,63452.41,0.33825,63469.79,25DEC26,84000,,P,BTC-25DEC26-84000-P
0.0225,0.023,8.3,0.02273202,1780919377102,10.5,54.51,63446.49,BTC-12JUN26,63452.41,0.02275,63469.79,12JUN26,63500,,P,BTC-12JUN26-63500-P
0.0025,0.0029,990.1,0.00261545,1780919377102,0.0,42.15,63650.95,BTC-31JUL26,63452.41,0.0027,63469.79,31JUL26,85000,,C,BTC-31JUL26-85000-C
0.3205,0.3305,33.9,0.32567089,1780919377102,0.0,40.71,64020.69,BTC-25SEP26,63452.41,0.3255,63469.79,25SEP26,84000,,P,BTC-25SEP26-84000-P
1.6605,1.869,0.0,1.75699362,1780919377102,0.0,52.79,65391.42,BTC-26MAR27,63452.41,1.76475,63469.79,26MAR27,180000,,P,BTC-26MAR27-180000-P
4.174,4.549,0.0,4.3549868,1780919377102,0.0,125.23,63492.21,BTC-26JUN26,63452.41,4.3615,63469.79,26JUN26,340000,,P,BTC-26JUN26-340000-P
1.511,1.694,0.5,1.59877521,1780919377102,0.0,125.23,63492.21,BTC-26JUN26,63452.41,1.6025,63469.79,26JUN26,165000,,P,BTC-26JUN26-165000-P
0.0175,0.018,639.1,0.01781075,1780919377102,63.9,53.27,63446.49,BTC-12JUN26,63452.41,0.01775,63469.79,12JUN26,64000,,C,BTC-12JUN26-64000-C
0.549,0.6645,0.1,0.60329597,1780919377102,0.0,52.85,63651.07,BTC-31JUL26,63452.41,0.60675,63469.79,31JUL26,102000,,P,BTC-31JUL26-102000-P
0.397,0.503,0.4,0.44678457,1780919377102,0.0,46.34,63650.95,BTC-31JUL26,63452.41,0.45,63469.79,31JUL26,92000,,P,BTC-31JUL26-92000-P
0.0565,0.059,92.5,0.05767971,1780919377102,0.1,51.91,63454.41,BTC-19JUN26,63452.41,0.05775,63469.79,19JUN26,61000,,C,BTC-19JUN26-61000-C
0.0017,0.0021,7.0,0.00198837,1780919377102,6.9,80.95,63449.36,index_price,63452.41,0.0019,63469.79,11JUN26,57000,,P,BTC-11JUN26-57000-P
0.023,0.024,200.7,0.02376392,1780919377102,6.0,50.05,63454.53,BTC-19JUN26,63452.41,0.0235,63469.79,19JUN26,62000,,P,BTC-19JUN26-62000-P
0.0005,0.0009,755.6,0.00065502,1780919377102,26.9,59.32,64020.81,BTC-25SEP26,63452.41,0.0007,63469.79,25SEP26,150000,,C,BTC-25SEP26-150000-C
0.006,0.0065,589.9,0.00630085,1780919377102,247.9,48.91,63446.49,BTC-12JUN26,63452.41,0.00625,63469.79,12JUN26,66000,,C,BTC-12JUN26-66000-C
0.9635,0.9735,74.5,0.9688479,1780919377102,1.0,100.76,63492.21,BTC-26JUN26,63452.41,0.9685,63469.79,26JUN26,125000,,P,BTC-26JUN26-125000-P
1.4905,1.6745,0.0,1.57777487,1780919377102,0.0,62.98,64020.69,BTC-25SEP26,63452.41,1.5825,63469.79,25SEP26,165000,,P,BTC-25SEP26-165000-P
0.126,0.1285,248.3,0.12754305,1780919377102,0.1,44.09,64020.69,BTC-25SEP26,63452.41,0.12725,63469.79,25SEP26,60000,,C,BTC-25SEP26-60000-C
0.7125,0.727,116.4,0.72036477,1780919377102,0.0,47.2,64020.69,BTC-25SEP26,63452.41,0.71975,63469.79,25SEP26,110000,,P,BTC-25SEP26-110000-P
0.0011,0.0014,428.9,0.00123321,1780919377102,24.6,45.46,63454.53,BTC-19JUN26,63452.41,0.00125,63469.79,19JUN26,73000,,C,BTC-19JUN26-73000-C
0.0008,0.0011,23.7,0.00098811,1780919377102,16.8,88.87,63449.36,index_price,63452.41,0.00095,63469.79,11JUN26,55000,,P,BTC-11JUN26-55000-P
0.0006,0.0008,202.1,0.00066572,1780919377102,0.9,50.53,63454.53,BTC-19JUN26,63452.41,0.0007,63469.79,19JUN26,76000,,C,BTC-19JUN26-76000-C
,0.0002,112.6,0.00013782,1780919377102,55.6,73.85,63454.53,BTC-19JUN26,63452.41,,63469.79,19JUN26,90000,,C,BTC-19JUN26-90000-C
4.9645,5.002,0.2,4.98498525,1780919377102,0.0,125.23,63492.21,BTC-26JUN26,63452.41,4.98325,63469.79,26JUN26,380000,,P,BTC-26JUN26-380000-P
0.063,0.0645,50.1,0.06369819,1780919377102,1.3,41.79,63812.67,BTC-28AUG26,63452.41,0.06375,63469.79,28AUG26,66000,,C,BTC-28AUG26-66000-C
0.0045,0.005,1502.8,0.00491906,1780919377102,0.0,48.47,64692.08,BTC-25DEC26,63452.41,0.00475,63469.79,25DEC26,130000,,C,BTC-25DEC26-130000-C
0.0001,0.0003,222.4,0.00020521,1780919377102,26.2,77.73,64020.69,BTC-25SEP26,63452.41,0.0002,63469.79,25SEP26,240000,,C,BTC-25SEP26-240000-C
0.3185,0.326,31.5,0.32262036,1780919377102,0.0,41.63,63651.07,BTC-31JUL26,63452.41,0.32225,63469.79,31JUL26,84000,,P,BTC-31JUL26-84000-P
0.0475,0.0495,114.1,0.04860423,1780919377102,20.1,43.89,65391.42,BTC-26MAR27,63452.41,0.0485,63469.79,26MAR27,92000,,C,BTC-26MAR27-92000-C
0.0033,0.0037,115.5,0.003452,1780919377102,58.7,72.27,63449.36,index_price,63452.41,0.0035,63469.79,9JUN26,61500,,P,BTC-9JUN26-61500-P
0.579,0.697,0.0,0.63467751,1780919377102,0.0,54.35,63651.07,BTC-31JUL26,63452.41,0.638,63469.79,31JUL26,104000,,P,BTC-31JUL26-104000-P
0.103,0.109,97.6,0.1064929,1780919377102,2.3,42.97,63454.53,BTC-19JUN26,63452.41,0.106,63469.79,19JUN26,70000,,P,BTC-19JUN26-70000-P
0.445,0.5895,1.4,0.50912359,1780919377102,0.0,44.06,65391.42,BTC-26MAR27,63452.41,0.51725,63469.79,26MAR27,96000,,P,BTC-26MAR27-96000-P
0.0805,0.082,172.9,0.08139223,1780919377102,0.7,42.58,63812.67,BTC-28AUG26,63452.41,0.08125,63469.79,28AUG26,64000,,P,BTC-28AUG26-64000-P
0.7895,0.8055,91.7,0.79804904,1780919377102,0.0,48.85,64020.69,BTC-25SEP26,63452.41,0.7975,63469.79,25SEP26,115000,,P,BTC-25SEP26-115000-P
0.014,0.0145,497.0,0.01425888,1780919377102,55.6,59.23,63446.49,BTC-12JUN26,63452.41,0.01425,63469.79,12JUN26,62000,,P,BTC-12JUN26-62000-P
0.0745,0.0775,519.3,0.07569889,1780919377102,9.4,49.79,63492.21,BTC-26JUN26,63452.41,0.076,63469.79,26JUN26,60000,,C,BTC-26JUN26-60000-C
0.0325,0.0335,1750.2,0.03316351,1780919377102,5.6,40.49,64020.69,BTC-25SEP26,63452.41,0.033,63469.79,25SEP26,75000,,C,BTC-25SEP26-75000-C
0.594,0.7135,0.1,0.65038382,1780919377102,0.0,55.2,63650.95,BTC-31JUL26,63452.41,0.65375,63469.79,31JUL26,105000,,P,BTC-31JUL26-105000-P
0.303,0.3415,0.0,0.30886715,1780919377102,0.0,40.36,63812.67,BTC-28AUG26,63452.41,0.32225,63469.79,28AUG26,83000,,P,BTC-28AUG26-83000-P
,0.0001,554.4,4.07e-06,1780919377102,0.0,125.23,63492.21,BTC-26JUN26,63452.41,,63469.79,26JUN26,190000,,C,BTC-26JUN26-190000-C
0.154,0.157,292.5,0.15564397,1780919377102,0.4,44.97,65391.42,BTC-26MAR27,63452.41,0.1555,63469.79,26MAR27,65000,,P,BTC-26MAR27-65000-P
0.0465,0.0475,201.6,0.04704649,1780919377102,14.7,41.32,63650.95,BTC-31JUL26,63452.41,0.047,63469.79,31JUL26,66000,,C,BTC-31JUL26-66000-C
0.0008,0.0014,149.8,0.00099377,1780919377102,0.0,60.15,64692.08,BTC-25DEC26,63452.41,0.0011,63469.79,25DEC26,210000,,C,BTC-25DEC26-210000-C
0.0245,0.0255,230.8,0.02520497,1780919377102,0.1,42.86,64692.08,BTC-25DEC26,63452.41,0.025,63469.79,25DEC26,92000,,C,BTC-25DEC26-92000-C
2.622,2.8875,0.0,2.7489892,1780919377102,0.0,77.73,64020.69,BTC-25SEP26,63452.41,2.75475,63469.79,25SEP26,240000,,P,BTC-25SEP26-240000-P
,0.0001,2814.7,0.0001064,1780919377102,68.1,95.63,63492.21,BTC-26JUN26,63452.41,,63469.79,26JUN26,120000,,C,BTC-26JUN26-120000-C
0.052,0.0535,347.3,0.05288719,1780919377102,20.2,43.79,65391.42,BTC-26MAR27,63452.41,0.05275,63469.79,26MAR27,90000,,C,BTC-26MAR27-90000-C
0.023,0.0545,0.0,0.02726368,1780919377102,0.0,55.86,63449.36,index_price,63452.41,0.03875,63469.79,9JUN26,65000,,P,BTC-9JUN26-65000-P
0.483,0.4945,153.2,0.48928072,1780919377102,0.0,42.9,64020.69,BTC-25SEP26,63452.41,0.48875,63469.79,25SEP26,95000,,P,BTC-25SEP26-95000-P
0.0355,0.0365,125.8,0.03612845,1780919377102,1.2,42.65,64692.08,BTC-25DEC26,63452.41,0.036,63469.79,25DEC26,86000,,C,BTC-25DEC26-86000-C
0.0003,0.0004,33.7,0.00034419,1780919377102,31.8,93.35,63449.36,index_price,63452.41,0.00035,63469.79,10JUN26,55000,,P,BTC-10JUN26-55000-P
0.0105,0.0115,1556.0,0.01122792,1780919377102,15.5,54.76,63650.95,BTC-31JUL26,63452.41,0.011,63469.79,31JUL26,50000,,P,BTC-31JUL26-50000-P
1.366,1.5525,0.0,1.45298262,1780919377102,0.0,50.57,65391.54,BTC-26MAR27,63452.41,1.45925,63469.79,26MAR27,160000,,P,BTC-26MAR27-160000-P
0.0745,0.0755,30.5,0.07513281,1780919377102,0.3,42.93,64692.2,BTC-25DEC26,63452.41,0.075,63469.79,25DEC26,74000,,C,BTC-25DEC26-74000-C
0.0015,0.0019,328.0,0.00164461,1780919377102,5.4,44.23,63454.53,BTC-19JUN26,63452.41,0.0017,63469.79,19JUN26,72000,,C,BTC-19JUN26-72000-C
0.0006,0.0009,3610.8,0.00075509,1780919377102,122.0,94.07,63492.21,BTC-26JUN26,63452.41,0.00075,63469.79,26JUN26,40000,,P,BTC-26JUN26-40000-P
0.1585,0.1655,98.0,0.16239344,1780919377102,0.0,39.25,63650.95,BTC-31JUL26,63452.41,0.162,63469.79,31JUL26,73000,,P,BTC-31JUL26-73000-P
0.0055,0.006,14.7,0.00586387,1780919377102,15.3,69.4,63449.36,index_price,63452.41,0.00575,63469.79,11JUN26,60000,,P,BTC-11JUN26-60000-P
0.0525,0.054,611.6,0.0535579,1780919377102,4.9,45.0,64020.69,BTC-25SEP26,63452.41,0.05325,63469.79,25SEP26,58000,,P,BTC-25SEP26-58000-P
0.1455,0.2075,2.3,0.18271861,1780919377102,0.1,48.6,63454.53,BTC-19JUN26,63452.41,0.1765,63469.79,19JUN26,75000,,P,BTC-19JUN26-75000-P
0.0028,0.0031,217.9,0.00298221,1780919377102,46.5,76.78,63446.49,BTC-12JUN26,63452.41,0.00295,63469.79,12JUN26,57000,,P,BTC-12JUN26-57000-P
0.2245,0.2275,10.6,0.22621824,1780919377102,0.1,47.2,64692.2,BTC-25DEC26,63452.41,0.226,63469.79,25DEC26,54000,,C,BTC-25DEC26-54000-C
3.567,3.8955,0.0,3.72498835,1780919377102,0.0,125.23,63492.21,BTC-26JUN26,63452.41,3.73125,63469.79,26JUN26,300000,,P,BTC-26JUN26-300000-P
0.0009,0.0016,938.4,0.00118705,1780919377102,0.2,59.18,64692.2,BTC-25DEC26,63452.41,0.00125,63469.79,25DEC26,200000,,C,BTC-25DEC26-200000-C
0.0002,0.0004,635.9,0.00031509,1780919377102,1.5,61.66,63446.49,BTC-12JUN26,63452.41,0.0003,63469.79,12JUN26,73000,,C,BTC-12JUN26-73000-C
0.0065,0.0075,12.0,0.00700455,1780919377102,4.3,67.4,63449.36,index_price,63452.41,0.007,63469.79,11JUN26,60500,,P,BTC-11JUN26-60500-P
,0.0001,262.5,5.847e-05,1780919377102,81.4,68.59,63449.36,index_price,63452.41,,63469.79,9JUN26,69000,,C,BTC-9JUN26-69000-C
0.006,0.007,221.5,0.00665802,1780919377102,115.8,59.83,63650.95,BTC-31JUL26,63452.41,0.0065,63469.79,31JUL26,46000,,P,BTC-31JUL26-46000-P
0.3515,0.358,29.9,0.3549172,1780919377102,0.0,57.54,63492.33,BTC-26JUN26,63452.41,0.35475,63469.79,26JUN26,86000,,P,BTC-26JUN26-86000-P
0.087,0.0905,46.6,0.08869105,1780919377102,10.0,44.31,63650.95,BTC-31JUL26,63452.41,0.08875,63469.79,31JUL26,61000,,C,BTC-31JUL26-61000-C
,0.0002,251.2,2.316e-05,1780919377102,0.0,79.33,64020.69,BTC-25SEP26,63452.41,,63469.79,25SEP26,320000,,C,BTC-25SEP26-320000-C
0.331,0.3355,48.3,0.3336511,1780919377102,0.0,51.9,64692.08,BTC-25DEC26,63452.41,0.33325,63469.79,25DEC26,45000,,C,BTC-25DEC26-45000-C
,0.0001,174.2,0.0,1780919377102,0.0,125.23,63492.33,BTC-26JUN26,63452.41,,63469.79,26JUN26,360000,,C,BTC-26JUN26-360000-C
0.002,0.0024,1679.1,0.00216263,1780919377102,61.5,42.37,63492.21,BTC-26JUN26,63452.41,0.0022,63469.79,26JUN26,74000,,C,BTC-26JUN26-74000-C
0.1565,0.1595,269.3,0.15861858,1780919377102,0.0,43.63,64692.08,BTC-25DEC26,63452.41,0.158,63469.79,25DEC26,68000,,P,BTC-25DEC26-68000-P
0.002,0.0024,260.7,0.00213975,1780919377102,0.2,43.29,63651.07,BTC-31JUL26,63452.41,0.0022,63469.79,31JUL26,87000,,C,BTC-31JUL26-87000-C
0.4715,0.617,0.2,0.53646208,1780919377102,0.0,44.17,65391.42,BTC-26MAR27,63452.41,0.54425,63469.79,26MAR27,98000,,P,BTC-26MAR27-98000-P
0.777,0.8415,0.6,0.78577369,1780919377102,0.0,45.69,64692.08,BTC-25DEC26,63452.41,0.80925,63469.79,25DEC26,115000,,P,BTC-25DEC26-115000-P
0.5155,0.6315,0.1,0.56905743,1780919377102,0.0,46.45,63812.67,BTC-28AUG26,63452.41,0.5735,63469.79,28AUG26,100000,,P,BTC-28AUG26-100000-P
0.001,0.0013,55.5,0.0012292,1780919377102,52.8,50.94,63449.36,index_price,63452.41,0.00115,63469.79,11JUN26,68000,,C,BTC-11JUN26-68000-C
0.0011,0.0015,815.5,0.00124791,1780919377102,0.1,47.72,63650.95,BTC-31JUL26,63452.41,0.0013,63469.79,31JUL26,94000,,C,BTC-31JUL26-94000-C
0.013,0.014,691.2,0.0135965,1780919377102,3.3,40.71,64020.81,BTC-25SEP26,63452.41,0.0135,63469.79,25SEP26,84000,,C,BTC-25SEP26-84000-C
0.0075,0.008,1066.5,0.0075939,1780919377102,386.6,66.1,63446.49,BTC-12JUN26,63452.41,0.00775,63469.79,12JUN26,60000,,P,BTC-12JUN26-60000-P
0.0465,0.0475,89.7,0.04703954,1780919377102,14.4,44.31,63650.95,BTC-31JUL26,63452.41,0.047,63469.79,31JUL26,61000,,P,BTC-31JUL26-61000-P
0.5695,0.65,0.0,0.59145639,1780919377102,0.0,43.9,64692.08,BTC-25DEC26,63452.41,0.60975,63469.79,25DEC26,102000,,P,BTC-25DEC26-102000-P
,0.0001,119.5,5.9e-05,1780919377102,73.5,111.62,63449.36,index_price,63452.41,,63469.79,9JUN26,55000,,P,BTC-9JUN26-55000-P
0.0003,0.0008,135.0,0.00048588,1780919377102,0.0,62.98,64020.69,BTC-25SEP26,63452.41,0.00055,63469.79,25SEP26,165000,,C,BTC-25SEP26-165000-C
0.0895,0.094,44.2,0.09234811,1780919377102,0.1,42.94,63454.53,BTC-19JUN26,63452.41,0.09175,63469.79,19JUN26,69000,,P,BTC-19JUN26-69000-P
0.4865,0.559,0.0,0.5379668,1780919377102,0.0,45.57,63812.67,BTC-28AUG26,63452.41,0.52275,63469.79,28AUG26,98000,,P,BTC-28AUG26-98000-P
0.0995,0.101,673.9,0.10057503,1780919377102,2.2,42.34,64020.69,BTC-25SEP26,63452.41,0.10025,63469.79,25SEP26,65000,,P,BTC-25SEP26-65000-P
0.119,0.1225,9.8,0.12101815,1780919377102,5.0,46.66,63650.95,BTC-31JUL26,63452.41,0.12075,63469.79,31JUL26,58000,,C,BTC-31JUL26-58000-C
1.512,1.7125,0.1,1.6049556,1780919377102,0.0,51.84,65391.42,BTC-26MAR27,63452.41,1.61225,63469.79,26MAR27,170000,,P,BTC-26MAR27-170000-P
0.0785,0.0795,77.7,0.07907763,1780919377102,1.5,43.63,63651.07,BTC-31JUL26,63452.41,0.079,63469.79,31JUL26,62000,,C,BTC-31JUL26-62000-C
1.4145,1.5935,0.6,1.49969164,1780919377102,0.0,61.43,64020.69,BTC-25SEP26,63452.41,1.504,63469.79,25SEP26,160000,,P,BTC-25SEP26-160000-P
0.2645,0.274,679.1,0.269601,1780919377102,0.0,40.35,64020.69,BTC-25SEP26,63452.41,0.26925,63469.79,25SEP26,80000,,P,BTC-25SEP26-80000-P
0.0046,0.005,54.7,0.00481628,1780919377102,54.8,51.14,63449.36,index_price,63452.41,0.0048,63469.79,11JUN26,66000,,C,BTC-11JUN26-66000-C
0.005,0.0055,556.1,0.0055321,1780919377102,169.1,69.57,63446.49,BTC-12JUN26,63452.41,0.00525,63469.79,12JUN26,59000,,P,BTC-12JUN26-59000-P
0.0115,0.0125,196.9,0.01207996,1780919377102,8.9,55.94,63454.53,BTC-19JUN26,63452.41,0.012,63469.79,19JUN26,59000,,P,BTC-19JUN26-59000-P
0.0005,0.0007,4407.0,0.00057527,1780919377102,0.3,51.78,63492.21,BTC-26JUN26,63452.41,0.0006,63469.79,26JUN26,82000,,C,BTC-26JUN26-82000-C
0.0002,0.0006,739.8,0.00034751,1780919377102,0.0,65.79,64020.69,BTC-25SEP26,63452.41,0.0004,63469.79,25SEP26,180000,,C,BTC-25SEP26-180000-C
0.0002,0.0004,348.5,0.00030199,1780919377102,339.7,90.8,63449.36,index_price,63452.41,0.0003,63469.79,9JUN26,58000,,P,BTC-9JUN26-58000-P
0.3665,0.511,14.0,0.42922402,1780919377102,0.0,43.79,65391.54,BTC-26MAR27,63452.41,0.43875,63469.79,26MAR27,90000,,P,BTC-26MAR27-90000-P
0.0795,0.082,38.0,0.08082333,1780919377102,11.0,47.35,65391.42,BTC-26MAR27,63452.41,0.08075,63469.79,26MAR27,54000,,P,BTC-26MAR27-54000-P
0.414,0.421,1567.3,0.41783271,1780919377103,7.3,63.21,63492.21,BTC-26JUN26,63452.41,0.4175,63469.79,26JUN26,90000,,P,BTC-26JUN26-90000-P
0.0038,0.0043,51.7,0.00402573,1780919377103,2.2,42.29,63812.67,BTC-28AUG26,63452.41,0.00405,63469.79,28AUG26,90000,,C,BTC-28AUG26-90000-C
0.0005,0.0007,114.6,0.00058803,1780919377103,62.6,84.93,63449.36,index_price,63452.41,0.0006,63469.79,9JUN26,59000,,P,BTC-9JUN26-59000-P
0.0048,0.0055,5817.7,0.00500666,1780919377103,9.9,40.07,63651.07,BTC-31JUL26,63452.41,0.00515,63469.79,31JUL26,80000,,C,BTC-31JUL26-80000-C
0.116,0.1185,380.5,0.11756972,1780919377103,0.8,45.84,65391.42,BTC-26MAR27,63452.41,0.11725,63469.79,26MAR27,60000,,P,BTC-26MAR27-60000-P
2.348,2.5905,0.2,2.46499183,1780919377103,0.0,125.23,63492.21,BTC-26JUN26,63452.41,2.46925,63469.79,26JUN26,220000,,P,BTC-26JUN26-220000-P
0.097,0.1005,25.8,0.09891412,1780919377103,17.5,45.05,63650.95,BTC-31JUL26,63452.41,0.09875,63469.79,31JUL26,60000,,C,BTC-31JUL26-60000-C
0.127,0.1285,469.9,0.12764261,1780919377103,2.2,44.13,64692.08,BTC-25DEC26,63452.41,0.12775,63469.79,25DEC26,65000,,C,BTC-25DEC26-65000-C
0.0815,0.1065,0.0,0.10349045,1780919377103,0.0,80.95,63449.36,index_price,63452.41,0.094,63469.79,11JUN26,57000,,C,BTC-11JUN26-57000-C
0.0005,0.0007,142.5,0.00056297,1780919377103,1.0,52.29,63454.53,BTC-19JUN26,63452.41,0.0006,63469.79,19JUN26,77000,,C,BTC-19JUN26-77000-C
0.142,0.147,19.0,0.14500239,1780919377103,0.0,48.39,63650.95,BTC-31JUL26,63452.41,0.1445,63469.79,31JUL26,56000,,C,BTC-31JUL26-56000-C
0.024,0.0265,2.1,0.02542808,1780919377103,2.1,54.77,63449.36,index_price,63452.41,0.02525,63469.79,10JUN26,64500,,P,BTC-10JUN26-64500-P
0.1915,0.231,0.0,0.19431701,1780919377103,0.0,48.94,63812.67,BTC-28AUG26,63452.41,0.21125,63469.79,28AUG26,53000,,C,BTC-28AUG26-53000-C
0.0011,0.0018,989.6,0.00138978,1780919377103,0.4,57.95,64692.08,BTC-25DEC26,63452.41,0.00145,63469.79,25DEC26,190000,,C,BTC-25DEC26-190000-C
0.6355,0.649,104.4,0.64298698,1780919377103,0.0,45.87,64020.81,BTC-25SEP26,63452.41,0.64225,63469.79,25SEP26,105000,,P,BTC-25SEP26-105000-P
0.041,0.042,601.8,0.04155243,1780919377103,7.4,45.05,63650.95,BTC-31JUL26,63452.41,0.0415,63469.79,31JUL26,60000,,P,BTC-31JUL26-60000-P
0.0016,0.0018,80.3,0.00174085,1780919377103,88.4,78.49,63449.36,index_price,63452.41,0.0017,63469.79,10JUN26,58500,,P,BTC-10JUN26-58500-P
2.4355,2.6905,0.0,2.55614713,1780919377103,0.0,62.94,64692.08,BTC-25DEC26,63452.41,2.563,63469.79,25DEC26,230000,,P,BTC-25DEC26-230000-P
0.044,0.045,1812.9,0.04468833,1780919377103,5.6,40.83,64020.69,BTC-25SEP26,63452.41,0.0445,63469.79,25SEP26,72000,,C,BTC-25SEP26-72000-C
0.963,1.11,21.9,1.03169672,1780919377103,0.0,53.88,64020.69,BTC-25SEP26,63452.41,1.0365,63469.79,25SEP26,130000,,P,BTC-25SEP26-130000-P
0.1455,0.149,1475.3,0.147599,1780919377103,0.2,41.15,64020.81,BTC-25SEP26,63452.41,0.14725,63469.79,25SEP26,70000,,P,BTC-25SEP26-70000-P
0.0075,0.0085,1879.6,0.00765047,1780919377103,30.8,49.48,65391.42,BTC-26MAR27,63452.41,0.008,63469.79,26MAR27,150000,,C,BTC-26MAR27-150000-C
0.0285,0.0295,2180.8,0.02925511,1780919377103,326.0,51.9,64692.08,BTC-25DEC26,63452.41,0.029,63469.79,25DEC26,45000,,P,BTC-25DEC26-45000-P
,0.0001,2502.4,0.00013946,1780919377103,11.2,92.12,63492.21,BTC-26JUN26,63452.41,,63469.79,26JUN26,115000,,C,BTC-26JUN26-115000-C
,0.0001,202.8,8.469e-05,1780919377103,7.6,97.38,63446.49,BTC-12JUN26,63452.41,,63469.79,12JUN26,84000,,C,BTC-12JUN26-84000-C
0.0815,0.0855,1842.9,0.08337707,1780919377103,6.1,41.33,63492.21,BTC-26JUN26,63452.41,0.0835,63469.79,26JUN26,68000,,P,BTC-26JUN26-68000-P
0.0245,0.0255,238.8,0.02506014,1780919377103,9.2,48.35,63492.21,BTC-26JUN26,63452.41,0.025,63469.79,26JUN26,61000,,P,BTC-26JUN26-61000-P
0.0215,0.022,36.5,0.02172193,1780919377103,6.5,49.32,63650.95,BTC-31JUL26,63452.41,0.02175,63469.79,31JUL26,55000,,P,BTC-31JUL26-55000-P
,0.0002,207.0,9.953e-05,1780919377103,130.6,104.71,63449.36,index_price,63452.41,,63469.79,9JUN26,56000,,P,BTC-9JUN26-56000-P
3.8715,4.2215,0.0,4.03998758,1780919377103,0.0,125.23,63492.21,BTC-26JUN26,63452.41,4.0465,63469.79,26JUN26,320000,,P,BTC-26JUN26-320000-P
0.0001,0.0004,230.1,0.00020747,1780919377103,0.0,73.33,64020.81,BTC-25SEP26,63452.41,0.00025,63469.79,25SEP26,220000,,C,BTC-25SEP26-220000-C
0.0265,0.028,30.1,0.02747134,1780919377103,2.0,44.68,65391.42,BTC-26MAR27,63452.41,0.02725,63469.79,26MAR27,106000,,C,BTC-26MAR27-106000-C
0.011,0.012,222.4,0.01167017,1780919377103,1.3,39.9,63812.67,BTC-28AUG26,63452.41,0.0115,63469.79,28AUG26,80000,,C,BTC-28AUG26-80000-C
0.0037,0.0042,3059.6,0.00389422,1780919377103,0.0,44.4,64020.69,BTC-25SEP26,63452.41,0.00395,63469.79,25SEP26,100000,,C,BTC-25SEP26-100000-C
0.0305,0.033,51.3,0.03142294,1780919377103,1.1,63.76,63449.36,index_price,63452.41,0.03175,63469.79,10JUN26,62000,,C,BTC-10JUN26-62000-C
0.037,0.0385,72.9,0.0377842,1780919377103,19.8,44.17,65391.42,BTC-26MAR27,63452.41,0.03775,63469.79,26MAR27,98000,,C,BTC-26MAR27-98000-C
0.026,0.027,438.1,0.02658789,1780919377103,150.2,56.14,63446.37,BTC-12JUN26,63452.41,0.0265,63469.79,12JUN26,63000,,C,BTC-12JUN26-63000-C
0.0085,0.009,6.0,0.00867386,1780919377103,6.2,54.77,63449.36,index_price,63452.41,0.00875,63469.79,10JUN26,64500,,C,BTC-10JUN26-64500-C
0.0013,0.0016,272.0,0.00140749,1780919377103,0.0,46.34,63650.95,BTC-31JUL26,63452.41,0.00145,63469.79,31JUL26,92000,,C,BTC-31JUL26-92000-C
0.064,0.0655,3551.3,0.06473904,1780919377103,41.9,44.09,64020.81,BTC-25SEP26,63452.41,0.06475,63469.79,25SEP26,60000,,P,BTC-25SEP26-60000-P
0.1955,0.199,367.5,0.19766997,1780919377103,0.1,43.08,64692.2,BTC-25DEC26,63452.41,0.19725,63469.79,25DEC26,72000,,P,BTC-25DEC26-72000-P
0.2345,0.238,19.2,0.23560984,1780919377103,25.1,46.78,65391.42,BTC-26MAR27,63452.41,0.23625,63469.79,26MAR27,56000,,C,BTC-26MAR27-56000-C
0.0004,0.0006,1062.9,0.00047455,1780919377103,20.0,54.51,63492.21,BTC-26JUN26,63452.41,0.0005,63469.79,26JUN26,84000,,C,BTC-26JUN26-84000-C
0.071,0.076,648.8,0.07370454,1780919377103,2.0,48.69,63446.37,BTC-12JUN26,63452.41,0.0735,63469.79,12JUN26,68000,,P,BTC-12JUN26-68000-P
0.165,0.1705,1451.2,0.16765975,1780919377103,3.3,42.37,63492.21,BTC-26JUN26,63452.41,0.16775,63469.79,26JUN26,74000,,P,BTC-26JUN26-74000-P
0.066,0.0675,45.5,0.06685435,1780919377103,0.4,43.45,63812.67,BTC-28AUG26,63452.41,0.06675,63469.79,28AUG26,62000,,P,BTC-28AUG26-62000-P
0.303,0.3105,28.7,0.30727561,1780919377103,0.0,41.14,63650.95,BTC-31JUL26,63452.41,0.30675,63469.79,31JUL26,83000,,P,BTC-31JUL26-83000-P
4.4785,4.8755,0.3,4.66998602,1780919377103,0.0,125.23,63492.21,BTC-26JUN26,63452.41,4.677,63469.79,26JUN26,360000,,P,BTC-26JUN26-360000-P
,0.0001,1222.2,4.794e-05,1780919377103,0.2,125.23,63492.33,BTC-26JUN26,63452.41,,63469.79,26JUN26,160000,,C,BTC-26JUN26-160000-C
0.0036,0.004,2610.0,0.00376348,1780919377103,182.2,41.35,63492.33,BTC-26JUN26,63452.41,0.0038,63469.79,26JUN26,72000,,C,BTC-26JUN26-72000-C
0.2035,0.2065,39.6,0.20540312,1780919377103,0.0,46.46,64692.08,BTC-25DEC26,63452.41,0.205,63469.79,25DEC26,56000,,C,BTC-25DEC26-56000-C
0.1135,0.1415,0.0,0.13826469,1780919377103,0.0,65.12,63454.53,BTC-19JUN26,63452.41,0.1275,63469.79,19JUN26,55000,,C,BTC-19JUN26-55000-C
0.035,0.036,220.1,0.03547923,1780919377103,52.3,44.45,63492.21,BTC-26JUN26,63452.41,0.0355,63469.79,26JUN26,64000,,C,BTC-26JUN26-64000-C
0.32,0.452,1.7,0.37828668,1780919377103,0.0,43.74,65391.42,BTC-26MAR27,63452.41,0.386,63469.79,26MAR27,86000,,P,BTC-26MAR27-86000-P
0.028,0.0295,980.1,0.02891288,1780919377103,18.4,53.51,65391.42,BTC-26MAR27,63452.41,0.02875,63469.79,26MAR27,40000,,P,BTC-26MAR27-40000-P
,0.0001,813.7,1.7e-07,1780919377103,0.0,125.23,63492.21,BTC-26JUN26,63452.41,,63469.79,26JUN26,230000,,C,BTC-26JUN26-230000-C
0.016,0.0175,299.2,0.01685252,1780919377103,5.3,46.0,65391.42,BTC-26MAR27,63452.41,0.01675,63469.79,26MAR27,120000,,C,BTC-26MAR27-120000-C
0.214,0.2205,249.4,0.21760928,1780919377103,0.0,39.28,63650.95,BTC-31JUL26,63452.41,0.21725,63469.79,31JUL26,77000,,P,BTC-31JUL26-77000-P
2.196,2.427,0.0,2.30749267,1780919377103,0.0,125.23,63492.21,BTC-26JUN26,63452.41,2.3115,63469.79,26JUN26,210000,,P,BTC-26JUN26-210000-P
0.0002,0.0006,763.1,0.00026699,1780919377103,0.0,67.14,64020.81,BTC-25SEP26,63452.41,0.0004,63469.79,25SEP26,190000,,C,BTC-25SEP26-190000-C
1.588,1.7755,1.9,1.67751429,1780919377103,0.0,125.23,63492.21,BTC-26JUN26,63452.41,1.68175,63469.79,26JUN26,170000,,P,BTC-26JUN26-170000-P
0.0905,0.093,64.8,0.0919972,1780919377103,0.0,46.78,65391.42,BTC-26MAR27,63452.41,0.09175,63469.79,26MAR27,56000,,P,BTC-26MAR27-56000-P
0.092,0.0935,83.4,0.09285495,1780919377103,8.9,42.65,64020.69,BTC-25SEP26,63452.41,0.09275,63469.79,25SEP26,64000,,C,BTC-25SEP26-64000-C
0.0275,0.032,0.0,0.03059163,1780919377103,0.0,53.02,63449.36,index_price,63452.41,0.02975,63469.79,10JUN26,65000,,P,BTC-10JUN26-65000-P
0.005,0.006,105.1,0.0055394,1780919377103,34.6,62.54,63812.67,BTC-28AUG26,63452.41,0.0055,63469.79,28AUG26,40000,,P,BTC-28AUG26-40000-P
0.281,0.2865,0.0,0.28396801,1780919377103,0.0,59.83,63650.95,BTC-31JUL26,63452.41,0.28375,63469.79,31JUL26,46000,,C,BTC-31JUL26-46000-C
0.13,0.135,0.2,0.13275246,1780919377103,0.0,47.48,63650.95,BTC-31JUL26,63452.41,0.1325,63469.79,31JUL26,57000,,C,BTC-31JUL26-57000-C
0.0215,0.0225,1.0,0.02190093,1780919377103,1.0,54.51,63446.37,BTC-12JUN26,63452.41,0.022,63469.79,12JUN26,63500,,C,BTC-12JUN26-63500-C
0.428,0.5355,1.3,0.47804623,1780919377103,0.0,47.72,63650.95,BTC-31JUL26,63452.41,0.48175,63469.79,31JUL26,94000,,P,BTC-31JUL26-94000-P
0.0032,0.0035,311.1,0.00335128,1780919377103,206.2,42.97,63454.41,BTC-19JUN26,63452.41,0.00335,63469.79,19JUN26,70000,,C,BTC-19JUN26-70000-C
0.001,0.0013,499.2,0.00106419,1780919377103,24.5,49.3,63446.49,BTC-12JUN26,63452.41,0.00115,63469.79,12JUN26,69000,,C,BTC-12JUN26-69000-C
0.028,0.0285,173.2,0.02827144,1780919377103,10.6,46.92,63454.41,BTC-19JUN26,63452.41,0.02825,63469.79,19JUN26,64000,,C,BTC-19JUN26-64000-C
2.32,2.5625,1.8,2.43659279,1780919377103,0.0,73.33,64020.81,BTC-25SEP26,63452.41,2.44125,63469.79,25SEP26,220000,,P,BTC-25SEP26-220000-P
0.2685,0.2735,59.9,0.27143689,1780919377103,0.2,49.0,64692.08,BTC-25DEC26,63452.41,0.271,63469.79,25DEC26,50000,,C,BTC-25DEC26-50000-C
0.069,0.103,0.0,0.07312149,1780919377103,0.0,50.94,63449.36,index_price,63452.41,0.086,63469.79,11JUN26,68000,,P,BTC-11JUN26-68000-P
0.0535,0.0905,0.0,0.05722528,1780919377103,0.0,50.93,63449.36,index_price,63452.41,0.072,63469.79,10JUN26,67000,,P,BTC-10JUN26-67000-P
0.0001,0.0002,382.9,0.00013165,1780919377103,6.0,81.82,63446.49,BTC-12JUN26,63452.41,0.00015,63469.79,12JUN26,79000,,C,BTC-12JUN26-79000-C
0.0034,0.0037,125.4,0.00353201,1780919377103,73.7,72.33,63449.36,index_price,63452.41,0.00355,63469.79,10JUN26,60000,,P,BTC-10JUN26-60000-P
0.0026,0.003,37.8,0.00283959,1780919377103,37.8,77.04,63449.36,index_price,63452.41,0.0028,63469.79,11JUN26,58000,,P,BTC-11JUN26-58000-P
0.0245,0.025,515.1,0.02479797,1780919377103,5.5,48.39,63650.95,BTC-31JUL26,63452.41,0.02475,63469.79,31JUL26,56000,,P,BTC-31JUL26-56000-P
0.0018,0.0022,382.1,0.00194641,1780919377103,0.6,43.87,63650.95,BTC-31JUL26,63452.41,0.002,63469.79,31JUL26,88000,,C,BTC-31JUL26-88000-C
0.008,0.009,2250.7,0.00839099,1780919377103,9.2,59.5,64020.69,BTC-25SEP26,63452.41,0.0085,63469.79,25SEP26,40000,,P,BTC-25SEP26-40000-P
3.226,3.533,0.0,3.37365641,1780919377103,0.0,79.33,64020.69,BTC-25SEP26,63452.41,3.3795,63469.79,25SEP26,280000,,P,BTC-25SEP26-280000-P
0.2105,0.216,131.2,0.21377897,1780919377103,0.0,75.59,63446.49,BTC-12JUN26,63452.41,0.21325,63469.79,12JUN26,77000,,P,BTC-12JUN26-77000-P
1.2075,1.3695,4.6,1.2838263,1780919377103,0.0,117.95,63492.21,BTC-26JUN26,63452.41,1.2885,63469.79,26JUN26,145000,,P,BTC-26JUN26-145000-P
0.0002,0.0003,82.6,0.00020954,1780919377103,59.5,55.76,63449.36,index_price,63452.41,0.00025,63469.79,9JUN26,67000,,C,BTC-9JUN26-67000-C
0.0465,0.05,58.0,0.04808609,1780919377103,2.0,77.34,63449.36,index_price,63452.41,0.04825,63469.79,9JUN26,60500,,C,BTC-9JUN26-60500-C
0.059,0.0605,182.8,0.05984675,1780919377103,5.1,42.98,63650.95,BTC-31JUL26,63452.41,0.05975,63469.79,31JUL26,63000,,P,BTC-31JUL26-63000-P
0.6705,0.794,1.0,0.72869249,1780919377103,0.0,56.93,63650.95,BTC-31JUL26,63452.41,0.73225,63469.79,31JUL26,110000,,P,BTC-31JUL26-110000-P
0.0007,0.001,290.2,0.00081269,1780919377103,20.3,52.85,63650.95,BTC-31JUL26,63452.41,0.00085,63469.79,31JUL26,102000,,C,BTC-31JUL26-102000-C
0.0009,0.0013,278.4,0.00105569,1780919377103,0.0,48.71,63650.95,BTC-31JUL26,63452.41,0.0011,63469.79,31JUL26,96000,,C,BTC-31JUL26-96000-C
0.28,0.375,0.0,0.32401873,1780919377103,0.0,97.38,63446.49,BTC-12JUN26,63452.41,0.3275,63469.79,12JUN26,84000,,P,BTC-12JUN26-84000-P
0.3205,0.3325,3.9,0.32932582,1780919377103,0.0,43.71,65391.42,BTC-26MAR27,63452.41,0.3265,63469.79,26MAR27,82000,,P,BTC-26MAR27-82000-P
0.1345,0.1355,264.5,0.13498895,1780919377103,0.1,44.33,64692.08,BTC-25DEC26,63452.41,0.135,63469.79,25DEC26,64000,,C,BTC-25DEC26-64000-C
0.432,0.5755,0.6,0.49561184,1780919377103,0.0,44.02,65391.54,BTC-26MAR27,63452.41,0.50375,63469.79,26MAR27,95000,,P,BTC-26MAR27-95000-P
0.0004,0.0007,159.3,0.00052425,1780919377103,1.2,56.93,63651.07,BTC-31JUL26,63452.41,0.00055,63469.79,31JUL26,110000,,C,BTC-31JUL26-110000-C
0.021,0.022,1338.5,0.02133107,1780919377103,0.2,43.13,64692.08,BTC-25DEC26,63452.41,0.0215,63469.79,25DEC26,95000,,C,BTC-25DEC26-95000-C
0.8225,0.9565,0.0,0.8856984,1780919377103,0.0,63.15,63650.95,BTC-31JUL26,63452.41,0.8895,63469.79,31JUL26,120000,,P,BTC-31JUL26-120000-P
0.005,0.006,2274.8,0.00538706,1780919377103,0.0,42.9,64020.69,BTC-25SEP26,63452.41,0.0055,63469.79,25SEP26,95000,,C,BTC-25SEP26-95000-C
0.08,0.0855,4.5,0.08228968,1780919377103,0.0,55.94,63454.53,BTC-19JUN26,63452.41,0.08275,63469.79,19JUN26,59000,,C,BTC-19JUN26-59000-C
0.456,0.4605,15.1,0.45840002,1780919377103,0.0,65.97,64020.69,BTC-25SEP26,63452.41,0.45825,63469.79,25SEP26,35000,,C,BTC-25SEP26-35000-C
,0.0001,556.0,8e-08,1780919377103,0.0,125.23,63492.21,BTC-26JUN26,63452.41,,63469.79,26JUN26,240000,,C,BTC-26JUN26-240000-C
2.5845,2.8505,0.0,2.7106853,1780919377103,0.0,64.39,64692.08,BTC-25DEC26,63452.41,2.7175,63469.79,25DEC26,240000,,P,BTC-25DEC26-240000-P
0.067,0.122,0.0,0.10374835,1780919377103,0.0,53.4,63449.36,index_price,63452.41,0.0945,63469.79,11JUN26,70000,,P,BTC-11JUN26-70000-P
0.196,0.2175,0.0,0.21187752,1780919377103,0.0,146.87,63449.36,index_price,63452.41,0.20675,63469.79,9JUN26,50000,,C,BTC-9JUN26-50000-C
0.3475,0.379,0.0,0.3535565,1780919377103,0.0,41.0,63812.67,BTC-28AUG26,63452.41,0.36325,63469.79,28AUG26,86000,,P,BTC-28AUG26-86000-P
0.026,0.029,244.6,0.0275029,1780919377103,55.7,69.4,63449.36,index_price,63452.41,0.0275,63469.79,9JUN26,62000,,C,BTC-9JUN26-62000-C
0.3295,0.427,23.4,0.36550354,1780919377103,0.0,42.65,64692.08,BTC-25DEC26,63452.41,0.37825,63469.79,25DEC26,86000,,P,BTC-25DEC26-86000-P
0.0235,0.0245,1.5,0.02423555,1780919377103,1.5,55.16,63449.36,index_price,63452.41,0.024,63469.79,11JUN26,64000,,P,BTC-11JUN26-64000-P
0.0125,0.0135,29.7,0.01319954,1780919377103,1.8,39.82,63812.67,BTC-28AUG26,63452.41,0.013,63469.79,28AUG26,79000,,C,BTC-28AUG26-79000-C
0.0001,0.0006,1000.2,0.00025763,1780919377103,0.0,69.66,64020.69,BTC-25SEP26,63452.41,0.00035,63469.79,25SEP26,200000,,C,BTC-25SEP26-200000-C
0.2325,0.271,4.1,0.23727296,1780919377103,0.0,39.79,63812.67,BTC-28AUG26,63452.41,0.25175,63469.79,28AUG26,78000,,P,BTC-28AUG26-78000-P
1.219,1.397,0.5,1.30154518,1780919377103,0.0,49.48,65391.54,BTC-26MAR27,63452.41,1.308,63469.79,26MAR27,150000,,P,BTC-26MAR27-150000-P
0.1185,0.163,0.0,0.1340164,1780919377103,0.0,88.87,63449.36,index_price,63452.41,0.14075,63469.79,11JUN26,55000,,C,BTC-11JUN26-55000-C
0.0135,0.0145,1756.7,0.01394824,1780919377103,15.1,54.06,64020.69,BTC-25SEP26,63452.41,0.014,63469.79,25SEP26,45000,,P,BTC-25SEP26-45000-P
0.023,0.0245,92.0,0.02366111,1780919377103,1.4,45.0,65391.42,BTC-26MAR27,63452.41,0.02375,63469.79,26MAR27,110000,,C,BTC-26MAR27-110000-C
0.0006,0.001,479.6,0.00071043,1780919377103,0.0,57.8,64020.81,BTC-25SEP26,63452.41,0.0008,63469.79,25SEP26,145000,,C,BTC-25SEP26-145000-C
0.0135,0.015,119.7,0.01450745,1780919377103,0.1,46.58,65391.42,BTC-26MAR27,63452.41,0.01425,63469.79,26MAR27,125000,,C,BTC-26MAR27-125000-C
0.0365,0.037,110.5,0.03685684,1780919377103,29.1,48.4,63454.41,BTC-19JUN26,63452.41,0.03675,63469.79,19JUN26,63000,,C,BTC-19JUN26-63000-C
0.1225,0.1585,0.0,0.13334447,1780919377103,0.0,93.35,63449.36,index_price,63452.41,0.1405,63469.79,10JUN26,55000,,C,BTC-10JUN26-55000-C
1.241,1.415,2.1,1.32151462,1780919377104,0.0,51.75,64692.2,BTC-25DEC26,63452.41,1.328,63469.79,25DEC26,150000,,P,BTC-25DEC26-150000-P
0.036,0.039,2.3,0.03755376,1780919377104,3.8,65.95,63449.36,index_price,63452.41,0.0375,63469.79,10JUN26,61500,,C,BTC-10JUN26-61500-C
0.0004,0.0008,828.8,0.00050231,1780919377104,0.0,61.43,64020.69,BTC-25SEP26,63452.41,0.0006,63469.79,25SEP26,160000,,C,BTC-25SEP26-160000-C
0.2885,0.295,206.4,0.29207209,1780919377104,2.1,51.78,63492.21,BTC-26JUN26,63452.41,0.29175,63469.79,26JUN26,82000,,P,BTC-26JUN26-82000-P
,0.0001,82.5,3.296e-05,1780919377104,34.9,74.38,63449.36,index_price,63452.41,,63469.79,9JUN26,70000,,C,BTC-9JUN26-70000-C
0.0175,0.0185,205.7,0.01806324,1780919377104,0.0,43.38,64692.08,BTC-25DEC26,63452.41,0.018,63469.79,25DEC26,98000,,C,BTC-25DEC26-98000-C
0.4125,0.519,0.0,0.46239766,1780919377104,0.0,46.96,63650.95,BTC-31JUL26,63452.41,0.46575,63469.79,31JUL26,93000,,P,BTC-31JUL26-93000-P
0.668,0.7355,0.0,0.68042356,1780919377104,0.0,44.62,64692.2,BTC-25DEC26,63452.41,0.70175,63469.79,25DEC26,108000,,P,BTC-25DEC26-108000-P
0.4685,0.5015,0.0,0.4759786,1780919377104,0.0,43.88,63812.55,BTC-28AUG26,63452.41,0.485,63469.79,28AUG26,94000,,P,BTC-28AUG26-94000-P
0.011,0.012,626.7,0.01133423,1780919377104,9.9,41.02,64020.81,BTC-25SEP26,63452.41,0.0115,63469.79,25SEP26,86000,,C,BTC-25SEP26-86000-C
0.0075,0.0085,2546.7,0.00812095,1780919377104,0.5,45.69,64692.08,BTC-25DEC26,63452.41,0.008,63469.79,25DEC26,115000,,C,BTC-25DEC26-115000-C
0.0665,0.0675,604.1,0.06718807,1780919377104,7.8,42.36,63650.95,BTC-31JUL26,63452.41,0.067,63469.79,31JUL26,64000,,P,BTC-31JUL26-64000-P
0.0325,0.036,70.3,0.03405411,1780919377104,9.5,72.27,63449.36,index_price,63452.41,0.03425,63469.79,9JUN26,61500,,C,BTC-9JUN26-61500-C
0.0012,0.0015,82.6,0.00130996,1780919377104,0.0,46.96,63650.95,BTC-31JUL26,63452.41,0.00135,63469.79,31JUL26,93000,,C,BTC-31JUL26-93000-C
1.0715,1.246,0.0,1.15060274,1780919377104,0.0,48.29,65391.42,BTC-26MAR27,63452.41,1.15875,63469.79,26MAR27,140000,,P,BTC-26MAR27-140000-P
0.2815,0.291,931.0,0.28894562,1780919377104,0.0,42.73,64692.08,BTC-25DEC26,63452.41,0.28625,63469.79,25DEC26,80000,,P,BTC-25DEC26-80000-P
0.043,0.044,164.1,0.04392928,1780919377104,12.8,45.99,64020.69,BTC-25SEP26,63452.41,0.0435,63469.79,25SEP26,56000,,P,BTC-25SEP26-56000-P
0.017,0.018,770.7,0.01753333,1780919377104,157.0,51.46,63812.67,BTC-28AUG26,63452.41,0.0175,63469.79,28AUG26,50000,,P,BTC-28AUG26-50000-P
0.0645,0.0895,0.0,0.08607309,1780919377104,0.0,90.8,63449.36,index_price,63452.41,0.077,63469.79,9JUN26,58000,,C,BTC-9JUN26-58000-C
0.108,0.111,16.3,0.10975024,1780919377104,9.0,45.87,63650.95,BTC-31JUL26,63452.41,0.1095,63469.79,31JUL26,59000,,C,BTC-31JUL26-59000-C
0.1925,0.204,83.4,0.20018281,1780919377104,0.0,44.39,65391.54,BTC-26MAR27,63452.41,0.19825,63469.79,26MAR27,70000,,P,BTC-26MAR27-70000-P
0.001,0.0012,169.1,0.0011693,1780919377104,6.3,87.2,63446.49,BTC-12JUN26,63452.41,0.0011,63469.79,12JUN26,54000,,P,BTC-12JUN26-54000-P
0.0115,0.0125,59.9,0.01193224,1780919377104,45.9,56.16,63449.36,index_price,63452.41,0.012,63469.79,10JUN26,64000,,C,BTC-10JUN26-64000-C
0.318,0.363,15.2,0.35345724,1780919377104,0.0,42.66,63650.95,BTC-31JUL26,63452.41,0.3405,63469.79,31JUL26,86000,,P,BTC-31JUL26-86000-P
0.1675,0.17,5.5,0.16887361,1780919377104,0.6,45.15,65391.42,BTC-26MAR27,63452.41,0.16875,63469.79,26MAR27,64000,,C,BTC-26MAR27-64000-C
0.307,0.316,157.7,0.31358405,1780919377104,0.0,42.6,64692.2,BTC-25DEC26,63452.41,0.3115,63469.79,25DEC26,82000,,P,BTC-25DEC26-82000-P
0.0145,0.0155,112.8,0.01496317,1780919377104,2.2,39.79,63812.67,BTC-28AUG26,63452.41,0.015,63469.79,28AUG26,78000,,C,BTC-28AUG26-78000-C
0.02,0.021,4884.2,0.02069607,1780919377104,270.8,49.79,63492.21,BTC-26JUN26,63452.41,0.0205,63469.79,26JUN26,60000,,P,BTC-26JUN26-60000-P
0.4125,0.424,590.4,0.4194881,1780919377104,0.0,42.72,64692.2,BTC-25DEC26,63452.41,0.41825,63469.79,25DEC26,90000,,P,BTC-25DEC26-90000-P
0.001,0.0013,48.0,0.00114058,1780919377104,0.0,48.18,63650.95,BTC-31JUL26,63452.41,0.00115,63469.79,31JUL26,95000,,C,BTC-31JUL26-95000-C
0.0032,0.0037,22.4,0.00342161,1780919377104,0.0,43.08,63812.67,BTC-28AUG26,63452.41,0.00345,63469.79,28AUG26,92000,,C,BTC-28AUG26-92000-C
0.293,0.3,15.4,0.29700474,1780919377104,1.0,48.74,65391.42,BTC-26MAR27,63452.41,0.2965,63469.79,26MAR27,50000,,C,BTC-26MAR27-50000-C
0.1885,0.276,0.0,0.22971009,1780919377104,0.0,54.25,63454.53,BTC-19JUN26,63452.41,0.23225,63469.79,19JUN26,78000,,P,BTC-19JUN26-78000-P
0.2285,0.235,458.5,0.23215082,1780919377104,0.0,39.46,63650.95,BTC-31JUL26,63452.41,0.23175,63469.79,31JUL26,78000,,P,BTC-31JUL26-78000-P
0.2465,0.2715,0.0,0.25117997,1780919377104,0.0,39.82,63812.67,BTC-28AUG26,63452.41,0.259,63469.79,28AUG26,79000,,P,BTC-28AUG26-79000-P
1.6885,1.8915,0.0,1.78400044,1780919377104,0.0,56.4,64692.2,BTC-25DEC26,63452.41,1.79,63469.79,25DEC26,180000,,P,BTC-25DEC26-180000-P
0.342,0.4025,0.0,0.3839632,1780919377104,0.0,41.81,63812.67,BTC-28AUG26,63452.41,0.37225,63469.79,28AUG26,88000,,P,BTC-28AUG26-88000-P
,0.0001,1180.5,9.18e-06,1780919377104,0.0,125.23,63492.21,BTC-26JUN26,63452.41,,63469.79,26JUN26,180000,,C,BTC-26JUN26-180000-C
0.4925,0.5,973.4,0.49648967,1780919377104,4.3,69.15,63492.21,BTC-26JUN26,63452.41,0.49625,63469.79,26JUN26,95000,,P,BTC-26JUN26-95000-P
0.488,0.6,0.1,0.54059266,1780919377104,0.0,50.05,63650.95,BTC-31JUL26,63452.41,0.544,63469.79,31JUL26,98000,,P,BTC-31JUL26-98000-P
0.5,0.534,0.0,0.50693691,1780919377104,0.0,44.72,63812.67,BTC-28AUG26,63452.41,0.517,63469.79,28AUG26,96000,,P,BTC-28AUG26-96000-P
0.0055,0.0065,131.2,0.00588161,1780919377104,1.1,41.0,63812.67,BTC-28AUG26,63452.41,0.006,63469.79,28AUG26,86000,,C,BTC-28AUG26-86000-C
0.0115,0.0125,2223.1,0.01212195,1780919377104,50.9,59.91,64692.08,BTC-25DEC26,63452.41,0.012,63469.79,25DEC26,35000,,P,BTC-25DEC26-35000-P
0.1855,0.1925,212.5,0.1894257,1780919377104,0.2,39.25,63650.95,BTC-31JUL26,63452.41,0.189,63469.79,31JUL26,75000,,P,BTC-31JUL26-75000-P
0.064,0.0685,92.2,0.06635993,1780919377104,0.0,43.42,63454.53,BTC-19JUN26,63452.41,0.06625,63469.79,19JUN26,67000,,P,BTC-19JUN26-67000-P
0.219,0.309,6.0,0.26102165,1780919377104,0.0,85.97,63446.49,BTC-12JUN26,63452.41,0.264,63469.79,12JUN26,80000,,P,BTC-12JUN26-80000-P
1.264,1.4325,0.7,1.34364501,1780919377104,0.0,59.32,64020.69,BTC-25SEP26,63452.41,1.34825,63469.79,25SEP26,150000,,P,BTC-25SEP26-150000-P
0.143,0.148,16.0,0.14606853,1780919377104,5.0,46.19,63812.67,BTC-28AUG26,63452.41,0.1455,63469.79,28AUG26,57000,,C,BTC-28AUG26-57000-C
0.0012,0.0014,19.2,0.00137093,1780919377104,14.6,80.51,63449.36,index_price,63452.41,0.0013,63469.79,10JUN26,58000,,P,BTC-10JUN26-58000-P
0.0605,0.0625,2010.1,0.06163631,1780919377104,13.0,48.74,65391.42,BTC-26MAR27,63452.41,0.0615,63469.79,26MAR27,50000,,P,BTC-26MAR27-50000-P
0.0035,0.0044,879.2,0.00380987,1780919377104,199.4,54.05,65391.42,BTC-26MAR27,63452.41,0.00395,63469.79,26MAR27,190000,,C,BTC-26MAR27-190000-C
0.0075,0.008,3397.5,0.00797748,1780919377104,191.0,58.26,63492.21,BTC-26JUN26,63452.41,0.00775,63469.79,26JUN26,55000,,P,BTC-26JUN26-55000-P
0.1995,0.2065,457.1,0.20339142,1780919377104,0.0,39.26,63651.07,BTC-31JUL26,63452.41,0.203,63469.79,31JUL26,76000,,P,BTC-31JUL26-76000-P
0.0095,0.0105,2580.0,0.01004573,1780919377104,16.0,44.93,64692.08,BTC-25DEC26,63452.41,0.01,63469.79,25DEC26,110000,,C,BTC-25DEC26-110000-C
0.0135,0.0145,85.7,0.01390243,1780919377104,0.8,53.37,63812.67,BTC-28AUG26,63452.41,0.014,63469.79,28AUG26,48000,,P,BTC-28AUG26-48000-P
0.0006,0.0009,407.2,0.00077299,1780919377104,52.1,54.35,63650.95,BTC-31JUL26,63452.41,0.00075,63469.79,31JUL26,104000,,C,BTC-31JUL26-104000-C
0.295,0.3905,0.0,0.33975455,1780919377104,0.0,66.49,63454.53,BTC-19JUN26,63452.41,0.34275,63469.79,19JUN26,85000,,P,BTC-19JUN26-85000-P
0.378,0.4215,4.8,0.38401287,1780919377104,0.0,41.33,64020.81,BTC-25SEP26,63452.41,0.39975,63469.79,25SEP26,88000,,P,BTC-25SEP26-88000-P
2.6525,2.917,0.1,2.77999076,1780919377104,0.0,125.23,63492.21,BTC-26JUN26,63452.41,2.78475,63469.79,26JUN26,240000,,P,BTC-26JUN26-240000-P
0.0011,0.0013,421.4,0.0012021,1780919377104,316.1,79.78,63449.36,index_price,63452.41,0.0012,63469.79,9JUN26,60000,,P,BTC-9JUN26-60000-P
0.068,0.0725,14.1,0.06960555,1780919377104,0.0,53.89,63454.53,BTC-19JUN26,63452.41,0.07025,63469.79,19JUN26,60000,,C,BTC-19JUN26-60000-C
0.252,0.2635,19.4,0.26117292,1780919377104,0.0,43.92,65391.42,BTC-26MAR27,63452.41,0.25775,63469.79,26MAR27,76000,,P,BTC-26MAR27-76000-P
0.0295,0.0305,801.6,0.02996112,1780919377104,15.8,40.41,64020.81,BTC-25SEP26,63452.41,0.03,63469.79,25SEP26,76000,,C,BTC-25SEP26-76000-C
0.002,0.0023,90.5,0.00221486,1780919377104,92.0,76.52,63449.36,index_price,63452.41,0.00215,63469.79,10JUN26,59000,,P,BTC-10JUN26-59000-P
0.0155,0.0175,600.2,0.01632224,1780919377104,650.2,59.21,63449.36,index_price,63452.41,0.0165,63469.79,9JUN26,64000,,P,BTC-9JUN26-64000-P
0.219,0.309,1.0,0.26115678,1780919377104,0.0,58.64,63454.53,BTC-19JUN26,63452.41,0.264,63469.79,19JUN26,80000,,P,BTC-19JUN26-80000-P
0.012,0.0125,2558.1,0.01237999,1780919377104,93.7,41.33,63492.21,BTC-26JUN26,63452.41,0.01225,63469.79,26JUN26,68000,,C,BTC-26JUN26-68000-C
0.0021,0.0023,1630.8,0.00217211,1780919377104,1.8,47.2,64020.69,BTC-25SEP26,63452.41,0.0022,63469.79,25SEP26,110000,,C,BTC-25SEP26-110000-C
0.0455,0.0465,234.2,0.04604036,1780919377104,19.3,42.6,64692.2,BTC-25DEC26,63452.41,0.046,63469.79,25DEC26,82000,,C,BTC-25DEC26-82000-C
0.0001,0.0002,2069.8,0.00015733,1780919377104,5.1,80.43,63492.33,BTC-26JUN26,63452.41,0.00015,63469.79,26JUN26,105000,,C,BTC-26JUN26-105000-C
,0.0001,70.6,8.489e-05,1780919377104,57.7,60.57,63449.36,index_price,63452.41,,63469.79,9JUN26,68000,,C,BTC-9JUN26-68000-C
0.0065,0.007,23.8,0.00664027,1780919377104,25.9,66.87,63449.36,index_price,63452.41,0.00675,63469.79,9JUN26,62500,,P,BTC-9JUN26-62500-P
0.1335,0.1385,602.2,0.13630393,1780919377104,0.1,44.23,63454.53,BTC-19JUN26,63452.41,0.136,63469.79,19JUN26,72000,,P,BTC-19JUN26-72000-P
0.039,0.04,2676.4,0.03971223,1780919377104,22.9,46.54,64020.69,BTC-25SEP26,63452.41,0.0395,63469.79,25SEP26,55000,,P,BTC-25SEP26-55000-P
0.0515,0.052,2753.5,0.05175742,1780919377104,11.2,43.42,63492.21,BTC-26JUN26,63452.41,0.05175,63469.79,26JUN26,65000,,P,BTC-26JUN26-65000-P
1.0055,1.0225,52.1,1.01443955,1780919377104,0.0,48.47,64692.08,BTC-25DEC26,63452.41,1.014,63469.79,25DEC26,130000,,P,BTC-25DEC26-130000-P
0.0115,0.0125,181.5,0.01211227,1780919377104,3.0,44.39,64692.2,BTC-25DEC26,63452.41,0.012,63469.79,25DEC26,106000,,C,BTC-25DEC26-106000-C
0.543,0.5455,248.0,0.54380577,1780919377104,0.0,65.09,64692.08,BTC-25DEC26,63452.41,0.54425,63469.79,25DEC26,30000,,C,BTC-25DEC26-30000-C
0.0013,0.002,923.3,0.00158745,1780919377104,5.4,56.4,64692.08,BTC-25DEC26,63452.41,0.00165,63469.79,25DEC26,180000,,C,BTC-25DEC26-180000-C
0.0865,0.091,174.4,0.08858143,1780919377104,0.1,49.3,63446.49,BTC-12JUN26,63452.41,0.08875,63469.79,12JUN26,69000,,P,BTC-12JUN26-69000-P
0.0995,0.1045,407.6,0.10323905,1780919377104,0.9,40.38,63650.95,BTC-31JUL26,63452.41,0.102,63469.79,31JUL26,68000,,P,BTC-31JUL26-68000-P
0.188,0.195,113.5,0.19255302,1780919377104,0.9,40.59,64020.81,BTC-25SEP26,63452.41,0.1915,63469.79,25SEP26,74000,,P,BTC-25SEP26-74000-P
0.639,0.706,0.1,0.65064436,1780919377104,0.0,44.39,64692.2,BTC-25DEC26,63452.41,0.6725,63469.79,25DEC26,106000,,P,BTC-25DEC26-106000-P
0.318,0.3535,0.0,0.32363556,1780919377104,0.0,40.53,63812.67,BTC-28AUG26,63452.41,0.33575,63469.79,28AUG26,84000,,P,BTC-28AUG26-84000-P
0.3455,0.478,0.2,0.40353739,1780919377104,0.0,43.77,65391.54,BTC-26MAR27,63452.41,0.41175,63469.79,26MAR27,88000,,P,BTC-26MAR27-88000-P
2.5005,2.7535,6.4,2.62249124,1780919377104,0.0,125.23,63492.21,BTC-26JUN26,63452.41,2.627,63469.79,26JUN26,230000,,P,BTC-26JUN26-230000-P
1.2835,1.45,2.3,1.36257584,1780919377104,0.0,122.22,63492.21,BTC-26JUN26,63452.41,1.36675,63469.79,26JUN26,150000,,P,BTC-26JUN26-150000-P
0.0001,0.0002,1334.2,0.00014156,1780919377104,55.2,86.11,63492.33,BTC-26JUN26,63452.41,0.00015,63469.79,26JUN26,110000,,C,BTC-26JUN26-110000-C
0.053,0.054,112.7,0.05366539,1780919377104,22.5,46.88,63492.21,BTC-26JUN26,63452.41,0.0535,63469.79,26JUN26,62000,,C,BTC-26JUN26-62000-C
0.0016,0.002,133.0,0.0017789,1780919377104,0.4,44.46,63651.07,BTC-31JUL26,63452.41,0.0018,63469.79,31JUL26,89000,,C,BTC-31JUL26-89000-C
,0.0001,649.5,8.193e-05,1780919377104,23.4,117.95,63492.21,BTC-26JUN26,63452.41,,63469.79,26JUN26,145000,,C,BTC-26JUN26-145000-C
,0.0001,198.4,2e-08,1780919377104,0.0,125.23,63492.21,BTC-26JUN26,63452.41,,63469.79,26JUN26,260000,,C,BTC-26JUN26-260000-C
0.028,0.0285,156.5,0.02825865,1780919377104,5.1,47.48,63650.95,BTC-31JUL26,63452.41,0.02825,63469.79,31JUL26,57000,,P,BTC-31JUL26-57000-P
0.1085,0.1095,649.9,0.10894259,1780919377104,0.1,44.73,64692.08,BTC-25DEC26,63452.41,0.109,63469.79,25DEC26,62000,,P,BTC-25DEC26-62000-P
0.0435,0.0445,145.8,0.0440389,1780919377104,22.7,45.6,63492.21,BTC-26JUN26,63452.41,0.044,63469.79,26JUN26,63000,,C,BTC-26JUN26-63000-C
0.3085,0.3135,153.4,0.31105124,1780919377104,0.0,54.06,64020.69,BTC-25SEP26,63452.41,0.311,63469.79,25SEP26,45000,,C,BTC-25SEP26-45000-C
0.1685,0.226,0.0,0.19759886,1780919377104,0.0,52.38,63650.95,BTC-31JUL26,63452.41,0.19725,63469.79,31JUL26,52000,,C,BTC-31JUL26-52000-C
0.2945,0.391,21.5,0.33978004,1780919377104,0.0,101.05,63446.49,BTC-12JUN26,63452.41,0.34275,63469.79,12JUN26,85000,,P,BTC-12JUN26-85000-P
0.0008,0.0009,177.5,0.00086404,1780919377104,57.2,90.78,63446.49,BTC-12JUN26,63452.41,0.00085,63469.79,12JUN26,53000,,P,BTC-12JUN26-53000-P
0.0029,0.0037,460.4,0.00321357,1780919377104,87.2,54.85,65391.42,BTC-26MAR27,63452.41,0.0033,63469.79,26MAR27,200000,,C,BTC-26MAR27-200000-C
0.0001,0.0003,125.7,0.00019651,1780919377104,114.0,99.56,63449.36,index_price,63452.41,0.0002,63469.79,9JUN26,57000,,P,BTC-9JUN26-57000-P
,0.0002,4609.0,7.838e-05,1780919377104,48.1,173.63,63492.21,BTC-26JUN26,63452.41,,63469.79,26JUN26,20000,,P,BTC-26JUN26-20000-P
1.1475,1.223,0.2,1.16770394,1780919377104,0.0,50.0,64692.08,BTC-25DEC26,63452.41,1.18525,63469.79,25DEC26,140000,,P,BTC-25DEC26-140000-P
0.3965,0.473,1.0,0.44512033,1780919377104,0.0,43.08,63812.67,BTC-28AUG26,63452.41,0.43475,63469.79,28AUG26,92000,,P,BTC-28AUG26-92000-P
0.526,0.6765,0.0,0.59195189,1780919377104,0.0,44.4,65391.42,BTC-26MAR27,63452.41,0.60125,63469.79,26MAR27,102000,,P,BTC-26MAR27-102000-P
0.528,0.567,0.1,0.53518149,1780919377104,0.0,43.82,64020.69,BTC-25SEP26,63452.41,0.5475,63469.79,25SEP26,98000,,P,BTC-25SEP26-98000-P
0.3815,0.3855,31.4,0.38359366,1780919377104,0.0,59.5,64020.69,BTC-25SEP26,63452.41,0.3835,63469.79,25SEP26,40000,,C,BTC-25SEP26-40000-C
0.0105,0.0115,563.6,0.01098419,1780919377104,290.8,50.68,63446.49,BTC-12JUN26,63452.41,0.011,63469.79,12JUN26,65000,,C,BTC-12JUN26-65000-C
0.0005,0.0009,321.9,0.00060325,1780919377104,0.0,60.73,64020.81,BTC-25SEP26,63452.41,0.0007,63469.79,25SEP26,155000,,C,BTC-25SEP26-155000-C
0.0031,0.0033,759.8,0.00328898,1780919377104,142.7,70.03,63454.53,BTC-19JUN26,63452.41,0.0032,63469.79,19JUN26,53000,,P,BTC-19JUN26-53000-P
0.1265,0.128,600.9,0.12751081,1780919377104,2.9,41.57,64020.69,BTC-25SEP26,63452.41,0.12725,63469.79,25SEP26,68000,,P,BTC-25SEP26-68000-P
0.042,0.0435,114.5,0.04281185,1780919377104,18.4,44.02,65391.54,BTC-26MAR27,63452.41,0.04275,63469.79,26MAR27,95000,,C,BTC-26MAR27-95000-C
0.095,0.096,1027.3,0.09546854,1780919377104,0.1,43.31,64692.08,BTC-25DEC26,63452.41,0.0955,63469.79,25DEC26,70000,,C,BTC-25DEC26-70000-C
0.007,0.008,1639.4,0.00754157,1780919377104,22.1,65.09,64692.2,BTC-25DEC26,63452.41,0.0075,63469.79,25DEC26,30000,,P,BTC-25DEC26-30000-P
1.7165,1.9165,7.3,1.8119355,1780919377104,0.0,65.79,64020.69,BTC-25SEP26,63452.41,1.8165,63469.79,25SEP26,180000,,P,BTC-25SEP26-180000-P
0.1715,0.1785,138.6,0.17575293,1780919377104,4.0,39.25,63651.07,BTC-31JUL26,63452.41,0.175,63469.79,31JUL26,74000,,P,BTC-31JUL26-74000-P
0.3315,0.357,21.8,0.33801819,1780919377104,0.0,42.15,63650.95,BTC-31JUL26,63452.41,0.34425,63469.79,31JUL26,85000,,P,BTC-31JUL26-85000-P
0.015,0.016,22.7,0.0153932,1780919377104,27.2,55.16,63449.36,index_price,63452.41,0.0155,63469.79,11JUN26,64000,,C,BTC-11JUN26-64000-C
0.149,0.154,116.6,0.15165169,1780919377104,6.2,45.46,63454.53,BTC-19JUN26,63452.41,0.1515,63469.79,19JUN26,73000,,P,BTC-19JUN26-73000-P
0.0025,0.0028,133.2,0.00255673,1780919377104,56.9,50.94,63449.36,index_price,63452.41,0.00265,63469.79,10JUN26,66000,,C,BTC-10JUN26-66000-C
,0.0001,308.5,0.0,1780919377104,0.0,125.23,63492.21,BTC-26JUN26,63452.41,,63469.79,26JUN26,300000,,C,BTC-26JUN26-300000-C
0.0415,0.0485,0.0,0.04518232,1780919377104,0.0,51.14,63449.36,index_price,63452.41,0.045,63469.79,11JUN26,66000,,P,BTC-11JUN26-66000-P
0.012,0.013,828.4,0.01278349,1780919377104,0.5,44.32,64692.08,BTC-25DEC26,63452.41,0.0125,63469.79,25DEC26,105000,,C,BTC-25DEC26-105000-C
0.0038,0.0042,47.7,0.00407003,1780919377104,61.8,73.16,63449.36,index_price,63452.41,0.004,63469.79,11JUN26,59000,,P,BTC-11JUN26-59000-P
0.243,0.25,173.2,0.24687915,1780919377104,6.5,39.67,63650.95,BTC-31JUL26,63452.41,0.2465,63469.79,31JUL26,79000,,P,BTC-31JUL26-79000-P
1.1895,1.3505,0.2,1.26560075,1780919377104,0.0,57.8,64020.81,BTC-25SEP26,63452.41,1.27,63469.79,25SEP26,145000,,P,BTC-25SEP26-145000-P
0.019,0.02,393.1,0.01953841,1780919377104,85.1,56.14,63446.49,BTC-12JUN26,63452.41,0.0195,63469.79,12JUN26,63000,,P,BTC-12JUN26-63000-P
0.2265,0.232,83.6,0.22949886,1780919377104,0.2,77.6,63446.49,BTC-12JUN26,63452.41,0.22925,63469.79,12JUN26,78000,,P,BTC-12JUN26-78000-P
0.0375,0.073,0.0,0.04117537,1780919377104,0.0,55.84,63449.36,index_price,63452.41,0.05525,63469.79,9JUN26,66000,,P,BTC-9JUN26-66000-P
,0.0001,85.3,1.296e-05,1780919377104,74.8,120.03,63449.36,index_price,63452.41,,63469.79,9JUN26,53000,,P,BTC-9JUN26-53000-P
0.4545,0.533,5.2,0.47554895,1780919377104,0.0,43.02,64692.08,BTC-25DEC26,63452.41,0.49375,63469.79,25DEC26,94000,,P,BTC-25DEC26-94000-P
0.083,0.084,320.1,0.08394923,1780919377104,4.2,41.32,63650.95,BTC-31JUL26,63452.41,0.0835,63469.79,31JUL26,66000,,P,BTC-31JUL26-66000-P
0.052,0.079,0.0,0.05630155,1780919377104,0.0,55.76,63449.36,index_price,63452.41,0.0655,63469.79,9JUN26,67000,,P,BTC-9JUN26-67000-P
0.021,0.022,135.2,0.02173395,1780919377104,6.2,39.77,63812.67,BTC-28AUG26,63452.41,0.0215,63469.79,28AUG26,75000,,C,BTC-28AUG26-75000-C
0.022,0.023,100.1,0.02251106,1780919377104,0.4,43.02,64692.08,BTC-25DEC26,63452.41,0.0225,63469.79,25DEC26,94000,,C,BTC-25DEC26-94000-C
0.031,0.032,297.5,0.03154723,1780919377104,8.1,40.06,63812.67,BTC-28AUG26,63452.41,0.0315,63469.79,28AUG26,72000,,C,BTC-28AUG26-72000-C
0.168,0.1705,13.4,0.16921301,1780919377104,0.1,45.99,64020.69,BTC-25SEP26,63452.41,0.16925,63469.79,25SEP26,56000,,C,BTC-25SEP26-56000-C
0.1085,0.11,554.6,0.10926924,1780919377104,19.6,43.31,64020.81,BTC-25SEP26,63452.41,0.10925,63469.79,25SEP26,62000,,C,BTC-25SEP26-62000-C
0.0315,0.0325,437.5,0.03223414,1780919377104,7.0,46.66,63650.95,BTC-31JUL26,63452.41,0.032,63469.79,31JUL26,58000,,P,BTC-31JUL26-58000-P
0.04,0.041,153.4,0.04066615,1780919377104,50.3,40.84,63650.95,BTC-31JUL26,63452.41,0.0405,63469.79,31JUL26,67000,,C,BTC-31JUL26-67000-C
0.0535,0.055,1542.0,0.05420367,1780919377104,44.2,41.15,64020.69,BTC-25SEP26,63452.41,0.05425,63469.79,25SEP26,70000,,C,BTC-25SEP26-70000-C
0.0575,0.099,0.0,0.08784501,1780919377104,0.0,52.16,63449.36,index_price,63452.41,0.07825,63469.79,10JUN26,69000,,P,BTC-10JUN26-69000-P
2.924,3.2085,0.0,3.06132169,1780919377104,0.0,79.33,64020.69,BTC-25SEP26,63452.41,3.06625,63469.79,25SEP26,260000,,P,BTC-25SEP26-260000-P
,0.0001,176.0,3.162e-05,1780919377104,0.0,125.23,63492.21,BTC-26JUN26,63452.41,,63469.79,26JUN26,165000,,C,BTC-26JUN26-165000-C
0.219,0.2555,3.7,0.22361693,1780919377104,0.2,39.78,63812.67,BTC-28AUG26,63452.41,0.23725,63469.79,28AUG26,77000,,P,BTC-28AUG26-77000-P
0.0145,0.0155,858.3,0.01515498,1780919377104,185.7,53.89,63454.53,BTC-19JUN26,63452.41,0.015,63469.79,19JUN26,60000,,P,BTC-19JUN26-60000-P
0.058,0.063,1317.0,0.06121058,1780919377104,0.4,42.56,63492.21,BTC-26JUN26,63452.41,0.0605,63469.79,26JUN26,66000,,P,BTC-26JUN26-66000-P
0.065,0.0665,0.8,0.06593227,1780919377104,0.0,43.72,65391.42,BTC-26MAR27,63452.41,0.06575,63469.79,26MAR27,85000,,C,BTC-26MAR27-85000-C
0.1545,0.191,0.0,0.1576378,1780919377104,0.0,49.32,63650.95,BTC-31JUL26,63452.41,0.17275,63469.79,31JUL26,55000,,C,BTC-31JUL26-55000-C
0.7025,0.7165,54.1,0.71040922,1780919377104,0.0,44.93,64692.2,BTC-25DEC26,63452.41,0.7095,63469.79,25DEC26,110000,,P,BTC-25DEC26-110000-P
0.106,0.1075,7.9,0.10703262,1780919377104,1.4,41.43,63812.67,BTC-28AUG26,63452.41,0.10675,63469.79,28AUG26,67000,,P,BTC-28AUG26-67000-P
0.0695,0.0715,22.6,0.07070587,1780919377104,12.0,48.0,65391.42,BTC-26MAR27,63452.41,0.0705,63469.79,26MAR27,52000,,P,BTC-26MAR27-52000-P
0.9235,0.992,8.4,0.93774528,1780919377104,0.0,47.22,64692.08,BTC-25DEC26,63452.41,0.95775,63469.79,25DEC26,125000,,P,BTC-25DEC26-125000-P
0.5175,0.6315,0.0,0.571916,1780919377104,0.0,51.29,63651.07,BTC-31JUL26,63452.41,0.5745,63469.79,31JUL26,100000,,P,BTC-31JUL26-100000-P
0.61,0.7295,0.0,0.66599978,1780919377104,0.0,55.2,63651.07,BTC-31JUL26,63452.41,0.66975,63469.79,31JUL26,106000,,P,BTC-31JUL26-106000-P
0.6385,0.792,1.2,0.70585056,1780919377104,0.0,45.0,65391.42,BTC-26MAR27,63452.41,0.71525,63469.79,26MAR27,110000,,P,BTC-26MAR27-110000-P
0.0185,0.0195,326.1,0.01906984,1780919377104,27.3,50.36,63650.95,BTC-31JUL26,63452.41,0.019,63469.79,31JUL26,54000,,P,BTC-31JUL26-54000-P
0.008,0.0085,20.5,0.00836739,1780919377104,26.2,65.41,63449.36,index_price,63452.41,0.00825,63469.79,11JUN26,61000,,P,BTC-11JUN26-61000-P
0.274,0.278,0.0,0.27548903,1780919377104,0.0,48.0,65391.42,BTC-26MAR27,63452.41,0.276,63469.79,26MAR27,52000,,C,BTC-26MAR27-52000-C
0.4075,0.4185,596.7,0.41377039,1780919377104,1.1,41.73,64020.69,BTC-25SEP26,63452.41,0.413,63469.79,25SEP26,90000,,P,BTC-25SEP26-90000-P
3.8295,4.18,0.1,3.99840181,1780919377104,0.0,79.33,64020.69,BTC-25SEP26,63452.41,4.00475,63469.79,25SEP26,320000,,P,BTC-25SEP26-320000-P
0.1405,0.1425,15.8,0.14161553,1780919377105,0.6,44.56,65391.42,BTC-26MAR27,63452.41,0.1415,63469.79,26MAR27,68000,,C,BTC-26MAR27-68000-C
0.2725,0.28,110.8,0.27684903,1780919377105,0.0,40.31,63650.95,BTC-31JUL26,63452.41,0.27625,63469.79,31JUL26,81000,,P,BTC-31JUL26-81000-P
0.1315,0.156,10.9,0.15304241,1780919377105,0.0,67.47,63454.53,BTC-19JUN26,63452.41,0.14375,63469.79,19JUN26,54000,,C,BTC-19JUN26-54000-C
0.378,0.405,2.0,0.38448101,1780919377105,0.0,43.87,63650.95,BTC-31JUL26,63452.41,0.3915,63469.79,31JUL26,88000,,P,BTC-31JUL26-88000-P
0.0055,0.0065,163.1,0.00585858,1780919377105,0.1,42.73,64020.69,BTC-25SEP26,63452.41,0.006,63469.79,25SEP26,94000,,C,BTC-25SEP26-94000-C
0.0315,0.0615,0.0,0.05771414,1780919377105,0.0,72.33,63449.36,index_price,63452.41,0.0465,63469.79,10JUN26,60000,,C,BTC-10JUN26-60000-C
0.0395,0.0425,168.0,0.04093382,1780919377105,0.0,74.84,63449.36,index_price,63452.41,0.041,63469.79,9JUN26,61000,,C,BTC-9JUN26-61000-C
0.0023,0.0026,164.9,0.00245043,1780919377105,112.2,74.84,63449.36,index_price,63452.41,0.00245,63469.79,9JUN26,61000,,P,BTC-9JUN26-61000-P
2.8045,3.08,0.0,2.93749033,1780919377105,0.0,125.23,63492.21,BTC-26JUN26,63452.41,2.94225,63469.79,26JUN26,250000,,P,BTC-26JUN26-250000-P
0.0003,0.0005,53.0,0.00041843,1780919377105,43.2,87.78,63449.36,index_price,63452.41,0.0004,63469.79,9JUN26,58500,,P,BTC-9JUN26-58500-P
0.0125,0.0135,157.1,0.01316702,1780919377105,8.9,39.25,63651.07,BTC-31JUL26,63452.41,0.013,63469.79,31JUL26,74000,,C,BTC-31JUL26-74000-C
0.0195,0.0205,209.6,0.02013097,1780919377105,1.2,43.19,64692.08,BTC-25DEC26,63452.41,0.02,63469.79,25DEC26,96000,,C,BTC-25DEC26-96000-C
0.0985,0.102,71.3,0.10060951,1780919377105,0.0,52.98,63492.21,BTC-26JUN26,63452.41,0.10025,63469.79,26JUN26,58000,,C,BTC-26JUN26-58000-C
0.2135,0.2175,373.3,0.21576304,1780919377105,0.2,68.39,63492.21,BTC-26JUN26,63452.41,0.2155,63469.79,26JUN26,50000,,C,BTC-26JUN26-50000-C
0.008,0.0085,172.3,0.00820418,1780919377105,1.7,40.36,63812.67,BTC-28AUG26,63452.41,0.00825,63469.79,28AUG26,83000,,C,BTC-28AUG26-83000-C
0.107,0.108,226.1,0.10748478,1780919377105,0.0,43.63,64692.08,BTC-25DEC26,63452.41,0.1075,63469.79,25DEC26,68000,,C,BTC-25DEC26-68000-C
0.024,0.025,255.2,0.02456392,1780919377105,16.6,39.79,63812.67,BTC-28AUG26,63452.41,0.0245,63469.79,28AUG26,74000,,C,BTC-28AUG26-74000-C
0.467,0.5025,1.3,0.47413231,1780919377105,0.0,42.73,64020.81,BTC-25SEP26,63452.41,0.48475,63469.79,25SEP26,94000,,P,BTC-25SEP26-94000-P
0.034,0.0355,248.7,0.03480381,1780919377105,38.7,44.28,65391.42,BTC-26MAR27,63452.41,0.03475,63469.79,26MAR27,100000,,C,BTC-26MAR27-100000-C
0.1795,0.183,48.8,0.18151446,1780919377105,0.1,44.56,65391.42,BTC-26MAR27,63452.41,0.18125,63469.79,26MAR27,68000,,P,BTC-26MAR27-68000-P
0.011,0.012,173.3,0.01128741,1780919377105,142.2,61.32,63449.36,index_price,63452.41,0.0115,63469.79,9JUN26,63500,,C,BTC-9JUN26-63500-C
3.261,3.5695,0.0,3.40998913,1780919377105,0.0,125.23,63492.21,BTC-26JUN26,63452.41,3.41525,63469.79,26JUN26,280000,,P,BTC-26JUN26-280000-P
,0.0001,691.0,3.8e-07,1780919377105,0.0,125.23,63492.21,BTC-26JUN26,63452.41,,63469.79,26JUN26,220000,,C,BTC-26JUN26-220000-C
0.3695,0.372,34.2,0.37075664,1780919377105,0.8,94.07,63492.21,BTC-26JUN26,63452.41,0.37075,63469.79,26JUN26,40000,,C,BTC-26JUN26-40000-C
0.1955,0.2015,1727.4,0.19837287,1780919377105,12.5,44.19,63492.33,BTC-26JUN26,63452.41,0.1985,63469.79,26JUN26,76000,,P,BTC-26JUN26-76000-P
0.0003,0.0004,5587.2,0.0003362,1780919377105,19.3,63.21,63492.21,BTC-26JUN26,63452.41,0.00035,63469.79,26JUN26,90000,,C,BTC-26JUN26-90000-C
2.958,3.243,0.0,3.09498992,1780919377105,0.0,125.23,63492.21,BTC-26JUN26,63452.41,3.1005,63469.79,26JUN26,260000,,P,BTC-26JUN26-260000-P
0.0735,0.0775,56.6,0.07562605,1780919377108,1.7,69.57,63446.49,BTC-12JUN26,63452.41,0.0755,63469.79,12JUN26,59000,,C,BTC-12JUN26-59000-C
0.2375,0.247,642.8,0.24281029,1780919377108,0.0,40.32,64020.69,BTC-25SEP26,63452.41,0.24225,63469.79,25SEP26,78000,,P,BTC-25SEP26-78000-P
,0.0001,1498.5,8.216e-05,1780919377108,20.0,103.99,63492.21,BTC-26JUN26,63452.41,,63469.79,26JUN26,130000,,C,BTC-26JUN26-130000-C
0.0165,0.0175,13.7,0.01686633,1780919377108,14.5,57.75,63449.36,index_price,63452.41,0.017,63469.79,10JUN26,63500,,P,BTC-10JUN26-63500-P
0.0009,0.0012,305.2,0.00098776,1780919377108,0.1,47.13,63454.53,BTC-19JUN26,63452.41,0.00105,63469.79,19JUN26,74000,,C,BTC-19JUN26-74000-C
0.291,0.2945,46.4,0.29265449,1780919377108,0.0,79.54,63492.21,BTC-26JUN26,63452.41,0.29275,63469.79,26JUN26,45000,,C,BTC-26JUN26-45000-C
,0.0002,250.7,0.00012668,1780919377108,18.9,89.63,63446.49,BTC-12JUN26,63452.41,,63469.79,12JUN26,81000,,C,BTC-12JUN26-81000-C
0.0565,0.0575,202.6,0.05709985,1780919377108,0.9,41.43,63812.67,BTC-28AUG26,63452.41,0.057,63469.79,28AUG26,67000,,C,BTC-28AUG26-67000-C
0.01,0.011,263.7,0.01049639,1780919377108,20.6,43.42,63454.53,BTC-19JUN26,63452.41,0.0105,63469.79,19JUN26,67000,,C,BTC-19JUN26-67000-C
0.853,1.0165,0.0,0.92608638,1780919377108,0.0,46.58,65391.42,BTC-26MAR27,63452.41,0.93475,63469.79,26MAR27,125000,,P,BTC-26MAR27-125000-P
0.019,0.0205,572.9,0.01984303,1780919377108,1.1,45.47,65391.42,BTC-26MAR27,63452.41,0.01975,63469.79,26MAR27,115000,,C,BTC-26MAR27-115000-C
0.062,0.0635,98.8,0.06312038,1780919377108,3.6,43.74,65391.42,BTC-26MAR27,63452.41,0.06275,63469.79,26MAR27,86000,,C,BTC-26MAR27-86000-C
0.287,0.316,0.0,0.29021864,1780919377108,0.0,55.49,63812.67,BTC-28AUG26,63452.41,0.3015,63469.79,28AUG26,46000,,C,BTC-28AUG26-46000-C
0.01,0.0105,833.2,0.01043718,1780919377108,59.0,62.71,63446.49,BTC-12JUN26,63452.41,0.01025,63469.79,12JUN26,61000,,P,BTC-12JUN26-61000-P
0.0038,0.0041,436.1,0.0040369,1780919377108,217.7,67.47,63454.53,BTC-19JUN26,63452.41,0.00395,63469.79,19JUN26,54000,,P,BTC-19JUN26-54000-P
0.0335,0.036,0.8,0.03471075,1780919377108,0.8,61.77,63449.36,index_price,63452.41,0.03475,63469.79,11JUN26,62000,,C,BTC-11JUN26-62000-C
0.0655,0.0665,888.7,0.06583072,1780919377108,54.5,46.81,64692.08,BTC-25DEC26,63452.41,0.066,63469.79,25DEC26,55000,,P,BTC-25DEC26-55000-P
0.0042,0.0047,178.8,0.00442803,1780919377108,0.0,43.82,64020.81,BTC-25SEP26,63452.41,0.00445,63469.79,25SEP26,98000,,C,BTC-25SEP26-98000-C
0.34,0.439,15.9,0.38637012,1780919377108,0.0,60.41,63492.21,BTC-26JUN26,63452.41,0.3895,63469.79,26JUN26,88000,,P,BTC-26JUN26-88000-P
0.0165,0.0175,0.0,0.01717836,1780919377108,0.0,58.33,63449.36,index_price,63452.41,0.017,63469.79,11JUN26,63000,,P,BTC-11JUN26-63000-P
0.0675,0.074,0.7,0.07059656,1780919377108,0.0,84.93,63449.36,index_price,63452.41,0.07075,63469.79,9JUN26,59000,,C,BTC-9JUN26-59000-C
0.559,0.5715,271.9,0.56588755,1780919377108,0.0,44.4,64020.81,BTC-25SEP26,63452.41,0.56525,63469.79,25SEP26,100000,,P,BTC-25SEP26-100000-P
0.078,0.079,85.3,0.07847137,1780919377108,5.4,42.58,63812.67,BTC-28AUG26,63452.41,0.0785,63469.79,28AUG26,64000,,C,BTC-28AUG26-64000-C
0.1385,0.169,0.0,0.1645969,1780919377108,0.0,120.03,63449.36,index_price,63452.41,0.15375,63469.79,9JUN26,53000,,C,BTC-9JUN26-53000-C
,0.0001,1024.4,1.82e-06,1780919377108,0.0,125.23,63492.21,BTC-26JUN26,63452.41,,63469.79,26JUN26,200000,,C,BTC-26JUN26-200000-C
0.035,0.0365,21.4,0.03571363,1780919377108,1.3,40.28,63812.67,BTC-28AUG26,63452.41,0.03575,63469.79,28AUG26,71000,,C,BTC-28AUG26-71000-C
0.0032,0.0037,61.4,0.00343474,1780919377108,0.0,44.97,64020.69,BTC-25SEP26,63452.41,0.00345,63469.79,25SEP26,102000,,C,BTC-25SEP26-102000-C
0.0315,0.033,48.5,0.03210349,1780919377108,0.0,44.4,65391.42,BTC-26MAR27,63452.41,0.03225,63469.79,26MAR27,102000,,C,BTC-26MAR27-102000-C
0.258,0.2665,245.2,0.26451541,1780919377108,0.0,42.67,64692.2,BTC-25DEC26,63452.41,0.26225,63469.79,25DEC26,78000,,P,BTC-25DEC26-78000-P
0.143,0.187,5.4,0.14832895,1780919377108,0.0,40.28,63812.67,BTC-28AUG26,63452.41,0.165,63469.79,28AUG26,71000,,P,BTC-28AUG26-71000-P
0.0001,0.0003,582.5,0.00017278,1780919377108,3.3,75.59,63446.49,BTC-12JUN26,63452.41,0.0002,63469.79,12JUN26,77000,,C,BTC-12JUN26-77000-C
0.0195,0.0205,3220.3,0.02000634,1780919377108,52.0,40.35,64020.69,BTC-25SEP26,63452.41,0.02,63469.79,25SEP26,80000,,C,BTC-25SEP26-80000-C
,0.0001,231.0,0.0,1780919377108,0.0,125.23,63492.21,BTC-26JUN26,63452.41,,63469.79,26JUN26,280000,,C,BTC-26JUN26-280000-C
0.1325,0.137,0.0,0.13501479,1780919377108,0.0,45.6,63812.67,BTC-28AUG26,63452.41,0.13475,63469.79,28AUG26,58000,,C,BTC-28AUG26-58000-C
0.0685,0.073,1.0,0.07172497,1780919377108,1.0,41.8,63492.21,BTC-26JUN26,63452.41,0.07075,63469.79,26JUN26,67000,,P,BTC-26JUN26-67000-P
0.1455,0.1525,367.2,0.14937462,1780919377108,0.2,39.24,63650.95,BTC-31JUL26,63452.41,0.149,63469.79,31JUL26,72000,,P,BTC-31JUL26-72000-P
0.0044,0.0047,259.9,0.00458742,1780919377108,140.1,64.05,63492.21,BTC-26JUN26,63452.41,0.00455,63469.79,26JUN26,52000,,P,BTC-26JUN26-52000-P
0.4375,0.4695,4.0,0.44387659,1780919377108,0.0,42.26,64020.69,BTC-25SEP26,63452.41,0.4535,63469.79,25SEP26,92000,,P,BTC-25SEP26-92000-P
0.216,0.2195,1.5,0.21728289,1780919377108,0.1,46.28,65391.42,BTC-26MAR27,63452.41,0.21775,63469.79,26MAR27,58000,,C,BTC-26MAR27-58000-C
0.0435,0.0455,107.5,0.04467905,1780919377108,15.0,43.99,65391.42,BTC-26MAR27,63452.41,0.0445,63469.79,26MAR27,94000,,C,BTC-26MAR27-94000-C
0.0245,0.0255,14.5,0.02486084,1780919377108,0.0,48.94,63812.67,BTC-28AUG26,63452.41,0.025,63469.79,28AUG26,53000,,P,BTC-28AUG26-53000-P
0.1175,0.119,28.9,0.11858385,1780919377108,5.5,44.21,65391.42,BTC-26MAR27,63452.41,0.11825,63469.79,26MAR27,72000,,C,BTC-26MAR27-72000-C
,0.0001,778.2,8.193e-05,1780919377108,70.0,113.48,63492.21,BTC-26JUN26,63452.41,,63469.79,26JUN26,140000,,C,BTC-26JUN26-140000-C
0.014,0.0145,11.6,0.01435148,1780919377108,12.0,59.91,63449.36,index_price,63452.41,0.01425,63469.79,11JUN26,62500,,P,BTC-11JUN26-62500-P
0.214,0.217,42.8,0.21564898,1780919377108,0.2,46.81,64692.08,BTC-25DEC26,63452.41,0.2155,63469.79,25DEC26,55000,,C,BTC-25DEC26-55000-C
0.367,0.4715,2.8,0.41559956,1780919377108,0.0,45.1,63650.95,BTC-31JUL26,63452.41,0.41925,63469.79,31JUL26,90000,,P,BTC-31JUL26-90000-P
0.122,0.1285,23.5,0.12665616,1780919377108,0.0,40.77,63812.67,BTC-28AUG26,63452.41,0.12525,63469.79,28AUG26,69000,,P,BTC-28AUG26-69000-P
0.0004,0.0011,877.2,0.00080132,1780919377108,0.0,64.39,64692.08,BTC-25DEC26,63452.41,0.00075,63469.79,25DEC26,240000,,C,BTC-25DEC26-240000-C
0.0007,0.0009,415.5,0.00076867,1780919377108,17.1,55.2,63650.95,BTC-31JUL26,63452.41,0.0008,63469.79,31JUL26,105000,,C,BTC-31JUL26-105000-C
0.162,0.1655,85.3,0.1640152,1780919377108,0.0,44.83,65391.42,BTC-26MAR27,63452.41,0.16375,63469.79,26MAR27,66000,,P,BTC-26MAR27-66000-P
0.0007,0.001,1328.1,0.00078182,1780919377108,3.5,48.6,63454.53,BTC-19JUN26,63452.41,0.00085,63469.79,19JUN26,75000,,C,BTC-19JUN26-75000-C
0.18,0.186,2166.8,0.18296845,1780919377108,0.0,43.29,63492.21,BTC-26JUN26,63452.41,0.183,63469.79,26JUN26,75000,,P,BTC-26JUN26-75000-P
0.0695,0.071,1099.5,0.07066027,1780919377108,0.3,42.84,64692.2,BTC-25DEC26,63452.41,0.07025,63469.79,25DEC26,75000,,C,BTC-25DEC26-75000-C
0.0295,0.035,0.0,0.03356648,1780919377108,0.0,52.65,63449.36,index_price,63452.41,0.03225,63469.79,11JUN26,65000,,P,BTC-11JUN26-65000-P
0.031,0.032,0.0,0.03165561,1780919377108,0.0,57.72,63446.37,BTC-12JUN26,63452.41,0.0315,63469.79,12JUN26,62500,,C,BTC-12JUN26-62500-C
0.2015,0.2415,0.5,0.21401807,1780919377108,0.0,52.29,63454.53,BTC-19JUN26,63452.41,0.2215,63469.79,19JUN26,77000,,P,BTC-19JUN26-77000-P
0.0002,0.0004,585.6,0.00026312,1780919377108,49.8,65.17,63446.49,BTC-12JUN26,63452.41,0.0003,63469.79,12JUN26,74000,,C,BTC-12JUN26-74000-C
0.527,0.5285,81.9,0.52776208,1780919377108,13.0,129.07,63492.21,BTC-26JUN26,63452.41,0.52775,63469.79,26JUN26,30000,,C,BTC-26JUN26-30000-C
0.0205,0.0225,125.7,0.02147774,1780919377108,71.1,66.87,63449.36,index_price,63452.41,0.0215,63469.79,9JUN26,62500,,C,BTC-9JUN26-62500-C
0.0175,0.0185,444.7,0.01820995,1780919377108,14.8,39.24,63650.95,BTC-31JUL26,63452.41,0.018,63469.79,31JUL26,72000,,C,BTC-31JUL26-72000-C
1.0545,1.205,14.2,1.12632694,1780919377109,0.0,108.85,63492.21,BTC-26JUN26,63452.41,1.12975,63469.79,26JUN26,135000,,P,BTC-26JUN26-135000-P
0.0595,0.061,36.4,0.06032059,1780919377109,2.7,43.9,63812.67,BTC-28AUG26,63452.41,0.06025,63469.79,28AUG26,61000,,P,BTC-28AUG26-61000-P
0.063,0.0655,62.1,0.06431274,1780919377109,10.1,48.36,63492.21,BTC-26JUN26,63452.41,0.06425,63469.79,26JUN26,61000,,C,BTC-26JUN26-61000-C
0.023,0.0235,2914.2,0.02359742,1780919377109,16.2,49.79,64020.69,BTC-25SEP26,63452.41,0.02325,63469.79,25SEP26,50000,,P,BTC-25SEP26-50000-P
0.0115,0.0125,8.2,0.01191301,1780919377109,0.8,53.89,63449.36,index_price,63452.41,0.012,63469.79,11JUN26,64500,,C,BTC-11JUN26-64500-C
0.0013,0.0016,981.4,0.00137582,1780919377109,12.6,44.19,63492.21,BTC-26JUN26,63452.41,0.00145,63469.79,26JUN26,76000,,C,BTC-26JUN26-76000-C
0.146,0.149,121.5,0.14760202,1780919377109,0.2,45.15,65391.42,BTC-26MAR27,63452.41,0.1475,63469.79,26MAR27,64000,,P,BTC-26MAR27-64000-P
0.075,0.082,0.3,0.07830825,1780919377109,0.0,87.78,63449.36,index_price,63452.41,0.0785,63469.79,9JUN26,58500,,C,BTC-9JUN26-58500-C
0.1025,0.106,0.2,0.10441165,1780919377109,0.0,43.9,63812.67,BTC-28AUG26,63452.41,0.10425,63469.79,28AUG26,61000,,C,BTC-28AUG26-61000-C
0.122,0.127,795.1,0.12519854,1780919377109,2.6,39.72,63650.95,BTC-31JUL26,63452.41,0.1245,63469.79,31JUL26,70000,,P,BTC-31JUL26-70000-P
0.709,0.866,0.0,0.77849564,1780919377109,0.0,45.47,65391.42,BTC-26MAR27,63452.41,0.7875,63469.79,26MAR27,115000,,P,BTC-26MAR27-115000-P
0.1185,0.157,0.0,0.1331178,1780919377109,0.0,111.62,63449.36,index_price,63452.41,0.13775,63469.79,9JUN26,55000,,C,BTC-9JUN26-55000-C
1.114,1.271,1.4,1.18763354,1780919377109,0.0,56.76,64020.69,BTC-25SEP26,63452.41,1.1925,63469.79,25SEP26,140000,,P,BTC-25SEP26-140000-P
0.1645,0.1695,197.4,0.16716539,1780919377109,0.0,47.13,63454.53,BTC-19JUN26,63452.41,0.167,63469.79,19JUN26,74000,,P,BTC-19JUN26-74000-P
0.1525,0.191,0.0,0.16552471,1780919377109,0.0,90.78,63446.49,BTC-12JUN26,63452.41,0.17175,63469.79,12JUN26,53000,,C,BTC-12JUN26-53000-C
0.0015,0.0019,1206.3,0.00164373,1780919377109,1.8,45.1,63651.07,BTC-31JUL26,63452.41,0.0017,63469.79,31JUL26,90000,,C,BTC-31JUL26-90000-C
0.3825,0.487,0.0,0.43118082,1780919377109,0.0,45.7,63650.95,BTC-31JUL26,63452.41,0.43475,63469.79,31JUL26,91000,,P,BTC-31JUL26-91000-P
,0.0001,129.0,0.0,1780919377109,0.0,125.23,63492.21,BTC-26JUN26,63452.41,,63469.79,26JUN26,340000,,C,BTC-26JUN26-340000-C
0.0395,0.041,50.8,0.0403355,1780919377109,1.6,40.52,63812.67,BTC-28AUG26,63452.41,0.04025,63469.79,28AUG26,70000,,C,BTC-28AUG26-70000-C
0.0285,0.0295,1.4,0.02915388,1780919377109,1.4,59.91,63449.36,index_price,63452.41,0.029,63469.79,11JUN26,62500,,C,BTC-11JUN26-62500-C
0.6095,0.763,0.0,0.67707194,1780919377109,0.0,44.83,65391.42,BTC-26MAR27,63452.41,0.68625,63469.79,26MAR27,108000,,P,BTC-26MAR27-108000-P
0.004,0.0049,627.5,0.00431997,1780919377109,117.4,52.79,65391.42,BTC-26MAR27,63452.41,0.00445,63469.79,26MAR27,180000,,C,BTC-26MAR27-180000-C
0.296,0.425,5.8,0.35347964,1780919377109,0.0,43.7,65391.54,BTC-26MAR27,63452.41,0.3605,63469.79,26MAR27,84000,,P,BTC-26MAR27-84000-P
0.205,0.2405,5.4,0.21018468,1780919377109,0.0,39.77,63812.67,BTC-28AUG26,63452.41,0.22275,63469.79,28AUG26,76000,,P,BTC-28AUG26-76000-P
0.0003,0.0005,1443.3,0.0003733,1780919377109,4.0,57.81,63446.49,BTC-12JUN26,63452.41,0.0004,63469.79,12JUN26,72000,,C,BTC-12JUN26-72000-C
0.0065,0.007,747.1,0.00672243,1780919377109,33.2,39.46,63650.95,BTC-31JUL26,63452.41,0.00675,63469.79,31JUL26,78000,,C,BTC-31JUL26-78000-C
0.009,0.01,209.3,0.00960939,1780919377109,159.9,58.02,63454.53,BTC-19JUN26,63452.41,0.0095,63469.79,19JUN26,58000,,P,BTC-19JUN26-58000-P
0.025,0.026,1023.3,0.02545511,1780919377109,20.2,39.72,63650.95,BTC-31JUL26,63452.41,0.0255,63469.79,31JUL26,70000,,C,BTC-31JUL26-70000-C
0.0735,0.1115,0.0,0.10341267,1780919377109,0.0,74.38,63449.36,index_price,63452.41,0.0925,63469.79,9JUN26,70000,,P,BTC-9JUN26-70000-P
0.0165,0.0175,71.5,0.01709727,1780919377109,33.2,51.36,63492.33,BTC-26JUN26,63452.41,0.017,63469.79,26JUN26,59000,,P,BTC-26JUN26-59000-P
0.0013,0.0017,1138.3,0.00149796,1780919377109,20.4,50.66,64020.69,BTC-25SEP26,63452.41,0.0015,63469.79,25SEP26,120000,,C,BTC-25SEP26-120000-C
0.0022,0.0025,275.3,0.00227474,1780919377109,3.7,43.26,63454.41,BTC-19JUN26,63452.41,0.00235,63469.79,19JUN26,71000,,C,BTC-19JUN26-71000-C
0.02,0.0225,1.8,0.02140479,1780919377109,1.8,57.66,63449.36,index_price,63452.41,0.02125,63469.79,9JUN26,64500,,P,BTC-9JUN26-64500-P
1.5655,1.7555,0.0,1.65584251,1780919377109,0.0,64.25,64020.69,BTC-25SEP26,63452.41,1.6605,63469.79,25SEP26,170000,,P,BTC-25SEP26-170000-P
0.156,0.161,86.7,0.15983319,1780919377109,1.8,40.06,63812.67,BTC-28AUG26,63452.41,0.1585,63469.79,28AUG26,72000,,P,BTC-28AUG26-72000-P
0.0012,0.0015,8.8,0.00139192,1780919377109,0.5,84.82,63449.36,index_price,63452.41,0.00135,63469.79,11JUN26,56000,,P,BTC-11JUN26-56000-P
0.0016,0.0019,3471.5,0.00172136,1780919377109,108.2,43.29,63492.21,BTC-26JUN26,63452.41,0.00175,63469.79,26JUN26,75000,,C,BTC-26JUN26-75000-C
0.057,0.0585,55.1,0.05778583,1780919377109,5.0,43.77,65391.54,BTC-26MAR27,63452.41,0.05775,63469.79,26MAR27,88000,,C,BTC-26MAR27-88000-C
0.0013,0.0014,3880.9,0.00140275,1780919377109,54.2,79.54,63492.21,BTC-26JUN26,63452.41,0.00135,63469.79,26JUN26,45000,,P,BTC-26JUN26-45000-P
0.231,0.2445,48.0,0.24005264,1780919377109,0.0,44.07,65391.42,BTC-26MAR27,63452.41,0.23775,63469.79,26MAR27,74000,,P,BTC-26MAR27-74000-P
0.0047,0.006,208.8,0.00520827,1780919377109,0.2,51.84,65391.42,BTC-26MAR27,63452.41,0.00535,63469.79,26MAR27,170000,,C,BTC-26MAR27-170000-C
0.1675,0.2055,3.3,0.17188077,1780919377109,0.0,39.95,63812.67,BTC-28AUG26,63452.41,0.1865,63469.79,28AUG26,73000,,P,BTC-28AUG26-73000-P
0.1075,0.1085,35.9,0.10839792,1780919377109,0.4,44.07,65391.42,BTC-26MAR27,63452.41,0.108,63469.79,26MAR27,74000,,C,BTC-26MAR27-74000-C
0.123,0.125,120.7,0.12429135,1780919377109,0.0,44.33,64692.08,BTC-25DEC26,63452.41,0.124,63469.79,25DEC26,64000,,P,BTC-25DEC26-64000-P
0.007,0.008,45.8,0.00730194,1780919377109,2.6,40.53,63812.67,BTC-28AUG26,63452.41,0.0075,63469.79,28AUG26,84000,,C,BTC-28AUG26-84000-C
0.254,0.2575,0.0,0.25502087,1780919377109,0.0,47.35,65391.54,BTC-26MAR27,63452.41,0.25575,63469.79,26MAR27,54000,,C,BTC-26MAR27-54000-C
0.043,0.087,0.0,0.07193946,1780919377109,0.0,60.57,63449.36,index_price,63452.41,0.065,63469.79,9JUN26,68000,,P,BTC-9JUN26-68000-P
0.0003,0.0004,2002.3,0.00037354,1780919377109,1.0,60.41,63492.21,BTC-26JUN26,63452.41,0.00035,63469.79,26JUN26,88000,,C,BTC-26JUN26-88000-C
0.371,0.471,0.0,0.41846197,1780919377109,0.0,73.85,63454.53,BTC-19JUN26,63452.41,0.421,63469.79,19JUN26,90000,,P,BTC-19JUN26-90000-P
0.2575,0.2635,2494.5,0.2607012,1780919377109,2.5,48.88,63492.21,BTC-26JUN26,63452.41,0.2605,63469.79,26JUN26,80000,,P,BTC-26JUN26-80000-P
0.3105,0.407,0.0,0.35552766,1780919377109,0.0,102.97,63446.49,BTC-12JUN26,63452.41,0.35875,63469.79,12JUN26,86000,,P,BTC-12JUN26-86000-P
0.0017,0.0019,2472.1,0.00175671,1780919377109,6.6,48.85,64020.81,BTC-25SEP26,63452.41,0.0018,63469.79,25SEP26,115000,,C,BTC-25SEP26-115000-C
0.1125,0.116,5.4,0.11415893,1780919377109,3.2,44.45,63812.67,BTC-28AUG26,63452.41,0.11425,63469.79,28AUG26,60000,,C,BTC-28AUG26-60000-C
0.781,0.9415,0.0,0.85196829,1780919377109,0.0,46.0,65391.54,BTC-26MAR27,63452.41,0.86125,63469.79,26MAR27,120000,,P,BTC-26MAR27-120000-P
0.029,0.03,516.7,0.02968842,1780919377109,30.4,48.4,63454.41,BTC-19JUN26,63452.41,0.0295,63469.79,19JUN26,63000,,P,BTC-19JUN26-63000-P
0.0047,0.0055,248.0,0.00496626,1780919377109,9.6,42.94,63454.53,BTC-19JUN26,63452.41,0.0051,63469.79,19JUN26,69000,,C,BTC-19JUN26-69000-C
0.014,0.015,381.5,0.01455113,1780919377109,13.7,52.38,63650.95,BTC-31JUL26,63452.41,0.0145,63469.79,31JUL26,52000,,P,BTC-31JUL26-52000-P
0.0085,0.009,81.5,0.00876808,1780919377109,35.0,63.76,63449.36,index_price,63452.41,0.00875,63469.79,10JUN26,62000,,P,BTC-10JUN26-62000-P
0.026,0.027,853.5,0.0265224,1780919377109,24.5,53.27,63446.49,BTC-12JUN26,63452.41,0.0265,63469.79,12JUN26,64000,,P,BTC-12JUN26-64000-P
,0.0001,267.2,0.0,1780919377109,0.0,125.23,63492.21,BTC-26JUN26,63452.41,,63469.79,26JUN26,380000,,C,BTC-26JUN26-380000-C
0.5535,0.705,0.0,0.62013221,1780919377109,0.0,44.54,65391.42,BTC-26MAR27,63452.41,0.62925,63469.79,26MAR27,104000,,P,BTC-26MAR27-104000-P
0.046,0.0475,51.9,0.04669618,1780919377109,6.2,50.05,63454.53,BTC-19JUN26,63452.41,0.04675,63469.79,19JUN26,62000,,C,BTC-19JUN26-62000-C
0.0385,0.04,35.9,0.03929492,1780919377109,2.4,46.19,63812.67,BTC-28AUG26,63452.41,0.03925,63469.79,28AUG26,57000,,P,BTC-28AUG26-57000-P
0.419,0.5655,9.0,0.4821864,1780919377109,0.0,43.99,65391.42,BTC-26MAR27,63452.41,0.49225,63469.79,26MAR27,94000,,P,BTC-26MAR27-94000-P
0.554,0.5675,256.6,0.56209126,1780919377109,0.0,43.64,64692.08,BTC-25DEC26,63452.41,0.56075,63469.79,25DEC26,100000,,P,BTC-25DEC26-100000-P
0.222,0.2325,888.1,0.22999902,1780919377109,0.0,42.84,64692.08,BTC-25DEC26,63452.41,0.22725,63469.79,25DEC26,75000,,P,BTC-25DEC26-75000-P
0.1335,0.1395,90.9,0.13728018,1780919377109,0.0,40.52,63812.67,BTC-28AUG26,63452.41,0.1365,63469.79,28AUG26,70000,,P,BTC-28AUG26-70000-P
0.0535,0.055,57.3,0.05439723,1780919377109,6.3,44.45,63812.67,BTC-28AUG26,63452.41,0.05425,63469.79,28AUG26,60000,,P,BTC-28AUG26-60000-P
0.0255,0.057,0.0,0.05333568,1780919377109,0.0,67.4,63449.36,index_price,63452.41,0.04125,63469.79,11JUN26,60500,,C,BTC-11JUN26-60500-C
0.0009,0.0014,1438.4,0.00110539,1780919377109,1.4,53.88,64020.69,BTC-25SEP26,63452.41,0.00115,63469.79,25SEP26,130000,,C,BTC-25SEP26-130000-C
0.135,0.171,0.0,0.14885411,1780919377109,0.0,117.58,63449.36,index_price,63452.41,0.153,63469.79,9JUN26,54000,,C,BTC-9JUN26-54000-C
0.098,0.099,412.1,0.09893293,1780919377109,0.3,43.92,65391.42,BTC-26MAR27,63452.41,0.0985,63469.79,26MAR27,76000,,C,BTC-26MAR27-76000-C
0.4425,0.5515,0.0,0.49364952,1780919377109,0.0,48.18,63651.07,BTC-31JUL26,63452.41,0.497,63469.79,31JUL26,95000,,P,BTC-31JUL26-95000-P
0.0008,0.0011,2634.0,0.00094578,1780919377109,82.8,46.38,63492.21,BTC-26JUN26,63452.41,0.00095,63469.79,26JUN26,78000,,C,BTC-26JUN26-78000-C
0.0235,0.0245,16.0,0.02410168,1780919377109,16.9,58.33,63449.36,index_price,63452.41,0.024,63469.79,11JUN26,63000,,C,BTC-11JUN26-63000-C
0.0065,0.0075,491.9,0.00684273,1780919377109,1.0,42.26,64020.81,BTC-25SEP26,63452.41,0.007,63469.79,25SEP26,92000,,C,BTC-25SEP26-92000-C
0.0011,0.0016,2267.9,0.00129661,1780919377109,0.0,52.4,64020.81,BTC-25SEP26,63452.41,0.00135,63469.79,25SEP26,125000,,C,BTC-25SEP26-125000-C
0.0014,0.0017,276.2,0.00151436,1780919377109,1.0,45.7,63650.95,BTC-31JUL26,63452.41,0.00155,63469.79,31JUL26,91000,,C,BTC-31JUL26-91000-C
0.8435,0.919,18.9,0.86174402,1780919377109,0.0,46.65,64692.08,BTC-25DEC26,63452.41,0.88125,63469.79,25DEC26,120000,,P,BTC-25DEC26-120000-P
0.0115,0.0125,0.0,0.01202431,1780919377109,0.0,61.77,63449.36,index_price,63452.41,0.012,63469.79,11JUN26,62000,,P,BTC-11JUN26-62000-P
2.044,2.264,6.6,2.14999405,1780919377109,0.0,125.23,63492.21,BTC-26JUN26,63452.41,2.154,63469.79,26JUN26,200000,,P,BTC-26JUN26-200000-P
,0.0001,196.8,8.2e-07,1780919377109,0.0,125.23,63492.21,BTC-26JUN26,63452.41,,63469.79,26JUN26,210000,,C,BTC-26JUN26-210000-C
0.1545,0.16,0.4,0.15760799,1780919377109,0.0,46.86,63812.67,BTC-28AUG26,63452.41,0.15725,63469.79,28AUG26,56000,,C,BTC-28AUG26-56000-C
2.286,2.5295,0.0,2.40160742,1780919377109,0.0,61.36,64692.08,BTC-25DEC26,63452.41,2.40775,63469.79,25DEC26,220000,,P,BTC-25DEC26-220000-P
0.16,0.1625,3.9,0.16162293,1780919377109,0.4,44.97,65391.42,BTC-26MAR27,63452.41,0.16125,63469.79,26MAR27,65000,,C,BTC-26MAR27-65000-C
0.0115,0.013,777.8,0.01246217,1780919377109,0.0,47.08,65391.42,BTC-26MAR27,63452.41,0.01225,63469.79,26MAR27,130000,,C,BTC-26MAR27-130000-C
0.0033,0.0036,450.3,0.00353844,1780919377109,34.8,48.49,63446.49,BTC-12JUN26,63452.41,0.00345,63469.79,12JUN26,67000,,C,BTC-12JUN26-67000-C
0.0003,0.0007,1347.8,0.00039341,1780919377109,0.4,64.99,64020.69,BTC-25SEP26,63452.41,0.0005,63469.79,25SEP26,175000,,C,BTC-25SEP26-175000-C
0.0005,0.0006,95.6,0.00049583,1780919377109,6.7,54.25,63454.53,BTC-19JUN26,63452.41,0.00055,63469.79,19JUN26,78000,,C,BTC-19JUN26-78000-C
0.179,0.2205,3.3,0.18419115,1780919377109,0.0,39.79,63812.67,BTC-28AUG26,63452.41,0.19975,63469.79,28AUG26,74000,,P,BTC-28AUG26-74000-P
0.2315,0.2365,120.0,0.23400141,1780919377109,0.0,51.46,63812.67,BTC-28AUG26,63452.41,0.234,63469.79,28AUG26,50000,,C,BTC-28AUG26-50000-C
0.0003,0.0005,1217.4,0.00036159,1780919377109,40.1,62.69,63454.53,BTC-19JUN26,63452.41,0.0004,63469.79,19JUN26,82000,,C,BTC-19JUN26-82000-C
0.068,0.0695,73.8,0.06889861,1780919377109,3.3,43.7,65391.42,BTC-26MAR27,63452.41,0.06875,63469.79,26MAR27,84000,,C,BTC-26MAR27-84000-C
0.0046,0.005,150.0,0.00478207,1780919377109,103.3,69.4,63449.36,index_price,63452.41,0.0048,63469.79,9JUN26,62000,,P,BTC-9JUN26-62000-P
0.3485,0.393,11.6,0.35464849,1780919377109,0.0,41.02,64020.81,BTC-25SEP26,63452.41,0.37075,63469.79,25SEP26,86000,,P,BTC-25SEP26-86000-P
0.4455,0.4525,26.3,0.44927598,1780919377109,0.0,65.29,63492.21,BTC-26JUN26,63452.41,0.449,63469.79,26JUN26,92000,,P,BTC-26JUN26-92000-P
0.0645,0.066,604.0,0.06535535,1780919377109,26.5,41.57,64020.81,BTC-25SEP26,63452.41,0.06525,63469.79,25SEP26,68000,,C,BTC-25SEP26-68000-C
0.062,0.1205,0.0,0.08857636,1780919377109,0.0,77.04,63449.36,index_price,63452.41,0.09125,63469.79,11JUN26,58000,,C,BTC-11JUN26-58000-C
,0.0002,68.6,7.509e-05,1780919377109,0.0,79.33,64020.81,BTC-25SEP26,63452.41,,63469.79,25SEP26,280000,,C,BTC-25SEP26-280000-C
0.0005,0.0012,196.5,0.00084165,1780919377109,0.1,62.94,64692.08,BTC-25DEC26,63452.41,0.00085,63469.79,25DEC26,230000,,C,BTC-25DEC26-230000-C
0.885,0.8945,722.5,0.89010174,1780919377109,0.0,95.63,63492.21,BTC-26JUN26,63452.41,0.88975,63469.79,26JUN26,120000,,P,BTC-26JUN26-120000-P
1.435,1.613,52.5,1.52004172,1780919377109,0.0,125.23,63492.21,BTC-26JUN26,63452.41,1.524,63469.79,26JUN26,160000,,P,BTC-26JUN26-160000-P
0.048,0.054,1.0,0.05075805,1780919377109,0.1,70.26,63449.36,index_price,63452.41,0.051,63469.79,10JUN26,60500,,C,BTC-10JUN26-60500-C
0.0435,0.045,1510.3,0.04432939,1780919377109,30.6,49.0,64692.08,BTC-25DEC26,63452.41,0.04425,63469.79,25DEC26,50000,,P,BTC-25DEC26-50000-P
0.07,0.0715,329.7,0.07076945,1780919377109,0.9,42.14,63812.67,BTC-28AUG26,63452.41,0.07075,63469.79,28AUG26,65000,,C,BTC-28AUG26-65000-C
0.0003,0.0007,964.1,0.00042395,1780919377109,760.4,63.15,63650.95,BTC-31JUL26,63452.41,0.0005,63469.79,31JUL26,120000,,C,BTC-31JUL26-120000-C
0.025,0.0265,92.8,0.02577854,1780919377109,95.4,61.9,63449.36,index_price,63452.41,0.02575,63469.79,10JUN26,62500,,C,BTC-10JUN26-62500-C
0.1155,0.117,34.8,0.1165846,1780919377109,0.0,41.08,63812.67,BTC-28AUG26,63452.41,0.11625,63469.79,28AUG26,68000,,P,BTC-28AUG26-68000-P
0.0695,0.0705,40.2,0.07007766,1780919377109,33.6,42.98,63650.95,BTC-31JUL26,63452.41,0.07,63469.79,31JUL26,63000,,C,BTC-31JUL26-63000-C
0.0185,0.0195,34.7,0.01921617,1780919377109,11.8,39.77,63812.67,BTC-28AUG26,63452.41,0.019,63469.79,28AUG26,76000,,C,BTC-28AUG26-76000-C
0.0605,0.0615,1736.4,0.06094214,1780919377109,17.1,47.2,64692.2,BTC-25DEC26,63452.41,0.061,63469.79,25DEC26,54000,,P,BTC-25DEC26-54000-P
0.4265,0.5075,4.5,0.44732716,1780919377109,0.0,42.86,64692.08,BTC-25DEC26,63452.41,0.467,63469.79,25DEC26,92000,,P,BTC-25DEC26-92000-P
0.571,0.579,986.9,0.57517603,1780919377109,0.3,74.48,63492.21,BTC-26JUN26,63452.41,0.575,63469.79,26JUN26,100000,,P,BTC-26JUN26-100000-P
0.3755,0.3925,0.0,0.37871387,1780919377109,0.0,62.54,63812.67,BTC-28AUG26,63452.41,0.384,63469.79,28AUG26,40000,,C,BTC-28AUG26-40000-C
0.2735,0.286,182.2,0.28320774,1780919377109,2.6,43.84,65391.42,BTC-26MAR27,63452.41,0.27975,63469.79,26MAR27,78000,,P,BTC-26MAR27-78000-P
0.06,0.064,261.8,0.06192673,1780919377109,1.9,66.1,63446.49,BTC-12JUN26,63452.41,0.062,63469.79,12JUN26,60000,,C,BTC-12JUN26-60000-C
0.0008,0.0009,144.2,0.00084599,1780919377109,98.9,55.84,63449.36,index_price,63452.41,0.00085,63469.79,9JUN26,66000,,C,BTC-9JUN26-66000-C
0.013,0.014,12.9,0.01366803,1780919377109,13.5,59.84,63449.36,index_price,63452.41,0.0135,63469.79,10JUN26,63000,,P,BTC-10JUN26-63000-P
0.0455,0.0755,0.0,0.07216061,1780919377109,0.0,76.52,63449.36,index_price,63452.41,0.0605,63469.79,10JUN26,59000,,C,BTC-10JUN26-59000-C
0.0105,0.0115,94.8,0.01097577,1780919377109,3.0,44.62,64692.08,BTC-25DEC26,63452.41,0.011,63469.79,25DEC26,108000,,C,BTC-25DEC26-108000-C
0.0945,0.0955,6441.9,0.09502322,1780919377109,4.3,45.24,64692.08,BTC-25DEC26,63452.41,0.095,63469.79,25DEC26,60000,,P,BTC-25DEC26-60000-P
2.734,3.0105,10.0,2.86519102,1780919377109,0.0,65.46,64692.08,BTC-25DEC26,63452.41,2.87225,63469.79,25DEC26,250000,,P,BTC-25DEC26-250000-P
0.012,0.013,1276.1,0.01241055,1780919377109,2.4,40.86,64020.81,BTC-25SEP26,63452.41,0.0125,63469.79,25SEP26,85000,,C,BTC-25SEP26-85000-C
0.0003,0.0005,91.3,0.00032982,1780919377109,95.6,53.4,63449.36,index_price,63452.41,0.0004,63469.79,11JUN26,70000,,C,BTC-11JUN26-70000-C
0.044,0.046,571.1,0.04532858,1780919377109,1.8,45.53,63454.41,BTC-19JUN26,63452.41,0.045,63469.79,19JUN26,65000,,P,BTC-19JUN26-65000-P
0.0365,0.037,252.8,0.03686193,1780919377109,26.3,46.92,63454.53,BTC-19JUN26,63452.41,0.03675,63469.79,19JUN26,64000,,P,BTC-19JUN26-64000-P
1.808,2.026,0.9,1.90940983,1780919377109,0.0,54.05,65391.42,BTC-26MAR27,63452.41,1.917,63469.79,26MAR27,190000,,P,BTC-26MAR27-190000-P
0.002,0.0026,1200.0,0.00225281,1780919377109,0.4,53.27,64692.08,BTC-25DEC26,63452.41,0.0023,63469.79,25DEC26,160000,,C,BTC-25DEC26-160000-C
0.007,0.0075,172.7,0.00721379,1780919377109,42.9,42.95,63454.41,BTC-19JUN26,63452.41,0.00725,63469.79,19JUN26,68000,,C,BTC-19JUN26-68000-C
0.365,0.4545,4.3,0.39221789,1780919377109,1.0,42.66,64692.08,BTC-25DEC26,63452.41,0.40975,63469.79,25DEC26,88000,,P,BTC-25DEC26-88000-P
0.0017,0.0021,534.8,0.00194842,1780919377109,95.8,48.69,63446.49,BTC-12JUN26,63452.41,0.0019,63469.79,12JUN26,68000,,C,BTC-12JUN26-68000-C
0.453,0.5335,1.0,0.50462864,1780919377109,0.0,43.33,64020.81,BTC-25SEP26,63452.41,0.49325,63469.79,25SEP26,96000,,P,BTC-25SEP26-96000-P
0.483,0.564,0.6,0.50408456,1780919377109,0.0,43.19,64692.2,BTC-25DEC26,63452.41,0.5235,63469.79,25DEC26,96000,,P,BTC-25DEC26-96000-P
0.3625,0.387,8.1,0.36896373,1780919377109,0.0,43.29,63650.95,BTC-31JUL26,63452.41,0.37475,63469.79,31JUL26,87000,,P,BTC-31JUL26-87000-P
0.092,0.094,194.6,0.09327868,1780919377109,0.0,40.84,63650.95,BTC-31JUL26,63452.41,0.093,63469.79,31JUL26,67000,,P,BTC-31JUL26-67000-P
0.0275,0.0285,2509.6,0.0282816,1780919377109,13.8,42.72,64692.08,BTC-25DEC26,63452.41,0.028,63469.79,25DEC26,90000,,C,BTC-25DEC26-90000-C
0.1535,0.1555,13.7,0.15470153,1780919377110,9.2,44.83,65391.42,BTC-26MAR27,63452.41,0.1545,63469.79,26MAR27,66000,,C,BTC-26MAR27-66000-C
0.032,0.063,0.0,0.06007655,1780919377110,0.0,69.4,63449.36,index_price,63452.41,0.0475,63469.79,11JUN26,60000,,C,BTC-11JUN26-60000-C
0.0395,0.042,8.0,0.04060989,1780919377110,8.0,63.6,63449.36,index_price,63452.41,0.04075,63469.79,11JUN26,61500,,C,BTC-11JUN26-61500-C
0.0095,0.0105,12.0,0.01004189,1780919377110,14.6,63.6,63449.36,index_price,63452.41,0.01,63469.79,11JUN26,61500,,P,BTC-11JUN26-61500-P
1.9555,2.1835,1.0,2.06173985,1780919377110,0.0,54.85,65391.42,BTC-26MAR27,63452.41,2.0695,63469.79,26MAR27,200000,,P,BTC-26MAR27-200000-P
0.0026,0.0031,1758.5,0.00286838,1780919377110,6.0,72.62,64020.81,BTC-25SEP26,63452.41,0.00285,63469.79,25SEP26,30000,,P,BTC-25SEP26-30000-P
0.0016,0.0019,114.7,0.00172342,1780919377110,26.9,77.34,63449.36,index_price,63452.41,0.00175,63469.79,9JUN26,60500,,P,BTC-9JUN26-60500-P
0.0003,0.0005,3806.2,0.00046266,1780919377110,8.3,56.3,63492.21,BTC-26JUN26,63452.41,0.0004,63469.79,26JUN26,85000,,C,BTC-26JUN26-85000-C
0.006,0.007,844.7,0.0061616,1780919377110,2.9,50.57,65391.42,BTC-26MAR27,63452.41,0.0065,63469.79,26MAR27,160000,,C,BTC-26MAR27-160000-C
0.0001,0.0003,291.4,0.00013904,1780919377110,2.2,79.33,64020.69,BTC-25SEP26,63452.41,0.0002,63469.79,25SEP26,260000,,C,BTC-25SEP26-260000-C
0.1105,0.1155,163.0,0.11392278,1780919377110,0.0,40.03,63650.95,BTC-31JUL26,63452.41,0.113,63469.79,31JUL26,69000,,P,BTC-31JUL26-69000-P
0.139,0.1415,125.6,0.14079946,1780919377110,0.0,43.94,64692.08,BTC-25DEC26,63452.41,0.14025,63469.79,25DEC26,66000,,P,BTC-25DEC26-66000-P
0.046,0.077,0.0,0.07404584,1780919377110,0.0,73.16,63449.36,index_price,63452.41,0.0615,63469.79,11JUN26,59000,,C,BTC-11JUN26-59000-C
0.016,0.017,1791.2,0.01646706,1780919377110,4.8,40.5,64020.81,BTC-25SEP26,63452.41,0.0165,63469.79,25SEP26,82000,,C,BTC-25SEP26-82000-C
0.2035,0.293,4.9,0.24526008,1780919377110,0.0,81.82,63446.49,BTC-12JUN26,63452.41,0.24825,63469.79,12JUN26,79000,,P,BTC-12JUN26-79000-P
0.117,0.1215,394.7,0.11953065,1780919377110,2.0,54.59,63446.49,BTC-12JUN26,63452.41,0.11925,63469.79,12JUN26,71000,,P,BTC-12JUN26-71000-P
,0.0001,759.8,2.089e-05,1780919377110,0.0,125.23,63492.33,BTC-26JUN26,63452.41,,63469.79,26JUN26,170000,,C,BTC-26JUN26-170000-C
0.3925,0.535,0.2,0.45552632,1780919377110,0.0,43.89,65391.42,BTC-26MAR27,63452.41,0.46375,63469.79,26MAR27,92000,,P,BTC-26MAR27-92000-P
0.0575,0.0615,364.1,0.05953344,1780919377110,0.1,48.49,63446.49,BTC-12JUN26,63452.41,0.0595,63469.79,12JUN26,67000,,P,BTC-12JUN26-67000-P
1.838,2.0515,0.0,1.93838126,1780919377110,0.0,57.95,64692.08,BTC-25DEC26,63452.41,1.94475,63469.79,25DEC26,190000,,P,BTC-25DEC26-190000-P
0.103,0.1505,0.0,0.11865489,1780919377110,0.0,84.82,63449.36,index_price,63452.41,0.12675,63469.79,11JUN26,56000,,C,BTC-11JUN26-56000-C
0.0002,0.0003,27.8,0.00022824,1780919377110,36.1,98.17,63449.36,index_price,63452.41,0.00025,63469.79,10JUN26,54000,,P,BTC-10JUN26-54000-P
0.47,0.473,71.1,0.4710972,1780919377110,0.0,59.91,64692.08,BTC-25DEC26,63452.41,0.4715,63469.79,25DEC26,35000,,C,BTC-25DEC26-35000-C
1.39,1.5735,0.0,1.47550879,1780919377110,0.0,53.27,64692.08,BTC-25DEC26,63452.41,1.48175,63469.79,25DEC26,160000,,P,BTC-25DEC26-160000-P
0.0022,0.0026,137.2,0.00234388,1780919377110,0.5,42.66,63651.07,BTC-31JUL26,63452.41,0.0024,63469.79,31JUL26,86000,,C,BTC-31JUL26-86000-C
0.0065,0.007,7151.7,0.00680202,1780919377110,12.4,46.65,64692.08,BTC-25DEC26,63452.41,0.00675,63469.79,25DEC26,120000,,C,BTC-25DEC26-120000-C
0.211,0.223,134.6,0.2196533,1780919377110,0.0,44.21,65391.54,BTC-26MAR27,63452.41,0.217,63469.79,26MAR27,72000,,P,BTC-26MAR27-72000-P
0.0001,0.0002,3992.8,0.00017991,1780919377110,564.2,74.48,63492.21,BTC-26JUN26,63452.41,0.00015,63469.79,26JUN26,100000,,C,BTC-26JUN26-100000-C
0.352,0.455,5.9,0.40002411,1780919377110,0.0,44.46,63650.95,BTC-31JUL26,63452.41,0.4035,63469.79,31JUL26,89000,,P,BTC-31JUL26-89000-P
0.0205,0.021,34.5,0.02055926,1780919377110,6.3,59.84,63449.36,index_price,63452.41,0.02075,63469.79,10JUN26,63000,,C,BTC-10JUN26-63000-C
0.0026,0.0031,1602.5,0.00283713,1780919377110,0.2,51.75,64692.08,BTC-25DEC26,63452.41,0.00285,63469.79,25DEC26,150000,,C,BTC-25DEC26-150000-C
0.0002,0.0004,846.8,0.00027955,1780919377110,10.0,65.29,63492.21,BTC-26JUN26,63452.41,0.0003,63469.79,26JUN26,92000,,C,BTC-26JUN26-92000-C
0.0055,0.0065,42.7,0.0061761,1780919377110,12.0,62.59,63454.53,BTC-19JUN26,63452.41,0.006,63469.79,19JUN26,56000,,P,BTC-19JUN26-56000-P
0.103,0.1055,57.4,0.10425551,1780919377110,17.0,46.28,65391.42,BTC-26MAR27,63452.41,0.10425,63469.79,26MAR27,58000,,P,BTC-26MAR27-58000-P
0.0295,0.0305,2507.4,0.03016267,1780919377110,80.0,46.88,63492.21,BTC-26JUN26,63452.41,0.03,63469.79,26JUN26,62000,,P,BTC-26JUN26-62000-P
0.0275,0.0285,68.4,0.02791332,1780919377110,0.1,48.19,63812.67,BTC-28AUG26,63452.41,0.028,63469.79,28AUG26,54000,,P,BTC-28AUG26-54000-P
0.01,0.011,423.9,0.01033768,1780919377110,31.7,40.01,63812.67,BTC-28AUG26,63452.41,0.0105,63469.79,28AUG26,81000,,C,BTC-28AUG26-81000-C
0.036,0.037,73.4,0.03667708,1780919377110,5.5,45.87,63650.95,BTC-31JUL26,63452.41,0.0365,63469.79,31JUL26,59000,,P,BTC-31JUL26-59000-P
0.0006,0.0007,937.8,0.00064213,1780919377110,97.1,94.42,63446.37,BTC-12JUN26,63452.41,0.00065,63469.79,12JUN26,52000,,P,BTC-12JUN26-52000-P
0.0025,0.003,1.1,0.00272628,1780919377110,0.0,44.27,63812.67,BTC-28AUG26,63452.41,0.00275,63469.79,28AUG26,95000,,C,BTC-28AUG26-95000-C
0.0002,0.0003,3835.1,0.00024336,1780919377110,0.0,69.15,63492.21,BTC-26JUN26,63452.41,0.00025,63469.79,26JUN26,95000,,C,BTC-26JUN26-95000-C
0.009,0.01,340.4,0.00945874,1780919377110,0.9,41.33,64020.69,BTC-25SEP26,63452.41,0.0095,63469.79,25SEP26,88000,,C,BTC-25SEP26-88000-C
0.12,0.121,15.7,0.12058137,1780919377110,0.0,43.94,64692.08,BTC-25DEC26,63452.41,0.1205,63469.79,25DEC26,66000,,C,BTC-25DEC26-66000-C
0.014,0.015,108.2,0.0147553,1780919377110,0.0,43.9,64692.08,BTC-25DEC26,63452.41,0.0145,63469.79,25DEC26,102000,,C,BTC-25DEC26-102000-C
0.0445,0.046,53.7,0.04538212,1780919377110,1.6,40.77,63812.67,BTC-28AUG26,63452.41,0.04525,63469.79,28AUG26,69000,,C,BTC-28AUG26-69000-C
0.029,0.0305,48.6,0.02969854,1780919377110,15.0,44.54,65391.42,BTC-26MAR27,63452.41,0.02975,63469.79,26MAR27,104000,,C,BTC-26MAR27-104000-C
0.443,0.5155,0.0,0.49143692,1780919377110,0.0,44.27,63812.67,BTC-28AUG26,63452.41,0.47925,63469.79,28AUG26,95000,,P,BTC-28AUG26-95000-P
0.0018,0.0022,2353.0,0.00191183,1780919377110,507.0,55.02,64692.2,BTC-25DEC26,63452.41,0.002,63469.79,25DEC26,170000,,C,BTC-25DEC26-170000-C
,0.0001,762.1,8.489e-05,1780919377110,7.0,101.05,63446.49,BTC-12JUN26,63452.41,,63469.79,12JUN26,85000,,C,BTC-12JUN26-85000-C
0.0845,0.086,433.3,0.08527937,1780919377110,17.5,42.34,64020.69,BTC-25SEP26,63452.41,0.08525,63469.79,25SEP26,65000,,C,BTC-25SEP26-65000-C
0.926,1.0925,0.2,1.00050425,1780919377110,0.0,47.08,65391.42,BTC-26MAR27,63452.41,1.00925,63469.79,26MAR27,130000,,P,BTC-26MAR27-130000-P
0.2965,0.3085,135.6,0.30582213,1780919377110,0.0,43.73,65391.42,BTC-26MAR27,63452.41,0.3025,63469.79,26MAR27,80000,,P,BTC-26MAR27-80000-P
0.043,0.044,1167.1,0.04347661,1780919377110,30.0,44.45,63492.21,BTC-26JUN26,63452.41,0.0435,63469.79,26JUN26,64000,,P,BTC-26JUN26-64000-P
0.0395,0.0775,0.0,0.0429564,1780919377110,0.0,50.94,63449.36,index_price,63452.41,0.0585,63469.79,10JUN26,66000,,P,BTC-10JUN26-66000-P
0.0945,0.096,288.5,0.09527478,1780919377110,6.4,43.45,63812.67,BTC-28AUG26,63452.41,0.09525,63469.79,28AUG26,62000,,C,BTC-28AUG26-62000-C
0.0022,0.0026,52.1,0.00247157,1780919377110,43.9,50.72,63449.36,index_price,63452.41,0.0024,63469.79,11JUN26,67000,,C,BTC-11JUN26-67000-C
0.148,0.1535,250.8,0.15087681,1780919377110,3.4,61.66,63446.49,BTC-12JUN26,63452.41,0.15075,63469.79,12JUN26,73000,,P,BTC-12JUN26-73000-P
,0.0002,174.4,4.133e-05,1780919377110,0.0,79.33,64020.81,BTC-25SEP26,63452.41,,63469.79,25SEP26,300000,,C,BTC-25SEP26-300000-C
0.4155,0.4195,66.8,0.41720763,1780919377110,0.1,53.51,65391.42,BTC-26MAR27,63452.41,0.4175,63469.79,26MAR27,40000,,C,BTC-26MAR27-40000-C
0.0008,0.0012,163.1,0.00097116,1780919377110,0.1,55.42,64020.69,BTC-25SEP26,63452.41,0.001,63469.79,25SEP26,135000,,C,BTC-25SEP26-135000-C
0.164,0.1715,307.8,0.16932353,1780919377110,0.0,40.83,64020.81,BTC-25SEP26,63452.41,0.16775,63469.79,25SEP26,72000,,P,BTC-25SEP26-72000-P
0.3075,0.4395,0.0,0.36580593,1780919377110,0.0,43.72,65391.42,BTC-26MAR27,63452.41,0.3735,63469.79,26MAR27,85000,,P,BTC-26MAR27-85000-P
0.166,0.1715,0.0,0.16946796,1780919377110,0.0,47.51,63812.67,BTC-28AUG26,63452.41,0.16875,63469.79,28AUG26,55000,,C,BTC-28AUG26-55000-C
0.077,0.0785,847.4,0.0777051,1780919377110,5.4,43.31,64020.69,BTC-25SEP26,63452.41,0.07775,63469.79,25SEP26,62000,,P,BTC-25SEP26-62000-P
0.0004,0.0006,1065.7,0.00049117,1780919377110,7.0,54.59,63446.37,BTC-12JUN26,63452.41,0.0005,63469.79,12JUN26,71000,,C,BTC-12JUN26-71000-C
0.009,0.0095,1232.5,0.00938427,1780919377110,1.4,39.26,63651.07,BTC-31JUL26,63452.41,0.00925,63469.79,31JUL26,76000,,C,BTC-31JUL26-76000-C
0.086,0.0895,4.7,0.08784956,1780919377110,2.9,51.36,63492.21,BTC-26JUN26,63452.41,0.08775,63469.79,26JUN26,59000,,C,BTC-26JUN26-59000-C
0.244,0.2475,5.8,0.2451496,1780919377110,0.0,47.05,65391.42,BTC-26MAR27,63452.41,0.24575,63469.79,26MAR27,55000,,C,BTC-26MAR27-55000-C
0.1825,0.1855,20.5,0.18397323,1780919377110,13.2,45.49,65391.42,BTC-26MAR27,63452.41,0.184,63469.79,26MAR27,62000,,C,BTC-26MAR27-62000-C
0.0011,0.0014,54.4,0.00122165,1780919377110,5.1,50.81,63812.67,BTC-28AUG26,63452.41,0.00125,63469.79,28AUG26,110000,,C,BTC-28AUG26-110000-C
0.23,0.2575,1.0,0.25455844,1780919377110,0.0,57.27,63650.95,BTC-31JUL26,63452.41,0.24375,63469.79,31JUL26,48000,,C,BTC-31JUL26-48000-C
0.867,0.8835,172.1,0.87588995,1780919377110,0.0,50.66,64020.69,BTC-25SEP26,63452.41,0.87525,63469.79,25SEP26,120000,,P,BTC-25SEP26-120000-P
0.0027,0.0032,9.1,0.0029386,1780919377110,0.0,43.88,63812.67,BTC-28AUG26,63452.41,0.00295,63469.79,28AUG26,94000,,C,BTC-28AUG26-94000-C
0.1065,0.1115,2826.6,0.10942914,1780919377110,3.6,41.19,63492.21,BTC-26JUN26,63452.41,0.109,63469.79,26JUN26,70000,,P,BTC-26JUN26-70000-P
0.0048,0.0055,1305.5,0.00501834,1780919377110,52.0,65.12,63454.53,BTC-19JUN26,63452.41,0.00515,63469.79,19JUN26,55000,,P,BTC-19JUN26-55000-P
0.0275,0.0285,1447.3,0.02800994,1780919377110,364.9,43.42,63492.21,BTC-26JUN26,63452.41,0.028,63469.79,26JUN26,65000,,C,BTC-26JUN26-65000-C
0.24,0.245,32.6,0.24260075,1780919377110,0.0,49.79,64020.69,BTC-25SEP26,63452.41,0.2425,63469.79,25SEP26,50000,,C,BTC-25SEP26-50000-C
0.0024,0.0028,4.3,0.00255564,1780919377110,0.0,44.72,63812.67,BTC-28AUG26,63452.41,0.0026,63469.79,28AUG26,96000,,C,BTC-28AUG26-96000-C
0.0105,0.0115,715.8,0.01112917,1780919377110,64.8,39.25,63651.07,BTC-31JUL26,63452.41,0.011,63469.79,31JUL26,75000,,C,BTC-31JUL26-75000-C
0.016,0.017,18.6,0.01672557,1780919377110,18.6,57.72,63446.49,BTC-12JUN26,63452.41,0.0165,63469.79,12JUN26,62500,,P,BTC-12JUN26-62500-P
0.3705,0.4725,0.1,0.41855514,1780919377110,0.0,113.87,63446.49,BTC-12JUN26,63452.41,0.4215,63469.79,12JUN26,90000,,P,BTC-12JUN26-90000-P
0.0003,0.0005,101.1,0.00039796,1780919377110,35.2,51.05,63449.36,index_price,63452.41,0.0004,63469.79,10JUN26,68000,,C,BTC-10JUN26-68000-C
0.0049,0.0055,261.3,0.00511505,1780919377110,0.4,43.33,64020.81,BTC-25SEP26,63452.41,0.0052,63469.79,25SEP26,96000,,C,BTC-25SEP26-96000-C
0.0215,0.023,49.8,0.02205692,1780919377110,0.0,45.2,65391.42,BTC-26MAR27,63452.41,0.02225,63469.79,26MAR27,112000,,C,BTC-26MAR27-112000-C
0.0745,0.076,262.6,0.07533005,1780919377110,12.1,43.71,65391.42,BTC-26MAR27,63452.41,0.07525,63469.79,26MAR27,82000,,C,BTC-26MAR27-82000-C
0.054,0.057,5.4,0.05544806,1780919377110,0.2,79.78,63449.36,index_price,63452.41,0.0555,63469.79,9JUN26,60000,,C,BTC-9JUN26-60000-C
0.0001,0.0002,1652.2,0.00013154,1780919377110,42.8,77.6,63446.49,BTC-12JUN26,63452.41,0.00015,63469.79,12JUN26,78000,,C,BTC-12JUN26-78000-C
,0.0002,2650.7,8.166e-05,1780919377110,58.0,122.22,63492.21,BTC-26JUN26,63452.41,,63469.79,26JUN26,150000,,C,BTC-26JUN26-150000-C
0.0005,0.0008,313.0,0.0006168,1780919377110,10.3,56.33,63650.95,BTC-31JUL26,63452.41,0.00065,63469.79,31JUL26,108000,,C,BTC-31JUL26-108000-C
0.179,0.182,83.7,0.1806159,1780919377111,0.0,46.54,64020.81,BTC-25SEP26,63452.41,0.1805,63469.79,25SEP26,55000,,C,BTC-25SEP26-55000-C
0.32,0.3265,38.5,0.32347129,1780919377111,0.0,54.51,63492.21,BTC-26JUN26,63452.41,0.32325,63469.79,26JUN26,84000,,P,BTC-26JUN26-84000-P
0.048,0.05,168.1,0.04900889,1780919377111,30.1,62.71,63446.37,BTC-12JUN26,63452.41,0.049,63469.79,12JUN26,61000,,C,BTC-12JUN26-61000-C
0.0345,0.0355,205.9,0.03491686,1780919377111,0.7,40.38,63650.95,BTC-31JUL26,63452.41,0.035,63469.79,31JUL26,68000,,C,BTC-31JUL26-68000-C
0.0014,0.0017,947.1,0.0015952,1780919377111,150.8,83.72,63446.49,BTC-12JUN26,63452.41,0.00155,63469.79,12JUN26,55000,,P,BTC-12JUN26-55000-P
0.0007,0.0011,187.8,0.00085396,1780919377111,0.2,51.29,63650.95,BTC-31JUL26,63452.41,0.0009,63469.79,31JUL26,100000,,C,BTC-31JUL26-100000-C
0.133,0.1535,0.0,0.15006885,1780919377111,0.0,87.2,63446.49,BTC-12JUN26,63452.41,0.14325,63469.79,12JUN26,54000,,C,BTC-12JUN26-54000-C
0.027,0.0305,1.0,0.0286362,1780919377111,1.0,53.89,63449.36,index_price,63452.41,0.02875,63469.79,11JUN26,64500,,P,BTC-11JUN26-64500-P
0.2105,0.2215,61.0,0.21901371,1780919377111,0.0,42.93,64692.2,BTC-25DEC26,63452.41,0.216,63469.79,25DEC26,74000,,P,BTC-25DEC26-74000-P
0.036,0.037,474.9,0.03667796,1780919377111,6.2,40.59,64020.69,BTC-25SEP26,63452.41,0.0365,63469.79,25SEP26,74000,,C,BTC-25SEP26-74000-C
0.0615,0.0625,187.6,0.06170663,1780919377111,44.7,42.36,63650.95,BTC-31JUL26,63452.41,0.062,63469.79,31JUL26,64000,,C,BTC-31JUL26-64000-C
0.0135,0.0145,1213.8,0.01410697,1780919377111,41.2,52.98,63492.21,BTC-26JUN26,63452.41,0.014,63469.79,26JUN26,58000,,P,BTC-26JUN26-58000-P
0.1795,0.185,211.3,0.18233407,1780919377111,0.0,69.6,63446.49,BTC-12JUN26,63452.41,0.18225,63469.79,12JUN26,75000,,P,BTC-12JUN26-75000-P
0.0405,0.0415,609.8,0.04074134,1780919377111,38.3,42.6,64692.08,BTC-25DEC26,63452.41,0.041,63469.79,25DEC26,84000,,C,BTC-25DEC26-84000-C
0.2495,0.342,0.0,0.29261248,1780919377111,0.0,62.69,63454.41,BTC-19JUN26,63452.41,0.29575,63469.79,19JUN26,82000,,P,BTC-19JUN26-82000-P
0.006,0.007,234.9,0.00651509,1780919377111,0.1,40.71,63812.67,BTC-28AUG26,63452.41,0.0065,63469.79,28AUG26,85000,,C,BTC-28AUG26-85000-C
0.055,0.0945,0.0,0.05860073,1780919377111,0.0,50.72,63449.36,index_price,63452.41,0.07475,63469.79,11JUN26,67000,,P,BTC-11JUN26-67000-P
0.212,0.221,599.6,0.21707605,1780919377111,0.0,40.41,64020.81,BTC-25SEP26,63452.41,0.2165,63469.79,25SEP26,76000,,P,BTC-25SEP26-76000-P
0.0021,0.0025,49.7,0.00224425,1780919377111,0.0,45.57,63812.67,BTC-28AUG26,63452.41,0.0023,63469.79,28AUG26,98000,,C,BTC-28AUG26-98000-C
0.0425,0.047,4.1,0.04405875,1780919377111,4.0,68.31,63449.36,index_price,63452.41,0.04475,63469.79,10JUN26,61000,,C,BTC-10JUN26-61000-C
0.0455,0.0485,14.2,0.04681656,1780919377111,14.8,65.41,63449.36,index_price,63452.41,0.047,63469.79,11JUN26,61000,,C,BTC-11JUN26-61000-C
0.0018,0.0022,118.9,0.0019936,1780919377111,0.0,46.45,63812.67,BTC-28AUG26,63452.41,0.002,63469.79,28AUG26,100000,,C,BTC-28AUG26-100000-C
0.0655,0.067,247.2,0.06641719,1780919377111,1.0,42.75,64692.08,BTC-25DEC26,63452.41,0.06625,63469.79,25DEC26,76000,,C,BTC-25DEC26-76000-C
0.0002,0.0003,3049.6,0.00026072,1780919377111,366.6,129.06,63492.21,BTC-26JUN26,63452.41,0.00025,63469.79,26JUN26,30000,,P,BTC-26JUN26-30000-P
0.009,0.0095,286.8,0.00921043,1780919377111,1.5,40.19,63812.67,BTC-28AUG26,63452.41,0.00925,63469.79,28AUG26,82000,,C,BTC-28AUG26-82000-C
0.013,0.014,60.0,0.01333095,1780919377111,13.0,44.12,64692.08,BTC-25DEC26,63452.41,0.0135,63469.79,25DEC26,104000,,C,BTC-25DEC26-104000-C
0.0007,0.0009,986.8,0.00068882,1780919377111,67.1,51.63,63446.49,BTC-12JUN26,63452.41,0.0008,63469.79,12JUN26,70000,,C,BTC-12JUN26-70000-C
0.0775,0.079,120.4,0.07827494,1780919377111,0.1,42.1,64020.69,BTC-25SEP26,63452.41,0.07825,63469.79,25SEP26,66000,,C,BTC-25SEP26-66000-C
0.079,0.13,0.0,0.10173018,1780919377111,0.0,99.56,63449.36,index_price,63452.41,0.1045,63469.79,9JUN26,57000,,C,BTC-9JUN26-57000-C
0.0004,0.0006,30.6,0.0005362,1780919377111,30.0,88.87,63449.36,index_price,63452.41,0.0005,63469.79,10JUN26,56000,,P,BTC-10JUN26-56000-P
1.3395,1.513,0.1,1.42169291,1780919377111,0.0,60.73,64020.69,BTC-25SEP26,63452.41,1.42625,63469.79,25SEP26,155000,,P,BTC-25SEP26-155000-P
0.0027,0.0032,1109.7,0.00289398,1780919377111,1.8,45.87,64020.69,BTC-25SEP26,63452.41,0.00295,63469.79,25SEP26,105000,,C,BTC-25SEP26-105000-C
0.021,0.022,140.4,0.0215396,1780919377111,16.6,39.43,63650.95,BTC-31JUL26,63452.41,0.0215,63469.79,31JUL26,71000,,C,BTC-31JUL26-71000-C
0.031,0.0325,1970.9,0.0319271,1780919377111,43.0,42.66,64692.08,BTC-25DEC26,63452.41,0.03175,63469.79,25DEC26,88000,,C,BTC-25DEC26-88000-C
0.016,0.0165,97.0,0.01601816,1780919377111,47.9,64.09,63449.36,index_price,63452.41,0.01625,63469.79,9JUN26,63000,,C,BTC-9JUN26-63000-C
0.0004,0.0005,1417.5,0.00042421,1780919377111,0.0,58.64,63454.53,BTC-19JUN26,63452.41,0.00045,63469.79,19JUN26,80000,,C,BTC-19JUN26-80000-C
0.0205,0.0215,167.4,0.02097726,1780919377111,32.0,45.53,63454.53,BTC-19JUN26,63452.41,0.021,63469.79,19JUN26,65000,,C,BTC-19JUN26-65000-C
0.0085,0.0095,36.6,0.00896356,1780919377111,29.9,52.65,63449.36,index_price,63452.41,0.009,63469.79,11JUN26,65000,,C,BTC-11JUN26-65000-C
0.5675,0.7195,0.0,0.63431736,1780919377111,0.0,44.63,65391.42,BTC-26MAR27,63452.41,0.6435,63469.79,26MAR27,105000,,P,BTC-26MAR27-105000-P
0.2605,0.28,0.5,0.26532123,1780919377111,0.0,39.9,63812.67,BTC-28AUG26,63452.41,0.27025,63469.79,28AUG26,80000,,P,BTC-28AUG26-80000-P
0.0015,0.0018,144.3,0.00155611,1780919377111,169.1,55.87,63449.36,index_price,63452.41,0.00165,63469.79,9JUN26,65500,,C,BTC-9JUN26-65500-C
0.1415,0.202,1.4,0.17069633,1780919377111,0.0,50.36,63651.07,BTC-31JUL26,63452.41,0.17175,63469.79,31JUL26,54000,,C,BTC-31JUL26-54000-C
0.0995,0.1385,0.0,0.11739576,1780919377111,0.0,104.71,63449.36,index_price,63452.41,0.119,63469.79,9JUN26,56000,,C,BTC-9JUN26-56000-C
0.1325,0.1375,281.5,0.1351739,1780919377111,9.2,57.81,63446.49,BTC-12JUN26,63452.41,0.135,63469.79,12JUN26,72000,,P,BTC-12JUN26-72000-P
1.7395,1.938,37.1,1.83500219,1780919377111,0.0,125.23,63492.21,BTC-26JUN26,63452.41,1.83875,63469.79,26JUN26,180000,,P,BTC-26JUN26-180000-P
0.0002,0.0003,1109.4,0.00022619,1780919377111,60.5,66.49,63454.53,BTC-19JUN26,63452.41,0.00025,63469.79,19JUN26,85000,,C,BTC-19JUN26-85000-C
0.728,0.7365,928.4,0.73263729,1780919377111,0.0,86.11,63492.21,BTC-26JUN26,63452.41,0.73225,63469.79,26JUN26,110000,,P,BTC-26JUN26-110000-P
0.0215,0.0225,82.9,0.02217709,1780919377111,5.0,49.77,63812.55,BTC-28AUG26,63452.41,0.022,63469.79,28AUG26,52000,,P,BTC-28AUG26-52000-P
0.292,0.302,194.7,0.29730159,1780919377111,1.0,40.5,64020.69,BTC-25SEP26,63452.41,0.297,63469.79,25SEP26,82000,,P,BTC-25SEP26-82000-P
0.666,0.821,0.0,0.73483163,1780919377111,0.0,45.2,65391.42,BTC-26MAR27,63452.41,0.7435,63469.79,26MAR27,112000,,P,BTC-26MAR27-112000-P
0.0036,0.004,2828.9,0.00374122,1780919377111,0.9,40.69,63650.95,BTC-31JUL26,63452.41,0.0038,63469.79,31JUL26,82000,,C,BTC-31JUL26-82000-C
0.1845,0.187,40.7,0.18578592,1780919377111,0.3,45.79,64692.08,BTC-25DEC26,63452.41,0.18575,63469.79,25DEC26,58000,,C,BTC-25DEC26-58000-C
0.0745,0.0755,171.2,0.0752292,1780919377111,29.0,41.82,63650.95,BTC-31JUL26,63452.41,0.075,63469.79,31JUL26,65000,,P,BTC-31JUL26-65000-P
0.0885,0.09,129.6,0.08936093,1780919377111,10.3,42.14,63812.67,BTC-28AUG26,63452.41,0.08925,63469.79,28AUG26,65000,,P,BTC-28AUG26-65000-P
0.6495,0.658,310.4,0.65390325,1780919377111,0.0,80.43,63492.21,BTC-26JUN26,63452.41,0.65375,63469.79,26JUN26,105000,,P,BTC-26JUN26-105000-P
0.0001,0.0003,29.4,0.00015445,1780919377111,31.7,52.16,63449.36,index_price,63452.41,0.0002,63469.79,10JUN26,69000,,C,BTC-10JUN26-69000-C
,0.0002,1942.1,0.00010275,1780919377111,0.0,100.76,63492.21,BTC-26JUN26,63452.41,,63469.79,26JUN26,125000,,C,BTC-26JUN26-125000-C
0.0005,0.0008,14.9,0.00058038,1780919377111,14.8,51.26,63449.36,index_price,63452.41,0.00065,63469.79,11JUN26,69000,,C,BTC-11JUN26-69000-C
0.3355,0.3425,2850.1,0.33920936,1780919377111,14.5,56.3,63492.21,BTC-26JUN26,63452.41,0.339,63469.79,26JUN26,85000,,P,BTC-26JUN26-85000-P
0.6845,0.686,102.6,0.68507916,1780919377111,10.1,173.63,63492.21,BTC-26JUN26,63452.41,0.68525,63469.79,26JUN26,20000,,C,BTC-26JUN26-20000-C
0.108,0.11,186.0,0.10919054,1780919377111,0.0,42.1,64020.69,BTC-25SEP26,63452.41,0.109,63469.79,25SEP26,66000,,P,BTC-25SEP26-66000-P
0.169,0.1845,0.0,0.18106392,1780919377111,0.0,94.42,63446.49,BTC-12JUN26,63452.41,0.17675,63469.79,12JUN26,52000,,C,BTC-12JUN26-52000-C
0.0375,0.039,1581.4,0.0383221,1780919377111,325.1,42.61,64692.2,BTC-25DEC26,63452.41,0.03825,63469.79,25DEC26,85000,,C,BTC-25DEC26-85000-C
0.148,0.1715,0.0,0.16805365,1780919377111,0.0,70.03,63454.53,BTC-19JUN26,63452.41,0.15975,63469.79,19JUN26,53000,,C,BTC-19JUN26-53000-C
0.5105,0.59,0.7,0.53293271,1780919377111,0.0,43.38,64692.08,BTC-25DEC26,63452.41,0.55025,63469.79,25DEC26,98000,,P,BTC-25DEC26-98000-P
0.4075,0.443,0.5,0.41438317,1780919377111,0.0,42.29,63812.67,BTC-28AUG26,63452.41,0.42525,63469.79,28AUG26,90000,,P,BTC-28AUG26-90000-P
0.0895,0.0905,166.1,0.09038249,1780919377111,47.9,43.84,65391.42,BTC-26MAR27,63452.41,0.09,63469.79,26MAR27,78000,,C,BTC-26MAR27-78000-C
0.021,0.022,721.0,0.02171315,1780919377111,37.3,42.56,63492.33,BTC-26JUN26,63452.41,0.0215,63469.79,26JUN26,66000,,C,BTC-26JUN26-66000-C
0.019,0.02,0.6,0.01939023,1780919377111,0.6,56.43,63449.36,index_price,63452.41,0.0195,63469.79,11JUN26,63500,,C,BTC-11JUN26-63500-C
0.093,0.0985,22.6,0.09557827,1780919377111,0.0,58.02,63454.53,BTC-19JUN26,63452.41,0.09575,63469.79,19JUN26,58000,,C,BTC-19JUN26-58000-C
0.332,0.3735,0.4,0.33851935,1780919377111,0.0,40.71,63812.67,BTC-28AUG26,63452.41,0.35275,63469.79,28AUG26,85000,,P,BTC-28AUG26-85000-P
0.116,0.138,0.1,0.13473363,1780919377111,0.0,83.72,63446.49,BTC-12JUN26,63452.41,0.127,63469.79,12JUN26,55000,,C,BTC-12JUN26-55000-C
2.0195,2.24,0.1,2.12424429,1780919377111,0.0,69.66,64020.69,BTC-25SEP26,63452.41,2.12975,63469.79,25SEP26,200000,,P,BTC-25SEP26-200000-P
0.0505,0.0515,73.2,0.0509812,1780919377111,0.4,41.08,63812.67,BTC-28AUG26,63452.41,0.051,63469.79,28AUG26,68000,,C,BTC-28AUG26-68000-C
0.979,1.116,106.4,1.04757711,1780919377111,0.0,103.99,63492.21,BTC-26JUN26,63452.41,1.0475,63469.79,26JUN26,130000,,P,BTC-26JUN26-130000-P
0.0007,0.0009,28.4,0.00085204,1780919377111,27.8,84.6,63449.36,index_price,63452.41,0.0008,63469.79,10JUN26,57000,,P,BTC-10JUN26-57000-P
0.204,0.2435,0.0,0.20730222,1780919377111,0.0,49.77,63812.67,BTC-28AUG26,63452.41,0.22375,63469.79,28AUG26,52000,,C,BTC-28AUG26-52000-C
0.058,0.0595,220.7,0.05880312,1780919377111,1.2,42.67,64692.08,BTC-25DEC26,63452.41,0.05875,63469.79,25DEC26,78000,,C,BTC-25DEC26-78000-C
0.0031,0.0034,3712.2,0.00326106,1780919377111,229.6,68.39,63492.21,BTC-26JUN26,63452.41,0.00325,63469.79,26JUN26,50000,,P,BTC-26JUN26-50000-P
0.3345,0.3445,482.3,0.34010487,1780919377111,0.0,40.86,64020.69,BTC-25SEP26,63452.41,0.3395,63469.79,25SEP26,85000,,P,BTC-25SEP26-85000-P
0.1695,0.2195,0.0,0.18169885,1780919377111,0.0,48.19,63812.67,BTC-28AUG26,63452.41,0.1945,63469.79,28AUG26,54000,,C,BTC-28AUG26-54000-C
0.0043,0.0046,45.4,0.00445774,1780919377111,42.0,70.26,63449.36,index_price,63452.41,0.00445,63469.79,10JUN26,60500,,P,BTC-10JUN26-60500-P
0.0005,0.0008,41.9,0.00067402,1780919377111,0.0,55.2,63650.95,BTC-31JUL26,63452.41,0.00065,63469.79,31JUL26,106000,,C,BTC-31JUL26-106000-C
0.0525,0.0535,577.1,0.05313661,1780919377111,23.1,43.63,63650.95,BTC-31JUL26,63452.41,0.053,63469.79,31JUL26,62000,,P,BTC-31JUL26-62000-P
