bid_price,ask_price,open_interest,mark_price,creation_timestamp_x,volume,mark_iv,underlying_price,underlying_index,estimated_delivery_price,mid_price,price_index,expiration_timestamp,strike,settlement_period,option_type,instrument_id,bid_size,ask_size
0.17,0.174,33.1,0.17174482,1782831697133,0.0,45.33,59516.19,BTC-25DEC26,58472.23,0.172,58465.41,25DEC26,54000,,C,BTC-25DEC26-54000-C,,
0.0005,0.0008,947.9,0.00057824,1782831697133,2.5,61.9,59516.19,BTC-25DEC26,58472.23,0.00065,58465.41,25DEC26,200000,,C,BTC-25DEC26-200000-C,,
0.005,0.0055,1174.6,0.0052845,1782831697133,12.8,58.8,58607.71,BTC-31JUL26,58472.23,0.00525,58465.41,31JUL26,46000,,P,BTC-31JUL26-46000-P,,
0.029,0.03,455.0,0.02955529,1782831697133,137.3,39.99,58607.71,BTC-31JUL26,58472.23,0.0295,58465.41,31JUL26,61000,,C,BTC-31JUL26-61000-C,,
,0.0001,251.6,5.14e-06,1782831697133,0.0,85.42,58960.96,BTC-25SEP26,58472.23,,58465.41,25SEP26,320000,,C,BTC-25SEP26-320000-C,,
0.0165,0.0845,0.0,0.04911114,1782831697133,0.0,54.84,58468.21,index_price,58472.23,0.0505,58465.41,4JUL26,56000,,C,BTC-4JUL26-56000-C,,
0.287,0.2985,1.0,0.29340847,1782831697133,0.0,43.36,60712.45,BTC-25JUN27,58472.23,0.29275,58465.41,25JUN27,72000,,P,BTC-25JUN27-72000-P,,
0.2785,0.2825,49.2,0.28084765,1782831697133,0.0,50.51,59515.52,BTC-25DEC26,58472.23,0.2805,58465.41,25DEC26,45000,,C,BTC-25DEC26-45000-C,,
0.116,0.1185,159.0,0.11751115,1782831697133,150.1,43.57,60708.43,BTC-25JUN27,58472.23,0.11725,58465.41,25JUN27,70000,,C,BTC-25JUN27-70000-C,,
0.2025,0.213,300.7,0.20684471,1782831697133,0.3,41.32,59515.52,BTC-25DEC26,58472.23,0.20775,58465.41,25DEC26,68000,,P,BTC-25DEC26-68000-P,,
0.0001,0.0003,309.6,0.00020282,1782831697133,0.0,50.82,58608.3,BTC-31JUL26,58472.23,0.0002,58465.41,31JUL26,87000,,C,BTC-31JUL26-87000-C,,
0.881,1.016,0.6,0.93521055,1782831697133,0.0,45.39,59515.52,BTC-25DEC26,58472.23,0.9485,58465.41,25DEC26,115000,,P,BTC-25DEC26-115000-P,,
0.637,0.715,0.2,0.65008074,1782831697133,0.0,42.41,60087.09,BTC-26MAR27,58472.23,0.676,58465.41,26MAR27,98000,,P,BTC-26MAR27-98000-P,,
0.0135,0.015,45.1,0.01409724,1782831697133,46.9,54.62,58472.23,index_price,58472.23,0.01425,58465.41,1JUL26,58000,,C,BTC-1JUL26-58000-C,,
0.693,0.7585,0.1,0.70241819,1782831697133,0.0,50.55,58754.13,BTC-28AUG26,58472.23,0.72575,58465.41,28AUG26,100000,,P,BTC-28AUG26-100000-P,,
0.0001,0.0003,842.5,0.00017815,1782831697133,0.0,58.71,58607.71,BTC-31JUL26,58472.23,0.0002,58465.41,31JUL26,94000,,C,BTC-31JUL26-94000-C,,
,0.0001,270.3,4.43e-06,1782831697133,30.0,69.67,58478.84,BTC-3JUL26,58472.23,,58465.41,3JUL26,72000,,C,BTC-3JUL26-72000-C,,
0.3595,0.3735,0.1,0.36672655,1782831697133,0.0,42.89,60708.43,BTC-25JUN27,58472.23,0.3665,58465.41,25JUN27,78000,,P,BTC-25JUN27-78000-P,,
0.0032,0.0034,699.0,0.00326222,1782831697133,3.1,40.17,58961.74,BTC-25SEP26,58472.23,0.0033,58465.41,25SEP26,84000,,C,BTC-25SEP26-84000-C,,
0.0675,0.0745,405.1,0.07039387,1782831697133,47.6,39.99,58607.71,BTC-31JUL26,58472.23,0.071,58465.41,31JUL26,61000,,P,BTC-31JUL26-61000-P,,
0.667,0.793,7.7,0.71928022,1782831697133,0.0,42.8,59515.52,BTC-25DEC26,58472.23,0.73,58465.41,25DEC26,102000,,P,BTC-25DEC26-102000-P,,
0.014,0.016,29.0,0.01497527,1782831697133,0.6,43.73,60708.43,BTC-25JUN27,58472.23,0.015,58465.41,25JUN27,120000,,C,BTC-25JUN27-120000-C,,
0.0135,0.0835,0.8,0.04450839,1782831697133,0.0,44.96,58472.23,index_price,58472.23,0.0485,58465.41,2JUL26,61000,,P,BTC-2JUL26-61000-P,,
0.0001,0.0004,168.8,0.00021041,1782831697133,0.1,70.2,58960.96,BTC-25SEP26,58472.23,0.00025,58465.41,25SEP26,165000,,C,BTC-25SEP26-165000-C,,
0.613,0.6805,0.0,0.66838081,1782831697133,0.0,48.94,58754.13,BTC-28AUG26,58472.23,0.64675,58465.41,28AUG26,98000,,P,BTC-28AUG26-98000-P,,
0.1375,0.1465,673.2,0.14121044,1782831697133,1.5,39.12,58960.96,BTC-25SEP26,58472.23,0.142,58465.41,25SEP26,65000,,P,BTC-25SEP26-65000-P,,
0.0435,0.0495,429.4,0.04608329,1782831697133,2.9,45.74,58474.82,BTC-3JUL26,58472.23,0.0465,58465.41,3JUL26,61000,,P,BTC-3JUL26-61000-P,,
0.0535,0.055,105.8,0.05424579,1782831697133,78.3,42.5,58607.71,BTC-31JUL26,58472.23,0.05425,58465.41,31JUL26,58000,,C,BTC-31JUL26-58000-C,,
1.7375,1.9475,0.1,1.83163581,1782831697133,0.0,51.41,60087.09,BTC-26MAR27,58472.23,1.8425,58465.41,26MAR27,170000,,P,BTC-26MAR27-170000-P,,
0.0017,0.0021,9.0,0.00196719,1782831697133,9.0,66.19,58468.21,index_price,58472.23,0.0019,58465.41,4JUL26,53000,,P,BTC-4JUL26-53000-P,,
0.023,0.0235,1541.6,0.02341815,1782831697133,73.9,39.32,58608.3,BTC-31JUL26,58472.23,0.02325,58465.41,31JUL26,62000,,C,BTC-31JUL26-62000-C,,
1.625,1.8175,0.6,1.71380788,1782831697133,0.0,68.37,58960.96,BTC-25SEP26,58472.23,1.72125,58465.41,25SEP26,160000,,P,BTC-25SEP26-160000-P,,
0.3555,0.372,618.4,0.3620241,1782831697133,0.0,39.25,58960.96,BTC-25SEP26,58472.23,0.36375,58465.41,25SEP26,80000,,P,BTC-25SEP26-80000-P,,
0.008,0.009,574.5,0.00857156,1782831697133,181.7,54.59,58478.84,BTC-3JUL26,58472.23,0.0085,58465.41,3JUL26,57000,,P,BTC-3JUL26-57000-P,,
0.0255,0.0265,88.3,0.02605115,1782831697133,9.1,44.92,58548.27,BTC-17JUL26,58472.23,0.026,58465.41,17JUL26,57000,,P,BTC-17JUL26-57000-P,,
0.001,0.0013,83.9,0.00120613,1782831697133,28.8,44.96,58472.23,index_price,58472.23,0.00115,58465.41,2JUL26,61000,,C,BTC-2JUL26-61000-C,,
,0.0002,739.8,0.00012722,1782831697134,0.0,72.31,58960.96,BTC-25SEP26,58472.23,,58465.41,25SEP26,180000,,C,BTC-25SEP26-180000-C,,
0.518,0.5955,14.0,0.52659763,1782831697134,0.0,41.99,60083.07,BTC-26MAR27,58472.23,0.55675,58465.41,26MAR27,90000,,P,BTC-26MAR27-90000-P,,
0.1025,0.1045,45.8,0.10344168,1782831697134,5.3,46.07,60087.09,BTC-26MAR27,58472.23,0.1035,58465.41,26MAR27,54000,,P,BTC-26MAR27-54000-P,,
0.0005,0.0009,34.8,0.00067359,1782831697134,16.2,44.98,58754.13,BTC-28AUG26,58472.23,0.0007,58465.41,28AUG26,90000,,C,BTC-28AUG26-90000-C,,
0.241,0.257,0.0,0.24770764,1782831697134,0.0,54.62,58521.1,BTC-10JUL26,58472.23,0.249,58465.41,10JUL26,73000,,P,BTC-10JUL26-73000-P,,
0.0004,0.0007,6989.5,0.00047097,1782831697134,14.2,45.45,58608.3,BTC-31JUL26,58472.23,0.00055,58465.41,31JUL26,80000,,C,BTC-31JUL26-80000-C,,
0.149,0.1515,558.4,0.15041231,1782831697134,0.3,44.44,60087.09,BTC-26MAR27,58472.23,0.15025,58465.41,26MAR27,60000,,P,BTC-26MAR27-60000-P,,
0.036,0.0375,746.2,0.03669756,1782831697134,289.7,40.72,58607.71,BTC-31JUL26,58472.23,0.03675,58465.41,31JUL26,60000,,C,BTC-31JUL26-60000-C,,
0.08,0.082,659.8,0.08092927,1782831697134,4.7,41.89,59515.52,BTC-25DEC26,58472.23,0.081,58465.41,25DEC26,65000,,C,BTC-25DEC26-65000-C,,
0.073,0.078,38.4,0.07575018,1782831697134,3.0,44.6,58607.71,BTC-31JUL26,58472.23,0.0755,58465.41,31JUL26,56000,,C,BTC-31JUL26-56000-C,,
0.093,0.1695,0.9,0.12907938,1782831697134,1.1,45.72,58754.13,BTC-28AUG26,58472.23,0.13125,58465.41,28AUG26,53000,,C,BTC-28AUG26-53000-C,,
0.0004,0.0009,989.4,0.00068001,1782831697134,0.0,60.62,59515.52,BTC-25DEC26,58472.23,0.00065,58465.41,25DEC26,190000,,C,BTC-25DEC26-190000-C,,
0.7725,0.7945,104.6,0.78154395,1782831697134,0.0,48.44,58961.74,BTC-25SEP26,58472.23,0.7835,58465.41,25SEP26,105000,,P,BTC-25SEP26-105000-P,,
0.0595,0.061,1831.4,0.06047321,1782831697134,115.1,40.72,58607.71,BTC-31JUL26,58472.23,0.06025,58465.41,31JUL26,60000,,P,BTC-31JUL26-60000-P,,
2.738,3.014,0.0,2.86491963,1782831697134,0.0,66.51,59515.52,BTC-25DEC26,58472.23,2.876,58465.41,25DEC26,230000,,P,BTC-25DEC26-230000-P,,
0.0145,0.015,1918.1,0.01491015,1782831697134,5.6,38.25,58960.96,BTC-25SEP26,58472.23,0.01475,58465.41,25SEP26,72000,,C,BTC-25SEP26-72000-C,,
1.133,1.29,21.4,1.2051636,1782831697134,0.0,58.76,58960.96,BTC-25SEP26,58472.23,1.2115,58465.41,25SEP26,130000,,P,BTC-25SEP26-130000-P,,
0.202,0.214,1518.7,0.20678635,1782831697134,1.0,38.24,58961.74,BTC-25SEP26,58472.23,0.208,58465.41,25SEP26,70000,,P,BTC-25SEP26-70000-P,,
,0.0001,1119.0,4.6e-07,1782831697134,0.0,75.47,58478.84,BTC-3JUL26,58472.23,,58465.41,3JUL26,76000,,C,BTC-3JUL26-76000-C,,
0.0031,0.0034,1898.7,0.00308013,1782831697134,0.6,48.31,60087.09,BTC-26MAR27,58472.23,0.00325,58465.41,26MAR27,150000,,C,BTC-26MAR27-150000-C,,
0.0365,0.0375,2165.0,0.0369372,1782831697134,722.4,50.51,59515.52,BTC-25DEC26,58472.23,0.037,58465.41,25DEC26,45000,,P,BTC-25DEC26-45000-P,,
0.151,0.2155,0.0,0.18346403,1782831697134,0.0,61.03,58548.27,BTC-17JUL26,58472.23,0.18325,58465.41,17JUL26,48000,,C,BTC-17JUL26-48000-C,,
0.012,0.013,265.4,0.0125543,1782831697134,21.5,48.27,58474.82,BTC-3JUL26,58472.23,0.0125,58465.41,3JUL26,59000,,C,BTC-3JUL26-59000-C,,
,0.0001,1695.3,4.839e-05,1782831697134,3.6,63.13,58474.82,BTC-3JUL26,58472.23,,58465.41,3JUL26,68000,,C,BTC-3JUL26-68000-C,,
0.0165,0.017,205.7,0.0168628,1782831697134,49.1,42.07,58521.1,BTC-10JUL26,58472.23,0.01675,58465.41,10JUL26,60000,,C,BTC-10JUL26-60000-C,,
0.1805,0.1835,917.5,0.18212815,1782831697134,16.3,45.13,60708.43,BTC-25JUN27,58472.23,0.182,58465.41,25JUN27,60000,,C,BTC-25JUN27-60000-C,,
0.0285,0.0305,0.0,0.02937255,1782831697134,0.0,49.83,58468.21,index_price,58472.23,0.0295,58465.41,4JUL26,57500,,C,BTC-4JUL26-57500-C,,
0.026,0.027,990.2,0.02624382,1782831697134,627.1,45.74,58607.71,BTC-31JUL26,58472.23,0.0265,58465.41,31JUL26,55000,,P,BTC-31JUL26-55000-P,,
0.032,0.039,0.0,0.03551479,1782831697134,0.0,51.39,58468.21,index_price,58472.23,0.0355,58465.41,4JUL26,57000,,C,BTC-4JUL26-57000-C,,
0.0002,0.0003,1760.0,0.00027617,1782831697134,5.1,56.69,58478.84,BTC-3JUL26,58472.23,0.00025,58465.41,3JUL26,65000,,C,BTC-3JUL26-65000-C,,
0.0029,0.0032,319.2,0.00310496,1782831697134,120.6,39.32,58548.27,BTC-17JUL26,58472.23,0.00305,58465.41,17JUL26,66000,,C,BTC-17JUL26-66000-C,,
0.2325,0.267,0.0,0.23655859,1782831697134,0.0,60.35,58608.3,BTC-31JUL26,58472.23,0.24975,58465.41,31JUL26,45000,,C,BTC-31JUL26-45000-C,,
,0.0002,232.5,1.506e-05,1782831697134,0.0,72.34,58961.74,BTC-25SEP26,58472.23,,58465.41,25SEP26,220000,,C,BTC-25SEP26-220000-C,,
0.081,0.121,0.0,0.08529485,1782831697134,0.0,53.51,58521.1,BTC-10JUL26,58472.23,0.101,58465.41,10JUL26,54000,,C,BTC-10JUL26-54000-C,,
0.012,0.0135,43.3,0.01289826,1782831697134,0.0,42.94,60087.09,BTC-26MAR27,58472.23,0.01275,58465.41,26MAR27,106000,,C,BTC-26MAR27-106000-C,,
0.0017,0.0022,533.4,0.00191275,1782831697134,0.0,39.92,58754.13,BTC-28AUG26,58472.23,0.00195,58465.41,28AUG26,80000,,C,BTC-28AUG26-80000-C,,
0.001,0.0012,3308.5,0.00098637,1782831697134,187.5,46.53,58960.96,BTC-25SEP26,58472.23,0.0011,58465.41,25SEP26,100000,,C,BTC-25SEP26-100000-C,,
0.0055,0.006,44.6,0.00569763,1782831697134,15.5,55.81,58472.23,index_price,58472.23,0.00575,58465.41,2JUL26,57000,,P,BTC-2JUL26-57000-P,,
0.026,0.096,0.0,0.05434069,1782831697134,0.0,43.14,58468.21,index_price,58472.23,0.061,58465.41,4JUL26,61500,,P,BTC-4JUL26-61500-P,,
0.0185,0.0195,78.6,0.01902002,1782831697134,0.0,42.41,60087.09,BTC-26MAR27,58472.23,0.019,58465.41,26MAR27,98000,,C,BTC-26MAR27-98000-C,,
0.1095,0.1885,0.0,0.14589824,1782831697134,0.0,61.81,58472.23,index_price,58472.23,0.149,58465.41,1JUL26,67000,,P,BTC-1JUL26-67000-P,,
0.0001,0.0003,353.5,0.00017814,1782831697134,0.0,56.35,58607.71,BTC-31JUL26,58472.23,0.0002,58465.41,31JUL26,92000,,C,BTC-31JUL26-92000-C,,
0.0885,0.0905,4192.0,0.08942052,1782831697134,74.3,41.01,58961.74,BTC-25SEP26,58472.23,0.0895,58465.41,25SEP26,60000,,P,BTC-25SEP26-60000-P,,
0.2515,0.2645,335.4,0.25678398,1782831697135,0.1,40.87,59516.19,BTC-25DEC26,58472.23,0.258,58465.41,25DEC26,72000,,P,BTC-25DEC26-72000-P,,
0.185,0.187,16.9,0.18577444,1782831697135,0.0,45.47,60087.09,BTC-26MAR27,58472.23,0.186,58465.41,26MAR27,56000,,C,BTC-26MAR27-56000-C,,
0.092,0.1005,569.8,0.09619957,1782831697135,5.6,39.49,58754.13,BTC-28AUG26,58472.23,0.09625,58465.41,28AUG26,62000,,P,BTC-28AUG26-62000-P,,
0.088,0.1375,0.0,0.09481979,1782831697135,0.0,45.7,58468.21,index_price,58472.23,0.11275,58465.41,4JUL26,64000,,P,BTC-4JUL26-64000-P,,
0.411,0.422,29.5,0.41653243,1782831697135,0.0,47.62,58607.71,BTC-31JUL26,58472.23,0.4165,58465.41,31JUL26,83000,,P,BTC-31JUL26-83000-P,,
0.15,0.153,40.2,0.15153434,1782831697135,0.3,44.49,59515.52,BTC-25DEC26,58472.23,0.1515,58465.41,25DEC26,56000,,C,BTC-25DEC26-56000-C,,
0.0375,0.0385,669.5,0.0378511,1782831697139,203.8,46.08,58961.74,BTC-25SEP26,58472.23,0.038,58465.41,25SEP26,52000,,P,BTC-25SEP26-52000-P,,
0.42,0.5355,1.7,0.46698029,1782831697139,0.0,41.9,60087.09,BTC-26MAR27,58472.23,0.47775,58465.41,26MAR27,86000,,P,BTC-26MAR27-86000-P,,
,0.0002,18.5,7.507e-05,1782831697139,6.2,52.82,58472.23,index_price,58472.23,,58465.41,2JUL26,64000,,C,BTC-2JUL26-64000-C,,
0.0365,0.038,1058.6,0.03694504,1782831697139,3.1,52.95,60087.09,BTC-26MAR27,58472.23,0.03725,58465.41,26MAR27,40000,,P,BTC-26MAR27-40000-P,,
0.0085,0.0095,52.2,0.00900846,1782831697139,44.4,47.64,58472.23,index_price,58472.23,0.009,58465.41,2JUL26,59000,,C,BTC-2JUL26-59000-C,,
0.0215,0.0225,119.1,0.02180246,1782831697139,6.3,50.96,58478.84,BTC-3JUL26,58472.23,0.022,58465.41,3JUL26,58000,,C,BTC-3JUL26-58000-C,,
0.0065,0.008,315.2,0.0071665,1782831697139,0.0,44.27,60087.09,BTC-26MAR27,58472.23,0.00725,58465.41,26MAR27,120000,,C,BTC-26MAR27-120000-C,,
0.3095,0.323,249.4,0.3145628,1782831697139,0.0,42.97,58607.71,BTC-31JUL26,58472.23,0.31625,58465.41,31JUL26,77000,,P,BTC-31JUL26-77000-P,,
0.007,0.009,89.4,0.00806323,1782831697139,57.3,45.12,60712.45,BTC-25JUN27,58472.23,0.008,58465.41,25JUN27,140000,,C,BTC-25JUN27-140000-C,,
,0.0002,763.9,7.354e-05,1782831697139,0.0,72.31,58961.74,BTC-25SEP26,58472.23,,58465.41,25SEP26,190000,,C,BTC-25SEP26-190000-C,,
0.0036,0.0041,127.4,0.00392194,1782831697139,144.2,43.16,58468.21,index_price,58472.23,0.00385,58465.41,4JUL26,61000,,C,BTC-4JUL26-61000-C,,
0.1165,0.119,73.1,0.11780914,1782831697139,1.2,45.47,60087.09,BTC-26MAR27,58472.23,0.11775,58465.41,26MAR27,56000,,P,BTC-26MAR27-56000-P,,
0.0205,0.022,1105.4,0.02152421,1782831697139,268.9,48.27,58478.84,BTC-3JUL26,58472.23,0.02125,58465.41,3JUL26,59000,,P,BTC-3JUL26-59000-P,,
0.2105,0.217,0.1,0.21513139,1782831697139,0.0,46.02,60712.45,BTC-25JUN27,58472.23,0.21375,58465.41,25JUN27,56000,,C,BTC-25JUN27-56000-C,,
0.0435,0.045,203.3,0.04424994,1782831697139,11.8,39.44,58960.96,BTC-25SEP26,58472.23,0.04425,58465.41,25SEP26,64000,,C,BTC-25SEP26-64000-C,,
0.005,0.0055,420.7,0.00535393,1782831697139,17.8,61.94,58754.13,BTC-28AUG26,58472.23,0.00525,58465.41,28AUG26,40000,,P,BTC-28AUG26-40000-P,,
0.0024,0.0028,45.0,0.00272665,1782831697139,45.2,43.14,58468.21,index_price,58472.23,0.0026,58465.41,4JUL26,61500,,C,BTC-4JUL26-61500-C,,
0.1905,0.252,0.0,0.22038983,1782831697139,0.0,58.8,58607.71,BTC-31JUL26,58472.23,0.22125,58465.41,31JUL26,46000,,C,BTC-31JUL26-46000-C,,
0.064,0.0655,3.8,0.06454879,1782831697139,2.6,43.53,58607.71,BTC-31JUL26,58472.23,0.06475,58465.41,31JUL26,57000,,C,BTC-31JUL26-57000-C,,
0.59,0.616,1.3,0.60409334,1782831697139,0.0,58.71,58607.71,BTC-31JUL26,58472.23,0.603,58465.41,31JUL26,94000,,P,BTC-31JUL26-94000-P,,
0.0009,0.0011,131.7,0.00102687,1782831697139,125.4,68.79,58472.23,index_price,58472.23,0.001,58465.41,1JUL26,56000,,P,BTC-1JUL26-56000-P,,
2.6095,2.871,1.8,2.73121152,1782831697139,0.0,72.34,58961.74,BTC-25SEP26,58472.23,2.74025,58465.41,25SEP26,220000,,P,BTC-25SEP26-220000-P,,
0.215,0.219,259.9,0.21675912,1782831697139,0.0,47.3,59515.52,BTC-25DEC26,58472.23,0.217,58465.41,25DEC26,50000,,C,BTC-25DEC26-50000-C,,
0.0535,0.093,12.8,0.05731455,1782831697139,0.0,49.04,58517.08,BTC-10JUL26,58472.23,0.07325,58465.41,10JUL26,56000,,C,BTC-10JUL26-56000-C,,
0.0165,0.0175,176.1,0.01727117,1782831697139,255.2,49.65,58474.82,BTC-3JUL26,58472.23,0.017,58465.41,3JUL26,58500,,P,BTC-3JUL26-58500-P,,
0.0615,0.0635,0.2,0.06254674,1782831697139,0.0,42.63,60712.45,BTC-25JUN27,58472.23,0.0625,58465.41,25JUN27,84000,,C,BTC-25JUN27-84000-C,,
0.031,0.032,1999.3,0.03127413,1782831697139,285.8,44.6,58607.71,BTC-31JUL26,58472.23,0.0315,58465.41,31JUL26,56000,,P,BTC-31JUL26-56000-P,,
0.0001,0.0004,382.8,0.00017812,1782831697139,0.0,51.43,58607.71,BTC-31JUL26,58472.23,0.00025,58465.41,31JUL26,88000,,C,BTC-31JUL26-88000-C,,
0.009,0.01,2274.1,0.00945921,1782831697139,307.0,58.73,58960.96,BTC-25SEP26,58472.23,0.0095,58465.41,25SEP26,40000,,P,BTC-25SEP26-40000-P,,
3.5935,3.9265,0.0,3.74880409,1782831697139,0.0,81.51,58960.96,BTC-25SEP26,58472.23,3.76,58465.41,25SEP26,280000,,P,BTC-25SEP26-280000-P,,
0.0017,0.0021,36.8,0.00194076,1782831697139,35.3,45.89,58478.84,BTC-3JUL26,58472.23,0.0019,58465.41,3JUL26,61500,,C,BTC-3JUL26-61500-C,,
0.09,0.0985,593.3,0.09329552,1782831697139,0.1,38.79,58607.71,BTC-31JUL26,58472.23,0.09425,58465.41,31JUL26,63000,,P,BTC-31JUL26-63000-P,,
0.8695,0.8895,46.3,0.8770643,1782831697139,0.0,74.05,58607.71,BTC-31JUL26,58472.23,0.8795,58465.41,31JUL26,110000,,P,BTC-31JUL26-110000-P,,
0.0001,0.0004,374.5,0.00017816,1782831697139,0.5,67.55,58607.71,BTC-31JUL26,58472.23,0.00025,58465.41,31JUL26,102000,,C,BTC-31JUL26-102000-C,,
0.0001,0.0004,282.1,0.00017815,1782831697139,0.0,61.0,58607.71,BTC-31JUL26,58472.23,0.00025,58465.41,31JUL26,96000,,C,BTC-31JUL26-96000-C,,
0.36,0.47,4.1,0.40900112,1782831697139,0.0,41.8,60087.09,BTC-26MAR27,58472.23,0.415,58465.41,26MAR27,82000,,P,BTC-26MAR27-82000-P,,
0.0865,0.088,331.9,0.08710035,1782831697139,4.5,42.08,59515.52,BTC-25DEC26,58472.23,0.08725,58465.41,25DEC26,64000,,C,BTC-25DEC26-64000-C,,
0.1225,0.1715,0.0,0.12882493,1782831697139,0.0,54.52,58472.23,index_price,58472.23,0.147,58465.41,2JUL26,66000,,P,BTC-2JUL26-66000-P,,
0.5935,0.6675,0.6,0.60322978,1782831697139,0.0,42.22,60083.07,BTC-26MAR27,58472.23,0.6305,58465.41,26MAR27,95000,,P,BTC-26MAR27-95000-P,,
0.0001,0.0002,174.2,0.00014227,1782831697139,15.1,74.05,58608.3,BTC-31JUL26,58472.23,0.00015,58465.41,31JUL26,110000,,C,BTC-31JUL26-110000-C,,
0.008,0.009,1266.8,0.00847409,1782831697139,0.1,41.84,59515.52,BTC-25DEC26,58472.23,0.0085,58465.41,25DEC26,95000,,C,BTC-25DEC26-95000-C,,
0.9785,1.125,4.0,1.0476229,1782831697139,0.0,78.39,58607.71,BTC-31JUL26,58472.23,1.05175,58465.41,31JUL26,120000,,P,BTC-31JUL26-120000-P,,
0.0012,0.0014,1825.8,0.00125626,1782831697139,0.0,44.1,58960.96,BTC-25SEP26,58472.23,0.0013,58465.41,25SEP26,95000,,C,BTC-25SEP26-95000-C,,
0.4105,0.414,24.1,0.41182648,1782831697139,0.0,66.0,58960.96,BTC-25SEP26,58472.23,0.41225,58465.41,25SEP26,35000,,C,BTC-25SEP26-35000-C,,
2.9005,3.1875,0.0,3.03281998,1782831697139,0.0,66.51,59515.52,BTC-25DEC26,58472.23,3.044,58465.41,25DEC26,240000,,P,BTC-25DEC26-240000-P,,
0.456,0.505,0.0,0.46467224,1782831697139,0.0,42.45,58754.13,BTC-28AUG26,58472.23,0.4805,58465.41,28AUG26,86000,,P,BTC-28AUG26-86000-P,,
0.003,0.0033,42.8,0.00316988,1782831697139,17.0,60.89,58472.23,index_price,58472.23,0.00315,58465.41,2JUL26,56000,,P,BTC-2JUL26-56000-P,,
0.4075,0.528,23.4,0.46087314,1782831697140,0.0,40.94,59515.52,BTC-25DEC26,58472.23,0.46775,58465.41,25DEC26,86000,,P,BTC-25DEC26-86000-P,,
0.0009,0.0013,992.5,0.00105061,1782831697140,89.2,41.27,58517.08,BTC-10JUL26,58472.23,0.0011,58465.41,10JUL26,66000,,C,BTC-10JUL26-66000-C,,
0.002,0.0025,57.3,0.00219596,1782831697140,0.6,39.51,58754.13,BTC-28AUG26,58472.23,0.00225,58465.41,28AUG26,79000,,C,BTC-28AUG26-79000-C,,
,0.0002,1000.2,4.288e-05,1782831697140,0.0,72.31,58960.96,BTC-25SEP26,58472.23,,58465.41,25SEP26,200000,,C,BTC-25SEP26-200000-C,,
0.324,0.3725,4.1,0.33012969,1782831697140,0.0,39.09,58754.13,BTC-28AUG26,58472.23,0.34825,58465.41,28AUG26,78000,,P,BTC-28AUG26-78000-P,,
1.416,1.603,0.5,1.49960164,1782831697140,0.0,48.31,60083.07,BTC-26MAR27,58472.23,1.5095,58465.41,26MAR27,150000,,P,BTC-26MAR27-150000-P,,
0.0395,0.0445,422.2,0.04220324,1782831697140,248.5,42.07,58521.1,BTC-10JUL26,58472.23,0.042,58465.41,10JUL26,60000,,P,BTC-10JUL26-60000-P,,
0.0165,0.0175,1921.9,0.01684687,1782831697140,79.5,52.72,58960.96,BTC-25SEP26,58472.23,0.017,58465.41,25SEP26,45000,,P,BTC-25SEP26-45000-P,,
0.01,0.0115,516.9,0.01073473,1782831697140,4.1,43.25,60087.09,BTC-26MAR27,58472.23,0.01075,58465.41,26MAR27,110000,,C,BTC-26MAR27-110000-C,,
0.125,0.133,53.5,0.12892509,1782831697140,0.0,41.27,58517.08,BTC-10JUL26,58472.23,0.129,58465.41,10JUL26,66000,,P,BTC-10JUL26-66000-P,,
0.0001,0.0005,495.0,0.00021059,1782831697140,0.0,62.45,58961.74,BTC-25SEP26,58472.23,0.0003,58465.41,25SEP26,145000,,C,BTC-25SEP26-145000-C,,
0.0055,0.0065,114.0,0.005975,1782831697140,0.0,44.83,60087.09,BTC-26MAR27,58472.23,0.006,58465.41,26MAR27,125000,,C,BTC-26MAR27-125000-C,,
1.438,1.622,2.1,1.5215261,1782831697140,0.0,53.34,59516.19,BTC-25DEC26,58472.23,1.53,58465.41,25DEC26,150000,,P,BTC-25DEC26-150000-P,,
0.919,1.087,0.0,0.99161697,1782831697140,0.0,43.73,60708.43,BTC-25JUN27,58472.23,1.003,58465.41,25JUN27,120000,,P,BTC-25JUN27-120000-P,,
0.0605,0.1275,0.0,0.09414106,1782831697140,0.0,77.22,58472.23,index_price,58472.23,0.094,58465.41,2JUL26,53000,,C,BTC-2JUL26-53000-C,,
0.0001,0.0004,1357.1,0.00021045,1782831697140,7.0,68.37,58960.96,BTC-25SEP26,58472.23,0.00025,58465.41,25SEP26,160000,,C,BTC-25SEP26-160000-C,,
0.0015,0.0018,332.7,0.00164667,1782831697140,16.6,69.35,58521.1,BTC-10JUL26,58472.23,0.00165,58465.41,10JUL26,48000,,P,BTC-10JUL26-48000-P,,
0.2055,0.2095,1.0,0.20746288,1782831697140,0.0,44.38,60712.45,BTC-25JUN27,58472.23,0.2075,58465.41,25JUN27,64000,,P,BTC-25JUN27-64000-P,,
0.0235,0.025,0.0,0.02424915,1782831697140,0.0,53.56,58472.23,index_price,58472.23,0.02425,58465.41,2JUL26,57500,,C,BTC-2JUL26-57500-C,,
,0.0001,3.9,6.09e-06,1782831697140,1.1,54.52,58472.23,index_price,58472.23,,58465.41,2JUL26,66000,,C,BTC-2JUL26-66000-C,,
0.115,0.1805,0.0,0.14832973,1782831697140,0.0,64.0,58517.08,BTC-10JUL26,58472.23,0.14775,58465.41,10JUL26,50000,,C,BTC-10JUL26-50000-C,,
0.0385,0.0395,3.9,0.03894227,1782831697140,1.6,42.66,60708.43,BTC-25JUN27,58472.23,0.039,58465.41,25JUN27,95000,,C,BTC-25JUN27-95000-C,,
0.0065,0.0075,207.5,0.00697275,1782831697140,0.0,42.21,59515.52,BTC-25DEC26,58472.23,0.007,58465.41,25DEC26,98000,,C,BTC-25DEC26-98000-C,,
0.5445,0.614,0.5,0.58703041,1782831697140,0.0,57.54,58607.71,BTC-31JUL26,58472.23,0.57925,58465.41,31JUL26,93000,,P,BTC-31JUL26-93000-P,,
0.7675,0.8835,0.0,0.81865831,1782831697140,0.0,43.95,59516.19,BTC-25DEC26,58472.23,0.8255,58465.41,25DEC26,108000,,P,BTC-25DEC26-108000-P,,
0.3105,0.323,0.0,0.31700515,1782831697140,0.0,43.15,60712.45,BTC-25JUN27,58472.23,0.31675,58465.41,25JUN27,74000,,P,BTC-25JUN27-74000-P,,
0.5875,0.6125,0.0,0.60040628,1782831697140,0.0,46.81,58753.32,BTC-28AUG26,58472.23,0.6,58465.41,28AUG26,94000,,P,BTC-28AUG26-94000-P,,
0.0023,0.0029,628.9,0.00261557,1782831697140,0.0,40.69,58961.74,BTC-25SEP26,58472.23,0.0026,58465.41,25SEP26,86000,,C,BTC-25SEP26-86000-C,,
0.0027,0.0033,2335.7,0.00298171,1782831697140,0.0,45.39,59515.52,BTC-25DEC26,58472.23,0.003,58465.41,25DEC26,115000,,C,BTC-25DEC26-115000-C,,
0.102,0.112,779.5,0.10631122,1782831697140,12.7,38.48,58607.71,BTC-31JUL26,58472.23,0.107,58465.41,31JUL26,64000,,P,BTC-31JUL26-64000-P,,
0.0001,0.0003,82.0,0.00017815,1782831697140,0.0,57.54,58607.71,BTC-31JUL26,58472.23,0.0002,58465.41,31JUL26,93000,,C,BTC-31JUL26-93000-C,,
1.255,1.432,0.0,1.33398909,1782831697140,0.0,46.93,60087.09,BTC-26MAR27,58472.23,1.3435,58465.41,26MAR27,140000,,P,BTC-26MAR27-140000-P,,
0.027,0.0305,14.9,0.02816781,1782831697140,15.5,44.75,58468.21,index_price,58472.23,0.02875,58465.41,4JUL26,59500,,P,BTC-4JUL26-59500-P,,
0.363,0.3765,927.0,0.3695276,1782831697140,0.0,40.81,59515.52,BTC-25DEC26,58472.23,0.36975,58465.41,25DEC26,80000,,P,BTC-25DEC26-80000-P,,
0.0585,0.06,902.4,0.05923098,1782831697140,7.8,43.3,58960.96,BTC-25SEP26,58472.23,0.05925,58465.41,25SEP26,56000,,P,BTC-25SEP26-56000-P,,
0.02,0.021,1179.0,0.02064213,1782831697140,190.0,48.71,58753.32,BTC-28AUG26,58472.23,0.0205,58465.41,28AUG26,50000,,P,BTC-28AUG26-50000-P,,
0.0345,0.1095,0.0,0.0689789,1782831697140,0.0,59.06,58472.23,index_price,58472.23,0.072,58465.41,1JUL26,62500,,P,BTC-1JUL26-62500-P,,
0.0001,0.0003,213.0,0.000171,1782831697140,166.6,82.21,58472.23,index_price,58472.23,0.0002,58465.41,1JUL26,54000,,P,BTC-1JUL26-54000-P,,
0.0445,0.0455,197.7,0.04493063,1782831697140,33.3,41.55,58607.71,BTC-31JUL26,58472.23,0.045,58465.41,31JUL26,59000,,C,BTC-31JUL26-59000-C,,
0.2475,0.2575,83.7,0.25318822,1782831697140,0.0,42.71,60083.07,BTC-26MAR27,58472.23,0.2525,58465.41,26MAR27,70000,,P,BTC-26MAR27-70000-P,,
0.0565,0.058,0.0,0.05721958,1782831697140,0.0,42.58,60708.43,BTC-25JUN27,58472.23,0.05725,58465.41,25JUN27,86000,,C,BTC-25JUN27-86000-C,,
0.1935,0.2635,0.4,0.23128974,1782831697140,0.0,69.67,58474.82,BTC-3JUL26,58472.23,0.2285,58465.41,3JUL26,72000,,P,BTC-3JUL26-72000-P,,
0.0002,0.0004,0.0,0.00029296,1782831697140,0.0,48.81,58468.21,index_price,58472.23,0.0003,58465.41,4JUL26,65000,,C,BTC-4JUL26-65000-C,,
0.4605,0.4785,15.2,0.46763312,1782831697140,0.0,49.97,58607.71,BTC-31JUL26,58472.23,0.4695,58465.41,31JUL26,86000,,P,BTC-31JUL26-86000-P,,
0.0455,0.1085,0.0,0.07746133,1782831697140,0.0,71.69,58472.23,index_price,58472.23,0.077,58465.41,2JUL26,54000,,C,BTC-2JUL26-54000-C,,
0.0036,0.0041,272.3,0.00390483,1782831697140,364.1,58.03,58472.23,index_price,58472.23,0.00385,58465.41,1JUL26,57500,,P,BTC-1JUL26-57500-P,,
0.122,0.124,36.0,0.12286078,1782831697140,0.3,43.63,60087.09,BTC-26MAR27,58472.23,0.123,58465.41,26MAR27,64000,,C,BTC-26MAR27-64000-C,,
0.3925,0.4065,157.7,0.39942699,1782831697140,0.0,40.81,59515.52,BTC-25DEC26,58472.23,0.3995,58465.41,25DEC26,82000,,P,BTC-25DEC26-82000-P,,
0.0023,0.0028,226.6,0.00252254,1782831697140,78.3,39.09,58754.13,BTC-28AUG26,58472.23,0.00255,58465.41,28AUG26,78000,,C,BTC-28AUG26-78000-C,,
0.1285,0.193,3.0,0.16294328,1782831697140,0.0,40.11,58547.57,BTC-17JUL26,58472.23,0.16075,58465.41,17JUL26,68000,,P,BTC-17JUL26-68000-P,,
0.517,0.5325,590.5,0.52405855,1782831697140,0.0,41.26,59515.52,BTC-25DEC26,58472.23,0.52475,58465.41,25DEC26,90000,,P,BTC-25DEC26-90000-P,,
0.0001,0.0003,74.2,0.00017815,1782831697140,0.1,59.86,58607.71,BTC-31JUL26,58472.23,0.0002,58465.41,31JUL26,95000,,C,BTC-31JUL26-95000-C,,
0.0005,0.0008,45.3,0.00057388,1782831697140,0.0,46.04,58754.13,BTC-28AUG26,58472.23,0.00065,58465.41,28AUG26,92000,,C,BTC-28AUG26-92000-C,,
0.2455,0.248,20.5,0.24635553,1782831697140,0.0,47.5,60087.09,BTC-26MAR27,58472.23,0.24675,58465.41,26MAR27,50000,,C,BTC-26MAR27-50000-C,,
0.327,0.34,433.6,0.33155385,1782831697140,0.0,44.04,58607.71,BTC-31JUL26,58472.23,0.3335,58465.41,31JUL26,78000,,P,BTC-31JUL26-78000-P,,
0.0025,0.003,513.3,0.00278009,1782831697140,192.2,64.0,58521.1,BTC-10JUL26,58472.23,0.00275,58465.41,10JUL26,50000,,P,BTC-10JUL26-50000-P,,
0.308,0.3735,0.0,0.34682371,1782831697140,0.0,39.51,58754.13,BTC-28AUG26,58472.23,0.34075,58465.41,28AUG26,79000,,P,BTC-28AUG26-79000-P,,
0.0065,0.007,12.3,0.00667841,1782831697140,12.3,54.84,58468.21,index_price,58472.23,0.00675,58465.41,4JUL26,56000,,P,BTC-4JUL26-56000-P,,
1.2335,1.417,0.0,1.3141452,1782831697140,0.0,45.12,60712.45,BTC-25JUN27,58472.23,1.32525,58465.41,25JUN27,140000,,P,BTC-25JUN27-140000-P,,
0.015,0.016,23.7,0.01551737,1782831697140,30.3,48.35,58468.21,index_price,58472.23,0.0155,58465.41,4JUL26,58000,,P,BTC-4JUL26-58000-P,,
1.9255,2.1435,0.0,2.0250772,1782831697140,0.0,58.55,59516.19,BTC-25DEC26,58472.23,2.0345,58465.41,25DEC26,180000,,P,BTC-25DEC26-180000-P,,
0.4585,0.552,0.0,0.49858921,1782831697140,0.0,43.74,58754.13,BTC-28AUG26,58472.23,0.50525,58465.41,28AUG26,88000,,P,BTC-28AUG26-88000-P,,
0.626,0.685,0.1,0.67234506,1782831697140,0.0,63.24,58607.71,BTC-31JUL26,58472.23,0.6555,58465.41,31JUL26,98000,,P,BTC-31JUL26-98000-P,,
0.016,0.017,274.3,0.01636106,1782831697140,9.0,47.74,58548.27,BTC-17JUL26,58472.23,0.0165,58465.41,17JUL26,55000,,P,BTC-17JUL26-55000-P,,
0.013,0.0835,0.0,0.04355557,1782831697140,0.0,51.44,58472.23,index_price,58472.23,0.04825,58465.41,1JUL26,61000,,P,BTC-1JUL26-61000-P,,
0.587,0.6465,0.0,0.63443706,1782831697140,0.0,48.49,58754.13,BTC-28AUG26,58472.23,0.61675,58465.41,28AUG26,96000,,P,BTC-28AUG26-96000-P,,
0.0505,0.0585,219.9,0.05348691,1782831697140,0.9,40.9,58521.1,BTC-10JUL26,58472.23,0.0545,58465.41,10JUL26,61000,,P,BTC-10JUL26-61000-P,,
0.0007,0.0012,140.0,0.00090025,1782831697140,0.5,42.45,58754.13,BTC-28AUG26,58472.23,0.00095,58465.41,28AUG26,86000,,C,BTC-28AUG26-86000-C,,
0.0885,0.0905,12.2,0.08957931,1782831697140,2.5,42.99,60708.43,BTC-25JUN27,58472.23,0.0895,58465.41,25JUN27,76000,,C,BTC-25JUN27-76000-C,,
0.276,0.289,227.5,0.28081475,1782831697140,0.0,42.01,58607.71,BTC-31JUL26,58472.23,0.2825,58465.41,31JUL26,75000,,P,BTC-31JUL26-75000-P,,
0.0145,0.0155,2222.4,0.01494493,1782831697140,1.2,59.51,59515.52,BTC-25DEC26,58472.23,0.015,58465.41,25DEC26,35000,,P,BTC-25DEC26-35000-P,,
1.461,1.6415,0.7,1.54420813,1782831697140,0.0,64.5,58960.96,BTC-25SEP26,58472.23,1.55125,58465.41,25SEP26,150000,,P,BTC-25SEP26-150000-P,,
0.082,0.084,26.1,0.08278433,1782831697140,10.2,42.45,58754.13,BTC-28AUG26,58472.23,0.083,58465.41,28AUG26,57000,,C,BTC-28AUG26-57000-C,,
0.0205,0.0215,321.0,0.02071176,1782831697140,119.9,46.3,58548.27,BTC-17JUL26,58472.23,0.021,58465.41,17JUL26,56000,,P,BTC-17JUL26-56000-P,,
,0.0001,0.3,1.26e-06,1782831697140,0.0,54.53,58472.23,index_price,58472.23,,58465.41,2JUL26,67000,,C,BTC-2JUL26-67000-C,,
0.0775,0.0795,2075.6,0.07852936,1782831697140,0.7,47.5,60087.09,BTC-26MAR27,58472.23,0.0785,58465.41,26MAR27,50000,,P,BTC-26MAR27-50000-P,,
0.0008,0.001,1324.7,0.00090134,1782831697140,130.9,76.08,58474.82,BTC-3JUL26,58472.23,0.0009,58465.41,3JUL26,52000,,P,BTC-3JUL26-52000-P,,
,0.0001,2.7,2e-08,1782831697140,0.0,61.78,58472.23,index_price,58472.23,,58465.41,1JUL26,66000,,C,BTC-1JUL26-66000-C,,
0.0018,0.002,878.5,0.00177605,1782831697140,0.0,54.3,60087.09,BTC-26MAR27,58472.23,0.0019,58465.41,26MAR27,190000,,C,BTC-26MAR27-190000-C,,
0.293,0.306,457.7,0.29762712,1782831697140,0.0,42.2,58608.3,BTC-31JUL26,58472.23,0.2995,58465.41,31JUL26,76000,,P,BTC-31JUL26-76000-P,,
0.0034,0.004,2651.8,0.00368481,1782831697140,0.0,44.35,59515.52,BTC-25DEC26,58472.23,0.0037,58465.41,25DEC26,110000,,C,BTC-25DEC26-110000-C,,
0.059,0.1365,0.0,0.09468728,1782831697140,0.0,52.82,58472.23,index_price,58472.23,0.09775,58465.41,2JUL26,64000,,P,BTC-2JUL26-64000-P,,
0.015,0.016,674.9,0.01563545,1782831697140,43.4,50.93,58753.32,BTC-28AUG26,58472.23,0.0155,58465.41,28AUG26,48000,,P,BTC-28AUG26-48000-P,,
0.0001,0.0004,507.0,0.00017816,1782831697140,0.0,69.63,58607.71,BTC-31JUL26,58472.23,0.00025,58465.41,31JUL26,104000,,C,BTC-31JUL26-104000-C,,
0.4715,0.5105,4.8,0.4946203,1782831697140,0.0,41.31,58961.74,BTC-25SEP26,58472.23,0.491,58465.41,25SEP26,88000,,P,BTC-25SEP26-88000-P,,
0.0255,0.0285,33.3,0.02656894,1782831697140,91.3,47.14,58474.82,BTC-3JUL26,58472.23,0.027,58465.41,3JUL26,59500,,P,BTC-3JUL26-59500-P,,
0.1175,0.185,0.0,0.15116293,1782831697140,0.0,56.9,58548.27,BTC-17JUL26,58472.23,0.15125,58465.41,17JUL26,50000,,C,BTC-17JUL26-50000-C,,
0.072,0.1185,0.0,0.07751154,1782831697140,0.0,61.62,58472.23,index_price,58472.23,0.09525,58465.41,1JUL26,63000,,P,BTC-1JUL26-63000-P,,
0.0001,0.0003,356.8,0.0001756,1782831697140,151.5,55.46,58472.23,index_price,58472.23,0.0002,58465.41,1JUL26,61500,,C,BTC-1JUL26-61500-C,,
0.2725,0.4055,19.6,0.32751325,1782831697140,0.0,42.14,60087.09,BTC-26MAR27,58472.23,0.339,58465.41,26MAR27,76000,,P,BTC-26MAR27-76000-P,,
0.008,0.009,953.8,0.008491,1782831697140,10.0,38.34,58960.96,BTC-25SEP26,58472.23,0.0085,58465.41,25SEP26,76000,,C,BTC-25SEP26-76000-C,,
0.0005,0.0008,1447.9,0.00059823,1782831697140,0.0,50.45,58960.96,BTC-25SEP26,58472.23,0.00065,58465.41,25SEP26,110000,,C,BTC-25SEP26-110000-C,,
0.021,0.0225,267.0,0.02166382,1782831697140,1.6,40.81,59515.52,BTC-25DEC26,58472.23,0.02175,58465.41,25DEC26,82000,,C,BTC-25DEC26-82000-C,,
0.0002,0.0005,1906.3,0.00038296,1782831697140,37.8,52.04,58478.84,BTC-3JUL26,58472.23,0.00035,58465.41,3JUL26,64000,,C,BTC-3JUL26-64000-C,,
0.158,0.2165,0.0,0.19641929,1782831697140,0.0,41.79,58548.27,BTC-17JUL26,58472.23,0.18725,58465.41,17JUL26,70000,,P,BTC-17JUL26-70000-P,,
0.0525,0.054,3193.4,0.05307006,1782831697140,412.9,43.92,58960.96,BTC-25SEP26,58472.23,0.05325,58465.41,25SEP26,55000,,P,BTC-25SEP26-55000-P,,
1.1135,1.275,52.1,1.18615373,1782831697140,0.0,48.95,59515.52,BTC-25DEC26,58472.23,1.19425,58465.41,25DEC26,130000,,P,BTC-25DEC26-130000-P,,
0.004,0.0045,604.1,0.00429538,1782831697140,829.1,45.74,58478.84,BTC-3JUL26,58472.23,0.00425,58465.41,3JUL26,60500,,C,BTC-3JUL26-60500-C,,
0.0046,0.0048,236.6,0.00451135,1782831697140,0.3,43.65,59516.19,BTC-25DEC26,58472.23,0.0047,58465.41,25DEC26,106000,,C,BTC-25DEC26-106000-C,,
0.504,0.506,268.4,0.50495058,1782831697140,0.0,64.95,59515.52,BTC-25DEC26,58472.23,0.505,58465.41,25DEC26,30000,,C,BTC-25DEC26-30000-C,,
0.14,0.1545,13.5,0.14566603,1782831697140,0.0,42.4,58517.08,BTC-10JUL26,58472.23,0.14725,58465.41,10JUL26,67000,,P,BTC-10JUL26-67000-P,,
0.0005,0.001,922.5,0.00071902,1782831697140,0.0,58.55,59515.52,BTC-25DEC26,58472.23,0.00075,58465.41,25DEC26,180000,,C,BTC-25DEC26-180000-C,,
0.1615,0.1725,426.4,0.16543113,1782831697140,0.0,38.57,58607.71,BTC-31JUL26,58472.23,0.167,58465.41,31JUL26,68000,,P,BTC-31JUL26-68000-P,,
0.2605,0.275,110.7,0.26629229,1782831697140,0.0,38.26,58961.74,BTC-25SEP26,58472.23,0.26775,58465.41,25SEP26,74000,,P,BTC-25SEP26-74000-P,,
0.7355,0.8485,0.1,0.78552228,1782831697140,0.0,43.65,59516.19,BTC-25DEC26,58472.23,0.792,58465.41,25DEC26,106000,,P,BTC-25DEC26-106000-P,,
0.418,0.464,0.3,0.43088786,1782831697140,0.0,41.67,58754.13,BTC-28AUG26,58472.23,0.441,58465.41,28AUG26,84000,,P,BTC-28AUG26-84000-P,,
0.4515,0.564,4.4,0.49653335,1782831697140,0.0,41.92,60083.07,BTC-26MAR27,58472.23,0.50775,58465.41,26MAR27,88000,,P,BTC-26MAR27-88000-P,,
0.0001,0.0004,162.4,0.00017813,1782831697140,0.0,52.69,58608.3,BTC-31JUL26,58472.23,0.00025,58465.41,31JUL26,89000,,C,BTC-31JUL26-89000-C,,
0.0365,0.038,298.1,0.03713566,1782831697140,29.0,43.53,58608.3,BTC-31JUL26,58472.23,0.03725,58465.41,31JUL26,57000,,P,BTC-31JUL26-57000-P,,
0.141,0.1445,678.5,0.1424128,1782831697140,21.0,42.53,59515.52,BTC-25DEC26,58472.23,0.14275,58465.41,25DEC26,62000,,P,BTC-25DEC26-62000-P,,
0.25,0.256,153.4,0.25364759,1782831697140,0.0,52.72,58960.96,BTC-25SEP26,58472.23,0.253,58465.41,25SEP26,45000,,C,BTC-25SEP26-45000-C,,
0.0925,0.164,0.5,0.12799577,1782831697140,0.0,49.45,58607.71,BTC-31JUL26,58472.23,0.12825,58465.41,31JUL26,52000,,C,BTC-31JUL26-52000-C,,
0.0205,0.067,0.0,0.03080863,1782831697141,0.0,55.81,58472.23,index_price,58472.23,0.04375,58465.41,2JUL26,57000,,C,BTC-2JUL26-57000-C,,
0.0105,0.011,291.6,0.01105746,1782831697141,30.5,40.9,58521.1,BTC-10JUL26,58472.23,0.01075,58465.41,10JUL26,61000,,C,BTC-10JUL26-61000-C,,
0.0015,0.0018,471.5,0.00151776,1782831697141,0.0,55.28,60087.09,BTC-26MAR27,58472.23,0.00165,58465.41,26MAR27,200000,,C,BTC-26MAR27-200000-C,,
0.6265,0.651,0.1,0.6382192,1782831697141,0.0,61.0,58607.71,BTC-31JUL26,58472.23,0.63875,58465.41,31JUL26,96000,,P,BTC-31JUL26-96000-P,,
,0.0001,103.3,2.514e-05,1782831697141,51.6,61.62,58472.23,index_price,58472.23,,58465.41,1JUL26,63000,,C,BTC-1JUL26-63000-C,,
0.1905,0.206,18.2,0.19710422,1782831697141,0.0,68.66,58478.84,BTC-3JUL26,58472.23,0.19825,58465.41,3JUL26,70000,,P,BTC-3JUL26-70000-P,,
0.01,0.0105,72.8,0.01025749,1782831697141,100.5,51.14,58472.23,index_price,58472.23,0.01025,58465.41,2JUL26,58000,,P,BTC-2JUL26-58000-P,,
1.2755,1.4485,0.2,1.35380897,1782831697141,0.0,51.34,59515.52,BTC-25DEC26,58472.23,1.362,58465.41,25DEC26,140000,,P,BTC-25DEC26-140000-P,,
1.051,1.2025,22.7,1.12042304,1782831697141,0.0,57.09,58960.96,BTC-25SEP26,58472.23,1.12675,58465.41,25SEP26,125000,,P,BTC-25SEP26-125000-P,,
0.0165,0.0245,136.0,0.02001451,1782831697141,181.8,47.58,58472.23,index_price,58472.23,0.0205,58465.41,1JUL26,59500,,P,BTC-1JUL26-59500-P,,
0.524,0.594,1.0,0.56646949,1782831697141,0.0,46.04,58754.13,BTC-28AUG26,58472.23,0.559,58465.41,28AUG26,92000,,P,BTC-28AUG26-92000-P,,
0.012,0.013,24.0,0.01258893,1782831697141,24.0,49.83,58468.21,index_price,58472.23,0.0125,58465.41,4JUL26,57500,,P,BTC-4JUL26-57500-P,,
0.6505,0.776,0.0,0.71320679,1782831697141,0.0,42.64,60087.09,BTC-26MAR27,58472.23,0.71325,58465.41,26MAR27,102000,,P,BTC-26MAR27-102000-P,,
0.275,0.2885,27.8,0.28063595,1782831697141,0.0,38.23,58754.13,BTC-28AUG26,58472.23,0.28175,58465.41,28AUG26,75000,,P,BTC-28AUG26-75000-P,,
0.0205,0.0215,114.0,0.02101754,1782831697141,0.9,42.29,60087.09,BTC-26MAR27,58472.23,0.021,58465.41,26MAR27,96000,,C,BTC-26MAR27-96000-C,,
0.639,0.6835,0.1,0.66320577,1782831697141,0.0,45.82,58960.96,BTC-25SEP26,58472.23,0.66125,58465.41,25SEP26,98000,,P,BTC-25SEP26-98000-P,,
0.3265,0.334,32.4,0.33105985,1782831697141,0.0,58.73,58960.96,BTC-25SEP26,58472.23,0.33025,58465.41,25SEP26,40000,,C,BTC-25SEP26-40000-C,,
0.0027,0.0033,89.5,0.00294649,1782831697141,1.3,38.77,58754.13,BTC-28AUG26,58472.23,0.003,58465.41,28AUG26,77000,,C,BTC-28AUG26-77000-C,,
0.0001,0.0004,331.6,0.00021049,1782831697141,0.0,66.47,58961.74,BTC-25SEP26,58472.23,0.00025,58465.41,25SEP26,155000,,C,BTC-25SEP26-155000-C,,
0.672,0.7435,0.0,0.67892732,1782831697141,0.0,42.8,60712.45,BTC-25JUN27,58472.23,0.70775,58465.41,25JUN27,100000,,P,BTC-25JUN27-100000-P,,
0.007,0.008,23.6,0.00780868,1782831697141,23.6,43.89,58468.21,index_price,58472.23,0.0075,58465.41,4JUL26,60000,,C,BTC-4JUL26-60000-C,,
0.0042,0.0047,607.2,0.00439033,1782831697141,465.9,60.35,58608.3,BTC-31JUL26,58472.23,0.00445,58465.41,31JUL26,45000,,P,BTC-31JUL26-45000-P,,
0.3505,0.4085,0.0,0.39715221,1782831697141,0.0,40.73,58754.13,BTC-28AUG26,58472.23,0.3795,58465.41,28AUG26,82000,,P,BTC-28AUG26-82000-P,,
0.0007,0.0009,9.1,0.00085812,1782831697141,9.1,43.72,58468.21,index_price,58472.23,0.0008,58465.41,4JUL26,63000,,C,BTC-4JUL26-63000-C,,
0.226,0.24,1046.8,0.23115271,1782831697141,0.7,41.05,59515.52,BTC-25DEC26,58472.23,0.233,58465.41,25DEC26,70000,,P,BTC-25DEC26-70000-P,,
0.175,0.186,654.8,0.17910708,1782831697141,10.0,38.45,58960.96,BTC-25SEP26,58472.23,0.1805,58465.41,25SEP26,68000,,P,BTC-25SEP26-68000-P,,
0.0019,0.0024,626.3,0.00213314,1782831697141,0.0,47.67,59515.52,BTC-25DEC26,58472.23,0.00215,58465.41,25DEC26,125000,,C,BTC-25DEC26-125000-C,,
0.0215,0.023,142.4,0.02209949,1782831697141,2.3,42.22,60083.07,BTC-26MAR27,58472.23,0.02225,58465.41,26MAR27,95000,,C,BTC-26MAR27-95000-C,,
0.0485,0.05,432.3,0.04904244,1782831697141,405.8,52.16,60708.43,BTC-25JUN27,58472.23,0.04925,58465.41,25JUN27,40000,,P,BTC-25JUN27-40000-P,,
0.054,0.056,1018.2,0.05501342,1782831697141,0.9,41.05,59515.52,BTC-25DEC26,58472.23,0.055,58465.41,25DEC26,70000,,C,BTC-25DEC26-70000-C,,
0.0005,0.0007,431.9,0.00056977,1782831697141,22.1,44.96,58607.71,BTC-31JUL26,58472.23,0.0006,58465.41,31JUL26,79000,,C,BTC-31JUL26-79000-C,,
0.0085,0.0095,1790.9,0.00901028,1782831697141,0.6,64.95,59516.19,BTC-25DEC26,58472.23,0.009,58465.41,25DEC26,30000,,P,BTC-25DEC26-30000-P,,
0.0002,0.0004,1182.0,0.00021938,1782831697141,0.0,60.54,58960.96,BTC-25SEP26,58472.23,0.0003,58465.41,25SEP26,140000,,C,BTC-25SEP26-140000-C,,
0.5725,0.6775,20.0,0.60378361,1782831697141,0.0,42.66,60708.43,BTC-25JUN27,58472.23,0.625,58465.41,25JUN27,95000,,P,BTC-25JUN27-95000-P,,
0.006,0.0065,3680.9,0.00612342,1782831697141,23.1,42.44,59515.52,BTC-25DEC26,58472.23,0.00625,58465.41,25DEC26,100000,,C,BTC-25DEC26-100000-C,,
0.0026,0.003,342.6,0.00291101,1782831697141,152.9,45.74,58478.84,BTC-3JUL26,58472.23,0.0028,58465.41,3JUL26,61000,,C,BTC-3JUL26-61000-C,,
0.366,0.488,0.1,0.41906302,1782831697141,0.0,42.68,60708.43,BTC-25JUN27,58472.23,0.427,58465.41,25JUN27,82000,,P,BTC-25JUN27-82000-P,,
1.953,2.1685,7.3,2.05292433,1782831697141,0.0,72.31,58960.96,BTC-25SEP26,58472.23,2.06075,58465.41,25SEP26,180000,,P,BTC-25SEP26-180000-P,,
0.259,0.272,130.7,0.26391406,1782831697141,0.5,41.0,58608.3,BTC-31JUL26,58472.23,0.2655,58465.41,31JUL26,74000,,P,BTC-31JUL26-74000-P,,
0.404,0.4855,22.2,0.45063349,1782831697141,0.0,49.97,58607.71,BTC-31JUL26,58472.23,0.44475,58465.41,31JUL26,85000,,P,BTC-31JUL26-85000-P,,
0.0006,0.0009,1515.9,0.00070254,1782831697141,31.4,42.4,58517.08,BTC-10JUL26,58472.23,0.00075,58465.41,10JUL26,67000,,C,BTC-10JUL26-67000-C,,
0.167,0.17,247.3,0.16856793,1782831697141,3.1,44.0,60087.09,BTC-26MAR27,58472.23,0.1685,58465.41,26MAR27,62000,,P,BTC-26MAR27-62000-P,,
0.707,0.774,0.4,0.73079884,1782831697141,0.0,47.32,58960.96,BTC-25SEP26,58472.23,0.7405,58465.41,25SEP26,102000,,P,BTC-25SEP26-102000-P,,
0.063,0.0645,411.5,0.06368313,1782831697141,323.2,41.07,58754.13,BTC-28AUG26,58472.23,0.06375,58465.41,28AUG26,59000,,C,BTC-28AUG26-59000-C,,
0.0165,0.0175,42.5,0.01685185,1782831697141,42.5,49.65,58474.82,BTC-3JUL26,58472.23,0.017,58465.41,3JUL26,58500,,C,BTC-3JUL26-58500-C,,
0.0045,0.005,841.5,0.00485583,1782831697141,0.4,43.64,59515.52,BTC-25DEC26,58472.23,0.00475,58465.41,25DEC26,105000,,C,BTC-25DEC26-105000-C,,
0.1065,0.109,1188.9,0.10750934,1782831697141,1.2,43.77,59515.52,BTC-25DEC26,58472.23,0.10775,58465.41,25DEC26,58000,,P,BTC-25DEC26-58000-P,,
0.3435,0.354,173.5,0.34854104,1782831697141,0.0,44.96,58607.71,BTC-31JUL26,58472.23,0.34875,58465.41,31JUL26,79000,,P,BTC-31JUL26-79000-P,,
0.0005,0.0007,149.4,0.00061679,1782831697141,51.8,77.22,58472.23,index_price,58472.23,0.0006,58465.41,2JUL26,53000,,P,BTC-2JUL26-53000-P,,
1.379,1.5535,0.2,1.45940826,1782831697141,0.0,62.45,58961.74,BTC-25SEP26,58472.23,1.46625,58465.41,25SEP26,145000,,P,BTC-25SEP26-145000-P,,
0.0002,0.0004,122.0,0.00028428,1782831697141,66.9,48.53,58472.23,index_price,58472.23,0.0003,58465.41,2JUL26,62500,,C,BTC-2JUL26-62500-C,,
0.064,0.145,0.0,0.09965042,1782831697141,0.0,39.31,58548.27,BTC-17JUL26,58472.23,0.1045,58465.41,17JUL26,64000,,P,BTC-17JUL26-64000-P,,
0.0046,0.0049,341.4,0.00473594,1782831697141,72.6,58.75,58517.08,BTC-10JUL26,58472.23,0.00475,58465.41,10JUL26,52000,,P,BTC-10JUL26-52000-P,,
0.024,0.025,277.6,0.02448708,1782831697141,43.8,43.52,58521.1,BTC-10JUL26,58472.23,0.0245,58465.41,10JUL26,59000,,C,BTC-10JUL26-59000-C,,
,0.0001,1376.2,2.127e-05,1782831697141,28.3,68.66,58478.84,BTC-3JUL26,58472.23,,58465.41,3JUL26,70000,,C,BTC-3JUL26-70000-C,,
0.043,0.1205,0.0,0.07812129,1782831697142,0.0,43.72,58468.21,index_price,58472.23,0.08175,58465.41,4JUL26,63000,,P,BTC-4JUL26-63000-P,,
0.0265,0.098,0.1,0.06286007,1782831697142,0.0,63.12,58474.82,BTC-3JUL26,58472.23,0.06225,58465.41,3JUL26,55000,,C,BTC-3JUL26-55000-C,,
0.0041,0.0045,650.0,0.00442613,1782831697142,64.7,40.19,58517.08,BTC-10JUL26,58472.23,0.0043,58465.41,10JUL26,63000,,C,BTC-10JUL26-63000-C,,
0.7375,0.8175,0.0,0.78740872,1782831697142,0.0,52.49,58754.13,BTC-28AUG26,58472.23,0.7775,58465.41,28AUG26,105000,,P,BTC-28AUG26-105000-P,,
0.014,0.015,2341.0,0.01429895,1782831697142,42.9,49.04,58521.1,BTC-10JUL26,58472.23,0.0145,58465.41,10JUL26,56000,,P,BTC-10JUL26-56000-P,,
0.533,0.6565,5.2,0.58836939,1782831697142,0.0,41.65,59515.52,BTC-25DEC26,58472.23,0.59475,58465.41,25DEC26,94000,,P,BTC-25DEC26-94000-P,,
0.13,0.1415,470.4,0.13485292,1782831697142,0.0,38.47,58607.71,BTC-31JUL26,58472.23,0.13575,58465.41,31JUL26,66000,,P,BTC-31JUL26-66000-P,,
0.0003,0.0007,254.5,0.00046226,1782831697142,0.0,64.65,59516.19,BTC-25DEC26,58472.23,0.0005,58465.41,25DEC26,220000,,C,BTC-25DEC26-220000-C,,
0.049,0.0505,979.4,0.04979443,1782831697142,0.9,41.93,60087.09,BTC-26MAR27,58472.23,0.04975,58465.41,26MAR27,80000,,C,BTC-26MAR27-80000-C,,
1.871,2.081,0.2,1.96816506,1782831697142,0.0,72.31,58960.96,BTC-25SEP26,58472.23,1.976,58465.41,25SEP26,175000,,P,BTC-25SEP26-175000-P,,
0.0007,0.001,1160.9,0.0008336,1782831697142,36.7,41.79,58548.27,BTC-17JUL26,58472.23,0.00085,58465.41,17JUL26,70000,,C,BTC-17JUL26-70000-C,,
0.139,0.1415,0.6,0.14030476,1782831697142,0.0,44.06,60712.45,BTC-25JUN27,58472.23,0.14025,58465.41,25JUN27,66000,,C,BTC-25JUN27-66000-C,,
0.0915,0.0935,122.5,0.09244578,1782831697142,0.0,44.49,59515.52,BTC-25DEC26,58472.23,0.0925,58465.41,25DEC26,56000,,P,BTC-25DEC26-56000-P,,
0.0038,0.0044,1212.8,0.00409062,1782831697142,457.7,38.23,58754.13,BTC-28AUG26,58472.23,0.0041,58465.41,28AUG26,75000,,C,BTC-28AUG26-75000-C,,
0.276,0.29,2961.0,0.28174596,1782831697142,0.5,38.26,58960.96,BTC-25SEP26,58472.23,0.283,58465.41,25SEP26,75000,,P,BTC-25SEP26-75000-P,,
0.222,0.232,1.0,0.22745769,1782831697142,0.8,44.06,60712.45,BTC-25JUN27,58472.23,0.227,58465.41,25JUN27,66000,,P,BTC-25JUN27-66000-P,,
0.0085,0.0095,110.4,0.00898234,1782831697143,0.0,41.65,59515.52,BTC-25DEC26,58472.23,0.009,58465.41,25DEC26,94000,,C,BTC-25DEC26-94000-C,,
0.0013,0.0018,1440.8,0.00153038,1782831697143,400.4,51.34,59516.19,BTC-25DEC26,58472.23,0.00155,58465.41,25DEC26,140000,,C,BTC-25DEC26-140000-C,,
0.0043,0.0046,316.4,0.00454118,1782831697143,13.2,39.3,58548.27,BTC-17JUL26,58472.23,0.00445,58465.41,17JUL26,65000,,C,BTC-17JUL26-65000-C,,
0.0016,0.0021,3048.1,0.00181574,1782831697143,125.9,42.09,58960.96,BTC-25SEP26,58472.23,0.00185,58465.41,25SEP26,90000,,C,BTC-25SEP26-90000-C,,
0.0065,0.007,936.4,0.00716075,1782831697143,14.5,38.05,58753.32,BTC-28AUG26,58472.23,0.00675,58465.41,28AUG26,72000,,C,BTC-28AUG26-72000-C,,
0.0635,0.0705,215.0,0.06652544,1782831697143,0.2,40.21,58521.1,BTC-10JUL26,58472.23,0.067,58465.41,10JUL26,62000,,P,BTC-10JUL26-62000-P,,
0.1085,0.1105,12.2,0.10947188,1782831697143,0.0,43.3,58960.96,BTC-25SEP26,58472.23,0.1095,58465.41,25SEP26,56000,,C,BTC-25SEP26-56000-C,,
0.3065,0.318,123.7,0.3113206,1782831697143,0.0,40.69,59515.52,BTC-25DEC26,58472.23,0.31225,58465.41,25DEC26,76000,,P,BTC-25DEC26-76000-P,,
0.0002,0.0006,1252.5,0.00025531,1782831697143,4.0,66.52,59515.52,BTC-25DEC26,58472.23,0.0004,58465.41,25DEC26,250000,,C,BTC-25DEC26-250000-C,,
0.059,0.0605,5.1,0.05979456,1782831697143,0.1,42.6,60712.45,BTC-25JUN27,58472.23,0.05975,58465.41,25JUN27,85000,,C,BTC-25JUN27-85000-C,,
0.069,0.0705,3.1,0.06971357,1782831697143,2.1,49.71,60708.43,BTC-25JUN27,58472.23,0.06975,58465.41,25JUN27,45000,,P,BTC-25JUN27-45000-P,,
0.056,0.0575,548.4,0.05684701,1782831697143,13.0,40.17,58961.74,BTC-25SEP26,58472.23,0.05675,58465.41,25SEP26,62000,,C,BTC-25SEP26-62000-C,,
0.043,0.0445,1062.4,0.04389559,1782831697143,174.9,42.5,58607.71,BTC-31JUL26,58472.23,0.04375,58465.41,31JUL26,58000,,P,BTC-31JUL26-58000-P,,
0.0875,0.089,748.0,0.08814484,1782831697143,195.1,42.71,60087.09,BTC-26MAR27,58472.23,0.08825,58465.41,26MAR27,70000,,C,BTC-26MAR27-70000-C,,
1.551,1.6995,0.0,1.64067085,1782831697143,0.0,47.06,60712.45,BTC-25JUN27,58472.23,1.62525,58465.41,25JUN27,160000,,P,BTC-25JUN27-160000-P,,
0.006,0.007,1754.8,0.00669659,1782831697143,270.8,38.48,58607.71,BTC-31JUL26,58472.23,0.0065,58465.41,31JUL26,67000,,C,BTC-31JUL26-67000-C,,
0.019,0.02,1663.5,0.01958747,1782831697143,46.8,38.24,58960.96,BTC-25SEP26,58472.23,0.0195,58465.41,25SEP26,70000,,C,BTC-25SEP26-70000-C,,
0.032,0.033,109.2,0.03250083,1782831697143,6.8,42.29,58548.27,BTC-17JUL26,58472.23,0.0325,58465.41,17JUL26,59000,,C,BTC-17JUL26-59000-C,,
0.0011,0.0013,0.8,0.00129924,1782831697143,0.8,69.75,58468.21,index_price,58472.23,0.0012,58465.41,4JUL26,52000,,P,BTC-4JUL26-52000-P,,
0.0006,0.001,157.8,0.00077602,1782831697143,0.0,43.74,58754.13,BTC-28AUG26,58472.23,0.0008,58465.41,28AUG26,88000,,C,BTC-28AUG26-88000-C,,
0.093,0.1705,0.0,0.1287953,1782831697143,0.0,61.78,58472.23,index_price,58472.23,0.13175,58465.41,1JUL26,66000,,P,BTC-1JUL26-66000-P,,
0.394,0.4085,107.8,0.3994955,1782831697143,0.3,46.61,58607.71,BTC-31JUL26,58472.23,0.40125,58465.41,31JUL26,82000,,P,BTC-31JUL26-82000-P,,
3.265,3.5745,0.0,3.40960618,1782831697143,0.0,78.83,58960.96,BTC-25SEP26,58472.23,3.41975,58465.41,25SEP26,260000,,P,BTC-25SEP26-260000-P,,
0.0405,0.0415,346.1,0.04082599,1782831697143,4.1,44.0,58754.13,BTC-28AUG26,58472.23,0.041,58465.41,28AUG26,55000,,P,BTC-28AUG26-55000-P,,
0.298,0.3235,3.2,0.31353304,1782831697143,0.0,38.77,58754.13,BTC-28AUG26,58472.23,0.31075,58465.41,28AUG26,77000,,P,BTC-28AUG26-77000-P,,
0.037,0.0385,21.9,0.03766566,1782831697143,0.1,41.89,60087.09,BTC-26MAR27,58472.23,0.03775,58465.41,26MAR27,85000,,C,BTC-26MAR27-85000-C,,
0.007,0.008,608.8,0.00742472,1782831697143,91.9,55.33,58607.71,BTC-31JUL26,58472.23,0.0075,58465.41,31JUL26,48000,,P,BTC-31JUL26-48000-P,,
0.0055,0.0065,23.1,0.00580126,1782831697143,9.7,46.24,58472.23,index_price,58472.23,0.006,58465.41,2JUL26,59500,,C,BTC-2JUL26-59500-C,,
0.0033,0.0035,1708.0,0.00342524,1782831697143,336.4,63.12,58478.84,BTC-3JUL26,58472.23,0.0034,58465.41,3JUL26,55000,,P,BTC-3JUL26-55000-P,,
0.123,0.1685,22.4,0.14588684,1782831697143,0.0,62.62,58474.82,BTC-3JUL26,58472.23,0.14575,58465.41,3JUL26,67000,,P,BTC-3JUL26-67000-P,,
0.0845,0.09,12.7,0.08778281,1782831697143,0.1,45.74,58607.71,BTC-31JUL26,58472.23,0.08725,58465.41,31JUL26,55000,,C,BTC-31JUL26-55000-C,,
0.3605,0.371,397.1,0.36550518,1782831697143,0.0,45.45,58607.71,BTC-31JUL26,58472.23,0.36575,58465.41,31JUL26,80000,,P,BTC-31JUL26-80000-P,,
0.0535,0.055,75.7,0.05438115,1782831697143,0.0,49.85,60087.09,BTC-26MAR27,58472.23,0.05425,58465.41,26MAR27,45000,,P,BTC-26MAR27-45000-P,,
,0.0001,14.4,3.3e-07,1782831697143,2.0,61.78,58472.23,index_price,58472.23,,58465.41,1JUL26,65000,,C,BTC-1JUL26-65000-C,,
0.843,0.863,54.1,0.8519037,1782831697143,0.0,44.35,59515.52,BTC-25DEC26,58472.23,0.853,58465.41,25DEC26,110000,,P,BTC-25DEC26-110000-P,,
0.2095,0.2215,109.8,0.21386115,1782831697143,0.0,39.31,58607.71,BTC-31JUL26,58472.23,0.2155,58465.41,31JUL26,71000,,P,BTC-31JUL26-71000-P,,
0.1525,0.1635,91.0,0.15795505,1782831697143,0.0,38.08,58754.13,BTC-28AUG26,58472.23,0.158,58465.41,28AUG26,67000,,P,BTC-28AUG26-67000-P,,
0.0895,0.0915,42.8,0.09035353,1782831697143,2.0,46.75,60087.09,BTC-26MAR27,58472.23,0.0905,58465.41,26MAR27,52000,,P,BTC-26MAR27-52000-P,,
0.9065,1.037,3.4,0.96234209,1782831697143,0.0,76.63,58607.71,BTC-31JUL26,58472.23,0.97175,58465.41,31JUL26,115000,,P,BTC-31JUL26-115000-P,,
0.0006,0.0008,154.5,0.00068302,1782831697143,130.9,45.28,58472.23,index_price,58472.23,0.0007,58465.41,2JUL26,61500,,C,BTC-2JUL26-61500-C,,
0.1695,0.1785,540.4,0.17305861,1782831697143,0.0,41.89,59516.19,BTC-25DEC26,58472.23,0.174,58465.41,25DEC26,65000,,P,BTC-25DEC26-65000-P,,
0.0002,0.0004,1233.2,0.00030944,1782831697143,0.5,47.62,58607.71,BTC-31JUL26,58472.23,0.0003,58465.41,31JUL26,83000,,C,BTC-31JUL26-83000-C,,
0.0036,0.0041,852.9,0.00389569,1782831697143,4.9,38.57,58607.71,BTC-31JUL26,58472.23,0.00385,58465.41,31JUL26,69000,,C,BTC-31JUL26-69000-C,,
0.103,0.112,113.0,0.10713885,1782831697143,8.3,39.06,58754.13,BTC-28AUG26,58472.23,0.1075,58465.41,28AUG26,63000,,P,BTC-28AUG26-63000-P,,
0.01,0.012,18.6,0.01094684,1782831697143,4.1,44.49,60708.43,BTC-25JUN27,58472.23,0.011,58465.41,25JUN27,130000,,C,BTC-25JUN27-130000-C,,
0.8515,0.8865,0.0,0.87247687,1782831697143,0.0,55.33,58754.13,BTC-28AUG26,58472.23,0.869,58465.41,28AUG26,110000,,P,BTC-28AUG26-110000-P,,
0.3495,0.3535,250.8,0.35176645,1782831697143,187.5,54.73,59515.52,BTC-25DEC26,58472.23,0.3515,58465.41,25DEC26,40000,,C,BTC-25DEC26-40000-C,,
0.169,0.172,311.2,0.170449,1782831697143,0.0,45.13,60712.45,BTC-25JUN27,58472.23,0.1705,58465.41,25JUN27,60000,,P,BTC-25JUN27-60000-P,,
0.0014,0.0017,626.1,0.00151718,1782831697143,591.7,40.11,58548.27,BTC-17JUL26,58472.23,0.00155,58465.41,17JUL26,68000,,C,BTC-17JUL26-68000-C,,
1.1945,1.3615,0.6,1.26992542,1782831697143,0.0,50.02,59515.52,BTC-25DEC26,58472.23,1.278,58465.41,25DEC26,135000,,P,BTC-25DEC26-135000-P,,
1.032,1.1885,8.4,1.10238187,1782831697143,0.0,47.67,59515.52,BTC-25DEC26,58472.23,1.11025,58465.41,25DEC26,125000,,P,BTC-25DEC26-125000-P,,
0.0785,0.1435,0.0,0.11212964,1782831697143,0.0,69.75,58468.21,index_price,58472.23,0.111,58465.41,4JUL26,52000,,C,BTC-4JUL26-52000-C,,
0.0009,0.0011,57.8,0.00104038,1782831697143,16.5,71.69,58472.23,index_price,58472.23,0.001,58465.41,2JUL26,54000,,P,BTC-2JUL26-54000-P,,
0.0007,0.0475,0.0,0.0204847,1782831697143,0.0,58.03,58472.23,index_price,58472.23,0.0241,58465.41,1JUL26,57500,,C,BTC-1JUL26-57500-C,,
0.013,0.014,158.1,0.01352171,1782831697143,0.0,42.87,60087.09,BTC-26MAR27,58472.23,0.0135,58465.41,26MAR27,105000,,C,BTC-26MAR27-105000-C,,
0.0755,0.153,0.0,0.11169264,1782831697143,0.0,61.78,58472.23,index_price,58472.23,0.11425,58465.41,1JUL26,65000,,P,BTC-1JUL26-65000-P,,
0.619,0.75,12.1,0.68151387,1782831697143,0.1,42.5,60083.07,BTC-26MAR27,58472.23,0.6845,58465.41,26MAR27,100000,,P,BTC-26MAR27-100000-P,,
0.0235,0.032,40.4,0.0273033,1782831697143,12.4,47.78,58472.23,index_price,58472.23,0.02775,58465.41,1JUL26,60000,,P,BTC-1JUL26-60000-P,,
0.0595,0.061,601.8,0.06004493,1782831697143,38.9,41.72,58754.13,BTC-28AUG26,58472.23,0.06025,58465.41,28AUG26,58000,,P,BTC-28AUG26-58000-P,,
0.0105,0.0115,1534.4,0.01121095,1782831697143,53.0,38.49,58607.71,BTC-31JUL26,58472.23,0.011,58465.41,31JUL26,65000,,C,BTC-31JUL26-65000-C,,
0.19,0.206,0.7,0.19661703,1782831697143,0.0,49.14,58521.1,BTC-10JUL26,58472.23,0.198,58465.41,10JUL26,70000,,P,BTC-10JUL26-70000-P,,
0.3355,0.3905,0.1,0.38032724,1782831697143,0.0,40.28,58754.13,BTC-28AUG26,58472.23,0.363,58465.41,28AUG26,81000,,P,BTC-28AUG26-81000-P,,
0.6995,0.7175,99.5,0.70647092,1782831697143,0.0,65.42,58608.3,BTC-31JUL26,58472.23,0.7085,58465.41,31JUL26,100000,,P,BTC-31JUL26-100000-P,,
0.109,0.1885,0.0,0.14592341,1782831697143,0.0,54.53,58472.23,index_price,58472.23,0.14875,58465.41,2JUL26,67000,,P,BTC-2JUL26-67000-P,,
0.758,0.8225,0.0,0.80882166,1782831697143,0.0,70.59,58608.3,BTC-31JUL26,58472.23,0.79025,58465.41,31JUL26,106000,,P,BTC-31JUL26-106000-P,,
0.778,0.8975,1.8,0.84151718,1782831697143,0.0,43.25,60087.09,BTC-26MAR27,58472.23,0.83775,58465.41,26MAR27,110000,,P,BTC-26MAR27-110000-P,,
1.0755,1.252,0.0,1.15230867,1782831697143,0.0,44.49,60708.43,BTC-25JUN27,58472.23,1.16375,58465.41,25JUN27,130000,,P,BTC-25JUN27-130000-P,,
0.0215,0.0225,706.8,0.02196403,1782831697143,47.9,46.93,58607.71,BTC-31JUL26,58472.23,0.022,58465.41,31JUL26,54000,,P,BTC-31JUL26-54000-P,,
0.224,0.2265,5.0,0.22489274,1782831697143,0.0,46.75,60087.09,BTC-26MAR27,58472.23,0.22525,58465.41,26MAR27,52000,,C,BTC-26MAR27-52000-C,,
0.5205,0.539,592.7,0.5282143,1782831697143,0.0,42.09,58960.96,BTC-25SEP26,58472.23,0.52975,58465.41,25SEP26,90000,,P,BTC-25SEP26-90000-P,,
0.0955,0.0975,11.7,0.09654009,1782831697143,5.3,47.78,60708.43,BTC-25JUN27,58472.23,0.0965,58465.41,25JUN27,50000,,P,BTC-25JUN27-50000-P,,
4.2495,4.63,0.1,4.4272,1782831697143,0.0,85.42,58960.96,BTC-25SEP26,58472.23,4.43975,58465.41,25SEP26,320000,,P,BTC-25SEP26-320000-P,,
0.3775,0.3915,114.0,0.38252642,1782831697143,0.0,46.47,58607.71,BTC-31JUL26,58472.23,0.3845,58465.41,31JUL26,81000,,P,BTC-31JUL26-81000-P,,
0.098,0.0995,37.8,0.09866366,1782831697143,0.0,42.99,60087.09,BTC-26MAR27,58472.23,0.09875,58465.41,26MAR27,68000,,C,BTC-26MAR27-68000-C,,
0.0115,0.0125,359.1,0.01183917,1782831697143,3.6,53.32,58753.32,BTC-28AUG26,58472.23,0.012,58465.41,28AUG26,46000,,P,BTC-28AUG26-46000-P,,
0.0215,0.0875,0.0,0.04698628,1782831697143,0.0,43.16,58468.21,index_price,58472.23,0.0545,58465.41,4JUL26,61000,,P,BTC-4JUL26-61000-P,,
0.0735,0.0755,2.4,0.07474912,1782831697143,0.3,42.75,60712.45,BTC-25JUN27,58472.23,0.0745,58465.41,25JUN27,80000,,C,BTC-25JUN27-80000-C,,
0.024,0.0255,101.5,0.02461075,1782831697143,57.9,41.26,58548.27,BTC-17JUL26,58472.23,0.02475,58465.41,17JUL26,60000,,C,BTC-17JUL26-60000-C,,
0.0775,0.085,97.3,0.08103358,1782831697143,0.0,40.19,58521.1,BTC-10JUL26,58472.23,0.08125,58465.41,10JUL26,63000,,P,BTC-10JUL26-63000-P,,
0.493,0.513,2.1,0.50171575,1782831697143,0.0,51.43,58607.71,BTC-31JUL26,58472.23,0.503,58465.41,31JUL26,88000,,P,BTC-31JUL26-88000-P,,
0.0001,0.0004,59.0,0.00021012,1782831697143,0.0,54.62,58521.1,BTC-10JUL26,58472.23,0.00025,58465.41,10JUL26,73000,,C,BTC-10JUL26-73000-C,,
0.0035,0.0042,751.2,0.00390234,1782831697143,1.4,46.93,60087.09,BTC-26MAR27,58472.23,0.00385,58465.41,26MAR27,140000,,C,BTC-26MAR27-140000-C,,
0.1225,0.193,2.3,0.15761767,1782831697143,0.0,52.49,58607.71,BTC-31JUL26,58472.23,0.15775,58465.41,31JUL26,50000,,C,BTC-31JUL26-50000-C,,
0.0002,0.0003,64.3,0.00024206,1782831697143,51.1,52.09,58472.23,index_price,58472.23,0.00025,58465.41,2JUL26,63000,,C,BTC-2JUL26-63000-C,,
0.0013,0.0015,157.5,0.00137182,1782831697143,0.0,43.81,58960.96,BTC-25SEP26,58472.23,0.0014,58465.41,25SEP26,94000,,C,BTC-25SEP26-94000-C,,
0.0995,0.102,149.4,0.10068942,1782831697143,18.0,42.53,59515.52,BTC-25DEC26,58472.23,0.10075,58465.41,25DEC26,62000,,C,BTC-25DEC26-62000-C,,
0.0675,0.069,20.4,0.06835786,1782831697143,0.0,42.68,60712.45,BTC-25JUN27,58472.23,0.06825,58465.41,25JUN27,82000,,C,BTC-25JUN27-82000-C,,
0.0205,0.022,41.8,0.02132578,1782831697143,9.0,43.12,60708.43,BTC-25JUN27,58472.23,0.02125,58465.41,25JUN27,110000,,C,BTC-25JUN27-110000-C,,
0.8245,0.857,0.0,0.84293843,1782831697143,0.0,72.14,58607.71,BTC-31JUL26,58472.23,0.84075,58465.41,31JUL26,108000,,P,BTC-31JUL26-108000-P,,
0.493,0.495,99.2,0.49407296,1782831697143,0.0,73.42,58960.96,BTC-25SEP26,58472.23,0.494,58465.41,25SEP26,30000,,C,BTC-25SEP26-30000-C,,
0.406,0.527,0.0,0.45991577,1782831697143,0.0,42.6,60712.45,BTC-25JUN27,58472.23,0.4665,58465.41,25JUN27,85000,,P,BTC-25JUN27-85000-P,,
0.0015,0.0017,1375.9,0.00153876,1782831697143,16.9,40.38,58607.71,BTC-31JUL26,58472.23,0.0016,58465.41,31JUL26,73000,,C,BTC-31JUL26-73000-C,,
0.011,0.0125,51.8,0.01175068,1782831697143,3.4,43.09,60083.07,BTC-26MAR27,58472.23,0.01175,58465.41,26MAR27,108000,,C,BTC-26MAR27-108000-C,,
0.0011,0.0015,502.4,0.00125742,1782831697143,5.4,41.0,58608.3,BTC-31JUL26,58472.23,0.0013,58465.41,31JUL26,74000,,C,BTC-31JUL26-74000-C,,
0.0075,0.0085,268.1,0.00796879,1782831697143,0.4,42.0,59515.52,BTC-25DEC26,58472.23,0.008,58465.41,25DEC26,96000,,C,BTC-25DEC26-96000-C,,
0.0001,0.0004,352.2,0.00021037,1782831697143,0.1,71.97,58961.74,BTC-25SEP26,58472.23,0.00025,58465.41,25SEP26,170000,,C,BTC-25SEP26-170000-C,,
0.1255,0.1315,73.5,0.12882503,1782831697143,0.0,58.62,58474.82,BTC-3JUL26,58472.23,0.1285,58465.41,3JUL26,66000,,P,BTC-3JUL26-66000-P,,
0.115,0.117,716.8,0.11599239,1782831697144,473.9,43.1,59515.52,BTC-25DEC26,58472.23,0.116,58465.41,25DEC26,60000,,C,BTC-25DEC26-60000-C,,
2.117,2.344,0.0,2.22247049,1782831697144,0.0,72.31,58961.74,BTC-25SEP26,58472.23,2.2305,58465.41,25SEP26,190000,,P,BTC-25SEP26-190000-P,,
0.0011,0.0016,175.3,0.00129889,1782831697144,0.0,41.2,58754.13,BTC-28AUG26,58472.23,0.00135,58465.41,28AUG26,83000,,C,BTC-28AUG26-83000-C,,
0.0635,0.0655,402.7,0.06430939,1782831697144,82.8,41.32,59515.52,BTC-25DEC26,58472.23,0.0645,58465.41,25DEC26,68000,,C,BTC-25DEC26-68000-C,,
0.0001,0.0004,1167.3,0.00017816,1782831697144,0.0,63.24,58607.71,BTC-31JUL26,58472.23,0.00025,58465.41,31JUL26,98000,,C,BTC-31JUL26-98000-C,,
0.0055,0.0065,306.7,0.00593721,1782831697144,1.0,38.08,58753.32,BTC-28AUG26,58472.23,0.006,58465.41,28AUG26,73000,,C,BTC-28AUG26-73000-C,,
0.3855,0.393,0.1,0.39016187,1782831697144,0.0,52.16,60712.45,BTC-25JUN27,58472.23,0.38925,58465.41,25JUN27,40000,,C,BTC-25JUN27-40000-C,,
0.0046,0.0055,377.9,0.00493651,1782831697144,0.3,38.16,58754.13,BTC-28AUG26,58472.23,0.00505,58465.41,28AUG26,74000,,C,BTC-28AUG26-74000-C,,
0.009,0.0095,814.6,0.0092069,1782831697144,165.7,39.28,58547.57,BTC-17JUL26,58472.23,0.00925,58465.41,17JUL26,63000,,C,BTC-17JUL26-63000-C,,
0.549,0.6385,1.3,0.59561031,1782831697144,0.0,43.81,58961.74,BTC-25SEP26,58472.23,0.59375,58465.41,25SEP26,94000,,P,BTC-25SEP26-94000-P,,
0.0165,0.018,495.8,0.0171662,1782831697144,2.0,42.5,60087.09,BTC-26MAR27,58472.23,0.01725,58465.41,26MAR27,100000,,C,BTC-26MAR27-100000-C,,
0.225,0.2345,65.2,0.23042008,1782831697144,0.0,42.99,60087.09,BTC-26MAR27,58472.23,0.22975,58465.41,26MAR27,68000,,P,BTC-26MAR27-68000-P,,
0.1095,0.1115,1345.4,0.11043242,1782831697144,6.4,45.75,60087.09,BTC-26MAR27,58472.23,0.1105,58465.41,26MAR27,55000,,P,BTC-26MAR27-55000-P,,
0.0002,0.0005,662.3,0.00028461,1782831697144,1.0,48.58,58607.71,BTC-31JUL26,58472.23,0.00035,58465.41,31JUL26,84000,,C,BTC-31JUL26-84000-C,,
0.0049,0.0055,417.8,0.00515271,1782831697144,109.7,56.9,58547.57,BTC-17JUL26,58472.23,0.0052,58465.41,17JUL26,50000,,P,BTC-17JUL26-50000-P,,
0.059,0.136,0.5,0.09459266,1782831697144,0.2,61.78,58472.23,index_price,58472.23,0.0975,58465.41,1JUL26,64000,,P,BTC-1JUL26-64000-P,,
0.0175,0.0185,121.0,0.0181203,1782831697144,4.9,40.37,58548.27,BTC-17JUL26,58472.23,0.018,58465.41,17JUL26,61000,,C,BTC-17JUL26-61000-C,,
0.0055,0.007,67.6,0.00638742,1782831697144,31.0,46.12,60712.45,BTC-25JUN27,58472.23,0.00625,58465.41,25JUN27,150000,,C,BTC-25JUN27-150000-C,,
0.0011,0.0014,1111.5,0.00132776,1782831697144,62.5,46.58,58474.82,BTC-3JUL26,58472.23,0.00125,58465.41,3JUL26,62000,,C,BTC-3JUL26-62000-C,,
0.0445,0.046,1.4,0.04488466,1782831697144,0.0,46.99,58521.1,BTC-10JUL26,58472.23,0.04525,58465.41,10JUL26,57000,,C,BTC-10JUL26-57000-C,,
0.0885,0.0905,485.6,0.08946012,1782831697144,443.8,42.09,58960.96,BTC-25SEP26,58472.23,0.0895,58465.41,25SEP26,58000,,C,BTC-25SEP26-58000-C,,
0.0335,0.0345,63.1,0.03389075,1782831697144,23.3,45.18,58521.1,BTC-10JUL26,58472.23,0.034,58465.41,10JUL26,58000,,C,BTC-10JUL26-58000-C,,
0.013,0.069,10.9,0.02968708,1782831697144,9.3,45.0,58472.23,index_price,58472.23,0.041,58465.41,2JUL26,60000,,P,BTC-2JUL26-60000-P,,
0.0305,0.042,6.4,0.03380402,1782831697144,1.7,54.59,58474.82,BTC-3JUL26,58472.23,0.03625,58465.41,3JUL26,57000,,C,BTC-3JUL26-57000-C,,
0.093,0.1025,91.4,0.09640941,1782831697144,0.2,40.23,58521.1,BTC-10JUL26,58472.23,0.09775,58465.41,10JUL26,64000,,P,BTC-10JUL26-64000-P,,
0.067,0.0685,443.2,0.06789879,1782831697144,193.7,41.07,58754.13,BTC-28AUG26,58472.23,0.06775,58465.41,28AUG26,59000,,P,BTC-28AUG26-59000-P,,
0.108,0.1105,2.2,0.10910324,1782831697144,2.2,47.13,60712.45,BTC-25JUN27,58472.23,0.10925,58465.41,25JUN27,52000,,P,BTC-25JUN27-52000-P,,
0.0125,0.0165,155.5,0.01393057,1782831697144,114.7,49.03,58472.23,index_price,58472.23,0.0145,58465.41,1JUL26,59000,,P,BTC-1JUL26-59000-P,,
0.3225,0.339,635.7,0.32919283,1782831697144,0.0,38.34,58960.96,BTC-25SEP26,58472.23,0.33075,58465.41,25SEP26,78000,,P,BTC-25SEP26-78000-P,,
0.715,0.836,0.0,0.77710679,1782831697144,0.0,42.94,60087.09,BTC-26MAR27,58472.23,0.7755,58465.41,26MAR27,106000,,P,BTC-26MAR27-106000-P,,
0.017,0.018,333.3,0.01757455,1782831697144,10.6,38.08,58753.32,BTC-28AUG26,58472.23,0.0175,58465.41,28AUG26,67000,,C,BTC-28AUG26-67000-C,,
1.0145,1.1775,0.0,1.08640959,1782831697144,0.0,44.83,60087.09,BTC-26MAR27,58472.23,1.096,58465.41,26MAR27,125000,,P,BTC-26MAR27-125000-P,,
0.0002,0.0005,130.4,0.00024526,1782831697144,0.0,52.49,58754.13,BTC-28AUG26,58472.23,0.00035,58465.41,28AUG26,105000,,C,BTC-28AUG26-105000-C,,
3.9215,4.2785,0.0,4.08800415,1782831697144,0.0,84.97,58960.96,BTC-25SEP26,58472.23,4.1,58465.41,25SEP26,300000,,P,BTC-25SEP26-300000-P,,
0.008,0.0095,566.9,0.00871697,1782831697144,0.0,43.75,60087.09,BTC-26MAR27,58472.23,0.00875,58465.41,26MAR27,115000,,C,BTC-26MAR27-115000-C,,
0.195,0.202,37.5,0.19864643,1782831697144,25.0,50.93,58754.13,BTC-28AUG26,58472.23,0.1985,58465.41,28AUG26,48000,,C,BTC-28AUG26-48000-C,,
0.035,0.0365,109.4,0.03564129,1782831697144,0.0,41.9,60087.09,BTC-26MAR27,58472.23,0.03575,58465.41,26MAR27,86000,,C,BTC-26MAR27-86000-C,,
0.1335,0.1765,20.4,0.16292897,1782831697144,0.0,63.13,58474.82,BTC-3JUL26,58472.23,0.155,58465.41,3JUL26,68000,,P,BTC-3JUL26-68000-P,,
0.198,0.265,1.0,0.22889136,1782831697144,0.0,53.32,58754.13,BTC-28AUG26,58472.23,0.2315,58465.41,28AUG26,46000,,C,BTC-28AUG26-46000-C,,
2.413,2.6655,0.0,2.52888995,1782831697144,0.0,62.8,59516.19,BTC-25DEC26,58472.23,2.53925,58465.41,25DEC26,210000,,P,BTC-25DEC26-210000-P,,
0.005,0.006,722.7,0.00542592,1782831697144,1.6,66.0,58961.74,BTC-25SEP26,58472.23,0.0055,58465.41,25SEP26,35000,,P,BTC-25SEP26-35000-P,,
0.176,0.208,0.0,0.18137433,1782831697144,0.0,69.35,58521.1,BTC-10JUL26,58472.23,0.192,58465.41,10JUL26,48000,,C,BTC-10JUL26-48000-C,,
0.3405,0.462,0.0,0.39251025,1782831697144,0.0,42.75,60712.45,BTC-25JUN27,58472.23,0.40125,58465.41,25JUN27,80000,,P,BTC-25JUN27-80000-P,,
0.0845,0.0865,934.1,0.08557188,1782831697144,10.7,44.91,59515.52,BTC-25DEC26,58472.23,0.0855,58465.41,25DEC26,55000,,P,BTC-25DEC26-55000-P,,
0.0009,0.0013,246.8,0.00112735,1782831697144,7.8,45.82,58961.74,BTC-25SEP26,58472.23,0.0011,58465.41,25SEP26,98000,,C,BTC-25SEP26-98000-C,,
0.026,0.1005,1.0,0.06045798,1782831697144,0.2,56.09,58472.23,index_price,58472.23,0.06325,58465.41,1JUL26,62000,,P,BTC-1JUL26-62000-P,,
0.126,0.1345,481.2,0.12968891,1782831697144,15.7,39.44,58960.96,BTC-25SEP26,58472.23,0.13025,58465.41,25SEP26,64000,,P,BTC-25SEP26-64000-P,,
1.215,1.378,11.5,1.28988406,1782831697144,0.0,59.76,58961.74,BTC-25SEP26,58472.23,1.2965,58465.41,25SEP26,135000,,P,BTC-25SEP26-135000-P,,
0.046,0.047,344.5,0.04658283,1782831697144,23.3,43.22,58754.13,BTC-28AUG26,58472.23,0.0465,58465.41,28AUG26,56000,,P,BTC-28AUG26-56000-P,,
0.0215,0.0235,6.8,0.02274792,1782831697144,2.5,59.36,60708.43,BTC-25JUN27,58472.23,0.0225,58465.41,25JUN27,30000,,P,BTC-25JUN27-30000-P,,
0.0245,0.026,6681.8,0.02536841,1782831697144,44.9,40.81,59515.52,BTC-25DEC26,58472.23,0.02525,58465.41,25DEC26,80000,,C,BTC-25DEC26-80000-C,,
0.76,0.7795,109.4,0.76906476,1782831697144,0.0,43.64,59515.52,BTC-25DEC26,58472.23,0.76975,58465.41,25DEC26,105000,,P,BTC-25DEC26-105000-P,,
0.0365,0.1065,1.0,0.07085828,1782831697144,0.0,51.2,58517.08,BTC-10JUL26,58472.23,0.0715,58465.41,10JUL26,55000,,C,BTC-10JUL26-55000-C,,
0.6895,0.7095,272.4,0.69698476,1782831697144,0.0,46.53,58961.74,BTC-25SEP26,58472.23,0.6995,58465.41,25SEP26,100000,,P,BTC-25SEP26-100000-P,,
0.022,0.026,9.8,0.02344855,1782831697144,4.8,46.24,58472.23,index_price,58472.23,0.024,58465.41,2JUL26,59500,,P,BTC-2JUL26-59500-P,,
0.0002,0.0004,225.4,0.00027509,1782831697144,229.1,51.44,58472.23,index_price,58472.23,0.0003,58465.41,1JUL26,61000,,C,BTC-1JUL26-61000-C,,
2.2505,2.4915,0.0,2.36097622,1782831697144,0.0,61.9,59516.19,BTC-25DEC26,58472.23,2.371,58465.41,25DEC26,200000,,P,BTC-25DEC26-200000-P,,
,0.0003,162.3,0.00010542,1782831697144,24.6,76.63,58607.71,BTC-31JUL26,58472.23,,58465.41,31JUL26,115000,,C,BTC-31JUL26-115000-C,,
0.029,0.03,362.5,0.02948258,1782831697144,60.1,38.68,58754.13,BTC-28AUG26,58472.23,0.0295,58465.41,28AUG26,64000,,C,BTC-28AUG26-64000-C,,
0.0003,0.0005,295.9,0.00042577,1782831697144,222.8,75.85,58472.23,index_price,58472.23,0.0004,58465.41,1JUL26,55000,,P,BTC-1JUL26-55000-P,,
0.008,0.009,669.6,0.00863484,1782831697144,6.3,38.05,58753.32,BTC-28AUG26,58472.23,0.0085,58465.41,28AUG26,71000,,C,BTC-28AUG26-71000-C,,
0.0007,0.0011,57.9,0.00088048,1782831697144,0.0,47.32,58960.96,BTC-25SEP26,58472.23,0.0009,58465.41,25SEP26,102000,,C,BTC-25SEP26-102000-C,,
0.0175,0.092,0.0,0.05200756,1782831697144,0.0,55.46,58472.23,index_price,58472.23,0.05475,58465.41,1JUL26,61500,,P,BTC-1JUL26-61500-P,,
0.017,0.0185,40.7,0.01810409,1782831697144,44.6,47.64,58472.23,index_price,58472.23,0.01775,58465.41,2JUL26,59000,,P,BTC-2JUL26-59000-P,,
0.015,0.016,60.6,0.01557217,1782831697144,0.0,42.64,60087.09,BTC-26MAR27,58472.23,0.0155,58465.41,26MAR27,102000,,C,BTC-26MAR27-102000-C,,
1.763,1.9695,0.0,1.85725975,1782831697144,0.0,57.46,59515.52,BTC-25DEC26,58472.23,1.86625,58465.41,25DEC26,170000,,P,BTC-25DEC26-170000-P,,
0.151,0.153,720.7,0.1518037,1782831697144,25.0,44.44,60087.09,BTC-26MAR27,58472.23,0.152,58465.41,26MAR27,60000,,C,BTC-26MAR27-60000-C,,
0.3335,0.347,233.1,0.34000818,1782831697144,0.0,40.7,59516.19,BTC-25DEC26,58472.23,0.34025,58465.41,25DEC26,78000,,P,BTC-25DEC26-78000-P,,
0.0575,0.0655,679.6,0.06160122,1782831697144,30.0,46.58,58474.82,BTC-3JUL26,58472.23,0.0615,58465.41,3JUL26,62000,,P,BTC-3JUL26-62000-P,,
,0.0002,823.4,0.00010745,1782831697144,3.2,62.62,58474.82,BTC-3JUL26,58472.23,,58465.41,3JUL26,67000,,C,BTC-3JUL26-67000-C,,
0.1755,0.27,7.3,0.21709776,1782831697144,0.0,38.05,58754.13,BTC-28AUG26,58472.23,0.22275,58465.41,28AUG26,71000,,P,BTC-28AUG26-71000-P,,
0.0345,0.0355,541.6,0.03484077,1782831697144,125.8,39.06,58754.13,BTC-28AUG26,58472.23,0.035,58465.41,28AUG26,63000,,C,BTC-28AUG26-63000-C,,
0.3345,0.348,0.1,0.34145239,1782831697144,0.0,42.99,60708.43,BTC-25JUN27,58472.23,0.34125,58465.41,25JUN27,76000,,P,BTC-25JUN27-76000-P,,
0.032,0.033,61.6,0.03248479,1782831697144,3.2,43.55,58548.27,BTC-17JUL26,58472.23,0.0325,58465.41,17JUL26,58000,,P,BTC-17JUL26-58000-P,,
0.2755,0.2925,0.3,0.28258998,1782831697144,0.0,75.47,58478.84,BTC-3JUL26,58472.23,0.284,58465.41,3JUL26,75000,,P,BTC-3JUL26-75000-P,,
0.005,0.0055,3312.1,0.00522539,1782831697144,390.6,39.25,58960.96,BTC-25SEP26,58472.23,0.00525,58465.41,25SEP26,80000,,C,BTC-25SEP26-80000-C,,
0.0805,0.083,1.3,0.08190945,1782831697144,1.3,42.89,60712.45,BTC-25JUN27,58472.23,0.08175,58465.41,25JUN27,78000,,C,BTC-25JUN27-78000-C,,
0.075,0.082,504.0,0.07812977,1782831697144,0.0,49.97,58474.82,BTC-3JUL26,58472.23,0.0785,58465.41,3JUL26,63000,,P,BTC-3JUL26-63000-P,,
0.0725,0.0735,148.2,0.07284988,1782831697144,26.2,41.72,58754.13,BTC-28AUG26,58472.23,0.073,58465.41,28AUG26,58000,,C,BTC-28AUG26-58000-C,,
0.0001,0.0003,1609.1,0.00014682,1782831697144,15.8,58.62,58478.84,BTC-3JUL26,58472.23,0.0002,58465.41,3JUL26,66000,,C,BTC-3JUL26-66000-C,,
0.226,0.235,365.0,0.23043892,1782831697144,0.0,39.81,58607.71,BTC-31JUL26,58472.23,0.2305,58465.41,31JUL26,72000,,P,BTC-31JUL26-72000-P,,
0.092,0.099,348.2,0.0948588,1782831697145,0.3,52.04,58478.84,BTC-3JUL26,58472.23,0.0955,58465.41,3JUL26,64000,,P,BTC-3JUL26-64000-P,,
0.046,0.048,1117.3,0.0470407,1782831697145,0.0,40.87,59515.52,BTC-25DEC26,58472.23,0.047,58465.41,25DEC26,72000,,C,BTC-25DEC26-72000-C,,
0.006,0.0065,3570.9,0.00631409,1782831697145,269.1,38.34,58960.96,BTC-25SEP26,58472.23,0.00625,58465.41,25SEP26,78000,,C,BTC-25SEP26-78000-C,,
0.0805,0.15,0.0,0.11610756,1782831697145,0.0,58.75,58521.1,BTC-10JUL26,58472.23,0.11525,58465.41,10JUL26,52000,,C,BTC-10JUL26-52000-C,,
0.1655,0.1685,89.7,0.16721636,1782831697145,0.0,44.75,60712.45,BTC-25JUN27,58472.23,0.167,58465.41,25JUN27,62000,,C,BTC-25JUN27-62000-C,,
0.5165,0.6,4.0,0.56189691,1782831697145,0.0,42.98,58960.96,BTC-25SEP26,58472.23,0.55825,58465.41,25SEP26,92000,,P,BTC-25SEP26-92000-P,,
0.0015,0.0019,416.8,0.0016571,1782831697145,37.9,40.52,58517.08,BTC-10JUL26,58472.23,0.0017,58465.41,10JUL26,65000,,C,BTC-10JUL26-65000-C,,
0.0235,0.024,4179.3,0.02384605,1782831697145,224.2,54.73,59515.52,BTC-25DEC26,58472.23,0.02375,58465.41,25DEC26,40000,,P,BTC-25DEC26-40000-P,,
0.0935,0.176,12.5,0.13037147,1782831697145,0.0,39.32,58548.27,BTC-17JUL26,58472.23,0.13475,58465.41,17JUL26,66000,,P,BTC-17JUL26-66000-P,,
0.0017,0.0019,1045.0,0.00165678,1782831697145,0.0,50.02,59515.52,BTC-25DEC26,58472.23,0.0018,58465.41,25DEC26,135000,,C,BTC-25DEC26-135000-C,,
0.018,0.0195,12.0,0.01876431,1782831697145,12.7,47.06,58468.21,index_price,58472.23,0.01875,58465.41,4JUL26,58500,,C,BTC-4JUL26-58500-C,,
0.1675,0.1695,5.1,0.16816343,1782831697145,0.5,44.93,60087.09,BTC-26MAR27,58472.23,0.1685,58465.41,26MAR27,58000,,C,BTC-26MAR27-58000-C,,
0.0001,0.0002,129.0,0.00014158,1782831697145,2.4,57.85,58521.1,BTC-10JUL26,58472.23,0.00015,58465.41,10JUL26,75000,,C,BTC-10JUL26-75000-C,,
0.032,0.0965,0.0,0.06396487,1782831697145,0.0,58.64,58468.21,index_price,58472.23,0.06425,58465.41,4JUL26,55000,,C,BTC-4JUL26-55000-C,,
0.0225,0.024,122.8,0.02322408,1782831697145,0.0,42.15,60087.09,BTC-26MAR27,58472.23,0.02325,58465.41,26MAR27,94000,,C,BTC-26MAR27-94000-C,,
0.0003,0.0006,1285.8,0.00042929,1782831697145,0.4,46.47,58607.71,BTC-31JUL26,58472.23,0.00045,58465.41,31JUL26,81000,,C,BTC-31JUL26-81000-C,,
0.0305,0.032,72.0,0.03117142,1782831697145,7.9,45.72,58754.13,BTC-28AUG26,58472.23,0.03125,58465.41,28AUG26,53000,,P,BTC-28AUG26-53000-P,,
0.139,0.1495,147.3,0.14418899,1782831697145,0.0,38.13,58754.13,BTC-28AUG26,58472.23,0.14425,58465.41,28AUG26,66000,,P,BTC-28AUG26-66000-P,,
0.0006,0.0009,1549.0,0.00071738,1782831697145,4.1,42.97,58608.3,BTC-31JUL26,58472.23,0.00075,58465.41,31JUL26,77000,,C,BTC-31JUL26-77000-C,,
0.078,0.0795,53.4,0.07868867,1782831697145,0.1,42.48,60087.09,BTC-26MAR27,58472.23,0.07875,58465.41,26MAR27,72000,,C,BTC-26MAR27-72000-C,,
0.699,0.827,0.0,0.75243892,1782831697145,0.0,43.33,59515.52,BTC-25DEC26,58472.23,0.763,58465.41,25DEC26,104000,,P,BTC-25DEC26-104000-P,,
0.268,0.275,11.4,0.27293938,1782831697145,0.1,47.78,60708.43,BTC-25JUN27,58472.23,0.2715,58465.41,25JUN27,50000,,C,BTC-25JUN27-50000-C,,
0.0095,0.0105,17.0,0.01018147,1782831697145,17.0,51.39,58468.21,index_price,58472.23,0.01,58465.41,4JUL26,57000,,P,BTC-4JUL26-57000-P,,
0.005,0.006,47.3,0.00551067,1782831697145,63.3,43.18,58468.21,index_price,58472.23,0.0055,58465.41,4JUL26,60500,,C,BTC-4JUL26-60500-C,,
,0.0001,139.2,4.398e-05,1782831697145,81.6,59.06,58472.23,index_price,58472.23,,58465.41,1JUL26,62500,,C,BTC-1JUL26-62500-C,,
0.0905,0.1725,0.0,0.12874374,1782831697145,0.0,51.42,58468.21,index_price,58472.23,0.1315,58465.41,4JUL26,66000,,P,BTC-4JUL26-66000-P,,
0.16,0.163,42.8,0.16146244,1782831697145,0.0,44.91,59515.52,BTC-25DEC26,58472.23,0.1615,58465.41,25DEC26,55000,,C,BTC-25DEC26-55000-C,,
0.3325,0.387,1.1,0.36809481,1782831697145,0.0,76.22,58478.84,BTC-3JUL26,58472.23,0.35975,58465.41,3JUL26,80000,,P,BTC-3JUL26-80000-P,,
0.154,0.158,75.0,0.15593193,1782831697145,0.0,46.08,58961.74,BTC-25SEP26,58472.23,0.156,58465.41,25SEP26,52000,,C,BTC-25SEP26-52000-C,,
0.527,0.548,14.9,0.53584161,1782831697145,0.0,53.92,58607.71,BTC-31JUL26,58472.23,0.5375,58465.41,31JUL26,90000,,P,BTC-31JUL26-90000-P,,
0.245,0.253,0.0,0.24852536,1782831697145,0.0,43.79,60712.45,BTC-25JUN27,58472.23,0.249,58465.41,25JUN27,68000,,P,BTC-25JUN27-68000-P,,
0.008,0.009,28.6,0.0087412,1782831697145,28.7,51.25,58472.23,index_price,58472.23,0.0085,58465.41,1JUL26,58500,,C,BTC-1JUL26-58500-C,,
0.146,0.2355,23.3,0.18683051,1782831697145,0.2,38.05,58754.13,BTC-28AUG26,58472.23,0.19075,58465.41,28AUG26,69000,,P,BTC-28AUG26-69000-P,,
0.0003,0.0004,875.7,0.00034241,1782831697145,2.1,66.51,59515.52,BTC-25DEC26,58472.23,0.00035,58465.41,25DEC26,240000,,C,BTC-25DEC26-240000-C,,
0.439,0.453,548.5,0.4453699,1782831697145,0.0,40.92,59515.52,BTC-25DEC26,58472.23,0.446,58465.41,25DEC26,85000,,P,BTC-25DEC26-85000-P,,
0.0045,0.0055,76.0,0.00485601,1782831697145,62.1,49.03,58472.23,index_price,58472.23,0.005,58465.41,1JUL26,59000,,C,BTC-1JUL26-59000-C,,
0.0001,0.0002,516.1,0.00017646,1782831697145,1.6,70.59,58607.71,BTC-31JUL26,58472.23,0.00015,58465.41,31JUL26,105000,,C,BTC-31JUL26-105000-C,,
0.4235,0.4375,47.0,0.42989502,1782831697145,0.0,40.85,59515.52,BTC-25DEC26,58472.23,0.4305,58465.41,25DEC26,84000,,P,BTC-25DEC26-84000-P,,
0.0395,0.041,305.4,0.04020877,1782831697145,42.2,42.29,58548.27,BTC-17JUL26,58472.23,0.04025,58465.41,17JUL26,59000,,P,BTC-17JUL26-59000-P,,
0.1085,0.116,215.5,0.11185319,1782831697145,4.0,56.69,58474.82,BTC-3JUL26,58472.23,0.11225,58465.41,3JUL26,65000,,P,BTC-3JUL26-65000-P,,
0.036,0.044,87.7,0.03891707,1782831697145,101.4,45.74,58478.84,BTC-3JUL26,58472.23,0.04,58465.41,3JUL26,60500,,P,BTC-3JUL26-60500-P,,
0.0002,0.0005,1271.4,0.00028465,1782831697145,0.0,49.97,58607.71,BTC-31JUL26,58472.23,0.00035,58465.41,31JUL26,85000,,C,BTC-31JUL26-85000-C,,
0.421,0.4385,34.7,0.42790087,1782831697145,0.6,40.17,58960.96,BTC-25SEP26,58472.23,0.42975,58465.41,25SEP26,84000,,P,BTC-25SEP26-84000-P,,
0.204,0.212,112.9,0.20867565,1782831697145,0.0,43.29,60087.09,BTC-26MAR27,58472.23,0.208,58465.41,26MAR27,66000,,P,BTC-26MAR27-66000-P,,
0.013,0.014,2367.1,0.01367119,1782831697145,360.9,50.96,58478.84,BTC-3JUL26,58472.23,0.0135,58465.41,3JUL26,58000,,P,BTC-3JUL26-58000-P,,
1.8985,2.1185,0.0,1.99786698,1782831697145,0.0,53.08,60087.09,BTC-26MAR27,58472.23,2.0085,58465.41,26MAR27,180000,,P,BTC-26MAR27-180000-P,,
0.0365,0.038,1298.1,0.03713341,1782831697145,65.0,40.69,59516.19,BTC-25DEC26,58472.23,0.03725,58465.41,25DEC26,75000,,C,BTC-25DEC26-75000-C,,
0.1065,0.1085,0.2,0.10742345,1782831697145,0.0,43.36,60712.45,BTC-25JUN27,58472.23,0.1075,58465.41,25JUN27,72000,,C,BTC-25JUN27-72000-C,,
0.0845,0.1545,0.0,0.11992804,1782831697145,0.0,52.86,58548.27,BTC-17JUL26,58472.23,0.1195,58465.41,17JUL26,52000,,C,BTC-17JUL26-52000-C,,
0.0085,0.0095,213.8,0.00926429,1782831697145,233.4,51.25,58472.23,index_price,58472.23,0.009,58465.41,1JUL26,58500,,P,BTC-1JUL26-58500-P,,
0.0043,0.0046,12.1,0.00443272,1782831697145,12.1,58.64,58468.21,index_price,58472.23,0.00445,58465.41,4JUL26,55000,,P,BTC-4JUL26-55000-P,,
0.0016,0.0019,107.5,0.00177902,1782831697145,76.6,66.07,58472.23,index_price,58472.23,0.00175,58465.41,2JUL26,55000,,P,BTC-2JUL26-55000-P,,
0.7305,0.775,0.1,0.74059677,1782831697145,0.0,67.55,58608.3,BTC-31JUL26,58472.23,0.75275,58465.41,31JUL26,102000,,P,BTC-31JUL26-102000-P,,
0.0575,0.064,62.6,0.05998783,1782831697145,1.6,40.37,58548.27,BTC-17JUL26,58472.23,0.06075,58465.41,17JUL26,61000,,P,BTC-17JUL26-61000-P,,
0.561,0.5815,0.4,0.56996748,1782831697145,0.0,56.35,58607.71,BTC-31JUL26,58472.23,0.57125,58465.41,31JUL26,92000,,P,BTC-31JUL26-92000-P,,
0.0003,0.0005,686.1,0.00038653,1782831697145,0.4,49.14,58517.08,BTC-10JUL26,58472.23,0.0004,58465.41,10JUL26,70000,,C,BTC-10JUL26-70000-C,,
0.0235,0.025,387.4,0.02425124,1782831697145,5.0,56.55,60087.09,BTC-26MAR27,58472.23,0.02425,58465.41,26MAR27,35000,,P,BTC-26MAR27-35000-P,,
0.767,0.881,0.0,0.83324733,1782831697145,0.0,43.12,60712.45,BTC-25JUN27,58472.23,0.824,58465.41,25JUN27,110000,,P,BTC-25JUN27-110000-P,,
0.0001,0.0004,738.6,0.00021054,1782831697145,0.0,64.5,58961.74,BTC-25SEP26,58472.23,0.00025,58465.41,25SEP26,150000,,C,BTC-25SEP26-150000-C,,
0.0027,0.0031,2.3,0.00296329,1782831697145,2.3,62.51,58468.21,index_price,58472.23,0.0029,58465.41,4JUL26,54000,,P,BTC-4JUL26-54000-P,,
0.526,0.5305,3.0,0.52858749,1782831697145,2.0,59.36,60708.43,BTC-25JUN27,58472.23,0.52825,58465.41,25JUN27,30000,,C,BTC-25JUN27-30000-C,,
0.0018,0.0021,1514.6,0.00190813,1782831697145,6.3,39.81,58607.71,BTC-31JUL26,58472.23,0.00195,58465.41,31JUL26,72000,,C,BTC-31JUL26-72000-C,,
1.707,1.9055,0.0,1.79860776,1782831697145,0.0,70.2,58960.96,BTC-25SEP26,58472.23,1.80625,58465.41,25SEP26,165000,,P,BTC-25SEP26-165000-P,,
0.071,0.0725,597.7,0.07182148,1782831697145,411.2,41.01,58960.96,BTC-25SEP26,58472.23,0.07175,58465.41,25SEP26,60000,,C,BTC-25SEP26-60000-C,,
0.8565,0.88,116.4,0.86619646,1782831697145,0.0,50.45,58960.96,BTC-25SEP26,58472.23,0.86825,58465.41,25SEP26,110000,,P,BTC-25SEP26-110000-P,,
0.0825,0.09,427.6,0.08597361,1782831697145,22.1,39.95,58754.13,BTC-28AUG26,58472.23,0.08625,58465.41,28AUG26,61000,,P,BTC-28AUG26-61000-P,,
0.0295,0.0305,3384.9,0.03009935,1782831697145,350.6,47.77,58960.96,BTC-25SEP26,58472.23,0.03,58465.41,25SEP26,50000,,P,BTC-25SEP26-50000-P,,
0.168,0.2165,0.0,0.18001878,1782831697145,0.0,66.86,58474.82,BTC-3JUL26,58472.23,0.19225,58465.41,3JUL26,69000,,P,BTC-3JUL26-69000-P,,
0.0205,0.0215,279.0,0.0208291,1782831697145,83.6,38.13,58754.13,BTC-28AUG26,58472.23,0.021,58465.41,28AUG26,66000,,C,BTC-28AUG26-66000-C,,
0.0016,0.0021,1514.3,0.00189504,1782831697145,0.3,48.95,59515.52,BTC-25DEC26,58472.23,0.00185,58465.41,25DEC26,130000,,C,BTC-25DEC26-130000-C,,
0.184,0.194,130.0,0.18804329,1782831697145,0.0,43.63,60087.09,BTC-26MAR27,58472.23,0.189,58465.41,26MAR27,64000,,P,BTC-26MAR27-64000-P,,
,0.0002,222.5,1.008e-05,1782831697145,0.0,74.86,58960.96,BTC-25SEP26,58472.23,,58465.41,25SEP26,240000,,C,BTC-25SEP26-240000-C,,
0.0275,0.1005,0.0,0.06202425,1782831697145,0.0,43.17,58468.21,index_price,58472.23,0.064,58465.41,4JUL26,62000,,P,BTC-4JUL26-62000-P,,
0.03,0.039,25.0,0.03377361,1782831697145,25.0,43.89,58468.21,index_price,58472.23,0.0345,58465.41,4JUL26,60000,,P,BTC-4JUL26-60000-P,,
0.428,0.439,31.6,0.43357052,1782831697145,0.6,48.58,58608.3,BTC-31JUL26,58472.23,0.4335,58465.41,31JUL26,84000,,P,BTC-31JUL26-84000-P,,
0.025,0.0265,117.6,0.02576,1782831697145,0.2,42.05,60087.09,BTC-26MAR27,58472.23,0.02575,58465.41,26MAR27,92000,,C,BTC-26MAR27-92000-C,,
0.047,0.0485,190.1,0.04771674,1782831697145,52.6,39.95,58754.13,BTC-28AUG26,58472.23,0.04775,58465.41,28AUG26,61000,,C,BTC-28AUG26-61000-C,,
0.193,0.205,886.3,0.1974384,1782831697145,14.6,38.88,58607.71,BTC-31JUL26,58472.23,0.199,58465.41,31JUL26,70000,,P,BTC-31JUL26-70000-P,,
0.8575,0.9535,0.0,0.9227168,1782831697145,0.0,43.75,60087.09,BTC-26MAR27,58472.23,0.9055,58465.41,26MAR27,115000,,P,BTC-26MAR27-115000-P,,
0.4405,0.443,3.5,0.44172955,1782831697145,0.0,56.55,60087.09,BTC-26MAR27,58472.23,0.44175,58465.41,26MAR27,35000,,C,BTC-26MAR27-35000-C,,
0.1215,0.124,0.1,0.12282277,1782831697145,0.1,46.56,60712.45,BTC-25JUN27,58472.23,0.12275,58465.41,25JUN27,54000,,P,BTC-25JUN27-54000-P,,
0.152,0.155,0.5,0.15365359,1782831697145,0.4,45.61,60712.45,BTC-25JUN27,58472.23,0.1535,58465.41,25JUN27,58000,,P,BTC-25JUN27-58000-P,,
0.76,0.8305,0.0,0.77472263,1782831697145,0.0,69.63,58608.3,BTC-31JUL26,58472.23,0.79525,58465.41,31JUL26,104000,,P,BTC-31JUL26-104000-P,,
0.5605,0.6745,1.5,0.61879131,1782831697145,0.0,42.29,60087.09,BTC-26MAR27,58472.23,0.6175,58465.41,26MAR27,96000,,P,BTC-26MAR27-96000-P,,
1.297,1.4655,1.4,1.37461713,1782831697145,0.0,60.54,58960.96,BTC-25SEP26,58472.23,1.38125,58465.41,25SEP26,140000,,P,BTC-25SEP26-140000-P,,
0.0018,0.0022,562.1,0.00209878,1782831697145,712.6,44.96,58472.23,index_price,58472.23,0.002,58465.41,2JUL26,60500,,C,BTC-2JUL26-60500-C,,
0.1155,0.1235,205.9,0.11880126,1782831697145,0.0,38.68,58754.13,BTC-28AUG26,58472.23,0.1195,58465.41,28AUG26,64000,,P,BTC-28AUG26-64000-P,,
0.0001,0.0004,1211.9,0.00017813,1782831697145,1.1,53.92,58608.3,BTC-31JUL26,58472.23,0.00025,58465.41,31JUL26,90000,,C,BTC-31JUL26-90000-C,,
0.5045,0.5645,0.2,0.55290455,1782831697145,0.0,55.14,58607.71,BTC-31JUL26,58472.23,0.5345,58465.41,31JUL26,91000,,P,BTC-31JUL26-91000-P,,
0.9405,0.9655,90.3,0.95090264,1782831697145,0.0,52.53,58960.96,BTC-25SEP26,58472.23,0.953,58465.41,25SEP26,115000,,P,BTC-25SEP26-115000-P,,
0.097,0.099,11.7,0.0980761,1782831697145,0.7,43.15,60712.45,BTC-25JUN27,58472.23,0.098,58465.41,25JUN27,74000,,C,BTC-25JUN27-74000-C,,
0.0095,0.0105,351.7,0.01038379,1782831697145,3.4,38.07,58753.32,BTC-28AUG26,58472.23,0.01,58465.41,28AUG26,70000,,C,BTC-28AUG26-70000-C,,
0.747,0.845,0.0,0.80924617,1782831697145,0.0,43.09,60087.09,BTC-26MAR27,58472.23,0.796,58465.41,26MAR27,108000,,P,BTC-26MAR27-108000-P,,
0.127,0.1295,0.4,0.1284284,1782831697145,0.2,43.79,60712.45,BTC-25JUN27,58472.23,0.12825,58465.41,25JUN27,68000,,C,BTC-25JUN27-68000-C,,
0.002,0.0022,643.3,0.00204116,1782831697145,8.9,53.08,60087.09,BTC-26MAR27,58472.23,0.0021,58465.41,26MAR27,180000,,C,BTC-26MAR27-180000-C,,
0.3885,0.4995,5.8,0.43781679,1782831697146,0.0,41.87,60083.07,BTC-26MAR27,58472.23,0.444,58465.41,26MAR27,84000,,P,BTC-26MAR27-84000-P,,
0.2835,0.306,5.4,0.29701088,1782831697146,0.0,38.44,58754.13,BTC-28AUG26,58472.23,0.29475,58465.41,28AUG26,76000,,P,BTC-28AUG26-76000-P,,
0.0095,0.01,2216.8,0.00974716,1782831697146,118.2,38.26,58960.96,BTC-25SEP26,58472.23,0.00975,58465.41,25SEP26,75000,,C,BTC-25SEP26-75000-C,,
0.056,0.1265,0.0,0.09063212,1782831697146,0.0,49.37,58548.27,BTC-17JUL26,58472.23,0.09125,58465.41,17JUL26,54000,,C,BTC-17JUL26-54000-C,,
0.7745,0.805,1.1,0.79178386,1782831697146,0.0,70.59,58607.71,BTC-31JUL26,58472.23,0.78975,58465.41,31JUL26,105000,,P,BTC-31JUL26-105000-P,,
0.0005,0.0008,974.8,0.0006455,1782831697146,2.3,44.04,58607.71,BTC-31JUL26,58472.23,0.00065,58465.41,31JUL26,78000,,C,BTC-31JUL26-78000-C,,
0.3735,0.4415,0.0,0.41400906,1782831697146,0.0,41.2,58754.13,BTC-28AUG26,58472.23,0.4075,58465.41,28AUG26,83000,,P,BTC-28AUG26-83000-P,,
,0.0001,165.0,3.3e-06,1782831697146,90.5,61.78,58472.23,index_price,58472.23,,58465.41,1JUL26,64000,,C,BTC-1JUL26-64000-C,,
0.1935,0.2045,636.4,0.19819858,1782831697146,0.0,43.45,60087.09,BTC-26MAR27,58472.23,0.199,58465.41,26MAR27,65000,,P,BTC-26MAR27-65000-P,,
0.0028,0.0032,2560.4,0.00303347,1782831697146,1200.3,38.88,58607.71,BTC-31JUL26,58472.23,0.003,58465.41,31JUL26,70000,,C,BTC-31JUL26-70000-C,,
0.013,0.075,11.8,0.0352588,1782831697146,12.3,48.99,58472.23,index_price,58472.23,0.044,58465.41,1JUL26,60500,,P,BTC-1JUL26-60500-P,,
0.008,0.009,1077.3,0.0086997,1782831697146,325.4,38.47,58607.71,BTC-31JUL26,58472.23,0.0085,58465.41,31JUL26,66000,,C,BTC-31JUL26-66000-C,,
0.0003,0.0007,1158.8,0.0004676,1782831697146,0.1,54.94,58960.96,BTC-25SEP26,58472.23,0.0005,58465.41,25SEP26,120000,,C,BTC-25SEP26-120000-C,,
0.0755,0.1535,0.0,0.11174159,1782831697146,0.0,54.52,58472.23,index_price,58472.23,0.1145,58465.41,2JUL26,65000,,P,BTC-2JUL26-65000-P,,
0.0003,0.0007,151.3,0.00047208,1782831697146,0.0,62.8,59515.52,BTC-25DEC26,58472.23,0.0005,58465.41,25DEC26,210000,,C,BTC-25DEC26-210000-C,,
0.01,0.011,232.6,0.01031244,1782831697146,0.0,41.44,59515.52,BTC-25DEC26,58472.23,0.0105,58465.41,25DEC26,92000,,C,BTC-25DEC26-92000-C,,
0.0105,0.0115,1144.7,0.01075368,1782831697146,467.4,51.2,58521.1,BTC-10JUL26,58472.23,0.011,58465.41,10JUL26,55000,,P,BTC-10JUL26-55000-P,,
2.937,3.2225,0.0,3.07040622,1782831697146,0.0,74.86,58960.96,BTC-25SEP26,58472.23,3.07975,58465.41,25SEP26,240000,,P,BTC-25SEP26-240000-P,,
1.789,1.9935,0.0,1.88340764,1782831697146,0.0,71.97,58960.96,BTC-25SEP26,58472.23,1.89125,58465.41,25SEP26,170000,,P,BTC-25SEP26-170000-P,,
0.227,0.2405,85.6,0.23264428,1782831697146,0.0,38.05,58754.13,BTC-28AUG26,58472.23,0.23375,58465.41,28AUG26,72000,,P,BTC-28AUG26-72000-P,,
0.028,0.0295,406.4,0.02868473,1782831697146,3.0,41.99,60087.09,BTC-26MAR27,58472.23,0.02875,58465.41,26MAR27,90000,,C,BTC-26MAR27-90000-C,,
0.0315,0.0325,70.8,0.03190739,1782831697146,0.0,41.92,60083.07,BTC-26MAR27,58472.23,0.032,58465.41,26MAR27,88000,,C,BTC-26MAR27-88000-C,,
,0.0001,272.9,3.702e-05,1782831697146,9.7,66.86,58478.84,BTC-3JUL26,58472.23,,58465.41,3JUL26,69000,,C,BTC-3JUL26-69000-C,,
0.0155,0.0165,202.1,0.01590201,1782831697146,0.4,40.94,59515.52,BTC-25DEC26,58472.23,0.016,58465.41,25DEC26,86000,,C,BTC-25DEC26-86000-C,,
0.6045,0.624,147.7,0.61245474,1782831697146,0.0,44.1,58960.96,BTC-25SEP26,58472.23,0.61425,58465.41,25SEP26,95000,,P,BTC-25SEP26-95000-P,,
0.2955,0.3075,41.3,0.30179954,1782831697146,0.0,42.28,60087.09,BTC-26MAR27,58472.23,0.3015,58465.41,26MAR27,74000,,P,BTC-26MAR27-74000-P,,
0.002,0.0025,247.8,0.00224476,1782831697146,0.0,51.41,60087.09,BTC-26MAR27,58472.23,0.00225,58465.41,26MAR27,170000,,C,BTC-26MAR27-170000-C,,
0.2065,0.301,3.3,0.24844134,1782831697146,0.0,38.08,58754.13,BTC-28AUG26,58472.23,0.25375,58465.41,28AUG26,73000,,P,BTC-28AUG26-73000-P,,
0.491,0.6025,0.0,0.5305834,1782831697146,0.0,42.58,60712.45,BTC-25JUN27,58472.23,0.54675,58465.41,25JUN27,90000,,P,BTC-25JUN27-90000-P,,
0.0295,0.0355,1094.4,0.03238594,1782831697146,111.9,46.28,58474.82,BTC-3JUL26,58472.23,0.0325,58465.41,3JUL26,60000,,P,BTC-3JUL26-60000-P,,
0.0695,0.071,48.4,0.07018226,1782831697146,0.7,42.28,60087.09,BTC-26MAR27,58472.23,0.07025,58465.41,26MAR27,74000,,C,BTC-26MAR27-74000-C,,
0.1595,0.1675,193.1,0.1624277,1782831697146,15.0,42.08,59515.52,BTC-25DEC26,58472.23,0.1635,58465.41,25DEC26,64000,,P,BTC-25DEC26-64000-P,,
0.001,0.0014,50.1,0.00115708,1782831697146,0.0,41.67,58754.13,BTC-28AUG26,58472.23,0.0012,58465.41,28AUG26,84000,,C,BTC-28AUG26-84000-C,,
0.203,0.206,0.0,0.20469394,1782831697146,0.0,46.07,60083.07,BTC-26MAR27,58472.23,0.2045,58465.41,26MAR27,54000,,C,BTC-26MAR27-54000-C,,
0.0065,0.0075,406.4,0.007007,1782831697146,120.2,40.21,58521.1,BTC-10JUL26,58472.23,0.007,58465.41,10JUL26,62000,,C,BTC-10JUL26-62000-C,,
0.0105,0.011,3084.9,0.01076405,1782831697146,242.9,52.49,58607.71,BTC-31JUL26,58472.23,0.01075,58465.41,31JUL26,50000,,P,BTC-31JUL26-50000-P,,
1.577,1.775,0.0,1.66561449,1782831697146,0.0,50.04,60083.07,BTC-26MAR27,58472.23,1.676,58465.41,26MAR27,160000,,P,BTC-26MAR27-160000-P,,
0.013,0.014,152.1,0.01371882,1782831697146,31.4,49.27,58472.23,index_price,58472.23,0.0135,58465.41,2JUL26,58500,,P,BTC-2JUL26-58500-P,,
0.0425,0.119,0.0,0.07775096,1782831697146,0.0,52.09,58472.23,index_price,58472.23,0.08075,58465.41,2JUL26,63000,,P,BTC-2JUL26-63000-P,,
0.0395,0.041,63.3,0.04016005,1782831697146,0.4,40.73,59516.19,BTC-25DEC26,58472.23,0.04025,58465.41,25DEC26,74000,,C,BTC-25DEC26-74000-C,,
0.2425,0.255,97.7,0.24713247,1782831697146,0.0,40.38,58607.71,BTC-31JUL26,58472.23,0.24875,58465.41,31JUL26,73000,,P,BTC-31JUL26-73000-P,,
0.0004,0.0006,82.8,0.0005298,1782831697146,66.2,48.99,58472.23,index_price,58472.23,0.0005,58465.41,1JUL26,60500,,C,BTC-1JUL26-60500-C,,
0.0665,0.13,0.0,0.09569817,1782831697146,0.0,66.19,58468.21,index_price,58472.23,0.09825,58465.41,4JUL26,53000,,C,BTC-4JUL26-53000-C,,
0.0725,0.0745,552.9,0.07313918,1782831697146,36.3,42.09,58960.96,BTC-25SEP26,58472.23,0.0735,58465.41,25SEP26,58000,,P,BTC-25SEP26-58000-P,,
0.0605,0.067,2.1,0.06424321,1782831697146,0.0,46.3,58547.57,BTC-17JUL26,58472.23,0.06375,58465.41,17JUL26,56000,,C,BTC-17JUL26-56000-C,,
0.0004,0.0007,2244.7,0.00050448,1782831697146,0.2,52.53,58961.74,BTC-25SEP26,58472.23,0.00055,58465.41,25SEP26,115000,,C,BTC-25SEP26-115000-C,,
0.055,0.056,337.2,0.05533685,1782831697146,282.6,40.5,58754.13,BTC-28AUG26,58472.23,0.0555,58465.41,28AUG26,60000,,C,BTC-28AUG26-60000-C,,
0.9375,1.0935,0.0,1.00438372,1782831697146,0.0,44.27,60083.07,BTC-26MAR27,58472.23,1.0155,58465.41,26MAR27,120000,,P,BTC-26MAR27-120000-P,,
0.3915,0.515,0.0,0.44619593,1782831697146,0.0,42.63,60708.43,BTC-25JUN27,58472.23,0.45325,58465.41,25JUN27,84000,,P,BTC-25JUN27-84000-P,,
0.0345,0.1105,0.0,0.06924152,1782831697146,0.0,48.53,58472.23,index_price,58472.23,0.0725,58465.41,2JUL26,62500,,P,BTC-2JUL26-62500-P,,
0.015,0.016,2002.5,0.01526801,1782831697146,25.2,49.45,58607.71,BTC-31JUL26,58472.23,0.0155,58465.41,31JUL26,52000,,P,BTC-31JUL26-52000-P,,
0.0125,0.0135,139.9,0.01294108,1782831697146,36.1,49.37,58547.57,BTC-17JUL26,58472.23,0.013,58465.41,17JUL26,54000,,P,BTC-17JUL26-54000-P,,
0.6815,0.811,0.0,0.74510572,1782831697146,0.0,42.8,60087.09,BTC-26MAR27,58472.23,0.74625,58465.41,26MAR27,104000,,P,BTC-26MAR27-104000-P,,
0.0004,0.0006,324.6,0.00050119,1782831697146,1.2,43.89,58517.08,BTC-10JUL26,58472.23,0.0005,58465.41,10JUL26,68000,,C,BTC-10JUL26-68000-C,,
0.032,0.0335,432.7,0.03273851,1782831697146,162.8,43.52,58521.1,BTC-10JUL26,58472.23,0.03275,58465.41,10JUL26,59000,,P,BTC-10JUL26-59000-P,,
0.0525,0.0535,213.1,0.05295878,1782831697146,0.2,42.45,58754.13,BTC-28AUG26,58472.23,0.053,58465.41,28AUG26,57000,,P,BTC-28AUG26-57000-P,,
0.5645,0.6445,9.0,0.58771089,1782831697146,0.0,42.15,60087.09,BTC-26MAR27,58472.23,0.6045,58465.41,26MAR27,94000,,P,BTC-26MAR27-94000-P,,
0.6785,0.6995,303.1,0.68632241,1782831697146,0.0,42.44,59515.52,BTC-25DEC26,58472.23,0.689,58465.41,25DEC26,100000,,P,BTC-25DEC26-100000-P,,
0.291,0.304,888.0,0.29728266,1782831697146,0.1,40.69,59515.52,BTC-25DEC26,58472.23,0.2975,58465.41,25DEC26,75000,,P,BTC-25DEC26-75000-P,,
0.196,0.209,96.9,0.20182611,1782831697146,0.0,38.07,58754.13,BTC-28AUG26,58472.23,0.2025,58465.41,28AUG26,70000,,P,BTC-28AUG26-70000-P,,
0.076,0.0775,950.2,0.07657312,1782831697146,238.3,40.5,58754.13,BTC-28AUG26,58472.23,0.07675,58465.41,28AUG26,60000,,P,BTC-28AUG26-60000-P,,
0.0003,0.0006,1435.3,0.00036569,1782831697146,0.0,58.76,58960.96,BTC-25SEP26,58472.23,0.00045,58465.41,25SEP26,130000,,C,BTC-25SEP26-130000-C,,
0.062,0.0635,421.5,0.06260902,1782831697146,0.5,42.14,60087.09,BTC-26MAR27,58472.23,0.06275,58465.41,26MAR27,76000,,C,BTC-26MAR27-76000-C,,
0.6115,0.655,0.4,0.62115627,1782831697146,0.0,59.86,58608.3,BTC-31JUL26,58472.23,0.63325,58465.41,31JUL26,95000,,P,BTC-31JUL26-95000-P,,
0.0001,0.0002,0.0,0.00018233,1782831697146,0.0,51.42,58468.21,index_price,58472.23,0.00015,58465.41,4JUL26,66000,,C,BTC-4JUL26-66000-C,,
0.2605,0.3225,0.1,0.28181712,1782831697146,0.0,57.85,58517.08,BTC-10JUL26,58472.23,0.2915,58465.41,10JUL26,75000,,P,BTC-10JUL26-75000-P,,
0.0055,0.0065,66.0,0.00606885,1782831697146,73.4,54.62,58472.23,index_price,58472.23,0.006,58465.41,1JUL26,58000,,P,BTC-1JUL26-58000-P,,
0.0013,0.0018,485.3,0.00157839,1782831697146,1.0,42.98,58961.74,BTC-25SEP26,58472.23,0.00155,58465.41,25SEP26,92000,,C,BTC-25SEP26-92000-C,,
0.0022,0.0027,219.5,0.0025215,1782831697146,383.1,61.78,58472.23,index_price,58472.23,0.00245,58465.41,1JUL26,57000,,P,BTC-1JUL26-57000-P,,
0.0003,0.0006,2265.2,0.00042505,1782831697146,0.1,57.09,58961.74,BTC-25SEP26,58472.23,0.00045,58465.41,25SEP26,125000,,C,BTC-25SEP26-125000-C,,
0.0001,0.0004,278.4,0.00017814,1782831697146,0.0,55.14,58607.71,BTC-31JUL26,58472.23,0.00025,58465.41,31JUL26,91000,,C,BTC-31JUL26-91000-C,,
0.961,1.102,35.5,1.01872134,1782831697146,0.0,46.49,59515.52,BTC-25DEC26,58472.23,1.0315,58465.41,25DEC26,120000,,P,BTC-25DEC26-120000-P,,
0.0905,0.0955,7.0,0.09342898,1782831697146,0.2,43.22,58754.13,BTC-28AUG26,58472.23,0.093,58465.41,28AUG26,56000,,C,BTC-28AUG26-56000-C,,
0.008,0.0085,598.5,0.00810125,1782831697146,41.3,53.51,58521.1,BTC-10JUL26,58472.23,0.00825,58465.41,10JUL26,54000,,P,BTC-10JUL26-54000-P,,
2.5755,2.8395,0.0,2.69690003,1782831697146,0.0,64.65,59515.52,BTC-25DEC26,58472.23,2.7075,58465.41,25DEC26,220000,,P,BTC-25DEC26-220000-P,,
0.2645,0.2755,5.1,0.27055214,1782831697146,0.0,43.57,60712.45,BTC-25JUN27,58472.23,0.27,58465.41,25JUN27,70000,,P,BTC-25JUN27-70000-P,,
0.0235,0.0795,0.0,0.04002531,1782831697146,0.0,43.18,58468.21,index_price,58472.23,0.0515,58465.41,4JUL26,60500,,P,BTC-4JUL26-60500-P,,
0.1155,0.1175,154.5,0.11637259,1782831697146,0.0,43.45,60087.09,BTC-26MAR27,58472.23,0.1165,58465.41,26MAR27,65000,,C,BTC-26MAR27-65000-C,,
0.0046,0.0055,1057.1,0.00512474,1782831697146,0.0,45.52,60087.09,BTC-26MAR27,58472.23,0.00505,58465.41,26MAR27,130000,,C,BTC-26MAR27-130000-C,,
0.0001,0.0003,1347.6,0.00016787,1782831697146,0.0,72.31,58960.96,BTC-25SEP26,58472.23,0.0002,58465.41,25SEP26,175000,,C,BTC-25SEP26-175000-C,,
0.2225,0.311,3.3,0.26446124,1782831697146,0.0,38.16,58754.13,BTC-28AUG26,58472.23,0.26675,58465.41,28AUG26,74000,,P,BTC-28AUG26-74000-P,,
0.166,0.172,51.0,0.16961191,1782831697146,0.0,48.71,58754.13,BTC-28AUG26,58472.23,0.169,58465.41,28AUG26,50000,,C,BTC-28AUG26-50000-C,,
0.039,0.0405,124.8,0.03976475,1782831697146,0.0,41.87,60087.09,BTC-26MAR27,58472.23,0.03975,58465.41,26MAR27,84000,,C,BTC-26MAR27-84000-C,,
0.023,0.0245,5.3,0.02375127,1782831697146,6.1,48.35,58468.21,index_price,58472.23,0.02375,58465.41,4JUL26,58000,,C,BTC-4JUL26-58000-C,,
0.0045,0.006,444.2,0.00514859,1782831697146,430.0,47.06,60712.45,BTC-25JUN27,58472.23,0.00525,58465.41,25JUN27,160000,,C,BTC-25JUN27-160000-C,,
0.439,0.4815,11.6,0.46117419,1782831697146,0.0,40.69,58961.74,BTC-25SEP26,58472.23,0.46025,58465.41,25SEP26,86000,,P,BTC-25SEP26-86000-P,,
0.042,0.1095,0.0,0.07661123,1782831697146,0.0,82.21,58472.23,index_price,58472.23,0.07575,58465.41,1JUL26,54000,,C,BTC-1JUL26-54000-C,,
0.0255,0.0265,774.6,0.02582818,1782831697146,6.3,38.45,58961.74,BTC-25SEP26,58472.23,0.026,58465.41,25SEP26,68000,,C,BTC-25SEP26-68000-C,,
,0.0004,94.0,8.59e-06,1782831697146,0.0,81.51,58961.74,BTC-25SEP26,58472.23,,58465.41,25SEP26,280000,,C,BTC-25SEP26-280000-C,,
0.0002,0.0007,196.3,0.00046196,1782831697146,0.0,66.51,59515.52,BTC-25DEC26,58472.23,0.00045,58465.41,25DEC26,230000,,C,BTC-25DEC26-230000-C,,
0.259,0.34,0.0,0.29969051,1782831697146,0.0,75.47,58474.82,BTC-3JUL26,58472.23,0.2995,58465.41,3JUL26,76000,,P,BTC-3JUL26-76000-P,,
0.026,0.101,0.0,0.06080908,1782831697146,0.0,46.22,58472.23,index_price,58472.23,0.0635,58465.41,2JUL26,62000,,P,BTC-2JUL26-62000-P,,
0.056,0.058,1642.3,0.05685861,1782831697146,52.0,47.3,59515.52,BTC-25DEC26,58472.23,0.057,58465.41,25DEC26,50000,,P,BTC-25DEC26-50000-P,,
,0.0001,21.4,0.0,1782831697146,0.0,61.81,58472.23,index_price,58472.23,,58465.41,1JUL26,67000,,C,BTC-1JUL26-67000-C,,
0.006,0.007,641.5,0.00631485,1782831697146,390.1,46.28,58478.84,BTC-3JUL26,58472.23,0.0065,58465.41,3JUL26,60000,,C,BTC-3JUL26-60000-C,,
0.013,0.062,0.0,0.02765285,1782831697146,0.0,61.78,58472.23,index_price,58472.23,0.0375,58465.41,1JUL26,57000,,C,BTC-1JUL26-57000-C,,
0.0245,0.0255,935.7,0.02483768,1782831697146,263.5,38.38,58754.13,BTC-28AUG26,58472.23,0.025,58465.41,28AUG26,65000,,C,BTC-28AUG26-65000-C,,
,0.0002,1062.5,7.16e-05,1782831697146,16.4,78.39,58607.71,BTC-31JUL26,58472.23,,58465.41,31JUL26,120000,,C,BTC-31JUL26-120000-C,,
0.1665,0.178,72.3,0.17221579,1782831697146,0.0,38.08,58754.13,BTC-28AUG26,58472.23,0.17225,58465.41,28AUG26,68000,,P,BTC-28AUG26-68000-P,,
,0.0001,90.6,2.607e-05,1782831697146,3.7,54.52,58472.23,index_price,58472.23,,58465.41,2JUL26,65000,,C,BTC-2JUL26-65000-C,,
0.018,0.0185,1080.8,0.01833109,1782831697147,27.5,38.79,58607.71,BTC-31JUL26,58472.23,0.01825,58465.41,31JUL26,63000,,C,BTC-31JUL26-63000-C,,
0.0032,0.0038,69.8,0.00344494,1782831697147,0.5,38.44,58754.13,BTC-28AUG26,58472.23,0.0035,58465.41,28AUG26,76000,,C,BTC-28AUG26-76000-C,,
0.0785,0.08,1812.8,0.07905228,1782831697147,200.4,45.33,59515.52,BTC-25DEC26,58472.23,0.07925,58465.41,25DEC26,54000,,P,BTC-25DEC26-54000-P,,
0.5015,0.628,4.5,0.55609551,1782831697147,0.0,41.44,59515.52,BTC-25DEC26,58472.23,0.56475,58465.41,25DEC26,92000,,P,BTC-25DEC26-92000-P,,
0.01,0.011,38.9,0.01075259,1782831697147,40.9,44.75,58468.21,index_price,58472.23,0.0105,58465.41,4JUL26,59500,,C,BTC-4JUL26-59500-C,,
0.32,0.3545,0.0,0.32452975,1782831697147,0.0,61.94,58754.13,BTC-28AUG26,58472.23,0.33725,58465.41,28AUG26,40000,,C,BTC-28AUG26-40000-C,,
0.3475,0.3605,182.2,0.35390486,1782831697147,0.1,41.98,60087.09,BTC-26MAR27,58472.23,0.354,58465.41,26MAR27,78000,,P,BTC-26MAR27-78000-P,,
0.13,0.1335,7.2,0.13165662,1782831697147,0.0,44.61,58961.74,BTC-25SEP26,58472.23,0.13175,58465.41,25SEP26,54000,,C,BTC-25SEP26-54000-C,,
0.0038,0.0044,117.9,0.0040434,1782831697147,0.0,43.95,59515.52,BTC-25DEC26,58472.23,0.0041,58465.41,25DEC26,108000,,C,BTC-25DEC26-108000-C,,
0.123,0.1255,6406.1,0.12411179,1782831697147,412.8,43.1,59515.52,BTC-25DEC26,58472.23,0.12425,58465.41,25DEC26,60000,,P,BTC-25DEC26-60000-P,,
0.0009,0.0013,193.4,0.00112577,1782831697147,182.8,47.78,58472.23,index_price,58472.23,0.0011,58465.41,1JUL26,60000,,C,BTC-1JUL26-60000-C,,
0.1965,0.2,3.7,0.19827677,1782831697147,3.2,45.61,60708.43,BTC-25JUN27,58472.23,0.19825,58465.41,25JUN27,58000,,C,BTC-25JUN27-58000-C,,
3.063,3.363,10.0,3.20075278,1782831697147,0.0,66.52,59515.52,BTC-25DEC26,58472.23,3.213,58465.41,25DEC26,250000,,P,BTC-25DEC26-250000-P,,
0.0027,0.0031,1176.9,0.00286769,1782831697147,0.2,40.31,58961.74,BTC-25SEP26,58472.23,0.0029,58465.41,25SEP26,85000,,C,BTC-25SEP26-85000-C,,
2.059,2.2905,0.9,2.16403663,1782831697147,0.0,54.3,60087.09,BTC-26MAR27,58472.23,2.17475,58465.41,26MAR27,190000,,P,BTC-26MAR27-190000-P,,
0.0008,0.0013,1228.0,0.00101047,1782831697147,0.3,55.21,59515.52,BTC-25DEC26,58472.23,0.00105,58465.41,25DEC26,160000,,C,BTC-25DEC26-160000-C,,
0.4395,0.5635,4.3,0.49226948,1782831697147,0.0,41.06,59515.52,BTC-25DEC26,58472.23,0.5015,58465.41,25DEC26,88000,,P,BTC-25DEC26-88000-P,,
0.565,0.6945,11.2,0.62095982,1782831697147,0.0,42.0,59516.19,BTC-25DEC26,58472.23,0.62975,58465.41,25DEC26,96000,,P,BTC-25DEC26-96000-P,,
0.607,0.647,1.0,0.62933786,1782831697147,0.0,44.52,58961.74,BTC-25SEP26,58472.23,0.627,58465.41,25SEP26,96000,,P,BTC-25SEP26-96000-P,,
0.4765,0.4965,8.1,0.48467752,1782831697147,0.0,50.82,58607.71,BTC-31JUL26,58472.23,0.4865,58465.41,31JUL26,87000,,P,BTC-31JUL26-87000-P,,
0.145,0.157,201.0,0.14991274,1782831697147,0.1,38.48,58607.71,BTC-31JUL26,58472.23,0.151,58465.41,31JUL26,67000,,P,BTC-31JUL26-67000-P,,
0.0115,0.0125,2330.3,0.01187946,1782831697147,75.3,41.26,59515.52,BTC-25DEC26,58472.23,0.012,58465.41,25DEC26,90000,,C,BTC-25DEC26-90000-C,,
0.1095,0.1115,19.2,0.11020618,1782831697147,0.0,43.29,60087.09,BTC-26MAR27,58472.23,0.1105,58465.41,26MAR27,66000,,C,BTC-26MAR27-66000-C,,
0.1865,0.19,9.8,0.18848124,1782831697147,0.0,44.75,60712.45,BTC-25JUN27,58472.23,0.18825,58465.41,25JUN27,62000,,P,BTC-25JUN27-62000-P,,
0.0075,0.0085,346.2,0.00807741,1782831697147,121.1,52.86,58547.57,BTC-17JUL26,58472.23,0.008,58465.41,17JUL26,52000,,P,BTC-17JUL26-52000-P,,
2.22,2.4635,1.0,2.33021311,1782831697147,0.0,55.28,60087.09,BTC-26MAR27,58472.23,2.34175,58465.41,26MAR27,200000,,P,BTC-26MAR27-200000-P,,
0.3025,0.3075,3.2,0.30542469,1782831697147,0.0,49.85,60087.09,BTC-26MAR27,58472.23,0.305,58465.41,26MAR27,45000,,C,BTC-26MAR27-45000-C,,
0.0027,0.0031,1715.9,0.00287248,1782831697147,341.4,73.42,58961.74,BTC-25SEP26,58472.23,0.0029,58465.41,25SEP26,30000,,P,BTC-25SEP26-30000-P,,
0.039,0.0805,17.7,0.07193091,1782831697147,2.9,39.63,58548.27,BTC-17JUL26,58472.23,0.05975,58465.41,17JUL26,62000,,P,BTC-17JUL26-62000-P,,
,0.0004,293.8,1.036e-05,1782831697147,0.0,78.83,58960.96,BTC-25SEP26,58472.23,,58465.41,25SEP26,260000,,C,BTC-25SEP26-260000-C,,
0.0027,0.0029,853.3,0.00265821,1782831697147,1.6,50.04,60087.09,BTC-26MAR27,58472.23,0.0028,58465.41,26MAR27,160000,,C,BTC-26MAR27-160000-C,,
0.1765,0.1885,216.9,0.18123769,1782831697147,0.1,38.57,58607.71,BTC-31JUL26,58472.23,0.1825,58465.41,31JUL26,69000,,P,BTC-31JUL26-69000-P,,
0.0003,0.0005,125.2,0.0004035,1782831697147,44.5,46.22,58472.23,index_price,58472.23,0.0004,58465.41,2JUL26,62000,,C,BTC-2JUL26-62000-C,,
0.18,0.1895,163.2,0.18392533,1782831697147,4.4,41.67,59515.52,BTC-25DEC26,58472.23,0.18475,58465.41,25DEC26,66000,,P,BTC-25DEC26-66000-P,,
0.004,0.0042,2398.0,0.00404737,1782831697147,5.5,39.58,58961.74,BTC-25SEP26,58472.23,0.0041,58465.41,25SEP26,82000,,C,BTC-25SEP26-82000-C,,
0.0685,0.113,3.0,0.0769723,1782831697147,0.0,47.74,58548.27,BTC-17JUL26,58472.23,0.09075,58465.41,17JUL26,55000,,C,BTC-17JUL26-55000-C,,
0.5365,0.6235,0.2,0.55695986,1782831697147,0.0,42.05,60087.09,BTC-26MAR27,58472.23,0.58,58465.41,26MAR27,92000,,P,BTC-26MAR27-92000-P,,
0.109,0.117,117.3,0.11244257,1782831697147,0.0,40.52,58521.1,BTC-10JUL26,58472.23,0.113,58465.41,10JUL26,65000,,P,BTC-10JUL26-65000-P,,
2.088,2.3175,0.0,2.19305809,1782831697147,0.0,60.62,59515.52,BTC-25DEC26,58472.23,2.20275,58465.41,25DEC26,190000,,P,BTC-25DEC26-190000-P,,
0.425,0.429,77.6,0.42687529,1782831697147,0.0,59.51,59515.52,BTC-25DEC26,58472.23,0.427,58465.41,25DEC26,35000,,C,BTC-25DEC26-35000-C,,
,0.0001,1157.1,2.73e-06,1782831697147,4.0,71.62,58478.84,BTC-3JUL26,58472.23,,58465.41,3JUL26,73000,,C,BTC-3JUL26-73000-C,,
1.6005,1.7955,0.0,1.68932886,1782831697147,0.0,55.21,59515.52,BTC-25DEC26,58472.23,1.698,58465.41,25DEC26,160000,,P,BTC-25DEC26-160000-P,,
0.0001,0.0005,163.2,0.00022135,1782831697147,2.1,49.97,58608.3,BTC-31JUL26,58472.23,0.0003,58465.41,31JUL26,86000,,C,BTC-31JUL26-86000-C,,
0.0022,0.0028,6008.0,0.00248256,1782831697147,2.4,46.49,59515.52,BTC-25DEC26,58472.23,0.0025,58465.41,25DEC26,120000,,C,BTC-25DEC26-120000-C,,
0.2715,0.282,134.4,0.27701899,1782831697147,0.1,42.48,60083.07,BTC-26MAR27,58472.23,0.27675,58465.41,26MAR27,72000,,P,BTC-26MAR27-72000-P,,
0.1565,0.1715,6.7,0.16255368,1782831697147,0.0,43.89,58521.1,BTC-10JUL26,58472.23,0.164,58465.41,10JUL26,68000,,P,BTC-10JUL26-68000-P,,
0.51,0.53,5.9,0.51877868,1782831697147,0.0,52.69,58607.71,BTC-31JUL26,58472.23,0.52,58465.41,31JUL26,89000,,P,BTC-31JUL26-89000-P,,
0.0275,0.095,0.0,0.05366363,1782831697147,0.0,45.89,58474.82,BTC-3JUL26,58472.23,0.06125,58465.41,3JUL26,61500,,P,BTC-3JUL26-61500-P,,
0.0245,0.0255,626.1,0.02505317,1782831697147,268.7,45.18,58521.1,BTC-10JUL26,58472.23,0.025,58465.41,10JUL26,58000,,P,BTC-10JUL26-58000-P,,
0.001,0.0015,1635.6,0.00122762,1782831697147,4.5,53.34,59515.52,BTC-25DEC26,58472.23,0.00125,58465.41,25DEC26,150000,,C,BTC-25DEC26-150000-C,,
0.006,0.0065,1324.0,0.00654351,1782831697147,36.3,39.31,58547.57,BTC-17JUL26,58472.23,0.00625,58465.41,17JUL26,64000,,C,BTC-17JUL26-64000-C,,
0.132,0.1345,108.4,0.13348509,1782831697147,0.0,44.93,60087.09,BTC-26MAR27,58472.23,0.13325,58465.41,26MAR27,58000,,P,BTC-26MAR27-58000-P,,
0.0825,0.091,44.2,0.08523403,1782831697147,0.0,39.28,58548.27,BTC-17JUL26,58472.23,0.08675,58465.41,17JUL26,63000,,P,BTC-17JUL26-63000-P,,
0.035,0.0365,347.2,0.03570459,1782831697147,7.9,44.84,58754.13,BTC-28AUG26,58472.23,0.03575,58465.41,28AUG26,54000,,P,BTC-28AUG26-54000-P,,
0.0014,0.0019,501.3,0.00165828,1782831697147,0.0,40.28,58754.13,BTC-28AUG26,58472.23,0.00165,58465.41,28AUG26,81000,,C,BTC-28AUG26-81000-C,,
0.0024,0.0029,1013.5,0.00271294,1782831697147,20.3,40.23,58521.1,BTC-10JUL26,58472.23,0.00265,58465.41,10JUL26,64000,,C,BTC-10JUL26-64000-C,,
0.051,0.0525,1460.4,0.05164336,1782831697147,38.3,41.55,58607.71,BTC-31JUL26,58472.23,0.05175,58465.41,31JUL26,59000,,P,BTC-31JUL26-59000-P,,
0.0125,0.013,79.0,0.01298358,1782831697147,5.4,39.63,58548.27,BTC-17JUL26,58472.23,0.01275,58465.41,17JUL26,62000,,C,BTC-17JUL26-62000-C,,
0.0003,0.0007,5.8,0.00046589,1782831697147,0.0,47.68,58754.13,BTC-28AUG26,58472.23,0.0005,58465.41,28AUG26,95000,,C,BTC-28AUG26-95000-C,,
0.031,0.0325,11.0,0.0317259,1782831697147,1.1,42.8,60708.43,BTC-25JUN27,58472.23,0.03175,58465.41,25JUN27,100000,,C,BTC-25JUN27-100000-C,,
0.079,0.159,0.0,0.1147279,1782831697147,0.0,39.3,58548.27,BTC-17JUL26,58472.23,0.119,58465.41,17JUL26,65000,,P,BTC-17JUL26-65000-P,,
0.052,0.0535,2.0,0.0525028,1782831697147,1.0,44.92,58548.27,BTC-17JUL26,58472.23,0.05275,58465.41,17JUL26,57000,,C,BTC-17JUL26-57000-C,,
0.0019,0.0024,648.5,0.00214171,1782831697147,3.9,41.31,58960.96,BTC-25SEP26,58472.23,0.00215,58465.41,25SEP26,88000,,C,BTC-25SEP26-88000-C,,
0.0745,0.076,82.1,0.074994,1782831697147,8.7,41.67,59515.52,BTC-25DEC26,58472.23,0.07525,58465.41,25DEC26,66000,,C,BTC-25DEC26-66000-C,,
0.013,0.076,3.4,0.03684939,1782831697147,2.9,44.96,58472.23,index_price,58472.23,0.0445,58465.41,2JUL26,60500,,P,BTC-2JUL26-60500-P,,
0.005,0.006,141.1,0.00547725,1782831697147,9.0,42.8,59515.52,BTC-25DEC26,58472.23,0.0055,58465.41,25DEC26,102000,,C,BTC-25DEC26-102000-C,,
0.0115,0.0125,209.5,0.01240881,1782831697147,6.1,38.05,58753.32,BTC-28AUG26,58472.23,0.012,58465.41,28AUG26,69000,,C,BTC-28AUG26-69000-C,,
0.0135,0.015,56.0,0.01418414,1782831697147,0.9,42.8,60087.09,BTC-26MAR27,58472.23,0.01425,58465.41,26MAR27,104000,,C,BTC-26MAR27-104000-C,,
0.5665,0.6725,0.0,0.61742332,1782831697147,0.0,47.68,58753.32,BTC-28AUG26,58472.23,0.6195,58465.41,28AUG26,95000,,P,BTC-28AUG26-95000-P,,
0.0007,0.0012,2380.7,0.00092146,1782831697147,0.0,57.46,59516.19,BTC-25DEC26,58472.23,0.00095,58465.41,25DEC26,170000,,C,BTC-25DEC26-170000-C,,
0.038,0.0395,778.1,0.03881148,1782831697147,265.2,39.12,58960.96,BTC-25SEP26,58472.23,0.03875,58465.41,25SEP26,65000,,C,BTC-25SEP26-65000-C,,
0.0016,0.002,24.7,0.0018605,1782831697147,24.7,43.17,58468.21,index_price,58472.23,0.0018,58465.41,4JUL26,62000,,C,BTC-4JUL26-62000-C,,
1.0945,1.262,0.2,1.16877672,1782831697147,0.0,45.52,60087.09,BTC-26MAR27,58472.23,1.17825,58465.41,26MAR27,130000,,P,BTC-26MAR27-130000-P,,
0.3745,0.3885,139.4,0.38127258,1782831697147,0.0,41.93,60087.09,BTC-26MAR27,58472.23,0.3815,58465.41,26MAR27,80000,,P,BTC-26MAR27-80000-P,,
0.0405,0.0415,789.6,0.04092209,1782831697147,55.4,39.49,58753.32,BTC-28AUG26,58472.23,0.041,58465.41,28AUG26,62000,,C,BTC-28AUG26-62000-C,,
,0.0004,190.5,8.97e-06,1782831697147,0.0,84.97,58961.74,BTC-25SEP26,58472.23,,58465.41,25SEP26,300000,,C,BTC-25SEP26-300000-C,,
0.0255,0.093,0.0,0.06109666,1782831697147,0.0,66.07,58472.23,index_price,58472.23,0.05925,58465.41,2JUL26,55000,,C,BTC-2JUL26-55000-C,,
0.3695,0.3725,69.3,0.37120597,1782831697147,0.0,52.95,60087.09,BTC-26MAR27,58472.23,0.371,58465.41,26MAR27,40000,,C,BTC-26MAR27-40000-C,,
0.0002,0.0004,243.1,0.00028623,1782831697147,0.0,59.76,58960.96,BTC-25SEP26,58472.23,0.0003,58465.41,25SEP26,135000,,C,BTC-25SEP26-135000-C,,
0.1515,0.1545,3.3,0.15325398,1782831697147,0.0,44.38,60712.45,BTC-25JUN27,58472.23,0.153,58465.41,25JUN27,64000,,C,BTC-25JUN27-64000-C,,
0.2305,0.2435,281.3,0.236029,1782831697147,0.0,38.25,58961.74,BTC-25SEP26,58472.23,0.237,58465.41,25SEP26,72000,,P,BTC-25SEP26-72000-P,,
0.4015,0.5135,0.8,0.45236118,1782831697147,0.0,41.89,60087.09,BTC-26MAR27,58472.23,0.4575,58465.41,26MAR27,85000,,P,BTC-26MAR27-85000-P,,
0.101,0.1075,5.2,0.10469275,1782831697147,0.2,44.0,58754.13,BTC-28AUG26,58472.23,0.10425,58465.41,28AUG26,55000,,C,BTC-28AUG26-55000-C,,
0.1075,0.1095,862.1,0.10836601,1782831697147,58.6,40.17,58960.96,BTC-25SEP26,58472.23,0.1085,58465.41,25SEP26,62000,,P,BTC-25SEP26-62000-P,,
0.0007,0.001,2485.5,0.00084462,1782831697147,69.3,42.2,58608.3,BTC-31JUL26,58472.23,0.00085,58465.41,31JUL26,76000,,C,BTC-31JUL26-76000-C,,
0.0032,0.0038,32.0,0.00348813,1782831697147,15.7,45.0,58472.23,index_price,58472.23,0.0035,58465.41,2JUL26,60000,,C,BTC-2JUL26-60000-C,,
0.194,0.1965,28.6,0.1950412,1782831697147,0.0,45.75,60087.09,BTC-26MAR27,58472.23,0.19525,58465.41,26MAR27,55000,,C,BTC-26MAR27-55000-C,,
0.1355,0.138,42.6,0.13667237,1782831697147,0.2,44.0,60087.09,BTC-26MAR27,58472.23,0.13675,58465.41,26MAR27,62000,,C,BTC-26MAR27-62000-C,,
0.0001,0.0004,92.3,0.00021038,1782831697147,0.0,55.33,58754.13,BTC-28AUG26,58472.23,0.00025,58465.41,28AUG26,110000,,C,BTC-28AUG26-110000-C,,
0.1555,0.2215,2.0,0.18840419,1782831697147,0.0,55.33,58607.71,BTC-31JUL26,58472.23,0.1885,58465.41,31JUL26,48000,,C,BTC-31JUL26-48000-C,,
0.0005,0.0008,1277.8,0.00075512,1782831697147,657.3,49.97,58478.84,BTC-3JUL26,58472.23,0.00065,58465.41,3JUL26,63000,,C,BTC-3JUL26-63000-C,,
1.3925,1.5845,0.0,1.47718954,1782831697147,0.0,46.12,60708.43,BTC-25JUN27,58472.23,1.4885,58465.41,25JUN27,150000,,P,BTC-25JUN27-150000-P,,
0.969,1.1145,172.3,1.03566567,1782831697147,0.0,54.94,58960.96,BTC-25SEP26,58472.23,1.04175,58465.41,25SEP26,120000,,P,BTC-25SEP26-120000-P,,
0.0004,0.0007,10.1,0.00046946,1782831697147,0.0,46.81,58754.13,BTC-28AUG26,58472.23,0.00055,58465.41,28AUG26,94000,,C,BTC-28AUG26-94000-C,,
0.2475,0.2545,0.0,0.25255851,1782831697147,0.0,47.13,60712.45,BTC-25JUN27,58472.23,0.251,58465.41,25JUN27,52000,,C,BTC-25JUN27-52000-C,,
,0.0001,1153.0,1.1e-06,1782831697147,0.3,75.47,58478.84,BTC-3JUL26,58472.23,,58465.41,3JUL26,75000,,C,BTC-3JUL26-75000-C,,
0.178,0.1845,30.7,0.18210015,1782831697147,0.0,47.77,58960.96,BTC-25SEP26,58472.23,0.18125,58465.41,25SEP26,50000,,C,BTC-25SEP26-50000-C,,
0.0003,0.0007,12.8,0.00045903,1782831697147,0.0,48.49,58754.13,BTC-28AUG26,58472.23,0.0005,58465.41,28AUG26,96000,,C,BTC-28AUG26-96000-C,,
0.007,0.008,54.8,0.0076898,1782831697147,6.6,53.56,58472.23,index_price,58472.23,0.0075,58465.41,2JUL26,57500,,P,BTC-2JUL26-57500-P,,
0.001,0.0012,3130.8,0.00109518,1782831697147,40.4,42.01,58608.3,BTC-31JUL26,58472.23,0.0011,58465.41,31JUL26,75000,,C,BTC-31JUL26-75000-C,,
0.001,0.0014,257.0,0.0011794,1782831697147,0.1,44.52,58961.74,BTC-25SEP26,58472.23,0.0012,58465.41,25SEP26,96000,,C,BTC-25SEP26-96000-C,,
0.009,0.0105,63.3,0.0098866,1782831697147,0.2,43.46,60087.09,BTC-26MAR27,58472.23,0.00975,58465.41,26MAR27,112000,,C,BTC-26MAR27-112000-C,,
0.044,0.0445,337.7,0.04423603,1782831697147,6.9,41.8,60087.09,BTC-26MAR27,58472.23,0.04425,58465.41,26MAR27,82000,,C,BTC-26MAR27-82000-C,,
0.0225,0.024,13.0,0.02327392,1782831697147,31.1,45.83,58468.21,index_price,58472.23,0.02325,58465.41,4JUL26,59000,,P,BTC-4JUL26-59000-P,,
0.0001,0.0002,375.0,0.00014225,1782831697147,2.5,72.14,58607.71,BTC-31JUL26,58472.23,0.00015,58465.41,31JUL26,108000,,C,BTC-31JUL26-108000-C,,
0.1185,0.122,83.2,0.12027095,1782831697147,1.0,43.92,58961.74,BTC-25SEP26,58472.23,0.12025,58465.41,25SEP26,55000,,C,BTC-25SEP26-55000-C,,
0.0031,0.0035,184.3,0.00329422,1782831697147,3.6,61.03,58548.27,BTC-17JUL26,58472.23,0.0033,58465.41,17JUL26,48000,,P,BTC-17JUL26-48000-P,,
0.0049,0.005,623.3,0.00515206,1782831697147,142.3,38.57,58607.71,BTC-31JUL26,58472.23,0.00495,58465.41,31JUL26,68000,,C,BTC-31JUL26-68000-C,,
0.0155,0.0785,0.0,0.04538419,1782831697147,0.0,60.89,58472.23,index_price,58472.23,0.047,58465.41,2JUL26,56000,,C,BTC-2JUL26-56000-C,,
0.0001,0.0005,1692.4,0.00017816,1782831697147,0.1,65.42,58607.71,BTC-31JUL26,58472.23,0.0003,58465.41,31JUL26,100000,,C,BTC-31JUL26-100000-C,,
0.2775,0.29,61.0,0.2835073,1782831697147,0.0,40.73,59516.19,BTC-25DEC26,58472.23,0.28375,58465.41,25DEC26,74000,,P,BTC-25DEC26-74000-P,,
0.3235,0.3305,0.3,0.32847294,1782831697147,0.0,49.71,60708.43,BTC-25JUN27,58472.23,0.327,58465.41,25JUN27,45000,,C,BTC-25JUN27-45000-C,,
0.014,0.082,0.7,0.04771093,1782831697148,0.0,58.67,58474.82,BTC-3JUL26,58472.23,0.048,58465.41,3JUL26,56000,,C,BTC-3JUL26-56000-C,,
0.011,0.0115,549.5,0.01125348,1782831697148,21.6,38.26,58960.96,BTC-25SEP26,58472.23,0.01125,58465.41,25SEP26,74000,,C,BTC-25SEP26-74000-C,,
0.014,0.015,465.3,0.01428386,1782831697148,203.4,38.48,58607.71,BTC-31JUL26,58472.23,0.0145,58465.41,31JUL26,64000,,C,BTC-31JUL26-64000-C,,
0.0021,0.0026,202.0,0.00238846,1782831697148,219.3,47.58,58472.23,index_price,58472.23,0.00235,58465.41,1JUL26,59500,,C,BTC-1JUL26-59500-C,,
0.2285,0.2355,0.0,0.233334,1782831697148,0.0,46.56,60708.43,BTC-25JUN27,58472.23,0.232,58465.41,25JUN27,54000,,C,BTC-25JUN27-54000-C,,
0.018,0.019,654.3,0.01852787,1782831697148,0.0,40.85,59515.52,BTC-25DEC26,58472.23,0.0185,58465.41,25DEC26,84000,,C,BTC-25DEC26-84000-C,,
0.1925,0.24,0.0,0.23068893,1782831697148,0.0,53.46,58521.1,BTC-10JUL26,58472.23,0.21625,58465.41,10JUL26,72000,,P,BTC-10JUL26-72000-P,,
0.0009,0.0013,296.4,0.00102787,1782831697148,0.6,42.11,58754.13,BTC-28AUG26,58472.23,0.0011,58465.41,28AUG26,85000,,C,BTC-28AUG26-85000-C,,
0.2915,0.3065,599.6,0.29744978,1782831697148,0.0,38.34,58961.74,BTC-25SEP26,58472.23,0.299,58465.41,25SEP26,76000,,P,BTC-25SEP26-76000-P,,
0.0003,0.0006,75.1,0.00036158,1782831697148,0.0,48.94,58754.13,BTC-28AUG26,58472.23,0.00045,58465.41,28AUG26,98000,,C,BTC-28AUG26-98000-C,,
,0.0001,104.7,1e-08,1782831697148,0.0,76.22,58478.84,BTC-3JUL26,58472.23,,58465.41,3JUL26,80000,,C,BTC-3JUL26-80000-C,,
0.047,0.048,110.5,0.04749575,1782831697148,20.4,44.61,58960.96,BTC-25SEP26,58472.23,0.0475,58465.41,25SEP26,54000,,P,BTC-25SEP26-54000-P,,
0.018,0.019,5.1,0.01826518,1782831697148,5.1,51.14,58472.23,index_price,58472.23,0.0185,58465.41,2JUL26,58000,,C,BTC-2JUL26-58000-C,,
0.0002,0.0006,145.5,0.00035775,1782831697148,0.0,50.55,58754.13,BTC-28AUG26,58472.23,0.0004,58465.41,28AUG26,100000,,C,BTC-28AUG26-100000-C,,
0.0335,0.035,280.3,0.03436937,1782831697148,0.5,40.69,59515.52,BTC-25DEC26,58472.23,0.03425,58465.41,25DEC26,76000,,C,BTC-25DEC26-76000-C,,
0.4205,0.549,0.0,0.4738128,1782831697148,0.0,42.58,60712.45,BTC-25JUN27,58472.23,0.48475,58465.41,25JUN27,86000,,P,BTC-25JUN27-86000-P,,
0.0013,0.0017,372.0,0.00146264,1782831697148,3.1,40.73,58754.13,BTC-28AUG26,58472.23,0.0015,58465.41,28AUG26,82000,,C,BTC-28AUG26-82000-C,,
0.0046,0.0055,62.9,0.00503197,1782831697148,0.6,43.33,59515.52,BTC-25DEC26,58472.23,0.00505,58465.41,25DEC26,104000,,C,BTC-25DEC26-104000-C,,
0.0335,0.0345,415.6,0.03397193,1782831697148,186.8,38.86,58960.96,BTC-25SEP26,58472.23,0.034,58465.41,25SEP26,66000,,C,BTC-25SEP26-66000-C,,
1.543,1.7295,0.1,1.629008,1782831697148,0.0,66.47,58960.96,BTC-25SEP26,58472.23,1.63625,58465.41,25SEP26,155000,,P,BTC-25SEP26-155000-P,,
0.0006,0.0009,1119.6,0.00074563,1782831697148,0.0,48.44,58960.96,BTC-25SEP26,58472.23,0.00075,58465.41,25SEP26,105000,,C,BTC-25SEP26-105000-C,,
0.0024,0.0026,1473.1,0.00239329,1782831697148,2.9,39.31,58607.71,BTC-31JUL26,58472.23,0.0025,58465.41,31JUL26,71000,,C,BTC-31JUL26-71000-C,,
0.013,0.0145,2019.4,0.01369437,1782831697148,3.0,41.06,59515.52,BTC-25DEC26,58472.23,0.01375,58465.41,25DEC26,88000,,C,BTC-25DEC26-88000-C,,
0.0085,0.0095,105.1,0.00904844,1782831697148,106.1,47.14,58478.84,BTC-3JUL26,58472.23,0.009,58465.41,3JUL26,59500,,C,BTC-3JUL26-59500-C,,
0.0415,0.0425,11.4,0.04185664,1782831697148,2.4,43.55,58548.27,BTC-17JUL26,58472.23,0.042,58465.41,17JUL26,58000,,C,BTC-17JUL26-58000-C,,
0.136,0.139,0.4,0.13756418,1782831697148,0.3,46.02,60712.45,BTC-25JUN27,58472.23,0.1375,58465.41,25JUN27,56000,,P,BTC-25JUN27-56000-P,,
0.025,0.094,0.0,0.05976304,1782831697148,0.0,75.85,58472.23,index_price,58472.23,0.0595,58465.41,1JUL26,55000,,C,BTC-1JUL26-55000-C,,
0.013,0.014,20.4,0.01317484,1782831697148,7.2,49.27,58472.23,index_price,58472.23,0.0135,58465.41,2JUL26,58500,,C,BTC-2JUL26-58500-C,,
0.697,0.823,0.0,0.76108677,1782831697148,0.0,42.87,60087.09,BTC-26MAR27,58472.23,0.76,58465.41,26MAR27,105000,,P,BTC-26MAR27-105000-P,,
0.0002,0.0004,639.7,0.00028041,1782831697148,3.3,53.46,58521.1,BTC-10JUL26,58472.23,0.0003,58465.41,10JUL26,72000,,C,BTC-10JUL26-72000-C,,
0.324,0.3885,1.0,0.3635611,1782831697148,0.0,39.92,58754.13,BTC-28AUG26,58472.23,0.35625,58465.41,28AUG26,80000,,P,BTC-28AUG26-80000-P,,
0.0655,0.1375,1.6,0.10056595,1782831697148,0.0,46.93,58608.3,BTC-31JUL26,58472.23,0.1015,58465.41,31JUL26,54000,,C,BTC-31JUL26-54000-C,,
0.005,0.0055,862.5,0.00537729,1782831697148,355.6,58.67,58474.82,BTC-3JUL26,58472.23,0.00525,58465.41,3JUL26,56000,,P,BTC-3JUL26-56000-P,,
0.0265,0.0275,877.2,0.02717465,1782831697148,6.9,46.66,58753.32,BTC-28AUG26,58472.23,0.027,58465.41,28AUG26,52000,,P,BTC-28AUG26-52000-P,,
0.388,0.4045,194.7,0.39476606,1782831697148,0.0,39.58,58960.96,BTC-25SEP26,58472.23,0.39625,58465.41,25SEP26,82000,,P,BTC-25SEP26-82000-P,,
0.8105,0.912,0.0,0.873956,1782831697148,0.0,43.46,60087.09,BTC-26MAR27,58472.23,0.86125,58465.41,26MAR27,112000,,P,BTC-26MAR27-112000-P,,
0.014,0.015,11.9,0.01440841,1782831697148,11.9,45.83,58468.21,index_price,58472.23,0.0145,58465.41,4JUL26,59000,,C,BTC-4JUL26-59000-C,,
0.0003,0.0005,2856.4,0.00033544,1782831697148,0.5,46.61,58607.71,BTC-31JUL26,58472.23,0.0004,58465.41,31JUL26,82000,,C,BTC-31JUL26-82000-C,,
0.132,0.134,41.7,0.13299393,1782831697148,0.1,43.77,59515.52,BTC-25DEC26,58472.23,0.133,58465.41,25DEC26,58000,,C,BTC-25DEC26-58000-C,,
0.116,0.1265,323.0,0.12030124,1782831697148,0.4,38.49,58607.71,BTC-31JUL26,58472.23,0.12125,58465.41,31JUL26,65000,,P,BTC-31JUL26-65000-P,,
0.018,0.093,0.0,0.05253694,1782831697148,0.0,45.28,58472.23,index_price,58472.23,0.0555,58465.41,2JUL26,61500,,P,BTC-2JUL26-61500-P,,
0.126,0.137,275.2,0.13117697,1782831697148,0.0,38.38,58754.13,BTC-28AUG26,58472.23,0.1315,58465.41,28AUG26,65000,,P,BTC-28AUG26-65000-P,,
0.21,0.258,8.1,0.24838923,1782831697148,0.0,71.62,58478.84,BTC-3JUL26,58472.23,0.234,58465.41,3JUL26,73000,,P,BTC-3JUL26-73000-P,,
0.079,0.13,0.0,0.11163972,1782831697148,0.0,76.08,58474.82,BTC-3JUL26,58472.23,0.1045,58465.41,3JUL26,52000,,C,BTC-3JUL26-52000-C,,
0.1495,0.159,193.9,0.15333087,1782831697148,0.0,38.86,58960.96,BTC-25SEP26,58472.23,0.15425,58465.41,25SEP26,66000,,P,BTC-25SEP26-66000-P,,
0.0475,0.049,57.3,0.04810213,1782831697148,0.4,42.58,60712.45,BTC-25JUN27,58472.23,0.04825,58465.41,25JUN27,90000,,C,BTC-25JUN27-90000-C,,
0.0165,0.018,1796.0,0.01720076,1782831697148,9.1,40.92,59515.52,BTC-25DEC26,58472.23,0.01725,58465.41,25DEC26,85000,,C,BTC-25DEC26-85000-C,,
0.013,0.075,0.0,0.04326118,1782831697148,0.0,68.79,58472.23,index_price,58472.23,0.044,58465.41,1JUL26,56000,,C,BTC-1JUL26-56000-C,,
0.0004,0.0005,0.0,0.00045721,1782831697148,0.0,45.7,58468.21,index_price,58472.23,0.00045,58465.41,4JUL26,64000,,C,BTC-4JUL26-64000-C,,
0.0185,0.0195,151.7,0.01895807,1782831697148,59.3,46.99,58521.1,BTC-10JUL26,58472.23,0.019,58465.41,10JUL26,57000,,P,BTC-10JUL26-57000-P,,
0.619,0.663,1.1,0.65356776,1782831697148,0.0,42.21,59515.52,BTC-25DEC26,58472.23,0.641,58465.41,25DEC26,98000,,P,BTC-25DEC26-98000-P,,
0.4915,0.57,0.5,0.532528,1782831697148,0.0,44.98,58754.13,BTC-28AUG26,58472.23,0.53075,58465.41,28AUG26,90000,,P,BTC-28AUG26-90000-P,,
0.055,0.056,271.2,0.05571367,1782831697148,6.0,41.98,60087.09,BTC-26MAR27,58472.23,0.0555,58465.41,26MAR27,78000,,C,BTC-26MAR27-78000-C,,
0.0185,0.0195,285.9,0.01908011,1782831697148,305.3,47.06,58468.21,index_price,58472.23,0.019,58465.41,4JUL26,58500,,P,BTC-4JUL26-58500-P,,
,0.0002,148.0,7.454e-05,1782831697148,112.0,56.09,58472.23,index_price,58472.23,,58465.41,1JUL26,62000,,C,BTC-1JUL26-62000-C,,
0.406,0.484,0.4,0.44777925,1782831697148,0.0,42.11,58754.13,BTC-28AUG26,58472.23,0.445,58465.41,28AUG26,85000,,P,BTC-28AUG26-85000-P,,
2.281,2.5195,0.1,2.39203967,1782831697148,0.0,72.31,58960.96,BTC-25SEP26,58472.23,2.40025,58465.41,25SEP26,200000,,P,BTC-25SEP26-200000-P,,
0.014,0.015,299.8,0.01481469,1782831697148,39.8,38.08,58753.32,BTC-28AUG26,58472.23,0.0145,58465.41,28AUG26,68000,,C,BTC-28AUG26-68000-C,,
0.1385,0.1455,51.0,0.14210322,1782831697148,0.0,46.66,58754.13,BTC-28AUG26,58472.23,0.142,58465.41,28AUG26,52000,,C,BTC-28AUG26-52000-C,,
0.0285,0.03,235.2,0.02945297,1782831697148,0.6,40.7,59515.52,BTC-25DEC26,58472.23,0.02925,58465.41,25DEC26,78000,,C,BTC-25DEC26-78000-C,,
0.437,0.4545,454.5,0.44446633,1782831697148,0.0,40.31,58960.96,BTC-25SEP26,58472.23,0.44575,58465.41,25SEP26,85000,,P,BTC-25SEP26-85000-P,,
0.053,0.1125,0.0,0.07959485,1782831697148,0.0,62.51,58468.21,index_price,58472.23,0.08275,58465.41,4JUL26,54000,,C,BTC-4JUL26-54000-C,,
0.1045,0.1195,7.3,0.11659195,1782831697148,0.0,44.84,58754.13,BTC-28AUG26,58472.23,0.112,58465.41,28AUG26,54000,,C,BTC-28AUG26-54000-C,,
0.0001,0.0002,45.7,0.00015134,1782831697148,4.2,70.59,58607.71,BTC-31JUL26,58472.23,0.00015,58465.41,31JUL26,106000,,C,BTC-31JUL26-106000-C,,
0.078,0.0845,941.9,0.08131966,1782831697148,1.1,39.32,58607.71,BTC-31JUL26,58472.23,0.08125,58465.41,31JUL26,62000,,P,BTC-31JUL26-62000-P,,
0.0755,0.155,0.0,0.11175496,1782831697148,0.0,48.81,58468.21,index_price,58472.23,0.11525,58465.41,4JUL26,65000,,P,BTC-4JUL26-65000-P,,
0.0485,0.0505,403.5,0.04939849,1782831697148,35.1,41.26,58548.27,BTC-17JUL26,58472.23,0.0495,58465.41,17JUL26,60000,,P,BTC-17JUL26-60000-P,,
0.597,0.6145,85.9,0.60466313,1782831697148,0.0,41.84,59515.52,BTC-25DEC26,58472.23,0.60575,58465.41,25DEC26,95000,,P,BTC-25DEC26-95000-P,,
