bid_price,ask_price,open_interest,mark_price,creation_timestamp_x,volume,mark_iv,underlying_price,underlying_index,estimated_delivery_price,mid_price,price_index,expiration_timestamp,strike,settlement_period,option_type,instrument_id
,0.0001,53.1,3.474e-05,1780385216047,62.4,59.12,69821.44,index_price,69821.44,,69823.6,4JUN26,79000,,C,BTC-4JUN26-79000-C
0.045,0.0465,72.4,0.0456831,1780385216047,0.0,46.76,71113.24,BTC-25DEC26,69821.44,0.04575,69823.6,25DEC26,56000,,P,BTC-25DEC26-56000-P
0.121,0.123,2971.0,0.12193077,1780385216047,2.8,37.43,70509.92,BTC-25SEP26,69821.44,0.122,69823.6,25SEP26,75000,,P,BTC-25SEP26-75000-P
0.1775,0.261,0.2,0.21745495,1780385216047,0.0,68.06,69825.37,BTC-5JUN26,69821.44,0.21925,69823.6,5JUN26,85000,,P,BTC-5JUN26-85000-P
0.0035,0.0038,1436.8,0.00365133,1780385216047,8.4,44.46,71109.1,BTC-25DEC26,69821.44,0.00365,69823.6,25DEC26,140000,,C,BTC-25DEC26-140000-C
0.013,0.014,2242.7,0.01332658,1780385216047,206.8,36.63,70509.92,BTC-25SEP26,69821.44,0.0135,69823.6,25SEP26,90000,,C,BTC-25SEP26-90000-C
0.1635,0.166,148.1,0.16503284,1780385216047,2.7,41.37,71113.24,BTC-25DEC26,69821.44,0.16475,69823.6,25DEC26,76000,,P,BTC-25DEC26-76000-P
0.0003,0.0005,1202.3,0.00041159,1780385216047,5.2,57.46,71113.24,BTC-25DEC26,69821.44,0.0004,69823.6,25DEC26,250000,,C,BTC-25DEC26-250000-C
0.012,0.0125,19.0,0.01226209,1780385216047,22.9,39.84,69825.37,BTC-5JUN26,69821.44,0.01225,69823.6,5JUN26,69500,,P,BTC-5JUN26-69500-P
0.166,0.169,900.8,0.16752853,1780385216047,0.9,43.86,71776.35,BTC-26MAR27,69821.44,0.1675,69823.6,26MAR27,70000,,C,BTC-26MAR27-70000-C
0.2995,0.3935,7.6,0.34394791,1780385216047,0.0,45.8,69963.51,BTC-26JUN26,69821.44,0.3465,69823.6,26JUN26,94000,,P,BTC-26JUN26-94000-P
0.0016,0.002,11.0,0.00175124,1780385216047,25.2,36.36,69821.44,index_price,69821.44,0.0018,69823.6,4JUN26,72000,,C,BTC-4JUN26-72000-C
,0.0001,264.7,1.221e-05,1780385216049,0.0,85.88,69963.51,BTC-26JUN26,69821.44,,69823.6,26JUN26,155000,,C,BTC-26JUN26-155000-C
0.009,0.01,24.1,0.00924794,1780385216049,13.6,35.86,70314.33,BTC-28AUG26,69821.44,0.0095,69823.6,28AUG26,88000,,C,BTC-28AUG26-88000-C
0.175,0.1835,104.0,0.17908716,1780385216049,0.0,34.68,70138.98,BTC-31JUL26,69821.44,0.17925,69823.6,31JUL26,82000,,P,BTC-31JUL26-82000-P
0.0006,0.0009,1064.4,0.00071191,1780385216049,32.4,38.38,69963.51,BTC-26JUN26,69821.44,0.00075,69823.6,26JUN26,86000,,C,BTC-26JUN26-86000-C
0.046,0.0735,0.0,0.06930524,1780385216049,0.0,69.73,69821.44,index_price,69821.44,0.05975,69823.6,3JUN26,65000,,C,BTC-3JUN26-65000-C
0.0125,0.0135,88.4,0.01290149,1780385216049,69.5,38.82,69821.44,index_price,69821.44,0.013,69823.6,4JUN26,70000,,P,BTC-4JUN26-70000-P
0.151,0.158,375.9,0.15442408,1780385216049,5.1,34.67,70138.98,BTC-31JUL26,69821.44,0.1545,69823.6,31JUL26,80000,,P,BTC-31JUL26-80000-P
0.075,0.1,0.0,0.08139047,1780385216049,0.0,57.29,69821.44,index_price,69821.44,0.0875,69823.6,2JUN26,75500,,P,BTC-2JUN26-75500-P
0.0655,0.066,107.8,0.06565013,1780385216049,5.9,36.76,70138.98,BTC-31JUL26,69821.44,0.06575,69823.6,31JUL26,71000,,P,BTC-31JUL26-71000-P
0.585,0.701,0.1,0.64003991,1780385216049,0.0,47.14,70138.98,BTC-31JUL26,69821.44,0.643,69823.6,31JUL26,115000,,P,BTC-31JUL26-115000-P
,0.0001,8.0,4.73e-06,1780385216049,11.0,59.32,69821.44,index_price,69821.44,,69823.6,4JUN26,81000,,C,BTC-4JUN26-81000-C
0.085,0.087,527.1,0.08609144,1780385216049,53.1,43.57,71113.24,BTC-25DEC26,69821.44,0.086,69823.6,25DEC26,65000,,P,BTC-25DEC26-65000-P
0.008,0.009,764.4,0.00839992,1780385216049,372.7,34.72,70138.98,BTC-31JUL26,69821.44,0.0085,69823.6,31JUL26,83000,,C,BTC-31JUL26-83000-C
0.045,0.1035,0.0,0.06987607,1780385216049,0.0,58.46,69821.44,index_price,69821.44,0.07425,69823.6,4JUN26,65000,,C,BTC-4JUN26-65000-C
0.0675,0.0685,14.2,0.06824147,1780385216049,0.0,37.62,70138.98,BTC-31JUL26,69821.44,0.068,69823.6,31JUL26,69000,,C,BTC-31JUL26-69000-C
0.023,0.0245,350.5,0.02357396,1780385216049,142.2,36.75,69825.37,BTC-5JUN26,69821.44,0.02375,69823.6,5JUN26,71000,,P,BTC-5JUN26-71000-P
0.0335,0.0345,2.1,0.03416131,1780385216049,0.6,40.7,70314.33,BTC-28AUG26,69821.44,0.034,69823.6,28AUG26,63000,,P,BTC-28AUG26-63000-P
0.5125,0.626,0.0,0.56569631,1780385216049,0.0,41.64,70314.33,BTC-28AUG26,69821.44,0.56925,69823.6,28AUG26,110000,,P,BTC-28AUG26-110000-P
0.45,0.4525,53.2,0.45091151,1780385216049,7.0,57.35,71113.24,BTC-25DEC26,69821.44,0.45125,69823.6,25DEC26,40000,,C,BTC-25DEC26-40000-C
0.8555,0.921,0.6,0.90267905,1780385216049,0.0,43.49,71113.24,BTC-25DEC26,69821.44,0.88825,69823.6,25DEC26,135000,,P,BTC-25DEC26-135000-P
0.044,0.0475,25.0,0.04580546,1780385216049,25.2,40.94,69821.44,index_price,69821.44,0.04575,69823.6,3JUN26,73000,,P,BTC-3JUN26-73000-P
0.035,0.0365,100.8,0.03583549,1780385216049,1.4,41.37,71776.35,BTC-26MAR27,69821.44,0.03575,69823.6,26MAR27,105000,,C,BTC-26MAR27-105000-C
0.375,0.5145,11.7,0.43779732,1780385216049,0.0,41.3,71772.54,BTC-26MAR27,69821.44,0.44475,69823.6,26MAR27,100000,,P,BTC-26MAR27-100000-P
0.019,0.02,16.7,0.01948507,1780385216049,0.6,43.84,70314.33,BTC-28AUG26,69821.44,0.0195,69823.6,28AUG26,58000,,P,BTC-28AUG26-58000-P
0.075,0.1055,1.0,0.10482774,1780385216049,1.0,39.79,70138.98,BTC-31JUL26,69821.44,0.09025,69823.6,31JUL26,65000,,C,BTC-31JUL26-65000-C
0.169,0.206,0.0,0.17384001,1780385216049,0.0,35.6,70314.33,BTC-28AUG26,69821.44,0.1875,69823.6,28AUG26,81000,,P,BTC-28AUG26-81000-P
,0.0001,135.9,0.0,1780385216049,0.0,99.84,69963.51,BTC-26JUN26,69821.44,,69823.6,26JUN26,320000,,C,BTC-26JUN26-320000-C
0.0002,0.0004,222.6,0.00026094,1780385216049,0.4,45.8,69963.51,BTC-26JUN26,69821.44,0.0003,69823.6,26JUN26,94000,,C,BTC-26JUN26-94000-C
0.9345,1.073,23.1,1.0012477,1780385216049,0.0,75.63,69959.7,BTC-26JUN26,69821.44,1.00375,69823.6,26JUN26,140000,,P,BTC-26JUN26-140000-P
0.0445,0.048,7.9,0.04623649,1780385216049,4.3,37.23,69821.44,index_price,69821.44,0.04625,69823.6,4JUN26,73000,,P,BTC-4JUN26-73000-P
0.009,0.01,681.0,0.00950142,1780385216049,10.0,43.23,71776.35,BTC-26MAR27,69821.44,0.0095,69823.6,26MAR27,140000,,C,BTC-26MAR27-140000-C
1.141,1.2965,1.8,1.21566625,1780385216049,0.0,85.88,69963.51,BTC-26JUN26,69821.44,1.21875,69823.6,26JUN26,155000,,P,BTC-26JUN26-155000-P
0.001,0.0013,52.3,0.00110589,1780385216049,73.2,37.35,69821.44,index_price,69821.44,0.00115,69823.6,3JUN26,71500,,C,BTC-3JUN26-71500-C
0.1975,0.2,67.4,0.19838269,1780385216049,0.0,44.46,71113.24,BTC-25DEC26,69821.44,0.19875,69823.6,25DEC26,62000,,C,BTC-25DEC26-62000-C
0.053,0.055,3229.1,0.05388807,1780385216049,373.1,36.12,69963.51,BTC-26JUN26,69821.44,0.054,69823.6,26JUN26,72000,,P,BTC-26JUN26-72000-P
0.0028,0.0031,5017.0,0.00287845,1780385216049,819.6,35.08,69963.51,BTC-26JUN26,69821.44,0.00295,69823.6,26JUN26,80000,,C,BTC-26JUN26-80000-C
0.0001,0.0002,1333.1,0.0001197,1780385216049,8.2,47.79,69873.07,BTC-12JUN26,69821.44,0.00015,69823.6,12JUN26,86000,,C,BTC-12JUN26-86000-C
0.028,0.0915,1.1,0.05699044,1780385216049,0.0,49.97,69825.37,BTC-5JUN26,69821.44,0.05975,69823.6,5JUN26,66000,,C,BTC-5JUN26-66000-C
0.4885,0.598,0.0,0.54040201,1780385216049,0.0,43.87,70138.98,BTC-31JUL26,69821.44,0.54325,69823.6,31JUL26,108000,,P,BTC-31JUL26-108000-P
0.5755,0.578,98.8,0.57636219,1780385216049,1.0,73.63,70509.92,BTC-25SEP26,69821.44,0.57675,69823.6,25SEP26,30000,,C,BTC-25SEP26-30000-C
0.04,0.041,43.1,0.04068208,1780385216049,40.1,36.0,70138.98,BTC-31JUL26,69821.44,0.0405,69823.6,31JUL26,73000,,C,BTC-31JUL26-73000-C
0.0305,0.032,41.1,0.03144543,1780385216049,0.0,41.4,71772.54,BTC-26MAR27,69821.44,0.03125,69823.6,26MAR27,108000,,C,BTC-26MAR27-108000-C
0.6395,0.649,289.9,0.64392111,1780385216049,0.0,61.91,69963.51,BTC-26JUN26,69821.44,0.64425,69823.6,26JUN26,115000,,P,BTC-26JUN26-115000-P
1.6245,1.813,5.8,1.71596323,1780385216049,0.0,85.9,69963.51,BTC-26JUN26,69821.44,1.71875,69823.6,26JUN26,190000,,P,BTC-26JUN26-190000-P
0.0005,0.0007,36.0,0.00064219,1780385216049,37.1,63.52,69821.44,index_price,69821.44,0.0006,69823.6,3JUN26,66000,,P,BTC-3JUN26-66000-P
0.0002,0.0006,352.6,0.00028289,1780385216049,0.0,54.63,70505.77,BTC-25SEP26,69821.44,0.0004,69823.6,25SEP26,170000,,C,BTC-25SEP26-170000-C
0.2165,0.219,137.5,0.21733519,1780385216049,0.0,45.15,71113.24,BTC-25DEC26,69821.44,0.21775,69823.6,25DEC26,60000,,C,BTC-25DEC26-60000-C
1.6045,1.793,0.0,1.69510233,1780385216049,0.0,58.25,70505.77,BTC-25SEP26,69821.44,1.69875,69823.6,25SEP26,190000,,P,BTC-25SEP26-190000-P
0.001,0.0013,1112.0,0.00113657,1780385216049,3.6,39.23,70138.98,BTC-31JUL26,69821.44,0.00115,69823.6,31JUL26,98000,,C,BTC-31JUL26-98000-C
0.055,0.056,5.2,0.05554934,1780385216049,5.1,36.87,70314.33,BTC-28AUG26,69821.44,0.0555,69823.6,28AUG26,73000,,C,BTC-28AUG26-73000-C
0.0055,0.0065,391.0,0.00605107,1780385216049,514.2,44.25,69873.07,BTC-12JUN26,69821.44,0.006,69823.6,12JUN26,65000,,P,BTC-12JUN26-65000-P
0.0395,0.0405,161.6,0.0400438,1780385216049,210.0,36.26,69898.97,BTC-19JUN26,69821.44,0.04,69823.6,19JUN26,71000,,P,BTC-19JUN26-71000-P
,0.0001,200.1,0.0,1780385216049,0.0,90.33,69963.51,BTC-26JUN26,69821.44,,69823.6,26JUN26,250000,,C,BTC-26JUN26-250000-C
0.06,0.062,1213.2,0.06096887,1780385216049,1.5,47.74,71776.35,BTC-26MAR27,69821.44,0.061,69823.6,26MAR27,55000,,P,BTC-26MAR27-55000-P
0.0065,0.0075,187.6,0.00715704,1780385216049,3.5,34.84,70138.98,BTC-31JUL26,69821.44,0.007,69823.6,31JUL26,84000,,C,BTC-31JUL26-84000-C
0.163,0.211,14.7,0.17452486,1780385216049,0.3,63.71,69825.37,BTC-5JUN26,69821.44,0.187,69823.6,5JUN26,82000,,P,BTC-5JUN26-82000-P
0.153,0.212,1.0,0.17377492,1780385216049,0.0,40.74,69876.88,BTC-12JUN26,69821.44,0.1825,69823.6,12JUN26,82000,,P,BTC-12JUN26-82000-P
0.2025,0.2065,29.2,0.20430862,1780385216049,0.0,43.8,70509.92,BTC-25SEP26,69821.44,0.2045,69823.6,25SEP26,58000,,C,BTC-25SEP26-58000-C
,0.0001,97.4,2.57e-06,1780385216049,56.9,60.97,69821.44,index_price,69821.44,,69823.6,3JUN26,78000,,C,BTC-3JUN26-78000-C
0.0135,0.0575,0.0,0.04035547,1780385216049,0.0,88.44,69821.44,index_price,69821.44,0.0355,69823.6,2JUN26,67000,,C,BTC-2JUN26-67000-C
0.117,0.123,2148.1,0.12014348,1780385216049,16.8,34.97,69963.51,BTC-26JUN26,69821.44,0.12,69823.6,26JUN26,78000,,P,BTC-26JUN26-78000-P
0.449,0.5885,0.0,0.51120944,1780385216049,0.0,41.38,71776.35,BTC-26MAR27,69821.44,0.51875,69823.6,26MAR27,106000,,P,BTC-26MAR27-106000-P
0.0016,0.0019,24.3,0.00174053,1780385216049,1.2,39.97,70314.33,BTC-28AUG26,69821.44,0.00175,69823.6,28AUG26,105000,,C,BTC-28AUG26-105000-C
3.1125,3.4075,0.0,3.25514421,1780385216050,0.0,64.66,70509.92,BTC-25SEP26,69821.44,3.26,69823.6,25SEP26,300000,,P,BTC-25SEP26-300000-P
,0.0001,0.0,0.0,1780385216050,0.0,57.33,69821.44,index_price,69821.44,,69823.6,2JUN26,81000,,C,BTC-2JUN26-81000-C
1.8525,2.064,0.0,1.95391469,1780385216050,0.0,53.29,71109.1,BTC-25DEC26,69821.44,1.95825,69823.6,25DEC26,210000,,P,BTC-25DEC26-210000-P
0.0028,0.0033,543.1,0.00302222,1780385216050,0.8,66.38,70505.77,BTC-25SEP26,69821.44,0.00305,69823.6,25SEP26,35000,,P,BTC-25SEP26-35000-P
0.013,0.014,60.0,0.01348234,1780385216050,6.5,41.08,69898.97,BTC-19JUN26,69821.44,0.0135,69823.6,19JUN26,66000,,P,BTC-19JUN26-66000-P
0.048,0.049,181.6,0.04832564,1780385216050,2.1,40.73,70509.92,BTC-25SEP26,69821.44,0.0485,69823.6,25SEP26,64000,,P,BTC-25SEP26-64000-P
0.851,0.9875,12.5,0.91554808,1780385216050,0.0,46.44,70505.77,BTC-25SEP26,69821.44,0.91925,69823.6,25SEP26,135000,,P,BTC-25SEP26-135000-P
0.015,0.016,265.0,0.01547652,1780385216050,207.9,45.28,70314.33,BTC-28AUG26,69821.44,0.0155,69823.6,28AUG26,56000,,P,BTC-28AUG26-56000-P
0.076,0.077,5632.9,0.07653798,1780385216050,297.7,40.89,71113.24,BTC-25DEC26,69821.44,0.0765,69823.6,25DEC26,80000,,C,BTC-25DEC26-80000-C
0.4845,0.5005,107.9,0.49322895,1780385216050,0.0,40.01,71113.24,BTC-25DEC26,69821.44,0.4925,69823.6,25DEC26,105000,,P,BTC-25DEC26-105000-P
1.717,1.919,0.0,1.81337645,1780385216050,0.0,51.9,71109.1,BTC-25DEC26,69821.44,1.818,69823.6,25DEC26,200000,,P,BTC-25DEC26-200000-P
0.0002,0.0006,137.9,0.00034457,1780385216050,25.0,47.14,70138.98,BTC-31JUL26,69821.44,0.0004,69823.6,31JUL26,115000,,C,BTC-31JUL26-115000-C
0.094,0.126,0.0,0.11719811,1780385216050,0.0,57.33,69821.44,index_price,69821.44,0.11,69823.6,2JUN26,78000,,P,BTC-2JUN26-78000-P
0.0021,0.0024,335.7,0.00229769,1780385216050,82.8,49.97,69825.37,BTC-5JUN26,69821.44,0.00225,69823.6,5JUN26,66000,,P,BTC-5JUN26-66000-P
0.059,0.105,0.0,0.07439022,1780385216050,0.0,43.28,69821.44,index_price,69821.44,0.082,69823.6,4JUN26,75000,,P,BTC-4JUN26-75000-P
0.021,0.0215,89.4,0.02123089,1780385216050,124.4,38.86,69898.97,BTC-19JUN26,69821.44,0.02125,69823.6,19JUN26,68000,,P,BTC-19JUN26-68000-P
1.3095,1.485,0.0,1.39239391,1780385216050,0.0,49.07,71113.24,BTC-25DEC26,69821.44,1.39725,69823.6,25DEC26,170000,,P,BTC-25DEC26-170000-P
0.2455,0.2485,4.8,0.24698471,1780385216050,0.0,46.17,71776.35,BTC-26MAR27,69821.44,0.247,69823.6,26MAR27,60000,,C,BTC-26MAR27-60000-C
0.136,0.14,0.0,0.13815098,1780385216050,0.0,40.7,70314.33,BTC-28AUG26,69821.44,0.138,69823.6,28AUG26,63000,,C,BTC-28AUG26-63000-C
,0.0001,657.0,1.38e-05,1780385216050,8.0,68.06,69825.37,BTC-5JUN26,69821.44,,69823.6,5JUN26,85000,,C,BTC-5JUN26-85000-C
0.061,0.0655,407.5,0.06401455,1780385216050,17.0,34.71,69876.88,BTC-12JUN26,69821.44,0.06325,69823.6,12JUN26,74000,,P,BTC-12JUN26-74000-P
0.119,0.121,1057.6,0.11973689,1780385216050,1.0,41.92,71113.24,BTC-25DEC26,69821.44,0.12,69823.6,25DEC26,72000,,C,BTC-25DEC26-72000-C
0.0435,0.0445,2622.3,0.04371461,1780385216050,98.2,36.86,70509.92,BTC-25SEP26,69821.44,0.044,69823.6,25SEP26,78000,,C,BTC-25SEP26-78000-C
0.087,0.0925,298.5,0.08960357,1780385216050,8.5,34.7,69873.07,BTC-12JUN26,69821.44,0.08975,69823.6,12JUN26,76000,,P,BTC-12JUN26-76000-P
0.013,0.014,3365.2,0.01342741,1780385216050,78.5,57.35,71113.24,BTC-25DEC26,69821.44,0.0135,69823.6,25DEC26,40000,,P,BTC-25DEC26-40000-P
0.0029,0.0033,122.6,0.00312983,1780385216050,149.2,34.69,69873.07,BTC-12JUN26,69821.44,0.0031,69823.6,12JUN26,75000,,C,BTC-12JUN26-75000-C
0.0039,0.0045,982.2,0.00418786,1780385216050,8.1,43.49,71113.24,BTC-25DEC26,69821.44,0.0042,69823.6,25DEC26,135000,,C,BTC-25DEC26-135000-C
0.011,0.012,1245.3,0.01170722,1780385216050,4.7,34.68,70138.98,BTC-31JUL26,69821.44,0.0115,69823.6,31JUL26,81000,,C,BTC-31JUL26-81000-C
0.0465,0.048,3.6,0.04726438,1780385216050,2.0,39.22,70318.18,BTC-28AUG26,69821.44,0.04725,69823.6,28AUG26,66000,,P,BTC-28AUG26-66000-P
,0.0001,941.3,1.129e-05,1780385216050,0.0,71.79,69963.51,BTC-26JUN26,69821.44,,69823.6,26JUN26,135000,,C,BTC-26JUN26-135000-C
0.022,0.0225,513.3,0.02228445,1780385216050,7.9,34.93,70135.17,BTC-31JUL26,69821.44,0.02225,69823.6,31JUL26,77000,,C,BTC-31JUL26-77000-C
0.0014,0.0016,1154.0,0.00147838,1780385216050,60.6,53.51,69825.37,BTC-5JUN26,69821.44,0.0015,69823.6,5JUN26,65000,,P,BTC-5JUN26-65000-P
0.0019,0.0021,346.4,0.00191607,1780385216050,179.3,34.7,69873.07,BTC-12JUN26,69821.44,0.002,69823.6,12JUN26,76000,,C,BTC-12JUN26-76000-C
0.473,0.512,0.0,0.48015604,1780385216050,0.0,39.96,71113.24,BTC-25DEC26,69821.44,0.4925,69823.6,25DEC26,104000,,P,BTC-25DEC26-104000-P
0.09,0.095,250.2,0.0925415,1780385216050,0.1,34.64,69898.97,BTC-19JUN26,69821.44,0.0925,69823.6,19JUN26,76000,,P,BTC-19JUN26-76000-P
0.068,0.104,0.0,0.07432883,1780385216050,0.0,51.22,69821.44,index_price,69821.44,0.086,69823.6,3JUN26,75000,,P,BTC-3JUN26-75000-P
0.2465,0.255,546.0,0.25187073,1780385216050,0.0,40.32,71113.24,BTC-25DEC26,69821.44,0.25075,69823.6,25DEC26,85000,,P,BTC-25DEC26-85000-P
0.0002,0.0003,808.4,0.00021735,1780385216050,6.2,40.74,69873.07,BTC-12JUN26,69821.44,0.00025,69823.6,12JUN26,82000,,C,BTC-12JUN26-82000-C
0.236,0.2445,47.0,0.24118858,1780385216050,0.0,40.35,71113.24,BTC-25DEC26,69821.44,0.24025,69823.6,25DEC26,84000,,P,BTC-25DEC26-84000-P
0.007,0.008,58.7,0.0073096,1780385216050,35.4,41.61,69821.44,index_price,69821.44,0.0075,69823.6,4JUN26,69000,,P,BTC-4JUN26-69000-P
0.0055,0.0065,920.1,0.00607784,1780385216050,85.1,34.95,70138.98,BTC-31JUL26,69821.44,0.006,69823.6,31JUL26,85000,,C,BTC-31JUL26-85000-C
,0.0001,696.8,3.84e-06,1780385216050,0.0,72.07,69825.37,BTC-5JUN26,69821.44,,69823.6,5JUN26,88000,,C,BTC-5JUN26-88000-C
0.2115,0.221,33.9,0.21557823,1780385216050,0.0,36.4,70509.92,BTC-25SEP26,69821.44,0.21625,69823.6,25SEP26,84000,,P,BTC-25SEP26-84000-P
1.4235,1.612,0.0,1.51141941,1780385216050,0.0,46.92,71776.35,BTC-26MAR27,69821.44,1.51775,69823.6,26MAR27,180000,,P,BTC-26MAR27-180000-P
3.697,4.0375,0.0,3.86014434,1780385216050,0.0,102.06,69963.51,BTC-26JUN26,69821.44,3.86725,69823.6,26JUN26,340000,,P,BTC-26JUN26-340000-P
0.01,0.0105,12.4,0.01028,1780385216050,12.4,38.82,69821.44,index_price,69821.44,0.01025,69823.6,4JUN26,70000,,C,BTC-4JUN26-70000-C
1.2795,1.443,0.5,1.35860328,1780385216050,0.0,85.89,69963.51,BTC-26JUN26,69821.44,1.36125,69823.6,26JUN26,165000,,P,BTC-26JUN26-165000-P
0.056,0.122,0.1,0.08852758,1780385216050,0.0,45.89,69873.07,BTC-12JUN26,69821.44,0.089,69823.6,12JUN26,64000,,C,BTC-12JUN26-64000-C
0.406,0.51,0.1,0.45512685,1780385216050,0.0,41.0,70135.17,BTC-31JUL26,69821.44,0.458,69823.6,31JUL26,102000,,P,BTC-31JUL26-102000-P
0.3075,0.3405,0.4,0.31411514,1780385216050,0.0,37.21,70138.98,BTC-31JUL26,69821.44,0.324,69823.6,31JUL26,92000,,P,BTC-31JUL26-92000-P
0.0003,0.0007,759.1,0.00045878,1780385216050,0.0,50.16,70505.77,BTC-25SEP26,69821.44,0.0005,69823.6,25SEP26,150000,,C,BTC-25SEP26-150000-C
,0.0001,819.9,1.929e-05,1780385216050,6.1,66.08,69825.37,BTC-5JUN26,69821.44,,69823.6,5JUN26,84000,,C,BTC-5JUN26-84000-C
0.0355,0.067,0.0,0.06357316,1780385216050,0.0,42.63,69873.07,BTC-12JUN26,69821.44,0.05125,69823.6,12JUN26,66000,,C,BTC-12JUN26-66000-C
0.7825,0.7925,75.4,0.78682875,1780385216050,0.0,63.95,69963.51,BTC-26JUN26,69821.44,0.7875,69823.6,26JUN26,125000,,P,BTC-26JUN26-125000-P
1.2615,1.4265,0.0,1.34064296,1780385216050,0.0,53.58,70509.92,BTC-25SEP26,69821.44,1.344,69823.6,25SEP26,165000,,P,BTC-25SEP26-165000-P
,0.0001,164.5,6.64e-05,1780385216050,227.6,77.9,69821.44,index_price,69821.44,,69823.6,2JUN26,69000,,P,BTC-2JUN26-69000-P
0.1805,0.183,233.3,0.18187284,1780385216050,2.0,42.68,70509.92,BTC-25SEP26,69821.44,0.18175,69823.6,25SEP26,60000,,C,BTC-25SEP26-60000-C
0.5565,0.57,116.7,0.56263464,1780385216050,0.0,39.8,70509.92,BTC-25SEP26,69821.44,0.56325,69823.6,25SEP26,110000,,P,BTC-25SEP26-110000-P
0.025,0.029,43.6,0.02695055,1780385216050,37.4,36.32,69821.44,index_price,69821.44,0.027,69823.6,4JUN26,71500,,P,BTC-4JUN26-71500-P
0.0135,0.014,160.1,0.01360845,1780385216050,57.8,35.08,69898.97,BTC-19JUN26,69821.44,0.01375,69823.6,19JUN26,73000,,C,BTC-19JUN26-73000-C
0.005,0.0055,155.9,0.0051419,1780385216050,94.0,34.64,69898.97,BTC-19JUN26,69821.44,0.00525,69823.6,19JUN26,76000,,C,BTC-19JUN26-76000-C
0.0001,0.0003,7.0,0.00016161,1780385216050,5.9,45.04,69898.97,BTC-19JUN26,69821.44,0.0002,69823.6,19JUN26,90000,,C,BTC-19JUN26-90000-C
4.4095,4.4505,0.2,4.43192603,1780385216050,0.0,102.24,69963.51,BTC-26JUN26,69821.44,4.43,69823.6,26JUN26,380000,,P,BTC-26JUN26-380000-P
0.107,0.1105,0.0,0.1085869,1780385216050,0.0,39.22,70314.33,BTC-28AUG26,69821.44,0.10875,69823.6,28AUG26,66000,,C,BTC-28AUG26-66000-C
0.005,0.0055,1507.5,0.00514579,1780385216050,4.3,42.92,71113.24,BTC-25DEC26,69821.44,0.00525,69823.6,25DEC26,130000,,C,BTC-25DEC26-130000-C
,0.0002,247.6,2.81e-05,1780385216050,0.9,61.2,70509.92,BTC-25SEP26,69821.44,,69823.6,25SEP26,240000,,C,BTC-25SEP26-240000-C
0.201,0.209,31.5,0.20484755,1780385216050,0.0,34.84,70135.17,BTC-31JUL26,69821.44,0.205,69823.6,31JUL26,84000,,P,BTC-31JUL26-84000-P
0.063,0.065,66.2,0.06387071,1780385216050,0.0,41.52,71776.35,BTC-26MAR27,69821.44,0.064,69823.6,26MAR27,92000,,C,BTC-26MAR27-92000-C
,0.0001,85.7,0.0,1780385216050,115.6,41.68,69821.44,index_price,69821.44,,69823.6,2JUN26,72000,,C,BTC-2JUN26-72000-C
,0.0001,475.4,0.0,1780385216050,444.3,47.04,69821.44,index_price,69821.44,,69823.6,2JUN26,74000,,C,BTC-2JUN26-74000-C
0.0001,0.0002,459.5,0.00011628,1780385216050,105.4,54.93,69825.37,BTC-5JUN26,69821.44,0.00015,69823.6,5JUN26,79000,,C,BTC-5JUN26-79000-C
0.4335,0.5395,0.0,0.48350415,1780385216050,0.0,41.74,70135.17,BTC-31JUL26,69821.44,0.4865,69823.6,31JUL26,104000,,P,BTC-31JUL26-104000-P
0.0325,0.033,93.0,0.03267651,1780385216050,15.7,37.0,69898.97,BTC-19JUN26,69821.44,0.03275,69823.6,19JUN26,70000,,P,BTC-19JUN26-70000-P
0.385,0.4095,0.4,0.39090605,1780385216050,0.0,41.4,71776.35,BTC-26MAR27,69821.44,0.39725,69823.6,26MAR27,96000,,P,BTC-26MAR27-96000-P
0.0375,0.0385,60.2,0.03810991,1780385216050,1.3,40.17,70314.33,BTC-28AUG26,69821.44,0.038,69823.6,28AUG26,64000,,P,BTC-28AUG26-64000-P
0.1665,0.2085,0.0,0.17450104,1780385216050,0.0,59.32,69821.44,index_price,69821.44,0.1875,69823.6,4JUN26,82000,,P,BTC-4JUN26-82000-P
0.623,0.6415,91.7,0.63293047,1780385216050,0.0,41.11,70509.92,BTC-25SEP26,69821.44,0.63225,69823.6,25SEP26,115000,,P,BTC-25SEP26-115000-P
0.1465,0.151,445.2,0.14827856,1780385216050,0.0,48.34,69963.51,BTC-26JUN26,69821.44,0.14875,69823.6,26JUN26,60000,,C,BTC-26JUN26-60000-C
0.0575,0.059,1909.3,0.0581461,1780385216050,103.6,37.43,70509.92,BTC-25SEP26,69821.44,0.05825,69823.6,25SEP26,75000,,C,BTC-25SEP26-75000-C
0.4475,0.554,0.0,0.49773917,1780385216050,0.0,42.41,70138.98,BTC-31JUL26,69821.44,0.50075,69823.6,31JUL26,105000,,P,BTC-31JUL26-105000-P
0.1925,0.207,0.0,0.19760151,1780385216050,0.0,35.63,70318.18,BTC-28AUG26,69821.44,0.19975,69823.6,28AUG26,83000,,P,BTC-28AUG26-83000-P
0.0295,0.0325,277.2,0.03125979,1780385216050,393.5,41.68,69821.44,index_price,69821.44,0.031,69823.6,2JUN26,72000,,P,BTC-2JUN26-72000-P
,0.0001,554.4,2.1e-07,1780385216051,0.0,85.9,69963.51,BTC-26JUN26,69821.44,,69823.6,26JUN26,190000,,C,BTC-26JUN26-190000-C
0.109,0.1115,275.8,0.11026192,1780385216051,0.1,44.91,71776.35,BTC-26MAR27,69821.44,0.11025,69823.6,26MAR27,65000,,P,BTC-26MAR27-65000-P
0.093,0.0965,100.8,0.09490426,1780385216051,0.0,39.19,70138.98,BTC-31JUL26,69821.44,0.09475,69823.6,31JUL26,66000,,C,BTC-31JUL26-66000-C
0.0005,0.001,150.6,0.00070617,1780385216051,0.0,53.29,71113.24,BTC-25DEC26,69821.44,0.00075,69823.6,25DEC26,210000,,C,BTC-25DEC26-210000-C
0.0355,0.037,221.0,0.03635984,1780385216051,0.1,39.78,71113.24,BTC-25DEC26,69821.44,0.03625,69823.6,25DEC26,92000,,C,BTC-25DEC26-92000-C
2.29,2.526,0.0,2.40413905,1780385216051,0.0,61.2,70509.92,BTC-25SEP26,69821.44,2.408,69823.6,25SEP26,240000,,P,BTC-25SEP26-240000-P
,0.0001,2749.8,1.816e-05,1780385216051,0.0,61.91,69963.51,BTC-26JUN26,69821.44,,69823.6,26JUN26,120000,,C,BTC-26JUN26-120000-C
0.0685,0.071,297.2,0.06991375,1780385216051,200.2,41.62,71776.35,BTC-26MAR27,69821.44,0.06975,69823.6,26MAR27,90000,,C,BTC-26MAR27-90000-C
,0.0001,45.1,1.9e-07,1780385216051,64.5,35.45,69821.44,index_price,69821.44,,69823.6,2JUN26,70500,,C,BTC-2JUN26-70500-C
0.086,0.0915,404.3,0.08874115,1780385216051,11.3,42.63,69825.37,BTC-5JUN26,69821.44,0.08875,69823.6,5JUN26,76000,,P,BTC-5JUN26-76000-P
0.052,0.054,107.4,0.05295145,1780385216051,5.9,40.16,71113.24,BTC-25DEC26,69821.44,0.053,69823.6,25DEC26,86000,,C,BTC-25DEC26-86000-C
0.3485,0.362,151.5,0.35563462,1780385216051,0.0,37.04,70509.92,BTC-25SEP26,69821.44,0.35525,69823.6,25SEP26,95000,,P,BTC-25SEP26-95000-P
1.155,1.3275,0.0,1.23469074,1780385216051,0.0,45.0,71772.54,BTC-26MAR27,69821.44,1.24125,69823.6,26MAR27,160000,,P,BTC-26MAR27-160000-P
0.1065,0.1085,27.2,0.10765625,1780385216051,0.2,41.69,71109.1,BTC-25DEC26,69821.44,0.1075,69823.6,25DEC26,74000,,C,BTC-25DEC26-74000-C
0.018,0.019,225.4,0.01831644,1780385216051,222.9,35.57,69898.97,BTC-19JUN26,69821.44,0.0185,69823.6,19JUN26,72000,,C,BTC-19JUN26-72000-C
0.0004,0.0005,1565.3,0.00047334,1780385216051,119.1,90.72,69963.51,BTC-26JUN26,69821.44,0.00045,69823.6,26JUN26,40000,,P,BTC-26JUN26-40000-P
0.081,0.0825,102.1,0.08153216,1780385216051,80.1,36.0,70138.98,BTC-31JUL26,69821.44,0.08175,69823.6,31JUL26,73000,,P,BTC-31JUL26-73000-P
0.0265,0.0275,604.1,0.02696877,1780385216051,2.7,43.8,70509.92,BTC-25SEP26,69821.44,0.027,69823.6,25SEP26,58000,,P,BTC-25SEP26-58000-P
0.076,0.117,2.0,0.08023364,1780385216051,0.0,34.56,69898.97,BTC-19JUN26,69821.44,0.0965,69823.6,19JUN26,75000,,P,BTC-19JUN26-75000-P
0.278,0.2825,9.8,0.27997339,1780385216051,0.0,47.72,71109.1,BTC-25DEC26,69821.44,0.28025,69823.6,25DEC26,54000,,C,BTC-25DEC26-54000-C
3.1445,3.4445,0.0,3.28836266,1780385216051,0.0,95.76,69963.51,BTC-26JUN26,69821.44,3.2945,69823.6,26JUN26,300000,,P,BTC-26JUN26-300000-P
0.0006,0.0011,942.4,0.00079691,1780385216051,0.7,51.9,71109.1,BTC-25DEC26,69821.44,0.00085,69823.6,25DEC26,200000,,C,BTC-25DEC26-200000-C
0.0075,0.008,463.6,0.00759806,1780385216051,277.7,34.78,69876.88,BTC-12JUN26,69821.44,0.00775,69823.6,12JUN26,73000,,C,BTC-12JUN26-73000-C
0.0001,0.0002,38.0,0.0001529,1780385216051,29.5,43.28,69821.44,index_price,69821.44,0.00015,69823.6,4JUN26,75000,,C,BTC-4JUN26-75000-C
0.021,0.022,0.0,0.02140358,1780385216051,0.0,41.03,69825.37,BTC-5JUN26,69821.44,0.0215,69823.6,5JUN26,69000,,C,BTC-5JUN26-69000-C
0.2255,0.234,29.9,0.23004254,1780385216051,0.0,38.38,69959.7,BTC-26JUN26,69821.44,0.22975,69823.6,26JUN26,86000,,P,BTC-26JUN26-86000-P
0.032,0.0365,639.9,0.03428982,1780385216051,82.5,35.73,69825.37,BTC-5JUN26,69821.44,0.03425,69823.6,5JUN26,72000,,P,BTC-5JUN26-72000-P
,0.0001,248.8,4.8e-06,1780385216051,0.0,66.78,70509.92,BTC-25SEP26,69821.44,,69823.6,25SEP26,320000,,C,BTC-25SEP26-320000-C
0.385,0.389,48.3,0.3869212,1780385216051,0.0,53.25,71113.24,BTC-25DEC26,69821.44,0.387,69823.6,25DEC26,45000,,C,BTC-25DEC26-45000-C
0.0001,0.0002,104.7,0.00010601,1780385216051,126.5,43.58,69821.44,index_price,69821.44,0.00015,69823.6,3JUN26,73500,,C,BTC-3JUN26-73500-C
,0.0001,174.2,0.0,1780385216051,0.0,102.24,69959.7,BTC-26JUN26,69821.44,,69823.6,26JUN26,360000,,C,BTC-26JUN26-360000-C
0.015,0.0155,895.9,0.0151819,1780385216051,122.0,35.29,69963.51,BTC-26JUN26,69821.44,0.01525,69823.6,26JUN26,74000,,C,BTC-26JUN26-74000-C
0.037,0.0405,32.5,0.03879172,1780385216051,24.1,39.71,69821.44,index_price,69821.44,0.03875,69823.6,3JUN26,72500,,P,BTC-3JUN26-72500-P
,0.0001,214.5,3.412e-05,1780385216051,53.8,65.34,69825.37,BTC-5JUN26,69821.44,,69823.6,5JUN26,83000,,C,BTC-5JUN26-83000-C
0.1035,0.105,272.0,0.10428382,1780385216051,1.9,42.8,71113.24,BTC-25DEC26,69821.44,0.10425,69823.6,25DEC26,68000,,P,BTC-25DEC26-68000-P
0.0043,0.0047,291.5,0.00445476,1780385216051,5.7,35.33,70135.17,BTC-31JUL26,69821.44,0.0045,69823.6,31JUL26,87000,,C,BTC-31JUL26-87000-C
0.619,0.6575,1.7,0.62702018,1780385216051,0.0,40.9,71113.24,BTC-25DEC26,69821.44,0.63825,69823.6,25DEC26,115000,,P,BTC-25DEC26-115000-P
0.351,0.4905,0.2,0.41403298,1780385216051,0.0,41.31,71776.35,BTC-26MAR27,69821.44,0.42075,69823.6,26MAR27,98000,,P,BTC-26MAR27-98000-P
0.417,0.461,0.1,0.42488316,1780385216051,0.1,38.5,70314.33,BTC-28AUG26,69821.44,0.439,69823.6,28AUG26,100000,,P,BTC-28AUG26-100000-P
0.0095,0.0105,117.6,0.00982657,1780385216051,140.5,39.83,69821.44,index_price,69821.44,0.01,69823.6,3JUN26,70000,,P,BTC-3JUN26-70000-P
0.0016,0.002,826.8,0.00178483,1780385216051,6.9,37.71,70138.98,BTC-31JUL26,69821.44,0.0018,69823.6,31JUL26,94000,,C,BTC-31JUL26-94000-C
0.024,0.0245,688.5,0.0241394,1780385216051,6.6,36.4,70505.77,BTC-25SEP26,69821.44,0.02425,69823.6,25SEP26,84000,,C,BTC-25SEP26-84000-C
0.43,0.4855,0.0,0.45420902,1780385216051,0.0,39.87,71113.24,BTC-25DEC26,69821.44,0.45775,69823.6,25DEC26,102000,,P,BTC-25DEC26-102000-P
,0.0002,79.6,0.0,1780385216051,138.3,45.18,69821.44,index_price,69821.44,,69823.6,2JUN26,72500,,C,BTC-2JUN26-72500-C
0.0044,0.0048,19.1,0.00457796,1780385216051,19.7,36.87,69821.44,index_price,69821.44,0.0046,69823.6,4JUN26,71000,,C,BTC-4JUN26-71000-C
0.0002,0.0005,131.1,0.00031669,1780385216051,0.2,53.58,70509.92,BTC-25SEP26,69821.44,0.00035,69823.6,25SEP26,165000,,C,BTC-25SEP26-165000-C
0.026,0.027,16.4,0.02648254,1780385216051,16.7,37.93,69903.06,BTC-19JUN26,69821.44,0.0265,69823.6,19JUN26,69000,,P,BTC-19JUN26-69000-P
0.3495,0.448,0.0,0.39695173,1780385216051,0.0,37.91,70314.33,BTC-28AUG26,69821.44,0.39875,69823.6,28AUG26,98000,,P,BTC-28AUG26-98000-P
0.0525,0.0535,634.0,0.05311281,1780385216051,5.1,40.35,70509.92,BTC-25SEP26,69821.44,0.053,69823.6,25SEP26,65000,,P,BTC-25SEP26-65000-P
0.0013,0.0015,15.6,0.00140432,1780385216051,15.2,53.69,69821.44,index_price,69821.44,0.0014,69823.6,4JUN26,66000,,P,BTC-4JUN26-66000-P
0.1525,0.1885,0.0,0.1854537,1780385216051,0.0,45.01,70138.98,BTC-31JUL26,69821.44,0.1705,69823.6,31JUL26,58000,,C,BTC-31JUL26-58000-C
1.289,1.4695,0.1,1.37291616,1780385216051,0.0,45.99,71776.35,BTC-26MAR27,69821.44,1.37925,69823.6,26MAR27,170000,,P,BTC-26MAR27-170000-P
0.1065,0.175,1.9,0.13731756,1780385216051,0.0,41.84,70135.17,BTC-31JUL26,69821.44,0.14075,69823.6,31JUL26,62000,,C,BTC-31JUL26-62000-C
1.1915,1.3535,0.6,1.26975785,1780385216051,0.0,52.4,70509.92,BTC-25SEP26,69821.44,1.2725,69823.6,25SEP26,160000,,P,BTC-25SEP26-160000-P
0.168,0.1745,718.3,0.17062941,1780385216051,0.7,36.6,70509.92,BTC-25SEP26,69821.44,0.17125,69823.6,25SEP26,80000,,P,BTC-25SEP26-80000-P
0.0935,0.135,0.0,0.1029958,1780385216051,0.0,54.55,69821.44,index_price,69821.44,0.11425,69823.6,4JUN26,77000,,P,BTC-4JUN26-77000-P
0.0016,0.0019,4431.2,0.00165546,1780385216051,1062.4,35.66,69963.51,BTC-26JUN26,69821.44,0.00175,69823.6,26JUN26,82000,,C,BTC-26JUN26-82000-C
0.0001,0.0004,749.7,0.00020588,1780385216051,0.0,56.08,70509.92,BTC-25SEP26,69821.44,0.00025,69823.6,25SEP26,180000,,C,BTC-25SEP26-180000-C
0.319,0.3285,14.0,0.32388238,1780385216051,0.0,41.62,71772.54,BTC-26MAR27,69821.44,0.32375,69823.6,26MAR27,90000,,P,BTC-26MAR27-90000-P
,0.0001,59.9,0.0,1780385216051,69.9,36.61,69821.44,index_price,69821.44,,69823.6,2JUN26,71000,,C,BTC-2JUN26-71000-C
0.284,0.291,1686.6,0.28690229,1780385216051,3.7,41.92,69963.51,BTC-26JUN26,69821.44,0.2875,69823.6,26JUN26,90000,,P,BTC-26JUN26-90000-P
0.007,0.008,40.6,0.00730091,1780385216051,2.1,36.12,70314.33,BTC-28AUG26,69821.44,0.0075,69823.6,28AUG26,90000,,C,BTC-28AUG26-90000-C
0.013,0.014,5835.0,0.01376645,1780385216051,218.1,34.67,70135.17,BTC-31JUL26,69821.44,0.0135,69823.6,31JUL26,80000,,C,BTC-31JUL26-80000-C
2.0395,2.2595,0.2,2.14479929,1780385216051,0.0,86.38,69963.51,BTC-26JUN26,69821.44,2.1495,69823.6,26JUN26,220000,,P,BTC-26JUN26-220000-P
0.082,0.084,279.8,0.0829638,1780385216051,2.5,46.17,71776.35,BTC-26MAR27,69821.44,0.083,69823.6,26MAR27,60000,,P,BTC-26MAR27-60000-P
0.0004,0.0005,57.2,0.00040301,1780385216051,57.1,38.11,69821.44,index_price,69821.44,0.00045,69823.6,4JUN26,73500,,C,BTC-4JUN26-73500-C
0.1305,0.1635,8.0,0.16079525,1780385216051,0.0,43.34,70138.98,BTC-31JUL26,69821.44,0.147,69823.6,31JUL26,60000,,C,BTC-31JUL26-60000-C
0.315,0.4095,0.1,0.36066954,1780385216051,0.0,72.07,69825.37,BTC-5JUN26,69821.44,0.36225,69823.6,5JUN26,95000,,P,BTC-5JUN26-95000-P
0.009,0.01,0.4,0.00967934,1780385216051,2.0,41.03,69825.37,BTC-5JUN26,69821.44,0.0095,69823.6,5JUN26,69000,,P,BTC-5JUN26-69000-P
0.171,0.1735,217.9,0.17200309,1780385216051,0.0,43.57,71113.24,BTC-25DEC26,69821.44,0.17225,69823.6,25DEC26,65000,,C,BTC-25DEC26-65000-C
0.0725,0.0755,58.1,0.07422895,1780385216051,64.0,52.71,69821.44,index_price,69821.44,0.074,69823.6,2JUN26,75000,,P,BTC-2JUN26-75000-P
0.0035,0.0039,117.4,0.00362309,1780385216051,58.3,34.67,69898.97,BTC-19JUN26,69821.44,0.0037,69823.6,19JUN26,77000,,C,BTC-19JUN26-77000-C
0.036,0.045,20.9,0.04043128,1780385216051,21.5,35.76,69825.37,BTC-5JUN26,69821.44,0.0405,69823.6,5JUN26,72500,,P,BTC-5JUN26-72500-P
0.183,0.2465,0.0,0.2109926,1780385216051,0.0,46.75,70138.98,BTC-31JUL26,69821.44,0.21475,69823.6,31JUL26,56000,,C,BTC-31JUL26-56000-C
0.0007,0.0013,989.3,0.00095017,1780385216051,0.1,50.67,71113.24,BTC-25DEC26,69821.44,0.001,69823.6,25DEC26,190000,,C,BTC-25DEC26-190000-C
0.485,0.5,104.4,0.49281172,1780385216051,0.0,38.8,70505.77,BTC-25SEP26,69821.44,0.4925,69823.6,25SEP26,105000,,P,BTC-25SEP26-105000-P
0.016,0.0165,186.3,0.01628847,1780385216051,40.4,43.34,70138.98,BTC-31JUL26,69821.44,0.01625,69823.6,31JUL26,60000,,P,BTC-31JUL26-60000-P
0.0001,0.0002,605.1,0.00012294,1780385216051,46.5,45.12,69825.37,BTC-5JUN26,69821.44,0.00015,69823.6,5JUN26,77000,,C,BTC-5JUN26-77000-C
2.124,2.3545,0.0,2.23496592,1780385216051,0.0,55.16,71113.24,BTC-25DEC26,69821.44,2.23925,69823.6,25DEC26,230000,,P,BTC-25DEC26-230000-P
0.075,0.0765,1594.4,0.07592576,1780385216051,9.5,38.13,70509.92,BTC-25SEP26,69821.44,0.07575,69823.6,25SEP26,72000,,C,BTC-25SEP26-72000-C
0.781,0.914,21.9,0.84477317,1780385216051,0.0,45.08,70509.92,BTC-25SEP26,69821.44,0.8475,69823.6,25SEP26,130000,,P,BTC-25SEP26-130000-P
0.082,0.0835,1489.6,0.08261758,1780385216051,77.4,38.68,70505.77,BTC-25SEP26,69821.44,0.08275,69823.6,25SEP26,70000,,P,BTC-25SEP26-70000-P
0.049,0.0895,0.0,0.08151634,1780385216051,0.0,45.13,69821.44,index_price,69821.44,0.06925,69823.6,4JUN26,75500,,P,BTC-4JUN26-75500-P
0.1425,0.1485,97.8,0.14595775,1780385216051,0.2,60.62,69825.37,BTC-5JUN26,69821.44,0.1455,69823.6,5JUN26,80000,,P,BTC-5JUN26-80000-P
0.0065,0.0075,1771.5,0.00701069,1780385216051,1.6,44.04,71776.35,BTC-26MAR27,69821.44,0.007,69823.6,26MAR27,150000,,C,BTC-26MAR27-150000-C
0.019,0.0205,2160.1,0.01975159,1780385216051,8.4,53.25,71113.24,BTC-25DEC26,69821.44,0.01975,69823.6,25DEC26,45000,,P,BTC-25DEC26-45000-P
,0.0001,2506.3,4.876e-05,1780385216051,0.1,61.91,69963.51,BTC-26JUN26,69821.44,,69823.6,26JUN26,115000,,C,BTC-26JUN26-115000-C
0.014,0.0145,0.0,0.01435263,1780385216051,0.0,40.31,69821.44,index_price,69821.44,0.01425,69823.6,4JUN26,69500,,C,BTC-4JUN26-69500-C
0.0001,0.0002,136.8,0.00013201,1780385216052,1.3,43.44,69873.07,BTC-12JUN26,69821.44,0.00015,69823.6,12JUN26,84000,,C,BTC-12JUN26-84000-C
0.0265,0.027,2099.9,0.0269664,1780385216052,419.6,39.04,69963.51,BTC-26JUN26,69821.44,0.02675,69823.6,26JUN26,68000,,P,BTC-26JUN26-68000-P
0.0027,0.0031,52.6,0.00284431,1780385216052,99.9,36.32,69821.44,index_price,69821.44,0.0029,69823.6,4JUN26,71500,,C,BTC-4JUN26-71500-C
3.421,3.741,0.0,3.5742535,1780385216052,0.0,99.84,69963.51,BTC-26JUN26,69821.44,3.581,69823.6,26JUN26,320000,,P,BTC-26JUN26-320000-P
,0.0002,278.7,3.996e-05,1780385216052,1.0,58.65,70505.77,BTC-25SEP26,69821.44,,69823.6,25SEP26,220000,,C,BTC-25SEP26-220000-C
0.0335,0.035,19.1,0.03431304,1780385216052,0.0,41.38,71776.35,BTC-26MAR27,69821.44,0.03425,69823.6,26MAR27,106000,,C,BTC-26MAR27-106000-C
0.0135,0.0145,40.9,0.01397661,1780385216052,43.3,38.31,69821.44,index_price,69821.44,0.014,69823.6,3JUN26,70500,,P,BTC-3JUN26-70500-P
0.024,0.025,116.4,0.02463914,1780385216052,102.0,35.64,70314.33,BTC-28AUG26,69821.44,0.0245,69823.6,28AUG26,80000,,C,BTC-28AUG26-80000-C
0.005,0.0055,4075.4,0.00532761,1780385216052,16.4,37.94,70509.92,BTC-25SEP26,69821.44,0.00525,69823.6,25SEP26,100000,,C,BTC-25SEP26-100000-C
0.048,0.0495,28.4,0.04860047,1780385216052,0.6,41.31,71776.35,BTC-26MAR27,69821.44,0.04875,69823.6,26MAR27,98000,,C,BTC-26MAR27-98000-C
,0.0001,8.0,1.58e-06,1780385216052,8.0,59.32,69821.44,index_price,69821.44,,69823.6,4JUN26,82000,,C,BTC-4JUN26-82000-C
0.0024,0.0025,287.5,0.00235886,1780385216052,10.1,37.21,70138.98,BTC-31JUL26,69821.44,0.00245,69823.6,31JUL26,92000,,C,BTC-31JUL26-92000-C
,0.0001,22.8,1.706e-05,1780385216052,5.6,59.32,69821.44,index_price,69821.44,,69823.6,3JUN26,76500,,C,BTC-3JUN26-76500-C
0.0325,0.0335,3432.3,0.03290058,1780385216052,54.4,42.68,70505.77,BTC-25SEP26,69821.44,0.033,69823.6,25SEP26,60000,,P,BTC-25SEP26-60000-P
,0.0001,1166.5,5.222e-05,1780385216052,51.3,63.71,69825.37,BTC-5JUN26,69821.44,,69823.6,5JUN26,82000,,C,BTC-5JUN26-82000-C
0.131,0.133,380.2,0.13226552,1780385216052,11.0,41.92,71109.1,BTC-25DEC26,69821.44,0.132,69823.6,25DEC26,72000,,P,BTC-25DEC26-72000-P
0.2815,0.2865,1.0,0.28469952,1780385216052,0.0,47.39,71776.35,BTC-26MAR27,69821.44,0.284,69823.6,26MAR27,56000,,C,BTC-26MAR27-56000-C
0.001,0.0012,1113.7,0.00103873,1780385216052,174.2,36.82,69963.51,BTC-26JUN26,69821.44,0.0011,69823.6,26JUN26,84000,,C,BTC-26JUN26-84000-C
0.0145,0.015,547.7,0.01465612,1780385216052,712.4,39.69,69876.88,BTC-12JUN26,69821.44,0.01475,69823.6,12JUN26,68000,,P,BTC-12JUN26-68000-P
0.071,0.075,1464.3,0.07297802,1780385216052,46.9,35.29,69963.51,BTC-26JUN26,69821.44,0.073,69823.6,26JUN26,74000,,P,BTC-26JUN26-74000-P
,0.0001,83.0,0.0,1780385216052,49.3,52.71,69821.44,index_price,69821.44,,69823.6,2JUN26,75000,,C,BTC-2JUN26-75000-C
0.03,0.031,26.2,0.03056474,1780385216052,0.6,41.25,70314.33,BTC-28AUG26,69821.44,0.0305,69823.6,28AUG26,62000,,P,BTC-28AUG26-62000-P
0.188,0.196,31.4,0.19183221,1780385216052,0.0,34.72,70138.98,BTC-31JUL26,69821.44,0.192,69823.6,31JUL26,83000,,P,BTC-31JUL26-83000-P
3.9735,4.332,0.3,4.14603519,1780385216052,0.0,102.24,69963.51,BTC-26JUN26,69821.44,4.15275,69823.6,26JUN26,360000,,P,BTC-26JUN26-360000-P
0.0245,0.025,2367.9,0.02468103,1780385216052,310.0,36.12,69959.7,BTC-26JUN26,69821.44,0.02475,69823.6,26JUN26,72000,,C,BTC-26JUN26-72000-C
,0.0001,1222.2,6.83e-06,1780385216052,0.0,85.89,69959.7,BTC-26JUN26,69821.44,,69823.6,26JUN26,160000,,C,BTC-26JUN26-160000-C
0.256,0.2605,39.7,0.25816083,1780385216052,0.0,46.76,71113.24,BTC-25DEC26,69821.44,0.25825,69823.6,25DEC26,56000,,C,BTC-25DEC26-56000-C
0.1945,0.2445,0.0,0.21439501,1780385216052,0.0,59.13,69898.97,BTC-19JUN26,69821.44,0.2195,69823.6,19JUN26,55000,,C,BTC-19JUN26-55000-C
0.095,0.1,30.2,0.09779712,1780385216052,0.0,43.18,69963.51,BTC-26JUN26,69821.44,0.0975,69823.6,26JUN26,64000,,C,BTC-26JUN26-64000-C
0.278,0.286,2.3,0.28188179,1780385216052,0.0,41.84,71776.35,BTC-26MAR27,69821.44,0.282,69823.6,26MAR27,86000,,P,BTC-26MAR27-86000-P
0.021,0.022,864.8,0.02136158,1780385216052,19.4,55.06,71776.35,BTC-26MAR27,69821.44,0.0215,69823.6,26MAR27,40000,,P,BTC-26MAR27-40000-P
,0.0001,813.7,1e-08,1780385216052,0.0,89.15,69963.51,BTC-26JUN26,69821.44,,69823.6,26JUN26,230000,,C,BTC-26JUN26-230000-C
0.0185,0.0195,268.3,0.0192885,1780385216052,0.1,41.88,71776.35,BTC-26MAR27,69821.44,0.019,69823.6,26MAR27,120000,,C,BTC-26MAR27-120000-C
0.1175,0.1215,272.5,0.12016742,1780385216052,0.9,34.93,70138.98,BTC-31JUL26,69821.44,0.1195,69823.6,31JUL26,77000,,P,BTC-31JUL26-77000-P
0.0365,0.04,167.8,0.03842132,1780385216052,164.5,45.18,69821.44,index_price,69821.44,0.03825,69823.6,2JUN26,72500,,P,BTC-2JUN26-72500-P
1.9015,2.111,0.0,2.00185388,1780385216052,0.0,86.33,69963.51,BTC-26JUN26,69821.44,2.00625,69823.6,26JUN26,210000,,P,BTC-26JUN26-210000-P
,0.0001,57.2,1.141e-05,1780385216052,7.4,60.97,69821.44,index_price,69821.44,,69823.6,3JUN26,77000,,C,BTC-3JUN26-77000-C
0.015,0.016,2982.6,0.01538289,1780385216052,785.7,38.64,69825.37,BTC-5JUN26,69821.44,0.0155,69823.6,5JUN26,70000,,P,BTC-5JUN26-70000-P
0.0001,0.0003,824.8,0.00018116,1780385216052,0.0,58.25,70505.77,BTC-25SEP26,69821.44,0.0002,69823.6,25SEP26,190000,,C,BTC-25SEP26-190000-C
0.109,0.1495,0.0,0.11726724,1780385216052,0.0,60.97,69821.44,index_price,69821.44,0.12925,69823.6,3JUN26,78000,,P,BTC-3JUN26-78000-P
0.0095,0.01,0.6,0.00981254,1780385216052,0.6,40.31,69821.44,index_price,69821.44,0.00975,69823.6,4JUN26,69500,,P,BTC-4JUN26-69500-P
1.3485,1.517,1.9,1.43007431,1780385216052,0.0,85.89,69963.51,BTC-26JUN26,69821.44,1.43275,69823.6,26JUN26,170000,,P,BTC-26JUN26-170000-P
0.064,0.066,62.2,0.06494667,1780385216052,0.0,47.39,71776.35,BTC-26MAR27,69821.44,0.065,69823.6,26MAR27,56000,,P,BTC-26MAR27-56000-P
0.2185,0.306,0.0,0.26041349,1780385216052,0.0,72.07,69825.37,BTC-5JUN26,69821.44,0.26225,69823.6,5JUN26,88000,,P,BTC-5JUN26-88000-P
0.1395,0.1415,52.9,0.14056272,1780385216052,0.0,40.73,70509.92,BTC-25SEP26,69821.44,0.1405,69823.6,25SEP26,64000,,C,BTC-25SEP26-64000-C
0.0007,0.001,22.3,0.00088175,1780385216052,28.9,58.46,69821.44,index_price,69821.44,0.00085,69823.6,4JUN26,65000,,P,BTC-4JUN26-65000-P
0.3345,0.3735,1.3,0.34205755,1780385216052,0.0,37.71,70138.98,BTC-31JUL26,69821.44,0.354,69823.6,31JUL26,94000,,P,BTC-31JUL26-94000-P
0.0002,0.0003,60.6,0.00019961,1780385216052,13.8,41.32,69821.44,index_price,69821.44,0.00025,69823.6,4JUN26,74500,,C,BTC-4JUN26-74500-C
0.0305,0.0315,15.3,0.03112425,1780385216052,14.3,37.0,69898.97,BTC-19JUN26,69821.44,0.031,69823.6,19JUN26,70000,,C,BTC-19JUN26-70000-C
0.0315,0.0325,0.0,0.0319371,1780385216052,0.0,38.36,69873.07,BTC-12JUN26,69821.44,0.032,69823.6,12JUN26,69000,,C,BTC-12JUN26-69000-C
0.0635,0.1285,0.0,0.09279976,1780385216052,0.0,43.66,69898.97,BTC-19JUN26,69821.44,0.096,69823.6,19JUN26,64000,,C,BTC-19JUN26-64000-C
0.0022,0.0025,0.4,0.00233555,1780385216052,0.4,49.14,69821.44,index_price,69821.44,0.00235,69823.6,4JUN26,67000,,P,BTC-4JUN26-67000-P
2.016,2.2325,1.8,2.12047499,1780385216052,0.0,58.65,70505.77,BTC-25SEP26,69821.44,2.12425,69823.6,25SEP26,220000,,P,BTC-25SEP26-220000-P
0.163,0.2465,13.8,0.2031376,1780385216052,0.0,66.08,69825.37,BTC-5JUN26,69821.44,0.20475,69823.6,5JUN26,84000,,P,BTC-5JUN26-84000-P
0.0044,0.0048,16.1,0.00454895,1780385216052,24.8,36.07,69825.37,BTC-5JUN26,69821.44,0.0046,69823.6,5JUN26,71500,,C,BTC-5JUN26-71500-C
0.324,0.3285,59.9,0.3258707,1780385216052,0.0,49.89,71113.24,BTC-25DEC26,69821.44,0.32625,69823.6,25DEC26,50000,,C,BTC-25DEC26-50000-C
0.0004,0.0006,353.1,0.00050608,1780385216052,64.1,36.52,69873.07,BTC-12JUN26,69821.44,0.0005,69823.6,12JUN26,79000,,C,BTC-12JUN26-79000-C
,0.0001,551.2,8.406e-05,1780385216052,21.2,62.32,69825.37,BTC-5JUN26,69821.44,,69823.6,5JUN26,81000,,C,BTC-5JUN26-81000-C
0.009,0.0095,291.8,0.00945294,1780385216052,25.5,46.75,70138.98,BTC-31JUL26,69821.44,0.00925,69823.6,31JUL26,56000,,P,BTC-31JUL26-56000-P
0.0037,0.0041,418.7,0.00384361,1780385216052,3.2,35.58,70138.98,BTC-31JUL26,69821.44,0.0039,69823.6,31JUL26,88000,,C,BTC-31JUL26-88000-C
,0.0001,180.7,0.0,1780385216052,194.7,45.46,69821.44,index_price,69821.44,,69823.6,2JUN26,73500,,C,BTC-2JUN26-73500-C
0.0046,0.005,2376.3,0.00482548,1780385216052,30.1,60.09,70509.92,BTC-25SEP26,69821.44,0.0048,69823.6,25SEP26,40000,,P,BTC-25SEP26-40000-P
2.8385,3.1135,0.0,2.97147073,1780385216052,0.0,63.11,70509.92,BTC-25SEP26,69821.44,2.976,69823.6,25SEP26,280000,,P,BTC-25SEP26-280000-P
0.1005,0.106,130.6,0.10315151,1780385216052,2.0,34.81,69873.07,BTC-12JUN26,69821.44,0.10325,69823.6,12JUN26,77000,,P,BTC-12JUN26-77000-P
0.0012,0.0015,662.8,0.00130889,1780385216052,631.4,35.79,69825.37,BTC-5JUN26,69821.44,0.00135,69823.6,5JUN26,73000,,C,BTC-5JUN26-73000-C
,0.0001,242.1,0.0,1780385216052,19.5,57.33,69821.44,index_price,69821.44,,69823.6,2JUN26,76000,,C,BTC-2JUN26-76000-C
1.0035,1.147,4.6,1.07272085,1780385216052,0.0,79.3,69963.51,BTC-26JUN26,69821.44,1.07525,69823.6,26JUN26,145000,,P,BTC-26JUN26-145000-P
0.0255,0.0305,29.2,0.0286318,1780385216052,34.1,36.07,69825.37,BTC-5JUN26,69821.44,0.028,69823.6,5JUN26,71500,,P,BTC-5JUN26-71500-P
0.046,0.1105,0.0,0.08147427,1780385216052,0.0,52.16,69821.44,index_price,69821.44,0.07825,69823.6,3JUN26,75500,,P,BTC-3JUN26-75500-P
0.024,0.025,56.9,0.02436414,1780385216052,56.9,41.13,70138.98,BTC-31JUL26,69821.44,0.0245,69823.6,31JUL26,63000,,P,BTC-31JUL26-63000-P
0.516,0.627,1.1,0.56891888,1780385216052,0.0,45.46,70138.98,BTC-31JUL26,69821.44,0.5715,69823.6,31JUL26,110000,,P,BTC-31JUL26-110000-P
0.0006,0.001,267.6,0.00078837,1780385216052,3.3,41.0,70138.98,BTC-31JUL26,69821.44,0.0008,69823.6,31JUL26,102000,,C,BTC-31JUL26-102000-C
0.0013,0.0016,279.4,0.0014184,1780385216052,73.4,38.48,70138.98,BTC-31JUL26,69821.44,0.00145,69823.6,31JUL26,96000,,C,BTC-31JUL26-96000-C
0.1925,0.24,0.0,0.20231294,1780385216052,0.0,43.44,69873.07,BTC-12JUN26,69821.44,0.21625,69823.6,12JUN26,84000,,P,BTC-12JUN26-84000-P
0.2395,0.2465,3.7,0.24239446,1780385216052,0.1,42.13,71776.35,BTC-26MAR27,69821.44,0.243,69823.6,26MAR27,82000,,P,BTC-26MAR27-82000-P
0.1795,0.182,12.7,0.18051325,1780385216052,0.0,43.85,71113.24,BTC-25DEC26,69821.44,0.18075,69823.6,25DEC26,64000,,C,BTC-25DEC26-64000-C
0.3325,0.3845,0.4,0.37941586,1780385216052,0.0,41.42,71772.54,BTC-26MAR27,69821.44,0.3585,69823.6,26MAR27,95000,,P,BTC-26MAR27-95000-P
0.0065,0.007,1.5,0.0068299,1780385216052,1.9,42.21,69821.44,index_price,69821.44,0.00675,69823.6,3JUN26,69500,,P,BTC-3JUN26-69500-P
0.0004,0.0007,130.6,0.00051464,1780385216052,0.2,45.46,70135.17,BTC-31JUL26,69821.44,0.00055,69823.6,31JUL26,110000,,C,BTC-31JUL26-110000-C
0.0295,0.031,1331.2,0.03035828,1780385216053,1.4,39.81,71113.24,BTC-25DEC26,69821.44,0.03025,69823.6,25DEC26,95000,,C,BTC-25DEC26-95000-C
0.654,0.7745,0.0,0.71129963,1780385216053,0.0,50.14,70138.98,BTC-31JUL26,69821.44,0.71425,69823.6,31JUL26,120000,,P,BTC-31JUL26-120000-P
0.0075,0.0085,2160.9,0.00817403,1780385216053,811.1,37.04,70509.92,BTC-25SEP26,69821.44,0.008,69823.6,25SEP26,95000,,C,BTC-25SEP26-95000-C
0.5055,0.5085,15.1,0.50658938,1780385216053,0.0,66.38,70509.92,BTC-25SEP26,69821.44,0.507,69823.6,25SEP26,35000,,C,BTC-25SEP26-35000-C
,0.0001,556.1,0.0,1780385216053,0.0,89.88,69963.51,BTC-26JUN26,69821.44,,69823.6,26JUN26,240000,,C,BTC-26JUN26-240000-C
2.26,2.5,0.0,2.37559123,1780385216053,0.0,56.83,71113.24,BTC-25DEC26,69821.44,2.38,69823.6,25DEC26,240000,,P,BTC-25DEC26-240000-P
0.229,0.259,0.0,0.23494817,1780385216053,0.0,35.71,70314.33,BTC-28AUG26,69821.44,0.244,69823.6,28AUG26,86000,,P,BTC-28AUG26-86000-P
0.257,0.321,23.4,0.26236065,1780385216053,0.0,40.16,71113.24,BTC-25DEC26,69821.44,0.289,69823.6,25DEC26,86000,,P,BTC-25DEC26-86000-P
0.027,0.0285,6.2,0.02783121,1780385216053,0.0,35.73,70314.33,BTC-28AUG26,69821.44,0.02775,69823.6,28AUG26,79000,,C,BTC-28AUG26-79000-C
,0.0002,1130.0,0.00010655,1780385216053,1.0,58.31,70509.92,BTC-25SEP26,69821.44,,69823.6,25SEP26,200000,,C,BTC-25SEP26-200000-C
0.138,0.1895,3.6,0.14073666,1780385216053,0.0,35.85,70314.33,BTC-28AUG26,69821.44,0.16375,69823.6,28AUG26,78000,,P,BTC-28AUG26-78000-P
0.0655,0.117,0.0,0.08387242,1780385216053,0.0,62.95,69821.44,index_price,69821.44,0.09125,69823.6,4JUN26,64000,,C,BTC-4JUN26-64000-C
0.0125,0.013,21.1,0.0127843,1780385216053,14.5,38.64,69825.37,BTC-5JUN26,69821.44,0.01275,69823.6,5JUN26,70000,,C,BTC-5JUN26-70000-C
1.0215,1.1865,1.6,1.09695841,1780385216053,1.6,44.04,71772.54,BTC-26MAR27,69821.44,1.104,69823.6,26MAR27,150000,,P,BTC-26MAR27-150000-P
0.007,0.008,1816.9,0.00762335,1780385216053,6.0,54.46,70509.92,BTC-25SEP26,69821.44,0.0075,69823.6,25SEP26,45000,,P,BTC-25SEP26-45000-P
,0.0001,0.0,0.0,1780385216053,0.0,60.97,69821.44,index_price,69821.44,,69823.6,3JUN26,82000,,C,BTC-3JUN26-82000-C
0.028,0.0295,84.9,0.02884333,1780385216053,2.0,41.43,71776.35,BTC-26MAR27,69821.44,0.02875,69823.6,26MAR27,110000,,C,BTC-26MAR27-110000-C
0.0004,0.0008,477.8,0.00055848,1780385216053,0.0,49.23,70505.77,BTC-25SEP26,69821.44,0.0006,69823.6,25SEP26,145000,,C,BTC-25SEP26-145000-C
0.015,0.0165,111.2,0.016027,1780385216053,72.6,42.21,71776.35,BTC-26MAR27,69821.44,0.01575,69823.6,26MAR27,125000,,C,BTC-26MAR27-125000-C
0.1025,0.139,0.0,0.10538388,1780385216053,0.0,45.1,69903.06,BTC-19JUN26,69821.44,0.12075,69823.6,19JUN26,63000,,C,BTC-19JUN26-63000-C
1.1005,1.16,2.1,1.1121322,1780385216053,0.0,45.96,71109.1,BTC-25DEC26,69821.44,1.13025,69823.6,25DEC26,150000,,P,BTC-25DEC26-150000-P
0.0002,0.0006,828.8,0.00035055,1780385216053,0.2,52.4,70509.92,BTC-25SEP26,69821.44,0.0004,69823.6,25SEP26,160000,,C,BTC-25SEP26-160000-C
0.0255,0.0895,0.0,0.0552644,1780385216053,0.0,63.52,69821.44,index_price,69821.44,0.0575,69823.6,3JUN26,66000,,C,BTC-3JUN26-66000-C
0.171,0.177,207.3,0.17380792,1780385216053,0.2,35.66,69963.51,BTC-26JUN26,69821.44,0.174,69823.6,26JUN26,82000,,P,BTC-26JUN26-82000-P
,0.0001,93.8,0.0,1780385216053,0.0,57.33,69821.44,index_price,69821.44,,69823.6,2JUN26,77000,,C,BTC-2JUN26-77000-C
0.0245,0.026,186.4,0.02526453,1780385216053,0.0,39.82,71109.1,BTC-25DEC26,69821.44,0.02525,69823.6,25DEC26,98000,,C,BTC-25DEC26-98000-C
0.3205,0.3465,0.0,0.32805129,1780385216053,0.0,37.42,70138.98,BTC-31JUL26,69821.44,0.3335,69823.6,31JUL26,93000,,P,BTC-31JUL26-93000-P
0.5225,0.5615,0.0,0.53282874,1780385216053,0.0,40.2,71109.1,BTC-25DEC26,69821.44,0.542,69823.6,25DEC26,108000,,P,BTC-25DEC26-108000-P
0.023,0.0275,0.0,0.02436213,1780385216053,0.0,43.43,69821.44,index_price,69821.44,0.02525,69823.6,4JUN26,68500,,C,BTC-4JUN26-68500-C
0.0245,0.032,0.0,0.02817912,1780385216053,0.0,50.04,69821.44,index_price,69821.44,0.02825,69823.6,3JUN26,68000,,C,BTC-3JUN26-68000-C
0.3345,0.3895,0.0,0.3416962,1780385216053,0.0,37.05,70318.18,BTC-28AUG26,69821.44,0.362,69823.6,28AUG26,94000,,P,BTC-28AUG26-94000-P
0.0195,0.0205,619.5,0.01985525,1780385216053,20.0,36.47,70505.77,BTC-25SEP26,69821.44,0.02,69823.6,25SEP26,86000,,C,BTC-25SEP26-86000-C
0.009,0.0105,2586.8,0.00978694,1780385216053,3.2,40.9,71113.24,BTC-25DEC26,69821.44,0.00975,69823.6,25DEC26,115000,,C,BTC-25DEC26-115000-C
0.0275,0.028,524.8,0.02774008,1780385216053,28.1,40.42,70138.98,BTC-31JUL26,69821.44,0.02775,69823.6,31JUL26,64000,,P,BTC-31JUL26-64000-P
0.002,0.0022,95.3,0.0020368,1780385216053,16.8,37.42,70138.98,BTC-31JUL26,69821.44,0.0021,69823.6,31JUL26,93000,,C,BTC-31JUL26-93000-C
0.888,1.0465,0.0,0.9601193,1780385216053,0.0,43.23,71776.35,BTC-26MAR27,69821.44,0.96725,69823.6,26MAR27,140000,,P,BTC-26MAR27-140000-P
0.1985,0.2035,933.3,0.2015698,1780385216053,0.0,40.89,71113.24,BTC-25DEC26,69821.44,0.201,69823.6,25DEC26,80000,,P,BTC-25DEC26-80000-P
0.0215,0.0225,135.7,0.0220846,1780385216053,0.0,45.05,70509.92,BTC-25SEP26,69821.44,0.022,69823.6,25SEP26,56000,,P,BTC-25SEP26-56000-P
0.1415,0.1445,81.6,0.14283747,1780385216053,10.2,43.86,71772.54,BTC-26MAR27,69821.44,0.143,69823.6,26MAR27,70000,,P,BTC-26MAR27-70000-P
0.0515,0.055,26.1,0.05315558,1780385216053,1.1,38.11,69821.44,index_price,69821.44,0.05325,69823.6,4JUN26,73500,,P,BTC-4JUN26-73500-P
0.2265,0.282,15.2,0.23143727,1780385216053,0.0,35.18,70138.98,BTC-31JUL26,69821.44,0.25425,69823.6,31JUL26,86000,,P,BTC-31JUL26-86000-P
0.0039,0.0043,18.1,0.00414125,1780385216053,18.6,38.31,69821.44,index_price,69821.44,0.0041,69823.6,3JUN26,70500,,C,BTC-3JUN26-70500-C
0.2115,0.214,0.5,0.21265411,1780385216053,0.2,45.14,71776.35,BTC-26MAR27,69821.44,0.21275,69823.6,26MAR27,64000,,C,BTC-26MAR27-64000-C
0.216,0.223,157.8,0.22082272,1780385216053,0.0,40.56,71109.1,BTC-25DEC26,69821.44,0.2195,69823.6,25DEC26,82000,,P,BTC-25DEC26-82000-P
0.031,0.032,15.0,0.03139055,1780385216053,0.1,35.85,70314.33,BTC-28AUG26,69821.44,0.0315,69823.6,28AUG26,78000,,C,BTC-28AUG26-78000-C
0.0005,0.0007,722.7,0.00057169,1780385216053,205.0,36.75,69825.37,BTC-5JUN26,69821.44,0.0006,69823.6,5JUN26,74000,,C,BTC-5JUN26-74000-C
0.006,0.0065,4781.2,0.00595109,1780385216053,855.2,48.34,69963.51,BTC-26JUN26,69821.44,0.00625,69823.6,26JUN26,60000,,P,BTC-26JUN26-60000-P
0.301,0.3105,596.1,0.30685279,1780385216053,0.0,39.86,71109.1,BTC-25DEC26,69821.44,0.30575,69823.6,25DEC26,90000,,P,BTC-25DEC26-90000-P
0.0015,0.0018,44.9,0.00160167,1780385216053,0.0,38.14,70138.98,BTC-31JUL26,69821.44,0.00165,69823.6,31JUL26,95000,,C,BTC-31JUL26-95000-C
0.0055,0.006,20.4,0.00580691,1780385216053,18.2,36.45,70318.18,BTC-28AUG26,69821.44,0.00575,69823.6,28AUG26,92000,,C,BTC-28AUG26-92000-C
0.344,0.349,11.8,0.34704416,1780385216053,0.0,49.63,71776.35,BTC-26MAR27,69821.44,0.3465,69823.6,26MAR27,50000,,C,BTC-26MAR27-50000-C
0.086,0.157,0.0,0.11856094,1780385216053,0.0,34.81,69898.97,BTC-19JUN26,69821.44,0.1215,69823.6,19JUN26,78000,,P,BTC-19JUN26-78000-P
0.1275,0.1355,491.3,0.13108866,1780385216053,1.1,34.75,70138.98,BTC-31JUL26,69821.44,0.1315,69823.6,31JUL26,78000,,P,BTC-31JUL26-78000-P
0.147,0.155,0.0,0.15139971,1780385216054,0.0,35.73,70314.33,BTC-28AUG26,69821.44,0.151,69823.6,28AUG26,79000,,P,BTC-28AUG26-79000-P
1.4455,1.629,0.0,1.53256218,1780385216054,0.0,49.79,71109.1,BTC-25DEC26,69821.44,1.53725,69823.6,25DEC26,180000,,P,BTC-25DEC26-180000-P
0.216,0.267,0.0,0.26081791,1780385216054,0.0,35.86,70314.33,BTC-28AUG26,69821.44,0.2415,69823.6,28AUG26,88000,,P,BTC-28AUG26-88000-P
,0.0001,1180.5,6.7e-07,1780385216054,0.0,85.89,69963.51,BTC-26JUN26,69821.44,,69823.6,26JUN26,180000,,C,BTC-26JUN26-180000-C
0.3545,0.3625,983.1,0.35823106,1780385216054,0.1,46.99,69963.51,BTC-26JUN26,69821.44,0.3585,69823.6,26JUN26,95000,,P,BTC-26JUN26-95000-P
0.35,0.452,0.1,0.39844217,1780385216054,0.0,39.23,70138.98,BTC-31JUL26,69821.44,0.401,69823.6,31JUL26,98000,,P,BTC-31JUL26-98000-P
0.354,0.4215,0.0,0.36916373,1780385216054,0.0,37.35,70318.18,BTC-28AUG26,69821.44,0.38775,69823.6,28AUG26,96000,,P,BTC-28AUG26-96000-P
0.0115,0.012,72.7,0.01182297,1780385216054,22.1,35.71,70314.33,BTC-28AUG26,69821.44,0.01175,69823.6,28AUG26,86000,,C,BTC-28AUG26-86000-C
0.0965,0.1015,215.4,0.09973455,1780385216054,5.4,35.37,70138.98,BTC-31JUL26,69821.44,0.099,69823.6,31JUL26,75000,,P,BTC-31JUL26-75000-P
0.0085,0.0095,2110.5,0.00875253,1780385216054,11.6,61.72,71113.24,BTC-25DEC26,69821.44,0.009,69823.6,25DEC26,35000,,P,BTC-25DEC26-35000-P
0.0165,0.0175,0.0,0.01695526,1780385216054,0.0,39.93,69898.97,BTC-19JUN26,69821.44,0.017,69823.6,19JUN26,67000,,P,BTC-19JUN26-67000-P
0.131,0.1825,5.7,0.14533242,1780385216054,0.0,38.26,69876.88,BTC-12JUN26,69821.44,0.15675,69823.6,12JUN26,80000,,P,BTC-12JUN26-80000-P
1.0565,1.206,0.7,1.12802812,1780385216054,0.0,50.16,70509.92,BTC-25SEP26,69821.44,1.13125,69823.6,25SEP26,150000,,P,BTC-25SEP26-150000-P
0.043,0.044,1918.8,0.0436934,1780385216054,7.5,49.63,71776.35,BTC-26MAR27,69821.44,0.0435,69823.6,26MAR27,50000,,P,BTC-26MAR27-50000-P
0.0715,0.077,370.8,0.07453549,1780385216054,0.9,39.48,69825.37,BTC-5JUN26,69821.44,0.07425,69823.6,5JUN26,75000,,P,BTC-5JUN26-75000-P
0.0026,0.0032,173.0,0.00288159,1780385216054,0.5,47.87,71776.35,BTC-26MAR27,69821.44,0.0029,69823.6,26MAR27,190000,,C,BTC-26MAR27-190000-C
0.0025,0.0027,1837.3,0.00271458,1780385216054,21.0,57.05,69963.51,BTC-26JUN26,69821.44,0.0026,69823.6,26JUN26,55000,,P,BTC-26JUN26-55000-P
0.106,0.111,480.9,0.10966455,1780385216054,2.6,35.11,70135.17,BTC-31JUL26,69821.44,0.1085,69823.6,31JUL26,76000,,P,BTC-31JUL26-76000-P
0.0003,0.0005,58.3,0.00043666,1780385216054,68.3,43.06,69821.44,index_price,69821.44,0.0004,69823.6,2JUN26,70000,,C,BTC-2JUN26-70000-C
,0.0001,39.9,0.0,1780385216054,8.6,57.29,69821.44,index_price,69821.44,,69823.6,2JUN26,75500,,C,BTC-2JUN26-75500-C
0.012,0.013,2880.7,0.01261281,1780385216055,3.2,40.38,71113.24,BTC-25DEC26,69821.44,0.0125,69823.6,25DEC26,110000,,C,BTC-25DEC26-110000-C
0.0006,0.0008,354.4,0.00064923,1780385216055,2.1,41.74,70138.98,BTC-31JUL26,69821.44,0.0007,69823.6,31JUL26,104000,,C,BTC-31JUL26-104000-C
0.175,0.2615,0.0,0.21655249,1780385216055,0.0,39.95,69898.97,BTC-19JUN26,69821.44,0.21825,69823.6,19JUN26,85000,,P,BTC-19JUN26-85000-P
0.2595,0.283,4.7,0.26444179,1780385216055,0.0,36.53,70505.77,BTC-25SEP26,69821.44,0.27125,69823.6,25SEP26,88000,,P,BTC-25SEP26-88000-P
2.3155,2.5555,0.1,2.43069013,1780385216055,0.0,89.88,69963.51,BTC-26JUN26,69821.44,2.4355,69823.6,26JUN26,240000,,P,BTC-26JUN26-240000-P
,0.0001,131.8,0.0,1780385216055,135.1,48.53,69821.44,index_price,69821.44,,69823.6,2JUN26,74500,,C,BTC-2JUN26-74500-C
0.117,0.177,0.0,0.14504413,1780385216055,0.0,49.86,69898.97,BTC-19JUN26,69821.44,0.147,69823.6,19JUN26,60000,,C,BTC-19JUN26-60000-C
0.1215,0.1655,0.0,0.13158908,1780385216055,0.0,60.97,69821.44,index_price,69821.44,0.1435,69823.6,3JUN26,79000,,P,BTC-3JUN26-79000-P
0.186,0.193,14.3,0.18905233,1780385216055,0.0,42.89,71776.35,BTC-26MAR27,69821.44,0.1895,69823.6,26MAR27,76000,,P,BTC-26MAR27-76000-P
0.0525,0.0535,835.5,0.05300766,1780385216055,15.4,37.24,70509.92,BTC-25SEP26,69821.44,0.053,69823.6,25SEP26,76000,,C,BTC-25SEP26-76000-C
0.112,0.18,0.0,0.14592061,1780385216055,0.0,35.51,69903.06,BTC-19JUN26,69821.44,0.146,69823.6,19JUN26,80000,,P,BTC-19JUN26-80000-P
0.054,0.0555,1103.7,0.05493753,1780385216055,2.0,39.04,69959.7,BTC-26JUN26,69821.44,0.05475,69823.6,26JUN26,68000,,C,BTC-26JUN26-68000-C
0.005,0.006,0.0,0.00549889,1780385216055,0.0,43.43,69821.44,index_price,69821.44,0.0055,69823.6,4JUN26,68500,,P,BTC-4JUN26-68500-P
0.0024,0.0026,1613.1,0.00241713,1780385216055,50.1,39.8,70509.92,BTC-25SEP26,69821.44,0.0025,69823.6,25SEP26,110000,,C,BTC-25SEP26-110000-C
0.067,0.0685,189.4,0.06766511,1780385216055,1.4,40.56,71109.1,BTC-25DEC26,69821.44,0.06775,69823.6,25DEC26,82000,,C,BTC-25DEC26-82000-C
0.0001,0.0002,1532.9,0.00014486,1780385216055,0.2,56.92,69959.7,BTC-26JUN26,69821.44,0.00015,69823.6,26JUN26,105000,,C,BTC-26JUN26-105000-C
,0.0002,34.0,0.00011216,1780385216055,3.8,54.55,69821.44,index_price,69821.44,,69823.6,4JUN26,77000,,C,BTC-4JUN26-77000-C
0.0455,0.051,702.0,0.04848449,1780385216055,101.4,35.57,69898.97,BTC-19JUN26,69821.44,0.04825,69823.6,19JUN26,72000,,P,BTC-19JUN26-72000-P
0.015,0.0155,2880.9,0.01520874,1780385216055,477.6,41.9,69963.51,BTC-26JUN26,69821.44,0.01525,69823.6,26JUN26,65000,,P,BTC-26JUN26-65000-P
0.0195,0.0205,2616.6,0.01993221,1780385216055,10.9,45.68,70509.92,BTC-25SEP26,69821.44,0.02,69823.6,25SEP26,55000,,P,BTC-25SEP26-55000-P
0.8235,0.8445,52.1,0.83332249,1780385216055,0.0,42.92,71113.24,BTC-25DEC26,69821.44,0.834,69823.6,25DEC26,130000,,P,BTC-25DEC26-130000-P
0.015,0.0165,173.1,0.01572619,1780385216055,33.6,40.09,71113.24,BTC-25DEC26,69821.44,0.01575,69823.6,25DEC26,106000,,C,BTC-25DEC26-106000-C
0.583,0.5855,245.8,0.58366827,1780385216055,12.7,66.81,71113.24,BTC-25DEC26,69821.44,0.58425,69823.6,25DEC26,30000,,C,BTC-25DEC26-30000-C
0.0011,0.0016,919.4,0.00124059,1780385216055,5.6,49.79,71113.24,BTC-25DEC26,69821.44,0.00135,69823.6,25DEC26,180000,,C,BTC-25DEC26-180000-C
0.019,0.02,77.8,0.01944286,1780385216055,77.9,38.36,69873.07,BTC-12JUN26,69821.44,0.0195,69823.6,12JUN26,69000,,P,BTC-12JUN26-69000-P
0.046,0.0465,300.8,0.04616701,1780385216055,18.4,38.12,70138.98,BTC-31JUL26,69821.44,0.04625,69823.6,31JUL26,68000,,P,BTC-31JUL26-68000-P
0.1125,0.114,107.7,0.11329985,1780385216055,7.3,37.65,70509.92,BTC-25SEP26,69821.44,0.11325,69823.6,25SEP26,74000,,P,BTC-25SEP26-74000-P
0.499,0.5375,0.1,0.50639334,1780385216055,0.0,40.09,71109.1,BTC-25DEC26,69821.44,0.51825,69823.6,25DEC26,106000,,P,BTC-25DEC26-106000-P
0.194,0.221,0.0,0.20982521,1780385216055,0.0,35.63,70318.18,BTC-28AUG26,69821.44,0.2075,69823.6,28AUG26,84000,,P,BTC-28AUG26-84000-P
0.298,0.3065,0.2,0.3026079,1780385216055,0.0,41.72,71772.54,BTC-26MAR27,69821.44,0.30225,69823.6,26MAR27,88000,,P,BTC-26MAR27-88000-P
2.1775,2.4075,6.4,2.28774471,1780385216055,0.0,89.15,69963.51,BTC-26JUN26,69821.44,2.2925,69823.6,26JUN26,230000,,P,BTC-26JUN26-230000-P
1.0725,1.221,2.3,1.14419395,1780385216055,0.0,82.82,69963.51,BTC-26JUN26,69821.44,1.14675,69823.6,26JUN26,150000,,P,BTC-26JUN26-150000-P
,0.0002,1313.6,9.327e-05,1780385216055,10.5,60.15,69959.7,BTC-26JUN26,69821.44,,69823.6,26JUN26,110000,,C,BTC-26JUN26-110000-C
0.093,0.1575,12.3,0.12227705,1780385216055,0.5,45.46,69963.51,BTC-26JUN26,69821.44,0.12525,69823.6,26JUN26,62000,,C,BTC-26JUN26-62000-C
0.0008,0.001,18.2,0.00084439,1780385216055,20.1,36.03,69825.37,BTC-5JUN26,69821.44,0.0009,69823.6,5JUN26,73500,,C,BTC-5JUN26-73500-C
0.0032,0.0036,133.0,0.00333699,1780385216055,3.7,35.87,70135.17,BTC-31JUL26,69821.44,0.0034,69823.6,31JUL26,89000,,C,BTC-31JUL26-89000-C
,0.0001,651.0,1.224e-05,1780385216055,0.0,79.3,69963.51,BTC-26JUN26,69821.44,,69823.6,26JUN26,145000,,C,BTC-26JUN26-145000-C
,0.0001,198.4,0.0,1780385216055,0.0,91.06,69963.51,BTC-26JUN26,69821.44,,69823.6,26JUN26,260000,,C,BTC-26JUN26-260000-C
0.0225,0.0255,105.4,0.02409826,1780385216055,115.3,36.73,69821.44,index_price,69821.44,0.024,69823.6,2JUN26,71500,,P,BTC-2JUN26-71500-P
0.0695,0.071,634.1,0.07028235,1780385216055,0.9,44.46,71113.24,BTC-25DEC26,69821.44,0.07025,69823.6,25DEC26,62000,,P,BTC-25DEC26-62000-P
0.367,0.3715,148.4,0.36935255,1780385216055,0.3,54.46,70509.92,BTC-25SEP26,69821.44,0.36925,69823.6,25SEP26,45000,,C,BTC-25SEP26-45000-C
0.176,0.2615,0.0,0.21662519,1780385216055,0.0,45.91,69873.07,BTC-12JUN26,69821.44,0.21875,69823.6,12JUN26,85000,,P,BTC-12JUN26-85000-P
0.106,0.1715,0.0,0.13156472,1780385216055,0.0,59.12,69821.44,index_price,69821.44,0.13875,69823.6,4JUN26,79000,,P,BTC-4JUN26-79000-P
0.0021,0.0024,311.0,0.00231023,1780385216055,16.9,48.49,71776.35,BTC-26MAR27,69821.44,0.00225,69823.6,26MAR27,200000,,C,BTC-26MAR27-200000-C
0.3625,0.398,0.1,0.37020755,1780385216055,0.0,38.48,70138.98,BTC-31JUL26,69821.44,0.38025,69823.6,31JUL26,96000,,P,BTC-31JUL26-96000-P
,0.0001,4005.0,1.774e-05,1780385216055,0.1,144.1,69963.51,BTC-26JUN26,69821.44,,69823.6,26JUN26,20000,,P,BTC-26JUN26-20000-P
0.9225,1.014,0.2,0.97245701,1780385216055,0.0,44.46,71113.24,BTC-25DEC26,69821.44,0.96825,69823.6,25DEC26,140000,,P,BTC-25DEC26-140000-P
0.7125,0.8415,21.6,0.77407066,1780385216055,0.0,43.81,70509.92,BTC-25SEP26,69821.44,0.777,69823.6,25SEP26,125000,,P,BTC-25SEP26-125000-P
0.148,0.1965,0.1,0.1595067,1780385216055,0.0,38.92,69873.07,BTC-12JUN26,69821.44,0.17225,69823.6,12JUN26,81000,,P,BTC-12JUN26-81000-P
0.308,0.3295,1.0,0.31426642,1780385216055,0.0,36.45,70314.33,BTC-28AUG26,69821.44,0.31875,69823.6,28AUG26,92000,,P,BTC-28AUG26-92000-P
0.3975,0.539,0.0,0.46198492,1780385216055,0.0,41.34,71776.35,BTC-26MAR27,69821.44,0.46825,69823.6,26MAR27,102000,,P,BTC-26MAR27-102000-P
0.1085,0.1135,24.3,0.11123782,1780385216055,0.1,36.38,70314.33,BTC-28AUG26,69821.44,0.111,69823.6,28AUG26,75000,,P,BTC-28AUG26-75000-P
0.0002,0.0003,1014.6,0.00020553,1780385216055,346.8,42.63,69825.37,BTC-5JUN26,69821.44,0.00025,69823.6,5JUN26,76000,,C,BTC-5JUN26-76000-C
0.2145,0.2185,220.5,0.21651476,1780385216055,0.0,57.05,69963.51,BTC-26JUN26,69821.44,0.2165,69823.6,26JUN26,55000,,C,BTC-26JUN26-55000-C
0.052,0.0545,60.7,0.05333951,1780385216055,0.0,41.4,71776.35,BTC-26MAR27,69821.44,0.05325,69823.6,26MAR27,96000,,C,BTC-26MAR27-96000-C
0.389,0.45,0.1,0.39631761,1780385216055,0.0,37.58,70509.92,BTC-25SEP26,69821.44,0.4195,69823.6,25SEP26,98000,,P,BTC-25SEP26-98000-P
0.4345,0.4405,31.4,0.43747365,1780385216055,0.0,60.09,70509.92,BTC-25SEP26,69821.44,0.4375,69823.6,25SEP26,40000,,C,BTC-25SEP26-40000-C
0.0345,0.036,0.6,0.03534514,1780385216055,0.1,35.99,70314.33,BTC-28AUG26,69821.44,0.03525,69823.6,28AUG26,77000,,C,BTC-28AUG26-77000-C
0.0585,0.111,3.0,0.07579202,1780385216055,0.0,44.25,69873.07,BTC-12JUN26,69821.44,0.08475,69823.6,12JUN26,65000,,C,BTC-12JUN26-65000-C
0.0003,0.0006,320.2,0.00035493,1780385216055,0.0,50.71,70505.77,BTC-25SEP26,69821.44,0.00045,69823.6,25SEP26,155000,,C,BTC-25SEP26-155000-C
0.1805,0.2065,0.0,0.18559511,1780385216055,0.0,35.61,70314.33,BTC-28AUG26,69821.44,0.1935,69823.6,28AUG26,82000,,P,BTC-28AUG26-82000-P
0.0375,0.0385,3550.1,0.03795289,1780385216055,198.6,37.39,69959.7,BTC-26JUN26,69821.44,0.038,69823.6,26JUN26,70000,,C,BTC-26JUN26-70000-C
0.008,0.0085,170.8,0.00814389,1780385216055,58.9,42.63,69873.07,BTC-12JUN26,69821.44,0.00825,69823.6,12JUN26,66000,,P,BTC-12JUN26-66000-P
0.1165,0.119,1083.0,0.11792056,1780385216055,473.3,42.4,71113.24,BTC-25DEC26,69821.44,0.11775,69823.6,25DEC26,70000,,P,BTC-25DEC26-70000-P
0.069,0.07,604.4,0.06963716,1780385216055,25.2,39.28,70509.92,BTC-25SEP26,69821.44,0.0695,69823.6,25SEP26,68000,,P,BTC-25SEP26-68000-P
0.002,0.0024,73.1,0.00219085,1780385216055,82.2,37.4,69821.44,index_price,69821.44,0.0022,69823.6,3JUN26,71000,,C,BTC-3JUN26-71000-C
0.0445,0.0495,554.0,0.046876,1780385216055,87.2,35.79,69825.37,BTC-5JUN26,69821.44,0.047,69823.6,5JUN26,73000,,P,BTC-5JUN26-73000-P
0.0004,0.0005,1338.0,0.00039821,1780385216055,1043.9,38.26,69876.88,BTC-12JUN26,69821.44,0.00045,69823.6,12JUN26,80000,,C,BTC-12JUN26-80000-C
0.0055,0.0065,621.3,0.00625728,1780385216055,0.3,42.19,71113.24,BTC-25DEC26,69821.44,0.006,69823.6,25DEC26,125000,,C,BTC-25DEC26-125000-C
0.0545,0.0565,72.1,0.0557823,1780385216055,0.1,41.42,71772.54,BTC-26MAR27,69821.44,0.0555,69823.6,26MAR27,95000,,C,BTC-26MAR27-95000-C
0.1325,0.1345,1017.4,0.13351772,1780385216055,449.6,42.4,71113.24,BTC-25DEC26,69821.44,0.1335,69823.6,25DEC26,70000,,C,BTC-25DEC26-70000-C
0.0155,0.0165,205.6,0.01614088,1780385216055,37.0,34.67,70138.98,BTC-31JUL26,69821.44,0.016,69823.6,31JUL26,79000,,C,BTC-31JUL26-79000-C
0.005,0.006,1625.0,0.0055552,1780385216055,14.8,66.81,71109.1,BTC-25DEC26,69821.44,0.0055,69823.6,25DEC26,30000,,P,BTC-25DEC26-30000-P
0.0005,0.0009,1116.8,0.00063348,1780385216055,0.3,47.82,70509.92,BTC-25SEP26,69821.44,0.0007,69823.6,25SEP26,140000,,C,BTC-25SEP26-140000-C
0.022,0.023,2406.6,0.02234585,1780385216055,71.1,39.83,71113.24,BTC-25DEC26,69821.44,0.0225,69823.6,25DEC26,100000,,C,BTC-25DEC26-100000-C
0.0265,0.0895,0.0,0.05607548,1780385216055,0.0,53.69,69821.44,index_price,69821.44,0.058,69823.6,4JUN26,66000,,C,BTC-4JUN26-66000-C
1.4675,1.6465,7.3,1.55328909,1780385216055,0.0,56.08,70509.92,BTC-25SEP26,69821.44,1.557,69823.6,25SEP26,180000,,P,BTC-25SEP26-180000-P
0.0865,0.0925,148.1,0.09035963,1780385216055,12.9,35.67,70135.17,BTC-31JUL26,69821.44,0.0895,69823.6,31JUL26,74000,,P,BTC-31JUL26-74000-P
0.2125,0.2695,16.9,0.21802657,1780385216055,0.0,34.95,70138.98,BTC-31JUL26,69821.44,0.241,69823.6,31JUL26,85000,,P,BTC-31JUL26-85000-P
0.092,0.0945,85.0,0.09325579,1780385216055,1.0,45.64,71776.35,BTC-26MAR27,69821.44,0.09325,69823.6,26MAR27,62000,,P,BTC-26MAR27-62000-P
0.0555,0.06,110.8,0.05808438,1780385216055,17.4,35.08,69898.97,BTC-19JUN26,69821.44,0.05775,69823.6,19JUN26,73000,,P,BTC-19JUN26-73000-P
0.1735,0.2265,6.2,0.18882959,1780385216055,0.0,65.34,69825.37,BTC-5JUN26,69821.44,0.2,69823.6,5JUN26,83000,,P,BTC-5JUN26-83000-P
0.011,0.013,0.0,0.01177577,1780385216055,0.0,77.9,69821.44,index_price,69821.44,0.012,69823.6,2JUN26,69000,,C,BTC-2JUN26-69000-C
0.4435,0.5075,0.4,0.45117787,1780385216055,0.0,38.17,70509.92,BTC-25SEP26,69821.44,0.4755,69823.6,25SEP26,102000,,P,BTC-25SEP26-102000-P
,0.0001,308.5,0.0,1780385216055,0.0,95.76,69963.51,BTC-26JUN26,69821.44,,69823.6,26JUN26,300000,,C,BTC-26JUN26-300000-C
0.041,0.105,0.0,0.06916164,1780385216055,0.0,41.08,69898.97,BTC-19JUN26,69821.44,0.073,69823.6,19JUN26,66000,,C,BTC-19JUN26-66000-C
,0.0001,13.3,6.782e-05,1780385216055,3.0,57.43,69821.44,index_price,69821.44,,69823.6,4JUN26,78000,,C,BTC-4JUN26-78000-C
0.0185,0.0195,14.2,0.01912562,1780385216055,17.7,37.54,69825.37,BTC-5JUN26,69821.44,0.019,69823.6,5JUN26,70500,,P,BTC-5JUN26-70500-P
0.0003,0.0004,53.4,0.00030854,1780385216055,126.5,39.71,69821.44,index_price,69821.44,0.00035,69823.6,3JUN26,72500,,C,BTC-3JUN26-72500-C
0.016,0.0175,829.0,0.01662469,1780385216055,26.6,40.01,71113.24,BTC-25DEC26,69821.44,0.01675,69823.6,25DEC26,105000,,C,BTC-25DEC26-105000-C
0.0001,0.0002,31.0,0.00011868,1780385216055,15.9,48.49,69821.44,index_price,69821.44,0.00015,69823.6,4JUN26,76000,,C,BTC-4JUN26-76000-C
,0.0002,89.9,0.0,1780385216055,128.4,36.73,69821.44,index_price,69821.44,,69823.6,2JUN26,71500,,C,BTC-2JUN26-71500-C
0.0165,0.017,3.0,0.01682491,1780385216055,3.0,39.84,69825.37,BTC-5JUN26,69821.44,0.01675,69823.6,5JUN26,69500,,C,BTC-5JUN26-69500-C
0.052,0.0535,127.9,0.05292446,1780385216055,1.1,45.92,71113.24,BTC-25DEC26,69821.44,0.05275,69823.6,25DEC26,58000,,P,BTC-25DEC26-58000-P
0.1395,0.147,172.9,0.14254029,1780385216055,1.0,34.67,70138.98,BTC-31JUL26,69821.44,0.14325,69823.6,31JUL26,79000,,P,BTC-31JUL26-79000-P
0.0255,0.026,1656.6,0.02543228,1780385216055,123.9,37.05,69873.07,BTC-12JUN26,69821.44,0.02575,69823.6,12JUN26,70000,,P,BTC-12JUN26-70000-P
0.988,1.134,0.2,1.05720885,1780385216055,0.0,49.23,70505.77,BTC-25SEP26,69821.44,1.061,69823.6,25SEP26,145000,,P,BTC-25SEP26-145000-P
0.1145,0.12,70.4,0.11706753,1780385216055,1.0,35.62,69873.07,BTC-12JUN26,69821.44,0.11725,69823.6,12JUN26,78000,,P,BTC-12JUN26-78000-P
0.487,0.535,0.0,0.49509106,1780385216055,0.0,39.97,70314.33,BTC-28AUG26,69821.44,0.511,69823.6,28AUG26,105000,,P,BTC-28AUG26-105000-P
,0.0001,1131.0,8.221e-05,1780385216055,28.3,54.83,69873.07,BTC-12JUN26,69821.44,,69823.6,12JUN26,90000,,C,BTC-12JUN26-90000-C
0.312,0.3965,5.2,0.35416593,1780385216055,0.0,39.8,71113.24,BTC-25DEC26,69821.44,0.35425,69823.6,25DEC26,94000,,P,BTC-25DEC26-94000-P
0.0355,0.0365,300.1,0.0359468,1780385216055,31.2,39.19,70138.98,BTC-31JUL26,69821.44,0.036,69823.6,31JUL26,66000,,P,BTC-31JUL26-66000-P
0.0005,0.0009,226.6,0.00066403,1780385216055,0.0,54.88,71109.1,BTC-25DEC26,69821.44,0.0007,69823.6,25DEC26,220000,,C,BTC-25DEC26-220000-C
0.108,0.1105,923.3,0.10932248,1780385216055,0.0,42.39,71776.35,BTC-26MAR27,69821.44,0.10925,69823.6,26MAR27,80000,,C,BTC-26MAR27-80000-C
1.3985,1.573,0.2,1.48238425,1780385216055,0.0,54.92,70509.92,BTC-25SEP26,69821.44,1.48575,69823.6,25SEP26,175000,,P,BTC-25SEP26-175000-P
0.044,0.045,1.7,0.04455887,1780385216055,1.4,36.38,70314.33,BTC-28AUG26,69821.44,0.0445,69823.6,28AUG26,75000,,C,BTC-28AUG26-75000-C
0.0315,0.033,75.3,0.03225355,1780385216055,0.7,39.8,71113.24,BTC-25DEC26,69821.44,0.03225,69823.6,25DEC26,94000,,C,BTC-25DEC26-94000-C
0.061,0.0625,113.9,0.06171699,1780385216055,114.0,37.13,70318.18,BTC-28AUG26,69821.44,0.06175,69823.6,28AUG26,72000,,C,BTC-28AUG26-72000-C
0.2255,0.23,9.2,0.22779204,1780385216055,0.0,45.05,70509.92,BTC-25SEP26,69821.44,0.22775,69823.6,25SEP26,56000,,C,BTC-25SEP26-56000-C
0.1595,0.1615,14.3,0.16053682,1780385216055,1.0,41.64,70505.77,BTC-25SEP26,69821.44,0.1605,69823.6,25SEP26,62000,,C,BTC-25SEP26-62000-C
0.012,0.013,390.1,0.01243048,1780385216055,317.1,45.01,70138.98,BTC-31JUL26,69821.44,0.0125,69823.6,31JUL26,58000,,P,BTC-31JUL26-58000-P
,0.0001,32.9,1.938e-05,1780385216056,33.4,52.16,69821.44,index_price,69821.44,,69823.6,3JUN26,75500,,C,BTC-3JUN26-75500-C
0.083,0.087,0.0,0.08547274,1780385216056,0.0,38.63,70135.17,BTC-31JUL26,69821.44,0.085,69823.6,31JUL26,67000,,C,BTC-31JUL26-67000-C
0.089,0.0905,1378.6,0.08975189,1780385216056,16.0,38.68,70509.92,BTC-25SEP26,69821.44,0.08975,69823.6,25SEP26,70000,,C,BTC-25SEP26-70000-C
2.564,2.82,0.0,2.68779865,1780385216056,0.0,61.4,70509.92,BTC-25SEP26,69821.44,2.692,69823.6,25SEP26,260000,,P,BTC-25SEP26-260000-P
,0.0001,176.0,3.82e-06,1780385216056,0.0,85.89,69963.51,BTC-26JUN26,69821.44,,69823.6,26JUN26,165000,,C,BTC-26JUN26-165000-C
0.1265,0.133,3.8,0.13046887,1780385216056,0.5,35.99,70314.33,BTC-28AUG26,69821.44,0.12975,69823.6,28AUG26,77000,,P,BTC-28AUG26-77000-P
0.14,0.1775,0.0,0.14586631,1780385216056,0.0,59.23,69821.44,index_price,69821.44,0.15875,69823.6,4JUN26,80000,,P,BTC-4JUN26-80000-P
0.0033,0.0037,720.6,0.0035175,1780385216056,656.2,49.86,69898.97,BTC-19JUN26,69821.44,0.0035,69823.6,19JUN26,60000,,P,BTC-19JUN26-60000-P
0.018,0.019,1346.5,0.01857906,1780385216056,226.0,41.02,69963.51,BTC-26JUN26,69821.44,0.0185,69823.6,26JUN26,66000,,P,BTC-26JUN26-66000-P
0.051,0.054,77.2,0.05274437,1780385216056,83.4,45.46,69821.44,index_price,69821.44,0.0525,69823.6,2JUN26,73500,,P,BTC-2JUN26-73500-P
0.5515,0.567,53.3,0.55953156,1780385216056,0.0,40.38,71109.1,BTC-25DEC26,69821.44,0.55925,69823.6,25DEC26,110000,,P,BTC-25DEC26-110000-P
0.052,0.053,1.4,0.05250319,1780385216056,0.7,38.8,70318.18,BTC-28AUG26,69821.44,0.0525,69823.6,28AUG26,67000,,P,BTC-28AUG26-67000-P
0.0003,0.0004,29.8,0.00035912,1780385216056,28.8,69.73,69821.44,index_price,69821.44,0.00035,69823.6,3JUN26,65000,,P,BTC-3JUN26-65000-P
0.1285,0.1345,86.8,0.1316204,1780385216056,1.2,54.93,69825.37,BTC-5JUN26,69821.44,0.1315,69823.6,5JUN26,79000,,P,BTC-5JUN26-79000-P
0.016,0.0165,7.1,0.01626158,1780385216056,7.1,44.29,69821.44,index_price,69821.44,0.01625,69823.6,3JUN26,69000,,C,BTC-3JUN26-69000-C
0.755,0.7915,8.5,0.7641195,1780385216056,0.0,42.19,71113.24,BTC-25DEC26,69821.44,0.77325,69823.6,25DEC26,125000,,P,BTC-25DEC26-125000-P
,0.0001,0.2,0.0,1780385216056,0.0,57.33,69821.44,index_price,69821.44,,69823.6,2JUN26,79000,,C,BTC-2JUN26-79000-C
0.3785,0.481,0.0,0.42675362,1780385216056,0.0,40.06,70135.17,BTC-31JUL26,69821.44,0.42975,69823.6,31JUL26,100000,,P,BTC-31JUL26-100000-P
0.0315,0.035,29.0,0.03301906,1780385216056,57.7,36.36,69821.44,index_price,69821.44,0.03325,69823.6,4JUN26,72000,,P,BTC-4JUN26-72000-P
0.461,0.568,0.0,0.51194217,1780385216056,0.0,42.77,70135.17,BTC-31JUL26,69821.44,0.5145,69823.6,31JUL26,106000,,P,BTC-31JUL26-106000-P
0.497,0.639,1.2,0.56147166,1780385216056,0.0,41.43,71776.35,BTC-26MAR27,69821.44,0.568,69823.6,26MAR27,110000,,P,BTC-26MAR27-110000-P
0.284,0.2955,597.8,0.28986819,1780385216056,1.0,36.63,70509.92,BTC-25SEP26,69821.44,0.28975,69823.6,25SEP26,90000,,P,BTC-25SEP26-90000-P
,0.0001,143.2,0.0,1780385216056,280.3,45.39,69821.44,index_price,69821.44,,69823.6,2JUN26,73000,,C,BTC-2JUN26-73000-C
3.3865,3.701,0.1,3.5388194,1780385216056,0.0,66.78,70509.92,BTC-25SEP26,69821.44,3.54375,69823.6,25SEP26,320000,,P,BTC-25SEP26-320000-P
0.163,0.171,110.8,0.16662307,1780385216056,0.0,34.68,70138.98,BTC-31JUL26,69821.44,0.167,69823.6,31JUL26,81000,,P,BTC-31JUL26-81000-P
0.1805,0.1835,7.2,0.18178433,1780385216056,0.1,44.27,71776.35,BTC-26MAR27,69821.44,0.182,69823.6,26MAR27,68000,,C,BTC-26MAR27-68000-C
0.215,0.307,2.0,0.258567,1780385216056,0.0,35.58,70138.98,BTC-31JUL26,69821.44,0.261,69823.6,31JUL26,88000,,P,BTC-31JUL26-88000-P
0.1,0.1055,250.9,0.1029814,1780385216056,0.4,45.12,69825.37,BTC-5JUN26,69821.44,0.10275,69823.6,5JUN26,77000,,P,BTC-5JUN26-77000-P
0.0085,0.0095,153.9,0.0090037,1780385216056,15.0,36.95,70509.92,BTC-25SEP26,69821.44,0.009,69823.6,25SEP26,94000,,C,BTC-25SEP26-94000-C
0.0595,0.1275,0.0,0.09584484,1780385216056,0.0,51.95,69821.44,index_price,69821.44,0.0935,69823.6,4JUN26,76500,,P,BTC-4JUN26-76500-P
2.454,2.704,0.0,2.57363555,1780385216056,0.0,90.33,69963.51,BTC-26JUN26,69821.44,2.579,69823.6,26JUN26,250000,,P,BTC-26JUN26-250000-P
0.0006,0.0008,37.8,0.0006455,1780385216056,47.8,37.23,69821.44,index_price,69821.44,0.0007,69823.6,4JUN26,73000,,C,BTC-4JUN26-73000-C
0.0004,0.0007,16.4,0.00055493,1780385216056,16.4,62.95,69821.44,index_price,69821.44,0.00055,69823.6,4JUN26,64000,,P,BTC-4JUN26-64000-P
0.035,0.0355,87.8,0.03525133,1780385216056,27.6,35.67,70135.17,BTC-31JUL26,69821.44,0.03525,69823.6,31JUL26,74000,,C,BTC-31JUL26-74000-C
0.0275,0.029,209.4,0.02855786,1780385216056,0.0,39.81,71113.24,BTC-25DEC26,69821.44,0.02825,69823.6,25DEC26,96000,,C,BTC-25DEC26-96000-C
0.148,0.1785,10.4,0.17523036,1780385216056,0.0,51.76,69963.51,BTC-26JUN26,69821.44,0.16325,69823.6,26JUN26,58000,,C,BTC-26JUN26-58000-C
,0.0001,257.0,9.3e-07,1780385216056,0.0,72.07,69825.37,BTC-5JUN26,69821.44,,69823.6,5JUN26,90000,,C,BTC-5JUN26-90000-C
0.285,0.288,339.5,0.28669592,1780385216056,0.0,67.25,69963.51,BTC-26JUN26,69821.44,0.2865,69823.6,26JUN26,50000,,C,BTC-26JUN26-50000-C
0.0165,0.0175,23.2,0.01714347,1780385216056,0.1,35.63,70314.33,BTC-28AUG26,69821.44,0.017,69823.6,28AUG26,83000,,C,BTC-28AUG26-83000-C
0.147,0.1495,184.3,0.14800678,1780385216056,0.3,42.8,71113.24,BTC-25DEC26,69821.44,0.14825,69823.6,25DEC26,68000,,C,BTC-25DEC26-68000-C
0.049,0.0505,132.3,0.0498213,1780385216056,22.4,36.61,70314.33,BTC-28AUG26,69821.44,0.04975,69823.6,28AUG26,74000,,C,BTC-28AUG26-74000-C
0.336,0.358,1.3,0.34228049,1780385216056,0.0,36.95,70509.92,BTC-25SEP26,69821.44,0.347,69823.6,25SEP26,94000,,P,BTC-25SEP26-94000-P
0.0435,0.0455,200.4,0.04449883,1780385216056,1.8,41.3,71776.35,BTC-26MAR27,69821.44,0.0445,69823.6,26MAR27,100000,,C,BTC-26MAR27-100000-C
0.128,0.1305,48.2,0.1292273,1780385216056,0.0,44.27,71776.35,BTC-26MAR27,69821.44,0.12925,69823.6,26MAR27,68000,,P,BTC-26MAR27-68000-P
2.8685,3.1485,0.0,3.00247181,1780385216056,0.0,91.37,69963.51,BTC-26JUN26,69821.44,3.0085,69823.6,26JUN26,280000,,P,BTC-26JUN26-280000-P
,0.0001,691.0,1e-08,1780385216056,0.0,86.38,69963.51,BTC-26JUN26,69821.44,,69823.6,26JUN26,220000,,C,BTC-26JUN26-220000-C
0.4275,0.4305,33.0,0.42869165,1780385216056,0.0,90.72,69963.51,BTC-26JUN26,69821.44,0.429,69823.6,26JUN26,40000,,C,BTC-26JUN26-40000-C
0.093,0.0985,1758.8,0.09536814,1780385216056,5.4,34.96,69959.7,BTC-26JUN26,69821.44,0.09575,69823.6,26JUN26,76000,,P,BTC-26JUN26-76000-P
0.0003,0.0004,477.6,0.00032271,1780385216056,444.2,39.48,69825.37,BTC-5JUN26,69821.44,0.00035,69823.6,5JUN26,75000,,C,BTC-5JUN26-75000-C
0.0004,0.0005,5581.3,0.0003935,1780385216056,443.2,41.92,69963.51,BTC-26JUN26,69821.44,0.00045,69823.6,26JUN26,90000,,C,BTC-26JUN26-90000-C
2.592,2.851,0.0,2.71658097,1780385216056,0.0,91.06,69963.51,BTC-26JUN26,69821.44,2.7215,69823.6,26JUN26,260000,,P,BTC-26JUN26-260000-P
0.1475,0.1525,668.1,0.15005067,1780385216056,2.3,36.86,70509.92,BTC-25SEP26,69821.44,0.15,69823.6,25SEP26,78000,,P,BTC-25SEP26-78000-P
,0.0001,1510.4,1.168e-05,1780385216056,0.0,68.16,69963.51,BTC-26JUN26,69821.44,,69823.6,26JUN26,130000,,C,BTC-26JUN26-130000-C
0.0095,0.0105,232.5,0.00988908,1780385216056,30.1,34.69,69898.97,BTC-19JUN26,69821.44,0.01,69823.6,19JUN26,74000,,C,BTC-19JUN26-74000-C
0.335,0.38,5.8,0.35755917,1780385216056,0.0,78.59,69963.51,BTC-26JUN26,69821.44,0.3575,69823.6,26JUN26,45000,,C,BTC-26JUN26-45000-C
0.0002,0.0004,214.9,0.0002608,1780385216056,9.3,38.92,69873.07,BTC-12JUN26,69821.44,0.0003,69823.6,12JUN26,81000,,C,BTC-12JUN26-81000-C
0.0985,0.1005,0.0,0.09960332,1780385216056,0.0,38.8,70314.33,BTC-28AUG26,69821.44,0.0995,69823.6,28AUG26,67000,,C,BTC-28AUG26-67000-C
0.057,0.0595,0.0,0.05832667,1780385216056,0.0,39.93,69898.97,BTC-19JUN26,69821.44,0.05825,69823.6,19JUN26,67000,,C,BTC-19JUN26-67000-C
0.6895,0.841,0.0,0.7576501,1780385216056,0.0,42.21,71776.35,BTC-26MAR27,69821.44,0.76525,69823.6,26MAR27,125000,,P,BTC-26MAR27-125000-P
0.0225,0.024,529.9,0.02353937,1780385216056,1.4,41.65,71776.35,BTC-26MAR27,69821.44,0.02325,69823.6,26MAR27,115000,,C,BTC-26MAR27-115000-C
0.0675,0.1215,0.0,0.08867916,1780385216056,0.0,48.49,69821.44,index_price,69821.44,0.0945,69823.6,4JUN26,76000,,P,BTC-4JUN26-76000-P
0.0675,0.1335,0.0,0.10295217,1780385216056,0.0,60.97,69821.44,index_price,69821.44,0.1005,69823.6,3JUN26,77000,,P,BTC-3JUN26-77000-P
0.0825,0.085,41.7,0.08364509,1780385216056,0.9,41.84,71776.35,BTC-26MAR27,69821.44,0.08375,69823.6,26MAR27,86000,,C,BTC-26MAR27-86000-C
0.0017,0.0021,110.6,0.00191455,1780385216056,110.6,51.64,69873.07,BTC-12JUN26,69821.44,0.0019,69823.6,12JUN26,61000,,P,BTC-12JUN26-61000-P
0.0415,0.043,1083.5,0.04242389,1780385216056,200.2,47.23,71113.24,BTC-25DEC26,69821.44,0.04225,69823.6,25DEC26,55000,,P,BTC-25DEC26-55000-P
0.006,0.0065,178.8,0.00630564,1780385216056,0.5,37.58,70505.77,BTC-25SEP26,69821.44,0.00625,69823.6,25SEP26,98000,,C,BTC-25SEP26-98000-C
0.2155,0.3045,15.0,0.25845047,1780385216056,0.0,40.25,69963.51,BTC-26JUN26,69821.44,0.26,69823.6,26JUN26,88000,,P,BTC-26JUN26-88000-P
0.068,0.118,0.0,0.10287505,1780385216056,0.0,57.33,69821.44,index_price,69821.44,0.093,69823.6,2JUN26,77000,,P,BTC-2JUN26-77000-P
0.0026,0.0037,328.0,0.00305035,1780385216056,450.3,43.06,69821.44,index_price,69821.44,0.00315,69823.6,2JUN26,70000,,P,BTC-2JUN26-70000-P
0.418,0.43,271.9,0.42370717,1780385216056,0.0,37.94,70505.77,BTC-25SEP26,69821.44,0.424,69823.6,25SEP26,100000,,P,BTC-25SEP26-100000-P
0.1255,0.1305,0.0,0.12787721,1780385216056,0.0,40.17,70314.33,BTC-28AUG26,69821.44,0.128,69823.6,28AUG26,64000,,C,BTC-28AUG26-64000-C
,0.0001,1024.4,7e-08,1780385216056,0.0,85.97,69963.51,BTC-26JUN26,69821.44,,69823.6,26JUN26,200000,,C,BTC-26JUN26-200000-C
0.0675,0.069,0.4,0.06835386,1780385216056,0.4,37.42,70314.33,BTC-28AUG26,69821.44,0.06825,69823.6,28AUG26,71000,,C,BTC-28AUG26-71000-C
0.0043,0.0047,54.3,0.00443072,1780385216056,0.0,38.17,70509.92,BTC-25SEP26,69821.44,0.0045,69823.6,25SEP26,102000,,C,BTC-25SEP26-102000-C
0.04,0.0415,45.1,0.04082047,1780385216056,0.0,41.34,71776.35,BTC-26MAR27,69821.44,0.04075,69823.6,26MAR27,102000,,C,BTC-26MAR27-102000-C
0.038,0.0415,17.5,0.03947454,1780385216056,18.4,36.52,69821.44,index_price,69821.44,0.03975,69823.6,4JUN26,72500,,P,BTC-4JUN26-72500-P
0.181,0.1845,245.5,0.18271741,1780385216056,2.3,41.08,71109.1,BTC-25DEC26,69821.44,0.18275,69823.6,25DEC26,78000,,P,BTC-25DEC26-78000-P
0.0775,0.079,3.8,0.07814327,1780385216056,0.7,37.42,70318.18,BTC-28AUG26,69821.44,0.07825,69823.6,28AUG26,71000,,P,BTC-28AUG26-71000-P
0.0011,0.0013,578.9,0.00115232,1780385216056,91.8,34.81,69873.07,BTC-12JUN26,69821.44,0.0012,69823.6,12JUN26,77000,,C,BTC-12JUN26-77000-C
0.0355,0.0365,2724.7,0.03592576,1780385216056,124.9,36.6,70509.92,BTC-25SEP26,69821.44,0.036,69823.6,25SEP26,80000,,C,BTC-25SEP26-80000-C
0.0021,0.0023,38.1,0.00220473,1780385216056,49.5,50.04,69821.44,index_price,69821.44,0.0022,69823.6,3JUN26,68000,,P,BTC-3JUN26-68000-P
,0.0001,231.0,0.0,1780385216056,0.0,91.37,69963.51,BTC-26JUN26,69821.44,,69823.6,26JUN26,280000,,C,BTC-26JUN26-280000-C
0.1925,0.1965,0.0,0.19458668,1780385216056,0.0,43.84,70314.33,BTC-28AUG26,69821.44,0.1945,69823.6,28AUG26,58000,,C,BTC-28AUG26-58000-C
0.073,0.074,401.2,0.07329811,1780385216056,27.2,36.36,70138.98,BTC-31JUL26,69821.44,0.0735,69823.6,31JUL26,72000,,P,BTC-31JUL26-72000-P
0.3095,0.3255,4.0,0.31584994,1780385216056,0.0,36.77,70509.92,BTC-25SEP26,69821.44,0.3175,69823.6,25SEP26,92000,,P,BTC-25SEP26-92000-P
0.264,0.267,0.5,0.26541567,1780385216056,0.0,46.75,71776.35,BTC-26MAR27,69821.44,0.2655,69823.6,26MAR27,58000,,C,BTC-26MAR27-58000-C
0.0585,0.0595,41.5,0.05836747,1780385216056,6.0,41.45,71776.35,BTC-26MAR27,69821.44,0.059,69823.6,26MAR27,94000,,C,BTC-26MAR27-94000-C
0.153,0.155,18.5,0.15403099,1780385216056,0.2,43.45,71776.35,BTC-26MAR27,69821.44,0.154,69823.6,26MAR27,72000,,C,BTC-26MAR27-72000-C
,0.0001,789.5,1.179e-05,1780385216056,0.0,75.63,69963.51,BTC-26JUN26,69821.44,,69823.6,26JUN26,140000,,C,BTC-26JUN26-140000-C
0.267,0.2715,30.3,0.26896452,1780385216056,0.0,47.23,71113.24,BTC-25DEC26,69821.44,0.26925,69823.6,25DEC26,55000,,C,BTC-25DEC26-55000-C
0.28,0.3235,2.5,0.2861384,1780385216056,0.0,36.16,70138.98,BTC-31JUL26,69821.44,0.30175,69823.6,31JUL26,90000,,P,BTC-31JUL26-90000-P
0.0635,0.065,16.4,0.06439583,1780385216056,0.1,38.06,70314.33,BTC-28AUG26,69821.44,0.06425,69823.6,28AUG26,69000,,P,BTC-28AUG26-69000-P
0.0003,0.0009,878.5,0.00049578,1780385216056,0.0,56.83,71113.24,BTC-25DEC26,69821.44,0.0006,69823.6,25DEC26,240000,,C,BTC-25DEC26-240000-C
0.0005,0.0008,393.0,0.00062603,1780385216056,1.3,42.41,70138.98,BTC-31JUL26,69821.44,0.00065,69823.6,31JUL26,105000,,C,BTC-31JUL26-105000-C
0.115,0.1175,81.6,0.11635832,1780385216056,25.1,44.69,71776.35,BTC-26MAR27,69821.44,0.11625,69823.6,26MAR27,66000,,P,BTC-26MAR27-66000-P
0.007,0.0075,186.2,0.00714192,1780385216056,78.6,34.56,69898.97,BTC-19JUN26,69821.44,0.00725,69823.6,19JUN26,75000,,C,BTC-19JUN26-75000-C
,0.0001,0.0,0.0,1780385216056,0.0,57.33,69821.44,index_price,69821.44,,69823.6,2JUN26,82000,,C,BTC-2JUN26-82000-C
0.0805,0.087,2247.4,0.08371935,1780385216056,12.0,34.95,69963.51,BTC-26JUN26,69821.44,0.08375,69823.6,26JUN26,75000,,P,BTC-26JUN26-75000-P
0.1405,0.193,0.0,0.16018103,1780385216056,0.0,59.32,69821.44,index_price,69821.44,0.16675,69823.6,4JUN26,81000,,P,BTC-4JUN26-81000-P
0.101,0.1025,1097.9,0.10183318,1780385216056,10.3,41.53,71109.1,BTC-25DEC26,69821.44,0.10175,69823.6,25DEC26,75000,,C,BTC-25DEC26-75000-C
0.068,0.143,0.0,0.10533058,1780385216056,0.0,34.67,69898.97,BTC-19JUN26,69821.44,0.1055,69823.6,19JUN26,77000,,P,BTC-19JUN26-77000-P
0.0047,0.0055,359.8,0.0049504,1780385216056,297.7,34.71,69873.07,BTC-12JUN26,69821.44,0.0051,69823.6,12JUN26,74000,,C,BTC-12JUN26-74000-C
0.0001,0.0002,36.4,0.00016033,1780385216056,62.7,40.94,69821.44,index_price,69821.44,0.00015,69823.6,3JUN26,73000,,C,BTC-3JUN26-73000-C
0.5705,0.5725,68.9,0.57131842,1780385216056,0.0,118.28,69963.51,BTC-26JUN26,69821.44,0.5715,69823.6,26JUN26,30000,,C,BTC-26JUN26-30000-C
,0.0001,58.7,1.719e-05,1780385216056,22.7,55.5,69821.44,index_price,69821.44,,69823.6,3JUN26,76000,,C,BTC-3JUN26-76000-C
0.046,0.047,132.7,0.04670624,1780385216056,112.4,36.36,70138.98,BTC-31JUL26,69821.44,0.0465,69823.6,31JUL26,72000,,C,BTC-31JUL26-72000-C
0.0065,0.0075,31.1,0.00703688,1780385216056,39.6,37.73,69821.44,index_price,69821.44,0.007,69823.6,4JUN26,70500,,C,BTC-4JUN26-70500-C
0.865,0.999,14.2,0.92977448,1780385216056,0.0,71.79,69963.51,BTC-26JUN26,69821.44,0.932,69823.6,26JUN26,135000,,P,BTC-26JUN26-135000-P
0.027,0.028,0.0,0.027376,1780385216056,0.0,41.88,70314.33,BTC-28AUG26,69821.44,0.0275,69823.6,28AUG26,61000,,P,BTC-28AUG26-61000-P
0.012,0.0125,2881.1,0.01224609,1780385216056,717.4,49.68,70509.92,BTC-25SEP26,69821.44,0.01225,69823.6,25SEP26,50000,,P,BTC-25SEP26-50000-P
0.009,0.01,505.6,0.00936561,1780385216056,505.7,37.54,69825.37,BTC-5JUN26,69821.44,0.0095,69823.6,5JUN26,70500,,C,BTC-5JUN26-70500-C
0.0085,0.009,1024.3,0.00898293,1780385216056,152.4,34.96,69963.51,BTC-26JUN26,69821.44,0.00875,69823.6,26JUN26,76000,,C,BTC-26JUN26-76000-C
0.0605,0.126,0.0,0.09579586,1780385216056,0.0,59.32,69821.44,index_price,69821.44,0.09325,69823.6,3JUN26,76500,,P,BTC-3JUN26-76500-P
0.103,0.1055,95.2,0.10436514,1780385216056,0.0,45.14,71776.35,BTC-26MAR27,69821.44,0.10425,69823.6,26MAR27,64000,,P,BTC-26MAR27-64000-P
0.044,0.047,70.7,0.04558284,1780385216056,37.7,45.39,69821.44,index_price,69821.44,0.0455,69823.6,2JUN26,73000,,P,BTC-2JUN26-73000-P
0.1575,0.162,0.0,0.15981045,1780385216056,0.0,41.88,70314.33,BTC-28AUG26,69821.44,0.15975,69823.6,28AUG26,61000,,C,BTC-28AUG26-61000-C
0.058,0.059,802.3,0.05852655,1780385216056,23.5,37.15,70138.98,BTC-31JUL26,69821.44,0.0585,69823.6,31JUL26,70000,,P,BTC-31JUL26-70000-P
0.561,0.704,0.0,0.62583262,1780385216056,0.0,41.65,71776.35,BTC-26MAR27,69821.44,0.6325,69823.6,26MAR27,115000,,P,BTC-26MAR27-115000-P
0.021,0.076,0.0,0.04144005,1780385216056,0.0,56.59,69821.44,index_price,69821.44,0.0485,69823.6,3JUN26,67000,,C,BTC-3JUN26-67000-C
0.9195,1.0605,1.4,0.98636487,1780385216056,0.0,47.82,70509.92,BTC-25SEP26,69821.44,0.99,69823.6,25SEP26,140000,,P,BTC-25SEP26-140000-P
0.0655,0.071,198.5,0.0686729,1780385216056,0.5,34.69,69898.97,BTC-19JUN26,69821.44,0.06825,69823.6,19JUN26,74000,,P,BTC-19JUN26-74000-P
0.053,0.111,0.0,0.088552,1780385216056,0.0,57.33,69821.44,index_price,69821.44,0.082,69823.6,2JUN26,76000,,P,BTC-2JUN26-76000-P
0.0028,0.0031,1213.5,0.00289857,1780385216056,23.2,36.16,70135.17,BTC-31JUL26,69821.44,0.00295,69823.6,31JUL26,90000,,C,BTC-31JUL26-90000-C
0.008,0.0645,10.4,0.03199201,1780385216057,0.1,43.65,69825.37,BTC-5JUN26,69821.44,0.03625,69823.6,5JUN26,68000,,C,BTC-5JUN26-68000-C
0.293,0.338,0.0,0.30005881,1780385216057,0.0,36.56,70138.98,BTC-31JUL26,69821.44,0.3155,69823.6,31JUL26,91000,,P,BTC-31JUL26-91000-P
,0.0001,129.0,0.0,1780385216057,0.0,102.06,69963.51,BTC-26JUN26,69821.44,,69823.6,26JUN26,340000,,C,BTC-26JUN26-340000-C
0.0745,0.076,3.8,0.07547803,1780385216057,3.5,37.74,70314.33,BTC-28AUG26,69821.44,0.07525,69823.6,28AUG26,70000,,C,BTC-28AUG26-70000-C
0.473,0.6135,0.0,0.53620779,1780385216057,0.0,41.4,71776.35,BTC-26MAR27,69821.44,0.54325,69823.6,26MAR27,108000,,P,BTC-26MAR27-108000-P
0.0032,0.0038,300.6,0.00348214,1780385216057,5.5,46.92,71776.35,BTC-26MAR27,69821.44,0.0035,69823.6,26MAR27,180000,,C,BTC-26MAR27-180000-C
,0.0001,65.5,0.0,1780385216057,0.1,57.33,69821.44,index_price,69821.44,,69823.6,2JUN26,78000,,C,BTC-2JUN26-78000-C
0.2585,0.266,5.8,0.26192868,1780385216057,0.0,42.01,71772.54,BTC-26MAR27,69821.44,0.26225,69823.6,26MAR27,84000,,P,BTC-26MAR27-84000-P
0.117,0.1235,5.5,0.12064002,1780385216057,0.0,36.17,70314.33,BTC-28AUG26,69821.44,0.12025,69823.6,28AUG26,76000,,P,BTC-28AUG26-76000-P
0.0115,0.012,101.0,0.01151885,1780385216057,112.1,35.31,69876.88,BTC-12JUN26,69821.44,0.01175,69823.6,12JUN26,72000,,C,BTC-12JUN26-72000-C
0.0185,0.0195,529.1,0.01894747,1780385216057,207.9,34.75,70138.98,BTC-31JUL26,69821.44,0.019,69823.6,31JUL26,78000,,C,BTC-31JUL26-78000-C
0.06,0.061,37.2,0.06045112,1780385216057,20.0,37.15,70138.98,BTC-31JUL26,69821.44,0.0605,69823.6,31JUL26,70000,,C,BTC-31JUL26-70000-C
0.0013,0.0016,1188.8,0.00135951,1780385216057,28.0,42.37,70509.92,BTC-25SEP26,69821.44,0.00145,69823.6,25SEP26,120000,,C,BTC-25SEP26-120000-C
0.024,0.0245,224.3,0.02418365,1780385216057,254.1,36.26,69903.06,BTC-19JUN26,69821.44,0.02425,69823.6,19JUN26,71000,,C,BTC-19JUN26-71000-C
1.3305,1.5,0.0,1.41152814,1780385216057,0.0,54.63,70509.92,BTC-25SEP26,69821.44,1.41525,69823.6,25SEP26,170000,,P,BTC-25SEP26-170000-P
0.085,0.0865,85.0,0.08572878,1780385216057,7.6,37.13,70314.33,BTC-28AUG26,69821.44,0.08575,69823.6,28AUG26,72000,,P,BTC-28AUG26-72000-P
0.0115,0.012,2903.0,0.01162869,1780385216057,833.0,34.95,69963.51,BTC-26JUN26,69821.44,0.01175,69823.6,26JUN26,75000,,C,BTC-26JUN26-75000-C
0.0755,0.0775,23.6,0.07650524,1780385216057,0.0,41.72,71772.54,BTC-26MAR27,69821.44,0.0765,69823.6,26MAR27,88000,,C,BTC-26MAR27-88000-C
0.0007,0.0009,1810.8,0.00081357,1780385216057,53.0,78.59,69963.51,BTC-26JUN26,69821.44,0.0008,69823.6,26JUN26,45000,,P,BTC-26JUN26-45000-P
,0.0001,207.0,1.218e-05,1780385216057,18.0,71.06,69825.37,BTC-5JUN26,69821.44,,69823.6,5JUN26,86000,,C,BTC-5JUN26-86000-C
0.171,0.175,72.2,0.17262482,1780385216057,1.0,43.13,71776.35,BTC-26MAR27,69821.44,0.173,69823.6,26MAR27,74000,,P,BTC-26MAR27-74000-P
0.004,0.0046,179.0,0.00430874,1780385216057,2.2,45.99,71776.35,BTC-26MAR27,69821.44,0.0043,69823.6,26MAR27,170000,,C,BTC-26MAR27-170000-C
0.093,0.0945,4.2,0.09378352,1780385216057,1.7,36.87,70314.33,BTC-28AUG26,69821.44,0.09375,69823.6,28AUG26,73000,,P,BTC-28AUG26-73000-P
0.1405,0.1425,11.4,0.14158394,1780385216057,2.1,43.13,71776.35,BTC-26MAR27,69821.44,0.1415,69823.6,26MAR27,74000,,C,BTC-26MAR27-74000-C
0.0795,0.0815,97.6,0.0805387,1780385216057,0.2,43.85,71113.24,BTC-25DEC26,69821.44,0.0805,69823.6,25DEC26,64000,,P,BTC-25DEC26-64000-P
0.0145,0.0155,15.4,0.01514479,1780385216057,8.2,35.63,70314.33,BTC-28AUG26,69821.44,0.015,69823.6,28AUG26,84000,,C,BTC-28AUG26-84000-C
0.076,0.131,0.0,0.09828557,1780385216057,0.0,60.4,69825.37,BTC-5JUN26,69821.44,0.1035,69823.6,5JUN26,63000,,C,BTC-5JUN26-63000-C
0.0005,0.0007,2022.0,0.00053076,1780385216057,619.2,40.25,69963.51,BTC-26JUN26,69821.44,0.0006,69823.6,26JUN26,88000,,C,BTC-26JUN26-88000-C
0.0006,0.0008,6.0,0.0006243,1780385216057,6.0,60.4,69825.37,BTC-5JUN26,69821.44,0.0007,69823.6,5JUN26,63000,,P,BTC-5JUN26-63000-P
0.2445,0.335,0.0,0.28787166,1780385216057,0.0,45.04,69898.97,BTC-19JUN26,69821.44,0.28975,69823.6,19JUN26,90000,,P,BTC-19JUN26-90000-P
0.1435,0.149,3001.5,0.14644182,1780385216057,517.4,35.08,69963.51,BTC-26JUN26,69821.44,0.14625,69823.6,26JUN26,80000,,P,BTC-26JUN26-80000-P
0.1895,0.2755,0.0,0.23092399,1780385216057,0.0,47.79,69873.07,BTC-12JUN26,69821.44,0.2325,69823.6,12JUN26,86000,,P,BTC-12JUN26-86000-P
0.0019,0.0021,2441.9,0.00179397,1780385216057,330.6,41.11,70505.77,BTC-25SEP26,69821.44,0.002,69823.6,25SEP26,115000,,C,BTC-25SEP26-115000-C
0.169,0.173,3.0,0.17107403,1780385216057,0.0,42.47,70314.33,BTC-28AUG26,69821.44,0.171,69823.6,28AUG26,60000,,C,BTC-28AUG26-60000-C
0.6245,0.7735,0.0,0.69124668,1780385216057,0.0,41.88,71772.54,BTC-26MAR27,69821.44,0.699,69823.6,26MAR27,120000,,P,BTC-26MAR27-120000-P
0.0001,0.0002,741.6,0.00012344,1780385216057,421.9,50.29,69825.37,BTC-5JUN26,69821.44,0.00015,69823.6,5JUN26,78000,,C,BTC-5JUN26-78000-C
0.0065,0.007,296.0,0.00678092,1780385216057,267.6,45.1,69898.97,BTC-19JUN26,69821.44,0.00675,69823.6,19JUN26,63000,,P,BTC-19JUN26-63000-P
0.039,0.0395,1.0,0.03923817,1780385216057,1.0,37.93,69898.97,BTC-19JUN26,69821.44,0.03925,69823.6,19JUN26,69000,,C,BTC-19JUN26-69000-C
0.149,0.1975,4.0,0.16023386,1780385216057,0.0,62.32,69825.37,BTC-5JUN26,69821.44,0.17325,69823.6,5JUN26,81000,,P,BTC-5JUN26-81000-P
0.0043,0.0046,893.9,0.00447495,1780385216057,286.3,45.89,69873.07,BTC-12JUN26,69821.44,0.00445,69823.6,12JUN26,64000,,P,BTC-12JUN26-64000-P
,0.0001,266.9,0.0,1780385216057,0.0,102.24,69963.51,BTC-26JUN26,69821.44,,69823.6,26JUN26,380000,,C,BTC-26JUN26-380000-C
0.424,0.5635,0.0,0.48641935,1780385216057,0.0,41.34,71776.35,BTC-26MAR27,69821.44,0.49375,69823.6,26MAR27,104000,,P,BTC-26MAR27-104000-P
0.0029,0.0033,226.5,0.00304555,1780385216057,196.7,35.73,69825.37,BTC-5JUN26,69821.44,0.0031,69823.6,5JUN26,72000,,C,BTC-5JUN26-72000-C
0.3625,0.386,9.0,0.36806805,1780385216057,0.0,41.45,71776.35,BTC-26MAR27,69821.44,0.37425,69823.6,26MAR27,94000,,P,BTC-26MAR27-94000-P
0.422,0.435,258.1,0.42863563,1780385216057,0.3,39.83,71113.24,BTC-25DEC26,69821.44,0.4285,69823.6,25DEC26,100000,,P,BTC-25DEC26-100000-P
0.155,0.158,895.7,0.15655051,1780385216057,0.0,41.53,71113.24,BTC-25DEC26,69821.44,0.1565,69823.6,25DEC26,75000,,P,BTC-25DEC26-75000-P
0.0705,0.072,87.2,0.07104506,1780385216057,48.4,37.74,70318.18,BTC-28AUG26,69821.44,0.07125,69823.6,28AUG26,70000,,P,BTC-28AUG26-70000-P
0.024,0.025,8.0,0.0244172,1780385216057,5.9,42.47,70314.33,BTC-28AUG26,69821.44,0.0245,69823.6,28AUG26,60000,,P,BTC-28AUG26-60000-P
0.0175,0.021,129.8,0.01918817,1780385216057,59.2,37.4,69821.44,index_price,69821.44,0.01925,69823.6,3JUN26,71000,,P,BTC-3JUN26-71000-P
0.018,0.0485,0.0,0.02603244,1780385216057,0.0,80.33,69821.44,index_price,69821.44,0.03325,69823.6,2JUN26,68000,,C,BTC-2JUN26-68000-C
0.0007,0.0011,1428.8,0.00087974,1780385216057,1.6,45.08,70509.92,BTC-25SEP26,69821.44,0.0009,69823.6,25SEP26,130000,,C,BTC-25SEP26-130000-C
0.1285,0.131,309.0,0.13014548,1780385216057,151.1,42.89,71776.35,BTC-26MAR27,69821.44,0.12975,69823.6,26MAR27,76000,,C,BTC-26MAR27-76000-C
0.3485,0.3785,0.0,0.35613261,1780385216057,0.0,38.14,70135.17,BTC-31JUL26,69821.44,0.3635,69823.6,31JUL26,95000,,P,BTC-31JUL26-95000-P
0.0044,0.0048,74.5,0.00461108,1780385216057,82.1,44.29,69821.44,index_price,69821.44,0.0046,69823.6,3JUN26,69000,,P,BTC-3JUN26-69000-P
0.0049,0.0055,2601.2,0.00516919,1780385216057,113.0,34.97,69963.51,BTC-26JUN26,69821.44,0.0052,69823.6,26JUN26,78000,,C,BTC-26JUN26-78000-C
0.0105,0.0115,463.1,0.01094074,1780385216057,3.6,36.77,70505.77,BTC-25SEP26,69821.44,0.011,69823.6,25SEP26,92000,,C,BTC-25SEP26-92000-C
0.001,0.0013,2268.2,0.00109621,1780385216057,16.0,43.81,70505.77,BTC-25SEP26,69821.44,0.00115,69823.6,25SEP26,125000,,C,BTC-25SEP26-125000-C
0.0185,0.02,0.0,0.01901127,1780385216057,0.0,41.61,69821.44,index_price,69821.44,0.01925,69823.6,4JUN26,69000,,C,BTC-4JUN26-69000-C
0.0024,0.0028,276.0,0.00256075,1780385216057,0.5,36.56,70138.98,BTC-31JUL26,69821.44,0.0026,69823.6,31JUL26,91000,,C,BTC-31JUL26-91000-C
0.6865,0.722,18.9,0.69532093,1780385216057,0.0,41.54,71113.24,BTC-25DEC26,69821.44,0.70425,69823.6,25DEC26,120000,,P,BTC-25DEC26-120000-P
1.763,1.963,6.6,1.85890851,1780385216057,0.0,85.97,69963.51,BTC-26JUN26,69821.44,1.863,69823.6,26JUN26,200000,,P,BTC-26JUN26-200000-P
,0.0001,197.1,2e-08,1780385216057,0.0,86.33,69963.51,BTC-26JUN26,69821.44,,69823.6,26JUN26,210000,,C,BTC-26JUN26-210000-C
0.2155,0.231,0.0,0.2190229,1780385216057,0.0,45.28,70314.33,BTC-28AUG26,69821.44,0.22325,69823.6,28AUG26,56000,,C,BTC-28AUG26-56000-C
1.988,2.2095,0.0,2.09450153,1780385216057,0.0,54.88,71113.24,BTC-25DEC26,69821.44,2.09875,69823.6,25DEC26,220000,,P,BTC-25DEC26-220000-P
0.203,0.206,1.0,0.20461791,1780385216057,0.0,44.91,71776.35,BTC-26MAR27,69821.44,0.2045,69823.6,26MAR27,65000,,C,BTC-26MAR27-65000-C
0.0125,0.0135,676.3,0.01328667,1780385216058,0.5,42.48,71776.35,BTC-26MAR27,69821.44,0.013,69823.6,26MAR27,130000,,C,BTC-26MAR27-130000-C
0.0001,0.0004,1447.9,0.00022002,1780385216058,1.1,54.92,70509.92,BTC-25SEP26,69821.44,0.00025,69823.6,25SEP26,175000,,C,BTC-25SEP26-175000-C
0.1315,0.175,0.0,0.14584421,1780385216058,0.0,57.33,69821.44,index_price,69821.44,0.15325,69823.6,2JUN26,80000,,P,BTC-2JUN26-80000-P
0.0024,0.0028,92.4,0.00254557,1780385216058,41.3,34.81,69898.97,BTC-19JUN26,69821.44,0.0026,69823.6,19JUN26,78000,,C,BTC-19JUN26-78000-C
0.1015,0.103,3.3,0.10227787,1780385216058,0.2,36.61,70314.33,BTC-28AUG26,69821.44,0.10225,69823.6,28AUG26,74000,,P,BTC-28AUG26-74000-P
0.0007,0.0009,1174.8,0.00074621,1780385216058,1061.0,37.09,69903.06,BTC-19JUN26,69821.44,0.0008,69823.6,19JUN26,82000,,C,BTC-19JUN26-82000-C
0.0905,0.0925,73.8,0.09155796,1780385216058,1.8,42.01,71776.35,BTC-26MAR27,69821.44,0.0915,69823.6,26MAR27,84000,,C,BTC-26MAR27-84000-C
,0.0001,47.9,5.1e-07,1780385216058,20.0,60.97,69821.44,index_price,69821.44,,69823.6,3JUN26,79000,,C,BTC-3JUN26-79000-C
0.235,0.272,11.6,0.23966168,1780385216058,0.0,36.47,70505.77,BTC-25SEP26,69821.44,0.2535,69823.6,25SEP26,86000,,P,BTC-25SEP26-86000-P
0.0037,0.064,0.0,0.03012791,1780385216058,0.0,45.18,69821.44,index_price,69821.44,0.03385,69823.6,4JUN26,68000,,C,BTC-4JUN26-68000-C
0.312,0.3195,26.3,0.3154019,1780385216058,0.0,43.66,69963.51,BTC-26JUN26,69821.44,0.31575,69823.6,26JUN26,92000,,P,BTC-26JUN26-92000-P
0.0002,0.0004,22.9,0.00027642,1780385216058,24.5,39.6,69821.44,index_price,69821.44,0.0003,69823.6,4JUN26,74000,,C,BTC-4JUN26-74000-C
0.104,0.106,361.8,0.10513906,1780385216058,0.0,39.28,70505.77,BTC-25SEP26,69821.44,0.105,69823.6,25SEP26,68000,,C,BTC-25SEP26-68000-C
,0.0001,68.7,7.96e-06,1780385216058,0.0,63.11,70505.77,BTC-25SEP26,69821.44,,69823.6,25SEP26,280000,,C,BTC-25SEP26-280000-C
0.0004,0.0008,187.3,0.00049945,1780385216058,0.2,55.16,71113.24,BTC-25DEC26,69821.44,0.0006,69823.6,25DEC26,230000,,C,BTC-25DEC26-230000-C
0.7105,0.7205,722.5,0.71536322,1780385216058,0.0,61.91,69963.51,BTC-26JUN26,69821.44,0.7155,69823.6,26JUN26,120000,,P,BTC-26JUN26-120000-P
1.2105,1.369,52.5,1.28713358,1780385216058,0.0,85.89,69963.51,BTC-26JUN26,69821.44,1.28975,69823.6,26JUN26,160000,,P,BTC-26JUN26-160000-P
0.0285,0.0295,1505.9,0.02901559,1780385216058,53.0,49.89,71113.24,BTC-25DEC26,69821.44,0.029,69823.6,25DEC26,50000,,P,BTC-25DEC26-50000-P
0.0001,0.0002,89.3,0.00010863,1780385216058,277.0,48.65,69821.44,index_price,69821.44,0.00015,69823.6,3JUN26,74000,,C,BTC-3JUN26-74000-C
0.154,0.193,0.0,0.16023639,1780385216058,0.0,60.97,69821.44,index_price,69821.44,0.1735,69823.6,3JUN26,81000,,P,BTC-3JUN26-81000-P
0.116,0.1205,0.0,0.11800926,1780385216058,0.0,39.67,70314.33,BTC-28AUG26,69821.44,0.11825,69823.6,28AUG26,65000,,C,BTC-28AUG26-65000-C
0.0002,0.0005,201.0,0.00031318,1780385216058,1.3,50.14,70138.98,BTC-31JUL26,69821.44,0.00035,69823.6,31JUL26,120000,,C,BTC-31JUL26-120000-C
0.0575,0.059,1.2,0.05821218,1780385216058,1.2,38.41,70318.18,BTC-28AUG26,69821.44,0.05825,69823.6,28AUG26,68000,,P,BTC-28AUG26-68000-P
0.058,0.063,415.2,0.06046163,1780385216058,19.6,36.75,69825.37,BTC-5JUN26,69821.44,0.0605,69823.6,5JUN26,74000,,P,BTC-5JUN26-74000-P
0.098,0.128,0.0,0.12609626,1780385216058,0.0,41.13,70138.98,BTC-31JUL26,69821.44,0.113,69823.6,31JUL26,63000,,C,BTC-31JUL26-63000-C
0.039,0.0405,5.4,0.03973868,1780385216058,0.1,36.17,70314.33,BTC-28AUG26,69821.44,0.03975,69823.6,28AUG26,76000,,C,BTC-28AUG26-76000-C
0.0385,0.04,1756.4,0.03936986,1780385216058,2.0,47.72,71113.24,BTC-25DEC26,69821.44,0.03925,69823.6,25DEC26,54000,,P,BTC-25DEC26-54000-P
0.015,0.0185,90.4,0.01693674,1780385216058,111.7,36.61,69821.44,index_price,69821.44,0.01675,69823.6,2JUN26,71000,,P,BTC-2JUN26-71000-P
0.324,0.388,4.5,0.33014643,1780385216058,0.0,39.78,71113.24,BTC-25DEC26,69821.44,0.356,69823.6,25DEC26,92000,,P,BTC-25DEC26-92000-P
0.4255,0.434,990.1,0.42960962,1780385216058,0.0,51.19,69963.51,BTC-26JUN26,69821.44,0.42975,69823.6,26JUN26,100000,,P,BTC-26JUN26-100000-P
0.2025,0.21,176.2,0.20571453,1780385216058,0.1,42.51,71776.35,BTC-26MAR27,69821.44,0.20625,69823.6,26MAR27,78000,,P,BTC-26MAR27-78000-P
0.0085,0.011,192.1,0.0097754,1780385216058,315.4,35.45,69821.44,index_price,69821.44,0.00975,69823.6,2JUN26,70500,,P,BTC-2JUN26-70500-P
0.0135,0.0145,91.6,0.01403579,1780385216058,0.0,40.2,71113.24,BTC-25DEC26,69821.44,0.014,69823.6,25DEC26,108000,,C,BTC-25DEC26-108000-C
0.06,0.062,6518.2,0.06110905,1780385216058,35.5,45.15,71113.24,BTC-25DEC26,69821.44,0.061,69823.6,25DEC26,60000,,P,BTC-25DEC26-60000-P
2.3955,2.6455,10.0,2.51613602,1780385216058,0.0,57.46,71113.24,BTC-25DEC26,69821.44,2.5205,69823.6,25DEC26,250000,,P,BTC-25DEC26-250000-P
0.0215,0.0225,776.8,0.02192729,1780385216058,54.5,36.45,70505.77,BTC-25SEP26,69821.44,0.022,69823.6,25SEP26,85000,,C,BTC-25SEP26-85000-C
0.0105,0.011,125.3,0.01068543,1780385216058,60.5,42.29,69898.97,BTC-19JUN26,69821.44,0.01075,69823.6,19JUN26,65000,,P,BTC-19JUN26-65000-P
0.008,0.009,0.0,0.00850469,1780385216058,0.0,43.66,69898.97,BTC-19JUN26,69821.44,0.0085,69823.6,19JUN26,64000,,P,BTC-19JUN26-64000-P
0.02,0.023,20.1,0.02152262,1780385216058,24.5,36.87,69821.44,index_price,69821.44,0.0215,69823.6,4JUN26,71000,,P,BTC-4JUN26-71000-P
1.558,1.755,0.9,1.65014871,1780385216058,0.0,47.87,71776.35,BTC-26MAR27,69821.44,1.6565,69823.6,26MAR27,190000,,P,BTC-26MAR27-190000-P
0.024,0.0835,0.1,0.05357291,1780385216058,0.1,36.03,69825.37,BTC-5JUN26,69821.44,0.05375,69823.6,5JUN26,73500,,P,BTC-5JUN26-73500-P
0.0018,0.0023,1206.7,0.00199523,1780385216058,10.5,47.19,71113.24,BTC-25DEC26,69821.44,0.00205,69823.6,25DEC26,160000,,C,BTC-25DEC26-160000-C
0.0475,0.049,2.0,0.04829441,1780385216058,2.0,38.86,69898.97,BTC-19JUN26,69821.44,0.04825,69823.6,19JUN26,68000,,C,BTC-19JUN26-68000-C
0.272,0.3075,3.4,0.28407057,1780385216058,0.0,39.92,71113.24,BTC-25DEC26,69821.44,0.28975,69823.6,25DEC26,88000,,P,BTC-25DEC26-88000-P
0.0055,0.006,772.2,0.00594493,1780385216058,836.5,43.65,69825.37,BTC-5JUN26,69821.44,0.00575,69823.6,5JUN26,68000,,P,BTC-5JUN26-68000-P
0.0405,0.0425,4.2,0.04146204,1780385216058,4.2,39.69,69873.07,BTC-12JUN26,69821.44,0.0415,69823.6,12JUN26,68000,,C,BTC-12JUN26-68000-C
0.334,0.4195,0.6,0.37859604,1780385216058,0.0,39.81,71109.1,BTC-25DEC26,69821.44,0.37675,69823.6,25DEC26,96000,,P,BTC-25DEC26-96000-P
0.3625,0.3765,1.0,0.36911253,1780385216058,0.0,37.19,70505.77,BTC-25SEP26,69821.44,0.3695,69823.6,25SEP26,96000,,P,BTC-25SEP26-96000-P
0.206,0.296,8.1,0.24491993,1780385216058,0.0,35.33,70138.98,BTC-31JUL26,69821.44,0.251,69823.6,31JUL26,87000,,P,BTC-31JUL26-87000-P
0.0405,0.0415,140.1,0.04077351,1780385216058,16.8,38.63,70138.98,BTC-31JUL26,69821.44,0.041,69823.6,31JUL26,67000,,P,BTC-31JUL26-67000-P
0.1905,0.2775,0.3,0.23177617,1780385216058,0.0,71.06,69825.37,BTC-5JUN26,69821.44,0.234,69823.6,5JUN26,86000,,P,BTC-5JUN26-86000-P
0.0405,0.042,2313.6,0.04119199,1780385216058,7.2,39.86,71113.24,BTC-25DEC26,69821.44,0.04125,69823.6,25DEC26,90000,,C,BTC-25DEC26-90000-C
0.1955,0.1985,3.6,0.19678132,1780385216058,0.0,44.69,71776.35,BTC-26MAR27,69821.44,0.197,69823.6,26MAR27,66000,,C,BTC-26MAR27-66000-C
0.0009,0.0012,11.9,0.00104513,1780385216058,12.7,36.52,69821.44,index_price,69821.44,0.00105,69823.6,4JUN26,72500,,C,BTC-4JUN26-72500-C
0.058,0.0615,15.8,0.05990589,1780385216058,0.2,47.04,69821.44,index_price,69821.44,0.05975,69823.6,2JUN26,74000,,P,BTC-2JUN26-74000-P
1.692,1.897,1.0,1.7889072,1780385216058,0.0,48.49,71776.35,BTC-26MAR27,69821.44,1.7945,69823.6,26MAR27,200000,,P,BTC-26MAR27-200000-P
0.0018,0.002,1746.9,0.00187606,1780385216058,51.5,73.63,70505.77,BTC-25SEP26,69821.44,0.0019,69823.6,25SEP26,30000,,P,BTC-25SEP26-30000-P
,0.0001,1.1,0.0,1780385216058,0.0,57.33,69821.44,index_price,69821.44,,69823.6,2JUN26,80000,,C,BTC-2JUN26-80000-C
0.0008,0.001,3788.2,0.00085393,1780385216058,3171.8,37.58,69963.51,BTC-26JUN26,69821.44,0.0009,69823.6,26JUN26,85000,,C,BTC-26JUN26-85000-C
0.0515,0.055,19.1,0.05291309,1780385216058,1.4,43.58,69821.44,index_price,69821.44,0.05325,69823.6,3JUN26,73500,,P,BTC-3JUN26-73500-P
,0.0002,291.3,1.18e-05,1780385216058,1.0,61.4,70509.92,BTC-25SEP26,69821.44,,69823.6,25SEP26,260000,,C,BTC-25SEP26-260000-C
0.005,0.006,834.0,0.00541317,1780385216058,0.1,45.0,71776.35,BTC-26MAR27,69821.44,0.0055,69823.6,26MAR27,160000,,C,BTC-26MAR27-160000-C
0.052,0.1,0.0,0.06727535,1780385216058,0.0,41.32,69821.44,index_price,69821.44,0.076,69823.6,4JUN26,74500,,P,BTC-4JUN26-74500-P
0.0515,0.0525,164.6,0.05205867,1780385216058,24.6,37.62,70138.98,BTC-31JUL26,69821.44,0.052,69823.6,31JUL26,69000,,P,BTC-31JUL26-69000-P
0.091,0.0925,129.9,0.09193734,1780385216058,1.0,43.32,71113.24,BTC-25DEC26,69821.44,0.09175,69823.6,25DEC26,66000,,P,BTC-25DEC26-66000-P
0.029,0.03,1654.4,0.02945887,1780385216058,219.1,36.46,70505.77,BTC-25SEP26,69821.44,0.0295,69823.6,25SEP26,82000,,C,BTC-25SEP26-82000-C
0.0955,0.17,5.0,0.13112862,1780385216058,0.9,36.52,69873.07,BTC-12JUN26,69821.44,0.13275,69823.6,12JUN26,79000,,P,BTC-12JUN26-79000-P
0.033,0.0335,397.8,0.03302931,1780385216058,46.9,36.19,69873.07,BTC-12JUN26,69821.44,0.03325,69823.6,12JUN26,71000,,P,BTC-12JUN26-71000-P
,0.0001,759.8,2.14e-06,1780385216058,0.0,85.89,69959.7,BTC-26JUN26,69821.44,,69823.6,26JUN26,170000,,C,BTC-26JUN26-170000-C
0.3075,0.422,0.2,0.34570532,1780385216058,0.0,41.52,71776.35,BTC-26MAR27,69821.44,0.36475,69823.6,26MAR27,92000,,P,BTC-26MAR27-92000-P
1.581,1.7735,0.0,1.67290074,1780385216058,0.0,50.67,71113.24,BTC-25DEC26,69821.44,1.67725,69823.6,25DEC26,190000,,P,BTC-25DEC26-190000-P
0.516,0.5185,68.7,0.51655111,1780385216058,0.0,61.72,71113.24,BTC-25DEC26,69821.44,0.51725,69823.6,25DEC26,35000,,C,BTC-25DEC26-35000-C
1.1735,1.34,0.0,1.25205887,1780385216058,0.0,47.19,71113.24,BTC-25DEC26,69821.44,1.25675,69823.6,25DEC26,160000,,P,BTC-25DEC26-160000-P
0.005,0.0055,107.0,0.00523032,1780385216058,14.3,35.18,70135.17,BTC-31JUL26,69821.44,0.00525,69823.6,31JUL26,86000,,C,BTC-31JUL26-86000-C
0.0075,0.008,7094.2,0.00777321,1780385216058,4.1,41.54,71113.24,BTC-25DEC26,69821.44,0.00775,69823.6,25DEC26,120000,,C,BTC-25DEC26-120000-C
0.156,0.1595,140.2,0.1572059,1780385216058,15.5,43.45,71772.54,BTC-26MAR27,69821.44,0.15775,69823.6,26MAR27,72000,,P,BTC-26MAR27-72000-P
0.0001,0.0002,3746.7,0.0001554,1780385216058,7.4,51.19,69963.51,BTC-26JUN26,69821.44,0.00015,69823.6,26JUN26,100000,,C,BTC-26JUN26-100000-C
0.258,0.3175,5.9,0.2723186,1780385216058,0.0,35.87,70138.98,BTC-31JUL26,69821.44,0.28775,69823.6,31JUL26,89000,,P,BTC-31JUL26-89000-P
0.0026,0.0029,1561.3,0.00269755,1780385216058,6.6,45.96,71113.24,BTC-25DEC26,69821.44,0.00275,69823.6,25DEC26,150000,,C,BTC-25DEC26-150000-C
,0.0001,20.0,0.0,1780385216058,11.8,88.44,69821.44,index_price,69821.44,,69823.6,2JUN26,66000,,P,BTC-2JUN26-66000-P
0.0002,0.0004,821.0,0.00030402,1780385216058,5.3,43.66,69963.51,BTC-26JUN26,69821.44,0.0003,69823.6,26JUN26,92000,,C,BTC-26JUN26-92000-C
0.0725,0.0745,49.8,0.07352879,1780385216058,0.1,46.75,71776.35,BTC-26MAR27,69821.44,0.0735,69823.6,26MAR27,58000,,P,BTC-26MAR27-58000-P
0.008,0.0085,1504.3,0.00853867,1780385216058,376.9,45.46,69963.51,BTC-26JUN26,69821.44,0.00825,69823.6,26JUN26,62000,,P,BTC-26JUN26-62000-P
,0.0001,5.1,1.317e-05,1780385216058,5.3,59.23,69821.44,index_price,69821.44,,69823.6,4JUN26,80000,,C,BTC-4JUN26-80000-C
0.012,0.013,35.4,0.01238476,1780385216058,8.0,46.95,70314.33,BTC-28AUG26,69821.44,0.0125,69823.6,28AUG26,54000,,P,BTC-28AUG26-54000-P
0.021,0.0225,251.4,0.02182674,1780385216058,250.2,35.6,70314.33,BTC-28AUG26,69821.44,0.02175,69823.6,28AUG26,81000,,C,BTC-28AUG26-81000-C
0.004,0.0045,0.3,0.00425523,1780385216058,0.3,37.17,70314.33,BTC-28AUG26,69821.44,0.00425,69823.6,28AUG26,95000,,C,BTC-28AUG26-95000-C
0.0002,0.0003,3827.0,0.00024955,1780385216058,38.8,46.99,69963.51,BTC-26JUN26,69821.44,0.00025,69823.6,26JUN26,95000,,C,BTC-26JUN26-95000-C
0.016,0.017,343.1,0.01626778,1780385216058,1.1,36.53,70509.92,BTC-25SEP26,69821.44,0.0165,69823.6,25SEP26,88000,,C,BTC-25SEP26-88000-C
0.1625,0.165,15.9,0.16378609,1780385216058,0.1,43.32,71113.24,BTC-25DEC26,69821.44,0.16375,69823.6,25DEC26,66000,,C,BTC-25DEC26-66000-C
0.019,0.0205,59.8,0.01979345,1780385216058,1.0,39.87,71113.24,BTC-25DEC26,69821.44,0.01975,69823.6,25DEC26,102000,,C,BTC-25DEC26-102000-C
,0.0001,39.4,6.561e-05,1780385216058,35.9,50.24,69821.44,index_price,69821.44,,69823.6,3JUN26,74500,,C,BTC-3JUN26-74500-C
0.0825,0.0835,2.0,0.08305119,1780385216058,2.0,38.06,70314.33,BTC-28AUG26,69821.44,0.083,69823.6,28AUG26,69000,,C,BTC-28AUG26-69000-C
0.0365,0.038,15.8,0.03738892,1780385216058,0.9,41.34,71776.35,BTC-26MAR27,69821.44,0.03725,69823.6,26MAR27,104000,,C,BTC-26MAR27-104000-C
0.348,0.4035,0.0,0.35538191,1780385216058,0.0,37.17,70314.33,BTC-28AUG26,69821.44,0.37575,69823.6,28AUG26,95000,,P,BTC-28AUG26-95000-P
0.0016,0.0019,2188.3,0.00170129,1780385216058,1.7,49.07,71109.1,BTC-25DEC26,69821.44,0.00175,69823.6,25DEC26,170000,,C,BTC-25DEC26-170000-C
0.0001,0.0002,681.5,0.00013258,1780385216058,102.4,45.91,69873.07,BTC-12JUN26,69821.44,0.00015,69823.6,12JUN26,85000,,C,BTC-12JUN26-85000-C
0.13,0.132,422.2,0.13116609,1780385216058,0.9,40.35,70509.92,BTC-25SEP26,69821.44,0.131,69823.6,25SEP26,65000,,C,BTC-25SEP26-65000-C
0.755,0.9085,0.2,0.8245747,1780385216058,0.0,42.48,71776.35,BTC-26MAR27,69821.44,0.83175,69823.6,26MAR27,130000,,P,BTC-26MAR27-130000-P
0.012,0.013,967.2,0.01264782,1780385216058,164.2,43.18,69963.51,BTC-26JUN26,69821.44,0.0125,69823.6,26JUN26,64000,,P,BTC-26JUN26-64000-P
0.2205,0.2275,135.5,0.22396126,1780385216058,0.0,42.39,71776.35,BTC-26MAR27,69821.44,0.224,69823.6,26MAR27,80000,,P,BTC-26MAR27-80000-P
0.1465,0.151,0.0,0.14877681,1780385216058,0.0,41.25,70314.33,BTC-28AUG26,69821.44,0.14875,69823.6,28AUG26,62000,,C,BTC-28AUG26-62000-C
0.0505,0.055,270.0,0.05235053,1780385216058,33.5,34.78,69873.07,BTC-12JUN26,69821.44,0.05275,69823.6,12JUN26,73000,,P,BTC-12JUN26-73000-P
,0.0001,174.0,5.53e-06,1780385216058,0.0,64.66,70505.77,BTC-25SEP26,69821.44,,69823.6,25SEP26,300000,,C,BTC-25SEP26-300000-C
0.463,0.4655,20.1,0.46404219,1780385216058,1.0,55.06,71776.35,BTC-26MAR27,69821.44,0.46425,69823.6,26MAR27,40000,,C,BTC-26MAR27-40000-C
0.0545,0.115,0.0,0.08863404,1780385216058,0.0,55.5,69821.44,index_price,69821.44,0.08475,69823.6,3JUN26,76000,,P,BTC-3JUN26-76000-P
0.0006,0.0009,161.4,0.00073567,1780385216058,2.0,46.44,70509.92,BTC-25SEP26,69821.44,0.00075,69823.6,25SEP26,135000,,C,BTC-25SEP26-135000-C
0.0965,0.098,282.1,0.09715904,1780385216058,23.8,38.13,70505.77,BTC-25SEP26,69821.44,0.09725,69823.6,25SEP26,72000,,P,BTC-25SEP26-72000-P
0.0395,0.0405,820.5,0.03993215,1780385216058,4.5,41.64,70509.92,BTC-25SEP26,69821.44,0.04,69823.6,25SEP26,62000,,P,BTC-25SEP26-62000-P
0.0165,0.0175,131.2,0.0169002,1780385216058,82.0,36.19,69876.88,BTC-12JUN26,69821.44,0.017,69823.6,12JUN26,71000,,C,BTC-12JUN26-71000-C
0.0255,0.0265,128.7,0.0260398,1780385216058,13.0,35.11,70135.17,BTC-31JUL26,69821.44,0.026,69823.6,31JUL26,76000,,C,BTC-31JUL26-76000-C
,0.0001,122.8,3.589e-05,1780385216058,133.7,51.22,69821.44,index_price,69821.44,,69823.6,3JUN26,75000,,C,BTC-3JUN26-75000-C
0.2915,0.2965,0.0,0.2946547,1780385216058,0.0,47.74,71776.35,BTC-26MAR27,69821.44,0.294,69823.6,26MAR27,55000,,C,BTC-26MAR27-55000-C
0.228,0.231,2.2,0.22941073,1780385216058,0.0,45.64,71776.35,BTC-26MAR27,69821.44,0.2295,69823.6,26MAR27,62000,,C,BTC-26MAR27-62000-C
0.0011,0.0014,40.8,0.00123384,1780385216058,38.8,41.64,70314.33,BTC-28AUG26,69821.44,0.00125,69823.6,28AUG26,110000,,C,BTC-28AUG26-110000-C
0.246,0.335,0.0,0.28905627,1780385216058,0.0,72.07,69825.37,BTC-5JUN26,69821.44,0.2905,69823.6,5JUN26,90000,,P,BTC-5JUN26-90000-P
0.0006,0.0007,48.9,0.0005505,1780385216058,67.4,37.93,69821.44,index_price,69821.44,0.00065,69823.6,3JUN26,72000,,C,BTC-3JUN26-72000-C
0.6925,0.712,173.8,0.70341498,1780385216058,0.0,42.37,70509.92,BTC-25SEP26,69821.44,0.70225,69823.6,25SEP26,120000,,P,BTC-25SEP26-120000-P
0.0018,0.0022,146.3,0.0020256,1780385216058,154.1,35.76,69825.37,BTC-5JUN26,69821.44,0.002,69823.6,5JUN26,72500,,C,BTC-5JUN26-72500-C
0.0045,0.0049,4.5,0.00479191,1780385216058,1.5,37.05,70314.33,BTC-28AUG26,69821.44,0.0047,69823.6,28AUG26,94000,,C,BTC-28AUG26-94000-C
0.038,0.039,3026.3,0.03857084,1780385216058,366.7,37.39,69963.51,BTC-26JUN26,69821.44,0.0385,69823.6,26JUN26,70000,,P,BTC-26JUN26-70000-P
,0.0002,1424.5,0.00013079,1780385216058,106.2,60.62,69825.37,BTC-5JUN26,69821.44,,69823.6,5JUN26,80000,,C,BTC-5JUN26-80000-C
0.146,0.188,0.0,0.16016726,1780385216058,0.0,57.33,69821.44,index_price,69821.44,0.167,69823.6,2JUN26,81000,,P,BTC-2JUN26-81000-P
,0.0002,59.4,0.0,1780385216058,15.2,88.44,69821.44,index_price,69821.44,,69823.6,2JUN26,67000,,P,BTC-2JUN26-67000-P
0.0013,0.0014,140.9,0.00132893,1780385216058,68.0,59.13,69898.97,BTC-19JUN26,69821.44,0.00135,69823.6,19JUN26,55000,,P,BTC-19JUN26-55000-P
0.085,0.087,660.9,0.0860635,1780385216058,0.0,41.9,69963.51,BTC-26JUN26,69821.44,0.086,69823.6,26JUN26,65000,,C,BTC-26JUN26-65000-C
0.301,0.3065,32.6,0.30305631,1780385216058,0.0,49.68,70509.92,BTC-25SEP26,69821.44,0.30375,69823.6,25SEP26,50000,,C,BTC-25SEP26-50000-C
0.0036,0.004,3.4,0.00381467,1780385216058,0.8,37.35,70314.33,BTC-28AUG26,69821.44,0.0038,69823.6,28AUG26,96000,,C,BTC-28AUG26-96000-C
0.03,0.031,75.2,0.03036802,1780385216058,59.8,35.37,70135.17,BTC-31JUL26,69821.44,0.0305,69823.6,31JUL26,75000,,C,BTC-31JUL26-75000-C
,0.0001,0.0,1e-08,1780385216058,0.0,60.97,69821.44,index_price,69821.44,,69823.6,3JUN26,81000,,C,BTC-3JUN26-81000-C
0.245,0.3355,0.1,0.2881332,1780385216058,0.0,54.83,69873.07,BTC-12JUN26,69821.44,0.29025,69823.6,12JUN26,90000,,P,BTC-12JUN26-90000-P
0.007,0.008,263.8,0.00746815,1780385216058,10.1,37.19,70505.77,BTC-25SEP26,69821.44,0.0075,69823.6,25SEP26,96000,,C,BTC-25SEP26-96000-C
0.0255,0.027,28.7,0.02649517,1780385216058,2.0,41.48,71776.35,BTC-26MAR27,69821.44,0.02625,69823.6,26MAR27,112000,,C,BTC-26MAR27-112000-C
0.099,0.101,162.8,0.0998897,1780385216058,3.4,42.13,71776.35,BTC-26MAR27,69821.44,0.1,69823.6,26MAR27,82000,,C,BTC-26MAR27-82000-C
0.166,0.2075,0.0,0.17456029,1780385216058,0.0,60.97,69821.44,index_price,69821.44,0.18675,69823.6,3JUN26,82000,,P,BTC-3JUN26-82000-P
0.0007,0.0009,1595.4,0.00075667,1780385216058,1064.2,35.62,69873.07,BTC-12JUN26,69821.44,0.0008,69823.6,12JUN26,78000,,C,BTC-12JUN26-78000-C
,0.0001,2651.1,1.262e-05,1780385216058,0.0,82.82,69963.51,BTC-26JUN26,69821.44,,69823.6,26JUN26,150000,,C,BTC-26JUN26-150000-C
0.0004,0.0007,260.8,0.00051421,1780385216058,0.1,43.87,70138.98,BTC-31JUL26,69821.44,0.00055,69823.6,31JUL26,108000,,C,BTC-31JUL26-108000-C
0.2375,0.2435,82.1,0.23982345,1780385216058,0.0,45.68,70505.77,BTC-25SEP26,69821.44,0.2405,69823.6,25SEP26,55000,,C,BTC-25SEP26-55000-C
0.1985,0.205,38.5,0.20178027,1780385216058,0.0,36.82,69963.51,BTC-26JUN26,69821.44,0.20175,69823.6,26JUN26,84000,,P,BTC-26JUN26-84000-P
0.103,0.1615,0.0,0.12890221,1780385216058,0.0,51.64,69876.88,BTC-12JUN26,69821.44,0.13225,69823.6,12JUN26,61000,,C,BTC-12JUN26-61000-C
0.075,0.078,1.8,0.07660803,1780385216058,0.0,38.12,70138.98,BTC-31JUL26,69821.44,0.0765,69823.6,31JUL26,68000,,C,BTC-31JUL26-68000-C
0.0008,0.0011,195.8,0.00093158,1780385216058,11.2,40.06,70138.98,BTC-31JUL26,69821.44,0.00095,69823.6,31JUL26,100000,,C,BTC-31JUL26-100000-C
0.1465,0.1495,61.8,0.14831068,1780385216058,3.3,41.69,71109.1,BTC-25DEC26,69821.44,0.148,69823.6,25DEC26,74000,,P,BTC-25DEC26-74000-P
0.063,0.0645,469.5,0.06369898,1780385216058,101.5,37.65,70509.92,BTC-25SEP26,69821.44,0.06375,69823.6,25SEP26,74000,,C,BTC-25SEP26-74000-C
0.0875,0.116,3.0,0.11521397,1780385216058,0.0,40.42,70138.98,BTC-31JUL26,69821.44,0.10175,69823.6,31JUL26,64000,,C,BTC-31JUL26-64000-C
0.1035,0.1505,0.0,0.11727463,1780385216058,0.0,57.43,69821.44,index_price,69821.44,0.127,69823.6,4JUN26,78000,,P,BTC-4JUN26-78000-P
0.0041,0.0044,950.3,0.00431381,1780385216058,85.7,51.76,69963.51,BTC-26JUN26,69821.44,0.00425,69823.6,26JUN26,58000,,P,BTC-26JUN26-58000-P
0.074,0.079,215.2,0.07650566,1780385216058,2.1,34.69,69876.88,BTC-12JUN26,69821.44,0.0765,69823.6,12JUN26,75000,,P,BTC-12JUN26-75000-P
0.1145,0.12,223.8,0.11730472,1780385216058,15.1,50.29,69825.37,BTC-5JUN26,69821.44,0.11725,69823.6,5JUN26,78000,,P,BTC-5JUN26-78000-P
0.041,0.0745,4.1,0.07049397,1780385216058,0.0,53.51,69825.37,BTC-5JUN26,69821.44,0.05775,69823.6,5JUN26,65000,,C,BTC-5JUN26-65000-C
,0.0001,203.9,9e-08,1780385216058,0.0,60.97,69821.44,index_price,69821.44,,69823.6,3JUN26,80000,,C,BTC-3JUN26-80000-C
0.059,0.0605,603.7,0.05990517,1780385216058,2.1,40.35,71113.24,BTC-25DEC26,69821.44,0.05975,69823.6,25DEC26,84000,,C,BTC-25DEC26-84000-C
0.1405,0.2055,0.0,0.17399315,1780385216059,0.0,37.09,69903.06,BTC-19JUN26,69821.44,0.173,69823.6,19JUN26,82000,,P,BTC-19JUN26-82000-P
0.065,0.0685,14.1,0.06706742,1780385216059,0.0,48.53,69821.44,index_price,69821.44,0.06675,69823.6,2JUN26,74500,,P,BTC-2JUN26-74500-P
0.013,0.014,230.4,0.01339887,1780385216059,227.9,35.68,70314.33,BTC-28AUG26,69821.44,0.0135,69823.6,28AUG26,85000,,C,BTC-28AUG26-85000-C
0.1295,0.1325,645.0,0.13097612,1780385216059,7.3,37.24,70505.77,BTC-25SEP26,69821.44,0.131,69823.6,25SEP26,76000,,P,BTC-25SEP26-76000-P
0.003,0.0033,4.5,0.0031579,1780385216059,1.5,37.91,70314.33,BTC-28AUG26,69821.44,0.00315,69823.6,28AUG26,98000,,C,BTC-28AUG26-98000-C
0.108,0.176,0.0,0.14591256,1780385216059,0.0,60.97,69821.44,index_price,69821.44,0.142,69823.6,3JUN26,80000,,P,BTC-3JUN26-80000-P
,0.0002,3.3,0.00012277,1780385216059,1.3,51.95,69821.44,index_price,69821.44,,69823.6,4JUN26,76500,,C,BTC-4JUN26-76500-C
0.0025,0.0028,38.6,0.00264456,1780385216059,23.2,38.5,70314.33,BTC-28AUG26,69821.44,0.00265,69823.6,28AUG26,100000,,C,BTC-28AUG26-100000-C
0.095,0.097,277.3,0.09625261,1780385216059,4.0,41.37,71113.24,BTC-25DEC26,69821.44,0.096,69823.6,25DEC26,76000,,C,BTC-25DEC26-76000-C
0.007,0.0075,12.5,0.00715315,1780385216059,12.5,39.83,69821.44,index_price,69821.44,0.00725,69823.6,3JUN26,70000,,C,BTC-3JUN26-70000-C
0.004,0.0043,75.1,0.00410308,1780385216059,17.5,45.18,69821.44,index_price,69821.44,0.00415,69823.6,4JUN26,68000,,P,BTC-4JUN26-68000-P
0.0001,0.0002,7.6,0.00011744,1780385216059,9.2,45.13,69821.44,index_price,69821.44,0.00015,69823.6,4JUN26,75500,,C,BTC-4JUN26-75500-C
0.001,0.0012,14.7,0.00114175,1780385216059,16.7,56.59,69821.44,index_price,69821.44,0.0011,69823.6,3JUN26,67000,,P,BTC-3JUN26-67000-P
0.0001,0.0002,2470.6,0.00015468,1780385216059,158.5,118.28,69963.51,BTC-26JUN26,69821.44,0.00015,69823.6,26JUN26,30000,,P,BTC-26JUN26-30000-P
0.019,0.0195,259.4,0.01935945,1780385216059,134.2,35.61,70314.33,BTC-28AUG26,69821.44,0.01925,69823.6,28AUG26,82000,,C,BTC-28AUG26-82000-C
0.017,0.0185,59.2,0.01761467,1780385216059,1.5,39.96,71113.24,BTC-25DEC26,69821.44,0.01775,69823.6,25DEC26,104000,,C,BTC-25DEC26-104000-C
0.0235,0.024,3.0,0.02361484,1780385216059,4.5,37.05,69873.07,BTC-12JUN26,69821.44,0.02375,69823.6,12JUN26,70000,,C,BTC-12JUN26-70000-C
0.121,0.123,79.7,0.12205625,1780385216059,0.1,39.95,70509.92,BTC-25SEP26,69821.44,0.122,69823.6,25SEP26,66000,,C,BTC-25SEP26-66000-C
0.0555,0.0995,0.0,0.06900158,1780385216059,0.0,88.5,69821.44,index_price,69821.44,0.0775,69823.6,2JUN26,65000,,C,BTC-2JUN26-65000-C
1.1235,1.28,0.1,1.19884324,1780385216059,0.0,50.71,70509.92,BTC-25SEP26,69821.44,1.20175,69823.6,25SEP26,155000,,P,BTC-25SEP26-155000-P
0.0033,0.0038,1039.5,0.00351318,1780385216059,601.0,38.8,70509.92,BTC-25SEP26,69821.44,0.00355,69823.6,25SEP26,105000,,C,BTC-25SEP26-105000-C
0.053,0.0535,8.1,0.05331649,1780385216059,3.5,36.76,70138.98,BTC-31JUL26,69821.44,0.05325,69823.6,31JUL26,71000,,C,BTC-31JUL26-71000-C
0.046,0.047,1728.3,0.04653557,1780385216059,4.1,39.92,71113.24,BTC-25DEC26,69821.44,0.0465,69823.6,25DEC26,88000,,C,BTC-25DEC26-88000-C
0.0235,0.0275,77.8,0.02526516,1780385216059,96.4,37.35,69821.44,index_price,69821.44,0.0255,69823.6,3JUN26,71500,,P,BTC-3JUN26-71500-P
0.0012,0.0015,1395.7,0.00128945,1780385216059,1078.0,35.51,69898.97,BTC-19JUN26,69821.44,0.00135,69823.6,19JUN26,80000,,C,BTC-19JUN26-80000-C
0.0515,0.1165,1.0,0.08067262,1780385216059,0.0,42.29,69898.97,BTC-19JUN26,69821.44,0.084,69823.6,19JUN26,65000,,C,BTC-19JUN26-65000-C
0.096,0.157,0.0,0.13152116,1780385216059,0.0,57.33,69821.44,index_price,69821.44,0.1265,69823.6,2JUN26,79000,,P,BTC-2JUN26-79000-P
,0.0001,6.2,0.0,1780385216059,3.6,88.5,69821.44,index_price,69821.44,,69823.6,2JUN26,65000,,P,BTC-2JUN26-65000-P
,0.0001,171.0,2e-08,1780385216059,154.9,80.33,69821.44,index_price,69821.44,,69823.6,2JUN26,68000,,P,BTC-2JUN26-68000-P
0.4355,0.576,0.0,0.4987989,1780385216059,0.0,41.37,71776.35,BTC-26MAR27,69821.44,0.50575,69823.6,26MAR27,105000,,P,BTC-26MAR27-105000-P
0.158,0.1935,0.5,0.16243002,1780385216059,0.0,35.64,70314.33,BTC-28AUG26,69821.44,0.17575,69823.6,28AUG26,80000,,P,BTC-28AUG26-80000-P
0.04,0.044,280.6,0.04195965,1780385216059,37.7,35.31,69873.07,BTC-12JUN26,69821.44,0.042,69823.6,12JUN26,72000,,P,BTC-12JUN26-72000-P
1.487,1.665,37.1,1.57301826,1780385216059,0.0,85.89,69963.51,BTC-26JUN26,69821.44,1.576,69823.6,26JUN26,180000,,P,BTC-26JUN26-180000-P
0.0003,0.0005,1062.1,0.00038188,1780385216059,394.4,39.95,69898.97,BTC-19JUN26,69821.44,0.0004,69823.6,19JUN26,85000,,C,BTC-19JUN26-85000-C
0.011,0.0115,7.2,0.01131844,1780385216059,7.2,42.21,69821.44,index_price,69821.44,0.01125,69823.6,3JUN26,69500,,C,BTC-3JUN26-69500-C
0.006,0.007,110.3,0.00665253,1780385216059,107.2,36.75,69825.37,BTC-5JUN26,69821.44,0.0065,69823.6,5JUN26,71000,,C,BTC-5JUN26-71000-C
0.5685,0.577,929.2,0.57249291,1780385216059,0.0,60.15,69963.51,BTC-26JUN26,69821.44,0.57275,69823.6,26JUN26,110000,,P,BTC-26JUN26-110000-P
0.0095,0.0105,0.6,0.01000318,1780385216059,0.6,48.84,70314.33,BTC-28AUG26,69821.44,0.01,69823.6,28AUG26,52000,,P,BTC-28AUG26-52000-P
0.023,0.08,0.0,0.05467853,1780385216059,0.0,88.44,69821.44,index_price,69821.44,0.0515,69823.6,2JUN26,66000,,C,BTC-2JUN26-66000-C
0.1885,0.198,196.8,0.19253011,1780385216059,2.3,36.46,70509.92,BTC-25SEP26,69821.44,0.19325,69823.6,25SEP26,82000,,P,BTC-25SEP26-82000-P
0.5225,0.6655,0.0,0.58698947,1780385216059,0.0,41.48,71776.35,BTC-26MAR27,69821.44,0.594,69823.6,26MAR27,112000,,P,BTC-26MAR27-112000-P
0.026,0.0895,1.1,0.06007766,1780385216059,1.5,48.65,69821.44,index_price,69821.44,0.05775,69823.6,3JUN26,74000,,P,BTC-3JUN26-74000-P
0.0095,0.01,1174.8,0.00991309,1780385216059,65.1,34.68,70138.98,BTC-31JUL26,69821.44,0.00975,69823.6,31JUL26,82000,,C,BTC-31JUL26-82000-C
0.2365,0.239,39.6,0.23727639,1780385216059,0.0,45.92,71113.24,BTC-25DEC26,69821.44,0.23775,69823.6,25DEC26,58000,,C,BTC-25DEC26-58000-C
0.031,0.032,92.2,0.03161206,1780385216059,3.7,39.79,70138.98,BTC-31JUL26,69821.44,0.0315,69823.6,31JUL26,65000,,P,BTC-31JUL26-65000-P
0.042,0.043,24.3,0.04246435,1780385216059,11.5,39.67,70318.18,BTC-28AUG26,69821.44,0.0425,69823.6,28AUG26,65000,,P,BTC-28AUG26-65000-P
0.496,0.5055,310.9,0.50107179,1780385216059,0.0,56.92,69963.51,BTC-26JUN26,69821.44,0.50075,69823.6,26JUN26,105000,,P,BTC-26JUN26-105000-P
0.032,0.0965,0.2,0.0671966,1780385216059,0.2,50.24,69821.44,index_price,69821.44,0.06425,69823.6,3JUN26,74500,,P,BTC-3JUN26-74500-P
,0.0001,1944.0,1.098e-05,1780385216059,0.0,63.95,69963.51,BTC-26JUN26,69821.44,,69823.6,26JUN26,125000,,C,BTC-26JUN26-125000-C
0.2135,0.219,2850.2,0.21589001,1780385216059,0.3,37.58,69963.51,BTC-26JUN26,69821.44,0.21625,69823.6,26JUN26,85000,,P,BTC-26JUN26-85000-P
0.7135,0.715,103.6,0.7141269,1780385216059,0.1,144.1,69963.51,BTC-26JUN26,69821.44,0.71425,69823.6,26JUN26,20000,,C,BTC-26JUN26-20000-C
0.0585,0.062,14.3,0.06019057,1780385216059,0.4,39.6,69821.44,index_price,69821.44,0.06025,69823.6,4JUN26,74000,,P,BTC-4JUN26-74000-P
0.0575,0.059,177.5,0.05818676,1780385216059,1.8,39.95,70509.92,BTC-25SEP26,69821.44,0.05825,69823.6,25SEP26,66000,,P,BTC-25SEP26-66000-P
0.056,0.057,1661.1,0.05652442,1780385216059,32.1,40.32,71109.1,BTC-25DEC26,69821.44,0.0565,69823.6,25DEC26,85000,,C,BTC-25DEC26-85000-C
0.3975,0.4315,0.7,0.40342851,1780385216059,0.0,39.82,71113.24,BTC-25DEC26,69821.44,0.4145,69823.6,25DEC26,98000,,P,BTC-25DEC26-98000-P
0.2805,0.343,0.5,0.28731565,1780385216059,0.1,36.12,70314.33,BTC-28AUG26,69821.44,0.31175,69823.6,28AUG26,90000,,P,BTC-28AUG26-90000-P
0.118,0.12,32.9,0.11894171,1780385216059,11.3,42.51,71776.35,BTC-26MAR27,69821.44,0.119,69823.6,26MAR27,78000,,C,BTC-26MAR27-78000-C
0.0735,0.076,455.5,0.07513928,1780385216059,0.0,41.02,69959.7,BTC-26JUN26,69821.44,0.07475,69823.6,26JUN26,66000,,C,BTC-26JUN26-66000-C
0.2165,0.2415,0.4,0.22230169,1780385216059,0.0,35.68,70314.33,BTC-28AUG26,69821.44,0.229,69823.6,28AUG26,85000,,P,BTC-28AUG26-85000-P
1.7415,1.9395,0.1,1.83686567,1780385216059,0.0,58.31,70509.92,BTC-25SEP26,69821.44,1.8405,69823.6,25SEP26,200000,,P,BTC-25SEP26-200000-P
0.0905,0.092,1.0,0.09108992,1780385216059,1.0,38.41,70318.18,BTC-28AUG26,69821.44,0.09125,69823.6,28AUG26,68000,,C,BTC-28AUG26-68000-C
0.8535,0.864,106.4,0.85830216,1780385216059,4.3,68.16,69963.51,BTC-26JUN26,69821.44,0.85875,69823.6,26JUN26,130000,,P,BTC-26JUN26-130000-P
0.268,0.2725,0.0,0.27043911,1780385216059,0.0,48.84,70314.33,BTC-28AUG26,69821.44,0.27025,69823.6,28AUG26,52000,,C,BTC-28AUG26-52000-C
0.0165,0.0175,12.9,0.01681996,1780385216059,14.6,37.73,69821.44,index_price,69821.44,0.017,69823.6,4JUN26,70500,,P,BTC-4JUN26-70500-P
0.085,0.0865,211.0,0.08581139,1780385216059,0.0,41.08,71113.24,BTC-25DEC26,69821.44,0.08575,69823.6,25DEC26,78000,,C,BTC-25DEC26-78000-C
0.0013,0.0014,2462.1,0.00142303,1780385216059,11.5,67.25,69963.51,BTC-26JUN26,69821.44,0.00135,69823.6,26JUN26,50000,,P,BTC-26JUN26-50000-P
0.223,0.233,491.8,0.22754992,1780385216059,0.0,36.45,70509.92,BTC-25SEP26,69821.44,0.228,69823.6,25SEP26,85000,,P,BTC-25SEP26-85000-P
0.0305,0.034,58.7,0.03187173,1780385216059,50.8,37.93,69821.44,index_price,69821.44,0.03225,69823.6,3JUN26,72000,,P,BTC-3JUN26-72000-P
0.241,0.248,0.0,0.24437591,1780385216059,0.0,46.95,70318.18,BTC-28AUG26,69821.44,0.2445,69823.6,28AUG26,54000,,C,BTC-28AUG26-54000-C
,0.0001,290.8,2e-08,1780385216059,0.0,72.07,69825.37,BTC-5JUN26,69821.44,,69823.6,5JUN26,95000,,C,BTC-5JUN26-95000-C
0.0004,0.0007,42.8,0.00057081,1780385216059,1.0,42.77,70138.98,BTC-31JUL26,69821.44,0.00055,69823.6,31JUL26,106000,,C,BTC-31JUL26-106000-C
0.021,0.022,551.1,0.02132723,1780385216059,42.5,41.84,70138.98,BTC-31JUL26,69821.44,0.0215,69823.6,31JUL26,62000,,P,BTC-31JUL26-62000-P
0.1505,0.2095,0.0,0.17449032,1780385216059,0.0,57.33,69821.44,index_price,69821.44,0.18,69823.6,2JUN26,82000,,P,BTC-2JUN26-82000-P
0.014,0.077,0.0,0.04268354,1780385216059,0.0,49.14,69821.44,index_price,69821.44,0.0455,69823.6,4JUN26,67000,,C,BTC-4JUN26-67000-C
0.36,0.375,90.5,0.36633356,1780385216059,0.0,39.81,71113.24,BTC-25DEC26,69821.44,0.3675,69823.6,25DEC26,95000,,P,BTC-25DEC26-95000-P
