bid_price,ask_price,open_interest,mark_price,creation_timestamp_x,volume,mark_iv,underlying_price,underlying_index,estimated_delivery_price,mid_price,price_index,expiration_timestamp,strike,settlement_period,option_type,instrument_id
0.077,0.079,85.8,0.07803709,1780645721658,0.0,47.32,63993.54,BTC-25DEC26,62861.46,0.078,62886.12,25DEC26,56000,,P,BTC-25DEC26-56000-P
0.211,0.2185,2930.2,0.2137986,1780645721658,0.7,40.07,63424.11,BTC-25SEP26,62861.46,0.21475,62886.12,25SEP26,75000,,P,BTC-25SEP26-75000-P
0.331,,21.4,0.35599818,1780645721658,0.1,102.82,62686.13,BTC-5JUN26,62703.53,,62886.12,5JUN26,85000,,P,BTC-5JUN26-85000-P
0.0048,0.0055,66.5,0.00518741,1780645721658,61.7,49.61,62861.46,index_price,62861.46,0.00515,62886.12,7JUN26,64500,,C,BTC-7JUN26-64500-C
0.0445,0.1175,0.0,0.07750306,1780645721658,0.0,103.6,62861.46,index_price,62861.46,0.081,62886.12,6JUN26,58000,,C,BTC-6JUN26-58000-C
0.0021,0.0025,1512.6,0.00232459,1780645721658,52.4,47.14,63993.26,BTC-25DEC26,62861.46,0.0023,62886.12,25DEC26,140000,,C,BTC-25DEC26-140000-C
0.006,0.007,2412.5,0.0064941,1780645721658,10.2,40.11,63424.11,BTC-25SEP26,62861.46,0.0065,62886.12,25SEP26,90000,,C,BTC-25SEP26-90000-C
0.249,0.256,138.9,0.2526351,1780645721658,0.5,43.05,63993.54,BTC-25DEC26,62861.46,0.2525,62886.12,25DEC26,76000,,P,BTC-25DEC26-76000-P
0.0002,0.0005,1216.7,0.00026487,1780645721658,7.7,59.69,63993.54,BTC-25DEC26,62861.46,0.00035,62886.12,25DEC26,250000,,C,BTC-25DEC26-250000-C
0.1095,0.155,0.0,0.14616139,1780645721658,0.0,72.6,62861.46,index_price,62861.46,0.13225,62886.12,7JUN26,72000,,P,BTC-7JUN26-72000-P
0.1055,0.1105,32.6,0.10872792,1780645721658,0.0,87.87,62686.13,BTC-5JUN26,62703.53,0.108,62886.12,5JUN26,69500,,P,BTC-5JUN26-69500-P
0.1265,0.129,905.5,0.12783485,1780645721658,4.1,44.93,64591.05,BTC-26MAR27,62861.46,0.12775,62886.12,26MAR27,70000,,C,BTC-26MAR27-70000-C
0.4675,,7.6,0.49481871,1780645721658,0.0,63.79,62895.49,BTC-26JUN26,62861.46,,62886.12,26JUN26,94000,,P,BTC-26JUN26-94000-P
0.008,0.0135,43.8,0.01091967,1780645721658,19.8,75.54,62686.13,BTC-5JUN26,62703.53,0.01075,62886.12,5JUN26,62000,,C,BTC-5JUN26-62000-C
0.018,0.09,0.1,0.0517185,1780645721658,0.1,63.16,62861.46,index_price,62861.46,0.054,62886.12,8JUN26,60000,,C,BTC-8JUN26-60000-C
,0.0001,264.7,5.3e-07,1780645721658,0.0,86.97,62895.49,BTC-26JUN26,62861.46,,62886.12,26JUN26,155000,,C,BTC-26JUN26-155000-C
0.0039,0.0043,37.0,0.00410845,1780645721658,0.9,40.41,63222.49,BTC-28AUG26,62861.46,0.0041,62886.12,28AUG26,88000,,C,BTC-28AUG26-88000-C
0.3,0.3075,103.6,0.30402317,1780645721658,0.0,40.48,63060.92,BTC-31JUL26,62861.46,0.30375,62886.12,31JUL26,82000,,P,BTC-31JUL26-82000-P
0.0004,0.0006,1072.0,0.00049812,1780645721658,4.9,55.6,62895.49,BTC-26JUN26,62861.46,0.0005,62886.12,26JUN26,86000,,C,BTC-26JUN26-86000-C
0.0345,0.0355,22.7,0.03520897,1780645721658,29.4,47.59,63223.4,BTC-28AUG26,62861.46,0.035,62886.12,28AUG26,55000,,P,BTC-28AUG26-55000-P
0.2695,0.277,375.9,0.27374871,1780645721658,0.3,40.29,63060.92,BTC-31JUL26,62861.46,0.27325,62886.12,31JUL26,80000,,P,BTC-31JUL26-80000-P
0.144,0.1515,106.4,0.14767651,1780645721658,0.0,40.2,63060.92,BTC-31JUL26,62861.46,0.14775,62886.12,31JUL26,71000,,P,BTC-31JUL26-71000-P
,,0.1,0.82399408,1780645721658,0.0,56.99,63060.92,BTC-31JUL26,62861.46,,62886.12,31JUL26,115000,,P,BTC-31JUL26-115000-P
0.14,0.143,519.1,0.14160985,1780645721659,7.4,44.76,63993.26,BTC-25DEC26,62861.46,0.1415,62886.12,25DEC26,65000,,P,BTC-25DEC26-65000-P
0.071,0.077,134.1,0.07576595,1780645721659,0.9,62.74,62861.46,index_price,62861.46,0.074,62886.12,6JUN26,67500,,P,BTC-6JUN26-67500-P
0.0955,0.1005,132.6,0.0996211,1780645721659,8.4,75.4,62861.46,index_price,62861.46,0.098,62886.12,6JUN26,69000,,P,BTC-6JUN26-69000-P
0.003,0.0034,801.3,0.00317864,1780645721659,0.2,40.77,63060.92,BTC-31JUL26,62861.46,0.0032,62886.12,31JUL26,83000,,C,BTC-31JUL26-83000-C
0.0012,0.0016,56.0,0.00155873,1780645721659,33.9,49.48,62861.46,index_price,62861.46,0.0014,62886.12,7JUN26,66000,,C,BTC-7JUN26-66000-C
0.0295,0.0305,131.3,0.02987036,1780645721659,19.0,40.8,63060.92,BTC-31JUL26,62861.46,0.03,62886.12,31JUL26,69000,,C,BTC-31JUL26-69000-C
0.1295,0.136,297.8,0.1326573,1780645721659,24.2,88.07,62686.13,BTC-5JUN26,62703.53,0.13275,62886.12,5JUN26,71000,,P,BTC-5JUN26-71000-P
0.0365,0.0375,40.5,0.03731276,1780645721659,32.7,54.82,62841.05,BTC-12JUN26,62861.46,0.037,62886.12,12JUN26,62000,,C,BTC-12JUN26-62000-C
0.0795,0.081,23.2,0.08039263,1780645721659,7.2,43.06,63222.49,BTC-28AUG26,62861.46,0.08025,62886.12,28AUG26,63000,,P,BTC-28AUG26-63000-P
,,0.0,0.7407307,1780645721659,0.0,47.82,63222.49,BTC-28AUG26,62861.46,,62886.12,28AUG26,110000,,P,BTC-28AUG26-110000-P
0.395,0.3995,53.2,0.39739173,1780645721659,0.0,56.99,63993.54,BTC-25DEC26,62861.46,0.39725,62886.12,25DEC26,40000,,C,BTC-25DEC26-40000-C
0.7955,1.437,0.6,1.11244648,1780645721659,0.0,46.57,63993.54,BTC-25DEC26,62861.46,1.11625,62886.12,25DEC26,135000,,P,BTC-25DEC26-135000-P
0.024,0.026,112.4,0.02526769,1780645721659,1.1,43.56,64591.05,BTC-26MAR27,62861.46,0.025,62886.12,26MAR27,105000,,C,BTC-26MAR27-105000-C
,,11.8,0.57970485,1780645721659,0.0,43.42,64590.77,BTC-26MAR27,62861.46,,62886.12,26MAR27,100000,,P,BTC-26MAR27-100000-P
0.048,0.049,33.4,0.04869547,1780645721659,10.7,45.67,63222.49,BTC-28AUG26,62861.46,0.0485,62886.12,28AUG26,58000,,P,BTC-28AUG26-58000-P
0.0525,0.0535,240.1,0.05315748,1780645721659,7.3,42.55,63060.92,BTC-31JUL26,62861.46,0.053,62886.12,31JUL26,65000,,C,BTC-31JUL26-65000-C
0.245,0.3475,0.0,0.29107794,1780645721659,0.0,39.79,63222.49,BTC-28AUG26,62861.46,0.29625,62886.12,28AUG26,81000,,P,BTC-28AUG26-81000-P
0.0002,0.0004,54.6,0.00026543,1780645721659,25.7,61.52,62861.46,index_price,62861.46,0.0003,62886.12,6JUN26,67000,,C,BTC-6JUN26-67000-C
,0.0001,135.9,0.0,1780645721659,0.0,99.84,62895.49,BTC-26JUN26,62861.46,,62886.12,26JUN26,320000,,C,BTC-26JUN26-320000-C
0.0002,0.0003,224.3,0.00025169,1780645721659,1.0,63.79,62895.49,BTC-26JUN26,62861.46,0.00025,62886.12,26JUN26,94000,,C,BTC-26JUN26-94000-C
0.0125,0.0135,7.1,0.01295571,1780645721659,0.7,55.68,63222.49,BTC-28AUG26,62861.46,0.013,62886.12,28AUG26,46000,,P,BTC-28AUG26-46000-P
,,23.1,1.22595541,1780645721659,0.0,86.97,62895.21,BTC-26JUN26,62861.46,,62886.12,26JUN26,140000,,P,BTC-26JUN26-140000-P
0.052,0.086,12.2,0.07484458,1780645721659,0.3,50.61,62861.46,index_price,62861.46,0.069,62886.12,7JUN26,67500,,P,BTC-7JUN26-67500-P
0.0065,0.0075,704.9,0.00717505,1780645721659,59.1,46.11,64591.05,BTC-26MAR27,62861.46,0.007,62886.12,26MAR27,140000,,C,BTC-26MAR27-140000-C
,,1.8,1.46444613,1780645721659,0.0,86.97,62895.49,BTC-26JUN26,62861.46,,62886.12,26JUN26,155000,,P,BTC-26JUN26-155000-P
0.1875,0.2595,0.0,0.22079056,1780645721659,0.0,54.96,63060.92,BTC-31JUL26,62861.46,0.2235,62886.12,31JUL26,50000,,C,BTC-31JUL26-50000-C
0.1475,0.15,67.5,0.14858628,1780645721659,0.1,45.44,63993.54,BTC-25DEC26,62861.46,0.14875,62886.12,25DEC26,62000,,C,BTC-25DEC26-62000-C
0.1465,0.1525,3149.5,0.14954033,1780645721659,67.3,42.67,62895.49,BTC-26JUN26,62861.46,0.1495,62886.12,26JUN26,72000,,P,BTC-26JUN26-72000-P
0.0008,0.001,6262.2,0.00091449,1780645721659,34.8,48.4,62895.49,BTC-26JUN26,62861.46,0.0009,62886.12,26JUN26,80000,,C,BTC-26JUN26-80000-C
,0.0002,1377.5,0.00020239,1780645721659,69.2,86.88,62841.05,BTC-12JUN26,62861.46,,62886.12,12JUN26,86000,,C,BTC-12JUN26-86000-C
,0.0001,111.0,0.0,1780645721659,48.3,87.85,62686.13,BTC-5JUN26,62703.53,,62886.12,5JUN26,66000,,C,BTC-5JUN26-66000-C
,,0.0,0.71309496,1780645721659,0.0,53.37,63060.92,BTC-31JUL26,62861.46,,62886.12,31JUL26,108000,,P,BTC-31JUL26-108000-P
0.5295,0.532,98.8,0.53105291,1780645721659,1.5,75.25,63424.11,BTC-25SEP26,62861.46,0.53075,62886.12,25SEP26,30000,,C,BTC-25SEP26-30000-C
0.015,0.016,111.4,0.01598561,1780645721659,58.3,40.11,63060.92,BTC-31JUL26,62861.46,0.0155,62886.12,31JUL26,73000,,C,BTC-31JUL26-73000-C
0.021,0.023,46.2,0.02225343,1780645721659,0.0,43.69,64590.77,BTC-26MAR27,62861.46,0.022,62886.12,26MAR27,108000,,C,BTC-26MAR27-108000-C
0.8225,0.8335,289.9,0.82856133,1780645721659,0.0,83.72,62895.49,BTC-26JUN26,62861.46,0.828,62886.12,26JUN26,115000,,P,BTC-26JUN26-115000-P
,,5.8,2.02093332,1780645721659,0.0,86.97,62895.49,BTC-26JUN26,62861.46,,62886.12,26JUN26,190000,,P,BTC-26JUN26-190000-P
0.0001,0.0004,352.6,0.00021964,1780645721659,0.4,59.73,63423.83,BTC-25SEP26,62861.46,0.00025,62886.12,25SEP26,170000,,C,BTC-25SEP26-170000-C
0.1645,0.167,137.8,0.165481,1780645721659,0.1,46.02,63993.54,BTC-25DEC26,62861.46,0.16575,62886.12,25DEC26,60000,,C,BTC-25DEC26-60000-C
,,0.0,1.99583559,1780645721659,0.0,59.84,63423.83,BTC-25SEP26,62861.46,,62886.12,25SEP26,190000,,P,BTC-25SEP26-190000-P
,0.0001,207.3,0.0,1780645721659,285.7,149.43,62686.13,BTC-5JUN26,62703.53,,62886.12,5JUN26,60000,,P,BTC-5JUN26-60000-P
0.0006,0.0009,1098.3,0.00080571,1780645721659,0.3,48.44,63060.92,BTC-31JUL26,62861.46,0.00075,62886.12,31JUL26,98000,,C,BTC-31JUL26-98000-C
0.0265,0.0275,6.6,0.02695335,1780645721659,2.5,39.97,63222.49,BTC-28AUG26,62861.46,0.027,62886.12,28AUG26,73000,,C,BTC-28AUG26-73000-C
0.1005,0.122,0.0,0.10999226,1780645721659,0.0,94.14,62861.46,index_price,62861.46,0.11125,62886.12,7JUN26,56000,,C,BTC-7JUN26-56000-C
0.046,0.049,508.1,0.04791392,1780645721659,44.5,48.85,62841.05,BTC-12JUN26,62861.46,0.0475,62886.12,12JUN26,65000,,P,BTC-12JUN26-65000-P
0.1295,0.135,160.6,0.13281036,1780645721659,0.0,44.2,62863.22,BTC-19JUN26,62861.46,0.13225,62886.12,19JUN26,71000,,P,BTC-19JUN26-71000-P
,0.0001,200.1,0.0,1780645721659,0.0,90.33,62895.49,BTC-26JUN26,62861.46,,62886.12,26JUN26,250000,,C,BTC-26JUN26-250000-C
0.065,0.1395,0.0,0.10045857,1780645721659,0.0,69.46,62841.05,BTC-12JUN26,62861.46,0.10225,62886.12,12JUN26,57000,,C,BTC-12JUN26-57000-C
0.0275,0.032,87.8,0.03127685,1780645721659,2.1,60.59,62861.46,index_price,62861.46,0.02975,62886.12,6JUN26,64500,,P,BTC-6JUN26-64500-P
0.03,0.0925,0.0,0.05295029,1780645721659,0.0,45.88,62861.46,index_price,62861.46,0.06125,62886.12,8JUN26,66000,,P,BTC-8JUN26-66000-P
,0.0001,125.7,0.0,1780645721659,217.7,106.84,62686.13,BTC-5JUN26,62703.53,,62886.12,5JUN26,61000,,P,BTC-5JUN26-61000-P
0.0935,0.096,1279.2,0.09506294,1780645721659,0.1,48.25,64591.05,BTC-26MAR27,62861.46,0.09475,62886.12,26MAR27,55000,,P,BTC-26MAR27-55000-P
0.0026,0.0029,628.7,0.00278672,1780645721659,1.4,41.13,63060.92,BTC-31JUL26,62861.46,0.00275,62886.12,31JUL26,84000,,C,BTC-31JUL26-84000-C
,,13.9,0.30813942,1780645721659,0.0,102.82,62686.13,BTC-5JUN26,62703.53,,62886.12,5JUN26,82000,,P,BTC-5JUN26-82000-P
,,1.0,0.30489606,1780645721659,0.1,72.64,62841.05,BTC-12JUN26,62861.46,,62886.12,12JUN26,82000,,P,BTC-12JUN26-82000-P
0.1435,0.146,35.0,0.14496716,1780645721659,0.0,45.64,63424.11,BTC-25SEP26,62861.46,0.14475,62886.12,25SEP26,58000,,C,BTC-25SEP26-58000-C
0.074,0.08,33.4,0.07682208,1780645721659,1.0,87.85,62686.13,BTC-5JUN26,62703.53,0.077,62886.12,5JUN26,67500,,P,BTC-5JUN26-67500-P
0.0535,0.0545,55.6,0.05402984,1780645721659,15.6,45.07,63222.49,BTC-28AUG26,62861.46,0.054,62886.12,28AUG26,59000,,P,BTC-28AUG26-59000-P
0.238,0.2445,1643.4,0.24141243,1780645721659,2.3,46.32,62895.49,BTC-26JUN26,62861.46,0.24125,62886.12,26JUN26,78000,,P,BTC-26JUN26-78000-P
,,0.0,0.66535394,1780645721659,0.0,43.61,64591.05,BTC-26MAR27,62861.46,,62886.12,26MAR27,106000,,P,BTC-26MAR27-106000-P
0.042,0.048,45.4,0.04491624,1780645721659,1.2,87.85,62686.13,BTC-5JUN26,62703.53,0.045,62886.12,5JUN26,65500,,P,BTC-5JUN26-65500-P
0.006,0.0065,0.0,0.00623832,1780645721659,0.0,66.72,62861.46,index_price,62861.46,0.00625,62886.12,7JUN26,60500,,P,BTC-7JUN26-60500-P
0.086,0.1645,11.3,0.12350991,1780645721659,0.0,88.84,62861.46,index_price,62861.46,0.12525,62886.12,6JUN26,70500,,P,BTC-6JUN26-70500-P
0.0009,0.0011,52.3,0.00103742,1780645721659,0.0,45.99,63222.49,BTC-28AUG26,62861.46,0.001,62886.12,28AUG26,105000,,C,BTC-28AUG26-105000-C
,,0.0,3.73015831,1780645721659,0.0,64.66,63424.11,BTC-25SEP26,62861.46,,62886.12,25SEP26,300000,,P,BTC-25SEP26-300000-P
0.2235,0.296,0.0,0.25684257,1780645721659,0.0,53.5,63222.49,BTC-28AUG26,62861.46,0.25975,62886.12,28AUG26,48000,,C,BTC-28AUG26-48000-C
,0.0001,31.6,0.00010456,1780645721659,2.3,72.6,62861.46,index_price,62861.46,,62886.12,7JUN26,72000,,C,BTC-7JUN26-72000-C
0.0315,0.034,11.9,0.03253599,1780645721659,11.9,56.45,62861.46,index_price,62861.46,0.03275,62886.12,8JUN26,61500,,C,BTC-8JUN26-61500-C
0.0255,0.0265,51.2,0.0261072,1780645721659,58.0,50.86,62863.22,BTC-19JUN26,62861.46,0.026,62886.12,19JUN26,61000,,P,BTC-19JUN26-61000-P
0.003,0.0735,3.1,0.03398474,1780645721659,2.8,79.0,62861.46,index_price,62861.46,0.03825,62886.12,6JUN26,61000,,C,BTC-6JUN26-61000-C
,,0.0,2.28211389,1780645721659,0.0,55.67,63993.26,BTC-25DEC26,62861.46,,62886.12,25DEC26,210000,,P,BTC-25DEC26-210000-P
0.006,0.007,646.9,0.00658828,1780645721659,3.6,67.63,63423.83,BTC-25SEP26,62861.46,0.0065,62886.12,25SEP26,35000,,P,BTC-25SEP26-35000-P
0.1015,0.1645,0.0,0.13939993,1780645721659,0.0,92.26,62861.46,index_price,62861.46,0.133,62886.12,6JUN26,71500,,P,BTC-6JUN26-71500-P
0.0645,0.0675,174.7,0.06633946,1780645721659,6.6,44.95,62863.22,BTC-19JUN26,62861.46,0.066,62886.12,19JUN26,66000,,P,BTC-19JUN26-66000-P
0.099,0.1005,214.6,0.099884,1780645721659,64.0,43.01,63424.11,BTC-25SEP26,62861.46,0.09975,62886.12,25SEP26,64000,,P,BTC-25SEP26-64000-P
0.0001,0.0003,21.7,0.00019445,1780645721659,21.8,52.79,62861.46,index_price,62861.46,0.0002,62886.12,7JUN26,68500,,C,BTC-7JUN26-68500-C
,,12.5,1.12914225,1780645721659,0.0,52.04,63423.83,BTC-25SEP26,62861.46,,62886.12,25SEP26,135000,,P,BTC-25SEP26-135000-P
0.039,0.04,285.4,0.03931915,1780645721659,13.0,46.93,63222.49,BTC-28AUG26,62861.46,0.0395,62886.12,28AUG26,56000,,P,BTC-28AUG26-56000-P
0.0505,0.0515,5913.6,0.05093673,1780645721659,94.9,42.9,63993.54,BTC-25DEC26,62861.46,0.051,62886.12,25DEC26,80000,,C,BTC-25DEC26-80000-C
0.6415,0.6595,107.9,0.65131319,1780645721659,0.0,42.74,63993.54,BTC-25DEC26,62861.46,0.6505,62886.12,25DEC26,105000,,P,BTC-25DEC26-105000-P
,,0.0,2.12596045,1780645721659,0.0,54.89,63993.26,BTC-25DEC26,62861.46,,62886.12,25DEC26,200000,,P,BTC-25DEC26-200000-P
0.0002,0.0005,137.9,0.00032685,1780645721659,0.0,56.99,63060.92,BTC-31JUL26,62861.46,0.00035,62886.12,31JUL26,115000,,C,BTC-31JUL26-115000-C
0.031,0.1045,0.0,0.06591219,1780645721659,0.0,68.76,62861.46,index_price,62861.46,0.06775,62886.12,8JUN26,59000,,C,BTC-8JUN26-59000-C
0.05,0.056,340.0,0.0528927,1780645721659,241.0,87.85,62686.13,BTC-5JUN26,62703.53,0.053,62886.12,5JUN26,66000,,P,BTC-5JUN26-66000-P
0.0875,0.0925,243.7,0.09066899,1780645721659,2.6,44.19,62863.22,BTC-19JUN26,62861.46,0.09,62886.12,19JUN26,68000,,P,BTC-19JUN26-68000-P
0.196,0.2,5.0,0.19863007,1780645721659,0.0,46.87,64591.05,BTC-26MAR27,62861.46,0.198,62886.12,26MAR27,60000,,C,BTC-26MAR27-60000-C
,,0.0,1.65756512,1780645721659,0.0,50.98,63993.54,BTC-25DEC26,62861.46,,62886.12,25DEC26,170000,,P,BTC-25DEC26-170000-P
0.0835,0.085,2.2,0.08387774,1780645721659,2.4,43.06,63222.49,BTC-28AUG26,62861.46,0.08425,62886.12,28AUG26,63000,,C,BTC-28AUG26-63000-C
0.009,0.0095,1021.2,0.00927717,1780645721659,247.0,66.26,62841.05,BTC-12JUN26,62861.46,0.00925,62886.12,12JUN26,58000,,P,BTC-12JUN26-58000-P
,0.0001,655.1,0.0,1780645721659,0.0,102.82,62686.13,BTC-5JUN26,62703.53,,62886.12,5JUN26,85000,,C,BTC-5JUN26-85000-C
0.1745,0.1805,408.6,0.17788894,1780645721659,5.8,54.29,62842.01,BTC-12JUN26,62861.46,0.1775,62886.12,12JUN26,74000,,P,BTC-12JUN26-74000-P
0.0825,0.084,1082.6,0.08315652,1780645721659,11.5,43.48,63993.54,BTC-25DEC26,62861.46,0.08325,62886.12,25DEC26,72000,,C,BTC-25DEC26-72000-C
0.022,0.0225,3071.3,0.02264327,1780645721659,210.7,39.71,63424.11,BTC-25SEP26,62861.46,0.02225,62886.12,25SEP26,78000,,C,BTC-25SEP26-78000-C
,0.0001,75.7,0.0,1780645721659,57.0,87.85,62686.13,BTC-5JUN26,62703.53,,62886.12,5JUN26,67500,,C,BTC-5JUN26-67500-C
0.087,0.093,33.4,0.09168991,1780645721659,0.8,72.82,62861.46,index_price,62861.46,0.09,62886.12,6JUN26,68500,,P,BTC-6JUN26-68500-P
0.206,0.212,298.3,0.20962886,1780645721659,0.0,60.0,62841.05,BTC-12JUN26,62861.46,0.209,62886.12,12JUN26,76000,,P,BTC-12JUN26-76000-P
0.022,0.023,3588.6,0.02246967,1780645721659,117.7,56.99,63993.54,BTC-25DEC26,62861.46,0.0225,62886.12,25DEC26,40000,,P,BTC-25DEC26-40000-P
0.0003,0.0004,1220.8,0.00036029,1780645721659,82.9,56.64,62841.05,BTC-12JUN26,62861.46,0.00035,62886.12,12JUN26,75000,,C,BTC-12JUN26-75000-C
0.0026,0.003,1000.2,0.00280843,1780645721659,2.1,46.57,63993.54,BTC-25DEC26,62861.46,0.0028,62886.12,25DEC26,135000,,C,BTC-25DEC26-135000-C
0.004,0.0045,1271.1,0.00428745,1780645721659,11.4,40.3,63060.92,BTC-31JUL26,62861.46,0.00425,62886.12,31JUL26,81000,,C,BTC-31JUL26-81000-C
0.1045,0.106,93.0,0.10563869,1780645721659,83.2,41.89,63222.49,BTC-28AUG26,62861.46,0.10525,62886.12,28AUG26,66000,,P,BTC-28AUG26-66000-P
,0.0001,957.1,9.27e-06,1780645721659,0.0,86.97,62895.49,BTC-26JUN26,62861.46,,62886.12,26JUN26,135000,,C,BTC-26JUN26-135000-C
0.0075,0.0085,873.4,0.00838431,1780645721659,8.9,40.11,63060.64,BTC-31JUL26,62861.46,0.008,62886.12,31JUL26,77000,,C,BTC-31JUL26-77000-C
0.0125,0.0135,7.2,0.01301394,1780645721659,10.5,49.02,62861.46,index_price,62861.46,0.013,62886.12,8JUN26,63500,,C,BTC-8JUN26-63500-C
0.034,0.04,615.2,0.03693978,1780645721659,570.6,87.77,62686.13,BTC-5JUN26,62703.53,0.037,62886.12,5JUN26,65000,,P,BTC-5JUN26-65000-P
0.0003,0.0004,591.8,0.00034879,1780645721659,37.8,60.0,62841.05,BTC-12JUN26,62861.46,0.00035,62886.12,12JUN26,76000,,C,BTC-12JUN26-76000-C
0.4195,0.859,0.0,0.63624051,1780645721659,0.0,42.62,63993.54,BTC-25DEC26,62861.46,0.63925,62886.12,25DEC26,104000,,P,BTC-25DEC26-104000-P
0.1475,0.217,0.0,0.18037465,1780645721659,0.0,63.86,62895.49,BTC-26JUN26,62861.46,0.18225,62886.12,26JUN26,52000,,C,BTC-26JUN26-52000-C
0.2055,0.2125,250.3,0.20982554,1780645721659,0.2,47.68,62863.22,BTC-19JUN26,62861.46,0.209,62886.12,19JUN26,76000,,P,BTC-19JUN26-76000-P
0.001,0.0013,57.0,0.00117291,1780645721659,53.3,111.48,62861.46,index_price,62861.46,0.00115,62886.12,6JUN26,57000,,P,BTC-6JUN26-57000-P
0.094,0.1615,0.0,0.12554052,1780645721659,0.0,99.89,62861.46,index_price,62861.46,0.12775,62886.12,7JUN26,55000,,C,BTC-7JUN26-55000-C
0.3565,0.3695,546.1,0.36513085,1780645721659,7.0,42.56,63993.54,BTC-25DEC26,62861.46,0.363,62886.12,25DEC26,85000,,P,BTC-25DEC26-85000-P
0.0001,0.0002,920.0,0.0001465,1780645721659,125.7,72.64,62841.05,BTC-12JUN26,62861.46,0.00015,62886.12,12JUN26,82000,,C,BTC-12JUN26-82000-C
0.344,0.3565,47.0,0.3515513,1780645721659,0.0,42.43,63993.54,BTC-25DEC26,62861.46,0.35025,62886.12,25DEC26,84000,,P,BTC-25DEC26-84000-P
0.0022,0.0026,990.2,0.00245742,1780645721659,0.0,41.52,63060.92,BTC-31JUL26,62861.46,0.0024,62886.12,31JUL26,85000,,C,BTC-31JUL26-85000-C
,0.0001,696.8,0.0,1780645721659,0.0,102.82,62686.13,BTC-5JUN26,62703.53,,62886.12,5JUN26,88000,,C,BTC-5JUN26-88000-C
0.331,0.3405,33.9,0.33665691,1780645721659,0.0,39.86,63424.11,BTC-25SEP26,62861.46,0.33575,62886.12,25SEP26,84000,,P,BTC-25SEP26-84000-P
,,0.0,1.78953151,1780645721659,0.0,49.73,64591.05,BTC-26MAR27,62861.46,,62886.12,26MAR27,180000,,P,BTC-26MAR27-180000-P
,,0.0,4.40588068,1780645721659,0.0,102.06,62895.49,BTC-26JUN26,62861.46,,62886.12,26JUN26,340000,,P,BTC-26JUN26-340000-P
,,0.5,1.62344222,1780645721659,0.0,86.97,62895.49,BTC-26JUN26,62861.46,,62886.12,26JUN26,165000,,P,BTC-26JUN26-165000-P
0.019,0.02,375.8,0.01987346,1780645721659,106.3,50.45,62842.01,BTC-12JUN26,62861.46,0.0195,62886.12,12JUN26,64000,,C,BTC-12JUN26-64000-C
,,0.1,0.61808026,1780645721659,0.0,49.96,63060.64,BTC-31JUL26,62861.46,,62886.12,31JUL26,102000,,P,BTC-31JUL26-102000-P
0.0615,0.133,0.0,0.09548452,1780645721659,0.0,78.72,62861.46,index_price,62861.46,0.09725,62886.12,8JUN26,57000,,C,BTC-8JUN26-57000-C
,,0.4,0.46010174,1780645721659,0.0,44.73,63060.92,BTC-31JUL26,62861.46,,62886.12,31JUL26,92000,,P,BTC-31JUL26-92000-P
0.055,0.0565,13.6,0.05570464,1780645721659,4.2,50.86,62863.5,BTC-19JUN26,62861.46,0.05575,62886.12,19JUN26,61000,,C,BTC-19JUN26-61000-C
0.0065,0.077,4.8,0.03819577,1780645721659,0.2,49.48,62861.46,index_price,62861.46,0.04175,62886.12,7JUN26,65000,,P,BTC-7JUN26-65000-P
0.0315,0.0325,195.7,0.03180286,1780645721659,52.0,49.31,62863.22,BTC-19JUN26,62861.46,0.032,62886.12,19JUN26,62000,,P,BTC-19JUN26-62000-P
0.0003,0.001,760.6,0.00037329,1780645721659,0.4,55.75,63423.83,BTC-25SEP26,62861.46,0.00065,62886.12,25SEP26,150000,,C,BTC-25SEP26-150000-C
0.007,0.008,23.7,0.00755827,1780645721659,27.3,50.59,62861.46,index_price,62861.46,0.0075,62886.12,7JUN26,64000,,C,BTC-7JUN26-64000-C
,0.0001,828.8,0.0,1780645721659,0.0,102.82,62686.13,BTC-5JUN26,62703.53,,62886.12,5JUN26,84000,,C,BTC-5JUN26-84000-C
0.0085,0.0095,225.0,0.00912542,1780645721659,135.1,47.93,62841.05,BTC-12JUN26,62861.46,0.009,62886.12,12JUN26,66000,,C,BTC-12JUN26-66000-C
0.9805,0.9935,75.4,0.98749453,1780645721660,0.0,86.97,62895.49,BTC-26JUN26,62861.46,0.987,62886.12,26JUN26,125000,,P,BTC-26JUN26-125000-P
0.0145,0.0155,189.5,0.01588311,1780645721660,201.8,65.94,62861.46,index_price,62861.46,0.015,62886.12,6JUN26,63000,,P,BTC-6JUN26-63000-P
,,0.0,1.60179762,1780645721660,0.0,57.95,63424.11,BTC-25SEP26,62861.46,,62886.12,25SEP26,165000,,P,BTC-25SEP26-165000-P
0.124,0.126,246.8,0.12528883,1780645721660,13.9,44.72,63424.11,BTC-25SEP26,62861.46,0.125,62886.12,25SEP26,60000,,C,BTC-25SEP26-60000-C
0.7285,0.7425,116.4,0.73608966,1780645721660,0.0,45.56,63424.11,BTC-25SEP26,62861.46,0.7355,62886.12,25SEP26,110000,,P,BTC-25SEP26-110000-P
0.0016,0.0019,252.9,0.00174775,1780645721660,15.1,44.98,62863.22,BTC-19JUN26,62861.46,0.00175,62886.12,19JUN26,73000,,C,BTC-19JUN26-73000-C
0.0007,0.0009,183.7,0.0007994,1780645721660,3.4,47.68,62863.22,BTC-19JUN26,62861.46,0.0008,62886.12,19JUN26,76000,,C,BTC-19JUN26-76000-C
0.0001,0.0002,32.1,0.00014481,1780645721660,20.5,66.83,62863.22,BTC-19JUN26,62861.46,0.00015,62886.12,19JUN26,90000,,C,BTC-19JUN26-90000-C
5.0215,5.0595,0.2,5.04186664,1780645721660,0.0,102.47,62895.49,BTC-26JUN26,62861.46,5.0405,62886.12,26JUN26,380000,,P,BTC-26JUN26-380000-P
0.061,0.0625,48.4,0.06167072,1780645721660,43.7,41.89,63222.49,BTC-28AUG26,62861.46,0.06175,62886.12,28AUG26,66000,,C,BTC-28AUG26-66000-C
0.0029,0.0035,1503.1,0.00320678,1780645721660,0.0,45.54,63993.54,BTC-25DEC26,62861.46,0.0032,62886.12,25DEC26,130000,,C,BTC-25DEC26-130000-C
,0.0001,247.6,6.45e-06,1780645721660,0.0,61.2,63424.11,BTC-25SEP26,62861.46,,62886.12,25SEP26,240000,,C,BTC-25SEP26-240000-C
0.3305,0.3385,31.5,0.3348567,1780645721660,0.0,41.13,63060.64,BTC-31JUL26,62861.46,0.3345,62886.12,31JUL26,84000,,P,BTC-31JUL26-84000-P
0.044,0.046,72.2,0.04529664,1780645721660,1.0,43.34,64591.05,BTC-26MAR27,62861.46,0.045,62886.12,26MAR27,92000,,C,BTC-26MAR27-92000-C
,0.0001,3.2,2.4e-07,1780645721660,0.0,94.75,62861.46,index_price,62861.46,,62886.12,6JUN26,77000,,C,BTC-6JUN26-77000-C
,0.0001,451.3,0.0,1780645721660,0.1,102.76,62686.13,BTC-5JUN26,62703.53,,62886.12,5JUN26,79000,,C,BTC-5JUN26-79000-C
,,0.0,0.64972649,1780645721660,0.0,50.9,63060.64,BTC-31JUL26,62861.46,,62886.12,31JUL26,104000,,P,BTC-31JUL26-104000-P
0.115,0.1205,97.8,0.11825924,1780645721660,0.1,44.17,62863.22,BTC-19JUN26,62861.46,0.11775,62886.12,19JUN26,70000,,P,BTC-19JUN26-70000-P
,,1.4,0.52407488,1780645721660,0.0,43.38,64591.05,BTC-26MAR27,62861.46,,62886.12,26MAR27,96000,,P,BTC-26MAR27-96000-P
0.0875,0.089,196.6,0.08828243,1780645721660,19.5,42.64,63222.49,BTC-28AUG26,62861.46,0.08825,62886.12,28AUG26,64000,,P,BTC-28AUG26-64000-P
0.806,0.821,91.7,0.81451218,1780645721660,0.0,46.79,63424.11,BTC-25SEP26,62861.46,0.8135,62886.12,25SEP26,115000,,P,BTC-25SEP26-115000-P
0.0001,,23.2,0.092775,1780645721660,0.0,87.86,62686.13,BTC-5JUN26,62703.53,,62886.12,5JUN26,68500,,P,BTC-5JUN26-68500-P
0.0235,0.0245,621.5,0.02383072,1780645721660,232.2,54.82,62841.05,BTC-12JUN26,62861.46,0.024,62886.12,12JUN26,62000,,P,BTC-12JUN26-62000-P
0.032,0.0365,4.4,0.03359308,1780645721660,6.2,46.63,62861.46,index_price,62861.46,0.03425,62886.12,8JUN26,64500,,P,BTC-8JUN26-64500-P
0.072,0.074,448.0,0.07344609,1780645721660,14.7,50.18,62895.49,BTC-26JUN26,62861.46,0.073,62886.12,26JUN26,60000,,C,BTC-26JUN26-60000-C
0.031,0.032,1747.9,0.03125931,1780645721660,123.3,40.07,63424.11,BTC-25SEP26,62861.46,0.0315,62886.12,25SEP26,75000,,C,BTC-25SEP26-75000-C
,,0.1,0.66553396,1780645721660,0.0,51.12,63060.92,BTC-31JUL26,62861.46,,62886.12,31JUL26,105000,,P,BTC-31JUL26-105000-P
0.176,0.469,0.0,0.32042198,1780645721660,0.0,39.8,63222.49,BTC-28AUG26,62861.46,0.3225,62886.12,28AUG26,83000,,P,BTC-28AUG26-83000-P
,0.0001,554.4,0.0,1780645721660,0.0,86.97,62895.49,BTC-26JUN26,62861.46,,62886.12,26JUN26,190000,,C,BTC-26JUN26-190000-C
0.1645,0.168,276.1,0.16645441,1780645721660,0.0,45.77,64591.05,BTC-26MAR27,62861.46,0.16625,62886.12,26MAR27,65000,,P,BTC-26MAR27-65000-P
0.0455,0.047,182.8,0.04637086,1780645721660,75.3,42.03,63060.92,BTC-31JUL26,62861.46,0.04625,62886.12,31JUL26,66000,,C,BTC-31JUL26-66000-C
0.1225,0.204,0.1,0.16325879,1780645721660,0.0,92.26,62861.46,index_price,62861.46,0.16325,62886.12,6JUN26,73000,,P,BTC-6JUN26-73000-P
0.0003,0.0008,149.7,0.00045471,1780645721660,0.7,55.67,63993.54,BTC-25DEC26,62861.46,0.00055,62886.12,25DEC26,210000,,C,BTC-25DEC26-210000-C
0.0225,0.024,225.8,0.02374091,1780645721660,3.1,42.56,63993.54,BTC-25DEC26,62861.46,0.02325,62886.12,25DEC26,92000,,C,BTC-25DEC26-92000-C
,,0.0,2.78413217,1780645721660,0.0,61.2,63424.11,BTC-25SEP26,62861.46,,62886.12,25SEP26,240000,,P,BTC-25SEP26-240000-P
,0.0001,2790.9,7.725e-05,1780645721660,55.0,86.93,62895.49,BTC-26JUN26,62861.46,,62886.12,26JUN26,120000,,C,BTC-26JUN26-120000-C
0.0485,0.0505,305.0,0.04974269,1780645721660,0.0,43.37,64591.05,BTC-26MAR27,62861.46,0.0495,62886.12,26MAR27,90000,,C,BTC-26MAR27-90000-C
0.0001,0.0003,10.0,0.00019778,1780645721660,10.0,52.34,62861.46,index_price,62861.46,0.0002,62886.12,8JUN26,70000,,C,BTC-8JUN26-70000-C
0.209,0.2145,303.0,0.2124219,1780645721660,129.6,102.38,62686.13,BTC-5JUN26,62703.53,0.21175,62886.12,5JUN26,76000,,P,BTC-5JUN26-76000-P
0.0335,0.035,120.6,0.03462173,1780645721660,0.4,42.56,63993.54,BTC-25DEC26,62861.46,0.03425,62886.12,25DEC26,86000,,C,BTC-25DEC26-86000-C
0.4955,0.509,153.5,0.50204206,1780645721660,0.0,40.99,63424.11,BTC-25SEP26,62861.46,0.50225,62886.12,25SEP26,95000,,P,BTC-25SEP26-95000-P
0.061,0.1315,0.2,0.0945959,1780645721660,0.4,88.33,62861.46,index_price,62861.46,0.09625,62886.12,7JUN26,57000,,C,BTC-7JUN26-57000-C
0.013,0.014,1265.2,0.01368936,1780645721660,282.2,54.96,63060.92,BTC-31JUL26,62861.46,0.0135,62886.12,31JUL26,50000,,P,BTC-31JUL26-50000-P
,,0.0,1.4813068,1780645721660,0.0,47.81,64590.77,BTC-26MAR27,62861.46,,62886.12,26MAR27,160000,,P,BTC-26MAR27-160000-P
0.073,0.0745,28.7,0.07354597,1780645721660,1.5,43.24,63993.26,BTC-25DEC26,62861.46,0.07375,62886.12,25DEC26,74000,,C,BTC-25DEC26-74000-C
0.0022,0.0025,306.8,0.00237857,1780645721660,13.4,44.43,62863.22,BTC-19JUN26,62861.46,0.00235,62886.12,19JUN26,72000,,C,BTC-19JUN26-72000-C
0.0011,0.0014,2043.7,0.0012609,1780645721660,657.4,91.6,62895.49,BTC-26JUN26,62861.46,0.00125,62886.12,26JUN26,40000,,P,BTC-26JUN26-40000-P
0.1695,0.1765,98.3,0.17361786,1780645721660,2.2,40.11,63060.92,BTC-31JUL26,62861.46,0.173,62886.12,31JUL26,73000,,P,BTC-31JUL26-73000-P
0.0585,0.06,608.3,0.05946421,1780645721660,20.7,45.64,63424.11,BTC-25SEP26,62861.46,0.05925,62886.12,25SEP26,58000,,P,BTC-25SEP26-58000-P
0.1535,0.24,2.2,0.19412113,1780645721660,0.2,46.57,62863.22,BTC-19JUN26,62861.46,0.19675,62886.12,19JUN26,75000,,P,BTC-19JUN26-75000-P
,0.0001,140.9,6.9e-07,1780645721660,287.4,87.69,62686.13,BTC-5JUN26,62703.53,,62886.12,5JUN26,63500,,C,BTC-5JUN26-63500-C
0.007,0.008,0.0,0.00741862,1780645721660,0.0,69.46,62841.05,BTC-12JUN26,62861.46,0.0075,62886.12,12JUN26,57000,,P,BTC-12JUN26-57000-P
0.222,0.225,10.7,0.22361621,1780645721660,0.9,48.13,63993.26,BTC-25DEC26,62861.46,0.2235,62886.12,25DEC26,54000,,C,BTC-25DEC26-54000-C
,,0.0,3.76989471,1780645721660,0.0,95.76,62895.49,BTC-26JUN26,62861.46,,62886.12,26JUN26,300000,,P,BTC-26JUN26-300000-P
0.0004,0.0008,938.4,0.00057075,1780645721660,1.0,54.89,63993.26,BTC-25DEC26,62861.46,0.0006,62886.12,25DEC26,200000,,C,BTC-25DEC26-200000-C
0.0005,0.0006,531.9,0.00057174,1780645721660,40.9,52.59,62842.01,BTC-12JUN26,62861.46,0.00055,62886.12,12JUN26,73000,,C,BTC-12JUN26-73000-C
,0.0001,145.5,0.0,1780645721660,16.9,87.86,62686.13,BTC-5JUN26,62703.53,,62886.12,5JUN26,69000,,C,BTC-5JUN26-69000-C
0.3635,0.372,29.9,0.36786793,1780645721660,0.0,55.6,62895.21,BTC-26JUN26,62861.46,0.36775,62886.12,26JUN26,86000,,P,BTC-26JUN26-86000-P
0.1455,0.152,287.7,0.14861022,1780645721660,353.8,88.57,62686.13,BTC-5JUN26,62703.53,0.14875,62886.12,5JUN26,72000,,P,BTC-5JUN26-72000-P
0.0855,0.088,10.3,0.08658867,1780645721660,11.6,44.97,63060.92,BTC-31JUL26,62861.46,0.08675,62886.12,31JUL26,61000,,C,BTC-31JUL26-61000-C
,0.0001,248.8,1.04e-06,1780645721660,0.0,66.78,63424.11,BTC-25SEP26,62861.46,,62886.12,25SEP26,320000,,C,BTC-25SEP26-320000-C
,0.0001,167.8,0.0,1780645721660,258.0,87.7,62686.13,BTC-5JUN26,62703.53,,62886.12,5JUN26,64500,,C,BTC-5JUN26-64500-C
0.328,0.3325,48.3,0.3301999,1780645721660,0.0,52.98,63993.54,BTC-25DEC26,62861.46,0.33025,62886.12,25DEC26,45000,,C,BTC-25DEC26-45000-C
,0.0001,174.2,0.0,1780645721660,0.0,102.24,62895.21,BTC-26JUN26,62861.46,,62886.12,26JUN26,360000,,C,BTC-26JUN26-360000-C
0.046,0.1185,0.0,0.08043444,1780645721660,0.0,73.31,62861.46,index_price,62861.46,0.08225,62886.12,8JUN26,58000,,C,BTC-8JUN26-58000-C
,0.0001,139.3,4.56e-06,1780645721660,0.1,92.27,62861.46,index_price,62861.46,,62886.12,6JUN26,74000,,C,BTC-6JUN26-74000-C
0.0031,0.0036,41.6,0.00356114,1780645721660,39.1,49.48,62861.46,index_price,62861.46,0.00335,62886.12,7JUN26,65000,,C,BTC-7JUN26-65000-C
0.0026,0.003,1704.0,0.00282982,1780645721660,801.9,43.27,62895.49,BTC-26JUN26,62861.46,0.0028,62886.12,26JUN26,74000,,C,BTC-26JUN26-74000-C
,0.0001,89.5,0.0,1780645721660,46.5,87.86,62686.13,BTC-5JUN26,62703.53,,62886.12,5JUN26,68500,,C,BTC-5JUN26-68500-C
,0.0001,212.9,0.0,1780645721660,0.0,102.82,62686.13,BTC-5JUN26,62703.53,,62886.12,5JUN26,83000,,C,BTC-5JUN26-83000-C
0.167,0.17,274.4,0.16846808,1780645721660,0.0,44.16,63993.54,BTC-25DEC26,62861.46,0.1685,62886.12,25DEC26,68000,,P,BTC-25DEC26-68000-P
0.0018,0.0021,266.2,0.00195742,1780645721660,1.1,42.43,63060.64,BTC-31JUL26,62861.46,0.00195,62886.12,31JUL26,87000,,C,BTC-31JUL26-87000-C
0.5535,1.0595,0.6,0.80299943,1780645721660,0.0,43.32,63993.54,BTC-25DEC26,62861.46,0.8065,62886.12,25DEC26,115000,,P,BTC-25DEC26-115000-P
0.4775,,0.2,0.55172729,1780645721660,0.0,43.39,64591.05,BTC-26MAR27,62861.46,,62886.12,26MAR27,98000,,P,BTC-26MAR27-98000-P
,,0.1,0.58319712,1780645721660,0.0,44.13,63222.49,BTC-28AUG26,62861.46,,62886.12,28AUG26,100000,,P,BTC-28AUG26-100000-P
0.0008,0.0011,815.8,0.00097735,1780645721660,0.0,45.7,63060.92,BTC-31JUL26,62861.46,0.00095,62886.12,31JUL26,94000,,C,BTC-31JUL26-94000-C
0.0115,0.0125,689.7,0.0122129,1780645721660,2.5,39.86,63423.83,BTC-25SEP26,62861.46,0.012,62886.12,25SEP26,84000,,C,BTC-25SEP26-84000-C
0.0185,0.0195,34.3,0.01913246,1780645721660,37.8,55.66,62861.46,index_price,62861.46,0.019,62886.12,7JUN26,62500,,C,BTC-7JUN26-62500-C
0.014,0.0155,751.5,0.01474224,1780645721660,220.7,60.17,62841.05,BTC-12JUN26,62861.46,0.01475,62886.12,12JUN26,60000,,P,BTC-12JUN26-60000-P
0.053,0.054,40.2,0.0539252,1780645721660,8.3,44.97,63060.92,BTC-31JUL26,62861.46,0.0535,62886.12,31JUL26,61000,,P,BTC-31JUL26-61000-P
0.3955,0.823,0.0,0.60646344,1780645721660,0.0,42.58,63993.54,BTC-25DEC26,62861.46,0.60925,62886.12,25DEC26,102000,,P,BTC-25DEC26-102000-P
0.0032,0.0037,68.6,0.00347751,1780645721660,55.8,60.59,62861.46,index_price,62861.46,0.00345,62886.12,6JUN26,64500,,C,BTC-6JUN26-64500-C
0.0001,0.0005,131.1,0.00021119,1780645721660,0.1,57.95,63424.11,BTC-25SEP26,62861.46,0.0003,62886.12,25SEP26,165000,,C,BTC-25SEP26-165000-C
0.101,0.1065,44.3,0.10416484,1780645721660,0.2,44.15,62863.22,BTC-19JUN26,62861.46,0.10375,62886.12,19JUN26,69000,,P,BTC-19JUN26-69000-P
,,0.0,0.55183224,1780645721660,0.0,43.6,63222.49,BTC-28AUG26,62861.46,,62886.12,28AUG26,98000,,P,BTC-28AUG26-98000-P
0.008,0.009,93.8,0.00846961,1780645721660,116.7,64.43,62861.46,index_price,62861.46,0.0085,62886.12,6JUN26,63500,,C,BTC-6JUN26-63500-C
0.1075,0.109,671.7,0.10812912,1780645721660,38.4,42.64,63424.11,BTC-25SEP26,62861.46,0.10825,62886.12,25SEP26,65000,,P,BTC-25SEP26-65000-P
0.016,0.0215,160.1,0.01889544,1780645721660,158.0,86.45,62686.13,BTC-5JUN26,62703.53,0.01875,62886.12,5JUN26,61500,,C,BTC-5JUN26-61500-C
0.1155,0.1195,1.8,0.11785604,1780645721660,2.4,47.16,63060.92,BTC-31JUL26,62861.46,0.1175,62886.12,31JUL26,58000,,C,BTC-31JUL26-58000-C
,,0.1,1.63529201,1780645721660,0.0,48.74,64591.05,BTC-26MAR27,62861.46,,62886.12,26MAR27,170000,,P,BTC-26MAR27-170000-P
0.0765,0.078,8.5,0.07736771,1780645721660,6.6,44.35,63060.64,BTC-31JUL26,62861.46,0.07725,62886.12,31JUL26,62000,,C,BTC-31JUL26-62000-C
,,0.6,1.52298999,1780645721660,0.0,56.95,63424.11,BTC-25SEP26,62861.46,,62886.12,25SEP26,160000,,P,BTC-25SEP26-160000-P
0.275,0.2855,692.0,0.27963563,1780645721660,1.9,39.59,63424.11,BTC-25SEP26,62861.46,0.28025,62886.12,25SEP26,80000,,P,BTC-25SEP26-80000-P
0.011,0.012,519.0,0.01159675,1780645721660,437.5,62.99,62841.05,BTC-12JUN26,62861.46,0.0115,62886.12,12JUN26,59000,,P,BTC-12JUN26-59000-P
0.011,0.012,52.0,0.01138107,1780645721660,97.1,56.45,62861.46,index_price,62861.46,0.0115,62886.12,8JUN26,61500,,P,BTC-8JUN26-61500-P
0.017,0.018,132.3,0.01749102,1780645721660,133.3,54.31,62863.22,BTC-19JUN26,62861.46,0.0175,62886.12,19JUN26,59000,,P,BTC-19JUN26-59000-P
0.016,0.087,3.6,0.05006473,1780645721660,3.6,69.41,62861.46,index_price,62861.46,0.0515,62886.12,7JUN26,60000,,C,BTC-7JUN26-60000-C
0.0006,0.0008,4416.8,0.00071046,1780645721660,9.0,50.65,62895.49,BTC-26JUN26,62861.46,0.0007,62886.12,26JUN26,82000,,C,BTC-26JUN26-82000-C
,0.0001,11.6,0.00010348,1780645721660,11.6,78.94,62861.46,index_price,62861.46,,62886.12,7JUN26,73000,,C,BTC-7JUN26-73000-C
,0.0002,748.9,0.00012371,1780645721660,0.4,59.82,63424.11,BTC-25SEP26,62861.46,,62886.12,25SEP26,180000,,C,BTC-25SEP26-180000-C
,,14.0,0.44315781,1780645721660,0.0,43.37,64590.77,BTC-26MAR27,62861.46,,62886.12,26MAR27,90000,,P,BTC-26MAR27-90000-P
0.0049,0.0055,116.0,0.00511208,1780645721660,98.5,69.41,62861.46,index_price,62861.46,0.0052,62886.12,7JUN26,60000,,P,BTC-7JUN26-60000-P
0.088,0.0905,0.0,0.08934008,1780645721660,0.0,48.57,64591.05,BTC-26MAR27,62861.46,0.08925,62886.12,26MAR27,54000,,P,BTC-26MAR27-54000-P
0.0024,0.0027,142.7,0.00254679,1780645721660,40.2,81.7,62861.46,index_price,62861.46,0.00255,62886.12,7JUN26,58000,,P,BTC-7JUN26-58000-P
0.4285,0.435,1666.2,0.43132411,1780645721660,42.6,60.0,62895.49,BTC-26JUN26,62861.46,0.43175,62886.12,26JUN26,90000,,P,BTC-26JUN26-90000-P
0.0031,0.0035,46.3,0.00334239,1780645721660,0.0,40.93,63222.49,BTC-28AUG26,62861.46,0.0033,62886.12,28AUG26,90000,,C,BTC-28AUG26-90000-C
0.0047,0.0055,5807.2,0.00511064,1780645721660,25.1,40.29,63060.64,BTC-31JUL26,62861.46,0.0051,62886.12,31JUL26,80000,,C,BTC-31JUL26-80000-C
,,0.2,2.49792279,1780645721660,0.0,86.99,62895.49,BTC-26JUN26,62861.46,,62886.12,26JUN26,220000,,P,BTC-26JUN26-220000-P
0.126,0.129,350.4,0.12757348,1780645721660,70.1,46.87,64591.05,BTC-26MAR27,62861.46,0.1275,62886.12,26MAR27,60000,,P,BTC-26MAR27-60000-P
0.0955,0.097,12.5,0.09646916,1780645721660,4.5,45.67,63060.92,BTC-31JUL26,62861.46,0.09625,62886.12,31JUL26,60000,,C,BTC-31JUL26-60000-C
,,0.2,0.51552738,1780645721660,0.1,102.82,62686.13,BTC-5JUN26,62703.53,,62886.12,5JUN26,95000,,P,BTC-5JUN26-95000-P
0.098,0.104,36.4,0.10075146,1780645721660,0.2,87.86,62686.13,BTC-5JUN26,62703.53,0.101,62886.12,5JUN26,69000,,P,BTC-5JUN26-69000-P
0.125,0.127,468.5,0.1258582,1780645721660,250.4,44.76,63993.54,BTC-25DEC26,62861.46,0.126,62886.12,25DEC26,65000,,C,BTC-25DEC26-65000-C
0.0275,0.0305,2.2,0.02755865,1780645721660,2.2,74.95,62861.46,index_price,62861.46,0.029,62886.12,6JUN26,61500,,C,BTC-6JUN26-61500-C
0.0005,0.0008,145.4,0.00064688,1780645721660,18.2,48.84,62863.22,BTC-19JUN26,62861.46,0.00065,62886.12,19JUN26,77000,,C,BTC-19JUN26-77000-C
0.0001,,20.7,0.15658668,1780645721660,1.3,89.65,62686.13,BTC-5JUN26,62703.53,,62886.12,5JUN26,72500,,P,BTC-5JUN26-72500-P
0.1055,0.1835,18.9,0.14120998,1780645721660,18.9,48.78,63060.92,BTC-31JUL26,62861.46,0.1445,62886.12,31JUL26,56000,,C,BTC-31JUL26-56000-C
0.0004,0.001,989.6,0.00068057,1780645721660,1.2,53.71,63993.54,BTC-25DEC26,62861.46,0.0007,62886.12,25DEC26,190000,,C,BTC-25DEC26-190000-C
0.6505,0.664,104.4,0.65767491,1780645721660,0.0,43.76,63423.83,BTC-25SEP26,62861.46,0.65725,62886.12,25SEP26,105000,,P,BTC-25SEP26-105000-P
0.047,0.048,416.4,0.04794772,1780645721660,59.5,45.67,63060.92,BTC-31JUL26,62861.46,0.0475,62886.12,31JUL26,60000,,P,BTC-31JUL26-60000-P
,0.0001,593.5,0.0,1780645721660,0.0,102.38,62686.13,BTC-5JUN26,62703.53,,62886.12,5JUN26,77000,,C,BTC-5JUN26-77000-C
0.0645,0.069,62.0,0.06790195,1780645721660,0.6,61.52,62861.46,index_price,62861.46,0.06675,62886.12,6JUN26,67000,,P,BTC-6JUN26-67000-P
,,0.0,2.59456756,1780645721660,0.0,58.18,63993.54,BTC-25DEC26,62861.46,,62886.12,25DEC26,230000,,P,BTC-25DEC26-230000-P
0.042,0.0435,1807.2,0.0428367,1780645721660,212.3,40.67,63424.11,BTC-25SEP26,62861.46,0.04275,62886.12,25SEP26,72000,,C,BTC-25SEP26-72000-C
,,21.9,1.05039932,1780645721660,0.0,50.64,63424.11,BTC-25SEP26,62861.46,,62886.12,25SEP26,130000,,P,BTC-25SEP26-130000-P
0.1545,0.158,1479.0,0.15608072,1780645721660,17.2,41.16,63423.83,BTC-25SEP26,62861.46,0.15625,62886.12,25SEP26,70000,,P,BTC-25SEP26-70000-P
0.273,0.2785,35.8,0.27623358,1780645721660,62.3,102.76,62686.13,BTC-5JUN26,62703.53,0.27575,62886.12,5JUN26,80000,,P,BTC-5JUN26-80000-P
0.0047,0.0055,1755.5,0.00528987,1780645721660,4.2,46.85,64591.05,BTC-26MAR27,62861.46,0.0051,62886.12,26MAR27,150000,,C,BTC-26MAR27-150000-C
0.0325,0.034,2170.0,0.03341258,1780645721660,15.2,52.98,63993.54,BTC-25DEC26,62861.46,0.03325,62886.12,25DEC26,45000,,P,BTC-25DEC26-45000-P
0.0635,0.1385,0.0,0.09852312,1780645721660,0.0,49.25,62861.46,index_price,62861.46,0.101,62886.12,8JUN26,69000,,P,BTC-8JUN26-69000-P
,0.0001,224.8,0.0,1780645721660,378.1,87.7,62686.13,BTC-5JUN26,62703.53,,62886.12,5JUN26,64000,,C,BTC-5JUN26-64000-C
,0.0001,2500.2,0.00010169,1780645721660,30.5,83.72,62895.49,BTC-26JUN26,62861.46,,62886.12,26JUN26,115000,,C,BTC-26JUN26-115000-C
,0.0002,197.0,0.00015058,1780645721660,60.1,78.63,62841.05,BTC-12JUN26,62861.46,,62886.12,12JUN26,84000,,C,BTC-12JUN26-84000-C
0.092,0.097,1865.0,0.09482671,1780645721661,21.3,42.67,62895.49,BTC-26JUN26,62861.46,0.0945,62886.12,26JUN26,68000,,P,BTC-26JUN26-68000-P
,,0.0,4.0878877,1780645721661,0.0,99.84,62895.49,BTC-26JUN26,62861.46,,62886.12,26JUN26,320000,,P,BTC-26JUN26-320000-P
,0.0002,278.2,1.269e-05,1780645721661,0.0,59.84,63423.83,BTC-25SEP26,62861.46,,62886.12,25SEP26,220000,,C,BTC-25SEP26-220000-C
0.023,0.025,19.1,0.02422057,1780645721661,0.0,43.61,64591.05,BTC-26MAR27,62861.46,0.024,62886.12,26MAR27,106000,,C,BTC-26MAR27-106000-C
0.0105,0.0115,212.4,0.01114247,1780645721661,1.4,39.72,63222.49,BTC-28AUG26,62861.46,0.011,62886.12,28AUG26,80000,,C,BTC-28AUG26-80000-C
0.0027,0.0031,3550.7,0.00288076,1780645721661,20.6,42.28,63424.11,BTC-25SEP26,62861.46,0.0029,62886.12,25SEP26,100000,,C,BTC-25SEP26-100000-C
0.033,0.035,38.7,0.03445305,1780645721661,0.1,43.39,64591.05,BTC-26MAR27,62861.46,0.034,62886.12,26MAR27,98000,,C,BTC-26MAR27-98000-C
0.027,0.028,202.3,0.02777592,1780645721661,210.5,52.45,62842.01,BTC-12JUN26,62861.46,0.0275,62886.12,12JUN26,63000,,C,BTC-12JUN26-63000-C
0.001,0.0013,286.2,0.00116795,1780645721661,1.0,44.73,63060.92,BTC-31JUL26,62861.46,0.00115,62886.12,31JUL26,92000,,C,BTC-31JUL26-92000-C
0.013,0.014,46.2,0.01358452,1780645721661,99.2,54.16,62861.46,index_price,62861.46,0.0135,62886.12,8JUN26,62000,,P,BTC-8JUN26-62000-P
0.0705,0.072,3644.0,0.07132026,1780645721661,145.7,44.72,63423.83,BTC-25SEP26,62861.46,0.07125,62886.12,25SEP26,60000,,P,BTC-25SEP26-60000-P
,0.0001,1156.2,0.0,1780645721661,0.0,102.82,62686.13,BTC-5JUN26,62703.53,,62886.12,5JUN26,82000,,C,BTC-5JUN26-82000-C
0.205,0.211,380.2,0.20829681,1780645721661,0.5,43.48,63993.26,BTC-25DEC26,62861.46,0.208,62886.12,25DEC26,72000,,P,BTC-25DEC26-72000-P
0.2315,0.236,1.0,0.23403793,1780645721661,0.0,47.95,64591.05,BTC-26MAR27,62861.46,0.23375,62886.12,26MAR27,56000,,C,BTC-26MAR27-56000-C
0.0004,0.0007,1052.0,0.00059993,1780645721661,31.7,53.28,62895.49,BTC-26JUN26,62861.46,0.00055,62886.12,26JUN26,84000,,C,BTC-26JUN26-84000-C
0.0835,0.088,652.3,0.08596139,1780645721661,3.3,47.9,62842.01,BTC-12JUN26,62861.46,0.08575,62886.12,12JUN26,68000,,P,BTC-12JUN26-68000-P
0.1765,0.1825,1455.0,0.17940385,1780645721661,0.0,43.27,62895.49,BTC-26JUN26,62861.46,0.1795,62886.12,26JUN26,74000,,P,BTC-26JUN26-74000-P
0.0725,0.0735,38.0,0.07306222,1780645721661,21.3,43.53,63222.49,BTC-28AUG26,62861.46,0.073,62886.12,28AUG26,62000,,P,BTC-28AUG26-62000-P
0.001,0.0012,6.4,0.00114804,1780645721661,7.0,45.94,62861.46,index_price,62861.46,0.0011,62886.12,8JUN26,67000,,C,BTC-8JUN26-67000-C
0.315,0.323,28.7,0.31939065,1780645721661,0.0,40.77,63060.92,BTC-31JUL26,62861.46,0.319,62886.12,31JUL26,83000,,P,BTC-31JUL26-83000-P
,,0.3,4.72387366,1780645721661,0.0,102.24,62895.49,BTC-26JUN26,62861.46,,62886.12,26JUN26,360000,,P,BTC-26JUN26-360000-P
0.034,0.039,51.3,0.03796922,1780645721661,5.6,60.56,62861.46,index_price,62861.46,0.0365,62886.12,6JUN26,65000,,P,BTC-6JUN26-65000-P
0.0044,0.0048,2513.6,0.0047656,1780645721661,639.3,42.67,62895.21,BTC-26JUN26,62861.46,0.0046,62886.12,26JUN26,72000,,C,BTC-26JUN26-72000-C
,0.0001,1222.2,2.6e-07,1780645721661,0.0,86.97,62895.21,BTC-26JUN26,62861.46,,62886.12,26JUN26,160000,,C,BTC-26JUN26-160000-C
0.2015,0.2045,39.7,0.20292798,1780645721661,0.0,47.32,63993.54,BTC-25DEC26,62861.46,0.203,62886.12,25DEC26,56000,,C,BTC-25DEC26-56000-C
0.0985,0.171,0.0,0.13308325,1780645721661,0.0,62.62,62863.22,BTC-19JUN26,62861.46,0.13475,62886.12,19JUN26,55000,,C,BTC-19JUN26-55000-C
0.035,0.036,195.4,0.03560803,1780645721661,152.1,45.43,62895.49,BTC-26JUN26,62861.46,0.0355,62886.12,26JUN26,64000,,C,BTC-26JUN26-64000-C
0.2555,0.526,1.7,0.39159631,1780645721661,0.0,43.49,64591.05,BTC-26MAR27,62861.46,0.39075,62886.12,26MAR27,86000,,P,BTC-26MAR27-86000-P
0.072,0.077,0.0,0.07473065,1780645721661,0.0,166.98,62686.13,BTC-5JUN26,62703.53,0.0745,62886.12,5JUN26,58000,,C,BTC-5JUN26-58000-C
0.032,0.0335,944.4,0.03291037,1780645721661,44.3,54.62,64591.05,BTC-26MAR27,62861.46,0.03275,62886.12,26MAR27,40000,,P,BTC-26MAR27-40000-P
,0.0001,813.7,0.0,1780645721661,0.0,89.19,62895.49,BTC-26JUN26,62861.46,,62886.12,26JUN26,230000,,C,BTC-26JUN26-230000-C
0.013,0.0145,294.7,0.01387737,1780645721661,25.0,44.43,64591.05,BTC-26MAR27,62861.46,0.01375,62886.12,26MAR27,120000,,C,BTC-26MAR27-120000-C
0.225,0.2325,251.4,0.22944846,1780645721661,0.6,40.11,63060.92,BTC-31JUL26,62861.46,0.22875,62886.12,31JUL26,77000,,P,BTC-31JUL26-77000-P
,,0.0,2.3389263,1780645721661,0.0,86.98,62895.49,BTC-26JUN26,62861.46,,62886.12,26JUN26,210000,,P,BTC-26JUN26-210000-P
0.006,0.0725,0.9,0.03657591,1780645721661,0.4,63.65,62861.46,index_price,62861.46,0.03925,62886.12,7JUN26,61000,,C,BTC-7JUN26-61000-C
0.114,0.12,835.3,0.11670438,1780645721661,306.7,87.95,62686.13,BTC-5JUN26,62703.53,0.117,62886.12,5JUN26,70000,,P,BTC-5JUN26-70000-P
,0.0003,824.2,6.94e-05,1780645721661,0.4,59.84,63423.83,BTC-25SEP26,62861.46,,62886.12,25SEP26,190000,,C,BTC-25SEP26-190000-C
0.026,0.0275,31.1,0.02678781,1780645721661,34.2,54.16,62861.46,index_price,62861.46,0.02675,62886.12,8JUN26,62000,,C,BTC-8JUN26-62000-C
0.045,0.116,0.0,0.07933435,1780645721661,0.0,81.7,62861.46,index_price,62861.46,0.0805,62886.12,7JUN26,58000,,C,BTC-7JUN26-58000-C
,,1.9,1.7029404,1780645721661,0.0,86.97,62895.49,BTC-26JUN26,62861.46,,62886.12,26JUN26,170000,,P,BTC-26JUN26-170000-P
0.0995,0.102,64.8,0.10105178,1780645721661,0.0,47.95,64591.05,BTC-26MAR27,62861.46,0.10075,62886.12,26MAR27,56000,,P,BTC-26MAR27-56000-P
0.0025,0.0029,26.9,0.00270678,1780645721661,29.2,78.72,62861.46,index_price,62861.46,0.0027,62886.12,8JUN26,57000,,P,BTC-8JUN26-57000-P
,,0.0,0.40385694,1780645721661,0.0,102.82,62686.13,BTC-5JUN26,62703.53,,62886.12,5JUN26,88000,,P,BTC-5JUN26-88000-P
0.007,0.008,127.7,0.00755337,1780645721661,156.0,74.95,62861.46,index_price,62861.46,0.0075,62886.12,6JUN26,61500,,P,BTC-6JUN26-61500-P
0.09,0.0915,77.8,0.09078381,1780645721661,21.2,43.01,63424.11,BTC-25SEP26,62861.46,0.09075,62886.12,25SEP26,64000,,C,BTC-25SEP26-64000-C
0.0935,0.172,0.0,0.1292483,1780645721661,0.0,47.91,63060.92,BTC-31JUL26,62861.46,0.13275,62886.12,31JUL26,57000,,C,BTC-31JUL26-57000-C
,,1.3,0.49162709,1780645721661,0.0,45.7,63060.92,BTC-31JUL26,62861.46,,62886.12,31JUL26,94000,,P,BTC-31JUL26-94000-P
0.0043,0.0047,67.4,0.00468253,1780645721661,20.1,44.17,62863.22,BTC-19JUN26,62861.46,0.0045,62886.12,19JUN26,70000,,C,BTC-19JUN26-70000-C
0.0023,0.0026,310.7,0.00251197,1780645721661,119.4,47.96,62842.01,BTC-12JUN26,62861.46,0.00245,62886.12,12JUN26,69000,,C,BTC-12JUN26-69000-C
0.009,0.01,72.8,0.00963857,1780645721661,89.2,47.58,62861.46,index_price,62861.46,0.0095,62886.12,8JUN26,64000,,C,BTC-8JUN26-64000-C
0.028,0.029,117.2,0.02841103,1780645721661,89.3,46.64,62863.22,BTC-19JUN26,62861.46,0.0285,62886.12,19JUN26,64000,,C,BTC-19JUN26-64000-C
0.0335,0.107,0.0,0.06753211,1780645721661,0.0,45.94,62861.46,index_price,62861.46,0.07025,62886.12,8JUN26,67000,,P,BTC-8JUN26-67000-P
,,1.8,2.4687946,1780645721661,0.0,59.84,63423.83,BTC-25SEP26,62861.46,,62886.12,25SEP26,220000,,P,BTC-25SEP26-220000-P
,,13.2,0.34004526,1780645721661,0.3,102.82,62686.13,BTC-5JUN26,62703.53,,62886.12,5JUN26,84000,,P,BTC-5JUN26-84000-P
,0.0001,61.8,0.0,1780645721661,0.1,88.31,62686.13,BTC-5JUN26,62703.53,,62886.12,5JUN26,71500,,C,BTC-5JUN26-71500-C
0.266,0.271,59.9,0.26844752,1780645721661,0.0,50.02,63993.54,BTC-25DEC26,62861.46,0.2685,62886.12,25DEC26,50000,,C,BTC-25DEC26-50000-C
0.0001,0.0003,382.6,0.00018297,1780645721661,0.5,65.17,62841.05,BTC-12JUN26,62861.46,0.0002,62886.12,12JUN26,79000,,C,BTC-12JUN26-79000-C
,0.0001,551.1,0.0,1780645721661,0.0,102.82,62686.13,BTC-5JUN26,62703.53,,62886.12,5JUN26,81000,,C,BTC-5JUN26-81000-C
0.0285,0.0295,501.9,0.02925664,1780645721661,53.6,48.78,63060.92,BTC-31JUL26,62861.46,0.029,62886.12,31JUL26,56000,,P,BTC-31JUL26-56000-P
0.076,0.122,1.3,0.0826698,1780645721661,0.0,51.66,62861.46,index_price,62861.46,0.099,62886.12,7JUN26,68000,,P,BTC-7JUN26-68000-P
0.0016,0.0019,382.2,0.00175409,1780645721661,0.4,42.88,63060.92,BTC-31JUL26,62861.46,0.00175,62886.12,31JUL26,88000,,C,BTC-31JUL26-88000-C
0.01,0.011,2161.7,0.01057511,1780645721661,171.8,61.05,63424.11,BTC-25SEP26,62861.46,0.0105,62886.12,25SEP26,40000,,P,BTC-25SEP26-40000-P
,,0.0,3.41481502,1780645721661,0.0,63.11,63424.11,BTC-25SEP26,62861.46,,62886.12,25SEP26,280000,,P,BTC-25SEP26-280000-P
0.2215,0.228,131.2,0.2254437,1780645721661,2.1,61.0,62841.05,BTC-12JUN26,62861.46,0.22475,62886.12,12JUN26,77000,,P,BTC-12JUN26-77000-P
,0.0001,742.6,0.0,1780645721661,0.0,90.79,62686.13,BTC-5JUN26,62703.53,,62886.12,5JUN26,73000,,C,BTC-5JUN26-73000-C
,,4.6,1.30545133,1780645721661,0.0,86.97,62895.49,BTC-26JUN26,62861.46,,62886.12,26JUN26,145000,,P,BTC-26JUN26-145000-P
0.1375,0.1425,29.7,0.14063376,1780645721661,0.5,88.31,62686.13,BTC-5JUN26,62703.53,0.14,62886.12,5JUN26,71500,,P,BTC-5JUN26-71500-P
0.067,0.068,137.1,0.06772974,1780645721661,71.5,43.72,63060.92,BTC-31JUL26,62861.46,0.0675,62886.12,31JUL26,63000,,P,BTC-31JUL26-63000-P
,,1.1,0.7448108,1780645721661,0.0,54.93,63060.92,BTC-31JUL26,62861.46,,62886.12,31JUL26,110000,,P,BTC-31JUL26-110000-P
0.0007,0.0011,279.6,0.00086834,1780645721661,2.1,46.98,63060.92,BTC-31JUL26,62861.46,0.0009,62886.12,31JUL26,96000,,C,BTC-31JUL26-96000-C
0.0004,0.0008,273.6,0.00056671,1780645721661,17.6,49.96,63060.92,BTC-31JUL26,62861.46,0.0006,62886.12,31JUL26,102000,,C,BTC-31JUL26-102000-C
,,0.0,0.3367233,1780645721661,0.0,78.63,62841.05,BTC-12JUN26,62861.46,,62886.12,12JUN26,84000,,P,BTC-12JUN26-84000-P
0.2185,0.4645,3.8,0.34216301,1780645721661,0.1,43.66,64591.05,BTC-26MAR27,62861.46,0.3415,62886.12,26MAR27,82000,,P,BTC-26MAR27-82000-P
0.132,0.1345,12.8,0.1330669,1780645721661,0.1,44.95,63993.54,BTC-25DEC26,62861.46,0.13325,62886.12,25DEC26,64000,,C,BTC-25DEC26-64000-C
0.0775,0.148,0.0,0.11078848,1780645721661,0.0,84.27,62861.46,index_price,62861.46,0.11275,62886.12,8JUN26,56000,,C,BTC-8JUN26-56000-C
,,0.6,0.51032661,1780645721661,0.0,43.36,64590.77,BTC-26MAR27,62861.46,,62886.12,26MAR27,95000,,P,BTC-26MAR27-95000-P
0.0003,0.0006,154.7,0.00043344,1780645721661,0.1,54.93,63060.64,BTC-31JUL26,62861.46,0.00045,62886.12,31JUL26,110000,,C,BTC-31JUL26-110000-C
0.0185,0.02,1328.2,0.01961287,1780645721661,4.3,42.56,63993.54,BTC-25DEC26,62861.46,0.01925,62886.12,25DEC26,95000,,C,BTC-25DEC26-95000-C
,,0.0,0.9032459,1780645721661,0.0,59.73,63060.92,BTC-31JUL26,62861.46,,62886.12,31JUL26,120000,,P,BTC-31JUL26-120000-P
0.0039,0.0044,2299.3,0.00415897,1780645721661,55.3,40.99,63424.11,BTC-25SEP26,62861.46,0.00415,62886.12,25SEP26,95000,,C,BTC-25SEP26-95000-C
0.0445,0.118,0.0,0.07890493,1780645721661,0.0,54.31,62863.22,BTC-19JUN26,62861.46,0.08125,62886.12,19JUN26,59000,,C,BTC-19JUN26-59000-C
0.4525,0.4565,15.1,0.45473661,1780645721661,0.0,67.63,63424.11,BTC-25SEP26,62861.46,0.4545,62886.12,25SEP26,35000,,C,BTC-25SEP26-35000-C
0.032,0.1065,6.3,0.06709101,1780645721661,0.2,49.69,62861.46,index_price,62861.46,0.06925,62886.12,7JUN26,67000,,P,BTC-7JUN26-67000-P
,0.0001,556.1,0.0,1780645721661,0.0,89.88,62895.49,BTC-26JUN26,62861.46,,62886.12,26JUN26,240000,,C,BTC-26JUN26-240000-C
,,0.0,2.75082644,1780645721661,0.0,59.69,63993.54,BTC-25DEC26,62861.46,,62886.12,25DEC26,240000,,P,BTC-25DEC26-240000-P
0.225,0.511,0.0,0.36553238,1780645721661,0.0,40.11,63222.49,BTC-28AUG26,62861.46,0.368,62886.12,28AUG26,86000,,P,BTC-28AUG26-86000-P
0.2155,0.546,23.4,0.3785393,1780645721661,0.0,42.56,63993.54,BTC-25DEC26,62861.46,0.38075,62886.12,25DEC26,86000,,P,BTC-25DEC26-86000-P
0.012,0.013,25.5,0.01268337,1780645721661,0.7,39.72,63222.49,BTC-28AUG26,62861.46,0.0125,62886.12,28AUG26,79000,,C,BTC-28AUG26-79000-C
,0.0007,1130.9,3.907e-05,1780645721661,2.5,59.84,63424.11,BTC-25SEP26,62861.46,,62886.12,25SEP26,200000,,C,BTC-25SEP26-200000-C
0.2015,0.304,4.1,0.2482626,1780645721661,0.0,39.78,63222.49,BTC-28AUG26,62861.46,0.25275,62886.12,28AUG26,78000,,P,BTC-28AUG26-78000-P
,0.0001,577.4,0.0,1780645721661,5.5,87.95,62686.13,BTC-5JUN26,62703.53,,62886.12,5JUN26,70000,,C,BTC-5JUN26-70000-C
,,0.5,1.3276484,1780645721661,0.0,46.85,64590.77,BTC-26MAR27,62861.46,,62886.12,26MAR27,150000,,P,BTC-26MAR27-150000-P
0.016,0.017,1709.4,0.01679808,1780645721661,63.3,55.22,63424.11,BTC-25SEP26,62861.46,0.0165,62886.12,25SEP26,45000,,P,BTC-25SEP26-45000-P
0.0195,0.021,87.1,0.02048128,1780645721661,1.7,43.79,64591.05,BTC-26MAR27,62861.46,0.02025,62886.12,26MAR27,110000,,C,BTC-26MAR27-110000-C
0.0002,0.0011,479.4,0.0004309,1780645721661,1.7,54.62,63423.83,BTC-25SEP26,62861.46,0.00065,62886.12,25SEP26,145000,,C,BTC-25SEP26-145000-C
0.011,0.012,118.0,0.011508,1780645721661,3.2,44.74,64591.05,BTC-26MAR27,62861.46,0.0115,62886.12,26MAR27,125000,,C,BTC-26MAR27-125000-C
0.0355,0.037,61.3,0.03635036,1780645721661,50.1,47.88,62863.5,BTC-19JUN26,62861.46,0.03625,62886.12,19JUN26,63000,,C,BTC-19JUN26-63000-C
0.0005,0.0006,7.6,0.00054879,1780645721661,7.6,46.94,62861.46,index_price,62861.46,0.00055,62886.12,8JUN26,68000,,C,BTC-8JUN26-68000-C
,,2.1,1.34576699,1780645721661,0.0,48.59,63993.26,BTC-25DEC26,62861.46,,62886.12,25DEC26,150000,,P,BTC-25DEC26-150000-P
0.0001,0.0004,828.8,0.00023951,1780645721661,0.0,56.95,63424.11,BTC-25SEP26,62861.46,0.00025,62886.12,25SEP26,160000,,C,BTC-25SEP26-160000-C
0.009,0.01,283.0,0.00958057,1780645721661,392.3,71.18,62861.46,index_price,62861.46,0.0095,62886.12,6JUN26,62000,,P,BTC-6JUN26-62000-P
0.3005,0.3085,206.8,0.30448168,1780645721661,2.5,50.65,62895.49,BTC-26JUN26,62861.46,0.3045,62886.12,26JUN26,82000,,P,BTC-26JUN26-82000-P
0.0155,0.0165,202.3,0.01617968,1780645721661,10.0,42.56,63993.26,BTC-25DEC26,62861.46,0.016,62886.12,25DEC26,98000,,C,BTC-25DEC26-98000-C
,,0.0,0.47587406,1780645721661,0.0,45.3,63060.92,BTC-31JUL26,62861.46,,62886.12,31JUL26,93000,,P,BTC-31JUL26-93000-P
0.155,0.22,0.0,0.19511703,1780645721661,0.0,92.28,62861.46,index_price,62861.46,0.1875,62886.12,6JUN26,75000,,P,BTC-6JUN26-75000-P
0.0017,0.002,53.1,0.00189089,1780645721661,43.5,88.33,62861.46,index_price,62861.46,0.00185,62886.12,7JUN26,57000,,P,BTC-7JUN26-57000-P
0.4685,0.931,0.0,0.69646727,1780645721661,0.0,42.87,63993.26,BTC-25DEC26,62861.46,0.69975,62886.12,25DEC26,108000,,P,BTC-25DEC26-108000-P
0.1225,0.1715,0.0,0.13025121,1780645721661,0.0,66.52,62861.46,index_price,62861.46,0.147,62886.12,7JUN26,71000,,P,BTC-7JUN26-71000-P
0.333,0.6505,0.0,0.48917578,1780645721661,0.0,42.16,63223.4,BTC-28AUG26,62861.46,0.49175,62886.12,28AUG26,94000,,P,BTC-28AUG26-94000-P
0.0095,0.01,624.0,0.00983995,1780645721661,0.6,39.87,63423.83,BTC-25SEP26,62861.46,0.00975,62886.12,25SEP26,86000,,C,BTC-25SEP26-86000-C
0.0004,0.0007,113.3,0.00052222,1780645721661,82.2,125.46,62861.46,index_price,62861.46,0.00055,62886.12,6JUN26,55000,,P,BTC-6JUN26-55000-P
0.0055,0.0065,2548.4,0.00590036,1780645721661,18.4,43.32,63993.54,BTC-25DEC26,62861.46,0.006,62886.12,25DEC26,115000,,C,BTC-25DEC26-115000-C
0.0745,0.076,599.8,0.07549013,1780645721661,39.6,43.1,63060.92,BTC-31JUL26,62861.46,0.07525,62886.12,31JUL26,64000,,P,BTC-31JUL26-64000-P
0.0009,0.0012,82.4,0.00108229,1780645721661,0.0,45.3,63060.92,BTC-31JUL26,62861.46,0.00105,62886.12,31JUL26,93000,,C,BTC-31JUL26-93000-C
,,0.0,1.17470969,1780645721661,0.0,46.11,64591.05,BTC-26MAR27,62861.46,,62886.12,26MAR27,140000,,P,BTC-26MAR27-140000-P
0.091,0.1725,0.0,0.13146545,1780645721661,0.0,92.26,62861.46,index_price,62861.46,0.13175,62886.12,6JUN26,71000,,P,BTC-6JUN26-71000-P
0.012,0.013,119.9,0.01198608,1780645721661,166.3,65.94,62861.46,index_price,62861.46,0.0125,62886.12,6JUN26,63000,,C,BTC-6JUN26-63000-C
0.292,0.304,932.6,0.3010926,1780645721662,2.4,42.9,63993.54,BTC-25DEC26,62861.46,0.298,62886.12,25DEC26,80000,,P,BTC-25DEC26-80000-P
0.0485,0.05,158.2,0.04936284,1780645721662,20.1,46.73,63424.11,BTC-25SEP26,62861.46,0.04925,62886.12,25SEP26,56000,,P,BTC-25SEP26-56000-P
0.0195,0.0205,397.5,0.02012674,1780645721662,362.7,51.58,63223.4,BTC-28AUG26,62861.46,0.02,62886.12,28AUG26,50000,,P,BTC-28AUG26-50000-P
0.0225,0.0315,24.7,0.02627545,1780645721662,8.6,50.59,62861.46,index_price,62861.46,0.027,62886.12,7JUN26,64000,,P,BTC-7JUN26-64000-P
0.106,0.1085,5.3,0.1069174,1780645721662,0.5,46.41,63060.92,BTC-31JUL26,62861.46,0.10725,62886.12,31JUL26,59000,,C,BTC-31JUL26-59000-C
0.209,0.2135,84.4,0.21160217,1780645721662,1.2,44.93,64590.77,BTC-26MAR27,62861.46,0.21125,62886.12,26MAR27,70000,,P,BTC-26MAR27-70000-P
0.0037,0.0041,35.0,0.00393983,1780645721662,29.9,79.55,62841.05,BTC-12JUN26,62861.46,0.0039,62886.12,12JUN26,54000,,P,BTC-12JUN26-54000-P
0.2325,0.504,15.2,0.36597689,1780645721662,0.0,41.98,63060.92,BTC-31JUL26,62861.46,0.36825,62886.12,31JUL26,86000,,P,BTC-31JUL26-86000-P
0.1655,0.169,2.6,0.16722356,1780645721662,0.4,45.95,64591.05,BTC-26MAR27,62861.46,0.16725,62886.12,26MAR27,64000,,C,BTC-26MAR27-64000-C
0.322,0.3295,157.8,0.32573146,1780645721662,0.0,42.56,63993.26,BTC-25DEC26,62861.46,0.32575,62886.12,25DEC26,82000,,P,BTC-25DEC26-82000-P
0.0135,0.0145,34.8,0.01448229,1780645721662,12.0,39.78,63223.4,BTC-28AUG26,62861.46,0.014,62886.12,28AUG26,78000,,C,BTC-28AUG26-78000-C
,0.0001,711.6,0.0,1780645721662,0.0,95.87,62686.13,BTC-5JUN26,62703.53,,62886.12,5JUN26,74000,,C,BTC-5JUN26-74000-C
0.027,0.028,5224.3,0.02742503,1780645721662,1824.0,50.18,62895.49,BTC-26JUN26,62861.46,0.0275,62886.12,26JUN26,60000,,P,BTC-26JUN26-60000-P
0.4245,0.438,596.6,0.43334908,1780645721662,0.0,42.55,63993.26,BTC-25DEC26,62861.46,0.43125,62886.12,25DEC26,90000,,P,BTC-25DEC26-90000-P
0.0007,0.0011,48.5,0.00089481,1780645721662,8.1,46.17,63060.92,BTC-31JUL26,62861.46,0.0009,62886.12,31JUL26,95000,,C,BTC-31JUL26-95000-C
0.0025,0.003,22.4,0.002766,1780645721662,0.0,41.53,63222.49,BTC-28AUG26,62861.46,0.00275,62886.12,28AUG26,92000,,C,BTC-28AUG26-92000-C
0.292,0.296,15.3,0.29473811,1780645721662,0.0,49.98,64591.05,BTC-26MAR27,62861.46,0.294,62886.12,26MAR27,50000,,C,BTC-26MAR27-50000-C
,,0.0,0.2413532,1780645721662,0.0,49.77,62863.22,BTC-19JUN26,62861.46,,62886.12,19JUN26,78000,,P,BTC-19JUN26-78000-P
0.24,0.247,458.5,0.24398025,1780645721662,0.0,40.08,63060.92,BTC-31JUL26,62861.46,0.2435,62886.12,31JUL26,78000,,P,BTC-31JUL26-78000-P
0.215,0.3185,0.0,0.2622814,1780645721662,0.0,39.72,63222.49,BTC-28AUG26,62861.46,0.26675,62886.12,28AUG26,79000,,P,BTC-28AUG26-79000-P
,,0.0,1.81373838,1780645721662,0.0,52.89,63993.26,BTC-25DEC26,62861.46,,62886.12,25DEC26,180000,,P,BTC-25DEC26-180000-P
0.2565,0.5405,0.0,0.39606575,1780645721662,0.0,40.41,63222.49,BTC-28AUG26,62861.46,0.3985,62886.12,28AUG26,88000,,P,BTC-28AUG26-88000-P
,0.0001,1180.5,2e-08,1780645721662,0.0,86.97,62895.49,BTC-26JUN26,62861.46,,62886.12,26JUN26,180000,,C,BTC-26JUN26-180000-C
0.5055,0.515,985.9,0.51068907,1780645721662,3.1,64.42,62895.49,BTC-26JUN26,62861.46,0.51025,62886.12,26JUN26,95000,,P,BTC-26JUN26-95000-P
,,0.1,0.55488735,1780645721662,0.0,48.44,63060.92,BTC-31JUL26,62861.46,,62886.12,31JUL26,98000,,P,BTC-31JUL26-98000-P
0.3585,0.6875,0.0,0.52044977,1780645721662,0.0,42.8,63222.49,BTC-28AUG26,62861.46,0.523,62886.12,28AUG26,96000,,P,BTC-28AUG26-96000-P
0.0049,0.0055,93.7,0.00521047,1780645721662,14.6,40.11,63222.49,BTC-28AUG26,62861.46,0.0052,62886.12,28AUG26,86000,,C,BTC-28AUG26-86000-C
0.197,0.2035,213.7,0.20094483,1780645721662,1.4,40.05,63060.92,BTC-31JUL26,62861.46,0.20025,62886.12,31JUL26,75000,,P,BTC-31JUL26-75000-P
0.014,0.015,2125.4,0.01472648,1780645721662,6.2,61.57,63993.54,BTC-25DEC26,62861.46,0.0145,62886.12,25DEC26,35000,,P,BTC-25DEC26-35000-P
0.0495,0.0545,29.3,0.05211082,1780645721662,0.2,49.48,62861.46,index_price,62861.46,0.052,62886.12,7JUN26,66000,,P,BTC-7JUN26-66000-P
0.075,0.08,92.2,0.07784156,1780645721662,10.6,44.19,62863.22,BTC-19JUN26,62861.46,0.0775,62886.12,19JUN26,67000,,P,BTC-19JUN26-67000-P
0.0001,0.0002,161.3,0.00016198,1780645721662,43.5,62.74,62861.46,index_price,62861.46,0.00015,62886.12,6JUN26,67500,,C,BTC-6JUN26-67500-C
0.0355,,6.0,0.27307777,1780645721662,0.2,66.9,62841.05,BTC-12JUN26,62861.46,,62886.12,12JUN26,80000,,P,BTC-12JUN26-80000-P
,,0.7,1.36545186,1780645721662,0.0,55.75,63424.11,BTC-25SEP26,62861.46,,62886.12,25SEP26,150000,,P,BTC-25SEP26-150000-P
0.105,0.187,1.0,0.14219581,1780645721662,1.0,46.29,63222.49,BTC-28AUG26,62861.46,0.146,62886.12,28AUG26,57000,,C,BTC-28AUG26-57000-C
0.0001,0.0002,33.6,0.00015246,1780645721662,33.7,56.36,62861.46,index_price,62861.46,0.00015,62886.12,8JUN26,71000,,C,BTC-8JUN26-71000-C
0.0032,0.0036,12.5,0.00354897,1780645721662,12.9,45.9,62861.46,index_price,62861.46,0.0034,62886.12,8JUN26,65500,,C,BTC-8JUN26-65500-C
0.0675,0.07,1907.1,0.06885763,1780645721662,46.4,49.98,64591.05,BTC-26MAR27,62861.46,0.06875,62886.12,26MAR27,50000,,P,BTC-26MAR27-50000-P
0.1935,0.1985,272.1,0.19646898,1780645721662,118.0,101.6,62686.13,BTC-5JUN26,62703.53,0.196,62886.12,5JUN26,75000,,P,BTC-5JUN26-75000-P
0.0018,0.0025,414.9,0.00215126,1780645721662,5.5,50.38,64591.05,BTC-26MAR27,62861.46,0.00215,62886.12,26MAR27,190000,,C,BTC-26MAR27-190000-C
0.011,0.012,2777.0,0.01148048,1780645721662,1236.5,57.81,62895.49,BTC-26JUN26,62861.46,0.0115,62886.12,26JUN26,55000,,P,BTC-26JUN26-55000-P
0.211,0.218,457.1,0.2151009,1780645721662,0.4,40.11,63060.64,BTC-31JUL26,62861.46,0.2145,62886.12,31JUL26,76000,,P,BTC-31JUL26-76000-P
0.0075,0.0085,2938.6,0.0079972,1780645721662,21.2,43.19,63993.54,BTC-25DEC26,62861.46,0.008,62886.12,25DEC26,110000,,C,BTC-25DEC26-110000-C
0.0155,0.0165,24.2,0.01609182,1780645721662,16.1,53.5,63223.4,BTC-28AUG26,62861.46,0.016,62886.12,28AUG26,48000,,P,BTC-28AUG26-48000-P
0.0003,0.0006,356.3,0.00049699,1780645721662,0.0,50.9,63060.92,BTC-31JUL26,62861.46,0.00045,62886.12,31JUL26,104000,,C,BTC-31JUL26-104000-C
,,0.0,0.35244747,1780645721662,0.0,60.73,62863.22,BTC-19JUN26,62861.46,,62886.12,19JUN26,85000,,P,BTC-19JUN26-85000-P
0.254,0.542,4.8,0.39550683,1780645721662,0.0,39.99,63423.83,BTC-25SEP26,62861.46,0.398,62886.12,25SEP26,88000,,P,BTC-25SEP26-88000-P
,,0.1,2.81591577,1780645721662,0.0,89.88,62895.49,BTC-26JUN26,62861.46,,62886.12,26JUN26,240000,,P,BTC-26JUN26-240000-P
0.0046,0.0055,55.9,0.00496681,1780645721662,68.4,68.76,62861.46,index_price,62861.46,0.00505,62886.12,8JUN26,59000,,P,BTC-8JUN26-59000-P
0.0115,0.0125,74.4,0.01243031,1780645721662,135.4,68.72,62861.46,index_price,62861.46,0.012,62886.12,6JUN26,62500,,P,BTC-6JUN26-62500-P
0.065,0.068,13.8,0.0668885,1780645721662,11.8,52.53,62863.22,BTC-19JUN26,62861.46,0.0665,62886.12,19JUN26,60000,,C,BTC-19JUN26-60000-C
0.2695,0.2775,18.5,0.27327973,1780645721662,0.0,44.16,64591.05,BTC-26MAR27,62861.46,0.2735,62886.12,26MAR27,76000,,P,BTC-26MAR27-76000-P
0.0275,0.0285,794.0,0.02799963,1780645721662,48.5,39.87,63423.83,BTC-25SEP26,62861.46,0.028,62886.12,25SEP26,76000,,C,BTC-25SEP26-76000-C
,,1.0,0.27305202,1780645721662,0.0,52.86,62863.22,BTC-19JUN26,62861.46,,62886.12,19JUN26,80000,,P,BTC-19JUN26-80000-P
0.013,0.014,2332.5,0.01365058,1780645721662,1451.9,42.67,62895.21,BTC-26JUN26,62861.46,0.0135,62886.12,26JUN26,68000,,C,BTC-26JUN26-68000-C
0.0034,0.07,14.1,0.03186332,1780645721662,0.2,49.61,62861.46,index_price,62861.46,0.0367,62886.12,7JUN26,64500,,P,BTC-7JUN26-64500-P
0.0016,0.0018,1693.9,0.0016987,1780645721662,65.8,45.56,63424.11,BTC-25SEP26,62861.46,0.0017,62886.12,25SEP26,110000,,C,BTC-25SEP26-110000-C
0.0435,0.045,218.9,0.04432169,1780645721662,18.7,42.56,63993.26,BTC-25DEC26,62861.46,0.04425,62886.12,25DEC26,82000,,C,BTC-25DEC26-82000-C
0.0001,0.0002,1595.9,0.00014642,1780645721662,0.0,74.84,62895.21,BTC-26JUN26,62861.46,0.00015,62886.12,26JUN26,105000,,C,BTC-26JUN26-105000-C
0.1445,0.1505,603.8,0.14777176,1780645721662,70.0,44.43,62863.22,BTC-19JUN26,62861.46,0.1475,62886.12,19JUN26,72000,,P,BTC-19JUN26-72000-P
0.0605,0.063,2854.9,0.06207577,1780645721662,697.2,44.51,62895.49,BTC-26JUN26,62861.46,0.06175,62886.12,26JUN26,65000,,P,BTC-26JUN26-65000-P
0.044,0.0455,2654.9,0.0448356,1780645721662,29.5,47.29,63424.11,BTC-25SEP26,62861.46,0.04475,62886.12,25SEP26,55000,,P,BTC-25SEP26-55000-P
0.7355,1.342,52.1,1.03471008,1780645721662,0.0,45.54,63993.54,BTC-25DEC26,62861.46,1.03875,62886.12,25DEC26,130000,,P,BTC-25DEC26-130000-P
0.0095,0.0105,192.0,0.00984986,1780645721662,0.0,42.76,63993.26,BTC-25DEC26,62861.46,0.01,62886.12,25DEC26,106000,,C,BTC-25DEC26-106000-C
0.5385,0.542,248.0,0.54067048,1780645721662,0.0,67.05,63993.54,BTC-25DEC26,62861.46,0.54025,62886.12,25DEC26,30000,,C,BTC-25DEC26-30000-C
0.0007,0.0011,919.8,0.00088766,1780645721662,1.7,52.89,63993.54,BTC-25DEC26,62861.46,0.0009,62886.12,25DEC26,180000,,C,BTC-25DEC26-180000-C
0.0975,0.1025,171.5,0.10041983,1780645721662,0.5,47.96,62841.05,BTC-12JUN26,62861.46,0.1,62886.12,12JUN26,69000,,P,BTC-12JUN26-69000-P
0.1105,0.1155,406.6,0.11307931,1780645721662,0.2,41.15,63060.92,BTC-31JUL26,62861.46,0.113,62886.12,31JUL26,68000,,P,BTC-31JUL26-68000-P
0.1985,0.206,114.5,0.2015365,1780645721662,0.0,40.25,63423.83,BTC-25SEP26,62861.46,0.20225,62886.12,25SEP26,74000,,P,BTC-25SEP26-74000-P
0.444,0.8945,0.1,0.66630639,1780645721662,0.0,42.76,63993.26,BTC-25DEC26,62861.46,0.66925,62886.12,25DEC26,106000,,P,BTC-25DEC26-106000-P
0.1925,0.483,0.0,0.33528696,1780645721662,0.0,39.8,63222.49,BTC-28AUG26,62861.46,0.33775,62886.12,28AUG26,84000,,P,BTC-28AUG26-84000-P
0.2745,0.5575,0.2,0.41716373,1780645721662,0.0,43.43,64590.77,BTC-26MAR27,62861.46,0.416,62886.12,26MAR27,88000,,P,BTC-26MAR27-88000-P
0.0046,0.0055,96.6,0.00496544,1780645721666,99.7,45.93,62861.46,index_price,62861.46,0.00505,62886.12,8JUN26,65000,,C,BTC-8JUN26-65000-C
,,6.4,2.65691928,1780645721666,0.0,89.19,62895.49,BTC-26JUN26,62861.46,,62886.12,26JUN26,230000,,P,BTC-26JUN26-230000-P
,,2.3,1.38494844,1780645721666,0.0,86.97,62895.49,BTC-26JUN26,62861.46,,62886.12,26JUN26,150000,,P,BTC-26JUN26-150000-P
0.0001,0.0002,1326.9,0.0001457,1780645721666,7.0,80.78,62895.21,BTC-26JUN26,62861.46,0.00015,62886.12,26JUN26,110000,,C,BTC-26JUN26-110000-C
0.052,0.053,31.7,0.05269593,1780645721666,14.7,47.62,62895.49,BTC-26JUN26,62861.46,0.0525,62886.12,26JUN26,62000,,C,BTC-26JUN26-62000-C
,0.0001,65.9,0.0,1780645721666,0.0,91.81,62686.13,BTC-5JUN26,62703.53,,62886.12,5JUN26,73500,,C,BTC-5JUN26-73500-C
0.0014,0.0017,133.0,0.00156265,1780645721666,0.1,43.28,63060.64,BTC-31JUL26,62861.46,0.00155,62886.12,31JUL26,89000,,C,BTC-31JUL26-89000-C
,0.0001,651.0,2.22e-06,1780645721666,0.0,86.97,62895.49,BTC-26JUN26,62861.46,,62886.12,26JUN26,145000,,C,BTC-26JUN26-145000-C
0.077,0.1555,0.0,0.11435543,1780645721666,0.0,61.0,62861.46,index_price,62861.46,0.11625,62886.12,7JUN26,70000,,P,BTC-7JUN26-70000-P
,0.0001,198.4,0.0,1780645721666,0.0,91.06,62895.49,BTC-26JUN26,62861.46,,62886.12,26JUN26,260000,,C,BTC-26JUN26-260000-C
0.0325,0.0335,18.3,0.03315293,1780645721666,18.6,47.91,63060.64,BTC-31JUL26,62861.46,0.033,62886.12,31JUL26,57000,,P,BTC-31JUL26-57000-P
0.116,0.119,714.4,0.11745709,1780645721666,90.0,45.44,63993.54,BTC-25DEC26,62861.46,0.1175,62886.12,25DEC26,62000,,P,BTC-25DEC26-62000-P
0.305,0.3095,148.4,0.30727451,1780645721666,0.0,55.22,63424.11,BTC-25SEP26,62861.46,0.30725,62886.12,25SEP26,45000,,C,BTC-25SEP26-45000-C
0.1585,0.233,0.0,0.19299411,1780645721666,0.0,52.69,63060.92,BTC-31JUL26,62861.46,0.19575,62886.12,31JUL26,52000,,C,BTC-31JUL26-52000-C
,,21.5,0.35266807,1780645721666,0.1,83.17,62841.05,BTC-12JUN26,62861.46,,62886.12,12JUN26,85000,,P,BTC-12JUN26-85000-P
0.003,0.0034,18.3,0.00323561,1780645721666,13.3,83.08,62841.05,BTC-12JUN26,62861.46,0.0032,62886.12,12JUN26,53000,,P,BTC-12JUN26-53000-P
0.0014,0.0021,317.7,0.00178266,1780645721666,5.2,51.16,64591.05,BTC-26MAR27,62861.46,0.00175,62886.12,26MAR27,200000,,C,BTC-26MAR27-200000-C
,0.0001,48.3,0.00010364,1780645721666,7.1,79.41,62861.46,index_price,62861.46,,62886.12,6JUN26,69500,,C,BTC-6JUN26-69500-C
,,0.1,0.52323403,1780645721666,0.0,46.98,63060.92,BTC-31JUL26,62861.46,,62886.12,31JUL26,96000,,P,BTC-31JUL26-96000-P
0.0019,0.0023,15.7,0.00209457,1780645721666,18.1,84.27,62861.46,index_price,62861.46,0.0021,62886.12,8JUN26,56000,,P,BTC-8JUN26-56000-P
0.0165,0.0175,71.5,0.01725962,1780645721666,60.9,53.4,62861.46,index_price,62861.46,0.017,62886.12,7JUN26,63000,,P,BTC-7JUN26-63000-P
,0.0001,4309.0,9.413e-05,1780645721666,163.6,161.29,62895.49,BTC-26JUN26,62861.46,,62886.12,26JUN26,20000,,P,BTC-26JUN26-20000-P
0.093,0.1715,0.0,0.13020124,1780645721666,0.0,56.36,62861.46,index_price,62861.46,0.13225,62886.12,8JUN26,71000,,P,BTC-8JUN26-71000-P
0.0415,0.046,96.2,0.04507992,1780645721666,3.8,60.59,62861.46,index_price,62861.46,0.04375,62886.12,6JUN26,65500,,P,BTC-6JUN26-65500-P
,,0.2,1.19009738,1780645721666,0.0,47.14,63993.54,BTC-25DEC26,62861.46,,62886.12,25DEC26,140000,,P,BTC-25DEC26-140000-P
,,21.6,0.97166433,1780645721666,0.0,49.05,63424.11,BTC-25SEP26,62861.46,,62886.12,25SEP26,125000,,P,BTC-25SEP26-125000-P
,,0.1,0.28898462,1780645721666,0.1,69.69,62841.05,BTC-12JUN26,62861.46,,62886.12,12JUN26,81000,,P,BTC-12JUN26-81000-P
0.112,0.1165,125.4,0.11554306,1780645721666,2.8,84.11,62861.46,index_price,62861.46,0.11425,62886.12,6JUN26,70000,,P,BTC-6JUN26-70000-P
0.308,0.6135,1.0,0.45799409,1780645721666,0.0,41.53,63222.49,BTC-28AUG26,62861.46,0.46075,62886.12,28AUG26,92000,,P,BTC-28AUG26-92000-P
0.01,0.011,108.4,0.01069904,1780645721666,76.2,52.07,62861.46,index_price,62861.46,0.0105,62886.12,7JUN26,63500,,C,BTC-7JUN26-63500-C
0.0024,0.0027,113.4,0.00257802,1780645721666,43.6,95.62,62861.46,index_price,62861.46,0.00255,62886.12,6JUN26,59000,,P,BTC-6JUN26-59000-P
0.051,0.126,2.3,0.08640554,1780645721666,0.3,66.26,62841.05,BTC-12JUN26,62861.46,0.0885,62886.12,12JUN26,58000,,C,BTC-12JUN26-58000-C
,,0.0,0.60797977,1780645721666,0.0,43.46,64591.05,BTC-26MAR27,62861.46,,62886.12,26MAR27,102000,,P,BTC-26MAR27-102000-P
0.203,0.2105,26.7,0.20734137,1780645721666,2.5,39.79,63222.49,BTC-28AUG26,62861.46,0.20675,62886.12,28AUG26,75000,,P,BTC-28AUG26-75000-P
,0.0001,1016.8,0.0,1780645721666,0.0,102.38,62686.13,BTC-5JUN26,62703.53,,62886.12,5JUN26,76000,,C,BTC-5JUN26-76000-C
0.1345,0.1385,257.0,0.13699978,1780645721666,11.8,57.81,62895.49,BTC-26JUN26,62861.46,0.1365,62886.12,26JUN26,55000,,C,BTC-26JUN26-55000-C
0.0365,0.0385,70.5,0.03776541,1780645721666,5.0,43.38,64591.05,BTC-26MAR27,62861.46,0.0375,62886.12,26MAR27,96000,,C,BTC-26MAR27-96000-C
0.386,0.717,0.1,0.54851424,1780645721666,0.0,41.78,63424.11,BTC-25SEP26,62861.46,0.5515,62886.12,25SEP26,98000,,P,BTC-25SEP26-98000-P
0.3775,0.382,31.4,0.37988749,1780645721666,0.0,61.05,63424.11,BTC-25SEP26,62861.46,0.37975,62886.12,25SEP26,40000,,C,BTC-25SEP26-40000-C
0.0155,0.0165,29.6,0.01642617,1780645721666,19.2,39.79,63223.4,BTC-28AUG26,62861.46,0.016,62886.12,28AUG26,77000,,C,BTC-28AUG26-77000-C
0.013,0.014,342.9,0.01362838,1780645721666,140.7,48.85,62842.01,BTC-12JUN26,62861.46,0.0135,62886.12,12JUN26,65000,,C,BTC-12JUN26-65000-C
0.0001,0.0005,322.0,0.00026834,1780645721666,2.2,55.82,63423.83,BTC-25SEP26,62861.46,0.0003,62886.12,25SEP26,155000,,C,BTC-25SEP26-155000-C
0.16,0.455,0.0,0.30565543,1780645721666,0.0,39.77,63223.4,BTC-28AUG26,62861.46,0.3075,62886.12,28AUG26,82000,,P,BTC-28AUG26-82000-P
0.0075,0.008,3439.0,0.00812726,1780645721666,705.7,42.48,62895.21,BTC-26JUN26,62861.46,0.00775,62886.12,26JUN26,70000,,C,BTC-26JUN26-70000-C
0.005,0.006,48.5,0.00561102,1780645721666,14.6,67.43,62863.22,BTC-19JUN26,62861.46,0.0055,62886.12,19JUN26,53000,,P,BTC-19JUN26-53000-P
0.057,0.0615,208.0,0.0592897,1780645721666,8.7,47.93,62841.05,BTC-12JUN26,62861.46,0.05925,62886.12,12JUN26,66000,,P,BTC-12JUN26-66000-P
0.1855,0.1895,1093.4,0.18787778,1780645721666,31.6,43.82,63993.54,BTC-25DEC26,62861.46,0.1875,62886.12,25DEC26,70000,,P,BTC-25DEC26-70000-P
0.1345,0.1365,598.5,0.13564922,1780645721666,6.5,41.71,63424.11,BTC-25SEP26,62861.46,0.1355,62886.12,25SEP26,68000,,P,BTC-25SEP26-68000-P
0.1615,0.168,373.3,0.16456314,1780645721667,181.3,90.79,62686.13,BTC-5JUN26,62703.53,0.16475,62886.12,5JUN26,73000,,P,BTC-5JUN26-73000-P
0.0001,0.0002,1382.4,0.00015137,1780645721667,3.4,66.9,62842.01,BTC-12JUN26,62861.46,0.00015,62886.12,12JUN26,80000,,C,BTC-12JUN26-80000-C
0.0036,0.0042,623.6,0.0039115,1780645721667,0.3,44.86,63993.54,BTC-25DEC26,62861.46,0.0039,62886.12,25DEC26,125000,,C,BTC-25DEC26-125000-C
0.0275,0.033,0.0,0.03030028,1780645721667,0.0,60.86,62861.46,index_price,62861.46,0.03025,62886.12,7JUN26,61500,,C,BTC-7JUN26-61500-C
0.038,0.04,84.3,0.03949953,1780645721667,7.0,43.36,64590.77,BTC-26MAR27,62861.46,0.039,62886.12,26MAR27,95000,,C,BTC-26MAR27-95000-C
0.093,0.095,1026.9,0.09399139,1780645721667,0.9,43.82,63993.54,BTC-25DEC26,62861.46,0.094,62886.12,25DEC26,70000,,C,BTC-25DEC26-70000-C
0.0055,0.006,254.8,0.00596705,1780645721667,21.1,40.12,63060.92,BTC-31JUL26,62861.46,0.00575,62886.12,31JUL26,79000,,C,BTC-31JUL26-79000-C
0.009,0.01,1621.2,0.00947894,1780645721667,17.5,67.05,63993.26,BTC-25DEC26,62861.46,0.0095,62886.12,25DEC26,30000,,P,BTC-25DEC26-30000-P
0.028,0.1025,0.0,0.06242049,1780645721667,0.0,95.62,62861.46,index_price,62861.46,0.06525,62886.12,6JUN26,59000,,C,BTC-6JUN26-59000-C
0.0003,0.0006,1116.7,0.00046729,1780645721667,14.5,53.05,63424.11,BTC-25SEP26,62861.46,0.00045,62886.12,25SEP26,140000,,C,BTC-25SEP26-140000-C
0.0135,0.0145,2434.4,0.01423111,1780645721667,12.1,42.57,63993.26,BTC-25DEC26,62861.46,0.014,62886.12,25DEC26,100000,,C,BTC-25DEC26-100000-C
,,7.3,1.838218,1780645721667,0.0,59.82,63424.11,BTC-25SEP26,62861.46,,62886.12,25SEP26,180000,,P,BTC-25SEP26-180000-P
0.183,0.19,141.7,0.18711639,1780645721667,1.4,40.07,63060.64,BTC-31JUL26,62861.46,0.1865,62886.12,31JUL26,74000,,P,BTC-31JUL26-74000-P
0.2195,0.486,21.8,0.35038538,1780645721667,0.0,41.52,63060.92,BTC-31JUL26,62861.46,0.35275,62886.12,31JUL26,85000,,P,BTC-31JUL26-85000-P
0.1405,0.144,137.2,0.14232955,1780645721667,1.0,46.39,64591.05,BTC-26MAR27,62861.46,0.14225,62886.12,26MAR27,62000,,P,BTC-26MAR27-62000-P
0.16,0.1655,110.6,0.16304917,1780645721667,0.5,44.98,62863.22,BTC-19JUN26,62861.46,0.16275,62886.12,19JUN26,73000,,P,BTC-19JUN26-73000-P
,,5.8,0.32409234,1780645721667,0.0,102.82,62686.13,BTC-5JUN26,62703.53,,62886.12,5JUN26,83000,,P,BTC-5JUN26-83000-P
0.436,0.7915,0.4,0.61079532,1780645721667,0.0,42.88,63424.11,BTC-25SEP26,62861.46,0.61375,62886.12,25SEP26,102000,,P,BTC-25SEP26-102000-P
0.1195,0.1225,7.0,0.12080426,1780645721667,0.0,45.07,63223.75,BTC-28AUG26,62861.46,0.121,62886.12,28AUG26,59000,,C,BTC-28AUG26-59000-C
,0.0001,308.5,0.0,1780645721667,0.0,95.76,62895.49,BTC-26JUN26,62861.46,,62886.12,26JUN26,300000,,C,BTC-26JUN26-300000-C
0.016,0.017,127.6,0.0163957,1780645721667,123.1,44.95,62863.22,BTC-19JUN26,62861.46,0.0165,62886.12,19JUN26,66000,,C,BTC-19JUN26-66000-C
0.0605,0.132,0.0,0.09288511,1780645721667,0.0,111.48,62861.46,index_price,62861.46,0.09625,62886.12,6JUN26,57000,,C,BTC-6JUN26-57000-C
0.0001,,13.5,0.12468084,1780645721667,0.0,88.02,62686.13,BTC-5JUN26,62703.53,,62886.12,5JUN26,70500,,P,BTC-5JUN26-70500-P
0.005,0.006,44.0,0.00562291,1780645721667,91.9,62.57,62861.46,index_price,62861.46,0.0055,62886.12,6JUN26,64000,,C,BTC-6JUN26-64000-C
0.01,0.011,828.7,0.0104836,1780645721667,1.6,42.74,63993.54,BTC-25DEC26,62861.46,0.0105,62886.12,25DEC26,105000,,C,BTC-25DEC26-105000-C
,0.0001,107.8,0.0,1780645721667,6.5,87.87,62686.13,BTC-5JUN26,62703.53,,62886.12,5JUN26,69500,,C,BTC-5JUN26-69500-C
0.0885,0.091,168.2,0.08997145,1780645721667,27.0,46.65,63993.54,BTC-25DEC26,62861.46,0.08975,62886.12,25DEC26,58000,,P,BTC-25DEC26-58000-P
0.2545,0.2615,172.9,0.25874715,1780645721667,0.0,40.12,63060.92,BTC-31JUL26,62861.46,0.258,62886.12,31JUL26,79000,,P,BTC-31JUL26-79000-P
0.0215,0.023,15.3,0.02161841,1780645721667,14.0,71.18,62861.46,index_price,62861.46,0.02225,62886.12,6JUN26,62000,,C,BTC-6JUN26-62000-C
0.1125,0.118,652.9,0.11543565,1780645721667,3.4,48.45,62841.05,BTC-12JUN26,62861.46,0.11525,62886.12,12JUN26,70000,,P,BTC-12JUN26-70000-P
,,0.2,1.28667352,1780645721667,0.0,54.62,63423.83,BTC-25SEP26,62861.46,,62886.12,25SEP26,145000,,P,BTC-25SEP26-145000-P
0.03,0.031,308.6,0.03025587,1780645721667,90.6,52.46,62841.05,BTC-12JUN26,62861.46,0.0305,62886.12,12JUN26,63000,,P,BTC-12JUN26-63000-P
0.2375,0.244,70.6,0.24130378,1780645721667,2.1,62.64,62841.05,BTC-12JUN26,62861.46,0.24075,62886.12,12JUN26,78000,,P,BTC-12JUN26-78000-P
0.0185,0.02,46.0,0.02033408,1780645721667,57.2,64.43,62861.46,index_price,62861.46,0.01925,62886.12,6JUN26,63500,,P,BTC-6JUN26-63500-P
0.056,0.0615,86.8,0.06011846,1780645721667,2.6,60.72,62861.46,index_price,62861.46,0.05875,62886.12,6JUN26,66500,,P,BTC-6JUN26-66500-P
,,0.0,0.66189557,1780645721667,0.0,45.99,63223.4,BTC-28AUG26,62861.46,,62886.12,28AUG26,105000,,P,BTC-28AUG26-105000-P
0.0105,0.016,94.6,0.01301109,1780645721667,176.9,87.69,62686.13,BTC-5JUN26,62703.53,0.01325,62886.12,5JUN26,63500,,P,BTC-5JUN26-63500-P
,0.0001,1138.8,9.723e-05,1780645721667,3.1,90.98,62841.05,BTC-12JUN26,62861.46,,62886.12,12JUN26,90000,,C,BTC-12JUN26-90000-C
0.3055,0.6785,5.2,0.48982656,1780645721667,0.0,42.56,63993.54,BTC-25DEC26,62861.46,0.492,62886.12,25DEC26,94000,,P,BTC-25DEC26-94000-P
0.0915,0.094,320.1,0.09299727,1780645721667,83.3,42.03,63060.92,BTC-31JUL26,62861.46,0.09275,62886.12,31JUL26,66000,,P,BTC-31JUL26-66000-P
0.0002,0.0016,225.0,0.00044948,1780645721667,0.8,57.46,63993.26,BTC-25DEC26,62861.46,0.0009,62886.12,25DEC26,220000,,C,BTC-25DEC26-220000-C
,,0.0,0.21105088,1780645721667,0.0,92.48,62861.46,index_price,62861.46,,62886.12,6JUN26,76000,,P,BTC-6JUN26-76000-P
0.079,0.081,943.1,0.07995508,1780645721667,4.4,43.82,64591.05,BTC-26MAR27,62861.46,0.08,62886.12,26MAR27,80000,,C,BTC-26MAR27-80000-C
,,0.2,1.75942342,1780645721667,0.0,59.79,63424.11,BTC-25SEP26,62861.46,,62886.12,25SEP26,175000,,P,BTC-25SEP26-175000-P
0.0235,0.064,16.7,0.05950484,1780645721667,0.0,49.55,62861.46,index_price,62861.46,0.04375,62886.12,7JUN26,66500,,P,BTC-7JUN26-66500-P
0.0205,0.0215,103.1,0.02101421,1780645721667,3.3,39.79,63223.4,BTC-28AUG26,62861.46,0.021,62886.12,28AUG26,75000,,C,BTC-28AUG26-75000-C
0.0026,0.0041,66.6,0.0033044,1780645721667,236.7,74.29,62686.13,BTC-5JUN26,62703.53,0.00335,62886.12,5JUN26,62500,,C,BTC-5JUN26-62500-C
0.02,0.021,99.0,0.0208934,1780645721667,30.7,42.56,63993.54,BTC-25DEC26,62861.46,0.0205,62886.12,25DEC26,94000,,C,BTC-25DEC26-94000-C
,0.0001,55.3,0.00011482,1780645721667,35.4,75.4,62861.46,index_price,62861.46,,62886.12,6JUN26,69000,,C,BTC-6JUN26-69000-C
0.03,0.031,278.3,0.03059921,1780645721667,41.7,40.18,63222.49,BTC-28AUG26,62861.46,0.0305,62886.12,28AUG26,72000,,C,BTC-28AUG26-72000-C
0.165,0.1675,10.2,0.16640017,1780645721667,1.0,46.73,63424.11,BTC-25SEP26,62861.46,0.16625,62886.12,25SEP26,56000,,C,BTC-25SEP26-56000-C
0.106,0.108,31.7,0.10712482,1780645721667,10.4,43.81,63423.83,BTC-25SEP26,62861.46,0.107,62886.12,25SEP26,62000,,C,BTC-25SEP26-62000-C
0.0001,0.0002,17.4,0.00015559,1780645721667,6.4,54.93,62861.46,index_price,62861.46,0.00015,62886.12,7JUN26,69000,,C,BTC-7JUN26-69000-C
0.037,0.038,453.8,0.03761865,1780645721667,59.7,47.16,63060.92,BTC-31JUL26,62861.46,0.0375,62886.12,31JUL26,58000,,P,BTC-31JUL26-58000-P
0.0395,0.0405,93.0,0.04022148,1780645721667,81.8,41.55,63060.64,BTC-31JUL26,62861.46,0.04,62886.12,31JUL26,67000,,C,BTC-31JUL26-67000-C
0.0515,0.053,1510.2,0.05237739,1780645721667,290.0,41.16,63424.11,BTC-25SEP26,62861.46,0.05225,62886.12,25SEP26,70000,,C,BTC-25SEP26-70000-C
0.0034,0.0038,18.4,0.00357111,1780645721667,19.5,73.31,62861.46,index_price,62861.46,0.0036,62886.12,8JUN26,58000,,P,BTC-8JUN26-58000-P
,,0.0,3.09947203,1780645721667,0.0,61.4,63424.11,BTC-25SEP26,62861.46,,62886.12,25SEP26,260000,,P,BTC-25SEP26-260000-P
,0.0001,176.0,1.3e-07,1780645721667,0.0,86.97,62895.49,BTC-26JUN26,62861.46,,62886.12,26JUN26,165000,,C,BTC-26JUN26-165000-C
0.188,0.29,3.8,0.23438881,1780645721667,0.1,39.79,63223.4,BTC-28AUG26,62861.46,0.239,62886.12,28AUG26,77000,,P,BTC-28AUG26-77000-P
0.021,0.022,723.2,0.02138282,1780645721667,64.4,52.53,62863.22,BTC-19JUN26,62861.46,0.0215,62886.12,19JUN26,60000,,P,BTC-19JUN26-60000-P
0.07,0.073,1345.2,0.07203582,1780645721667,113.8,43.78,62895.49,BTC-26JUN26,62861.46,0.0715,62886.12,26JUN26,66000,,P,BTC-26JUN26-66000-P
0.062,0.064,0.0,0.06294498,1780645721667,0.0,43.5,64591.05,BTC-26MAR27,62861.46,0.063,62886.12,26MAR27,85000,,C,BTC-26MAR27-85000-C
0.027,0.0295,18.7,0.02827409,1780645721667,20.0,47.58,62861.46,index_price,62861.46,0.02825,62886.12,8JUN26,64000,,P,BTC-8JUN26-64000-P
0.088,0.093,0.0,0.09068357,1780645721667,0.0,168.05,62686.13,BTC-5JUN26,62703.53,0.0905,62886.12,5JUN26,57000,,C,BTC-5JUN26-57000-C
0.7185,0.7335,53.3,0.72696154,1780645721667,0.0,43.19,63993.26,BTC-25DEC26,62861.46,0.726,62886.12,25DEC26,110000,,P,BTC-25DEC26-110000-P
0.114,0.1155,6.8,0.11505863,1780645721667,1.7,41.53,63223.4,BTC-28AUG26,62861.46,0.11475,62886.12,28AUG26,67000,,P,BTC-28AUG26-67000-P
0.257,0.2625,86.8,0.26028066,1780645721667,0.5,102.76,62686.13,BTC-5JUN26,62703.53,0.25975,62886.12,5JUN26,79000,,P,BTC-5JUN26-79000-P
0.6745,1.2475,8.4,0.95728006,1780645721667,2.0,44.86,63993.54,BTC-25DEC26,62861.46,0.961,62886.12,25DEC26,125000,,P,BTC-25DEC26-125000-P
,,0.0,0.58653072,1780645721667,0.0,49.72,63060.64,BTC-31JUL26,62861.46,,62886.12,31JUL26,100000,,P,BTC-31JUL26-100000-P
0.0225,0.0255,170.4,0.02545481,1780645721667,63.8,62.57,62861.46,index_price,62861.46,0.024,62886.12,6JUN26,64000,,P,BTC-6JUN26-64000-P
0.0075,0.0085,0.3,0.00795835,1780645721667,0.3,60.87,62861.46,index_price,62861.46,0.008,62886.12,8JUN26,60500,,P,BTC-8JUN26-60500-P
,,0.0,0.68137951,1780645721667,0.0,51.78,63060.64,BTC-31JUL26,62861.46,,62886.12,31JUL26,106000,,P,BTC-31JUL26-106000-P
,,1.2,0.7235442,1780645721667,0.0,43.79,64591.05,BTC-26MAR27,62861.46,,62886.12,26MAR27,110000,,P,BTC-26MAR27-110000-P
0.022,0.023,252.5,0.02267965,1780645721667,25.2,50.61,63060.92,BTC-31JUL26,62861.46,0.0225,62886.12,31JUL26,54000,,P,BTC-31JUL26-54000-P
0.4195,0.4305,597.0,0.42554125,1780645721667,0.0,40.11,63424.11,BTC-25SEP26,62861.46,0.425,62886.12,25SEP26,90000,,P,BTC-25SEP26-90000-P
,,0.1,4.045502,1780645721667,0.0,66.78,63424.11,BTC-25SEP26,62861.46,,62886.12,25SEP26,320000,,P,BTC-25SEP26-320000-P
0.2845,0.292,110.8,0.2887835,1780645721667,0.0,40.3,63060.92,BTC-31JUL26,62861.46,0.28825,62886.12,31JUL26,81000,,P,BTC-31JUL26-81000-P
0.139,0.141,14.9,0.14004409,1780645721667,10.7,45.24,64591.05,BTC-26MAR27,62861.46,0.14,62886.12,26MAR27,68000,,C,BTC-26MAR27-68000-C
0.114,0.185,0.0,0.14765429,1780645721667,0.0,64.98,62863.22,BTC-19JUN26,62861.46,0.1495,62886.12,19JUN26,54000,,C,BTC-19JUN26-54000-C
0.2585,0.541,2.0,0.39725598,1780645721667,0.0,42.88,63060.92,BTC-31JUL26,62861.46,0.39975,62886.12,31JUL26,88000,,P,BTC-31JUL26-88000-P
0.225,0.232,172.7,0.22837482,1780645721667,77.0,102.38,62686.13,BTC-5JUN26,62703.53,0.2285,62886.12,5JUN26,77000,,P,BTC-5JUN26-77000-P
0.0044,0.0048,153.9,0.004543,1780645721667,5.4,40.82,63424.11,BTC-25SEP26,62861.46,0.0046,62886.12,25SEP26,94000,,C,BTC-25SEP26-94000-C
,0.0001,413.9,0.00036188,1780645721667,609.2,74.29,62686.13,BTC-5JUN26,62703.53,,62886.12,5JUN26,62500,,P,BTC-5JUN26-62500-P
,0.0001,100.9,7.602e-05,1780645721667,1.1,88.47,62861.46,index_price,62861.46,,62886.12,7JUN26,75000,,C,BTC-7JUN26-75000-C
,,0.0,2.97491226,1780645721667,0.0,90.33,62895.49,BTC-26JUN26,62861.46,,62886.12,26JUN26,250000,,P,BTC-26JUN26-250000-P
0.097,0.1465,0.0,0.10642364,1780645721667,0.0,58.81,62861.46,index_price,62861.46,0.12175,62886.12,7JUN26,69500,,P,BTC-7JUN26-69500-P
0.013,0.0135,152.7,0.01362617,1780645721667,42.2,40.07,63060.64,BTC-31JUL26,62861.46,0.01325,62886.12,31JUL26,74000,,C,BTC-31JUL26-74000-C
0.0175,0.0185,209.4,0.01838758,1780645721667,0.0,42.56,63993.54,BTC-25DEC26,62861.46,0.018,62886.12,25DEC26,96000,,C,BTC-25DEC26-96000-C
0.0065,0.007,97.8,0.0066893,1780645721667,111.4,63.16,62861.46,index_price,62861.46,0.00675,62886.12,8JUN26,60000,,P,BTC-8JUN26-60000-P
0.0955,0.099,66.7,0.09708117,1780645721667,47.8,52.87,62895.49,BTC-26JUN26,62861.46,0.09725,62886.12,26JUN26,58000,,C,BTC-26JUN26-58000-C
,0.0001,256.5,0.0,1780645721667,0.0,102.82,62686.13,BTC-5JUN26,62703.53,,62886.12,5JUN26,90000,,C,BTC-5JUN26-90000-C
0.208,0.2125,371.5,0.21020807,1780645721667,9.2,67.82,62895.49,BTC-26JUN26,62861.46,0.21025,62886.12,26JUN26,50000,,C,BTC-26JUN26-50000-C
0.104,0.1085,167.8,0.10757735,1780645721667,11.5,79.41,62861.46,index_price,62861.46,0.10625,62886.12,6JUN26,69500,,P,BTC-6JUN26-69500-P
0.007,0.008,125.2,0.0075532,1780645721667,0.6,39.8,63223.4,BTC-28AUG26,62861.46,0.0075,62886.12,28AUG26,83000,,C,BTC-28AUG26-83000-C
0.105,0.107,225.1,0.10583559,1780645721667,37.3,44.16,63993.54,BTC-25DEC26,62861.46,0.106,62886.12,25DEC26,68000,,C,BTC-25DEC26-68000-C
0.023,0.0245,219.1,0.02369429,1780645721667,47.3,39.79,63223.4,BTC-28AUG26,62861.46,0.02375,62886.12,28AUG26,74000,,C,BTC-28AUG26-74000-C
0.336,0.643,1.3,0.48665891,1780645721667,0.0,40.82,63423.83,BTC-25SEP26,62861.46,0.4895,62886.12,25SEP26,94000,,P,BTC-25SEP26-94000-P
0.0305,0.032,214.4,0.03146582,1780645721667,7.5,43.42,64591.05,BTC-26MAR27,62861.46,0.03125,62886.12,26MAR27,100000,,C,BTC-26MAR27-100000-C
0.191,0.195,49.1,0.19284663,1780645721667,0.1,45.24,64591.05,BTC-26MAR27,62861.46,0.193,62886.12,26MAR27,68000,,P,BTC-26MAR27-68000-P
0.0165,0.0175,65.2,0.01700783,1780645721667,82.3,50.57,62861.46,index_price,62861.46,0.017,62886.12,8JUN26,63000,,C,BTC-8JUN26-63000-C
,,0.0,3.45190173,1780645721667,0.0,91.37,62895.49,BTC-26JUN26,62861.46,,62886.12,26JUN26,280000,,P,BTC-26JUN26-280000-P
,0.0001,691.0,0.0,1780645721667,0.0,86.99,62895.49,BTC-26JUN26,62861.46,,62886.12,26JUN26,220000,,C,BTC-26JUN26-220000-C
0.364,0.367,33.0,0.36527494,1780645721667,0.0,91.6,62895.49,BTC-26JUN26,62861.46,0.3655,62886.12,26JUN26,40000,,C,BTC-26JUN26-40000-C
0.207,0.2135,1740.4,0.21017954,1780645721667,1.0,44.57,62895.21,BTC-26JUN26,62861.46,0.21025,62886.12,26JUN26,76000,,P,BTC-26JUN26-76000-P
,0.0001,510.6,0.0,1780645721667,0.0,101.6,62686.13,BTC-5JUN26,62703.53,,62886.12,5JUN26,75000,,C,BTC-5JUN26-75000-C
0.0003,0.0004,5585.4,0.00035569,1780645721667,95.5,60.0,62895.49,BTC-26JUN26,62861.46,0.00035,62886.12,26JUN26,90000,,C,BTC-26JUN26-90000-C
,,0.0,3.13390875,1780645721667,0.0,91.06,62895.49,BTC-26JUN26,62861.46,,62886.12,26JUN26,260000,,P,BTC-26JUN26-260000-P
,0.0001,104.0,0.00010238,1780645721667,3.1,85.12,62861.46,index_price,62861.46,,62886.12,7JUN26,74000,,C,BTC-7JUN26-74000-C
0.038,0.1125,9.2,0.07281353,1780645721667,0.2,62.99,62841.05,BTC-12JUN26,62861.46,0.07525,62886.12,12JUN26,59000,,C,BTC-12JUN26-59000-C
0.248,0.2585,642.8,0.25248413,1780645721668,1.5,39.71,63424.11,BTC-25SEP26,62861.46,0.25325,62886.12,25SEP26,78000,,P,BTC-25SEP26-78000-P
,0.0001,1510.4,1.89e-05,1780645721668,0.0,86.97,62895.49,BTC-26JUN26,62861.46,,62886.12,26JUN26,130000,,C,BTC-26JUN26-130000-C
0.0012,0.0015,277.3,0.00132077,1780645721668,6.9,45.77,62863.22,BTC-19JUN26,62861.46,0.00135,62886.12,19JUN26,74000,,C,BTC-19JUN26-74000-C
0.26,0.318,5.8,0.28701409,1780645721668,0.0,79.11,62895.49,BTC-26JUN26,62861.46,0.289,62886.12,26JUN26,45000,,C,BTC-26JUN26-45000-C
0.0001,0.0002,220.6,0.00014664,1780645721668,21.9,69.69,62841.05,BTC-12JUN26,62861.46,0.00015,62886.12,12JUN26,81000,,C,BTC-12JUN26-81000-C
0.0545,0.056,197.1,0.05527296,1780645721668,53.8,41.53,63223.4,BTC-28AUG26,62861.46,0.05525,62886.12,28AUG26,67000,,C,BTC-28AUG26-67000-C
0.048,0.054,77.2,0.05249265,1780645721668,7.3,60.63,62861.46,index_price,62861.46,0.051,62886.12,6JUN26,66000,,P,BTC-6JUN26-66000-P
0.0115,0.0125,124.4,0.01198956,1780645721668,48.3,44.19,62863.22,BTC-19JUN26,62861.46,0.012,62886.12,19JUN26,67000,,C,BTC-19JUN26-67000-C
,,0.0,0.94680678,1780645721668,0.0,44.74,64591.05,BTC-26MAR27,62861.46,,62886.12,26MAR27,125000,,P,BTC-26MAR27-125000-P
0.016,0.017,571.8,0.0168095,1780645721668,14.5,44.1,64591.05,BTC-26MAR27,62861.46,0.0165,62886.12,26MAR27,115000,,C,BTC-26MAR27-115000-C
0.059,0.061,74.2,0.06011074,1780645721668,25.5,43.49,64591.05,BTC-26MAR27,62861.46,0.06,62886.12,26MAR27,86000,,C,BTC-26MAR27-86000-C
0.2535,0.323,0.0,0.28534175,1780645721668,0.0,55.68,63223.4,BTC-28AUG26,62861.46,0.28825,62886.12,28AUG26,46000,,C,BTC-28AUG26-46000-C
0.018,0.019,789.2,0.01873518,1780645721668,193.6,57.41,62841.05,BTC-12JUN26,62861.46,0.0185,62886.12,12JUN26,61000,,P,BTC-12JUN26-61000-P
0.0008,0.0011,19.0,0.00100059,1780645721668,11.3,99.89,62861.46,index_price,62861.46,0.00095,62886.12,7JUN26,55000,,P,BTC-7JUN26-55000-P
0.0065,0.007,239.0,0.00669918,1780645721668,94.3,64.98,62863.22,BTC-19JUN26,62861.46,0.00675,62886.12,19JUN26,54000,,P,BTC-19JUN26-54000-P
0.0715,0.0735,950.1,0.07257879,1780645721668,61.9,47.71,63993.54,BTC-25DEC26,62861.46,0.0725,62886.12,25DEC26,55000,,P,BTC-25DEC26-55000-P
0.0031,0.0036,179.0,0.00332957,1780645721668,0.0,41.78,63423.83,BTC-25SEP26,62861.46,0.00335,62886.12,25SEP26,98000,,C,BTC-25SEP26-98000-C
,,15.9,0.39959897,1780645721668,0.0,58.02,62895.49,BTC-26JUN26,62861.46,,62886.12,26JUN26,88000,,P,BTC-26JUN26-88000-P
0.002,0.0024,42.2,0.00238009,1780645721668,38.9,49.42,62861.46,index_price,62861.46,0.0022,62886.12,7JUN26,65500,,C,BTC-7JUN26-65500-C
0.5725,0.585,271.9,0.57959981,1780645721668,0.0,42.28,63423.83,BTC-25SEP26,62861.46,0.57875,62886.12,25SEP26,100000,,P,BTC-25SEP26-100000-P
,0.0001,224.7,0.0,1780645721668,252.1,168.05,62686.13,BTC-5JUN26,62703.53,,62886.12,5JUN26,57000,,P,BTC-5JUN26-57000-P
0.0755,0.077,60.6,0.07596608,1780645721668,18.0,42.64,63223.75,BTC-28AUG26,62861.46,0.07625,62886.12,28AUG26,64000,,C,BTC-28AUG26-64000-C
0.0065,0.0075,43.8,0.00699946,1780645721668,52.3,46.63,62861.46,index_price,62861.46,0.007,62886.12,8JUN26,64500,,C,BTC-8JUN26-64500-C
,0.0001,1024.4,0.0,1780645721668,0.0,86.97,62895.49,BTC-26JUN26,62861.46,,62886.12,26JUN26,200000,,C,BTC-26JUN26-200000-C
0.0003,0.0005,99.1,0.00044937,1780645721668,41.4,60.72,62861.46,index_price,62861.46,0.0004,62886.12,6JUN26,66500,,C,BTC-6JUN26-66500-C
0.034,0.035,17.5,0.034623,1780645721668,15.7,40.39,63223.75,BTC-28AUG26,62861.46,0.0345,62886.12,28AUG26,71000,,C,BTC-28AUG26-71000-C
0.0023,0.0028,54.4,0.00254189,1780645721668,0.0,42.88,63424.11,BTC-25SEP26,62861.46,0.00255,62886.12,25SEP26,102000,,C,BTC-25SEP26-102000-C
0.0275,0.0295,48.5,0.02877596,1780645721668,17.3,43.46,64591.05,BTC-26MAR27,62861.46,0.0285,62886.12,26MAR27,102000,,C,BTC-26MAR27-102000-C
0.273,0.2795,245.2,0.2762405,1780645721668,0.1,42.88,63993.26,BTC-25DEC26,62861.46,0.27625,62886.12,25DEC26,78000,,P,BTC-25DEC26-78000-P
0.1545,0.1615,5.4,0.1576696,1780645721668,0.2,40.39,63222.49,BTC-28AUG26,62861.46,0.158,62886.12,28AUG26,71000,,P,BTC-28AUG26-71000-P
0.0002,0.0003,582.5,0.00025204,1780645721668,12.0,61.0,62841.05,BTC-12JUN26,62861.46,0.00025,62886.12,12JUN26,77000,,C,BTC-12JUN26-77000-C
0.0175,0.0185,3460.6,0.01826039,1780645721668,506.9,39.59,63424.11,BTC-25SEP26,62861.46,0.018,62886.12,25SEP26,80000,,C,BTC-25SEP26-80000-C
,0.0001,231.0,0.0,1780645721668,0.0,91.37,62895.49,BTC-26JUN26,62861.46,,62886.12,26JUN26,280000,,C,BTC-26JUN26-280000-C
0.0016,0.0019,77.2,0.00172572,1780645721668,44.6,103.6,62861.46,index_price,62861.46,0.00175,62886.12,6JUN26,58000,,P,BTC-6JUN26-58000-P
0.129,0.1335,0.0,0.13126868,1780645721668,0.0,45.67,63223.4,BTC-28AUG26,62861.46,0.13125,62886.12,28AUG26,58000,,C,BTC-28AUG26-58000-C
0.1565,0.164,372.7,0.16041105,1780645721668,12.8,40.11,63060.92,BTC-31JUL26,62861.46,0.16025,62886.12,31JUL26,72000,,P,BTC-31JUL26-72000-P
0.0065,0.0075,32.2,0.0071564,1780645721668,32.4,63.86,62895.49,BTC-26JUN26,62861.46,0.007,62886.12,26JUN26,52000,,P,BTC-26JUN26-52000-P
0.3105,0.607,4.0,0.45607035,1780645721668,0.0,40.56,63424.11,BTC-25SEP26,62861.46,0.45875,62886.12,25SEP26,92000,,P,BTC-25SEP26-92000-P
0.029,0.1025,0.0,0.06442149,1780645721668,0.0,75.4,62861.46,index_price,62861.46,0.06575,62886.12,7JUN26,59000,,C,BTC-7JUN26-59000-C
0.213,0.2175,1.4,0.21584053,1780645721668,0.9,47.39,64591.05,BTC-26MAR27,62861.46,0.21525,62886.12,26MAR27,58000,,C,BTC-26MAR27-58000-C
,,0.0,0.24292022,1780645721668,0.0,95.3,62861.46,index_price,62861.46,,62886.12,6JUN26,78000,,P,BTC-6JUN26-78000-P
0.04,0.042,46.5,0.04134052,1780645721668,0.0,43.35,64591.05,BTC-26MAR27,62861.46,0.041,62886.12,26MAR27,94000,,C,BTC-26MAR27-94000-C
0.0845,0.131,0.0,0.09054018,1780645721668,0.0,52.79,62861.46,index_price,62861.46,0.10775,62886.12,7JUN26,68500,,P,BTC-7JUN26-68500-P
0.1165,0.1175,20.3,0.11720248,1780645721668,0.1,44.82,64591.05,BTC-26MAR27,62861.46,0.117,62886.12,26MAR27,72000,,C,BTC-26MAR27-72000-C
,0.0001,789.5,4.54e-06,1780645721668,0.2,86.97,62895.49,BTC-26JUN26,62861.46,,62886.12,26JUN26,140000,,C,BTC-26JUN26-140000-C
0.212,0.2145,30.3,0.21309663,1780645721668,0.0,47.71,63993.54,BTC-25DEC26,62861.46,0.21325,62886.12,25DEC26,55000,,C,BTC-25DEC26-55000-C
,0.466,2.8,0.42866872,1780645721668,0.0,43.93,63060.92,BTC-31JUL26,62861.46,,62886.12,31JUL26,90000,,P,BTC-31JUL26-90000-P
0.1325,0.1385,23.5,0.13536181,1780645721668,0.0,40.9,63223.75,BTC-28AUG26,62861.46,0.1355,62886.12,28AUG26,69000,,P,BTC-28AUG26-69000-P
,0.0014,877.2,0.0003588,1780645721668,1.0,59.69,63993.54,BTC-25DEC26,62861.46,,62886.12,25DEC26,240000,,C,BTC-25DEC26-240000-C
0.0004,0.0007,398.5,0.00044649,1780645721668,2.0,51.12,63060.92,BTC-31JUL26,62861.46,0.00055,62886.12,31JUL26,105000,,C,BTC-31JUL26-105000-C
0.173,0.177,84.3,0.17504436,1780645721668,0.0,45.6,64591.05,BTC-26MAR27,62861.46,0.175,62886.12,26MAR27,66000,,P,BTC-26MAR27-66000-P
0.0009,0.0011,1315.1,0.00100322,1780645721668,2.6,46.57,62863.22,BTC-19JUN26,62861.46,0.001,62886.12,19JUN26,75000,,C,BTC-19JUN26-75000-C
0.1915,0.197,2168.7,0.19472193,1780645721668,6.5,43.89,62895.49,BTC-26JUN26,62861.46,0.19425,62886.12,26JUN26,75000,,P,BTC-26JUN26-75000-P
0.0685,0.07,1092.5,0.06917129,1780645721668,1.6,43.15,63993.26,BTC-25DEC26,62861.46,0.06925,62886.12,25DEC26,75000,,C,BTC-25DEC26-75000-C
,0.0001,75.2,0.0,1780645721668,142.4,166.88,62686.13,BTC-5JUN26,62703.53,,62886.12,5JUN26,59000,,P,BTC-5JUN26-59000-P
,,0.5,0.22558126,1780645721668,0.5,48.84,62863.22,BTC-19JUN26,62861.46,,62886.12,19JUN26,77000,,P,BTC-19JUN26-77000-P
0.0003,0.0005,488.5,0.00043202,1780645721668,35.9,54.29,62841.05,BTC-12JUN26,62861.46,0.0004,62886.12,12JUN26,74000,,C,BTC-12JUN26-74000-C
0.5225,0.5245,68.9,0.52339518,1780645721668,0.0,122.66,62895.49,BTC-26JUN26,62861.46,0.5235,62886.12,26JUN26,30000,,C,BTC-26JUN26-30000-C
0.018,0.019,425.1,0.01863678,1780645721668,30.6,40.11,63060.92,BTC-31JUL26,62861.46,0.0185,62886.12,31JUL26,72000,,C,BTC-31JUL26-72000-C
0.009,0.01,53.8,0.00951285,1780645721668,66.2,58.65,62861.46,index_price,62861.46,0.0095,62886.12,8JUN26,61000,,P,BTC-8JUN26-61000-P
,0.0001,137.4,0.00010191,1780645721668,32.7,84.11,62861.46,index_price,62861.46,,62886.12,6JUN26,70000,,C,BTC-6JUN26-70000-C
,,14.2,1.14646189,1780645721668,0.0,86.97,62895.49,BTC-26JUN26,62861.46,,62886.12,26JUN26,135000,,P,BTC-26JUN26-135000-P
0.0655,0.067,30.5,0.0661902,1780645721668,5.4,44.0,63223.75,BTC-28AUG26,62861.46,0.06625,62886.12,28AUG26,61000,,P,BTC-28AUG26-61000-P
0.0265,0.028,2925.6,0.02741529,1780645721668,62.2,50.69,63424.11,BTC-25SEP26,62861.46,0.02725,62886.12,25SEP26,50000,,P,BTC-25SEP26-50000-P
,0.0001,654.2,0.0,1780645721668,0.0,88.02,62686.13,BTC-5JUN26,62703.53,,62886.12,5JUN26,70500,,C,BTC-5JUN26-70500-C
0.0016,0.0019,980.1,0.00180621,1780645721668,21.4,44.57,62895.49,BTC-26JUN26,62861.46,0.00175,62886.12,26JUN26,76000,,C,BTC-26JUN26-76000-C
0.156,0.16,101.7,0.15809653,1780645721668,0.0,45.95,64591.05,BTC-26MAR27,62861.46,0.158,62886.12,26MAR27,64000,,P,BTC-26MAR27-64000-P
0.1,0.1025,0.0,0.10132623,1780645721668,0.0,44.0,63223.4,BTC-28AUG26,62861.46,0.10125,62886.12,28AUG26,61000,,C,BTC-28AUG26-61000-C
0.133,0.1385,799.2,0.13563433,1780645721668,24.4,40.5,63060.92,BTC-31JUL26,62861.46,0.13575,62886.12,31JUL26,70000,,P,BTC-31JUL26-70000-P
,,0.0,0.79728438,1780645721668,0.0,44.1,64591.05,BTC-26MAR27,62861.46,,62886.12,26MAR27,115000,,P,BTC-26MAR27-115000-P
0.1715,0.221,0.0,0.1791852,1780645721668,0.0,92.27,62861.46,index_price,62861.46,0.19625,62886.12,6JUN26,74000,,P,BTC-6JUN26-74000-P
,,1.4,1.20787396,1780645721668,0.0,53.05,63424.11,BTC-25SEP26,62861.46,,62886.12,25SEP26,140000,,P,BTC-25SEP26-140000-P
0.175,0.181,198.4,0.17853043,1780645721668,0.0,45.77,62863.22,BTC-19JUN26,62861.46,0.178,62886.12,19JUN26,74000,,P,BTC-19JUN26-74000-P
0.127,0.1965,0.0,0.15992187,1780645721668,0.0,83.08,62841.05,BTC-12JUN26,62861.46,0.16175,62886.12,12JUN26,53000,,C,BTC-12JUN26-53000-C
0.0013,0.0016,1209.2,0.00145088,1780645721668,0.6,43.93,63060.64,BTC-31JUL26,62861.46,0.00145,62886.12,31JUL26,90000,,C,BTC-31JUL26-90000-C
,0.0001,131.4,0.0,1780645721668,33.7,87.86,62686.13,BTC-5JUN26,62703.53,,62886.12,5JUN26,68000,,C,BTC-5JUN26-68000-C
,,0.0,0.44438183,1780645721668,0.0,44.36,63060.92,BTC-31JUL26,62861.46,,62886.12,31JUL26,91000,,P,BTC-31JUL26-91000-P
,0.0001,129.0,0.0,1780645721668,0.0,102.06,62895.49,BTC-26JUN26,62861.46,,62886.12,26JUN26,340000,,C,BTC-26JUN26-340000-C
0.0385,0.0395,49.2,0.03904024,1780645721668,43.5,40.62,63222.49,BTC-28AUG26,62861.46,0.039,62886.12,28AUG26,70000,,C,BTC-28AUG26-70000-C
,,0.0,0.69435158,1780645721668,0.0,43.69,64591.05,BTC-26MAR27,62861.46,,62886.12,26MAR27,108000,,P,BTC-26MAR27-108000-P
0.0135,0.0145,79.4,0.01397346,1780645721668,71.1,55.66,62861.46,index_price,62861.46,0.014,62886.12,7JUN26,62500,,P,BTC-7JUN26-62500-P
0.0023,0.0029,441.9,0.00270127,1780645721668,5.4,49.73,64591.05,BTC-26MAR27,62861.46,0.0026,62886.12,26MAR27,180000,,C,BTC-26MAR27-180000-C
0.2365,0.495,5.8,0.36664144,1780645721668,0.0,43.58,64590.77,BTC-26MAR27,62861.46,0.36575,62886.12,26MAR27,84000,,P,BTC-26MAR27-84000-P
0.1745,0.2765,5.5,0.22074276,1780645721668,0.0,39.79,63223.4,BTC-28AUG26,62861.46,0.2255,62886.12,28AUG26,76000,,P,BTC-28AUG26-76000-P
0.0007,0.0008,1464.1,0.00078182,1780645721668,32.0,50.96,62841.05,BTC-12JUN26,62861.46,0.00075,62886.12,12JUN26,72000,,C,BTC-12JUN26-72000-C
0.0065,0.007,775.0,0.00705812,1780645721668,101.8,40.08,63060.92,BTC-31JUL26,62861.46,0.00675,62886.12,31JUL26,78000,,C,BTC-31JUL26-78000-C
0.014,0.015,71.1,0.01426825,1780645721668,92.6,56.11,62863.22,BTC-19JUN26,62861.46,0.0145,62886.12,19JUN26,58000,,P,BTC-19JUN26-58000-P
0.025,0.026,416.2,0.02557601,1780645721668,215.0,40.5,63060.92,BTC-31JUL26,62861.46,0.0255,62886.12,31JUL26,70000,,C,BTC-31JUL26-70000-C
0.0008,0.0012,1134.7,0.00097988,1780645721668,54.2,47.92,63424.11,BTC-25SEP26,62861.46,0.001,62886.12,25SEP26,120000,,C,BTC-25SEP26-120000-C
0.0031,0.0034,251.7,0.00332541,1780645721668,8.1,44.2,62863.5,BTC-19JUN26,62861.46,0.00325,62886.12,19JUN26,71000,,C,BTC-19JUN26-71000-C
,,0.0,1.68064202,1780645721668,0.0,59.73,63424.11,BTC-25SEP26,62861.46,,62886.12,25SEP26,170000,,P,BTC-25SEP26-170000-P
0.166,0.172,85.1,0.16947317,1780645721668,3.1,40.18,63223.4,BTC-28AUG26,62861.46,0.169,62886.12,28AUG26,72000,,P,BTC-28AUG26-72000-P
0.002,0.0024,3440.3,0.00224825,1780645721668,291.3,43.89,62895.49,BTC-26JUN26,62861.46,0.0022,62886.12,26JUN26,75000,,C,BTC-26JUN26-75000-C
0.0195,0.02,25.5,0.01972717,1780645721668,36.7,50.57,62861.46,index_price,62861.46,0.01975,62886.12,8JUN26,63000,,P,BTC-8JUN26-63000-P
0.0535,0.0555,23.9,0.05471338,1780645721668,5.0,43.43,64590.77,BTC-26MAR27,62861.46,0.0545,62886.12,26MAR27,88000,,C,BTC-26MAR27-88000-C
0.0001,0.0002,303.3,0.00014843,1780645721668,63.4,67.38,62861.46,index_price,62861.46,0.00015,62886.12,6JUN26,68000,,C,BTC-6JUN26-68000-C
0.0024,0.0027,3298.4,0.0024983,1780645721668,203.9,79.11,62895.49,BTC-26JUN26,62861.46,0.00255,62886.12,26JUN26,45000,,P,BTC-26JUN26-45000-P
,0.0001,207.0,0.0,1780645721668,0.0,102.82,62686.13,BTC-5JUN26,62703.53,,62886.12,5JUN26,86000,,C,BTC-5JUN26-86000-C
0.2495,0.255,47.2,0.25184803,1780645721668,2.0,44.38,64591.05,BTC-26MAR27,62861.46,0.25225,62886.12,26MAR27,74000,,P,BTC-26MAR27-74000-P
0.0195,0.079,0.0,0.03951714,1780645721668,0.0,45.93,62861.46,index_price,62861.46,0.04925,62886.12,8JUN26,65000,,P,BTC-8JUN26-65000-P
0.003,0.0034,177.7,0.00328567,1780645721668,0.3,48.74,64591.05,BTC-26MAR27,62861.46,0.0032,62886.12,26MAR27,170000,,C,BTC-26MAR27-170000-C
0.1775,0.1855,3.3,0.1816453,1780645721668,1.6,39.97,63223.4,BTC-28AUG26,62861.46,0.1815,62886.12,28AUG26,73000,,P,BTC-28AUG26-73000-P
0.105,0.107,31.2,0.10615115,1780645721668,0.1,44.38,64591.05,BTC-26MAR27,62861.46,0.106,62886.12,26MAR27,74000,,C,BTC-26MAR27-74000-C
0.1315,0.1345,133.8,0.13319161,1780645721668,32.1,44.95,63993.54,BTC-25DEC26,62861.46,0.133,62886.12,25DEC26,64000,,P,BTC-25DEC26-64000-P
0.006,0.007,44.5,0.00660048,1780645721668,3.2,39.8,63223.4,BTC-28AUG26,62861.46,0.0065,62886.12,28AUG26,84000,,C,BTC-28AUG26-84000-C
0.2505,0.2545,0.0,0.253291,1780645721668,0.0,48.57,64590.77,BTC-26MAR27,62861.46,0.2525,62886.12,26MAR27,54000,,C,BTC-26MAR27-54000-C
,0.0001,213.5,0.00017456,1780645721668,316.9,84.21,62686.13,BTC-5JUN26,62703.53,,62886.12,5JUN26,63000,,C,BTC-5JUN26-63000-C
0.0004,0.0005,2003.2,0.00042986,1780645721669,41.1,58.02,62895.49,BTC-26JUN26,62861.46,0.00045,62886.12,26JUN26,88000,,C,BTC-26JUN26-88000-C
0.0039,0.0055,358.9,0.0052085,1780645721669,542.1,84.21,62686.13,BTC-5JUN26,62703.53,0.0047,62886.12,5JUN26,63000,,P,BTC-5JUN26-63000-P
0.155,0.2,0.0,0.19388521,1780645721669,0.0,88.47,62861.46,index_price,62861.46,0.1775,62886.12,7JUN26,75000,,P,BTC-7JUN26-75000-P
,,0.0,0.4318863,1780645721669,0.0,66.83,62863.22,BTC-19JUN26,62861.46,,62886.12,19JUN26,90000,,P,BTC-19JUN26-90000-P
0.269,0.2765,2497.5,0.27288641,1780645721669,0.6,48.4,62895.49,BTC-26JUN26,62861.46,0.27275,62886.12,26JUN26,80000,,P,BTC-26JUN26-80000-P
0.021,0.022,36.9,0.0216044,1780645721669,43.6,52.25,62861.46,index_price,62861.46,0.0215,62886.12,8JUN26,62500,,C,BTC-8JUN26-62500-C
,,0.0,0.36859827,1780645721669,0.0,86.88,62841.05,BTC-12JUN26,62861.46,,62886.12,12JUN26,86000,,P,BTC-12JUN26-86000-P
,0.0001,21.7,3.513e-05,1780645721669,8.0,92.26,62861.46,index_price,62861.46,,62886.12,6JUN26,72000,,C,BTC-6JUN26-72000-C
0.0011,0.0015,2423.9,0.00128527,1780645721669,110.2,46.79,63423.83,BTC-25SEP26,62861.46,0.0013,62886.12,25SEP26,115000,,C,BTC-25SEP26-115000-C
0.1095,0.113,3.6,0.11081982,1780645721669,0.6,44.52,63223.75,BTC-28AUG26,62861.46,0.11125,62886.12,28AUG26,60000,,C,BTC-28AUG26-60000-C
,,0.0,0.8717642,1780645721669,0.0,44.43,64590.77,BTC-26MAR27,62861.46,,62886.12,26MAR27,120000,,P,BTC-26MAR27-120000-P
,0.0001,742.1,0.0,1780645721669,0.0,102.72,62686.13,BTC-5JUN26,62703.53,,62886.12,5JUN26,78000,,C,BTC-5JUN26-78000-C
0.0795,0.085,54.4,0.08371983,1780645721669,3.9,67.38,62861.46,index_price,62861.46,0.08225,62886.12,6JUN26,68000,,P,BTC-6JUN26-68000-P
0.0003,0.0005,63.9,0.0004163,1780645721669,28.7,50.61,62861.46,index_price,62861.46,0.0004,62886.12,7JUN26,67500,,C,BTC-7JUN26-67500-C
0.038,0.039,493.1,0.0385694,1780645721669,241.2,47.88,62863.22,BTC-19JUN26,62861.46,0.0385,62886.12,19JUN26,63000,,P,BTC-19JUN26-63000-P
0.006,0.0065,156.9,0.00649637,1780645721669,118.1,44.15,62863.22,BTC-19JUN26,62861.46,0.00625,62886.12,19JUN26,69000,,C,BTC-19JUN26-69000-C
0.017,0.018,323.3,0.01760887,1780645721669,198.4,52.69,63060.92,BTC-31JUL26,62861.46,0.0175,62886.12,31JUL26,52000,,P,BTC-31JUL26-52000-P
,,4.0,0.2921865,1780645721669,0.0,102.82,62686.13,BTC-5JUN26,62703.53,,62886.12,5JUN26,81000,,P,BTC-5JUN26-81000-P
0.0375,0.039,858.4,0.03825587,1780645721669,131.2,50.45,62841.05,BTC-12JUN26,62861.46,0.03825,62886.12,12JUN26,64000,,P,BTC-12JUN26-64000-P
,0.0001,266.9,0.0,1780645721669,0.0,102.47,62895.49,BTC-26JUN26,62861.46,,62886.12,26JUN26,380000,,C,BTC-26JUN26-380000-C
,,0.0,0.63653165,1780645721669,0.0,43.52,64591.05,BTC-26MAR27,62861.46,,62886.12,26MAR27,104000,,P,BTC-26MAR27-104000-P
,0.0001,1303.7,0.0,1780645721669,0.2,88.57,62686.13,BTC-5JUN26,62703.53,,62886.12,5JUN26,72000,,C,BTC-5JUN26-72000-C
0.045,0.046,21.6,0.04549205,1780645721669,5.3,49.31,62863.22,BTC-19JUN26,62861.46,0.0455,62886.12,19JUN26,62000,,C,BTC-19JUN26-62000-C
0.0205,0.0225,45.2,0.02145749,1780645721669,30.6,52.07,62861.46,index_price,62861.46,0.0215,62886.12,7JUN26,63500,,P,BTC-7JUN26-63500-P
0.0185,0.024,99.0,0.02098686,1780645721669,238.6,87.7,62686.13,BTC-5JUN26,62703.53,0.02125,62886.12,5JUN26,64000,,P,BTC-5JUN26-64000-P
0.1715,0.2225,0.0,0.17799411,1780645721669,0.0,85.12,62861.46,index_price,62861.46,0.197,62886.12,7JUN26,74000,,P,BTC-7JUN26-74000-P
0.043,0.0445,15.3,0.0437932,1780645721669,7.2,46.29,63223.75,BTC-28AUG26,62861.46,0.04375,62886.12,28AUG26,57000,,P,BTC-28AUG26-57000-P
,,9.0,0.4966852,1780645721669,0.0,43.35,64591.05,BTC-26MAR27,62861.46,,62886.12,26MAR27,94000,,P,BTC-26MAR27-94000-P
,0.0001,39.7,5.647e-05,1780645721669,19.5,92.26,62861.46,index_price,62861.46,,62886.12,6JUN26,71500,,C,BTC-6JUN26-71500-C
0.5675,0.583,256.1,0.57692596,1780645721669,0.1,42.57,63993.54,BTC-25DEC26,62861.46,0.57525,62886.12,25DEC26,100000,,P,BTC-25DEC26-100000-P
0.233,0.2445,888.1,0.24119243,1780645721669,2.6,43.15,63993.54,BTC-25DEC26,62861.46,0.23875,62886.12,25DEC26,75000,,P,BTC-25DEC26-75000-P
0.1435,0.1485,90.9,0.14627937,1780645721669,0.1,40.62,63223.4,BTC-28AUG26,62861.46,0.146,62886.12,28AUG26,70000,,P,BTC-28AUG26-70000-P
0.059,0.0605,52.8,0.05984919,1780645721669,43.1,44.52,63223.75,BTC-28AUG26,62861.46,0.05975,62886.12,28AUG26,60000,,P,BTC-28AUG26-60000-P
0.0005,0.0009,1428.7,0.00066456,1780645721669,0.8,50.64,63424.11,BTC-25SEP26,62861.46,0.0007,62886.12,25SEP26,130000,,C,BTC-25SEP26-130000-C
0.0955,0.0975,414.6,0.09661807,1780645721669,10.7,44.16,64591.05,BTC-26MAR27,62861.46,0.0965,62886.12,26MAR27,76000,,C,BTC-26MAR27-76000-C
,,0.0,0.50740252,1780645721669,0.0,46.17,63060.64,BTC-31JUL26,62861.46,,62886.12,31JUL26,95000,,P,BTC-31JUL26-95000-P
0.0002,0.0004,36.2,0.0003067,1780645721669,36.2,49.25,62861.46,index_price,62861.46,0.0003,62886.12,8JUN26,69000,,C,BTC-8JUN26-69000-C
0.0011,0.0014,2662.9,0.0012398,1780645721669,4.6,46.32,62895.49,BTC-26JUN26,62861.46,0.00125,62886.12,26JUN26,78000,,C,BTC-26JUN26-78000-C
0.0775,0.147,0.0,0.10844192,1780645721669,0.0,118.91,62861.46,index_price,62861.46,0.11225,62886.12,6JUN26,56000,,C,BTC-6JUN26-56000-C
0.005,0.006,484.4,0.00548882,1780645721669,16.6,40.56,63423.83,BTC-25SEP26,62861.46,0.0055,62886.12,25SEP26,92000,,C,BTC-25SEP26-92000-C
0.0006,0.001,2268.0,0.00076552,1780645721669,0.3,49.05,63423.83,BTC-25SEP26,62861.46,0.0008,62886.12,25SEP26,125000,,C,BTC-25SEP26-125000-C
0.0011,0.0014,278.2,0.00130602,1780645721669,0.0,44.36,63060.92,BTC-31JUL26,62861.46,0.00125,62886.12,31JUL26,91000,,C,BTC-31JUL26-91000-C
0.614,1.1535,18.9,0.88028331,1780645721669,0.0,44.51,63993.54,BTC-25DEC26,62861.46,0.88375,62886.12,25DEC26,120000,,P,BTC-25DEC26-120000-P
,,6.6,2.17992981,1780645721669,0.0,86.97,62895.49,BTC-26JUN26,62861.46,,62886.12,26JUN26,200000,,P,BTC-26JUN26-200000-P
,0.0001,197.1,0.0,1780645721669,0.0,86.98,62895.49,BTC-26JUN26,62861.46,,62886.12,26JUN26,210000,,C,BTC-26JUN26-210000-C
0.1165,0.1985,0.6,0.153528,1780645721669,0.6,46.93,63223.4,BTC-28AUG26,62861.46,0.1575,62886.12,28AUG26,56000,,C,BTC-28AUG26-56000-C
,,0.0,2.43837815,1780645721669,0.0,57.46,63993.54,BTC-25DEC26,62861.46,,62886.12,25DEC26,220000,,P,BTC-25DEC26-220000-P
0.1585,0.1615,2.0,0.16009904,1780645721669,0.7,45.77,64591.05,BTC-26MAR27,62861.46,0.16,62886.12,26MAR27,65000,,C,BTC-26MAR27-65000-C
0.009,0.01,729.3,0.00968391,1780645721669,24.3,45.13,64591.05,BTC-26MAR27,62861.46,0.0095,62886.12,26MAR27,130000,,C,BTC-26MAR27-130000-C
0.0055,0.006,360.3,0.0061066,1780645721669,168.9,47.89,62841.05,BTC-12JUN26,62861.46,0.00575,62886.12,12JUN26,67000,,C,BTC-12JUN26-67000-C
,0.0003,1447.9,0.00016509,1780645721669,0.2,59.79,63424.11,BTC-25SEP26,62861.46,,62886.12,25SEP26,175000,,C,BTC-25SEP26-175000-C
0.1065,0.172,0.7,0.14734603,1780645721669,0.0,92.26,62861.46,index_price,62861.46,0.13925,62886.12,6JUN26,72000,,P,BTC-6JUN26-72000-P
0.0005,0.0006,91.2,0.00051058,1780645721669,3.9,49.77,62863.22,BTC-19JUN26,62861.46,0.00055,62886.12,19JUN26,78000,,C,BTC-19JUN26-78000-C
0.149,0.2495,3.3,0.19420384,1780645721669,0.0,39.79,63223.4,BTC-28AUG26,62861.46,0.19925,62886.12,28AUG26,74000,,P,BTC-28AUG26-74000-P
0.227,0.232,120.0,0.22926315,1780645721669,120.0,51.58,63223.75,BTC-28AUG26,62861.46,0.2295,62886.12,28AUG26,50000,,C,BTC-28AUG26-50000-C
0.0002,0.0004,1174.7,0.00028956,1780645721669,5.5,55.39,62863.22,BTC-19JUN26,62861.46,0.0003,62886.12,19JUN26,82000,,C,BTC-19JUN26-82000-C
0.065,0.067,73.8,0.06612066,1780645721669,0.3,43.58,64591.05,BTC-26MAR27,62861.46,0.066,62886.12,26MAR27,84000,,C,BTC-26MAR27-84000-C
0.226,0.51,11.6,0.36581834,1780645721669,0.0,39.87,63423.83,BTC-25SEP26,62861.46,0.368,62886.12,25SEP26,86000,,P,BTC-25SEP26-86000-P
,0.0001,17.1,2.154e-05,1780645721669,1.1,92.26,62861.46,index_price,62861.46,,62886.12,6JUN26,72500,,C,BTC-6JUN26-72500-C
0.458,0.4675,26.3,0.46306149,1780645721669,0.1,61.83,62895.49,BTC-26JUN26,62861.46,0.46275,62886.12,26JUN26,92000,,P,BTC-26JUN26-92000-P
0.023,0.024,6.5,0.02369137,1780645721669,8.3,49.02,62861.46,index_price,62861.46,0.0235,62886.12,8JUN26,63500,,P,BTC-8JUN26-63500-P
0.063,0.064,494.7,0.06348027,1780645721669,60.0,41.71,63423.83,BTC-25SEP26,62861.46,0.0635,62886.12,25SEP26,68000,,C,BTC-25SEP26-68000-C
,0.0001,68.6,1.68e-06,1780645721669,0.1,63.11,63423.83,BTC-25SEP26,62861.46,,62886.12,25SEP26,280000,,C,BTC-25SEP26-280000-C
0.0002,0.0006,186.6,0.00036941,1780645721669,0.6,58.18,63993.54,BTC-25DEC26,62861.46,0.0004,62886.12,25DEC26,230000,,C,BTC-25DEC26-230000-C
0.901,0.914,722.5,0.90803513,1780645721669,0.0,86.93,62895.49,BTC-26JUN26,62861.46,0.9075,62886.12,26JUN26,120000,,P,BTC-26JUN26-120000-P
,,52.5,1.54394411,1780645721669,0.0,86.97,62895.49,BTC-26JUN26,62861.46,,62886.12,26JUN26,160000,,P,BTC-26JUN26-160000-P
0.007,0.008,115.3,0.00754072,1780645721669,130.9,63.65,62861.46,index_price,62861.46,0.0075,62886.12,7JUN26,61000,,P,BTC-7JUN26-61000-P
0.114,0.196,0.1,0.15529988,1780645721669,0.0,92.26,62861.46,index_price,62861.46,0.155,62886.12,6JUN26,72500,,P,BTC-6JUN26-72500-P
0.0105,0.0805,0.0,0.04323224,1780645721669,0.0,66.72,62861.46,index_price,62861.46,0.0455,62886.12,7JUN26,60500,,C,BTC-7JUN26-60500-C
0.0115,0.0845,15.4,0.04497345,1780645721669,0.0,49.42,62861.46,index_price,62861.46,0.048,62886.12,7JUN26,65500,,P,BTC-7JUN26-65500-P
0.049,0.0505,1517.2,0.04979495,1780645721669,23.0,50.02,63993.54,BTC-25DEC26,62861.46,0.04975,62886.12,25DEC26,50000,,P,BTC-25DEC26-50000-P
0.068,0.0695,318.8,0.06852885,1780645721669,347.6,42.23,63223.75,BTC-28AUG26,62861.46,0.06875,62886.12,28AUG26,65000,,C,BTC-28AUG26-65000-C
0.0002,0.0004,206.1,0.00028879,1780645721669,0.0,59.73,63060.92,BTC-31JUL26,62861.46,0.0003,62886.12,31JUL26,120000,,C,BTC-31JUL26-120000-C
0.1215,0.1275,34.9,0.12494762,1780645721669,2.1,41.19,63223.4,BTC-28AUG26,62861.46,0.1245,62886.12,28AUG26,68000,,P,BTC-28AUG26-68000-P
0.1775,0.184,382.1,0.18051606,1780645721669,18.3,95.87,62686.13,BTC-5JUN26,62703.53,0.18075,62886.12,5JUN26,74000,,P,BTC-5JUN26-74000-P
0.068,0.069,18.2,0.06867726,1780645721669,21.8,43.72,63060.92,BTC-31JUL26,62861.46,0.0685,62886.12,31JUL26,63000,,C,BTC-31JUL26-63000-C
0.0175,0.0185,15.6,0.01860384,1780645721669,4.2,39.79,63223.75,BTC-28AUG26,62861.46,0.018,62886.12,28AUG26,76000,,C,BTC-28AUG26-76000-C
0.0665,0.068,1721.3,0.06747143,1780645721669,8.6,48.13,63993.26,BTC-25DEC26,62861.46,0.06725,62886.12,25DEC26,54000,,P,BTC-25DEC26-54000-P
0.282,0.645,4.5,0.46142017,1780645721669,0.0,42.56,63993.54,BTC-25DEC26,62861.46,0.4635,62886.12,25DEC26,92000,,P,BTC-25DEC26-92000-P
0.5845,0.5945,986.9,0.59011175,1780645721669,0.0,68.53,62895.49,BTC-26JUN26,62861.46,0.5895,62886.12,26JUN26,100000,,P,BTC-26JUN26-100000-P
,0.0001,115.2,0.0,1780645721669,171.7,166.98,62686.13,BTC-5JUN26,62703.53,,62886.12,5JUN26,58000,,P,BTC-5JUN26-58000-P
0.2915,0.3005,179.6,0.29547643,1780645721669,0.0,43.96,64591.05,BTC-26MAR27,62861.46,0.296,62886.12,26MAR27,78000,,P,BTC-26MAR27-78000-P
0.0575,0.0615,16.5,0.06004744,1780645721669,7.7,60.17,62841.05,BTC-12JUN26,62861.46,0.0595,62886.12,12JUN26,60000,,C,BTC-12JUN26-60000-C
0.0014,0.0018,34.9,0.00159081,1780645721669,34.9,89.25,62861.46,index_price,62861.46,0.0016,62886.12,8JUN26,55000,,P,BTC-8JUN26-55000-P
,0.0001,40.0,1.302e-05,1780645721669,1.1,92.26,62861.46,index_price,62861.46,,62886.12,6JUN26,73000,,C,BTC-6JUN26-73000-C
0.008,0.0095,92.5,0.00875683,1780645721669,3.0,42.87,63993.54,BTC-25DEC26,62861.46,0.00875,62886.12,25DEC26,108000,,C,BTC-25DEC26-108000-C
0.1015,0.104,6493.0,0.10309791,1780645721669,23.8,46.02,63993.54,BTC-25DEC26,62861.46,0.10275,62886.12,25DEC26,60000,,P,BTC-25DEC26-60000-P
,,10.0,2.90700199,1780645721669,0.0,59.69,63993.54,BTC-25DEC26,62861.46,,62886.12,25DEC26,250000,,P,BTC-25DEC26-250000-P
0.0105,0.011,1287.4,0.01097174,1780645721669,15.9,39.87,63423.83,BTC-25SEP26,62861.46,0.01075,62886.12,25SEP26,85000,,C,BTC-25SEP26-85000-C
0.054,0.0575,577.6,0.05578611,1780645721669,21.8,45.63,62863.22,BTC-19JUN26,62861.46,0.05575,62886.12,19JUN26,65000,,P,BTC-19JUN26-65000-P
0.0455,0.047,236.4,0.04653831,1780645721669,35.5,46.64,62863.22,BTC-19JUN26,62861.46,0.04625,62886.12,19JUN26,64000,,P,BTC-19JUN26-64000-P
,,0.9,1.9438054,1780645721669,0.0,50.38,64591.05,BTC-26MAR27,62861.46,,62886.12,26MAR27,190000,,P,BTC-26MAR27-190000-P
,,0.1,0.1725396,1780645721669,0.0,91.81,62686.13,BTC-5JUN26,62703.53,,62886.12,5JUN26,73500,,P,BTC-5JUN26-73500-P
0.001,0.0016,1197.7,0.00127054,1780645721669,12.0,49.74,63993.54,BTC-25DEC26,62861.46,0.0013,62886.12,25DEC26,160000,,C,BTC-25DEC26-160000-C
0.0085,0.009,80.1,0.00890875,1780645721669,35.3,44.19,62863.22,BTC-19JUN26,62861.46,0.00875,62886.12,19JUN26,68000,,C,BTC-19JUN26-68000-C
0.2365,0.579,3.3,0.40567849,1780645721669,2.1,42.54,63993.54,BTC-25DEC26,62861.46,0.40775,62886.12,25DEC26,88000,,P,BTC-25DEC26-88000-P
0.082,0.088,620.9,0.08479854,1780645721669,419.4,87.86,62686.13,BTC-5JUN26,62703.53,0.085,62886.12,5JUN26,68000,,P,BTC-5JUN26-68000-P
0.0036,0.004,365.6,0.00397395,1780645721669,55.7,47.9,62841.05,BTC-12JUN26,62861.46,0.0038,62886.12,12JUN26,68000,,C,BTC-12JUN26-68000-C
0.361,0.68,1.0,0.51752611,1780645721669,0.0,41.29,63423.83,BTC-25SEP26,62861.46,0.5205,62886.12,25SEP26,96000,,P,BTC-25SEP26-96000-P
0.327,0.715,0.6,0.51857464,1780645721669,0.0,42.56,63993.26,BTC-25DEC26,62861.46,0.521,62886.12,25DEC26,96000,,P,BTC-25DEC26-96000-P
0.2455,0.523,8.1,0.38160133,1780645721669,0.0,42.43,63060.92,BTC-31JUL26,62861.46,0.38425,62886.12,31JUL26,87000,,P,BTC-31JUL26-87000-P
0.1005,0.105,199.1,0.10270587,1780645721669,7.9,41.55,63060.92,BTC-31JUL26,62861.46,0.10275,62886.12,31JUL26,67000,,P,BTC-31JUL26-67000-P
,,0.3,0.3719511,1780645721669,0.0,102.82,62686.13,BTC-5JUN26,62703.53,,62886.12,5JUN26,86000,,P,BTC-5JUN26-86000-P
0.0255,0.027,3196.0,0.02692371,1780645721669,7.5,42.55,63993.54,BTC-25DEC26,62861.46,0.02625,62886.12,25DEC26,90000,,C,BTC-25DEC26-90000-C
0.152,0.1545,5.4,0.1532066,1780645721669,1.9,45.6,64591.05,BTC-26MAR27,62861.46,0.15325,62886.12,26MAR27,66000,,C,BTC-26MAR27-66000-C
0.0235,0.025,84.1,0.02448129,1780645721669,80.5,58.28,62861.46,index_price,62861.46,0.02425,62886.12,7JUN26,62000,,C,BTC-7JUN26-62000-C
,,1.0,2.09826071,1780645721669,0.0,51.16,64591.05,BTC-26MAR27,62861.46,,62886.12,26MAR27,200000,,P,BTC-26MAR27-200000-P
0.0038,0.0043,1703.4,0.00406862,1780645721669,115.5,75.25,63423.83,BTC-25SEP26,62861.46,0.00405,62886.12,25SEP26,30000,,P,BTC-25SEP26-30000-P
0.0005,0.0006,3796.8,0.0005605,1780645721669,122.3,54.64,62895.49,BTC-26JUN26,62861.46,0.00055,62886.12,26JUN26,85000,,C,BTC-26JUN26-85000-C
,0.0001,291.3,2.5e-06,1780645721669,0.0,61.4,63424.11,BTC-25SEP26,62861.46,,62886.12,25SEP26,260000,,C,BTC-25SEP26-260000-C
0.0036,0.0042,854.0,0.00412436,1780645721669,0.7,47.81,64591.05,BTC-26MAR27,62861.46,0.0039,62886.12,26MAR27,160000,,C,BTC-26MAR27-160000-C
0.1215,0.127,165.9,0.1240707,1780645721669,1.8,40.8,63060.92,BTC-31JUL26,62861.46,0.12425,62886.12,31JUL26,69000,,P,BTC-31JUL26-69000-P
0.014,0.0855,0.0,0.04605876,1780645721669,0.0,45.9,62861.46,index_price,62861.46,0.04975,62886.12,8JUN26,65500,,P,BTC-8JUN26-65500-P
0.1485,0.1515,125.6,0.15022894,1780645721669,0.0,44.54,63993.54,BTC-25DEC26,62861.46,0.15,62886.12,25DEC26,66000,,P,BTC-25DEC26-66000-P
0.0145,0.015,1706.5,0.01500264,1780645721669,72.3,39.77,63423.83,BTC-25SEP26,62861.46,0.01475,62886.12,25SEP26,82000,,C,BTC-25SEP26-82000-C
,,4.9,0.25719779,1780645721669,0.0,65.17,62841.05,BTC-12JUN26,62861.46,,62886.12,12JUN26,79000,,P,BTC-12JUN26-79000-P
0.1275,0.1335,397.8,0.13084467,1780645721669,0.1,49.7,62841.05,BTC-12JUN26,62861.46,0.1305,62886.12,12JUN26,71000,,P,BTC-12JUN26-71000-P
,0.0001,759.8,6e-08,1780645721669,0.0,86.97,62895.21,BTC-26JUN26,62861.46,,62886.12,26JUN26,170000,,C,BTC-26JUN26-170000-C
,,0.2,0.46967654,1780645721669,0.0,43.34,64591.05,BTC-26MAR27,62861.46,,62886.12,26MAR27,92000,,P,BTC-26MAR27-92000-P
0.0695,0.075,364.7,0.07218245,1780645721670,3.6,47.89,62841.05,BTC-12JUN26,62861.46,0.07225,62886.12,12JUN26,67000,,P,BTC-12JUN26-67000-P
,,0.0,1.96980078,1780645721670,0.0,53.71,63993.54,BTC-25DEC26,62861.46,,62886.12,25DEC26,190000,,P,BTC-25DEC26-190000-P
0.4655,0.469,71.1,0.46778328,1780645721670,2.4,61.57,63993.54,BTC-25DEC26,62861.46,0.46725,62886.12,25DEC26,35000,,C,BTC-25DEC26-35000-C
,,0.0,1.5015823,1780645721670,0.0,49.74,63993.54,BTC-25DEC26,62861.46,,62886.12,25DEC26,160000,,P,BTC-25DEC26-160000-P
0.002,0.0023,137.9,0.00219096,1780645721670,1.3,41.98,63060.64,BTC-31JUL26,62861.46,0.00215,62886.12,31JUL26,86000,,C,BTC-31JUL26-86000-C
0.0047,0.0055,7128.7,0.00504949,1780645721670,16.9,44.51,63993.54,BTC-25DEC26,62861.46,0.0051,62886.12,25DEC26,120000,,C,BTC-25DEC26-120000-C
,0.0001,20.0,5e-07,1780645721670,0.0,92.48,62861.46,index_price,62861.46,,62886.12,6JUN26,76000,,C,BTC-6JUN26-76000-C
0.011,0.0115,57.1,0.01136355,1780645721670,99.3,58.28,62861.46,index_price,62861.46,0.01125,62886.12,7JUN26,62000,,P,BTC-7JUN26-62000-P
,0.0001,91.7,0.0,1780645721670,54.8,87.85,62686.13,BTC-5JUN26,62703.53,,62886.12,5JUN26,66500,,C,BTC-5JUN26-66500-C
0.2295,0.2335,133.7,0.23193458,1780645721670,0.0,44.82,64590.77,BTC-26MAR27,62861.46,0.2315,62886.12,26MAR27,72000,,P,BTC-26MAR27-72000-P
0.066,0.072,78.4,0.06884562,1780645721670,0.0,87.85,62686.13,BTC-5JUN26,62703.53,0.069,62886.12,5JUN26,67000,,P,BTC-5JUN26-67000-P
0.1555,0.206,0.0,0.16207776,1780645721670,0.0,78.94,62861.46,index_price,62861.46,0.18075,62886.12,7JUN26,73000,,P,BTC-7JUN26-73000-P
0.0001,0.0002,3744.3,0.00014684,1780645721670,0.1,68.53,62895.49,BTC-26JUN26,62861.46,0.00015,62886.12,26JUN26,100000,,C,BTC-26JUN26-100000-C
,0.0001,44.5,8e-08,1780645721670,0.0,95.3,62861.46,index_price,62861.46,,62886.12,6JUN26,78000,,C,BTC-6JUN26-78000-C
,,5.9,0.41292251,1780645721670,0.0,43.28,63060.92,BTC-31JUL26,62861.46,,62886.12,31JUL26,89000,,P,BTC-31JUL26-89000-P
0.058,0.064,27.5,0.06086916,1780645721670,0.0,87.85,62686.13,BTC-5JUN26,62703.53,0.061,62886.12,5JUN26,66500,,P,BTC-5JUN26-66500-P
,0.0001,115.2,0.0,1780645721670,99.3,87.85,62686.13,BTC-5JUN26,62703.53,,62886.12,5JUN26,65500,,C,BTC-5JUN26-65500-C
0.0015,0.002,1602.5,0.00172471,1780645721670,18.4,48.59,63993.54,BTC-25DEC26,62861.46,0.00175,62886.12,25DEC26,150000,,C,BTC-25DEC26-150000-C
0.0002,0.0004,836.7,0.00029377,1780645721670,40.2,61.83,62895.49,BTC-26JUN26,62861.46,0.0003,62886.12,26JUN26,92000,,C,BTC-26JUN26-92000-C
0.112,0.115,53.0,0.11381917,1780645721670,0.2,47.39,64591.05,BTC-26MAR27,62861.46,0.1135,62886.12,26MAR27,58000,,P,BTC-26MAR27-58000-P
0.038,0.039,2348.8,0.03847417,1780645721670,582.1,47.62,62895.49,BTC-26JUN26,62861.46,0.0385,62886.12,26JUN26,62000,,P,BTC-26JUN26-62000-P
0.031,0.032,68.7,0.03146942,1780645721670,81.0,48.27,63223.75,BTC-28AUG26,62861.46,0.0315,62886.12,28AUG26,54000,,P,BTC-28AUG26-54000-P
0.009,0.01,390.3,0.00984458,1780645721670,6.4,39.79,63223.4,BTC-28AUG26,62861.46,0.0095,62886.12,28AUG26,81000,,C,BTC-28AUG26-81000-C
0.042,0.043,65.9,0.04253798,1780645721670,31.7,46.41,63060.92,BTC-31JUL26,62861.46,0.0425,62886.12,31JUL26,59000,,P,BTC-31JUL26-59000-P
0.0024,0.0028,63.1,0.00263818,1780645721670,38.1,86.44,62842.01,BTC-12JUN26,62861.46,0.0026,62886.12,12JUN26,52000,,P,BTC-12JUN26-52000-P
,0.0001,24.3,0.00013352,1780645721670,12.1,61.0,62861.46,index_price,62861.46,,62886.12,7JUN26,70000,,C,BTC-7JUN26-70000-C
0.0019,0.0023,0.9,0.00211412,1780645721670,0.2,42.45,63223.4,BTC-28AUG26,62861.46,0.0021,62886.12,28AUG26,95000,,C,BTC-28AUG26-95000-C
0.0001,0.0003,3823.8,0.00022241,1780645721670,3.6,64.42,62895.49,BTC-26JUN26,62861.46,0.0002,62886.12,26JUN26,95000,,C,BTC-26JUN26-95000-C
0.0055,0.0065,170.7,0.00601202,1780645721670,177.1,79.0,62861.46,index_price,62861.46,0.006,62886.12,6JUN26,61000,,P,BTC-6JUN26-61000-P
0.0075,0.0085,343.9,0.00799406,1780645721670,4.4,39.99,63424.11,BTC-25SEP26,62861.46,0.008,62886.12,25SEP26,88000,,C,BTC-25SEP26-88000-C
0.118,0.12,15.7,0.11885034,1780645721670,0.6,44.54,63993.54,BTC-25DEC26,62861.46,0.119,62886.12,25DEC26,66000,,C,BTC-25DEC26-66000-C
0.012,0.013,107.0,0.01251469,1780645721670,62.2,42.58,63993.54,BTC-25DEC26,62861.46,0.0125,62886.12,25DEC26,102000,,C,BTC-25DEC26-102000-C
0.0435,0.0445,41.6,0.04397804,1780645721670,16.9,40.9,63223.75,BTC-28AUG26,62861.46,0.044,62886.12,28AUG26,69000,,C,BTC-28AUG26-69000-C
0.0255,0.027,16.0,0.02636306,1780645721670,0.0,43.52,64591.05,BTC-26MAR27,62861.46,0.02625,62886.12,26MAR27,104000,,C,BTC-26MAR27-104000-C
0.346,0.669,0.0,0.5047953,1780645721670,0.0,42.45,63223.4,BTC-28AUG26,62861.46,0.5075,62886.12,28AUG26,95000,,P,BTC-28AUG26-95000-P
0.0007,0.0013,2194.0,0.00098387,1780645721670,1.6,50.98,63993.26,BTC-25DEC26,62861.46,0.001,62886.12,25DEC26,170000,,C,BTC-25DEC26-170000-C
,0.0002,758.6,0.00018377,1780645721670,363.5,83.17,62841.05,BTC-12JUN26,62861.46,,62886.12,12JUN26,85000,,C,BTC-12JUN26-85000-C
0.0825,0.084,428.3,0.08326174,1780645721670,30.9,42.64,63424.11,BTC-25SEP26,62861.46,0.08325,62886.12,25SEP26,65000,,C,BTC-25SEP26-65000-C
,,0.2,1.02239465,1780645721670,0.0,45.13,64591.05,BTC-26MAR27,62861.46,,62886.12,26MAR27,130000,,P,BTC-26MAR27-130000-P
0.053,0.054,1166.3,0.05318557,1780645721670,178.2,45.43,62895.49,BTC-26JUN26,62861.46,0.0535,62886.12,26JUN26,64000,,P,BTC-26JUN26-64000-P
0.314,0.327,135.6,0.3185463,1780645721670,0.1,43.82,64591.05,BTC-26MAR27,62861.46,0.3205,62886.12,26MAR27,80000,,P,BTC-26MAR27-80000-P
0.092,0.0935,3.2,0.09238181,1780645721670,4.6,43.53,63223.75,BTC-28AUG26,62861.46,0.09275,62886.12,28AUG26,62000,,C,BTC-28AUG26-62000-C
0.1595,0.1645,254.0,0.16211945,1780645721670,9.1,52.59,62841.05,BTC-12JUN26,62861.46,0.162,62886.12,12JUN26,73000,,P,BTC-12JUN26-73000-P
,0.0005,174.0,1.16e-06,1780645721670,0.1,64.66,63423.83,BTC-25SEP26,62861.46,,62886.12,25SEP26,300000,,C,BTC-25SEP26-300000-C
0.0795,0.1555,0.0,0.11433038,1780645721670,0.0,52.34,62861.46,index_price,62861.46,0.1175,62886.12,8JUN26,70000,,P,BTC-8JUN26-70000-P
0.412,0.4155,37.3,0.41361476,1780645721670,0.0,54.62,64591.05,BTC-26MAR27,62861.46,0.41375,62886.12,26MAR27,40000,,C,BTC-26MAR27-40000-C
0.0004,0.0007,156.5,0.00057154,1780645721670,6.3,52.04,63424.11,BTC-25SEP26,62861.46,0.00055,62886.12,25SEP26,135000,,C,BTC-25SEP26-135000-C
0.1755,0.183,307.8,0.17807442,1780645721670,0.0,40.67,63423.83,BTC-25SEP26,62861.46,0.17925,62886.12,25SEP26,72000,,P,BTC-25SEP26-72000-P
0.246,0.5105,0.0,0.37894815,1780645721670,0.0,43.5,64591.05,BTC-26MAR27,62861.46,0.37825,62886.12,26MAR27,85000,,P,BTC-26MAR27-85000-P
0.128,0.2095,0.0,0.16523566,1780645721670,0.0,47.59,63223.4,BTC-28AUG26,62861.46,0.16875,62886.12,28AUG26,55000,,C,BTC-28AUG26-55000-C
0.084,0.0855,857.4,0.08469063,1780645721670,50.2,43.81,63424.11,BTC-25SEP26,62861.46,0.08475,62886.12,25SEP26,62000,,P,BTC-25SEP26-62000-P
0.001,0.0012,1073.8,0.00112249,1780645721670,27.7,49.7,62842.01,BTC-12JUN26,62861.46,0.0011,62886.12,12JUN26,71000,,C,BTC-12JUN26-71000-C
0.009,0.01,217.1,0.00989473,1780645721670,19.0,40.11,63060.64,BTC-31JUL26,62861.46,0.0095,62886.12,31JUL26,76000,,C,BTC-31JUL26-76000-C
0.241,0.245,2.9,0.24353148,1780645721670,2.9,48.25,64591.05,BTC-26MAR27,62861.46,0.243,62886.12,26MAR27,55000,,C,BTC-26MAR27-55000-C
0.1805,0.184,2.2,0.18242135,1780645721670,0.4,46.39,64591.05,BTC-26MAR27,62861.46,0.18225,62886.12,26MAR27,62000,,C,BTC-26MAR27-62000-C
0.014,0.015,28.9,0.0144599,1780645721670,39.2,53.4,62861.46,index_price,62861.46,0.0145,62886.12,7JUN26,63000,,C,BTC-7JUN26-63000-C
0.0006,0.0008,53.8,0.00078406,1780645721670,0.7,47.82,63223.4,BTC-28AUG26,62861.46,0.0007,62886.12,28AUG26,110000,,C,BTC-28AUG26-110000-C
0.0001,,15.9,0.02896332,1780645721670,0.1,87.7,62686.13,BTC-5JUN26,62703.53,,62886.12,5JUN26,64500,,P,BTC-5JUN26-64500-P
,0.0001,121.7,8.943e-05,1780645721670,27.3,92.26,62861.46,index_price,62861.46,,62886.12,6JUN26,71000,,C,BTC-6JUN26-71000-C
,,0.0,0.43576278,1780645721670,0.0,102.82,62686.13,BTC-5JUN26,62703.53,,62886.12,5JUN26,90000,,P,BTC-5JUN26-90000-P
0.0011,0.0014,70.9,0.00134571,1780645721670,101.9,60.59,62861.46,index_price,62861.46,0.00125,62886.12,6JUN26,65500,,C,BTC-6JUN26-65500-C
0.8845,0.9,172.1,0.89304274,1780645721670,0.0,47.92,63424.11,BTC-25SEP26,62861.46,0.89225,62886.12,25SEP26,120000,,P,BTC-25SEP26-120000-P
,0.0001,175.4,0.0,1780645721670,0.0,89.65,62686.13,BTC-5JUN26,62703.53,,62886.12,5JUN26,72500,,C,BTC-5JUN26-72500-C
0.0021,0.0025,9.1,0.00231226,1780645721670,0.0,42.16,63223.4,BTC-28AUG26,62861.46,0.0023,62886.12,28AUG26,94000,,C,BTC-28AUG26-94000-C
0.094,0.163,0.0,0.12620091,1780645721670,0.0,89.25,62861.46,index_price,62861.46,0.1285,62886.12,8JUN26,55000,,C,BTC-8JUN26-55000-C
0.118,0.1235,2842.0,0.1211027,1780645721670,49.6,42.48,62895.49,BTC-26JUN26,62861.46,0.12075,62886.12,26JUN26,70000,,P,BTC-26JUN26-70000-P
,0.0001,1425.6,0.0,1780645721670,0.0,102.76,62686.13,BTC-5JUN26,62703.53,,62886.12,5JUN26,80000,,C,BTC-5JUN26-80000-C
0.0075,0.0085,1313.7,0.00803638,1780645721670,171.9,62.62,62863.22,BTC-19JUN26,62861.46,0.008,62886.12,19JUN26,55000,,P,BTC-19JUN26-55000-P
0.028,0.029,953.6,0.02859858,1780645721670,794.6,44.51,62895.49,BTC-26JUN26,62861.46,0.0285,62886.12,26JUN26,65000,,C,BTC-26JUN26-65000-C
0.237,0.2415,32.6,0.23905577,1780645721670,0.0,50.69,63424.11,BTC-25SEP26,62861.46,0.23925,62886.12,25SEP26,50000,,C,BTC-25SEP26-50000-C
0.0017,0.002,4.0,0.00195085,1780645721670,0.2,42.8,63223.4,BTC-28AUG26,62861.46,0.00185,62886.12,28AUG26,96000,,C,BTC-28AUG26-96000-C
0.011,0.0115,713.9,0.01159663,1780645721670,32.4,40.05,63060.64,BTC-31JUL26,62861.46,0.01125,62886.12,31JUL26,75000,,C,BTC-31JUL26-75000-C
,,0.1,0.43213943,1780645721670,0.0,90.98,62841.05,BTC-12JUN26,62861.46,,62886.12,12JUN26,90000,,P,BTC-12JUN26-90000-P
0.0038,0.0041,251.8,0.00387582,1780645721670,0.0,41.29,63423.83,BTC-25SEP26,62861.46,0.00395,62886.12,25SEP26,96000,,C,BTC-25SEP26-96000-C
0.018,0.0195,56.6,0.01892617,1780645721670,28.0,43.92,64591.05,BTC-26MAR27,62861.46,0.01875,62886.12,26MAR27,112000,,C,BTC-26MAR27-112000-C
0.0715,0.0735,216.3,0.07260701,1780645721670,23.0,43.66,64591.05,BTC-26MAR27,62861.46,0.0725,62886.12,26MAR27,82000,,C,BTC-26MAR27-82000-C
0.0002,0.0003,1617.4,0.00020054,1780645721670,5.1,62.64,62841.05,BTC-12JUN26,62861.46,0.00025,62886.12,12JUN26,78000,,C,BTC-12JUN26-78000-C
0.0007,0.001,40.2,0.00079484,1780645721670,27.3,118.91,62861.46,index_price,62861.46,0.00085,62886.12,6JUN26,56000,,P,BTC-6JUN26-56000-P
,0.0001,2651.1,1.08e-06,1780645721670,0.0,86.97,62895.49,BTC-26JUN26,62861.46,,62886.12,26JUN26,150000,,C,BTC-26JUN26-150000-C
0.0003,0.0006,305.6,0.00043355,1780645721670,0.0,53.37,63060.92,BTC-31JUL26,62861.46,0.00045,62886.12,31JUL26,108000,,C,BTC-31JUL26-108000-C
0.176,0.179,83.6,0.17764013,1780645721670,2.4,47.29,63423.83,BTC-25SEP26,62861.46,0.1775,62886.12,25SEP26,55000,,C,BTC-25SEP26-55000-C
0.332,0.34,38.5,0.33617045,1780645721670,0.0,53.28,62895.49,BTC-26JUN26,62861.46,0.336,62886.12,26JUN26,84000,,P,BTC-26JUN26-84000-P
0.047,0.0485,32.1,0.0481288,1780645721670,30.3,57.41,62842.01,BTC-12JUN26,62861.46,0.04775,62886.12,12JUN26,61000,,C,BTC-12JUN26-61000-C
0.034,0.035,164.6,0.03473694,1780645721670,41.6,41.15,63060.92,BTC-31JUL26,62861.46,0.0345,62886.12,31JUL26,68000,,C,BTC-31JUL26-68000-C
0.0046,0.005,376.8,0.00495033,1780645721670,537.9,76.61,62841.05,BTC-12JUN26,62861.46,0.0048,62886.12,12JUN26,55000,,P,BTC-12JUN26-55000-P
0.0007,0.0009,188.9,0.00073312,1780645721670,16.3,49.72,63060.92,BTC-31JUL26,62861.46,0.0008,62886.12,31JUL26,100000,,C,BTC-31JUL26-100000-C
0.111,0.182,0.0,0.14471451,1780645721670,0.0,79.55,62841.05,BTC-12JUN26,62861.46,0.1465,62886.12,12JUN26,54000,,C,BTC-12JUN26-54000-C
0.2265,0.233,61.0,0.22994016,1780645721670,0.5,43.24,63993.26,BTC-25DEC26,62861.46,0.22975,62886.12,25DEC26,74000,,P,BTC-25DEC26-74000-P
0.013,0.083,0.0,0.04503327,1780645721670,0.0,60.87,62861.46,index_price,62861.46,0.048,62886.12,8JUN26,60500,,C,BTC-8JUN26-60500-C
0.034,0.0355,477.3,0.0347644,1780645721670,9.7,40.25,63424.11,BTC-25SEP26,62861.46,0.03475,62886.12,25SEP26,74000,,C,BTC-25SEP26-74000-C
0.06,0.061,108.5,0.06057967,1780645721670,71.2,43.1,63060.92,BTC-31JUL26,62861.46,0.0605,62886.12,31JUL26,64000,,C,BTC-31JUL26-64000-C
0.019,0.0195,1165.7,0.01926081,1780645721670,735.0,52.87,62895.49,BTC-26JUN26,62861.46,0.01925,62886.12,26JUN26,58000,,P,BTC-26JUN26-58000-P
0.191,0.1965,211.5,0.19372879,1780645721670,5.8,56.64,62841.05,BTC-12JUN26,62861.46,0.19375,62886.12,12JUN26,75000,,P,BTC-12JUN26-75000-P
0.241,0.2465,167.1,0.24432774,1780645721670,51.4,102.72,62686.13,BTC-5JUN26,62703.53,0.24375,62886.12,5JUN26,78000,,P,BTC-5JUN26-78000-P
,0.0001,63.7,0.00011184,1780645721670,21.4,66.52,62861.46,index_price,62861.46,,62886.12,7JUN26,71000,,C,BTC-7JUN26-71000-C
0.0012,0.0015,63.7,0.00136979,1780645721670,51.0,94.14,62861.46,index_price,62861.46,0.00135,62886.12,7JUN26,56000,,P,BTC-7JUN26-56000-P
,0.0001,144.1,0.00010132,1780645721670,3.5,88.84,62861.46,index_price,62861.46,,62886.12,6JUN26,70500,,C,BTC-6JUN26-70500-C
,0.0001,240.0,0.0,1780645721670,334.6,87.77,62686.13,BTC-5JUN26,62703.53,,62886.12,5JUN26,65000,,C,BTC-5JUN26-65000-C
0.038,0.0395,608.5,0.03888763,1780645721670,3.3,42.43,63993.54,BTC-25DEC26,62861.46,0.03875,62886.12,25DEC26,84000,,C,BTC-25DEC26-84000-C
,,0.0,0.30476513,1780645721670,0.0,55.39,62863.5,BTC-19JUN26,62861.46,,62886.12,19JUN26,82000,,P,BTC-19JUN26-82000-P
0.0008,0.0011,65.7,0.00099402,1780645721670,45.6,49.55,62861.46,index_price,62861.46,0.00095,62886.12,7JUN26,66500,,C,BTC-7JUN26-66500-C
,0.0001,241.6,0.0,1780645721670,187.6,87.85,62686.13,BTC-5JUN26,62703.53,,62886.12,5JUN26,67000,,C,BTC-5JUN26-67000-C
0.0055,0.006,234.6,0.00580354,1780645721670,0.5,39.87,63223.4,BTC-28AUG26,62861.46,0.00575,62886.12,28AUG26,85000,,C,BTC-28AUG26-85000-C
0.223,0.2315,600.7,0.22630611,1780645721670,0.1,39.87,63423.83,BTC-25SEP26,62861.46,0.22725,62886.12,25SEP26,76000,,P,BTC-25SEP26-76000-P
0.0015,0.0018,4.6,0.00169867,1780645721670,0.1,43.6,63223.75,BTC-28AUG26,62861.46,0.00165,62886.12,28AUG26,98000,,C,BTC-28AUG26-98000-C
0.0019,0.0023,153.8,0.00220244,1780645721670,146.6,60.56,62861.46,index_price,62861.46,0.0021,62886.12,6JUN26,65000,,C,BTC-6JUN26-65000-C
0.0012,0.0015,118.9,0.00142737,1780645721670,0.1,44.13,63223.4,BTC-28AUG26,62861.46,0.00135,62886.12,28AUG26,100000,,C,BTC-28AUG26-100000-C
0.064,0.066,280.4,0.06498701,1780645721670,2.4,43.05,63993.54,BTC-25DEC26,62861.46,0.065,62886.12,25DEC26,76000,,C,BTC-25DEC26-76000-C
,0.0001,109.8,0.0,1780645721670,211.0,86.45,62686.13,BTC-5JUN26,62703.53,,62886.12,5JUN26,61500,,P,BTC-5JUN26-61500-P
0.037,0.04,8.2,0.03862587,1780645721670,8.2,58.65,62861.46,index_price,62861.46,0.0385,62886.12,8JUN26,61000,,C,BTC-8JUN26-61000-C
0.0003,0.0004,2662.5,0.00038465,1780645721671,68.5,122.66,62895.49,BTC-26JUN26,62861.46,0.00035,62886.12,26JUN26,30000,,P,BTC-26JUN26-30000-P
0.008,0.0085,265.1,0.00860761,1780645721671,10.1,39.77,63223.75,BTC-28AUG26,62861.46,0.00825,62886.12,28AUG26,82000,,C,BTC-28AUG26-82000-C
0.0105,0.0115,60.4,0.01103787,1780645721671,1.5,42.62,63993.54,BTC-25DEC26,62861.46,0.011,62886.12,25DEC26,104000,,C,BTC-25DEC26-104000-C
0.0014,0.0017,727.8,0.00162505,1780645721671,148.9,48.45,62841.05,BTC-12JUN26,62861.46,0.00155,62886.12,12JUN26,70000,,C,BTC-12JUN26-70000-C
0.0755,0.077,134.6,0.07624508,1780645721671,6.7,42.32,63424.11,BTC-25SEP26,62861.46,0.07625,62886.12,25SEP26,66000,,C,BTC-25SEP26-66000-C
0.025,0.0295,4.1,0.0268719,1780645721671,4.1,106.84,62686.13,BTC-5JUN26,62703.53,0.02725,62886.12,5JUN26,61000,,C,BTC-5JUN26-61000-C
,,0.1,1.44418287,1780645721671,0.0,55.82,63424.11,BTC-25SEP26,62861.46,,62886.12,25SEP26,155000,,P,BTC-25SEP26-155000-P
0.002,0.0023,1036.2,0.0021199,1780645721671,5.4,43.76,63424.11,BTC-25SEP26,62861.46,0.00215,62886.12,25SEP26,105000,,C,BTC-25SEP26-105000-C
0.021,0.022,132.5,0.02176021,1780645721671,39.2,40.2,63060.92,BTC-31JUL26,62861.46,0.0215,62886.12,31JUL26,71000,,C,BTC-31JUL26-71000-C
0.0295,0.0305,1873.6,0.03050703,1780645721671,39.5,42.54,63993.54,BTC-25DEC26,62861.46,0.03,62886.12,25DEC26,88000,,C,BTC-25DEC26-88000-C
0.0003,0.0005,1412.2,0.00039292,1780645721671,38.2,52.86,62863.22,BTC-19JUN26,62861.46,0.0004,62886.12,19JUN26,80000,,C,BTC-19JUN26-80000-C
0.0215,0.022,123.6,0.02175059,1780645721671,30.5,45.63,62863.22,BTC-19JUN26,62861.46,0.02175,62886.12,19JUN26,65000,,C,BTC-19JUN26-65000-C
0.0165,0.0175,59.0,0.01650071,1780645721671,65.4,68.72,62861.46,index_price,62861.46,0.017,62886.12,6JUN26,62500,,C,BTC-6JUN26-62500-C
0.0021,0.0025,18.8,0.00248241,1780645721671,19.5,45.88,62861.46,index_price,62861.46,0.0023,62886.12,8JUN26,66000,,C,BTC-8JUN26-66000-C
,,0.0,0.65091867,1780645721671,0.0,43.56,64591.05,BTC-26MAR27,62861.46,,62886.12,26MAR27,105000,,P,BTC-26MAR27-105000-P
0.229,0.3325,0.5,0.27655842,1780645721671,0.0,39.72,63223.4,BTC-28AUG26,62861.46,0.28075,62886.12,28AUG26,80000,,P,BTC-28AUG26-80000-P
0.131,0.208,0.0,0.16634895,1780645721671,0.0,50.61,63060.64,BTC-31JUL26,62861.46,0.1695,62886.12,31JUL26,54000,,C,BTC-31JUL26-54000-C
0.0037,0.004,132.7,0.00390594,1780645721671,106.7,87.44,62861.46,index_price,62861.46,0.00385,62886.12,6JUN26,60000,,P,BTC-6JUN26-60000-P
0.009,0.0095,28.0,0.00922381,1780645721671,46.5,60.86,62861.46,index_price,62861.46,0.00925,62886.12,7JUN26,61500,,P,BTC-7JUN26-61500-P
0.1435,0.1495,278.0,0.14641558,1780645721671,0.4,50.96,62841.05,BTC-12JUN26,62861.46,0.1465,62886.12,12JUN26,72000,,P,BTC-12JUN26-72000-P
,0.0001,65.1,0.00015107,1780645721671,31.5,72.82,62861.46,index_price,62861.46,,62886.12,6JUN26,68500,,C,BTC-6JUN26-68500-C
,,37.1,1.86193684,1780645721671,0.0,86.97,62895.49,BTC-26JUN26,62861.46,,62886.12,26JUN26,180000,,P,BTC-26JUN26-180000-P
0.0002,0.0003,1054.3,0.00024718,1780645721671,0.0,60.73,62863.22,BTC-19JUN26,62861.46,0.00025,62886.12,19JUN26,85000,,C,BTC-19JUN26-85000-C
,0.0001,233.7,0.0,1780645721671,0.0,88.07,62686.13,BTC-5JUN26,62703.53,,62886.12,5JUN26,71000,,C,BTC-5JUN26-71000-C
0.743,0.7545,928.4,0.74910709,1780645721671,0.9,80.78,62895.49,BTC-26JUN26,62861.46,0.74875,62886.12,26JUN26,110000,,P,BTC-26JUN26-110000-P
0.0245,0.0255,43.2,0.02524748,1780645721671,31.2,49.9,63223.75,BTC-28AUG26,62861.46,0.025,62886.12,28AUG26,52000,,P,BTC-28AUG26-52000-P
0.0002,0.0004,43.5,0.0002828,1780645721671,35.3,51.66,62861.46,index_price,62861.46,0.0003,62886.12,7JUN26,68000,,C,BTC-7JUN26-68000-C
0.3025,0.314,196.6,0.30791226,1780645721671,0.0,39.77,63424.11,BTC-25SEP26,62861.46,0.30825,62886.12,25SEP26,82000,,P,BTC-25SEP26-82000-P
,,0.0,0.75295388,1780645721671,0.0,43.92,64591.05,BTC-26MAR27,62861.46,,62886.12,26MAR27,112000,,P,BTC-26MAR27-112000-P
0.0034,0.0039,2888.1,0.00366914,1780645721671,3.6,40.48,63060.92,BTC-31JUL26,62861.46,0.00365,62886.12,31JUL26,82000,,C,BTC-31JUL26-82000-C
0.1825,0.185,39.6,0.18360844,1780645721671,0.1,46.65,63993.54,BTC-25DEC26,62861.46,0.18375,62886.12,25DEC26,58000,,C,BTC-25DEC26-58000-C
0.083,0.0845,176.7,0.08392592,1780645721671,40.2,42.55,63060.92,BTC-31JUL26,62861.46,0.08375,62886.12,31JUL26,65000,,P,BTC-31JUL26-65000-P
0.056,0.0615,0.0,0.05877774,1780645721671,0.0,166.88,62686.13,BTC-5JUN26,62703.53,0.05875,62886.12,5JUN26,59000,,C,BTC-5JUN26-59000-C
0.049,0.1225,0.0,0.08284903,1780645721671,0.0,46.94,62861.46,index_price,62861.46,0.08575,62886.12,8JUN26,68000,,P,BTC-8JUN26-68000-P
0.0034,0.0038,26.8,0.00355139,1780645721671,24.1,75.4,62861.46,index_price,62861.46,0.0036,62886.12,7JUN26,59000,,P,BTC-7JUN26-59000-P
0.0005,0.0007,17.5,0.00062147,1780645721671,14.6,49.69,62861.46,index_price,62861.46,0.0006,62886.12,7JUN26,67000,,C,BTC-7JUN26-67000-C
0.0955,0.097,128.5,0.096644,1780645721671,27.2,42.23,63223.75,BTC-28AUG26,62861.46,0.09625,62886.12,28AUG26,65000,,P,BTC-28AUG26-65000-P
0.664,0.6745,310.5,0.66960957,1780645721671,0.0,74.84,62895.49,BTC-26JUN26,62861.46,0.66925,62886.12,26JUN26,105000,,P,BTC-26JUN26-105000-P
,0.0001,1942.0,3.84e-05,1780645721671,25.1,86.97,62895.49,BTC-26JUN26,62861.46,,62886.12,26JUN26,125000,,C,BTC-26JUN26-125000-C
0.3475,0.356,2850.1,0.35203066,1780645721671,5.2,54.64,62895.49,BTC-26JUN26,62861.46,0.35175,62886.12,26JUN26,85000,,P,BTC-26JUN26-85000-P
0.681,0.683,102.6,0.68210115,1780645721671,0.0,161.29,62895.49,BTC-26JUN26,62861.46,0.682,62886.12,26JUN26,20000,,C,BTC-26JUN26-20000-C
0.116,0.118,185.2,0.11687965,1780645721671,11.7,42.32,63424.11,BTC-25SEP26,62861.46,0.117,62886.12,25SEP26,66000,,P,BTC-25SEP26-66000-P
0.1435,0.211,0.0,0.17523603,1780645721671,0.0,86.44,62841.05,BTC-12JUN26,62861.46,0.17725,62886.12,12JUN26,52000,,C,BTC-12JUN26-52000-C
0.036,0.0375,1803.7,0.03684023,1780645721671,34.6,42.56,63993.26,BTC-25DEC26,62861.46,0.03675,62886.12,25DEC26,85000,,C,BTC-25DEC26-85000-C
0.04,0.0455,1.2,0.04282482,1780645721671,1.1,149.43,62686.13,BTC-5JUN26,62703.53,0.04275,62886.12,5JUN26,60000,,C,BTC-5JUN26-60000-C
0.0905,0.138,0.0,0.09846005,1780645721671,0.0,54.93,62861.46,index_price,62861.46,0.11425,62886.12,7JUN26,69000,,P,BTC-7JUN26-69000-P
0.129,0.199,0.0,0.16247437,1780645721671,0.0,67.43,62863.22,BTC-19JUN26,62861.46,0.164,62886.12,19JUN26,53000,,C,BTC-19JUN26-53000-C
0.349,0.751,0.7,0.54762063,1780645721671,0.0,42.56,63993.54,BTC-25DEC26,62861.46,0.55,62886.12,25DEC26,98000,,P,BTC-25DEC26-98000-P
0.2825,0.5765,0.5,0.42693499,1780645721671,0.0,40.93,63223.4,BTC-28AUG26,62861.46,0.4295,62886.12,28AUG26,90000,,P,BTC-28AUG26-90000-P
0.087,0.089,104.2,0.08784999,1780645721671,42.0,43.96,64591.05,BTC-26MAR27,62861.46,0.088,62886.12,26MAR27,78000,,C,BTC-26MAR27-78000-C
0.022,0.023,689.1,0.02265898,1780645721671,216.2,43.78,62895.21,BTC-26JUN26,62861.46,0.0225,62886.12,26JUN26,66000,,C,BTC-26JUN26-66000-C
0.057,0.131,0.0,0.09159041,1780645721671,0.0,56.11,62863.22,BTC-19JUN26,62861.46,0.094,62886.12,19JUN26,58000,,C,BTC-19JUN26-58000-C
0.209,0.4965,0.4,0.35030775,1780645721671,0.0,39.87,63223.4,BTC-28AUG26,62861.46,0.35275,62886.12,28AUG26,85000,,P,BTC-28AUG26-85000-P
0.095,0.168,0.0,0.12981343,1780645721671,0.0,76.61,62841.05,BTC-12JUN26,62861.46,0.1315,62886.12,12JUN26,55000,,C,BTC-12JUN26-55000-C
,,0.1,2.15347717,1780645721671,0.0,59.84,63424.11,BTC-25SEP26,62861.46,,62886.12,25SEP26,200000,,P,BTC-25SEP26-200000-P
0.0135,0.0885,0.0,0.04781353,1780645721671,0.0,87.44,62861.46,index_price,62861.46,0.051,62886.12,6JUN26,60000,,C,BTC-6JUN26-60000-C
0.0485,0.05,68.5,0.0493558,1780645721671,42.4,41.19,63223.75,BTC-28AUG26,62861.46,0.04925,62886.12,28AUG26,68000,,C,BTC-28AUG26-68000-C
,,106.4,1.06697328,1780645721671,0.0,86.97,62895.49,BTC-26JUN26,62861.46,,62886.12,26JUN26,130000,,P,BTC-26JUN26-130000-P
,0.0001,1.8,1.52e-06,1780645721671,0.0,92.28,62861.46,index_price,62861.46,,62886.12,6JUN26,75000,,C,BTC-6JUN26-75000-C
0.167,0.2455,0.0,0.20273459,1780645721671,0.0,49.9,63223.4,BTC-28AUG26,62861.46,0.20625,62886.12,28AUG26,52000,,C,BTC-28AUG26-52000-C
0.0565,0.058,219.8,0.05733852,1780645721671,11.3,42.88,63993.54,BTC-25DEC26,62861.46,0.05725,62886.12,25DEC26,78000,,C,BTC-25DEC26-78000-C
0.005,0.0055,3657.2,0.00519052,1780645721671,441.5,67.82,62895.49,BTC-26JUN26,62861.46,0.00525,62886.12,26JUN26,50000,,P,BTC-26JUN26-50000-P
0.3455,0.355,491.8,0.35118293,1780645721671,0.0,39.87,63424.11,BTC-25SEP26,62861.46,0.35025,62886.12,25SEP26,85000,,P,BTC-25SEP26-85000-P
0.1405,0.221,0.0,0.1773221,1780645721671,0.0,48.27,63223.4,BTC-28AUG26,62861.46,0.18075,62886.12,28AUG26,54000,,C,BTC-28AUG26-54000-C
0.0935,0.1615,0.0,0.12410418,1780645721671,0.0,125.46,62861.46,index_price,62861.46,0.1275,62886.12,6JUN26,55000,,C,BTC-6JUN26-55000-C
,0.0001,290.8,0.0,1780645721671,0.0,102.82,62686.13,BTC-5JUN26,62703.53,,62886.12,5JUN26,95000,,C,BTC-5JUN26-95000-C
0.0003,0.0006,42.8,0.00043405,1780645721671,0.1,51.78,63060.92,BTC-31JUL26,62861.46,0.00045,62886.12,31JUL26,106000,,C,BTC-31JUL26-106000-C
0.0006,0.0009,165.8,0.00079099,1780645721671,100.9,60.63,62861.46,index_price,62861.46,0.00075,62886.12,6JUN26,66000,,C,BTC-6JUN26-66000-C
0.0595,0.061,489.4,0.06056222,1780645721671,105.6,44.35,63060.92,BTC-31JUL26,62861.46,0.06025,62886.12,31JUL26,62000,,P,BTC-31JUL26-62000-P
,,0.0,0.2269855,1780645721671,0.0,94.75,62861.46,index_price,62861.46,,62886.12,6JUN26,77000,,P,BTC-6JUN26-77000-P
,0.0001,508.8,6.9e-07,1780645721671,734.7,75.54,62686.13,BTC-5JUN26,62703.53,,62886.12,5JUN26,62000,,P,BTC-5JUN26-62000-P
0.016,0.017,86.0,0.01636565,1780645721671,108.6,52.25,62861.46,index_price,62861.46,0.0165,62886.12,8JUN26,62500,,P,BTC-8JUN26-62500-P
,0.0002,1.1,0.00016046,1780645721671,0.1,58.81,62861.46,index_price,62861.46,,62886.12,7JUN26,69500,,C,BTC-7JUN26-69500-C
0.4945,0.5105,90.3,0.50417297,1780645721671,0.4,42.56,63993.54,BTC-25DEC26,62861.46,0.5025,62886.12,25DEC26,95000,,P,BTC-25DEC26-95000-P
