bid_price,ask_price,open_interest,mark_price,creation_timestamp_x,volume,mark_iv,underlying_price,underlying_index,estimated_delivery_price,mid_price,price_index,expiration_timestamp,strike,settlement_period,option_type,instrument_id
0.0935,0.0955,168.2,0.09443007,1780660382353,26.1,46.5,63248.66,BTC-25DEC26,62095.34,0.0945,62044.21,25DEC26,58000,,P,BTC-25DEC26-58000-P
0.0125,0.0135,15.4,0.01309099,1780660382353,12.1,64.57,62097.47,index_price,62095.34,0.013,62044.21,6JUN26,62000,,C,BTC-6JUN26-62000-C
0.0795,0.1425,0.0,0.11161345,1780660382353,0.0,47.18,62089.200000000004,SYN.BTC-9JUN26,62095.34,0.111,62044.21,9JUN26,69000,,P,BTC-9JUN26-69000-P
0.1255,0.1305,652.9,0.12824161,1780660382353,1.3,47.31,62090.17,BTC-12JUN26,62095.34,0.128,62044.21,12JUN26,70000,,P,BTC-12JUN26-70000-P
0.024,0.027,46.0,0.02550439,1780660382353,47.7,54.28,62097.47,index_price,62095.34,0.0255,62044.21,6JUN26,63500,,P,BTC-6JUN26-63500-P
0.0695,0.073,86.8,0.07107331,1780660382353,2.6,60.02,62097.47,index_price,62095.34,0.07125,62044.21,6JUN26,66500,,P,BTC-6JUN26-66500-P
0.6255,0.745,0.0,0.68214212,1780660382353,0.0,46.12,62451.02,BTC-28AUG26,62095.34,0.68525,62044.21,28AUG26,105000,,P,BTC-28AUG26-105000-P
,0.0002,1138.8,6.07e-05,1780660382353,3.1,90.92,62090.17,BTC-12JUN26,62095.34,,62044.21,12JUN26,90000,,C,BTC-12JUN26-90000-C
0.0002,0.0007,225.0,0.00039269,1780660382353,0.2,57.24,63249.22,BTC-25DEC26,62095.34,0.00045,62044.21,25DEC26,220000,,C,BTC-25DEC26-220000-C
0.183,0.2685,0.0,0.22398687,1780660382353,0.0,92.48,62097.47,index_price,62095.34,0.22575,62044.21,6JUN26,76000,,P,BTC-6JUN26-76000-P
0.0755,0.078,943.1,0.07672377,1780660382353,4.2,43.83,63852.22,BTC-26MAR27,62095.34,0.07675,62044.21,26MAR27,80000,,C,BTC-26MAR27-80000-C
1.699,1.8935,0.2,1.79308471,1780660382353,0.0,60.14,62655.97,BTC-25SEP26,62095.34,1.79625,62044.21,25SEP26,175000,,P,BTC-25SEP26-175000-P
0.051,0.052,3.2,0.05143255,1780660382353,4.7,46.07,62138.91,BTC-26JUN26,62095.34,0.0515,62044.21,26JUN26,63000,,P,BTC-26JUN26-63000-P
0.081,0.083,85.8,0.08199443,1780660382353,0.0,47.19,63248.66,BTC-25DEC26,62095.34,0.082,62044.21,25DEC26,56000,,P,BTC-25DEC26-56000-P
0.2215,0.2295,2930.2,0.22574309,1780660382353,0.7,40.21,62655.97,BTC-25SEP26,62095.34,0.2255,62044.21,25SEP26,75000,,P,BTC-25SEP26-75000-P
0.0015,0.0019,92.3,0.00170917,1780660382353,51.8,44.13,62097.47,index_price,62095.34,0.0017,62044.21,7JUN26,64500,,C,BTC-7JUN26-64500-C
0.043,0.1,0.0,0.06739666,1780660382353,0.0,98.13,62097.47,index_price,62095.34,0.0715,62044.21,6JUN26,58000,,C,BTC-6JUN26-58000-C
0.0023,0.0026,1512.6,0.00241895,1780660382353,52.4,47.99,63249.22,BTC-25DEC26,62095.34,0.00245,62044.21,25DEC26,140000,,C,BTC-25DEC26-140000-C
0.0055,0.0065,2392.2,0.00591746,1780660382353,7.9,40.39,62655.97,BTC-25SEP26,62095.34,0.006,62044.21,25SEP26,90000,,C,BTC-25SEP26-90000-C
0.259,0.266,138.9,0.26317026,1780660382353,0.5,43.04,63248.66,BTC-25DEC26,62095.34,0.2625,62044.21,25DEC26,76000,,P,BTC-25DEC26-76000-P
0.0002,0.0005,1216.7,0.00026226,1780660382353,7.1,60.11,63248.66,BTC-25DEC26,62095.34,0.00035,62044.21,25DEC26,250000,,C,BTC-25DEC26-250000-C
0.1535,0.17,0.0,0.15987503,1780660382353,0.0,71.68,62097.47,index_price,62095.34,0.16175,62044.21,7JUN26,72000,,P,BTC-7JUN26-72000-P
0.122,0.1245,905.5,0.12332573,1780660382353,2.1,44.86,63852.22,BTC-26MAR27,62095.34,0.12325,62044.21,26MAR27,70000,,C,BTC-26MAR27-70000-C
0.462,0.571,7.6,0.5129254,1780660382353,0.0,66.28,62138.91,BTC-26JUN26,62095.34,0.5165,62044.21,26JUN26,94000,,P,BTC-26JUN26-94000-P
0.027,0.029,2.5,0.02809189,1780660382353,3.1,48.23,62089.200000000004,SYN.BTC-9JUN26,62095.34,0.028,62044.21,9JUN26,63000,,P,BTC-9JUN26-63000-P
0.011,0.0755,0.1,0.04144554,1780660382353,0.1,58.96,62097.47,index_price,62095.34,0.04325,62044.21,8JUN26,60000,,C,BTC-8JUN26-60000-C
,0.0001,264.7,4.9e-07,1780660382353,0.0,88.08,62138.91,BTC-26JUN26,62095.34,,62044.21,26JUN26,155000,,C,BTC-26JUN26-155000-C
0.0034,0.0038,81.9,0.0035729,1780660382353,51.1,40.52,62450.34,BTC-28AUG26,62095.34,0.0036,62044.21,28AUG26,88000,,C,BTC-28AUG26-88000-C
0.316,0.323,103.6,0.3193466,1780660382353,0.0,40.52,62293.82,BTC-31JUL26,62095.34,0.3195,62044.21,31JUL26,82000,,P,BTC-31JUL26-82000-P
0.0003,0.0006,1070.9,0.00038345,1780660382353,4.7,55.85,62138.91,BTC-26JUN26,62095.34,0.00045,62044.21,26JUN26,86000,,C,BTC-26JUN26-86000-C
0.0375,0.0385,38.8,0.03808554,1780660382353,45.5,47.29,62451.02,BTC-28AUG26,62095.34,0.038,62044.21,28AUG26,55000,,P,BTC-28AUG26-55000-P
0.014,0.0145,2.4,0.01410315,1780660382353,2.5,42.61,62138.91,BTC-26JUN26,62095.34,0.01425,62044.21,26JUN26,67000,,C,BTC-26JUN26-67000-C
0.285,0.2915,375.9,0.28838021,1780660382353,0.0,40.14,62293.82,BTC-31JUL26,62095.34,0.28825,62044.21,31JUL26,80000,,P,BTC-31JUL26-80000-P
0.154,0.1615,106.4,0.15855819,1780660382353,0.0,40.03,62293.82,BTC-31JUL26,62095.34,0.15775,62044.21,31JUL26,71000,,P,BTC-31JUL26-71000-P
0.7845,0.9165,0.1,0.84634223,1780660382353,0.0,57.95,62293.82,BTC-31JUL26,62095.34,0.8505,62044.21,31JUL26,115000,,P,BTC-31JUL26-115000-P
0.147,0.1495,519.1,0.14828222,1780660382353,7.4,44.66,63249.22,BTC-25DEC26,62095.34,0.14825,62044.21,25DEC26,65000,,P,BTC-25DEC26-65000-P
0.086,0.089,136.7,0.08711213,1780660382353,3.4,60.82,62097.47,index_price,62095.34,0.0875,62044.21,6JUN26,67500,,P,BTC-6JUN26-67500-P
0.11,0.113,132.6,0.11126466,1780660382353,8.4,73.05,62097.47,index_price,62095.34,0.1115,62044.21,6JUN26,69000,,P,BTC-6JUN26-69000-P
0.0025,0.0029,801.3,0.00265631,1780660382354,0.7,40.86,62293.82,BTC-31JUL26,62095.34,0.0027,62044.21,31JUL26,83000,,C,BTC-31JUL26-83000-C
0.0003,0.0005,60.0,0.00035706,1780660382354,11.7,45.22,62097.47,index_price,62095.34,0.0004,62044.21,7JUN26,66000,,C,BTC-7JUN26-66000-C
0.0255,0.0265,131.3,0.02619642,1780660382354,18.1,40.6,62293.82,BTC-31JUL26,62095.34,0.026,62044.21,31JUL26,69000,,C,BTC-31JUL26-69000-C
0.0285,0.0295,57.2,0.02894233,1780660382354,55.9,51.7,62090.17,BTC-12JUN26,62095.34,0.029,62044.21,12JUN26,62000,,C,BTC-12JUN26-62000-C
0.0855,0.0875,24.4,0.08653312,1780660382354,8.5,42.82,62451.02,BTC-28AUG26,62095.34,0.0865,62044.21,28AUG26,63000,,P,BTC-28AUG26-63000-P
0.7025,0.8275,0.0,0.76206816,1780660382354,0.0,48.63,62451.02,BTC-28AUG26,62095.34,0.765,62044.21,28AUG26,110000,,P,BTC-28AUG26-110000-P
0.3885,0.393,53.2,0.39123536,1780660382354,0.0,56.83,63248.66,BTC-25DEC26,62095.34,0.39075,62044.21,25DEC26,40000,,C,BTC-25DEC26-40000-C
1.122,1.219,0.6,1.13712226,1780660382354,0.0,47.17,63248.66,BTC-25DEC26,62095.34,1.1705,62044.21,25DEC26,135000,,P,BTC-25DEC26-135000-P
0.023,0.025,112.4,0.02391305,1780660382354,1.1,43.58,63852.22,BTC-26MAR27,62095.34,0.024,62044.21,26MAR27,105000,,C,BTC-26MAR27-105000-C
0.529,0.679,11.8,0.59598774,1780660382354,0.0,43.45,63852.78,BTC-26MAR27,62095.34,0.604,62044.21,26MAR27,100000,,P,BTC-26MAR27-100000-P
0.052,0.0535,33.4,0.05268166,1780660382354,9.9,45.42,62451.02,BTC-28AUG26,62095.34,0.05275,62044.21,28AUG26,58000,,P,BTC-28AUG26-58000-P
0.0475,0.0485,240.1,0.04775744,1780660382354,7.3,42.23,62293.82,BTC-31JUL26,62095.34,0.048,62044.21,31JUL26,65000,,C,BTC-31JUL26-65000-C
0.259,0.3605,0.0,0.30556241,1780660382354,0.0,39.8,62451.02,BTC-28AUG26,62095.34,0.30975,62044.21,28AUG26,81000,,P,BTC-28AUG26-81000-P
,0.0001,58.7,3.996e-05,1780660382354,24.7,60.36,62097.47,index_price,62095.34,,62044.21,6JUN26,67000,,C,BTC-6JUN26-67000-C
,0.0001,135.9,0.0,1780660382354,0.0,99.84,62138.91,BTC-26JUN26,62095.34,,62044.21,26JUN26,320000,,C,BTC-26JUN26-320000-C
0.005,0.006,73.1,0.00540396,1780660382354,83.2,45.03,62089.200000000004,SYN.BTC-9JUN26,62095.34,0.0055,62044.21,9JUN26,64500,,C,BTC-9JUN26-64500-C
0.0002,0.0004,224.3,0.00027232,1780660382354,1.0,66.28,62138.91,BTC-26JUN26,62095.34,0.0003,62044.21,26JUN26,94000,,C,BTC-26JUN26-94000-C
0.0135,0.0145,12.3,0.01395609,1780660382354,5.6,55.32,62451.02,BTC-28AUG26,62095.34,0.014,62044.21,28AUG26,46000,,P,BTC-28AUG26-46000-P
1.1775,1.335,23.1,1.25289139,1780660382354,0.0,88.08,62139.61,BTC-26JUN26,62095.34,1.25625,62044.21,26JUN26,140000,,P,BTC-26JUN26-140000-P
0.086,0.089,12.2,0.08751943,1780660382354,0.0,52.39,62097.47,index_price,62095.34,0.0875,62044.21,7JUN26,67500,,P,BTC-7JUN26-67500-P
0.0065,0.007,704.9,0.00669568,1780660382354,58.0,46.1,63852.22,BTC-26MAR27,62095.34,0.00675,62044.21,26MAR27,140000,,C,BTC-26MAR27-140000-C
1.4105,1.585,1.8,1.4942685,1780660382354,0.0,88.08,62138.91,BTC-26JUN26,62095.34,1.49775,62044.21,26JUN26,155000,,P,BTC-26JUN26-155000-P
0.21,0.251,0.0,0.21229121,1780660382354,0.0,54.48,62293.82,BTC-31JUL26,62095.34,0.2305,62044.21,31JUL26,50000,,C,BTC-31JUL26-50000-C
0.142,0.1445,67.5,0.14291495,1780660382354,0.1,45.31,63248.66,BTC-25DEC26,62095.34,0.14325,62044.21,25DEC26,62000,,C,BTC-25DEC26-62000-C
0.1585,0.1645,3149.5,0.16213755,1780660382354,43.9,42.29,62138.91,BTC-26JUN26,62095.34,0.1615,62044.21,26JUN26,72000,,P,BTC-26JUN26-72000-P
0.0006,0.0008,6262.4,0.00067759,1780660382354,33.7,48.49,62138.91,BTC-26JUN26,62095.34,0.0007,62044.21,26JUN26,80000,,C,BTC-26JUN26-80000-C
,0.0002,1381.8,0.00010946,1780660382354,42.2,85.41,62090.17,BTC-12JUN26,62095.34,,62044.21,12JUN26,86000,,C,BTC-12JUN26-86000-C
0.524,0.527,98.8,0.52535008,1780660382354,1.5,74.45,62655.97,BTC-25SEP26,62095.34,0.5255,62044.21,25SEP26,30000,,C,BTC-25SEP26-30000-C
0.676,0.8,0.0,0.7340401,1780660382354,0.0,53.79,62293.82,BTC-31JUL26,62095.34,0.738,62044.21,31JUL26,108000,,P,BTC-31JUL26-108000-P
0.013,0.014,117.4,0.0137523,1780660382354,61.2,40.03,62293.82,BTC-31JUL26,62095.34,0.0135,62044.21,31JUL26,73000,,C,BTC-31JUL26-73000-C
0.02,0.022,46.2,0.02105521,1780660382354,0.0,43.72,63852.78,BTC-26MAR27,62095.34,0.021,62044.21,26MAR27,108000,,C,BTC-26MAR27-108000-C
0.845,0.856,289.9,0.85072742,1780660382354,0.0,88.06,62138.91,BTC-26JUN26,62095.34,0.8505,62044.21,26JUN26,115000,,P,BTC-26JUN26-115000-P
1.9545,2.1685,5.8,2.05748982,1780660382354,0.0,88.08,62138.91,BTC-26JUN26,62095.34,2.0615,62044.21,26JUN26,190000,,P,BTC-26JUN26-190000-P
0.0001,0.0004,352.6,0.00020853,1780660382354,0.1,60.14,62658.1,BTC-25SEP26,62095.34,0.00025,62044.21,25SEP26,170000,,C,BTC-25SEP26-170000-C
0.1585,0.161,137.8,0.15961301,1780660382354,0.1,45.9,63248.66,BTC-25DEC26,62095.34,0.15975,62044.21,25DEC26,60000,,C,BTC-25DEC26-60000-C
1.9305,2.144,0.0,2.03238821,1780660382354,0.0,60.15,62658.1,BTC-25SEP26,62095.34,2.03725,62044.21,25SEP26,190000,,P,BTC-25SEP26-190000-P
0.0005,0.0008,1098.3,0.0006063,1780660382354,0.3,47.93,62293.82,BTC-31JUL26,62095.34,0.00065,62044.21,31JUL26,98000,,C,BTC-31JUL26-98000-C
0.0235,0.0245,6.6,0.02395439,1780660382354,2.2,39.8,62451.02,BTC-28AUG26,62095.34,0.024,62044.21,28AUG26,73000,,C,BTC-28AUG26-73000-C
0.068,0.136,0.0,0.09917872,1780660382354,0.0,88.82,62097.47,index_price,62095.34,0.102,62044.21,7JUN26,56000,,C,BTC-7JUN26-56000-C
0.0525,0.057,508.1,0.05565489,1780660382354,40.7,46.04,62090.17,BTC-12JUN26,62095.34,0.05475,62044.21,12JUN26,65000,,P,BTC-12JUN26-65000-P
0.142,0.1475,160.6,0.14532757,1780660382354,0.0,43.08,62104.43,BTC-19JUN26,62095.34,0.14475,62044.21,19JUN26,71000,,P,BTC-19JUN26-71000-P
,0.0001,200.1,0.0,1780660382354,0.0,90.33,62138.91,BTC-26JUN26,62095.34,,62044.21,26JUN26,250000,,C,BTC-26JUN26-250000-C
0.0645,0.129,0.0,0.09012126,1780660382354,0.0,66.5,62090.17,BTC-12JUN26,62095.34,0.09675,62044.21,12JUN26,57000,,C,BTC-12JUN26-57000-C
0.038,0.041,87.8,0.03958992,1780660382354,1.6,53.77,62097.47,index_price,62095.34,0.0395,62044.21,6JUN26,64500,,P,BTC-6JUN26-64500-P
0.0405,0.103,0.0,0.06405564,1780660382354,0.0,44.33,62097.47,index_price,62095.34,0.07175,62044.21,8JUN26,66000,,P,BTC-8JUN26-66000-P
0.097,0.1,1279.2,0.09871477,1780660382354,0.1,48.03,63852.22,BTC-26MAR27,62095.34,0.0985,62044.21,26MAR27,55000,,P,BTC-26MAR27-55000-P
0.0021,0.0025,627.7,0.00227271,1780660382354,1.4,41.06,62293.82,BTC-31JUL26,62095.34,0.0023,62044.21,31JUL26,84000,,C,BTC-31JUL26-84000-C
0.2765,0.3695,1.0,0.32078605,1780660382354,0.1,76.11,62090.17,BTC-12JUN26,62095.34,0.323,62044.21,12JUN26,82000,,P,BTC-12JUN26-82000-P
0.1365,0.1395,35.0,0.13790646,1780660382354,0.0,45.39,62655.97,BTC-25SEP26,62095.34,0.138,62044.21,25SEP26,58000,,C,BTC-25SEP26-58000-C
0.0575,0.059,47.2,0.05837867,1780660382354,15.5,44.81,62451.02,BTC-28AUG26,62095.34,0.05825,62044.21,28AUG26,59000,,P,BTC-28AUG26-59000-P
0.2525,0.2595,1643.4,0.25604321,1780660382354,4.0,45.95,62138.91,BTC-26JUN26,62095.34,0.256,62044.21,26JUN26,78000,,P,BTC-26JUN26-78000-P
0.615,0.767,0.0,0.68294069,1780660382354,0.0,43.61,63852.22,BTC-26MAR27,62095.34,0.691,62044.21,26MAR27,106000,,P,BTC-26MAR27-106000-P
0.0065,0.0075,0.8,0.00709091,1780660382354,0.8,60.22,62097.47,index_price,62095.34,0.007,62044.21,7JUN26,60500,,P,BTC-7JUN26-60500-P
0.134,0.137,11.3,0.13542401,1780660382354,0.0,87.37,62097.47,index_price,62095.34,0.1355,62044.21,6JUN26,70500,,P,BTC-6JUN26-70500-P
0.0007,0.001,52.3,0.00089988,1780660382354,0.0,46.12,62451.02,BTC-28AUG26,62095.34,0.00085,62044.21,28AUG26,105000,,C,BTC-28AUG26-105000-C
3.6265,3.962,0.0,3.78788037,1780660382354,0.0,64.66,62655.97,BTC-25SEP26,62095.34,3.79425,62044.21,25SEP26,300000,,P,BTC-25SEP26-300000-P
0.246,0.2755,0.0,0.24880019,1780660382354,0.0,53.16,62451.02,BTC-28AUG26,62095.34,0.26075,62044.21,28AUG26,48000,,C,BTC-28AUG26-48000-C
,0.0002,31.6,2.815e-05,1780660382354,1.0,71.68,62097.47,index_price,62095.34,,62044.21,7JUN26,72000,,C,BTC-7JUN26-72000-C
0.023,0.024,11.9,0.02341223,1780660382354,12.4,52.28,62097.47,index_price,62095.34,0.0235,62044.21,8JUN26,61500,,C,BTC-8JUN26-61500-C
0.03,0.0305,64.0,0.03022048,1780660382354,57.6,49.98,62104.43,BTC-19JUN26,62095.34,0.03025,62044.21,19JUN26,61000,,P,BTC-19JUN26-61000-P
0.023,0.0255,3.1,0.0243623,1780660382354,2.6,72.96,62097.47,index_price,62095.34,0.02425,62044.21,6JUN26,61000,,C,BTC-6JUN26-61000-C
2.209,2.4415,0.0,2.32047954,1780660382354,0.0,55.93,63249.22,BTC-25DEC26,62095.34,2.32525,62044.21,25DEC26,210000,,P,BTC-25DEC26-210000-P
0.0065,0.007,647.7,0.00671434,1780660382354,4.2,66.77,62658.1,BTC-25SEP26,62095.34,0.00675,62044.21,25SEP26,35000,,P,BTC-25SEP26-35000-P
0.1385,0.1785,0.0,0.15152303,1780660382354,0.0,92.26,62097.47,index_price,62095.34,0.1585,62044.21,6JUN26,71500,,P,BTC-6JUN26-71500-P
0.0725,0.0765,175.6,0.07492098,1780660382354,9.7,43.69,62104.43,BTC-19JUN26,62095.34,0.0745,62044.21,19JUN26,66000,,P,BTC-19JUN26-66000-P
0.1055,0.1075,214.6,0.10649268,1780660382354,63.4,42.85,62655.97,BTC-25SEP26,62095.34,0.1065,62044.21,25SEP26,64000,,P,BTC-25SEP26-64000-P
0.0001,0.0002,21.7,0.00012979,1780660382354,1.8,58.53,62097.47,index_price,62095.34,0.00015,62044.21,7JUN26,68500,,C,BTC-7JUN26-68500-C
1.0825,1.234,12.5,1.15505075,1780660382354,0.0,52.11,62658.1,BTC-25SEP26,62095.34,1.15825,62044.21,25SEP26,135000,,P,BTC-25SEP26-135000-P
0.042,0.043,285.6,0.04249669,1780660382354,13.2,46.62,62451.02,BTC-28AUG26,62095.34,0.0425,62044.21,28AUG26,56000,,P,BTC-28AUG26-56000-P
0.047,0.0485,5919.6,0.0477819,1780660382354,96.6,42.77,63248.66,BTC-25DEC26,62095.34,0.04775,62044.21,25DEC26,80000,,C,BTC-25DEC26-80000-C
0.6625,0.6805,107.9,0.6699898,1780660382354,0.0,43.03,63248.66,BTC-25DEC26,62095.34,0.6715,62044.21,25DEC26,105000,,P,BTC-25DEC26-105000-P
2.0565,2.2785,0.0,2.1624838,1780660382354,0.0,55.06,63249.22,BTC-25DEC26,62095.34,2.1675,62044.21,25DEC26,200000,,P,BTC-25DEC26-200000-P
0.0002,0.0005,137.9,0.00031976,1780660382354,0.0,57.95,62293.82,BTC-31JUL26,62095.34,0.00035,62044.21,31JUL26,115000,,C,BTC-31JUL26-115000-C
0.0515,0.089,0.0,0.05522644,1780660382354,0.0,64.12,62097.47,index_price,62095.34,0.07025,62044.21,8JUN26,59000,,C,BTC-8JUN26-59000-C
0.0985,0.103,243.7,0.10118486,1780660382354,2.6,43.12,62104.43,BTC-19JUN26,62095.34,0.10075,62044.21,19JUN26,68000,,P,BTC-19JUN26-68000-P
0.1915,0.195,5.0,0.19289205,1780660382354,0.0,46.71,63852.22,BTC-26MAR27,62095.34,0.19325,62044.21,26MAR27,60000,,C,BTC-26MAR27-60000-C
1.5965,1.789,0.0,1.68862325,1780660382354,0.0,51.42,63248.66,BTC-25DEC26,62095.34,1.69275,62044.21,25DEC26,170000,,P,BTC-25DEC26-170000-P
0.077,0.0785,2.2,0.07778777,1780660382354,0.4,42.82,62451.02,BTC-28AUG26,62095.34,0.07775,62044.21,28AUG26,63000,,C,BTC-28AUG26-63000-C
0.0475,0.0695,0.0,0.05785602,1780660382354,0.0,44.96,62089.009999999995,SYN.BTC-9JUN26,62095.34,0.0585,62044.21,9JUN26,65500,,P,BTC-9JUN26-65500-P
0.0315,0.0345,2.2,0.03292116,1780660382354,2.5,47.03,62089.200000000004,SYN.BTC-9JUN26,62095.34,0.033,62044.21,9JUN26,63500,,P,BTC-9JUN26-63500-P
0.01,0.0105,1051.0,0.01028311,1780660382354,286.7,63.26,62090.17,BTC-12JUN26,62095.34,0.01025,62044.21,12JUN26,58000,,P,BTC-12JUN26-58000-P
0.1885,0.1945,413.6,0.19208121,1780660382354,10.8,55.1,62088.04,BTC-12JUN26,62095.34,0.1915,62044.21,12JUN26,74000,,P,BTC-12JUN26-74000-P
0.0785,0.08,1082.5,0.07918006,1780660382354,11.6,43.46,63248.66,BTC-25DEC26,62095.34,0.07925,62044.21,25DEC26,72000,,C,BTC-25DEC26-72000-C
0.0205,0.0215,3085.4,0.02118677,1780660382354,199.2,40.17,62655.97,BTC-25SEP26,62095.34,0.021,62044.21,25SEP26,78000,,C,BTC-25SEP26-78000-C
0.102,0.105,33.4,0.10321115,1780660382354,0.8,68.01,62097.47,index_price,62095.34,0.1035,62044.21,6JUN26,68500,,P,BTC-6JUN26-68500-P
0.22,0.2265,298.3,0.22424202,1780660382354,0.0,60.78,62090.17,BTC-12JUN26,62095.34,0.22325,62044.21,12JUN26,76000,,P,BTC-12JUN26-76000-P
0.023,0.024,3588.6,0.02362473,1780660382354,42.0,56.83,63248.66,BTC-25DEC26,62095.34,0.0235,62044.21,25DEC26,40000,,P,BTC-25DEC26-40000-P
0.0002,0.0003,1222.2,0.00024608,1780660382354,83.8,57.82,62090.17,BTC-12JUN26,62095.34,0.00025,62044.21,12JUN26,75000,,C,BTC-12JUN26-75000-C
0.0026,0.003,1000.2,0.00280813,1780660382354,2.1,47.17,63248.66,BTC-25DEC26,62095.34,0.0028,62044.21,25DEC26,135000,,C,BTC-25DEC26-135000-C
0.0033,0.0038,1276.1,0.00352454,1780660382354,16.2,40.21,62293.82,BTC-31JUL26,62095.34,0.00355,62044.21,31JUL26,81000,,C,BTC-31JUL26-81000-C
0.111,0.115,93.0,0.11317149,1780660382354,83.2,41.61,62451.02,BTC-28AUG26,62095.34,0.113,62044.21,28AUG26,66000,,P,BTC-28AUG26-66000-P
0.0037,0.0041,31.2,0.00398531,1780660382354,40.9,45.02,62089.200000000004,SYN.BTC-9JUN26,62095.34,0.0039,62044.21,9JUN26,65000,,C,BTC-9JUN26-65000-C
,0.0001,957.1,8.46e-06,1780660382354,0.0,88.08,62138.91,BTC-26JUN26,62095.34,,62044.21,26JUN26,135000,,C,BTC-26JUN26-135000-C
0.0065,0.007,873.5,0.00702867,1780660382354,11.0,40.0,62295.95,BTC-31JUL26,62095.34,0.00675,62044.21,31JUL26,77000,,C,BTC-31JUL26-77000-C
0.007,0.0075,31.6,0.00728935,1780660382354,30.2,45.51,62097.47,index_price,62095.34,0.00725,62044.21,8JUN26,63500,,C,BTC-8JUN26-63500-C
0.0002,0.0003,593.5,0.00022855,1780660382354,39.0,60.78,62090.17,BTC-12JUN26,62095.34,0.00025,62044.21,12JUN26,76000,,C,BTC-12JUN26-76000-C
0.6,0.68,0.0,0.65480775,1780660382354,0.0,42.99,63248.66,BTC-25DEC26,62095.34,0.64,62044.21,25DEC26,104000,,P,BTC-25DEC26-104000-P
0.169,0.2065,0.0,0.17137902,1780660382354,0.0,63.45,62138.91,BTC-26JUN26,62095.34,0.18775,62044.21,26JUN26,52000,,C,BTC-26JUN26-52000-C
0.22,0.2275,250.4,0.2242094,1780660382354,0.3,46.88,62104.43,BTC-19JUN26,62095.34,0.22375,62044.21,19JUN26,76000,,P,BTC-19JUN26-76000-P
0.0009,0.0011,69.5,0.00094071,1780660382354,52.1,106.38,62097.47,index_price,62095.34,0.001,62044.21,6JUN26,57000,,P,BTC-6JUN26-57000-P
0.085,0.13,0.0,0.11490997,1780660382354,0.0,94.78,62097.47,index_price,62095.34,0.1075,62044.21,7JUN26,55000,,C,BTC-7JUN26-55000-C
0.007,0.008,21.4,0.00749324,1780660382354,22.0,45.92,62091.92,SYN.BTC-9JUN26,62095.34,0.0075,62044.21,9JUN26,64000,,C,BTC-9JUN26-64000-C
0.3725,0.383,546.0,0.37836273,1780660382354,7.2,42.54,63248.66,BTC-25DEC26,62095.34,0.37775,62044.21,25DEC26,85000,,P,BTC-25DEC26-85000-P
0.0001,0.0002,922.6,0.00013993,1780660382354,115.8,76.11,62090.17,BTC-12JUN26,62095.34,0.00015,62044.21,12JUN26,82000,,C,BTC-12JUN26-82000-C
0.359,0.371,47.0,0.36470612,1780660382354,0.0,42.5,63248.66,BTC-25DEC26,62095.34,0.365,62044.21,25DEC26,84000,,P,BTC-25DEC26-84000-P
0.0019,0.0022,990.0,0.00200605,1780660382354,1.2,41.47,62293.82,BTC-31JUL26,62095.34,0.00205,62044.21,31JUL26,85000,,C,BTC-31JUL26-85000-C
0.3455,0.3555,33.9,0.35186341,1780660382354,0.2,40.2,62655.97,BTC-25SEP26,62095.34,0.3505,62044.21,25SEP26,84000,,P,BTC-25SEP26-84000-P
1.722,1.9305,0.0,1.82147534,1780660382354,0.0,49.68,63852.22,BTC-26MAR27,62095.34,1.82625,62044.21,26MAR27,180000,,P,BTC-26MAR27-180000-P
4.287,4.6705,0.0,4.47129757,1780660382354,0.0,102.06,62138.91,BTC-26JUN26,62095.34,4.47875,62044.21,26JUN26,340000,,P,BTC-26JUN26-340000-P
1.566,1.7515,0.5,1.65518865,1780660382354,0.0,88.08,62138.91,BTC-26JUN26,62095.34,1.65875,62044.21,26JUN26,165000,,P,BTC-26JUN26-165000-P
0.0135,0.014,404.1,0.01375212,1780660382354,121.1,47.48,62090.17,BTC-12JUN26,62095.34,0.01375,62044.21,12JUN26,64000,,C,BTC-12JUN26-64000-C
0.5825,0.698,0.1,0.6378085,1780660382354,0.0,49.99,62295.95,BTC-31JUL26,62095.34,0.64025,62044.21,31JUL26,102000,,P,BTC-31JUL26-102000-P
0.082,0.117,0.0,0.08477411,1780660382354,0.0,74.45,62097.47,index_price,62095.34,0.0995,62044.21,8JUN26,57000,,C,BTC-8JUN26-57000-C
0.4275,0.533,0.4,0.47778358,1780660382354,0.0,44.8,62293.82,BTC-31JUL26,62095.34,0.48025,62044.21,31JUL26,92000,,P,BTC-31JUL26-92000-P
0.0475,0.0485,13.6,0.04801403,1780660382354,2.7,49.98,62102.3,BTC-19JUN26,62095.34,0.048,62044.21,19JUN26,61000,,C,BTC-19JUN26-61000-C
0.0345,0.083,4.8,0.04810218,1780660382355,0.1,44.14,62097.47,index_price,62095.34,0.05875,62044.21,7JUN26,65000,,P,BTC-7JUN26-65000-P
0.0365,0.037,195.9,0.03659662,1780660382355,18.5,48.25,62104.43,BTC-19JUN26,62095.34,0.03675,62044.21,19JUN26,62000,,P,BTC-19JUN26-62000-P
0.0002,0.0006,760.6,0.00035464,1780660382355,20.5,56.19,62658.1,BTC-25SEP26,62095.34,0.0004,62044.21,25SEP26,150000,,C,BTC-25SEP26-150000-C
0.0026,0.003,39.3,0.00278548,1780660382355,39.6,44.15,62097.47,index_price,62095.34,0.0028,62044.21,7JUN26,64000,,C,BTC-7JUN26-64000-C
0.005,0.006,324.2,0.00564775,1780660382355,225.7,45.78,62090.17,BTC-12JUN26,62095.34,0.0055,62044.21,12JUN26,66000,,C,BTC-12JUN26-66000-C
0.9445,1.0855,75.4,1.01154138,1780660382355,0.0,88.08,62138.91,BTC-26JUN26,62095.34,1.015,62044.21,26JUN26,125000,,P,BTC-26JUN26-125000-P
0.0185,0.021,214.7,0.01980602,1780660382355,203.3,57.03,62097.47,index_price,62095.34,0.01975,62044.21,6JUN26,63000,,P,BTC-6JUN26-63000-P
1.545,1.7285,0.0,1.63354219,1780660382355,0.0,58.57,62655.97,BTC-25SEP26,62095.34,1.63675,62044.21,25SEP26,165000,,P,BTC-25SEP26-165000-P
0.1175,0.12,246.8,0.11853826,1780660382355,8.5,44.46,62655.97,BTC-25SEP26,62095.34,0.11875,62044.21,25SEP26,60000,,C,BTC-25SEP26-60000-C
0.7465,0.763,116.4,0.75690037,1780660382355,0.0,44.97,62655.97,BTC-25SEP26,62095.34,0.75475,62044.21,25SEP26,110000,,P,BTC-25SEP26-110000-P
0.0009,0.0012,253.6,0.0010431,1780660382355,8.5,43.86,62104.43,BTC-19JUN26,62095.34,0.00105,62044.21,19JUN26,73000,,C,BTC-19JUN26-73000-C
0.0004,0.0006,183.7,0.00047678,1780660382355,2.4,46.88,62104.43,BTC-19JUN26,62095.34,0.0005,62044.21,19JUN26,76000,,C,BTC-19JUN26-76000-C
0.0001,0.0002,32.1,0.0001387,1780660382355,40.5,68.95,62104.43,BTC-19JUN26,62095.34,0.00015,62044.21,19JUN26,90000,,C,BTC-19JUN26-90000-C
5.0905,5.1335,0.2,5.11497964,1780660382355,0.0,102.47,62138.91,BTC-26JUN26,62095.34,5.112,62044.21,26JUN26,380000,,P,BTC-26JUN26-380000-P
0.0555,0.057,48.4,0.05639065,1780660382355,43.7,41.61,62451.02,BTC-28AUG26,62095.34,0.05625,62044.21,28AUG26,66000,,C,BTC-28AUG26-66000-C
0.0029,0.0036,1503.1,0.00320605,1780660382355,0.0,46.15,63248.66,BTC-25DEC26,62095.34,0.00325,62044.21,25DEC26,130000,,C,BTC-25DEC26-130000-C
,0.0001,247.6,5.47e-06,1780660382355,0.0,61.2,62655.97,BTC-25SEP26,62095.34,,62044.21,25SEP26,240000,,C,BTC-25SEP26-240000-C
0.3455,0.3545,31.5,0.35067173,1780660382355,0.0,41.06,62295.95,BTC-31JUL26,62095.34,0.35,62044.21,31JUL26,84000,,P,BTC-31JUL26-84000-P
0.0425,0.0445,72.2,0.04326994,1780660382355,1.0,43.4,63852.22,BTC-26MAR27,62095.34,0.0435,62044.21,26MAR27,92000,,C,BTC-26MAR27-92000-C
0.0165,0.0175,0.1,0.01711619,1780660382355,0.1,52.84,62089.200000000004,SYN.BTC-9JUN26,62095.34,0.017,62044.21,9JUN26,61500,,P,BTC-9JUN26-61500-P
,0.0001,3.2,1e-08,1780660382355,0.0,94.75,62097.47,index_price,62095.34,,62044.21,6JUN26,77000,,C,BTC-6JUN26-77000-C
0.6135,0.7335,0.0,0.66987158,1780660382355,0.0,51.15,62295.95,BTC-31JUL26,62095.34,0.6735,62044.21,31JUL26,104000,,P,BTC-31JUL26-104000-P
0.1275,0.1325,97.8,0.13002398,1780660382355,0.1,42.48,62104.43,BTC-19JUN26,62095.34,0.13,62044.21,19JUN26,70000,,P,BTC-19JUN26-70000-P
0.4745,0.622,1.4,0.53939094,1780660382355,0.0,43.42,63852.22,BTC-26MAR27,62095.34,0.54825,62044.21,26MAR27,96000,,P,BTC-26MAR27-96000-P
0.0935,0.096,196.6,0.09487312,1780660382355,16.5,42.39,62451.02,BTC-28AUG26,62095.34,0.09475,62044.21,28AUG26,64000,,P,BTC-28AUG26-64000-P
0.8255,0.843,91.7,0.83645865,1780660382355,0.0,46.72,62655.97,BTC-25SEP26,62095.34,0.83425,62044.21,25SEP26,115000,,P,BTC-25SEP26-115000-P
0.027,0.028,692.9,0.02747963,1780660382355,195.3,51.7,62090.17,BTC-12JUN26,62095.34,0.0275,62044.21,12JUN26,62000,,P,BTC-12JUN26-62000-P
0.038,0.045,4.4,0.0423663,1780660382355,6.2,44.39,62097.47,index_price,62095.34,0.0415,62044.21,8JUN26,64500,,P,BTC-8JUN26-64500-P
0.065,0.067,453.0,0.06603548,1780660382355,11.8,49.98,62138.91,BTC-26JUN26,62095.34,0.066,62044.21,26JUN26,60000,,C,BTC-26JUN26-60000-C
0.028,0.0295,1747.9,0.02877325,1780660382355,22.0,40.21,62655.97,BTC-25SEP26,62095.34,0.02875,62044.21,25SEP26,75000,,C,BTC-25SEP26-75000-C
0.629,0.748,0.1,0.68592204,1780660382355,0.0,51.94,62293.82,BTC-31JUL26,62095.34,0.6885,62044.21,31JUL26,105000,,P,BTC-31JUL26-105000-P
0.328,0.3825,0.0,0.33554071,1780660382355,0.0,39.8,62451.02,BTC-28AUG26,62095.34,0.35525,62044.21,28AUG26,83000,,P,BTC-28AUG26-83000-P
,0.0001,554.4,0.0,1780660382355,0.0,88.08,62138.91,BTC-26JUN26,62095.34,,62044.21,26JUN26,190000,,C,BTC-26JUN26-190000-C
0.1715,0.1745,276.1,0.17298788,1780660382355,0.0,45.69,63852.22,BTC-26MAR27,62095.34,0.173,62044.21,26MAR27,65000,,P,BTC-26MAR27-65000-P
0.041,0.042,183.8,0.04139834,1780660382355,73.7,41.74,62293.82,BTC-31JUL26,62095.34,0.0415,62044.21,31JUL26,66000,,C,BTC-31JUL26-66000-C
0.1425,0.19,0.1,0.17567304,1780660382355,0.0,92.26,62097.47,index_price,62095.34,0.16625,62044.21,6JUN26,73000,,P,BTC-6JUN26-73000-P
0.0003,0.0008,149.7,0.00043535,1780660382355,0.1,55.93,63248.66,BTC-25DEC26,62095.34,0.00055,62044.21,25DEC26,210000,,C,BTC-25DEC26-210000-C
0.021,0.0225,230.8,0.02209792,1780660382355,7.1,42.54,63248.66,BTC-25DEC26,62095.34,0.02175,62044.21,25DEC26,92000,,C,BTC-25DEC26-92000-C
2.7015,2.9695,0.0,2.83030898,1780660382355,0.0,61.2,62655.97,BTC-25SEP26,62095.34,2.8355,62044.21,25SEP26,240000,,P,BTC-25SEP26-240000-P
,0.0002,2798.6,7.055e-05,1780660382355,99.9,88.08,62138.91,BTC-26JUN26,62095.34,,62044.21,26JUN26,120000,,C,BTC-26JUN26-120000-C
0.0465,0.0485,305.0,0.04736305,1780660382355,0.0,43.36,63852.22,BTC-26MAR27,62095.34,0.0475,62044.21,26MAR27,90000,,C,BTC-26MAR27-90000-C
,0.0002,13.1,5.019e-05,1780660382355,13.1,50.41,62097.47,index_price,62095.34,,62044.21,8JUN26,70000,,C,BTC-8JUN26-70000-C
0.017,0.0765,0.0,0.05091051,1780660382355,0.0,45.02,62089.200000000004,SYN.BTC-9JUN26,62095.34,0.04675,62044.21,9JUN26,65000,,P,BTC-9JUN26-65000-P
0.5125,0.5245,153.5,0.51984214,1780660382355,0.0,41.07,62655.97,BTC-25SEP26,62095.34,0.5185,62044.21,25SEP26,95000,,P,BTC-25SEP26-95000-P
0.0315,0.033,120.6,0.03242517,1780660382355,0.4,42.54,63248.66,BTC-25DEC26,62095.34,0.03225,62044.21,25DEC26,86000,,C,BTC-25DEC26-86000-C
0.0645,0.1185,0.2,0.0835753,1780660382355,0.4,82.26,62097.47,index_price,62095.34,0.0915,62044.21,7JUN26,57000,,C,BTC-7JUN26-57000-C
0.0145,0.0155,1287.8,0.01490967,1780660382355,273.0,54.48,62293.82,BTC-31JUL26,62095.34,0.015,62044.21,31JUL26,50000,,P,BTC-31JUL26-50000-P
1.42,1.6095,0.0,1.50952437,1780660382355,0.0,47.67,63852.78,BTC-26MAR27,62095.34,1.51475,62044.21,26MAR27,160000,,P,BTC-26MAR27-160000-P
0.069,0.0705,28.7,0.06988212,1780660382355,1.4,43.22,63249.22,BTC-25DEC26,62095.34,0.06975,62044.21,25DEC26,74000,,C,BTC-25DEC26-74000-C
0.0013,0.0016,307.0,0.00143918,1780660382355,2.8,43.21,62104.43,BTC-19JUN26,62095.34,0.00145,62044.21,19JUN26,72000,,C,BTC-19JUN26-72000-C
0.0013,0.0014,2303.6,0.0013604,1780660382355,606.0,90.86,62138.91,BTC-26JUN26,62095.34,0.00135,62044.21,26JUN26,40000,,P,BTC-26JUN26-40000-P
0.1805,0.188,98.3,0.18557525,1780660382355,2.2,40.03,62293.82,BTC-31JUL26,62095.34,0.18425,62044.21,31JUL26,73000,,P,BTC-31JUL26-73000-P
0.0625,0.064,608.6,0.06356314,1780660382355,20.6,45.39,62655.97,BTC-25SEP26,62095.34,0.06325,62044.21,25SEP26,58000,,P,BTC-25SEP26-58000-P
0.201,0.2365,2.2,0.20825446,1780660382355,0.1,45.98,62104.43,BTC-19JUN26,62095.34,0.21875,62044.21,19JUN26,75000,,P,BTC-19JUN26-75000-P
0.008,0.0085,20.8,0.00813136,1780660382355,20.8,66.5,62090.17,BTC-12JUN26,62095.34,0.00825,62044.21,12JUN26,57000,,P,BTC-12JUN26-57000-P
0.2155,0.2185,10.7,0.21716987,1780660382355,0.9,47.98,63249.22,BTC-25DEC26,62095.34,0.217,62044.21,25DEC26,54000,,C,BTC-25DEC26-54000-C
3.665,4.003,0.0,3.82761551,1780660382355,0.0,95.76,62138.91,BTC-26JUN26,62095.34,3.834,62044.21,26JUN26,300000,,P,BTC-26JUN26-300000-P
0.0004,0.0009,938.4,0.00053694,1780660382355,0.1,55.06,63249.22,BTC-25DEC26,62095.34,0.00065,62044.21,25DEC26,200000,,C,BTC-25DEC26-200000-C
0.0003,0.0005,552.6,0.00035493,1780660382355,86.8,53.07,62090.17,BTC-12JUN26,62095.34,0.0004,62044.21,12JUN26,73000,,C,BTC-12JUN26-73000-C
0.0002,0.0004,20.4,0.00026208,1780660382355,20.4,47.18,62089.200000000004,SYN.BTC-9JUN26,62095.34,0.0003,62044.21,9JUN26,69000,,C,BTC-9JUN26-69000-C
0.38,0.3875,29.9,0.38430027,1780660382355,0.0,55.85,62139.61,BTC-26JUN26,62095.34,0.38375,62044.21,26JUN26,86000,,P,BTC-26JUN26-86000-P
0.079,0.0805,10.3,0.07970027,1780660382355,11.6,44.61,62293.82,BTC-31JUL26,62095.34,0.07975,62044.21,31JUL26,61000,,C,BTC-31JUL26-61000-C
,0.0001,248.8,8.8e-07,1780660382355,0.0,66.78,62655.97,BTC-25SEP26,62095.34,,62044.21,25SEP26,320000,,C,BTC-25SEP26-320000-C
0.321,0.3255,48.3,0.32351766,1780660382355,0.0,52.7,63248.66,BTC-25DEC26,62095.34,0.32325,62044.21,25DEC26,45000,,C,BTC-25DEC26-45000-C
,0.0001,174.2,0.0,1780660382355,0.0,102.24,62139.61,BTC-26JUN26,62095.34,,62044.21,26JUN26,360000,,C,BTC-26JUN26-360000-C
0.066,0.103,0.0,0.0697033,1780660382355,0.0,69.01,62097.47,index_price,62095.34,0.0845,62044.21,8JUN26,58000,,C,BTC-8JUN26-58000-C
,0.0001,139.3,4e-07,1780660382355,0.1,92.27,62097.47,index_price,62095.34,,62044.21,6JUN26,74000,,C,BTC-6JUN26-74000-C
0.0009,0.0012,43.8,0.00100854,1780660382355,40.8,44.14,62097.47,index_price,62095.34,0.00105,62044.21,7JUN26,65000,,C,BTC-7JUN26-65000-C
0.0018,0.0022,1704.0,0.00196516,1780660382355,801.2,42.66,62138.91,BTC-26JUN26,62095.34,0.002,62044.21,26JUN26,74000,,C,BTC-26JUN26-74000-C
0.1745,0.1775,274.4,0.17618505,1780660382355,1.0,44.08,63248.66,BTC-25DEC26,62095.34,0.176,62044.21,25DEC26,68000,,P,BTC-25DEC26-68000-P
0.0014,0.0018,265.2,0.00156618,1780660382355,2.0,42.27,62295.95,BTC-31JUL26,62095.34,0.0016,62044.21,31JUL26,87000,,C,BTC-31JUL26-87000-C
0.502,0.6505,0.2,0.56758178,1780660382355,0.0,43.45,63852.22,BTC-26MAR27,62095.34,0.57625,62044.21,26MAR27,98000,,P,BTC-26MAR27-98000-P
0.8155,0.9,0.6,0.82405333,1780660382355,0.0,44.04,63248.66,BTC-25DEC26,62095.34,0.85775,62044.21,25DEC26,115000,,P,BTC-25DEC26-115000-P
0.548,0.6625,0.1,0.6023569,1780660382355,0.0,43.95,62451.02,BTC-28AUG26,62095.34,0.60525,62044.21,28AUG26,100000,,P,BTC-28AUG26-100000-P
0.0006,0.001,815.8,0.00081635,1780660382355,0.0,45.84,62293.82,BTC-31JUL26,62095.34,0.0008,62044.21,31JUL26,94000,,C,BTC-31JUL26-94000-C
0.0105,0.0115,694.7,0.01125718,1780660382355,7.7,40.2,62658.1,BTC-25SEP26,62095.34,0.011,62044.21,25SEP26,84000,,C,BTC-25SEP26-84000-C
0.0105,0.0115,34.3,0.01091178,1780660382355,37.5,49.48,62097.47,index_price,62095.34,0.011,62044.21,7JUN26,62500,,C,BTC-7JUN26-62500-C
0.0165,0.017,762.4,0.01675199,1780660382355,202.7,57.2,62090.17,BTC-12JUN26,62095.34,0.01675,62044.21,12JUN26,60000,,P,BTC-12JUN26-60000-P
0.0585,0.0595,40.1,0.05889479,1780660382355,3.0,44.61,62293.82,BTC-31JUL26,62095.34,0.059,62044.21,31JUL26,61000,,P,BTC-31JUL26-61000-P
0.585,0.6325,0.0,0.6244514,1780660382355,0.0,42.82,63248.66,BTC-25DEC26,62095.34,0.60875,62044.21,25DEC26,102000,,P,BTC-25DEC26-102000-P
0.0023,0.0027,2.2,0.00247245,1780660382355,2.2,80.7,62089.200000000004,SYN.BTC-9JUN26,62095.34,0.0025,62044.21,9JUN26,55000,,P,BTC-9JUN26-55000-P
0.0006,0.0008,126.7,0.00081161,1780660382355,108.8,53.77,62097.47,index_price,62095.34,0.0007,62044.21,6JUN26,64500,,C,BTC-6JUN26-64500-C
0.0001,0.0005,131.1,0.00020852,1780660382355,0.1,58.57,62655.97,BTC-25SEP26,62095.34,0.0003,62044.21,25SEP26,165000,,C,BTC-25SEP26-165000-C
0.1115,0.1175,44.3,0.11532346,1780660382355,0.2,42.76,62104.43,BTC-19JUN26,62095.34,0.1145,62044.21,19JUN26,69000,,P,BTC-19JUN26-69000-P
0.517,0.6305,0.0,0.57053753,1780660382355,0.0,43.32,62451.02,BTC-28AUG26,62095.34,0.57375,62044.21,28AUG26,98000,,P,BTC-28AUG26-98000-P
0.0028,0.0031,144.4,0.00283117,1780660382355,145.2,54.28,62097.47,index_price,62095.34,0.00295,62044.21,6JUN26,63500,,C,BTC-6JUN26-63500-C
0.114,0.116,672.2,0.11521566,1780660382355,41.0,42.5,62655.97,BTC-25SEP26,62095.34,0.115,62044.21,25SEP26,65000,,P,BTC-25SEP26-65000-P
0.1085,0.112,1.8,0.11007036,1780660382355,2.4,46.73,62293.82,BTC-31JUL26,62095.34,0.11025,62044.21,31JUL26,58000,,C,BTC-31JUL26-58000-C
1.571,1.77,0.1,1.66544867,1780660382355,0.0,48.78,63852.22,BTC-26MAR27,62095.34,1.6705,62044.21,26MAR27,170000,,P,BTC-26MAR27-170000-P
0.0705,0.071,8.5,0.07076789,1780660382355,8.4,43.97,62295.95,BTC-31JUL26,62095.34,0.07075,62044.21,31JUL26,62000,,C,BTC-31JUL26-62000-C
1.4675,1.646,0.6,1.55377214,1780660382355,0.0,57.58,62655.97,BTC-25SEP26,62095.34,1.55675,62044.21,25SEP26,160000,,P,BTC-25SEP26-160000-P
0.289,0.2975,691.8,0.29379578,1780660382355,2.3,40.03,62655.97,BTC-25SEP26,62095.34,0.29325,62044.21,25SEP26,80000,,P,BTC-25SEP26-80000-P
0.0125,0.0135,534.7,0.01306421,1780660382355,422.0,60.09,62090.17,BTC-12JUN26,62095.34,0.013,62044.21,12JUN26,59000,,P,BTC-12JUN26-59000-P
0.0135,0.0145,56.7,0.0139688,1780660382355,67.6,52.28,62097.47,index_price,62095.34,0.014,62044.21,8JUN26,61500,,P,BTC-8JUN26-61500-P
0.02,0.021,119.8,0.02032539,1780660382355,57.7,53.52,62104.43,BTC-19JUN26,62095.34,0.0205,62044.21,19JUN26,59000,,P,BTC-19JUN26-59000-P
0.0355,0.0455,3.6,0.03914989,1780660382355,3.6,63.17,62097.47,index_price,62095.34,0.0405,62044.21,7JUN26,60000,,C,BTC-7JUN26-60000-C
0.0005,0.0007,4415.8,0.00056803,1780660382355,6.5,51.23,62138.91,BTC-26JUN26,62095.34,0.0006,62044.21,26JUN26,82000,,C,BTC-26JUN26-82000-C
,0.0002,11.6,3.006e-05,1780660382355,11.6,78.13,62097.47,index_price,62095.34,,62044.21,7JUN26,73000,,C,BTC-7JUN26-73000-C
,0.0002,748.9,0.00011569,1780660382355,0.0,60.15,62655.97,BTC-25SEP26,62095.34,,62044.21,25SEP26,180000,,C,BTC-25SEP26-180000-C
0.005,0.006,11.3,0.00558767,1780660382355,11.4,66.84,62089.200000000004,SYN.BTC-9JUN26,62095.34,0.0055,62044.21,9JUN26,58000,,P,BTC-9JUN26-58000-P
0.393,0.5385,14.0,0.45685334,1780660382355,0.0,43.36,63852.78,BTC-26MAR27,62095.34,0.46575,62044.21,26MAR27,90000,,P,BTC-26MAR27-90000-P
0.0055,0.006,118.2,0.00568896,1780660382355,88.8,63.17,62097.47,index_price,62095.34,0.00575,62044.21,7JUN26,60000,,P,BTC-7JUN26-60000-P
0.0915,0.094,15.0,0.09286178,1780660382355,15.0,48.38,63852.22,BTC-26MAR27,62095.34,0.09275,62044.21,26MAR27,54000,,P,BTC-26MAR27-54000-P
0.0023,0.0027,144.1,0.00255331,1780660382355,40.7,75.75,62097.47,index_price,62095.34,0.0025,62044.21,7JUN26,58000,,P,BTC-7JUN26-58000-P
0.4435,0.452,1665.7,0.44863421,1780660382355,45.3,61.87,62138.91,BTC-26JUN26,62095.34,0.44775,62044.21,26JUN26,90000,,P,BTC-26JUN26-90000-P
0.0027,0.0031,46.1,0.00287877,1780660382355,0.2,40.99,62451.02,BTC-28AUG26,62095.34,0.0029,62044.21,28AUG26,90000,,C,BTC-28AUG26-90000-C
0.007,0.008,11.4,0.00756291,1780660382355,11.5,62.49,62089.009999999995,SYN.BTC-9JUN26,62095.34,0.0075,62044.21,9JUN26,59000,,P,BTC-9JUN26-59000-P
0.0039,0.0044,5804.4,0.00419067,1780660382355,18.2,40.14,62295.95,BTC-31JUL26,62095.34,0.00415,62044.21,31JUL26,80000,,C,BTC-31JUL26-80000-C
0.131,0.134,350.4,0.13255224,1780660382355,0.1,46.71,63852.22,BTC-26MAR27,62095.34,0.1325,62044.21,26MAR27,60000,,P,BTC-26MAR27-60000-P
2.421,2.669,0.2,2.54025137,1780660382355,0.0,88.08,62138.91,BTC-26JUN26,62095.34,2.545,62044.21,26JUN26,220000,,P,BTC-26JUN26-220000-P
0.088,0.09,13.0,0.08922897,1780660382355,5.0,45.27,62293.82,BTC-31JUL26,62095.34,0.089,62044.21,31JUL26,60000,,C,BTC-31JUL26-60000-C
0.1195,0.1215,468.5,0.1206495,1780660382356,250.4,44.66,63248.66,BTC-25DEC26,62095.34,0.1205,62044.21,25DEC26,65000,,C,BTC-25DEC26-65000-C
0.0175,0.019,2.3,0.01838352,1780660382356,2.3,68.67,62097.47,index_price,62095.34,0.01825,62044.21,6JUN26,61500,,C,BTC-6JUN26-61500-C
0.0003,0.0005,145.4,0.0003822,1780660382356,18.1,48.03,62104.43,BTC-19JUN26,62095.34,0.0004,62044.21,19JUN26,77000,,C,BTC-19JUN26-77000-C
0.1315,0.1645,18.9,0.13307243,1780660382356,18.9,48.35,62293.82,BTC-31JUL26,62095.34,0.148,62044.21,31JUL26,56000,,C,BTC-31JUL26-56000-C
0.0004,0.001,989.6,0.0006432,1780660382356,0.3,53.91,63248.66,BTC-25DEC26,62095.34,0.0007,62044.21,25DEC26,190000,,C,BTC-25DEC26-190000-C
0.6675,0.6835,104.4,0.67757238,1780660382356,0.0,43.64,62658.1,BTC-25SEP26,62095.34,0.6755,62044.21,25SEP26,105000,,P,BTC-25SEP26-105000-P
0.052,0.053,416.6,0.05237113,1780660382356,58.9,45.27,62293.82,BTC-31JUL26,62095.34,0.0525,62044.21,31JUL26,60000,,P,BTC-31JUL26-60000-P
0.0775,0.081,62.0,0.079081,1780660382356,0.5,60.36,62097.47,index_price,62095.34,0.07925,62044.21,6JUN26,67000,,P,BTC-6JUN26-67000-P
2.5145,2.769,0.0,2.63660034,1780660382356,0.0,58.55,63248.66,BTC-25DEC26,62095.34,2.64175,62044.21,25DEC26,230000,,P,BTC-25DEC26-230000-P
0.039,0.04,1807.6,0.03949402,1780660382356,203.5,40.7,62655.97,BTC-25SEP26,62095.34,0.0395,62044.21,25SEP26,72000,,C,BTC-25SEP26-72000-C
1.0055,1.1525,21.9,1.07534791,1780660382356,0.0,50.83,62655.97,BTC-25SEP26,62095.34,1.079,62044.21,25SEP26,130000,,P,BTC-25SEP26-130000-P
0.1625,0.168,1476.0,0.16557636,1780660382356,8.4,41.11,62658.1,BTC-25SEP26,62095.34,0.16525,62044.21,25SEP26,70000,,P,BTC-25SEP26-70000-P
0.0046,0.0055,1755.5,0.00501539,1780660382356,1.6,46.97,63852.22,BTC-26MAR27,62095.34,0.00505,62044.21,26MAR27,150000,,C,BTC-26MAR27-150000-C
0.0345,0.0355,2170.0,0.0349557,1780660382356,14.8,52.7,63248.66,BTC-25DEC26,62095.34,0.035,62044.21,25DEC26,45000,,P,BTC-25DEC26-45000-P
0.0815,0.138,0.0,0.11149189,1780660382356,0.0,50.34,62097.47,index_price,62095.34,0.10975,62044.21,8JUN26,69000,,P,BTC-8JUN26-69000-P
0.0001,0.0002,2500.2,0.00014148,1780660382356,58.0,88.06,62138.91,BTC-26JUN26,62095.34,0.00015,62044.21,26JUN26,115000,,C,BTC-26JUN26-115000-C
0.0001,0.0002,197.0,0.0001385,1780660382356,60.1,81.82,62090.17,BTC-12JUN26,62095.34,0.00015,62044.21,12JUN26,84000,,C,BTC-12JUN26-84000-C
0.1015,0.1075,1865.1,0.10518589,1780660382356,14.4,42.52,62138.91,BTC-26JUN26,62095.34,0.1045,62044.21,26JUN26,68000,,P,BTC-26JUN26-68000-P
0.037,0.038,101.1,0.03728916,1780660382356,102.2,48.62,62138.91,BTC-26JUN26,62095.34,0.0375,62044.21,26JUN26,61000,,P,BTC-26JUN26-61000-P
0.003,0.0034,51.3,0.0031852,1780660382356,51.8,75.91,62089.200000000004,SYN.BTC-9JUN26,62095.34,0.0032,62044.21,9JUN26,56000,,P,BTC-9JUN26-56000-P
3.976,4.3365,0.0,4.14945654,1780660382356,0.0,99.84,62138.91,BTC-26JUN26,62095.34,4.15625,62044.21,26JUN26,320000,,P,BTC-26JUN26-320000-P
,0.0002,278.2,1.181e-05,1780660382356,0.0,60.15,62658.1,BTC-25SEP26,62095.34,,62044.21,25SEP26,220000,,C,BTC-25SEP26-220000-C
0.022,0.024,19.1,0.02287435,1780660382356,0.0,43.61,63852.22,BTC-26MAR27,62095.34,0.023,62044.21,26MAR27,106000,,C,BTC-26MAR27-106000-C
0.009,0.01,217.4,0.00983381,1780660382356,6.4,39.79,62451.02,BTC-28AUG26,62095.34,0.0095,62044.21,28AUG26,80000,,C,BTC-28AUG26-80000-C
0.0023,0.0028,3570.7,0.00250922,1780660382356,40.0,42.27,62655.97,BTC-25SEP26,62095.34,0.00255,62044.21,25SEP26,100000,,C,BTC-25SEP26-100000-C
0.032,0.034,38.7,0.03280347,1780660382356,0.0,43.45,63852.22,BTC-26MAR27,62095.34,0.033,62044.21,26MAR27,98000,,C,BTC-26MAR27-98000-C
0.02,0.021,215.1,0.02049623,1780660382356,208.0,49.45,62088.04,BTC-12JUN26,62095.34,0.0205,62044.21,12JUN26,63000,,C,BTC-12JUN26-63000-C
0.0008,0.0012,286.2,0.00096561,1780660382356,0.4,44.8,62293.82,BTC-31JUL26,62095.34,0.001,62044.21,31JUL26,92000,,C,BTC-31JUL26-92000-C
0.0165,0.0175,69.5,0.01693272,1780660382356,61.4,50.12,62097.47,index_price,62095.34,0.017,62044.21,8JUN26,62000,,P,BTC-8JUN26-62000-P
0.075,0.077,3644.6,0.07611413,1780660382356,143.9,44.46,62658.1,BTC-25SEP26,62095.34,0.076,62044.21,25SEP26,60000,,P,BTC-25SEP26-60000-P
0.2135,0.22,380.0,0.21748093,1780660382356,0.6,43.46,63249.22,BTC-25DEC26,62095.34,0.21675,62044.21,25DEC26,72000,,P,BTC-25DEC26-72000-P
0.226,0.2305,1.0,0.22803136,1780660382356,0.0,47.77,63852.22,BTC-26MAR27,62095.34,0.22825,62044.21,26MAR27,56000,,C,BTC-26MAR27-56000-C
0.0003,0.0005,1052.0,0.00046641,1780660382356,31.4,53.63,62138.91,BTC-26JUN26,62095.34,0.0004,62044.21,26JUN26,84000,,C,BTC-26JUN26-84000-C
0.0945,0.0985,653.1,0.09727511,1780660382356,39.9,45.57,62088.04,BTC-12JUN26,62095.34,0.0965,62044.21,12JUN26,68000,,P,BTC-12JUN26-68000-P
0.1895,0.1955,1455.0,0.19277907,1780660382356,0.0,42.66,62138.91,BTC-26JUN26,62095.34,0.1925,62044.21,26JUN26,74000,,P,BTC-26JUN26-74000-P
0.078,0.0795,39.2,0.07869802,1780660382356,21.5,43.27,62451.02,BTC-28AUG26,62095.34,0.07875,62044.21,28AUG26,62000,,P,BTC-28AUG26-62000-P
0.0003,0.0005,16.1,0.0004049,1780660382356,17.8,44.5,62097.47,index_price,62095.34,0.0004,62044.21,8JUN26,67000,,C,BTC-8JUN26-67000-C
0.33,0.3385,28.7,0.33500296,1780660382356,0.0,40.86,62293.82,BTC-31JUL26,62095.34,0.33425,62044.21,31JUL26,83000,,P,BTC-31JUL26-83000-P
4.598,5.004,0.3,4.79313861,1780660382356,0.0,102.24,62138.91,BTC-26JUN26,62095.34,4.801,62044.21,26JUN26,360000,,P,BTC-26JUN26-360000-P
0.0455,0.049,51.3,0.04724726,1780660382356,5.1,54.18,62097.47,index_price,62095.34,0.04725,62044.21,6JUN26,65000,,P,BTC-6JUN26-65000-P
,0.0001,1222.2,2.4e-07,1780660382356,0.0,88.08,62139.61,BTC-26JUN26,62095.34,,62044.21,26JUN26,160000,,C,BTC-26JUN26-160000-C
0.0032,0.0036,2513.6,0.00350649,1780660382356,630.3,42.29,62138.91,BTC-26JUN26,62095.34,0.0034,62044.21,26JUN26,72000,,C,BTC-26JUN26-72000-C
0.1955,0.198,39.7,0.19664931,1780660382356,0.0,47.19,63248.66,BTC-25DEC26,62095.34,0.19675,62044.21,25DEC26,56000,,C,BTC-25DEC26-56000-C
0.102,0.1625,0.0,0.12380443,1780660382356,0.0,62.14,62104.43,BTC-19JUN26,62095.34,0.13225,62044.21,19JUN26,55000,,C,BTC-19JUN26-55000-C
0.0295,0.0305,190.5,0.03012791,1780660382356,138.2,44.95,62138.91,BTC-26JUN26,62095.34,0.03,62044.21,26JUN26,64000,,C,BTC-26JUN26-64000-C
0.3445,0.475,1.7,0.40435812,1780660382356,0.0,43.52,63852.22,BTC-26MAR27,62095.34,0.40975,62044.21,26MAR27,86000,,P,BTC-26MAR27-86000-P
0.0335,0.035,944.5,0.03438131,1780660382356,29.1,54.51,63852.22,BTC-26MAR27,62095.34,0.03425,62044.21,26MAR27,40000,,P,BTC-26MAR27-40000-P
,0.0001,813.7,0.0,1780660382356,0.0,89.33,62138.91,BTC-26JUN26,62095.34,,62044.21,26JUN26,230000,,C,BTC-26JUN26-230000-C
0.0125,0.0135,294.7,0.01291824,1780660382356,25.0,44.34,63852.22,BTC-26MAR27,62095.34,0.013,62044.21,26MAR27,120000,,C,BTC-26MAR27-120000-C
0.238,0.246,251.4,0.24306111,1780660382356,0.6,40.0,62293.82,BTC-31JUL26,62095.34,0.242,62044.21,31JUL26,77000,,P,BTC-31JUL26-77000-P
2.2655,2.502,0.0,2.37933085,1780660382356,0.0,88.08,62138.91,BTC-26JUN26,62095.34,2.38375,62044.21,26JUN26,210000,,P,BTC-26JUN26-210000-P
0.025,0.0285,0.9,0.02620686,1780660382356,0.4,57.23,62097.47,index_price,62095.34,0.02675,62044.21,7JUN26,61000,,C,BTC-7JUN26-61000-C
,0.0003,824.2,6.46e-05,1780660382356,0.2,60.15,62658.1,BTC-25SEP26,62095.34,,62044.21,25SEP26,190000,,C,BTC-25SEP26-190000-C
0.0175,0.019,47.1,0.01832285,1780660382356,41.9,50.12,62097.47,index_price,62095.34,0.01825,62044.21,8JUN26,62000,,C,BTC-8JUN26-62000-C
0.042,0.0935,0.0,0.06823222,1780660382356,0.0,75.75,62097.47,index_price,62095.34,0.06775,62044.21,7JUN26,58000,,C,BTC-7JUN26-58000-C
1.6435,1.835,1.9,1.73564884,1780660382356,0.0,88.08,62138.91,BTC-26JUN26,62095.34,1.73925,62044.21,26JUN26,170000,,P,BTC-26JUN26-170000-P
0.1035,0.106,64.8,0.10504754,1780660382356,0.0,47.77,63852.22,BTC-26MAR27,62095.34,0.10475,62044.21,26MAR27,56000,,P,BTC-26MAR27-56000-P
0.0027,0.0031,29.5,0.00285093,1780660382356,11.0,74.45,62097.47,index_price,62095.34,0.0029,62044.21,8JUN26,57000,,P,BTC-8JUN26-57000-P
0.0085,0.0095,142.2,0.00884656,1780660382356,185.5,68.67,62097.47,index_price,62095.34,0.009,62044.21,6JUN26,61500,,P,BTC-6JUN26-61500-P
0.0845,0.0855,77.8,0.08507841,1780660382356,18.7,42.85,62655.97,BTC-25SEP26,62095.34,0.085,62044.21,25SEP26,64000,,C,BTC-25SEP26-64000-C
0.1195,0.123,0.0,0.12132661,1780660382356,0.0,47.52,62293.82,BTC-31JUL26,62095.34,0.12125,62044.21,31JUL26,57000,,C,BTC-31JUL26-57000-C
0.4585,0.566,1.3,0.50973906,1780660382356,0.0,45.84,62293.82,BTC-31JUL26,62095.34,0.51225,62044.21,31JUL26,94000,,P,BTC-31JUL26-94000-P
0.0027,0.003,86.4,0.00290183,1780660382356,39.7,42.48,62104.43,BTC-19JUN26,62095.34,0.00285,62044.21,19JUN26,70000,,C,BTC-19JUN26-70000-C
0.0011,0.0014,314.8,0.00127588,1780660382356,143.1,45.92,62090.17,BTC-12JUN26,62095.34,0.00125,62044.21,12JUN26,69000,,C,BTC-12JUN26-69000-C
0.0048,0.0055,96.0,0.00501801,1780660382356,97.5,44.51,62097.47,index_price,62095.34,0.00515,62044.21,8JUN26,64000,,C,BTC-8JUN26-64000-C
0.0225,0.023,117.2,0.0227178,1780660382356,86.4,45.58,62104.43,BTC-19JUN26,62095.34,0.02275,62044.21,19JUN26,64000,,C,BTC-19JUN26-64000-C
0.0605,0.084,0.0,0.07954783,1780660382356,0.0,44.5,62097.47,index_price,62095.34,0.07225,62044.21,8JUN26,67000,,P,BTC-8JUN26-67000-P
2.393,2.639,1.8,2.51112336,1780660382356,0.0,60.15,62658.1,BTC-25SEP26,62095.34,2.516,62044.21,25SEP26,220000,,P,BTC-25SEP26-220000-P
0.26,0.263,59.9,0.26177966,1780660382356,0.0,49.82,63248.66,BTC-25DEC26,62095.34,0.2615,62044.21,25DEC26,50000,,C,BTC-25DEC26-50000-C
0.0001,0.0002,382.6,0.00013998,1780660382356,0.3,67.05,62090.17,BTC-12JUN26,62095.34,0.00015,62044.21,12JUN26,79000,,C,BTC-12JUN26-79000-C
0.0315,0.0325,504.4,0.0320051,1780660382356,45.1,48.35,62293.82,BTC-31JUL26,62095.34,0.032,62044.21,31JUL26,56000,,P,BTC-31JUL26-56000-P
0.0895,0.1355,1.3,0.09554128,1780660382356,0.0,54.76,62097.47,index_price,62095.34,0.1125,62044.21,7JUN26,68000,,P,BTC-7JUN26-68000-P
0.0013,0.0016,382.2,0.00141516,1780660382356,0.3,42.78,62293.82,BTC-31JUL26,62095.34,0.00145,62044.21,31JUL26,88000,,C,BTC-31JUL26-88000-C
0.0105,0.0115,2164.7,0.01101121,1780660382356,224.2,60.42,62655.97,BTC-25SEP26,62095.34,0.011,62044.21,25SEP26,40000,,P,BTC-25SEP26-40000-P
3.318,3.631,0.0,3.46868884,1780660382356,0.0,63.11,62655.97,BTC-25SEP26,62095.34,3.4745,62044.21,25SEP26,280000,,P,BTC-25SEP26-280000-P
0.236,0.243,131.2,0.24029463,1780660382356,2.0,62.26,62090.17,BTC-12JUN26,62095.34,0.2395,62044.21,12JUN26,77000,,P,BTC-12JUN26-77000-P
1.255,1.4185,4.6,1.33334953,1780660382356,0.0,88.08,62138.91,BTC-26JUN26,62095.34,1.33675,62044.21,26JUN26,145000,,P,BTC-26JUN26-145000-P
0.0008,0.001,15.0,0.00093178,1780660382356,15.0,44.48,62086.575000000004,SYN.BTC-9JUN26,62095.34,0.0009,62044.21,9JUN26,67000,,C,BTC-9JUN26-67000-C
0.0365,0.0395,0.0,0.03780689,1780660382356,0.0,56.43,62089.200000000004,SYN.BTC-9JUN26,62095.34,0.038,62044.21,9JUN26,60500,,C,BTC-9JUN26-60500-C
0.0735,0.0745,146.4,0.07373897,1780660382356,78.4,43.35,62293.82,BTC-31JUL26,62095.34,0.074,62044.21,31JUL26,63000,,P,BTC-31JUL26-63000-P
0.707,0.831,1.1,0.76614498,1780660382356,0.0,55.34,62293.82,BTC-31JUL26,62095.34,0.769,62044.21,31JUL26,110000,,P,BTC-31JUL26-110000-P
0.0003,0.0007,273.6,0.00046684,1780660382356,17.6,49.99,62293.82,BTC-31JUL26,62095.34,0.0005,62044.21,31JUL26,102000,,C,BTC-31JUL26-102000-C
0.0006,0.0009,279.6,0.00070466,1780660382356,0.1,46.93,62293.82,BTC-31JUL26,62095.34,0.00075,62044.21,31JUL26,96000,,C,BTC-31JUL26-96000-C
0.3075,0.403,0.0,0.35299549,1780660382356,0.0,81.82,62090.17,BTC-12JUN26,62095.34,0.35525,62044.21,12JUN26,84000,,P,BTC-12JUN26-84000-P
0.2955,0.4245,3.8,0.35375044,1780660382356,0.1,43.66,63852.22,BTC-26MAR27,62095.34,0.36,62044.21,26MAR27,82000,,P,BTC-26MAR27-82000-P
0.1265,0.129,12.8,0.12773599,1780660382356,0.1,44.86,63248.66,BTC-25DEC26,62095.34,0.12775,62044.21,25DEC26,64000,,C,BTC-25DEC26-64000-C
0.0675,0.1355,0.0,0.10017117,1780660382356,0.0,80.04,62097.47,index_price,62095.34,0.1015,62044.21,8JUN26,56000,,C,BTC-8JUN26-56000-C
0.461,0.6075,0.6,0.52544474,1780660382356,0.0,43.42,63852.78,BTC-26MAR27,62095.34,0.53425,62044.21,26MAR27,95000,,P,BTC-26MAR27-95000-P
0.0003,0.0006,154.7,0.00038436,1780660382356,0.1,55.34,62295.95,BTC-31JUL26,62095.34,0.00045,62044.21,31JUL26,110000,,C,BTC-31JUL26-110000-C
0.0175,0.019,1328.2,0.01820878,1780660382356,3.3,42.55,63248.66,BTC-25DEC26,62095.34,0.01825,62044.21,25DEC26,95000,,C,BTC-25DEC26-95000-C
0.862,0.9985,0.0,0.92656704,1780660382356,0.0,60.68,62293.82,BTC-31JUL26,62095.34,0.93025,62044.21,31JUL26,120000,,P,BTC-31JUL26-120000-P
0.0035,0.0039,2299.3,0.00368034,1780660382356,50.3,41.07,62655.97,BTC-25SEP26,62095.34,0.0037,62044.21,25SEP26,95000,,C,BTC-25SEP26-95000-C
0.069,0.0715,0.0,0.07032244,1780660382356,0.0,53.52,62104.43,BTC-19JUN26,62095.34,0.07025,62044.21,19JUN26,59000,,C,BTC-19JUN26-59000-C
0.446,0.4505,15.1,0.44812841,1780660382356,0.0,66.77,62655.97,BTC-25SEP26,62095.34,0.44825,62044.21,25SEP26,35000,,C,BTC-25SEP26-35000-C
0.0775,0.081,6.3,0.07947022,1780660382356,0.2,48.58,62097.47,index_price,62095.34,0.07925,62044.21,7JUN26,67000,,P,BTC-7JUN26-67000-P
,0.0001,556.1,0.0,1780660382356,0.0,89.92,62138.91,BTC-26JUN26,62095.34,,62044.21,26JUN26,240000,,C,BTC-26JUN26-240000-C
2.6675,2.9325,0.0,2.79469124,1780660382356,0.0,60.11,63248.66,BTC-25DEC26,62095.34,2.8,62044.21,25DEC26,240000,,P,BTC-25DEC26-240000-P
0.3595,0.4125,0.0,0.38153229,1780660382356,0.0,40.16,62450.34,BTC-28AUG26,62095.34,0.386,62044.21,28AUG26,86000,,P,BTC-28AUG26-86000-P
0.021,0.022,0.0,0.02159269,1780660382356,0.0,51.11,62086.575000000004,SYN.BTC-9JUN26,62095.34,0.0215,62044.21,9JUN26,62000,,C,BTC-9JUN26-62000-C
0.3345,0.4435,23.4,0.39206231,1780660382356,0.0,42.54,63248.66,BTC-25DEC26,62095.34,0.389,62044.21,25DEC26,86000,,P,BTC-25DEC26-86000-P
0.0105,0.0115,25.5,0.01122556,1780660382356,0.7,39.8,62451.02,BTC-28AUG26,62095.34,0.011,62044.21,28AUG26,79000,,C,BTC-28AUG26-79000-C
,0.0004,1130.9,3.636e-05,1780660382356,2.3,60.15,62655.97,BTC-25SEP26,62095.34,,62044.21,25SEP26,200000,,C,BTC-25SEP26-200000-C
0.245,0.3145,4.1,0.26171259,1780660382356,0.0,39.79,62450.34,BTC-28AUG26,62095.34,0.27975,62044.21,28AUG26,78000,,P,BTC-28AUG26-78000-P
1.2695,1.45,0.5,1.35416587,1780660382356,0.0,46.97,63852.78,BTC-26MAR27,62095.34,1.35975,62044.21,26MAR27,150000,,P,BTC-26MAR27-150000-P
0.017,0.018,1709.9,0.01759756,1780660382356,29.2,54.59,62655.97,BTC-25SEP26,62095.34,0.0175,62044.21,25SEP26,45000,,P,BTC-25SEP26-45000-P
0.0185,0.02,87.2,0.01923078,1780660382356,1.5,43.75,63852.22,BTC-26MAR27,62095.34,0.01925,62044.21,26MAR27,110000,,C,BTC-26MAR27-110000-C
0.0003,0.0007,479.4,0.00035887,1780660382356,1.7,54.36,62658.1,BTC-25SEP26,62095.34,0.0005,62044.21,25SEP26,145000,,C,BTC-25SEP26-145000-C
0.01,0.0115,118.0,0.01067189,1780660382356,3.0,44.64,63852.22,BTC-26MAR27,62095.34,0.01075,62044.21,26MAR27,125000,,C,BTC-26MAR27-125000-C
0.0295,0.0305,61.5,0.02991785,1780660382356,45.3,46.89,62102.3,BTC-19JUN26,62095.34,0.03,62044.21,19JUN26,63000,,C,BTC-19JUN26-63000-C
0.0001,0.0003,8.0,0.0001932,1780660382357,7.8,46.32,62097.47,index_price,62095.34,0.0002,62044.21,8JUN26,68000,,C,BTC-8JUN26-68000-C
1.2915,1.464,2.1,1.37317356,1780660382357,0.0,49.11,63249.22,BTC-25DEC26,62095.34,1.37775,62044.21,25DEC26,150000,,P,BTC-25DEC26-150000-P
0.0001,0.0004,828.8,0.00023647,1780660382357,0.0,57.58,62655.97,BTC-25SEP26,62095.34,0.00025,62044.21,25SEP26,160000,,C,BTC-25SEP26-160000-C
0.0115,0.012,281.7,0.01160657,1780660382357,310.6,64.57,62097.47,index_price,62095.34,0.01175,62044.21,6JUN26,62000,,P,BTC-6JUN26-62000-P
0.316,0.324,206.8,0.32017722,1780660382357,2.5,51.23,62138.91,BTC-26JUN26,62095.34,0.32,62044.21,26JUN26,82000,,P,BTC-26JUN26-82000-P
0.0001,0.0003,20.0,0.00015649,1780660382357,20.0,49.23,62086.575000000004,SYN.BTC-9JUN26,62095.34,0.0002,62044.21,9JUN26,70000,,C,BTC-9JUN26-70000-C
0.0145,0.016,202.3,0.01510538,1780660382357,9.0,42.64,63249.22,BTC-25DEC26,62095.34,0.01525,62044.21,25DEC26,98000,,C,BTC-25DEC26-98000-C
0.443,0.5495,0.0,0.49375038,1780660382357,0.0,45.27,62293.82,BTC-31JUL26,62095.34,0.49625,62044.21,31JUL26,93000,,P,BTC-31JUL26-93000-P
0.1675,0.252,0.0,0.20788186,1780660382357,0.0,92.28,62097.47,index_price,62095.34,0.20975,62044.21,6JUN26,75000,,P,BTC-6JUN26-75000-P
0.0016,0.002,53.6,0.00178741,1780660382357,23.8,82.26,62097.47,index_price,62095.34,0.0018,62044.21,7JUN26,57000,,P,BTC-7JUN26-57000-P
0.6965,0.789,0.0,0.71587102,1780660382357,0.0,43.25,63248.66,BTC-25DEC26,62095.34,0.74275,62044.21,25DEC26,108000,,P,BTC-25DEC26-108000-P
0.1075,0.1835,0.0,0.14376404,1780660382357,0.0,65.11,62097.47,index_price,62095.34,0.1455,62044.21,7JUN26,71000,,P,BTC-7JUN26-71000-P
0.4925,0.5175,0.0,0.50708482,1780660382357,0.0,42.18,62450.34,BTC-28AUG26,62095.34,0.505,62044.21,28AUG26,94000,,P,BTC-28AUG26-94000-P
0.0085,0.0095,624.2,0.00905604,1780660382357,0.9,40.21,62658.1,BTC-25SEP26,62095.34,0.009,62044.21,25SEP26,86000,,C,BTC-25SEP26-86000-C
0.0003,0.0005,130.4,0.00039089,1780660382357,101.8,122.44,62097.47,index_price,62095.34,0.0004,62044.21,6JUN26,55000,,P,BTC-6JUN26-55000-P
0.0055,0.0065,2548.4,0.00593389,1780660382357,18.4,44.04,63248.66,BTC-25DEC26,62095.34,0.006,62044.21,25DEC26,115000,,C,BTC-25DEC26-115000-C
0.0815,0.083,599.9,0.0821253,1780660382357,39.2,42.77,62293.82,BTC-31JUL26,62095.34,0.08225,62044.21,31JUL26,64000,,P,BTC-31JUL26-64000-P
0.026,0.027,0.0,0.02655877,1780660382357,0.0,52.84,62086.575000000004,SYN.BTC-9JUN26,62095.34,0.0265,62044.21,9JUN26,61500,,C,BTC-9JUN26-61500-C
0.0008,0.0011,82.4,0.00088004,1780660382357,0.0,45.27,62293.82,BTC-31JUL26,62095.34,0.00095,62044.21,31JUL26,93000,,C,BTC-31JUL26-93000-C
1.119,1.2915,0.0,1.19923613,1780660382357,0.0,46.1,63852.22,BTC-26MAR27,62095.34,1.20525,62044.21,26MAR27,140000,,P,BTC-26MAR27-140000-P
0.106,0.185,0.0,0.14347747,1780660382357,0.0,92.24,62097.47,index_price,62095.34,0.1455,62044.21,6JUN26,71000,,P,BTC-6JUN26-71000-P
0.005,0.0055,141.4,0.00518535,1780660382357,162.2,57.03,62097.47,index_price,62095.34,0.00525,62044.21,6JUN26,63000,,C,BTC-6JUN26-63000-C
0.308,0.3165,932.6,0.31256064,1780660382357,2.5,42.77,63248.66,BTC-25DEC26,62095.34,0.31225,62044.21,25DEC26,80000,,P,BTC-25DEC26-80000-P
0.052,0.053,158.2,0.05262329,1780660382357,18.9,46.37,62655.97,BTC-25SEP26,62095.34,0.0525,62044.21,25SEP26,56000,,P,BTC-25SEP26-56000-P
0.021,0.0225,402.2,0.0217111,1780660382357,367.9,51.21,62451.02,BTC-28AUG26,62095.34,0.02175,62044.21,28AUG26,50000,,P,BTC-28AUG26-50000-P
0.059,0.109,0.0,0.07140106,1780660382357,0.0,66.84,62086.575000000004,SYN.BTC-9JUN26,62095.34,0.084,62044.21,9JUN26,58000,,C,BTC-9JUN26-58000-C
0.032,0.035,24.7,0.03376048,1780660382357,8.7,44.15,62097.47,index_price,62095.34,0.0335,62044.21,7JUN26,64000,,P,BTC-7JUN26-64000-P
0.0985,0.101,5.3,0.09937238,1780660382357,0.5,45.99,62293.82,BTC-31JUL26,62095.34,0.09975,62044.21,31JUL26,59000,,C,BTC-31JUL26-59000-C
0.2175,0.2225,84.4,0.21959595,1780660382357,0.1,44.86,63852.78,BTC-26MAR27,62095.34,0.22,62044.21,26MAR27,70000,,P,BTC-26MAR27-70000-P
0.0041,0.0045,44.1,0.00431798,1780660382357,41.9,77.36,62090.17,BTC-12JUN26,62095.34,0.0043,62044.21,12JUN26,54000,,P,BTC-12JUN26-54000-P
0.351,0.429,15.2,0.3822674,1780660382357,0.0,41.85,62293.82,BTC-31JUL26,62095.34,0.39,62044.21,31JUL26,86000,,P,BTC-31JUL26-86000-P
0.161,0.1635,2.7,0.16206368,1780660382357,0.5,45.87,63852.22,BTC-26MAR27,62095.34,0.16225,62044.21,26MAR27,64000,,C,BTC-26MAR27-64000-C
0.3325,0.3465,157.8,0.33829599,1780660382357,0.0,42.63,63249.22,BTC-25DEC26,62095.34,0.3395,62044.21,25DEC26,82000,,P,BTC-25DEC26-82000-P
0.012,0.013,34.9,0.01278744,1780660382357,10.4,39.79,62451.02,BTC-28AUG26,62095.34,0.0125,62044.21,28AUG26,78000,,C,BTC-28AUG26-78000-C
0.031,0.032,5222.5,0.03155858,1780660382357,1480.8,49.98,62138.91,BTC-26JUN26,62095.34,0.0315,62044.21,26JUN26,60000,,P,BTC-26JUN26-60000-P
0.4415,0.455,596.6,0.44800652,1780660382357,0.0,42.54,63248.66,BTC-25DEC26,62095.34,0.44825,62044.21,25DEC26,90000,,P,BTC-25DEC26-90000-P
0.0006,0.001,48.5,0.0007687,1780660382357,8.1,46.47,62293.82,BTC-31JUL26,62095.34,0.0008,62044.21,31JUL26,95000,,C,BTC-31JUL26-95000-C
0.0022,0.0026,22.4,0.00236207,1780660382357,0.0,41.54,62451.02,BTC-28AUG26,62095.34,0.0024,62044.21,28AUG26,92000,,C,BTC-28AUG26-92000-C
0.2865,0.2905,15.3,0.28843053,1780660382357,0.0,49.74,63852.22,BTC-26MAR27,62095.34,0.2885,62044.21,26MAR27,50000,,C,BTC-26MAR27-50000-C
0.214,0.3025,0.0,0.25627931,1780660382357,0.0,49.81,62104.43,BTC-19JUN26,62095.34,0.25825,62044.21,19JUN26,78000,,P,BTC-19JUN26-78000-P
0.253,0.261,458.5,0.25799034,1780660382357,0.0,40.01,62293.82,BTC-31JUL26,62095.34,0.257,62044.21,31JUL26,78000,,P,BTC-31JUL26-78000-P
0.2315,0.3285,0.0,0.27616019,1780660382357,0.0,39.8,62451.02,BTC-28AUG26,62095.34,0.28,62044.21,28AUG26,79000,,P,BTC-28AUG26-79000-P
1.7495,1.9525,0.0,1.84663251,1780660382357,0.0,53.36,63249.22,BTC-25DEC26,62095.34,1.851,62044.21,25DEC26,180000,,P,BTC-25DEC26-180000-P
0.392,0.4595,0.0,0.41261401,1780660382357,0.0,40.52,62450.34,BTC-28AUG26,62095.34,0.42575,62044.21,28AUG26,88000,,P,BTC-28AUG26-88000-P
,0.0001,1180.5,1e-08,1780660382357,0.0,88.08,62138.91,BTC-26JUN26,62095.34,,62044.21,26JUN26,180000,,C,BTC-26JUN26-180000-C
0.5245,0.533,985.9,0.5290059,1780660382357,3.1,67.44,62138.91,BTC-26JUN26,62095.34,0.52875,62044.21,26JUN26,95000,,P,BTC-26JUN26-95000-P
0.5205,0.6325,0.1,0.57373849,1780660382357,0.0,47.93,62293.82,BTC-31JUL26,62095.34,0.5765,62044.21,31JUL26,98000,,P,BTC-31JUL26-98000-P
0.4865,0.598,0.0,0.53880415,1780660382357,0.0,42.84,62451.02,BTC-28AUG26,62095.34,0.54225,62044.21,28AUG26,96000,,P,BTC-28AUG26-96000-P
0.0043,0.0048,93.7,0.00451248,1780660382357,14.4,40.16,62451.02,BTC-28AUG26,62095.34,0.00455,62044.21,28AUG26,86000,,C,BTC-28AUG26-86000-C
0.0145,0.016,2125.9,0.01533513,1780660382357,6.7,61.27,63248.66,BTC-25DEC26,62095.34,0.01525,62044.21,25DEC26,35000,,P,BTC-25DEC26-35000-P
0.208,0.2165,213.7,0.21381458,1780660382357,0.2,40.0,62293.82,BTC-31JUL26,62095.34,0.21225,62044.21,31JUL26,75000,,P,BTC-31JUL26-75000-P
0.062,0.065,29.3,0.06355003,1780660382357,0.2,45.22,62097.47,index_price,62095.34,0.0635,62044.21,7JUN26,66000,,P,BTC-7JUN26-66000-P
0.085,0.0895,92.2,0.08753477,1780660382357,10.5,43.16,62104.43,BTC-19JUN26,62095.34,0.08725,62044.21,19JUN26,67000,,P,BTC-19JUN26-67000-P
,0.0001,159.8,1.854e-05,1780660382357,21.3,60.82,62097.47,index_price,62095.34,,62044.21,6JUN26,67500,,C,BTC-6JUN26-67500-C
0.2455,0.336,6.0,0.28857532,1780660382357,0.2,70.13,62090.17,BTC-12JUN26,62095.34,0.29075,62044.21,12JUN26,80000,,P,BTC-12JUN26-80000-P
1.3135,1.482,0.7,1.39429433,1780660382357,0.0,56.19,62655.97,BTC-25SEP26,62095.34,1.39775,62044.21,25SEP26,150000,,P,BTC-25SEP26-150000-P
0.133,0.137,6.0,0.13465356,1780660382357,6.0,45.99,62451.02,BTC-28AUG26,62095.34,0.135,62044.21,28AUG26,57000,,C,BTC-28AUG26-57000-C
,0.0001,33.8,3.11e-05,1780660382357,13.8,53.19,62097.47,index_price,62095.34,,62044.21,8JUN26,71000,,C,BTC-8JUN26-71000-C
0.0013,0.0016,38.6,0.0015324,1780660382357,40.8,44.03,62097.47,index_price,62095.34,0.00145,62044.21,8JUN26,65500,,C,BTC-8JUN26-65500-C
0.07,0.0725,1907.1,0.07148069,1780660382357,1.1,49.74,63852.22,BTC-26MAR27,62095.34,0.07125,62044.21,26MAR27,50000,,P,BTC-26MAR27-50000-P
0.0017,0.0025,414.9,0.00205246,1780660382357,5.0,50.54,63852.22,BTC-26MAR27,62095.34,0.0021,62044.21,26MAR27,190000,,C,BTC-26MAR27-190000-C
0.013,0.014,3231.2,0.01345334,1780660382357,1738.6,57.86,62138.91,BTC-26JUN26,62095.34,0.0135,62044.21,26JUN26,55000,,P,BTC-26JUN26-55000-P
0.223,0.232,457.1,0.22832602,1780660382357,0.4,40.0,62295.95,BTC-31JUL26,62095.34,0.2275,62044.21,31JUL26,76000,,P,BTC-31JUL26-76000-P
0.007,0.0085,2938.6,0.00764962,1780660382357,8.0,43.53,63248.66,BTC-25DEC26,62095.34,0.00775,62044.21,25DEC26,110000,,C,BTC-25DEC26-110000-C
0.017,0.018,26.3,0.01736807,1780660382357,18.2,53.16,62451.02,BTC-28AUG26,62095.34,0.0175,62044.21,28AUG26,48000,,P,BTC-28AUG26-48000-P
0.0003,0.0006,356.3,0.00042518,1780660382357,0.0,51.15,62293.82,BTC-31JUL26,62095.34,0.00045,62044.21,31JUL26,104000,,C,BTC-31JUL26-104000-C
0.323,0.4205,0.0,0.36882392,1780660382357,0.0,60.93,62104.43,BTC-19JUN26,62095.34,0.37175,62044.21,19JUN26,85000,,P,BTC-19JUN26-85000-P
0.3785,0.4705,4.8,0.41170216,1780660382357,0.0,40.22,62658.1,BTC-25SEP26,62095.34,0.4245,62044.21,25SEP26,88000,,P,BTC-25SEP26-88000-P
2.732,3.0025,0.1,2.8620924,1780660382357,0.0,89.92,62138.91,BTC-26JUN26,62095.34,2.86725,62044.21,26JUN26,240000,,P,BTC-26JUN26-240000-P
0.005,0.006,78.5,0.00551647,1780660382357,52.6,64.12,62097.47,index_price,62095.34,0.0055,62044.21,8JUN26,59000,,P,BTC-8JUN26-59000-P
0.0145,0.016,90.8,0.01515521,1780660382357,118.4,60.35,62097.47,index_price,62095.34,0.01525,62044.21,6JUN26,62500,,P,BTC-6JUN26-62500-P
0.01,0.011,0.0,0.01036028,1780660382357,0.0,58.26,62086.575000000004,SYN.BTC-9JUN26,62095.34,0.0105,62044.21,9JUN26,60000,,P,BTC-9JUN26-60000-P
0.0575,0.0605,13.8,0.0587102,1780660382357,11.8,51.71,62104.43,BTC-19JUN26,62095.34,0.059,62044.21,19JUN26,60000,,C,BTC-19JUN26-60000-C
0.28,0.2865,18.5,0.28313747,1780660382357,0.0,44.15,63852.22,BTC-26MAR27,62095.34,0.28325,62044.21,26MAR27,76000,,P,BTC-26MAR27-76000-P
0.0255,0.0265,794.0,0.02603793,1780660382357,46.6,40.21,62658.1,BTC-25SEP26,62095.34,0.026,62044.21,25SEP26,76000,,C,BTC-25SEP26-76000-C
0.036,0.0405,0.0,0.03831887,1780660382357,0.0,45.92,62086.575000000004,SYN.BTC-9JUN26,62095.34,0.03825,62044.21,9JUN26,64000,,P,BTC-9JUN26-64000-P
0.245,0.337,1.0,0.28841508,1780660382357,0.0,53.11,62104.43,BTC-19JUN26,62095.34,0.291,62044.21,19JUN26,80000,,P,BTC-19JUN26-80000-P
0.0105,0.011,2332.7,0.01091771,1780660382357,1378.9,42.52,62138.91,BTC-26JUN26,62095.34,0.01075,62044.21,26JUN26,68000,,C,BTC-26JUN26-68000-C
0.039,0.042,14.1,0.04073866,1780660382357,0.1,44.13,62097.47,index_price,62095.34,0.0405,62044.21,7JUN26,64500,,P,BTC-7JUN26-64500-P
0.0012,0.0016,1685.9,0.00134459,1780660382357,83.8,44.97,62655.97,BTC-25SEP26,62095.34,0.0014,62044.21,25SEP26,110000,,C,BTC-25SEP26-110000-C
0.041,0.0425,218.9,0.04189778,1780660382357,18.7,42.63,63249.22,BTC-25DEC26,62095.34,0.04175,62044.21,25DEC26,82000,,C,BTC-25DEC26-82000-C
0.0001,0.0002,2087.4,0.00016559,1780660382357,500.0,77.6,62138.91,BTC-26JUN26,62095.34,0.00015,62044.21,26JUN26,105000,,C,BTC-26JUN26-105000-C
0.0004,0.0006,0.2,0.00046629,1780660382357,0.2,45.39,62086.575000000004,SYN.BTC-9JUN26,62095.34,0.0005,62044.21,9JUN26,68000,,C,BTC-9JUN26-68000-C
0.0235,0.0245,1.7,0.0238564,1780660382357,3.1,49.58,62086.575000000004,SYN.BTC-9JUN26,62095.34,0.024,62044.21,9JUN26,62500,,P,BTC-9JUN26-62500-P
0.1575,0.1635,603.8,0.16076482,1780660382357,19.0,43.21,62104.43,BTC-19JUN26,62095.34,0.1605,62044.21,19JUN26,72000,,P,BTC-19JUN26-72000-P
0.047,0.0485,2653.5,0.04777091,1780660382357,32.9,46.92,62655.97,BTC-25SEP26,62095.34,0.04775,62044.21,25SEP26,55000,,P,BTC-25SEP26-55000-P
0.068,0.0715,2853.9,0.06974572,1780660382357,674.9,44.01,62138.91,BTC-26JUN26,62095.34,0.06975,62044.21,26JUN26,65000,,P,BTC-26JUN26-65000-P
1.049,1.14,52.1,1.0584715,1780660382357,0.0,46.15,63248.66,BTC-25DEC26,62095.34,1.0945,62044.21,25DEC26,130000,,P,BTC-25DEC26-130000-P
0.009,0.01,192.0,0.00941207,1780660382357,0.0,43.09,63249.22,BTC-25DEC26,62095.34,0.0095,62044.21,25DEC26,106000,,C,BTC-25DEC26-106000-C
0.5345,0.5375,248.0,0.53576478,1780660382357,0.0,67.08,63248.66,BTC-25DEC26,62095.34,0.536,62044.21,25DEC26,30000,,C,BTC-25DEC26-30000-C
0.0007,0.0011,919.8,0.00088034,1780660382357,0.8,53.36,63248.66,BTC-25DEC26,62095.34,0.0009,62044.21,25DEC26,180000,,C,BTC-25DEC26-180000-C
0.109,0.115,174.5,0.11255127,1780660382357,3.2,45.92,62090.17,BTC-12JUN26,62095.34,0.112,62044.21,12JUN26,69000,,P,BTC-12JUN26-69000-P
0.119,0.1245,406.6,0.12221296,1780660382357,0.1,40.93,62293.82,BTC-31JUL26,62095.34,0.12175,62044.21,31JUL26,68000,,P,BTC-31JUL26-68000-P
0.2095,0.2165,113.5,0.21302207,1780660382357,1.0,40.35,62658.1,BTC-25SEP26,62095.34,0.213,62044.21,25SEP26,74000,,P,BTC-25SEP26-74000-P
0.6325,0.705,0.1,0.6852439,1780660382357,0.0,43.09,63249.22,BTC-25DEC26,62095.34,0.66875,62044.21,25DEC26,106000,,P,BTC-25DEC26-106000-P
0.305,0.403,0.0,0.35072012,1780660382357,0.0,39.83,62451.02,BTC-28AUG26,62095.34,0.354,62044.21,28AUG26,84000,,P,BTC-28AUG26-84000-P
0.3675,0.4995,0.2,0.43044138,1780660382357,0.0,43.46,63852.78,BTC-26MAR27,62095.34,0.4335,62044.21,26MAR27,88000,,P,BTC-26MAR27-88000-P
0.002,0.0024,131.1,0.00233543,1780660382357,121.3,44.15,62097.47,index_price,62095.34,0.0022,62044.21,8JUN26,65000,,C,BTC-8JUN26-65000-C
2.5765,2.8355,6.4,2.70117189,1780660382357,0.0,89.33,62138.91,BTC-26JUN26,62095.34,2.706,62044.21,26JUN26,230000,,P,BTC-26JUN26-230000-P
1.3325,1.5015,2.3,1.41380875,1780660382357,0.0,88.08,62138.91,BTC-26JUN26,62095.34,1.417,62044.21,26JUN26,150000,,P,BTC-26JUN26-150000-P
,0.0002,1335.4,0.0001414,1780660382357,17.0,82.42,62139.61,BTC-26JUN26,62095.34,,62044.21,26JUN26,110000,,C,BTC-26JUN26-110000-C
0.0455,0.0465,58.9,0.04611054,1780660382357,34.0,47.24,62138.91,BTC-26JUN26,62095.34,0.046,62044.21,26JUN26,62000,,C,BTC-26JUN26-62000-C
0.0011,0.0015,133.0,0.00127285,1780660382357,0.0,43.25,62295.95,BTC-31JUL26,62095.34,0.0013,62044.21,31JUL26,89000,,C,BTC-31JUL26-89000-C
,0.0001,651.0,2.03e-06,1780660382357,0.0,88.08,62138.91,BTC-26JUN26,62095.34,,62044.21,26JUN26,145000,,C,BTC-26JUN26-145000-C
0.097,0.1565,0.0,0.12768076,1780660382357,0.0,62.91,62097.47,index_price,62095.34,0.12675,62044.21,7JUN26,70000,,P,BTC-7JUN26-70000-P
,0.0001,198.4,0.0,1780660382357,0.0,91.06,62138.91,BTC-26JUN26,62095.34,,62044.21,26JUN26,260000,,C,BTC-26JUN26-260000-C
0.036,0.0365,97.8,0.03631166,1780660382358,98.6,47.52,62295.95,BTC-31JUL26,62095.34,0.03625,62044.21,31JUL26,57000,,P,BTC-31JUL26-57000-P
0.122,0.1245,714.4,0.12311848,1780660382358,89.7,45.31,63248.66,BTC-25DEC26,62095.34,0.12325,62044.21,25DEC26,62000,,P,BTC-25DEC26-62000-P
0.037,0.038,1.6,0.03763329,1780660382358,2.5,46.07,62138.91,BTC-26JUN26,62095.34,0.0375,62044.21,26JUN26,63000,,C,BTC-26JUN26-63000-C
0.2975,0.302,153.4,0.29941565,1780660382358,5.0,54.59,62655.97,BTC-25SEP26,62095.34,0.29975,62044.21,25SEP26,45000,,C,BTC-25SEP26-45000-C
0.182,0.209,0.0,0.18445925,1780660382358,0.0,52.18,62293.82,BTC-31JUL26,62095.34,0.1955,62044.21,31JUL26,52000,,C,BTC-31JUL26-52000-C
0.3235,0.4195,21.5,0.36907562,1780660382358,0.1,82.96,62090.17,BTC-12JUN26,62095.34,0.3715,62044.21,12JUN26,85000,,P,BTC-12JUN26-85000-P
0.0033,0.0037,22.5,0.00353473,1780660382358,15.9,81.04,62090.17,BTC-12JUN26,62095.34,0.0035,62044.21,12JUN26,53000,,P,BTC-12JUN26-53000-P
0.0014,0.0021,317.6,0.00170727,1780660382358,5.1,51.34,63852.22,BTC-26MAR27,62095.34,0.00175,62044.21,26MAR27,200000,,C,BTC-26MAR27-200000-C
,0.0001,48.3,1.416e-05,1780660382358,6.8,77.93,62097.47,index_price,62095.34,,62044.21,6JUN26,69500,,C,BTC-6JUN26-69500-C
0.4895,0.599,0.1,0.54173211,1780660382358,0.0,46.93,62293.82,BTC-31JUL26,62095.34,0.54425,62044.21,31JUL26,96000,,P,BTC-31JUL26-96000-P
0.002,0.0023,16.0,0.00214138,1780660382358,6.6,80.04,62097.47,index_price,62095.34,0.00215,62044.21,8JUN26,56000,,P,BTC-8JUN26-56000-P
0.0205,0.023,78.5,0.02221727,1780660382358,70.0,47.34,62097.47,index_price,62095.34,0.02175,62044.21,7JUN26,63000,,P,BTC-7JUN26-63000-P
0.004,0.0044,21.2,0.00416721,1780660382358,33.7,71.21,62086.575000000004,SYN.BTC-9JUN26,62095.34,0.0042,62044.21,9JUN26,57000,,P,BTC-9JUN26-57000-P
,0.0001,4339.0,0.00010065,1780660382358,193.6,161.26,62138.91,BTC-26JUN26,62095.34,,62044.21,26JUN26,20000,,P,BTC-26JUN26-20000-P
0.11,0.1785,0.0,0.14360047,1780660382358,0.0,53.19,62097.47,index_price,62095.34,0.14425,62044.21,8JUN26,71000,,P,BTC-8JUN26-71000-P
0.0535,0.057,96.2,0.05508324,1780660382358,3.7,54.44,62097.47,index_price,62095.34,0.05525,62044.21,6JUN26,65500,,P,BTC-6JUN26-65500-P
1.14,1.3025,0.2,1.21578175,1780660382358,0.0,47.99,63248.66,BTC-25DEC26,62095.34,1.22125,62044.21,25DEC26,140000,,P,BTC-25DEC26-140000-P
0.9285,1.07,21.6,0.99565579,1780660382358,0.0,49.37,62655.97,BTC-25SEP26,62095.34,0.99925,62044.21,25SEP26,125000,,P,BTC-25SEP26-125000-P
0.261,0.354,0.1,0.30468057,1780660382358,0.1,73.14,62090.17,BTC-12JUN26,62095.34,0.3075,62044.21,12JUN26,81000,,P,BTC-12JUN26-81000-P
0.126,0.129,125.4,0.12737112,1780660382358,2.7,82.74,62097.47,index_price,62095.34,0.1275,62044.21,6JUN26,70000,,P,BTC-6JUN26-70000-P
0.4395,0.5215,1.0,0.4754505,1780660382358,0.0,41.54,62451.02,BTC-28AUG26,62095.34,0.4805,62044.21,28AUG26,92000,,P,BTC-28AUG26-92000-P
0.0045,0.0049,117.5,0.00476865,1780660382358,70.5,46.02,62097.47,index_price,62095.34,0.0047,62044.21,7JUN26,63500,,C,BTC-7JUN26-63500-C
0.0023,0.0026,127.2,0.00242965,1780660382358,63.3,89.95,62097.47,index_price,62095.34,0.00245,62044.21,6JUN26,59000,,P,BTC-6JUN26-59000-P
0.048,0.115,2.3,0.07616756,1780660382358,0.0,63.26,62090.17,BTC-12JUN26,62095.34,0.0815,62044.21,12JUN26,58000,,C,BTC-12JUN26-58000-C
0.558,0.708,0.0,0.62474081,1780660382358,0.0,43.5,63852.22,BTC-26MAR27,62095.34,0.633,62044.21,26MAR27,102000,,P,BTC-26MAR27-102000-P
0.215,0.223,26.7,0.21963258,1780660382358,2.5,39.8,62451.02,BTC-28AUG26,62095.34,0.219,62044.21,28AUG26,75000,,P,BTC-28AUG26-75000-P
0.1265,0.131,222.4,0.1283905,1780660382358,46.0,57.86,62138.91,BTC-26JUN26,62095.34,0.12875,62044.21,26JUN26,55000,,C,BTC-26JUN26-55000-C
0.035,0.037,70.5,0.03593463,1780660382358,5.0,43.42,63852.22,BTC-26MAR27,62095.34,0.036,62044.21,26MAR27,96000,,C,BTC-26MAR27-96000-C
0.515,0.623,0.1,0.56694621,1780660382358,0.0,41.77,62655.97,BTC-25SEP26,62095.34,0.569,62044.21,25SEP26,98000,,P,BTC-25SEP26-98000-P
0.3705,0.375,31.4,0.37262729,1780660382358,0.0,60.42,62655.97,BTC-25SEP26,62095.34,0.37275,62044.21,25SEP26,40000,,C,BTC-25SEP26-40000-C
0.0135,0.0145,34.4,0.0145023,1780660382358,18.5,39.75,62451.02,BTC-28AUG26,62095.34,0.014,62044.21,28AUG26,77000,,C,BTC-28AUG26-77000-C
0.0085,0.0095,348.7,0.00880127,1780660382358,132.5,46.04,62090.17,BTC-12JUN26,62095.34,0.009,62044.21,12JUN26,65000,,C,BTC-12JUN26-65000-C
0.0002,0.0005,322.0,0.00026955,1780660382361,2.2,56.54,62658.1,BTC-25SEP26,62095.34,0.00035,62044.21,25SEP26,155000,,C,BTC-25SEP26-155000-C
0.2925,0.375,0.0,0.32048421,1780660382361,0.0,39.8,62451.02,BTC-28AUG26,62095.34,0.33375,62044.21,28AUG26,82000,,P,BTC-28AUG26-82000-P
0.0055,0.0065,3490.4,0.00632431,1780660382361,519.1,42.38,62138.91,BTC-26JUN26,62095.34,0.006,62044.21,26JUN26,70000,,C,BTC-26JUN26-70000-C
0.006,0.007,89.1,0.00655744,1780660382361,54.4,67.04,62104.43,BTC-19JUN26,62095.34,0.0065,62044.21,19JUN26,53000,,P,BTC-19JUN26-53000-P
0.065,0.07,207.9,0.06860682,1780660382361,5.1,45.78,62090.17,BTC-12JUN26,62095.34,0.0675,62044.21,12JUN26,66000,,P,BTC-12JUN26-66000-P
0.194,0.198,1093.1,0.19628215,1780660382361,1.8,43.76,63248.66,BTC-25DEC26,62095.34,0.196,62044.21,25DEC26,70000,,P,BTC-25DEC26-70000-P
0.1425,0.146,601.0,0.14415304,1780660382361,7.2,41.61,62655.97,BTC-25SEP26,62095.34,0.14425,62044.21,25SEP26,68000,,P,BTC-25SEP26-68000-P
0.0001,0.0002,1382.6,0.00014009,1780660382361,2.4,70.13,62088.04,BTC-12JUN26,62095.34,0.00015,62044.21,12JUN26,80000,,C,BTC-12JUN26-80000-C
0.0035,0.0043,623.6,0.00385052,1780660382361,0.3,45.38,63248.66,BTC-25DEC26,62095.34,0.0039,62044.21,25DEC26,125000,,C,BTC-25DEC26-125000-C
0.02,0.021,0.0,0.02042914,1780660382361,0.0,54.42,62097.47,index_price,62095.34,0.0205,62044.21,7JUN26,61500,,C,BTC-7JUN26-61500-C
0.0365,0.0385,84.4,0.03764944,1780660382361,7.1,43.42,63852.78,BTC-26MAR27,62095.34,0.0375,62044.21,26MAR27,95000,,C,BTC-26MAR27-95000-C
0.0885,0.0905,1026.9,0.08960075,1780660382361,0.9,43.76,63248.66,BTC-25DEC26,62095.34,0.0895,62044.21,25DEC26,70000,,C,BTC-25DEC26-70000-C
0.0046,0.0055,255.1,0.00501422,1780660382361,21.0,40.13,62293.82,BTC-31JUL26,62095.34,0.00505,62044.21,31JUL26,79000,,C,BTC-31JUL26-79000-C
0.0095,0.0105,1625.5,0.0100568,1780660382361,17.0,67.08,63249.22,BTC-25DEC26,62095.34,0.01,62044.21,25DEC26,30000,,P,BTC-25DEC26-30000-P
0.0485,0.089,0.0,0.05222934,1780660382361,0.0,89.95,62097.47,index_price,62095.34,0.06875,62044.21,6JUN26,59000,,C,BTC-6JUN26-59000-C
0.0003,0.0006,1116.7,0.00046106,1780660382361,14.5,53.72,62655.97,BTC-25SEP26,62095.34,0.00045,62044.21,25SEP26,140000,,C,BTC-25SEP26-140000-C
0.013,0.014,2435.1,0.01333644,1780660382361,2.1,42.7,63249.22,BTC-25DEC26,62095.34,0.0135,62044.21,25DEC26,100000,,C,BTC-25DEC26-100000-C
1.776,1.9785,7.3,1.87284332,1780660382361,0.0,60.15,62655.97,BTC-25SEP26,62095.34,1.87725,62044.21,25SEP26,180000,,P,BTC-25SEP26-180000-P
0.1945,0.202,141.7,0.19955662,1780660382361,1.4,40.02,62295.95,BTC-31JUL26,62095.34,0.19825,62044.21,31JUL26,74000,,P,BTC-31JUL26-74000-P
0.3575,0.3725,21.8,0.36645744,1780660382361,0.0,41.47,62293.82,BTC-31JUL26,62095.34,0.365,62044.21,31JUL26,85000,,P,BTC-31JUL26-85000-P
0.146,0.1495,137.2,0.14797211,1780660382361,1.0,46.28,63852.22,BTC-26MAR27,62095.34,0.14775,62044.21,26MAR27,62000,,P,BTC-26MAR27-62000-P
0.1735,0.179,110.6,0.17647048,1780660382361,0.5,43.86,62104.43,BTC-19JUN26,62095.34,0.17625,62044.21,19JUN26,73000,,P,BTC-19JUN26-73000-P
0.5855,0.673,0.4,0.63009069,1780660382361,0.0,42.87,62655.97,BTC-25SEP26,62095.34,0.62925,62044.21,25SEP26,102000,,P,BTC-25SEP26-102000-P
0.1125,0.116,7.0,0.11368065,1780660382361,0.0,44.81,62451.02,BTC-28AUG26,62095.34,0.11425,62044.21,28AUG26,59000,,C,BTC-28AUG26-59000-C
,0.0001,308.5,0.0,1780660382361,0.0,95.76,62138.91,BTC-26JUN26,62095.34,,62044.21,26JUN26,300000,,C,BTC-26JUN26-300000-C
0.0115,0.0125,139.8,0.01220581,1780660382361,127.4,43.69,62104.43,BTC-19JUN26,62095.34,0.012,62044.21,19JUN26,66000,,C,BTC-19JUN26-66000-C
0.0805,0.1185,0.0,0.08295057,1780660382361,0.0,106.38,62097.47,index_price,62095.34,0.0995,62044.21,6JUN26,57000,,C,BTC-6JUN26-57000-C
0.0014,0.0017,120.4,0.00158201,1780660382361,165.6,54.14,62097.47,index_price,62095.34,0.00155,62044.21,6JUN26,64000,,C,BTC-6JUN26-64000-C
0.0095,0.0105,828.7,0.00996771,1780660382361,2.6,43.03,63248.66,BTC-25DEC26,62095.34,0.01,62044.21,25DEC26,105000,,C,BTC-25DEC26-105000-C
0.2685,0.277,173.2,0.27315139,1780660382361,0.3,40.13,62293.82,BTC-31JUL26,62095.34,0.27275,62044.21,31JUL26,79000,,P,BTC-31JUL26-79000-P
1.2365,1.3995,0.2,1.31450058,1780660382361,0.0,54.36,62658.1,BTC-25SEP26,62095.34,1.318,62044.21,25SEP26,145000,,P,BTC-25SEP26-145000-P
0.0345,0.0355,321.8,0.03513898,1780660382361,84.9,49.45,62090.17,BTC-12JUN26,62095.34,0.035,62044.21,12JUN26,63000,,P,BTC-12JUN26-63000-P
0.252,0.259,70.6,0.25639563,1780660382361,2.1,65.33,62090.17,BTC-12JUN26,62095.34,0.2555,62044.21,12JUN26,78000,,P,BTC-12JUN26-78000-P
0.0495,0.1045,0.0,0.06507485,1780660382361,0.0,44.88,62086.575000000004,SYN.BTC-9JUN26,62095.34,0.077,62044.21,9JUN26,66000,,P,BTC-9JUN26-66000-P
0.455,0.5405,5.2,0.50553396,1780660382361,0.0,42.54,63248.66,BTC-25DEC26,62095.34,0.49775,62044.21,25DEC26,94000,,P,BTC-25DEC26-94000-P
0.098,0.1025,319.9,0.10085472,1780660382361,83.0,41.74,62293.82,BTC-31JUL26,62095.34,0.10025,62044.21,31JUL26,66000,,P,BTC-31JUL26-66000-P
0.0695,0.073,16.7,0.07150933,1780660382361,0.0,47.42,62097.47,index_price,62095.34,0.07125,62044.21,7JUN26,66500,,P,BTC-7JUN26-66500-P
0.056,0.0835,0.0,0.0800798,1780660382361,0.0,44.48,62089.200000000004,SYN.BTC-9JUN26,62095.34,0.06975,62044.21,9JUN26,67000,,P,BTC-9JUN26-67000-P
0.018,0.019,103.1,0.01874527,1780660382361,2.4,39.8,62451.02,BTC-28AUG26,62095.34,0.0185,62044.21,28AUG26,75000,,C,BTC-28AUG26-75000-C
0.0185,0.02,99.0,0.01941894,1780660382361,30.6,42.54,63248.66,BTC-25DEC26,62095.34,0.01925,62044.21,25DEC26,94000,,C,BTC-25DEC26-94000-C
,0.0001,55.3,1.345e-05,1780660382361,23.7,73.05,62097.47,index_price,62095.34,,62044.21,6JUN26,69000,,C,BTC-6JUN26-69000-C
0.0265,0.028,278.3,0.02724016,1780660382361,41.4,39.96,62451.02,BTC-28AUG26,62095.34,0.02725,62044.21,28AUG26,72000,,C,BTC-28AUG26-72000-C
0.1575,0.1605,10.2,0.1588858,1780660382361,1.0,46.37,62655.97,BTC-25SEP26,62095.34,0.159,62044.21,25SEP26,56000,,C,BTC-25SEP26-56000-C
0.1,0.1015,31.7,0.1008493,1780660382361,10.4,43.58,62658.1,BTC-25SEP26,62095.34,0.10075,62044.21,25SEP26,62000,,C,BTC-25SEP26-62000-C
0.0001,0.0002,22.9,0.00012706,1780660382361,12.8,62.12,62097.47,index_price,62095.34,0.00015,62044.21,7JUN26,69000,,C,BTC-7JUN26-69000-C
0.0405,0.0415,453.8,0.04110778,1780660382361,37.9,46.73,62293.82,BTC-31JUL26,62095.34,0.041,62044.21,31JUL26,58000,,P,BTC-31JUL26-58000-P
0.035,0.036,94.8,0.03568728,1780660382361,81.1,41.29,62295.95,BTC-31JUL26,62095.34,0.0355,62044.21,31JUL26,67000,,C,BTC-31JUL26-67000-C
0.048,0.049,1510.3,0.0484045,1780660382361,210.0,41.11,62655.97,BTC-25SEP26,62095.34,0.0485,62044.21,25SEP26,70000,,C,BTC-25SEP26-70000-C
0.0037,0.0041,29.2,0.00388672,1780660382361,14.1,69.01,62097.47,index_price,62095.34,0.0039,62044.21,8JUN26,58000,,P,BTC-8JUN26-58000-P
3.01,3.3005,0.0,3.14949757,1780660382361,0.0,61.4,62655.97,BTC-25SEP26,62095.34,3.15525,62044.21,25SEP26,260000,,P,BTC-25SEP26-260000-P
,0.0001,176.0,1.2e-07,1780660382361,0.0,88.08,62138.91,BTC-26JUN26,62095.34,,62044.21,26JUN26,165000,,C,BTC-26JUN26-165000-C
0.2115,0.3005,3.8,0.24741328,1780660382361,0.1,39.75,62451.02,BTC-28AUG26,62095.34,0.256,62044.21,28AUG26,77000,,P,BTC-28AUG26-77000-P
0.0245,0.0255,727.0,0.02481489,1780660382361,38.4,51.71,62104.43,BTC-19JUN26,62095.34,0.025,62044.21,19JUN26,60000,,P,BTC-19JUN26-60000-P
0.079,0.082,1343.3,0.08045718,1780660382361,110.7,43.16,62138.91,BTC-26JUN26,62095.34,0.0805,62044.21,26JUN26,66000,,P,BTC-26JUN26-66000-P
0.0595,0.0615,0.0,0.06038596,1780660382361,0.0,43.57,63852.22,BTC-26MAR27,62095.34,0.0605,62044.21,26MAR27,85000,,C,BTC-26MAR27-85000-C
0.034,0.0375,18.7,0.0358411,1780660382361,19.3,44.51,62097.47,index_price,62095.34,0.03575,62044.21,8JUN26,64000,,P,BTC-8JUN26-64000-P
0.739,0.7545,53.3,0.74672039,1780660382361,0.0,43.53,63249.22,BTC-25DEC26,62095.34,0.74675,62044.21,25DEC26,110000,,P,BTC-25DEC26-110000-P
0.1205,0.1245,6.8,0.12310466,1780660382361,1.7,41.26,62451.02,BTC-28AUG26,62095.34,0.1225,62044.21,28AUG26,67000,,P,BTC-28AUG26-67000-P
0.971,1.0585,8.4,0.98006731,1780660382361,2.0,45.38,63248.66,BTC-25DEC26,62095.34,1.01475,62044.21,25DEC26,125000,,P,BTC-25DEC26-125000-P
0.5515,0.665,0.0,0.60577038,1780660382361,0.0,49.01,62295.95,BTC-31JUL26,62095.34,0.60825,62044.21,31JUL26,100000,,P,BTC-31JUL26-100000-P
0.0305,0.034,170.4,0.03230777,1780660382361,60.8,54.14,62097.47,index_price,62095.34,0.03225,62044.21,6JUN26,64000,,P,BTC-6JUN26-64000-P
0.009,0.01,0.6,0.00949972,1780660382361,0.6,56.72,62097.47,index_price,62095.34,0.0095,62044.21,8JUN26,60500,,P,BTC-8JUN26-60500-P
0.6445,0.7645,0.0,0.70197199,1780660382361,0.0,52.72,62295.95,BTC-31JUL26,62095.34,0.7045,62044.21,31JUL26,106000,,P,BTC-31JUL26-106000-P
0.673,0.8265,1.2,0.74194112,1780660382361,0.0,43.75,63852.22,BTC-26MAR27,62095.34,0.74975,62044.21,26MAR27,110000,,P,BTC-26MAR27-110000-P
0.0245,0.025,253.0,0.02478,1780660382361,23.3,50.15,62293.82,BTC-31JUL26,62095.34,0.02475,62044.21,31JUL26,54000,,P,BTC-31JUL26-54000-P
0.4355,0.447,597.0,0.44228128,1780660382361,0.0,40.39,62655.97,BTC-25SEP26,62095.34,0.44125,62044.21,25SEP26,90000,,P,BTC-25SEP26-90000-P
3.935,4.2925,0.1,4.10707222,1780660382361,0.0,66.78,62655.97,BTC-25SEP26,62095.34,4.11375,62044.21,25SEP26,320000,,P,BTC-25SEP26-320000-P
0.134,0.1365,14.9,0.13530493,1780660382361,6.0,45.17,63852.22,BTC-26MAR27,62095.34,0.13525,62044.21,26MAR27,68000,,C,BTC-26MAR27-68000-C
0.3005,0.3075,110.8,0.30376645,1780660382361,0.0,40.21,62293.82,BTC-31JUL26,62095.34,0.304,62044.21,31JUL26,81000,,P,BTC-31JUL26-81000-P
0.119,0.176,0.0,0.13832162,1780660382361,0.0,64.51,62104.43,BTC-19JUN26,62095.34,0.1475,62044.21,19JUN26,54000,,C,BTC-19JUN26-54000-C
0.366,0.468,2.0,0.41402366,1780660382361,0.0,42.78,62293.82,BTC-31JUL26,62095.34,0.417,62044.21,31JUL26,88000,,P,BTC-31JUL26-88000-P
0.0039,0.0044,153.9,0.00408758,1780660382361,5.9,41.02,62655.97,BTC-25SEP26,62095.34,0.00415,62044.21,25SEP26,94000,,C,BTC-25SEP26-94000-C
0.031,0.033,0.0,0.03194292,1780660382361,0.0,54.52,62086.575000000004,SYN.BTC-9JUN26,62095.34,0.032,62044.21,9JUN26,61000,,C,BTC-9JUN26-61000-C
0.014,0.015,0.4,0.01445082,1780660382361,0.4,54.52,62091.92,SYN.BTC-9JUN26,62095.34,0.0145,62044.21,9JUN26,61000,,P,BTC-9JUN26-61000-P
,0.0001,100.9,2.527e-05,1780660382361,1.1,88.47,62097.47,index_price,62095.34,,62044.21,7JUN26,75000,,C,BTC-7JUN26-75000-C
2.8875,3.169,0.0,3.02301292,1780660382361,0.0,90.33,62138.91,BTC-26JUN26,62095.34,3.02825,62044.21,26JUN26,250000,,P,BTC-26JUN26-250000-P
0.084,0.1575,0.0,0.11965786,1780660382361,0.0,62.68,62097.47,index_price,62095.34,0.12075,62044.21,7JUN26,69500,,P,BTC-7JUN26-69500-P
0.011,0.012,154.4,0.0116813,1780660382361,24.9,40.02,62295.95,BTC-31JUL26,62095.34,0.0115,62044.21,31JUL26,74000,,C,BTC-31JUL26-74000-C
0.0165,0.0175,209.5,0.01711665,1780660382361,0.1,42.58,63248.66,BTC-25DEC26,62095.34,0.017,62044.21,25DEC26,96000,,C,BTC-25DEC26-96000-C
0.0075,0.0085,98.6,0.00784219,1780660382361,99.7,58.96,62097.47,index_price,62095.34,0.008,62044.21,8JUN26,60000,,P,BTC-8JUN26-60000-P
0.088,0.091,66.7,0.08910148,1780660382361,47.8,52.89,62138.91,BTC-26JUN26,62095.34,0.0895,62044.21,26JUN26,58000,,C,BTC-26JUN26-58000-C
0.1995,0.2035,371.5,0.20141857,1780660382361,9.2,67.77,62138.91,BTC-26JUN26,62095.34,0.2015,62044.21,26JUN26,50000,,C,BTC-26JUN26-50000-C
0.118,0.121,167.8,0.11931792,1780660382361,11.5,77.93,62097.47,index_price,62095.34,0.1195,62044.21,6JUN26,69500,,P,BTC-6JUN26-69500-P
0.006,0.007,125.2,0.00655875,1780660382361,0.1,39.8,62451.02,BTC-28AUG26,62095.34,0.0065,62044.21,28AUG26,83000,,C,BTC-28AUG26-83000-C
0.1,0.102,225.1,0.10112312,1780660382361,36.3,44.08,63248.66,BTC-25DEC26,62095.34,0.101,62044.21,25DEC26,68000,,C,BTC-25DEC26-68000-C
0.0205,0.0215,220.0,0.02121075,1780660382361,4.7,39.8,62451.02,BTC-28AUG26,62095.34,0.021,62044.21,28AUG26,74000,,C,BTC-28AUG26-74000-C
0.4805,0.5645,1.3,0.50428979,1780660382361,0.0,41.02,62658.1,BTC-25SEP26,62095.34,0.5225,62044.21,25SEP26,94000,,P,BTC-25SEP26-94000-P
0.029,0.031,214.4,0.02988743,1780660382361,7.4,43.45,63852.22,BTC-26MAR27,62095.34,0.03,62044.21,26MAR27,100000,,C,BTC-26MAR27-100000-C
0.1985,0.203,49.1,0.20025315,1780660382361,0.1,45.17,63852.22,BTC-26MAR27,62095.34,0.20075,62044.21,26MAR27,68000,,P,BTC-26MAR27-68000-P
0.01,0.0105,78.4,0.01028913,1780660382361,85.0,46.91,62097.47,index_price,62095.34,0.01025,62044.21,8JUN26,63000,,C,BTC-8JUN26-63000-C
0.0095,0.0105,15.3,0.01015259,1780660382361,16.9,47.03,62086.575000000004,SYN.BTC-9JUN26,62095.34,0.01,62044.21,9JUN26,63500,,C,BTC-9JUN26-63500-C
3.354,3.6695,0.0,3.50577447,1780660382361,0.0,91.37,62138.91,BTC-26JUN26,62095.34,3.51175,62044.21,26JUN26,280000,,P,BTC-26JUN26-280000-P
,0.0001,691.0,0.0,1780660382361,0.0,88.08,62138.91,BTC-26JUN26,62095.34,,62044.21,26JUN26,220000,,C,BTC-26JUN26-220000-C
0.3565,0.3595,33.0,0.35767833,1780660382361,0.0,90.86,62138.91,BTC-26JUN26,62095.34,0.358,62044.21,26JUN26,40000,,C,BTC-26JUN26-40000-C
0.2215,0.227,1740.4,0.22423162,1780660382361,1.0,44.0,62139.61,BTC-26JUN26,62095.34,0.22425,62044.21,26JUN26,76000,,P,BTC-26JUN26-76000-P
0.0003,0.0006,5585.4,0.0003493,1780660382361,94.5,61.87,62138.91,BTC-26JUN26,62095.34,0.00045,62044.21,26JUN26,90000,,C,BTC-26JUN26-90000-C
3.043,3.336,0.0,3.18393344,1780660382361,0.0,91.06,62138.91,BTC-26JUN26,62095.34,3.1895,62044.21,26JUN26,260000,,P,BTC-26JUN26-260000-P
,0.0001,104.0,3.154e-05,1780660382361,0.1,84.4,62097.47,index_price,62095.34,,62044.21,7JUN26,74000,,C,BTC-7JUN26-74000-C
0.0365,0.0635,9.2,0.06284323,1780660382361,0.0,60.09,62090.17,BTC-12JUN26,62095.34,0.05,62044.21,12JUN26,59000,,C,BTC-12JUN26-59000-C
0.261,0.2695,642.8,0.26603541,1780660382361,1.5,40.17,62655.97,BTC-25SEP26,62095.34,0.26525,62044.21,25SEP26,78000,,P,BTC-25SEP26-78000-P
,0.0001,1510.4,1.721e-05,1780660382361,0.0,88.08,62138.91,BTC-26JUN26,62095.34,,62044.21,26JUN26,130000,,C,BTC-26JUN26-130000-C
0.0007,0.0009,273.1,0.00077587,1780660382361,15.1,44.68,62104.43,BTC-19JUN26,62095.34,0.0008,62044.21,19JUN26,74000,,C,BTC-19JUN26-74000-C
0.2775,0.2805,46.4,0.27874592,1780660382361,40.6,79.16,62138.91,BTC-26JUN26,62095.34,0.279,62044.21,26JUN26,45000,,C,BTC-26JUN26-45000-C
0.0001,0.0002,220.7,0.0001399,1780660382361,22.2,73.14,62090.17,BTC-12JUN26,62095.34,0.00015,62044.21,12JUN26,81000,,C,BTC-12JUN26-81000-C
0.0495,0.051,198.3,0.05031199,1780660382361,55.2,41.26,62451.02,BTC-28AUG26,62095.34,0.05025,62044.21,28AUG26,67000,,C,BTC-28AUG26-67000-C
0.0615,0.065,77.2,0.06305909,1780660382361,7.3,56.9,62097.47,index_price,62095.34,0.06325,62044.21,6JUN26,66000,,P,BTC-6JUN26-66000-P
0.0085,0.009,124.6,0.00871786,1780660382361,47.5,43.16,62104.43,BTC-19JUN26,62095.34,0.00875,62044.21,19JUN26,67000,,C,BTC-19JUN26-67000-C
0.8945,1.0565,0.0,0.96829729,1780660382361,0.0,44.64,63852.22,BTC-26MAR27,62095.34,0.9755,62044.21,26MAR27,125000,,P,BTC-26MAR27-125000-P
0.015,0.0165,572.8,0.01562812,1780660382361,14.0,43.98,63852.22,BTC-26MAR27,62095.34,0.01575,62044.21,26MAR27,115000,,C,BTC-26MAR27-115000-C
0.0565,0.0585,74.2,0.05751185,1780660382361,25.5,43.52,63852.22,BTC-26MAR27,62095.34,0.0575,62044.21,26MAR27,86000,,C,BTC-26MAR27-86000-C
0.2525,0.304,0.0,0.27741187,1780660382361,0.0,55.32,62451.02,BTC-28AUG26,62095.34,0.27825,62044.21,28AUG26,46000,,C,BTC-28AUG26-46000-C
0.021,0.022,786.2,0.02151601,1780660382361,222.5,54.46,62090.17,BTC-12JUN26,62095.34,0.0215,62044.21,12JUN26,61000,,P,BTC-12JUN26-61000-P
0.0008,0.001,27.4,0.00090411,1780660382361,17.1,94.78,62097.47,index_price,62095.34,0.0009,62044.21,7JUN26,55000,,P,BTC-7JUN26-55000-P
0.0075,0.0085,239.0,0.00781585,1780660382361,2.3,64.51,62104.43,BTC-19JUN26,62095.34,0.008,62044.21,19JUN26,54000,,P,BTC-19JUN26-54000-P
0.0755,0.077,953.7,0.07625953,1780660382361,12.9,47.56,63248.66,BTC-25DEC26,62095.34,0.07625,62044.21,25DEC26,55000,,P,BTC-25DEC26-55000-P
0.0027,0.0032,179.2,0.00290561,1780660382361,0.2,41.77,62658.1,BTC-25SEP26,62095.34,0.00295,62044.21,25SEP26,98000,,C,BTC-25SEP26-98000-C
0.3685,0.469,15.9,0.41647173,1780660382361,0.0,59.01,62138.91,BTC-26JUN26,62095.34,0.41875,62044.21,26JUN26,88000,,P,BTC-26JUN26-88000-P
0.0005,0.0007,44.5,0.00057856,1780660382361,32.7,44.28,62097.47,index_price,62095.34,0.0006,62044.21,7JUN26,65500,,C,BTC-7JUN26-65500-C
0.054,0.0945,0.0,0.05727015,1780660382361,0.0,62.49,62086.575000000004,SYN.BTC-9JUN26,62095.34,0.07425,62044.21,9JUN26,59000,,C,BTC-9JUN26-59000-C
0.5905,0.6035,271.9,0.59846902,1780660382361,0.0,42.27,62658.1,BTC-25SEP26,62095.34,0.597,62044.21,25SEP26,100000,,P,BTC-25SEP26-100000-P
0.0695,0.0705,60.6,0.07011595,1780660382361,15.0,42.39,62451.02,BTC-28AUG26,62095.34,0.07,62044.21,28AUG26,64000,,C,BTC-28AUG26-64000-C
0.0032,0.0036,96.1,0.0034899,1780660382361,104.2,44.39,62097.47,index_price,62095.34,0.0034,62044.21,8JUN26,64500,,C,BTC-8JUN26-64500-C
,0.0001,1024.4,0.0,1780660382361,0.0,88.08,62138.91,BTC-26JUN26,62095.34,,62044.21,26JUN26,200000,,C,BTC-26JUN26-200000-C
,0.0002,100.3,8.482e-05,1780660382361,33.3,60.02,62097.47,index_price,62095.34,,62044.21,6JUN26,66500,,C,BTC-6JUN26-66500-C
0.0305,0.0315,18.5,0.03096529,1780660382361,16.7,40.17,62451.02,BTC-28AUG26,62095.34,0.031,62044.21,28AUG26,71000,,C,BTC-28AUG26-71000-C
0.002,0.0025,54.4,0.0022117,1780660382362,0.0,42.87,62655.97,BTC-25SEP26,62095.34,0.00225,62044.21,25SEP26,102000,,C,BTC-25SEP26-102000-C
0.0265,0.0285,48.5,0.02731849,1780660382362,5.5,43.5,63852.22,BTC-26MAR27,62095.34,0.0275,62044.21,26MAR27,102000,,C,BTC-26MAR27-102000-C
0.2835,0.2905,245.2,0.28741294,1780660382362,0.1,42.88,63249.22,BTC-25DEC26,62095.34,0.287,62044.21,25DEC26,78000,,P,BTC-25DEC26-78000-P
0.165,0.1705,5.4,0.16780528,1780660382362,0.0,40.17,62451.02,BTC-28AUG26,62095.34,0.16775,62044.21,28AUG26,71000,,P,BTC-28AUG26-71000-P
0.0001,0.0003,582.5,0.00017572,1780660382362,10.7,62.26,62090.17,BTC-12JUN26,62095.34,0.0002,62044.21,12JUN26,77000,,C,BTC-12JUN26-77000-C
0.0165,0.017,3168.7,0.01702795,1780660382362,630.6,40.03,62655.97,BTC-25SEP26,62095.34,0.01675,62044.21,25SEP26,80000,,C,BTC-25SEP26-80000-C
,0.0001,231.0,0.0,1780660382362,0.0,91.37,62138.91,BTC-26JUN26,62095.34,,62044.21,26JUN26,280000,,C,BTC-26JUN26-280000-C
0.0014,0.0016,102.3,0.00149189,1780660382362,78.8,98.13,62097.47,index_price,62095.34,0.0015,62044.21,6JUN26,58000,,P,BTC-6JUN26-58000-P
0.1225,0.1265,0.0,0.12399547,1780660382362,0.0,45.42,62451.02,BTC-28AUG26,62095.34,0.1245,62044.21,28AUG26,58000,,C,BTC-28AUG26-58000-C
0.057,0.135,0.0,0.09228129,1780660382362,0.0,42.61,62138.91,BTC-26JUN26,62095.34,0.096,62044.21,26JUN26,67000,,P,BTC-26JUN26-67000-P
0.167,0.1745,372.7,0.17189854,1780660382362,15.2,40.03,62293.82,BTC-31JUL26,62095.34,0.17075,62044.21,31JUL26,72000,,P,BTC-31JUL26-72000-P
0.008,0.0085,33.3,0.00816571,1780660382362,33.5,63.45,62138.91,BTC-26JUN26,62095.34,0.00825,62044.21,26JUN26,52000,,P,BTC-26JUN26-52000-P
0.4225,0.535,4.0,0.47330875,1780660382362,0.0,40.89,62655.97,BTC-25SEP26,62095.34,0.47875,62044.21,25SEP26,92000,,P,BTC-25SEP26-92000-P
0.023,0.0805,0.0,0.05333851,1780660382362,0.0,69.46,62097.47,index_price,62095.34,0.05175,62044.21,7JUN26,59000,,C,BTC-7JUN26-59000-C
0.208,0.212,1.4,0.20990367,1780660382362,1.0,47.21,63852.22,BTC-26MAR27,62095.34,0.21,62044.21,26MAR27,58000,,C,BTC-26MAR27-58000-C
0.214,0.3015,0.0,0.25619703,1780660382362,0.0,95.3,62097.47,index_price,62095.34,0.25775,62044.21,6JUN26,78000,,P,BTC-6JUN26-78000-P
0.0385,0.0405,46.5,0.03943679,1780660382362,5.0,43.41,63852.22,BTC-26MAR27,62095.34,0.0395,62044.21,26MAR27,94000,,C,BTC-26MAR27-94000-C
0.067,0.1435,0.0,0.10359522,1780660382362,0.0,58.53,62097.47,index_price,62095.34,0.10525,62044.21,7JUN26,68500,,P,BTC-7JUN26-68500-P
0.111,0.1135,24.8,0.11233889,1780660382362,6.1,44.6,63852.22,BTC-26MAR27,62095.34,0.11225,62044.21,26MAR27,72000,,C,BTC-26MAR27-72000-C
,0.0001,789.5,4.15e-06,1780660382362,0.0,88.08,62138.91,BTC-26JUN26,62095.34,,62044.21,26JUN26,140000,,C,BTC-26JUN26-140000-C
0.2055,0.208,30.3,0.20672415,1780660382362,0.0,47.56,63248.66,BTC-25DEC26,62095.34,0.20675,62044.21,25DEC26,55000,,C,BTC-25DEC26-55000-C
0.3965,0.4655,2.8,0.44585007,1780660382362,0.0,43.66,62293.82,BTC-31JUL26,62095.34,0.431,62044.21,31JUL26,90000,,P,BTC-31JUL26-90000-P
0.1415,0.146,23.5,0.14451301,1780660382362,0.0,40.66,62451.02,BTC-28AUG26,62095.34,0.14375,62044.21,28AUG26,69000,,P,BTC-28AUG26-69000-P
,0.0006,877.2,0.00035502,1780660382362,1.0,60.11,63248.66,BTC-25DEC26,62095.34,,62044.21,25DEC26,240000,,C,BTC-25DEC26-240000-C
0.0003,0.0006,398.5,0.00042327,1780660382362,0.0,51.94,62293.82,BTC-31JUL26,62095.34,0.00045,62044.21,31JUL26,105000,,C,BTC-31JUL26-105000-C
0.18,0.1845,84.3,0.18180851,1780660382362,0.0,45.5,63852.22,BTC-26MAR27,62095.34,0.18225,62044.21,26MAR27,66000,,P,BTC-26MAR27-66000-P
0.0006,0.0007,1326.8,0.00062359,1780660382362,21.7,45.98,62104.43,BTC-19JUN26,62095.34,0.00065,62044.21,19JUN26,75000,,C,BTC-19JUN26-75000-C
0.205,0.211,2168.7,0.20842754,1780660382362,4.3,43.17,62138.91,BTC-26JUN26,62095.34,0.208,62044.21,26JUN26,75000,,P,BTC-26JUN26-75000-P
0.065,0.0665,1092.6,0.06566206,1780660382362,1.6,43.14,63249.22,BTC-25DEC26,62095.34,0.06575,62044.21,25DEC26,75000,,C,BTC-25DEC26-75000-C
0.1985,0.286,0.5,0.24021656,1780660382362,0.0,48.03,62104.43,BTC-19JUN26,62095.34,0.24225,62044.21,19JUN26,77000,,P,BTC-19JUN26-77000-P
0.0002,0.0004,488.4,0.00027862,1780660382362,16.3,55.1,62090.17,BTC-12JUN26,62095.34,0.0003,62044.21,12JUN26,74000,,C,BTC-12JUN26-74000-C
0.517,0.519,68.9,0.51763118,1780660382362,0.0,121.59,62138.91,BTC-26JUN26,62095.34,0.518,62044.21,26JUN26,30000,,C,BTC-26JUN26-30000-C
0.0165,0.0175,2.3,0.01718848,1780660382362,2.9,49.58,62086.575000000004,SYN.BTC-9JUN26,62095.34,0.017,62044.21,9JUN26,62500,,C,BTC-9JUN26-62500-C
0.0155,0.0165,425.2,0.01612795,1780660382362,34.4,40.03,62293.82,BTC-31JUL26,62095.34,0.016,62044.21,31JUL26,72000,,C,BTC-31JUL26-72000-C
0.011,0.012,55.2,0.01149393,1780660382362,69.8,54.41,62097.47,index_price,62095.34,0.0115,62044.21,8JUN26,61000,,P,BTC-8JUN26-61000-P
,0.0001,137.4,1.481e-05,1780660382362,25.9,82.74,62097.47,index_price,62095.34,,62044.21,6JUN26,70000,,C,BTC-6JUN26-70000-C
1.0995,1.252,14.2,1.17243544,1780660382362,0.0,88.08,62138.91,BTC-26JUN26,62095.34,1.17575,62044.21,26JUN26,135000,,P,BTC-26JUN26-135000-P
0.0705,0.072,32.5,0.07144992,1780660382362,8.0,43.77,62451.02,BTC-28AUG26,62095.34,0.07125,62044.21,28AUG26,61000,,P,BTC-28AUG26-61000-P
0.055,0.056,2.0,0.05564893,1780660382362,2.0,48.62,62138.91,BTC-26JUN26,62095.34,0.0555,62044.21,26JUN26,61000,,C,BTC-26JUN26-61000-C
0.0285,0.0295,2925.5,0.02915757,1780660382362,62.6,50.28,62655.97,BTC-25SEP26,62095.34,0.029,62044.21,25SEP26,50000,,P,BTC-25SEP26-50000-P
0.0011,0.0014,977.8,0.00123433,1780660382362,19.9,44.0,62138.91,BTC-26JUN26,62095.34,0.00125,62044.21,26JUN26,76000,,C,BTC-26JUN26-76000-C
0.1625,0.166,101.7,0.16436789,1780660382362,0.0,45.87,63852.22,BTC-26MAR27,62095.34,0.16425,62044.21,26MAR27,64000,,P,BTC-26MAR27-64000-P
0.094,0.0955,0.0,0.09472824,1780660382362,0.0,43.77,62451.02,BTC-28AUG26,62095.34,0.09475,62044.21,28AUG26,61000,,C,BTC-28AUG26-61000-C
0.1415,0.1485,799.2,0.14591289,1780660382362,24.4,40.28,62293.82,BTC-31JUL26,62095.34,0.145,62044.21,31JUL26,70000,,P,BTC-31JUL26-70000-P
0.7455,0.902,0.0,0.81664348,1780660382362,0.0,43.98,63852.22,BTC-26MAR27,62095.34,0.82375,62044.21,26MAR27,115000,,P,BTC-26MAR27-115000-P
0.084,0.151,0.0,0.11660524,1780660382362,0.0,80.7,62086.575000000004,SYN.BTC-9JUN26,62095.34,0.1175,62044.21,9JUN26,55000,,C,BTC-9JUN26-55000-C
0.153,0.232,0.0,0.19177706,1780660382362,0.0,92.27,62097.47,index_price,62095.34,0.1925,62044.21,6JUN26,74000,,P,BTC-6JUN26-74000-P
1.1595,1.3165,1.4,1.23480477,1780660382362,0.0,53.72,62655.97,BTC-25SEP26,62095.34,1.238,62044.21,25SEP26,140000,,P,BTC-25SEP26-140000-P
0.1885,0.195,198.4,0.192305,1780660382362,0.0,44.68,62104.43,BTC-19JUN26,62095.34,0.19175,62044.21,19JUN26,74000,,P,BTC-19JUN26-74000-P
0.118,0.187,0.0,0.14994639,1780660382362,0.0,81.04,62090.17,BTC-12JUN26,62095.34,0.1525,62044.21,12JUN26,53000,,C,BTC-12JUN26-53000-C
0.001,0.0013,1209.2,0.00113684,1780660382362,1.2,43.66,62295.95,BTC-31JUL26,62095.34,0.00115,62044.21,31JUL26,90000,,C,BTC-31JUL26-90000-C
0.412,0.5165,0.0,0.461796,1780660382362,0.0,44.14,62293.82,BTC-31JUL26,62095.34,0.46425,62044.21,31JUL26,91000,,P,BTC-31JUL26-91000-P
,0.0001,129.0,0.0,1780660382362,0.0,102.06,62138.91,BTC-26JUN26,62095.34,,62044.21,26JUN26,340000,,C,BTC-26JUN26-340000-C
0.0345,0.0355,48.3,0.03510674,1780660382362,43.2,40.4,62451.02,BTC-28AUG26,62095.34,0.035,62044.21,28AUG26,70000,,C,BTC-28AUG26-70000-C
0.644,0.7965,0.0,0.71244355,1780660382362,0.0,43.72,63852.22,BTC-26MAR27,62095.34,0.72025,62044.21,26MAR27,108000,,P,BTC-26MAR27-108000-P
0.017,0.018,88.8,0.01772331,1780660382362,61.4,49.48,62097.47,index_price,62095.34,0.0175,62044.21,7JUN26,62500,,P,BTC-7JUN26-62500-P
0.0022,0.0029,441.9,0.00249477,1780660382362,3.8,49.68,63852.22,BTC-26MAR27,62095.34,0.00255,62044.21,26MAR27,180000,,C,BTC-26MAR27-180000-C
0.32,0.4495,5.8,0.37888058,1780660382362,0.0,43.61,63852.78,BTC-26MAR27,62095.34,0.38475,62044.21,26MAR27,84000,,P,BTC-26MAR27-84000-P
0.194,0.288,5.5,0.23339446,1780660382362,0.0,39.77,62451.02,BTC-28AUG26,62095.34,0.241,62044.21,28AUG26,76000,,P,BTC-28AUG26-76000-P
0.0004,0.0006,1444.4,0.00044935,1780660382362,81.3,50.85,62090.17,BTC-12JUN26,62095.34,0.0005,62044.21,12JUN26,72000,,C,BTC-12JUN26-72000-C
0.0055,0.006,776.3,0.00590554,1780660382362,102.7,40.01,62293.82,BTC-31JUL26,62095.34,0.00575,62044.21,31JUL26,78000,,C,BTC-31JUL26-78000-C
0.0165,0.017,71.2,0.01669513,1780660382362,62.8,55.52,62104.43,BTC-19JUN26,62095.34,0.01675,62044.21,19JUN26,58000,,P,BTC-19JUN26-58000-P
0.0215,0.023,423.8,0.02224704,1780660382362,180.7,40.28,62293.82,BTC-31JUL26,62095.34,0.02225,62044.21,31JUL26,70000,,C,BTC-31JUL26-70000-C
0.0965,0.1555,0.0,0.12762457,1780660382362,0.0,49.23,62089.200000000004,SYN.BTC-9JUN26,62095.34,0.126,62044.21,9JUN26,70000,,P,BTC-9JUN26-70000-P
0.0007,0.0011,1134.7,0.00090977,1780660382362,54.2,48.29,62655.97,BTC-25SEP26,62095.34,0.0009,62044.21,25SEP26,120000,,C,BTC-25SEP26-120000-C
0.0019,0.0022,251.9,0.00210367,1780660382362,8.6,43.08,62102.3,BTC-19JUN26,62095.34,0.00205,62044.21,19JUN26,71000,,C,BTC-19JUN26-71000-C
0.014,0.0735,0.0,0.04428359,1780660382362,0.0,45.03,62086.575000000004,SYN.BTC-9JUN26,62095.34,0.04375,62044.21,9JUN26,64500,,P,BTC-9JUN26-64500-P
1.622,1.811,0.0,1.71334018,1780660382362,0.0,60.14,62655.97,BTC-25SEP26,62095.34,1.7165,62044.21,25SEP26,170000,,P,BTC-25SEP26-170000-P
0.1755,0.1835,85.1,0.18009198,1780660382362,3.1,39.96,62451.02,BTC-28AUG26,62095.34,0.1795,62044.21,28AUG26,72000,,P,BTC-28AUG26-72000-P
0.0014,0.0016,3441.2,0.001522,1780660382362,281.6,43.17,62138.91,BTC-26JUN26,62095.34,0.0015,62044.21,26JUN26,75000,,C,BTC-26JUN26-75000-C
0.024,0.026,32.8,0.02500562,1780660382362,39.7,46.91,62097.47,index_price,62095.34,0.025,62044.21,8JUN26,63000,,P,BTC-8JUN26-63000-P
0.0515,0.0535,23.9,0.0522731,1780660382362,5.0,43.46,63852.78,BTC-26MAR27,62095.34,0.0525,62044.21,26MAR27,88000,,C,BTC-26MAR27-88000-C
,0.0001,328.1,1.298e-05,1780660382362,40.7,63.6,62097.47,index_price,62095.34,,62044.21,6JUN26,68000,,C,BTC-6JUN26-68000-C
0.0027,0.003,3298.9,0.00288825,1780660382362,144.3,79.16,62138.91,BTC-26JUN26,62095.34,0.00285,62044.21,26JUN26,45000,,P,BTC-26JUN26-45000-P
0.2585,0.2645,47.2,0.2610153,1780660382362,0.0,44.33,63852.22,BTC-26MAR27,62095.34,0.2615,62044.21,26MAR27,74000,,P,BTC-26MAR27-74000-P
0.037,0.088,0.0,0.04926622,1780660382362,0.0,44.15,62097.47,index_price,62095.34,0.0625,62044.21,8JUN26,65000,,P,BTC-8JUN26-65000-P
0.003,0.0034,177.7,0.00307813,1780660382362,0.2,48.78,63852.22,BTC-26MAR27,62095.34,0.0032,62044.21,26MAR27,170000,,C,BTC-26MAR27-170000-C
0.188,0.197,3.3,0.19281804,1780660382362,1.6,39.8,62451.02,BTC-28AUG26,62095.34,0.1925,62044.21,28AUG26,73000,,P,BTC-28AUG26-73000-P
0.101,0.1035,31.2,0.10210107,1780660382362,0.1,44.33,63852.22,BTC-26MAR27,62095.34,0.10225,62044.21,26MAR27,74000,,C,BTC-26MAR27-74000-C
0.138,0.141,133.8,0.13955898,1780660382362,32.1,44.86,63248.66,BTC-25DEC26,62095.34,0.1395,62044.21,25DEC26,64000,,P,BTC-25DEC26-64000-P
0.0055,0.006,44.6,0.00572633,1780660382362,3.3,39.83,62451.02,BTC-28AUG26,62095.34,0.00575,62044.21,28AUG26,84000,,C,BTC-28AUG26-84000-C
0.245,0.2495,0.0,0.24716761,1780660382362,0.0,48.38,63852.78,BTC-26MAR27,62095.34,0.24725,62044.21,26MAR27,54000,,C,BTC-26MAR27-54000-C
0.076,0.0995,0.0,0.095721,1780660382362,0.0,45.39,62089.200000000004,SYN.BTC-9JUN26,62095.34,0.08775,62044.21,9JUN26,68000,,P,BTC-9JUN26-68000-P
0.0003,0.0005,2002.2,0.00037118,1780660382362,21.1,59.01,62138.91,BTC-26JUN26,62095.34,0.0004,62044.21,26JUN26,88000,,C,BTC-26JUN26-88000-C
0.1675,0.2535,0.0,0.20819909,1780660382362,0.0,88.47,62097.47,index_price,62095.34,0.2105,62044.21,7JUN26,75000,,P,BTC-7JUN26-75000-P
0.401,0.5035,0.0,0.44929575,1780660382362,0.0,68.95,62104.43,BTC-19JUN26,62095.34,0.45225,62044.21,19JUN26,90000,,P,BTC-19JUN26-90000-P
0.284,0.291,2497.5,0.28804244,1780660382362,0.7,48.49,62138.91,BTC-26JUN26,62095.34,0.2875,62044.21,26JUN26,80000,,P,BTC-26JUN26-80000-P
0.0135,0.0145,52.2,0.01394617,1780660382362,33.5,48.37,62097.47,index_price,62095.34,0.014,62044.21,8JUN26,62500,,C,BTC-8JUN26-62500-C
0.339,0.438,0.0,0.38517734,1780660382362,0.0,85.41,62090.17,BTC-12JUN26,62095.34,0.3885,62044.21,12JUN26,86000,,P,BTC-12JUN26-86000-P
,0.0001,21.7,5.03e-06,1780660382362,5.0,92.26,62097.47,index_price,62095.34,,62044.21,6JUN26,72000,,C,BTC-6JUN26-72000-C
0.0009,0.0014,2443.9,0.00110488,1780660382362,130.0,46.72,62658.1,BTC-25SEP26,62095.34,0.00115,62044.21,25SEP26,115000,,C,BTC-25SEP26-115000-C
0.1025,0.106,3.6,0.10403189,1780660382362,0.6,44.32,62451.02,BTC-28AUG26,62095.34,0.10425,62044.21,28AUG26,60000,,C,BTC-28AUG26-60000-C
0.82,0.979,0.0,0.89223862,1780660382362,0.0,44.34,63852.78,BTC-26MAR27,62095.34,0.8995,62044.21,26MAR27,120000,,P,BTC-26MAR27-120000-P
0.094,0.097,54.4,0.0951591,1780660382362,0.8,63.6,62097.47,index_price,62095.34,0.0955,62044.21,6JUN26,68000,,P,BTC-6JUN26-68000-P
0.0001,0.0002,63.8,0.00016298,1780660382362,43.3,52.39,62097.47,index_price,62095.34,0.00015,62044.21,7JUN26,67500,,C,BTC-7JUN26-67500-C
0.044,0.045,503.8,0.04432778,1780660382362,228.1,46.89,62104.43,BTC-19JUN26,62095.34,0.0445,62044.21,19JUN26,63000,,P,BTC-19JUN26-63000-P
0.004,0.0044,175.9,0.00430306,1780660382362,143.9,42.76,62104.43,BTC-19JUN26,62095.34,0.0042,62044.21,19JUN26,69000,,C,BTC-19JUN26-69000-C
0.019,0.0195,325.2,0.01918245,1780660382362,189.1,52.18,62293.82,BTC-31JUL26,62095.34,0.01925,62044.21,31JUL26,52000,,P,BTC-31JUL26-52000-P
0.0425,0.046,858.6,0.0445003,1780660382362,108.2,47.48,62090.17,BTC-12JUN26,62095.34,0.04425,62044.21,12JUN26,64000,,P,BTC-12JUN26-64000-P
,0.0001,266.9,0.0,1780660382362,0.0,102.47,62138.91,BTC-26JUN26,62095.34,,62044.21,26JUN26,380000,,C,BTC-26JUN26-380000-C
0.5865,0.7375,0.0,0.65374185,1780660382362,0.0,43.56,63852.22,BTC-26MAR27,62095.34,0.662,62044.21,26MAR27,104000,,P,BTC-26MAR27-104000-P
0.038,0.039,21.6,0.03828843,1780660382362,1.6,48.25,62104.43,BTC-19JUN26,62095.34,0.0385,62044.21,19JUN26,62000,,C,BTC-19JUN26-62000-C
0.026,0.029,45.4,0.02768915,1780660382362,23.2,46.02,62097.47,index_price,62095.34,0.0275,62044.21,7JUN26,63500,,P,BTC-7JUN26-63500-P
0.1735,0.2025,0.0,0.19209639,1780660382362,0.0,84.4,62097.47,index_price,62095.34,0.188,62044.21,7JUN26,74000,,P,BTC-7JUN26-74000-P
0.0465,0.048,15.4,0.04732792,1780660382362,7.3,45.99,62451.02,BTC-28AUG26,62095.34,0.04725,62044.21,28AUG26,57000,,P,BTC-28AUG26-57000-P
0.447,0.5935,9.0,0.51157109,1780660382362,0.0,43.41,63852.22,BTC-26MAR27,62095.34,0.52025,62044.21,26MAR27,94000,,P,BTC-26MAR27-94000-P
,0.0001,39.7,9.09e-06,1780660382362,2.0,92.26,62097.47,index_price,62095.34,,62044.21,6JUN26,71500,,C,BTC-6JUN26-71500-C
0.584,0.603,256.1,0.59430987,1780660382362,0.1,42.7,63248.66,BTC-25DEC26,62095.34,0.5935,62044.21,25DEC26,100000,,P,BTC-25DEC26-100000-P
0.247,0.2545,888.1,0.25139213,1780660382362,2.7,43.14,63248.66,BTC-25DEC26,62095.34,0.25075,62044.21,25DEC26,75000,,P,BTC-25DEC26-75000-P
0.153,0.158,90.9,0.15593489,1780660382362,0.1,40.4,62451.02,BTC-28AUG26,62095.34,0.1555,62044.21,28AUG26,70000,,P,BTC-28AUG26-70000-P
0.064,0.0655,54.1,0.06474174,1780660382362,43.5,44.32,62451.02,BTC-28AUG26,62095.34,0.06475,62044.21,28AUG26,60000,,P,BTC-28AUG26-60000-P
0.0004,0.0008,1428.7,0.00060018,1780660382362,0.5,50.83,62655.97,BTC-25SEP26,62095.34,0.0006,62044.21,25SEP26,130000,,C,BTC-25SEP26-130000-C
0.092,0.094,414.6,0.09290123,1780660382362,10.5,44.15,63852.22,BTC-26MAR27,62095.34,0.093,62044.21,26MAR27,76000,,C,BTC-26MAR27-76000-C
0.474,0.5825,0.0,0.52574378,1780660382362,0.0,46.47,62295.95,BTC-31JUL26,62095.34,0.52825,62044.21,31JUL26,95000,,P,BTC-31JUL26-95000-P
0.0001,0.0002,36.3,0.00013574,1780660382362,26.4,50.34,62097.47,index_price,62095.34,0.00015,62044.21,8JUN26,69000,,C,BTC-8JUN26-69000-C
0.0007,0.001,2664.9,0.00086216,1780660382362,9.0,45.95,62138.91,BTC-26JUN26,62095.34,0.00085,62044.21,26JUN26,78000,,C,BTC-26JUN26-78000-C
0.087,0.1355,0.0,0.09870759,1780660382362,0.0,114.15,62097.47,index_price,62095.34,0.11125,62044.21,6JUN26,56000,,C,BTC-6JUN26-56000-C
0.0047,0.0055,484.7,0.00502574,1780660382362,19.7,40.89,62658.1,BTC-25SEP26,62095.34,0.0051,62044.21,25SEP26,92000,,C,BTC-25SEP26-92000-C
0.0005,0.0009,2267.9,0.00070604,1780660382362,0.7,49.37,62658.1,BTC-25SEP26,62095.34,0.0007,62044.21,25SEP26,125000,,C,BTC-25SEP26-125000-C
0.001,0.0012,278.2,0.0010304,1780660382362,0.0,44.14,62293.82,BTC-31JUL26,62095.34,0.0011,62044.21,31JUL26,91000,,C,BTC-31JUL26-91000-C
0.893,0.979,18.9,0.90215535,1780660382362,0.0,45.08,63248.66,BTC-25DEC26,62095.34,0.936,62044.21,25DEC26,120000,,P,BTC-25DEC26-120000-P
2.11,2.3355,6.6,2.21841034,1780660382362,0.0,88.08,62138.91,BTC-26JUN26,62095.34,2.22275,62044.21,26JUN26,200000,,P,BTC-26JUN26-200000-P
,0.0001,197.1,0.0,1780660382362,0.0,88.08,62138.91,BTC-26JUN26,62095.34,,62044.21,26JUN26,210000,,C,BTC-26JUN26-210000-C
0.144,0.179,0.6,0.14583416,1780660382362,0.6,46.62,62451.02,BTC-28AUG26,62095.34,0.1615,62044.21,28AUG26,56000,,C,BTC-28AUG26-56000-C
2.3615,2.6055,0.0,2.47853423,1780660382362,0.0,57.24,63248.66,BTC-25DEC26,62095.34,2.4835,62044.21,25DEC26,220000,,P,BTC-25DEC26-220000-P
0.154,0.1565,2.0,0.15502267,1780660382363,0.7,45.69,63852.22,BTC-26MAR27,62095.34,0.15525,62044.21,26MAR27,65000,,C,BTC-26MAR27-65000-C
0.0085,0.0095,730.3,0.00892451,1780660382363,5.3,44.99,63852.22,BTC-26MAR27,62095.34,0.009,62044.21,26MAR27,130000,,C,BTC-26MAR27-130000-C
0.0031,0.0035,391.7,0.00343584,1780660382363,196.7,45.38,62090.17,BTC-12JUN26,62095.34,0.0033,62044.21,12JUN26,67000,,C,BTC-12JUN26-67000-C
0.0001,0.0003,1447.9,0.00015507,1780660382363,0.1,60.14,62655.97,BTC-25SEP26,62095.34,0.0002,62044.21,25SEP26,175000,,C,BTC-25SEP26-175000-C
0.143,0.202,0.7,0.15957152,1780660382363,0.0,92.26,62097.47,index_price,62095.34,0.1725,62044.21,6JUN26,72000,,P,BTC-6JUN26-72000-P
0.0003,0.0004,91.1,0.0003432,1780660382363,2.9,49.81,62104.43,BTC-19JUN26,62095.34,0.00035,62044.21,19JUN26,78000,,C,BTC-19JUN26-78000-C
0.1625,0.261,3.3,0.20608623,1780660382363,0.0,39.8,62451.02,BTC-28AUG26,62095.34,0.21175,62044.21,28AUG26,74000,,P,BTC-28AUG26-74000-P
0.219,0.2245,120.0,0.22111955,1780660382363,120.0,51.21,62451.02,BTC-28AUG26,62095.34,0.22175,62044.21,28AUG26,50000,,C,BTC-28AUG26-50000-C
0.0002,0.0003,1174.7,0.00023373,1780660382363,1.5,56.51,62104.43,BTC-19JUN26,62095.34,0.00025,62044.21,19JUN26,82000,,C,BTC-19JUN26-82000-C
0.0625,0.0645,73.8,0.06335631,1780660382363,0.2,43.61,63852.22,BTC-26MAR27,62095.34,0.0635,62044.21,26MAR27,84000,,C,BTC-26MAR27-84000-C
0.0195,0.0205,1.4,0.02020727,1780660382363,1.4,51.11,62086.575000000004,SYN.BTC-9JUN26,62095.34,0.02,62044.21,9JUN26,62000,,P,BTC-9JUN26-62000-P
0.3315,0.4395,11.6,0.38158147,1780660382363,0.0,40.21,62658.1,BTC-25SEP26,62095.34,0.3855,62044.21,25SEP26,86000,,P,BTC-25SEP26-86000-P
,0.0001,17.1,2.74e-06,1780660382363,1.0,92.26,62097.47,index_price,62095.34,,62044.21,6JUN26,72500,,C,BTC-6JUN26-72500-C
0.4775,0.4845,26.3,0.48075693,1780660382363,0.1,63.65,62138.91,BTC-26JUN26,62095.34,0.481,62044.21,26JUN26,92000,,P,BTC-26JUN26-92000-P
0.0285,0.0315,6.8,0.03005914,1780660382363,8.1,45.51,62097.47,index_price,62095.34,0.03,62044.21,8JUN26,63500,,P,BTC-8JUN26-63500-P
0.058,0.0595,594.7,0.05890038,1780660382363,160.0,41.61,62655.97,BTC-25SEP26,62095.34,0.05875,62044.21,25SEP26,68000,,C,BTC-25SEP26-68000-C
,0.0001,68.6,1.41e-06,1780660382363,0.0,63.11,62658.1,BTC-25SEP26,62095.34,,62044.21,25SEP26,280000,,C,BTC-25SEP26-280000-C
,0.0006,186.6,0.00036146,1780660382363,0.2,58.55,63248.66,BTC-25DEC26,62095.34,,62044.21,25DEC26,230000,,C,BTC-25DEC26-230000-C
0.9245,0.936,722.5,0.93111675,1780660382363,0.0,88.08,62138.91,BTC-26JUN26,62095.34,0.93025,62044.21,26JUN26,120000,,P,BTC-26JUN26-120000-P
1.488,1.6685,52.5,1.57472851,1780660382363,0.0,88.08,62138.91,BTC-26JUN26,62095.34,1.57825,62044.21,26JUN26,160000,,P,BTC-26JUN26-160000-P
0.0085,0.0095,115.9,0.00885491,1780660382363,104.2,57.23,62097.47,index_price,62095.34,0.009,62044.21,7JUN26,61000,,P,BTC-7JUN26-61000-P
0.13,0.2085,0.1,0.16762177,1780660382363,0.0,92.26,62097.47,index_price,62095.34,0.16925,62044.21,6JUN26,72500,,P,BTC-6JUN26-72500-P
0.029,0.0485,0.0,0.03249736,1780660382363,0.0,60.22,62097.47,index_price,62095.34,0.03875,62044.21,7JUN26,60500,,C,BTC-7JUN26-60500-C
0.054,0.057,15.5,0.05571704,1780660382363,0.1,44.28,62097.47,index_price,62095.34,0.0555,62044.21,7JUN26,65500,,P,BTC-7JUN26-65500-P
0.0515,0.053,1512.2,0.05226637,1780660382363,22.4,49.82,63248.66,BTC-25DEC26,62095.34,0.05225,62044.21,25DEC26,50000,,P,BTC-25DEC26-50000-P
0.0625,0.0635,319.1,0.06300075,1780660382363,339.4,41.99,62451.02,BTC-28AUG26,62095.34,0.063,62044.21,28AUG26,65000,,C,BTC-28AUG26-65000-C
0.0002,0.0004,206.1,0.00028273,1780660382363,0.0,60.68,62293.82,BTC-31JUL26,62095.34,0.0003,62044.21,31JUL26,120000,,C,BTC-31JUL26-120000-C
0.131,0.135,34.9,0.13355563,1780660382363,2.1,40.94,62451.02,BTC-28AUG26,62095.34,0.133,62044.21,28AUG26,68000,,P,BTC-28AUG26-68000-P
0.062,0.063,18.6,0.0624397,1780660382363,20.7,43.35,62293.82,BTC-31JUL26,62095.34,0.0625,62044.21,31JUL26,63000,,C,BTC-31JUL26-63000-C
0.0155,0.0165,20.7,0.01649532,1780660382363,8.7,39.77,62451.02,BTC-28AUG26,62095.34,0.016,62044.21,28AUG26,76000,,C,BTC-28AUG26-76000-C
0.07,0.0715,1721.3,0.07089552,1780660382363,3.5,47.98,63249.22,BTC-25DEC26,62095.34,0.07075,62044.21,25DEC26,54000,,P,BTC-25DEC26-54000-P
0.42,0.524,4.5,0.47659347,1780660382363,0.0,42.54,63248.66,BTC-25DEC26,62095.34,0.472,62044.21,25DEC26,92000,,P,BTC-25DEC26-92000-P
0.606,0.613,986.9,0.6094131,1780660382363,0.0,72.8,62138.91,BTC-26JUN26,62095.34,0.6095,62044.21,26JUN26,100000,,P,BTC-26JUN26-100000-P
0.3025,0.3095,179.6,0.30593546,1780660382363,0.0,43.96,63852.22,BTC-26MAR27,62095.34,0.306,62044.21,26MAR27,78000,,P,BTC-26MAR27-78000-P
0.049,0.0515,16.5,0.05042556,1780660382363,7.5,57.2,62090.17,BTC-12JUN26,62095.34,0.05025,62044.21,12JUN26,60000,,C,BTC-12JUN26-60000-C
0.0017,0.0022,31.0,0.00203352,1780660382363,31.3,44.88,62086.575000000004,SYN.BTC-9JUN26,62095.34,0.00195,62044.21,9JUN26,66000,,C,BTC-9JUN26-66000-C
0.0015,0.0017,52.6,0.00163161,1780660382363,50.7,85.63,62097.47,index_price,62095.34,0.0016,62044.21,8JUN26,55000,,P,BTC-8JUN26-55000-P
,0.0001,40.0,1.46e-06,1780660382363,1.0,92.26,62097.47,index_price,62095.34,,62044.21,6JUN26,73000,,C,BTC-6JUN26-73000-C
0.008,0.009,92.5,0.00841972,1780660382363,3.0,43.25,63248.66,BTC-25DEC26,62095.34,0.0085,62044.21,25DEC26,108000,,C,BTC-25DEC26-108000-C
0.107,0.109,6492.6,0.10819707,1780660382363,20.7,45.9,63248.66,BTC-25DEC26,62095.34,0.108,62044.21,25DEC26,60000,,P,BTC-25DEC26-60000-P
2.82,3.0955,10.0,2.95269583,1780660382363,0.0,60.11,63248.66,BTC-25DEC26,62095.34,2.95775,62044.21,25DEC26,250000,,P,BTC-25DEC26-250000-P
0.0095,0.0105,1291.7,0.01010658,1780660382363,21.2,40.21,62658.1,BTC-25SEP26,62095.34,0.01,62044.21,25SEP26,85000,,C,BTC-25SEP26-85000-C
0.062,0.065,577.6,0.06343641,1780660382363,21.3,44.49,62104.43,BTC-19JUN26,62095.34,0.0635,62044.21,19JUN26,65000,,P,BTC-19JUN26-65000-P
0.0505,0.055,236.7,0.05322948,1780660382363,29.9,45.58,62104.43,BTC-19JUN26,62095.34,0.05275,62044.21,19JUN26,64000,,P,BTC-19JUN26-64000-P
1.8755,2.0915,0.9,1.97764306,1780660382363,0.0,50.54,63852.22,BTC-26MAR27,62095.34,1.9835,62044.21,26MAR27,190000,,P,BTC-26MAR27-190000-P
0.0011,0.0015,1200.1,0.001314,1780660382363,3.4,50.49,63248.66,BTC-25DEC26,62095.34,0.0013,62044.21,25DEC26,160000,,C,BTC-25DEC26-160000-C
0.0055,0.0065,102.5,0.0062662,1780660382363,48.9,43.12,62104.43,BTC-19JUN26,62095.34,0.006,62044.21,19JUN26,68000,,C,BTC-19JUN26-68000-C
0.363,0.473,3.3,0.41980463,1780660382363,2.1,42.53,63248.66,BTC-25DEC26,62095.34,0.418,62044.21,25DEC26,88000,,P,BTC-25DEC26-88000-P
0.0019,0.0022,402.1,0.00210516,1780660382363,76.9,45.57,62090.17,BTC-12JUN26,62095.34,0.00205,62044.21,12JUN26,68000,,C,BTC-12JUN26-68000-C
0.509,0.587,1.0,0.53556084,1780660382363,0.0,41.39,62658.1,BTC-25SEP26,62095.34,0.548,62044.21,25SEP26,96000,,P,BTC-25SEP26-96000-P
0.479,0.569,0.6,0.53485114,1780660382363,0.0,42.58,63249.22,BTC-25DEC26,62095.34,0.524,62044.21,25DEC26,96000,,P,BTC-25DEC26-96000-P
0.389,0.4325,8.1,0.39812231,1780660382363,0.0,42.27,62293.82,BTC-31JUL26,62095.34,0.41075,62044.21,31JUL26,87000,,P,BTC-31JUL26-87000-P
0.1075,0.1125,198.6,0.11119602,1780660382363,8.0,41.29,62293.82,BTC-31JUL26,62095.34,0.11,62044.21,31JUL26,67000,,P,BTC-31JUL26-67000-P
0.024,0.0255,3196.0,0.02513044,1780660382363,107.0,42.54,63248.66,BTC-25DEC26,62095.34,0.02475,62044.21,25DEC26,90000,,C,BTC-25DEC26-90000-C
0.147,0.1495,5.4,0.1481823,1780660382363,0.8,45.5,63852.22,BTC-26MAR27,62095.34,0.14825,62044.21,26MAR27,66000,,C,BTC-26MAR27-66000-C
0.015,0.016,84.1,0.01522067,1780660382363,69.4,51.57,62097.47,index_price,62095.34,0.0155,62044.21,7JUN26,62000,,C,BTC-7JUN26-62000-C
2.0265,2.2525,1.0,2.13390791,1780660382363,0.0,51.34,63852.22,BTC-26MAR27,62095.34,2.1395,62044.21,26MAR27,200000,,P,BTC-26MAR27-200000-P
0.0039,0.0043,1703.4,0.00413802,1780660382363,97.8,74.45,62658.1,BTC-25SEP26,62095.34,0.0041,62044.21,25SEP26,30000,,P,BTC-25SEP26-30000-P
0.012,0.0125,0.3,0.01225559,1780660382363,0.3,56.43,62086.575000000004,SYN.BTC-9JUN26,62095.34,0.01225,62044.21,9JUN26,60500,,P,BTC-9JUN26-60500-P
0.0004,0.0006,3799.6,0.00040799,1780660382363,116.9,54.52,62138.91,BTC-26JUN26,62095.34,0.0005,62044.21,26JUN26,85000,,C,BTC-26JUN26-85000-C
0.0035,0.0041,854.0,0.00376386,1780660382363,0.2,47.67,63852.22,BTC-26MAR27,62095.34,0.0038,62044.21,26MAR27,160000,,C,BTC-26MAR27-160000-C
,0.0001,291.3,2.1e-06,1780660382363,0.0,61.4,62655.97,BTC-25SEP26,62095.34,,62044.21,25SEP26,260000,,C,BTC-25SEP26-260000-C
0.1305,0.1355,163.0,0.1338099,1780660382363,3.0,40.6,62293.82,BTC-31JUL26,62095.34,0.133,62044.21,31JUL26,69000,,P,BTC-31JUL26-69000-P
0.0435,0.06,0.0,0.05651541,1780660382363,0.0,44.03,62097.47,index_price,62095.34,0.05175,62044.21,8JUN26,65500,,P,BTC-8JUN26-65500-P
0.156,0.1585,125.6,0.15728497,1780660382363,0.0,44.46,63248.66,BTC-25DEC26,62095.34,0.15725,62044.21,25DEC26,66000,,P,BTC-25DEC26-66000-P
0.013,0.014,1802.1,0.01384588,1780660382363,162.6,40.1,62658.1,BTC-25SEP26,62095.34,0.0135,62044.21,25SEP26,82000,,C,BTC-25SEP26-82000-C
0.23,0.3205,4.9,0.27246977,1780660382363,0.0,67.05,62090.17,BTC-12JUN26,62095.34,0.27525,62044.21,12JUN26,79000,,P,BTC-12JUN26-79000-P
0.1405,0.1465,397.8,0.1440811,1780660382363,0.0,48.81,62090.17,BTC-12JUN26,62095.34,0.1435,62044.21,12JUN26,71000,,P,BTC-12JUN26-71000-P
,0.0001,759.8,6e-08,1780660382363,0.0,88.08,62139.61,BTC-26JUN26,62095.34,,62044.21,26JUN26,170000,,C,BTC-26JUN26-170000-C
0.42,0.566,0.2,0.48408223,1780660382363,0.0,43.4,63852.22,BTC-26MAR27,62095.34,0.493,62044.21,26MAR27,92000,,P,BTC-26MAR27-92000-P
0.079,0.0845,364.7,0.08250035,1780660382363,3.5,45.38,62090.17,BTC-12JUN26,62095.34,0.08175,62044.21,12JUN26,67000,,P,BTC-12JUN26-67000-P
1.902,2.1155,0.0,2.00449272,1780660382363,0.0,53.91,63248.66,BTC-25DEC26,62095.34,2.00875,62044.21,25DEC26,190000,,P,BTC-25DEC26-190000-P
0.4605,0.464,71.1,0.46199443,1780660382363,0.0,61.27,63248.66,BTC-25DEC26,62095.34,0.46225,62044.21,25DEC26,35000,,C,BTC-25DEC26-35000-C
1.444,1.6265,0.0,1.53087149,1780660382363,0.0,50.49,63248.66,BTC-25DEC26,62095.34,1.53525,62044.21,25DEC26,160000,,P,BTC-25DEC26-160000-P
0.0016,0.002,137.8,0.00176365,1780660382363,0.4,41.85,62295.95,BTC-31JUL26,62095.34,0.0018,62044.21,31JUL26,86000,,C,BTC-31JUL26-86000-C
0.0047,0.0055,7129.7,0.00498724,1780660382363,16.9,45.08,63248.66,BTC-25DEC26,62095.34,0.0051,62044.21,25DEC26,120000,,C,BTC-25DEC26-120000-C
,0.0001,20.0,3e-08,1780660382363,0.0,92.48,62097.47,index_price,62095.34,,62044.21,6JUN26,76000,,C,BTC-6JUN26-76000-C
0.0135,0.0145,61.1,0.01397771,1780660382363,84.4,51.57,62097.47,index_price,62095.34,0.014,62044.21,7JUN26,62000,,P,BTC-7JUN26-62000-P
0.238,0.243,133.7,0.23993112,1780660382363,0.0,44.6,63852.78,BTC-26MAR27,62095.34,0.2405,62044.21,26MAR27,72000,,P,BTC-26MAR27-72000-P
0.1375,0.1975,0.0,0.17598592,1780660382363,0.0,78.13,62097.47,index_price,62095.34,0.1675,62044.21,7JUN26,73000,,P,BTC-7JUN26-73000-P
0.0001,0.0004,3712.3,0.00020794,1780660382363,41.6,72.8,62138.91,BTC-26JUN26,62095.34,0.00025,62044.21,26JUN26,100000,,C,BTC-26JUN26-100000-C
,0.0001,44.5,0.0,1780660382363,0.0,95.3,62097.47,index_price,62095.34,,62044.21,6JUN26,78000,,C,BTC-6JUN26-78000-C
0.3815,0.484,5.9,0.42993371,1780660382363,0.0,43.25,62293.82,BTC-31JUL26,62095.34,0.43275,62044.21,31JUL26,89000,,P,BTC-31JUL26-89000-P
0.0015,0.0019,1602.5,0.00171341,1780660382363,17.5,49.11,63248.66,BTC-25DEC26,62095.34,0.0017,62044.21,25DEC26,150000,,C,BTC-25DEC26-150000-C
0.0002,0.0005,836.7,0.00028798,1780660382363,40.3,63.65,62138.91,BTC-26JUN26,62095.34,0.00035,62044.21,26JUN26,92000,,C,BTC-26JUN26-92000-C
0.1165,0.1195,53.0,0.11824185,1780660382363,0.2,47.21,63852.22,BTC-26MAR27,62095.34,0.118,62044.21,26MAR27,58000,,P,BTC-26MAR27-58000-P
0.0435,0.0445,2609.8,0.04381775,1780660382363,902.9,47.24,62138.91,BTC-26JUN26,62095.34,0.044,62044.21,26JUN26,62000,,P,BTC-26JUN26-62000-P
0.0335,0.0345,70.4,0.03408123,1780660382363,82.5,47.98,62451.02,BTC-28AUG26,62095.34,0.034,62044.21,28AUG26,54000,,P,BTC-28AUG26-54000-P
0.008,0.009,390.4,0.00860412,1780660382363,6.6,39.8,62451.02,BTC-28AUG26,62095.34,0.0085,62044.21,28AUG26,81000,,C,BTC-28AUG26-81000-C
0.046,0.047,68.1,0.04646217,1780660382363,33.0,45.99,62293.82,BTC-31JUL26,62095.34,0.0465,62044.21,31JUL26,59000,,P,BTC-31JUL26-59000-P
0.0027,0.0031,197.4,0.00291262,1780660382363,164.6,84.78,62088.04,BTC-12JUN26,62095.34,0.0029,62044.21,12JUN26,52000,,P,BTC-12JUN26-52000-P
,0.0002,24.3,5.185e-05,1780660382363,10.8,62.91,62097.47,index_price,62095.34,,62044.21,7JUN26,70000,,C,BTC-7JUN26-70000-C
0.0016,0.002,0.9,0.00177649,1780660382363,0.2,42.38,62451.02,BTC-28AUG26,62095.34,0.0018,62044.21,28AUG26,95000,,C,BTC-28AUG26-95000-C
0.0002,0.0004,3823.3,0.00026099,1780660382363,4.1,67.44,62138.91,BTC-26JUN26,62095.34,0.0003,62044.21,26JUN26,95000,,C,BTC-26JUN26-95000-C
0.0065,0.007,171.0,0.00677279,1780660382363,161.7,72.96,62097.47,index_price,62095.34,0.00675,62044.21,6JUN26,61000,,P,BTC-6JUN26-61000-P
0.007,0.0075,343.9,0.00725754,1780660382363,4.7,40.22,62655.97,BTC-25SEP26,62095.34,0.00725,62044.21,25SEP26,88000,,C,BTC-25SEP26-88000-C
0.113,0.115,15.7,0.1138425,1780660382363,0.6,44.46,63248.66,BTC-25DEC26,62095.34,0.114,62044.21,25DEC26,66000,,C,BTC-25DEC26-66000-C
0.0115,0.0125,108.0,0.0118585,1780660382363,63.2,42.82,63248.66,BTC-25DEC26,62095.34,0.012,62044.21,25DEC26,102000,,C,BTC-25DEC26-102000-C
0.039,0.0405,41.7,0.03969668,1780660382363,17.0,40.66,62451.02,BTC-28AUG26,62095.34,0.03975,62044.21,28AUG26,69000,,C,BTC-28AUG26-69000-C
0.024,0.026,16.0,0.02499752,1780660382363,0.0,43.56,63852.22,BTC-26MAR27,62095.34,0.025,62044.21,26MAR27,104000,,C,BTC-26MAR27-104000-C
0.473,0.5815,0.0,0.52290042,1780660382363,0.0,42.38,62451.02,BTC-28AUG26,62095.34,0.52725,62044.21,28AUG26,95000,,P,BTC-28AUG26-95000-P
0.0007,0.0013,2194.0,0.00096842,1780660382363,0.9,51.42,63249.22,BTC-25DEC26,62095.34,0.001,62044.21,25DEC26,170000,,C,BTC-25DEC26-170000-C
,0.0002,758.6,0.00011318,1780660382363,363.6,82.96,62090.17,BTC-12JUN26,62095.34,,62044.21,12JUN26,85000,,C,BTC-12JUN26-85000-C
0.077,0.0785,433.2,0.07784179,1780660382363,19.2,42.5,62655.97,BTC-25SEP26,62095.34,0.07775,62044.21,25SEP26,65000,,C,BTC-25SEP26-65000-C
0.969,1.1335,0.2,1.04485492,1780660382363,0.0,44.99,63852.22,BTC-26MAR27,62095.34,1.05125,62044.21,26MAR27,130000,,P,BTC-26MAR27-130000-P
0.3255,0.3335,135.6,0.32960403,1780660382363,0.1,43.83,63852.22,BTC-26MAR27,62095.34,0.3295,62044.21,26MAR27,80000,,P,BTC-26MAR27-80000-P
0.0595,0.061,1164.8,0.06003714,1780660382363,174.3,44.95,62138.91,BTC-26JUN26,62095.34,0.06025,62044.21,26JUN26,64000,,P,BTC-26JUN26-64000-P
0.085,0.0865,5.5,0.08596451,1780660382363,4.7,43.27,62451.02,BTC-28AUG26,62095.34,0.08575,62044.21,28AUG26,62000,,C,BTC-28AUG26-62000-C
0.172,0.1785,254.0,0.17605208,1780660382363,1.9,53.07,62090.17,BTC-12JUN26,62095.34,0.17525,62044.21,12JUN26,73000,,P,BTC-12JUN26-73000-P
,0.0005,174.0,9.8e-07,1780660382363,0.0,64.66,62658.1,BTC-25SEP26,62095.34,,62044.21,25SEP26,300000,,C,BTC-25SEP26-300000-C
0.1005,0.147,0.0,0.12752425,1780660382363,0.0,50.41,62097.47,index_price,62095.34,0.12375,62044.21,8JUN26,70000,,P,BTC-8JUN26-70000-P
0.4065,0.41,37.3,0.40794119,1780660382363,0.0,54.51,63852.22,BTC-26MAR27,62095.34,0.40825,62044.21,26MAR27,40000,,C,BTC-26MAR27-40000-C
0.0004,0.0007,155.9,0.00050503,1780660382363,0.9,52.11,62655.97,BTC-25SEP26,62095.34,0.00055,62044.21,25SEP26,135000,,C,BTC-25SEP26-135000-C
0.1855,0.193,307.8,0.18858508,1780660382363,0.0,40.7,62658.1,BTC-25SEP26,62095.34,0.18925,62044.21,25SEP26,72000,,P,BTC-25SEP26-72000-P
0.332,0.4625,0.0,0.39157123,1780660382363,0.0,43.57,63852.22,BTC-26MAR27,62095.34,0.39725,62044.21,26MAR27,85000,,P,BTC-26MAR27-85000-P
0.155,0.1915,0.0,0.15743485,1780660382363,0.0,47.29,62451.02,BTC-28AUG26,62095.34,0.17325,62044.21,28AUG26,55000,,C,BTC-28AUG26-55000-C
0.0895,0.091,858.0,0.09034437,1780660382363,22.7,43.58,62655.97,BTC-25SEP26,62095.34,0.09025,62044.21,25SEP26,62000,,P,BTC-25SEP26-62000-P
0.0006,0.0007,1073.8,0.00059483,1780660382363,28.3,48.81,62088.04,BTC-12JUN26,62095.34,0.00065,62044.21,12JUN26,71000,,C,BTC-12JUN26-71000-C
0.0075,0.0085,223.1,0.00834596,1780660382363,24.5,40.0,62295.95,BTC-31JUL26,62095.34,0.008,62044.21,31JUL26,76000,,C,BTC-31JUL26-76000-C
0.2355,0.2395,2.9,0.23735959,1780660382363,2.9,48.03,63852.22,BTC-26MAR27,62095.34,0.2375,62044.21,26MAR27,55000,,C,BTC-26MAR27-55000-C
0.1755,0.1785,2.2,0.17698992,1780660382363,0.9,46.28,63852.22,BTC-26MAR27,62095.34,0.177,62044.21,26MAR27,62000,,C,BTC-26MAR27-62000-C
0.007,0.008,49.9,0.00735125,1780660382363,54.5,47.34,62097.47,index_price,62095.34,0.0075,62044.21,7JUN26,63000,,C,BTC-7JUN26-63000-C
0.0006,0.0008,53.8,0.00076677,1780660382363,0.0,48.63,62451.02,BTC-28AUG26,62095.34,0.0007,62044.21,28AUG26,110000,,C,BTC-28AUG26-110000-C
,0.0001,121.7,1.608e-05,1780660382363,26.2,92.24,62097.47,index_price,62095.34,,62044.21,6JUN26,71000,,C,BTC-6JUN26-71000-C
0.0001,0.0003,72.9,0.00019984,1780660382363,52.3,54.44,62097.47,index_price,62095.34,0.0002,62044.21,6JUN26,65500,,C,BTC-6JUN26-65500-C
0.904,0.9225,172.1,0.91606152,1780660382363,0.0,48.29,62655.97,BTC-25SEP26,62095.34,0.91325,62044.21,25SEP26,120000,,P,BTC-25SEP26-120000-P
0.0018,0.0022,9.1,0.00197272,1780660382363,0.0,42.18,62451.02,BTC-28AUG26,62095.34,0.002,62044.21,28AUG26,94000,,C,BTC-28AUG26-94000-C
0.084,0.147,0.0,0.11576801,1780660382363,0.0,85.63,62097.47,index_price,62095.34,0.1155,62044.21,8JUN26,55000,,C,BTC-8JUN26-55000-C
0.129,0.135,2842.0,0.13277341,1780660382363,37.4,42.38,62138.91,BTC-26JUN26,62095.34,0.132,62044.21,26JUN26,70000,,P,BTC-26JUN26-70000-P
0.009,0.01,1405.2,0.00940041,1780660382363,411.7,62.14,62104.43,BTC-19JUN26,62095.34,0.0095,62044.21,19JUN26,55000,,P,BTC-19JUN26-55000-P
0.0235,0.024,953.7,0.02374743,1780660382363,785.8,44.01,62138.91,BTC-26JUN26,62095.34,0.02375,62044.21,26JUN26,65000,,C,BTC-26JUN26-65000-C
0.229,0.2335,32.6,0.23117768,1780660382363,0.0,50.28,62655.97,BTC-25SEP26,62095.34,0.23125,62044.21,25SEP26,50000,,C,BTC-25SEP26-50000-C
0.0015,0.0018,4.0,0.00166839,1780660382363,0.2,42.84,62451.02,BTC-28AUG26,62095.34,0.00165,62044.21,28AUG26,96000,,C,BTC-28AUG26-96000-C
0.009,0.01,716.7,0.00988689,1780660382363,34.3,40.0,62295.95,BTC-31JUL26,62095.34,0.0095,62044.21,31JUL26,75000,,C,BTC-31JUL26-75000-C
0.401,0.504,0.1,0.44955034,1780660382363,0.0,90.92,62090.17,BTC-12JUN26,62095.34,0.4525,62044.21,12JUN26,90000,,P,BTC-12JUN26-90000-P
0.0034,0.0037,251.6,0.00343944,1780660382363,0.2,41.39,62658.1,BTC-25SEP26,62095.34,0.00355,62044.21,25SEP26,96000,,C,BTC-25SEP26-96000-C
0.017,0.0185,56.6,0.01763319,1780660382363,27.7,43.81,63852.22,BTC-26MAR27,62095.34,0.01775,62044.21,26MAR27,112000,,C,BTC-26MAR27-112000-C
0.0685,0.0705,216.3,0.06954818,1780660382363,20.0,43.66,63852.22,BTC-26MAR27,62095.34,0.0695,62044.21,26MAR27,82000,,C,BTC-26MAR27-82000-C
0.0425,0.0455,0.0,0.04395907,1780660382363,0.0,58.26,62086.575000000004,SYN.BTC-9JUN26,62095.34,0.044,62044.21,9JUN26,60000,,C,BTC-9JUN26-60000-C
0.0001,0.0003,1617.4,0.00017128,1780660382363,1.3,65.33,62090.17,BTC-12JUN26,62095.34,0.0002,62044.21,12JUN26,78000,,C,BTC-12JUN26-78000-C
0.0005,0.0007,62.3,0.00059263,1780660382363,43.6,114.15,62097.47,index_price,62095.34,0.0006,62044.21,6JUN26,56000,,P,BTC-6JUN26-56000-P
,0.0001,2651.1,1e-06,1780660382363,0.0,88.08,62138.91,BTC-26JUN26,62095.34,,62044.21,26JUN26,150000,,C,BTC-26JUN26-150000-C
0.0003,0.0005,305.6,0.00038422,1780660382363,0.0,53.79,62293.82,BTC-31JUL26,62095.34,0.0004,62044.21,31JUL26,108000,,C,BTC-31JUL26-108000-C
0.169,0.1715,83.6,0.16999303,1780660382363,1.4,46.92,62658.1,BTC-25SEP26,62095.34,0.17025,62044.21,25SEP26,55000,,C,BTC-25SEP26-55000-C
0.348,0.3555,38.5,0.35219921,1780660382363,0.0,53.63,62138.91,BTC-26JUN26,62095.34,0.35175,62044.21,26JUN26,84000,,P,BTC-26JUN26-84000-P
0.0385,0.04,54.3,0.03908415,1780660382363,51.5,54.46,62088.04,BTC-12JUN26,62095.34,0.03925,62044.21,12JUN26,61000,,C,BTC-12JUN26-61000-C
0.03,0.031,165.8,0.03065185,1780660382363,41.8,40.93,62293.82,BTC-31JUL26,62095.34,0.0305,62044.21,31JUL26,68000,,C,BTC-31JUL26-68000-C
0.005,0.0055,378.1,0.00533939,1780660382363,313.7,73.86,62090.17,BTC-12JUN26,62095.34,0.00525,62044.21,12JUN26,55000,,P,BTC-12JUN26-55000-P
0.0004,0.0007,188.9,0.00053345,1780660382363,11.2,49.01,62293.82,BTC-31JUL26,62095.34,0.00055,62044.21,31JUL26,100000,,C,BTC-31JUL26-100000-C
0.132,0.1695,0.0,0.1346242,1780660382363,0.0,77.36,62090.17,BTC-12JUN26,62095.34,0.15075,62044.21,12JUN26,54000,,C,BTC-12JUN26-54000-C
0.2355,0.243,61.0,0.23980246,1780660382363,0.4,43.22,63249.22,BTC-25DEC26,62095.34,0.23925,62044.21,25DEC26,74000,,P,BTC-25DEC26-74000-P
0.034,0.0365,0.0,0.03504977,1780660382363,0.0,56.72,62097.47,index_price,62095.34,0.03525,62044.21,8JUN26,60500,,C,BTC-8JUN26-60500-C
0.0315,0.0325,477.7,0.03201182,1780660382363,9.8,40.35,62655.97,BTC-25SEP26,62095.34,0.032,62044.21,25SEP26,74000,,C,BTC-25SEP26-74000-C
0.0545,0.055,126.3,0.05477367,1780660382363,89.0,42.77,62293.82,BTC-31JUL26,62095.34,0.05475,62044.21,31JUL26,64000,,C,BTC-31JUL26-64000-C
0.022,0.0225,1165.7,0.02244048,1780660382363,439.0,52.89,62138.91,BTC-26JUN26,62095.34,0.02225,62044.21,26JUN26,58000,,P,BTC-26JUN26-58000-P
0.204,0.2105,211.5,0.2081541,1780660382363,5.6,57.82,62090.17,BTC-12JUN26,62095.34,0.20725,62044.21,12JUN26,75000,,P,BTC-12JUN26-75000-P
,0.0001,63.7,2.615e-05,1780660382363,21.2,65.11,62097.47,index_price,62095.34,,62044.21,7JUN26,71000,,C,BTC-7JUN26-71000-C
0.0011,0.0014,64.3,0.00128185,1780660382363,51.4,88.82,62097.47,index_price,62095.34,0.00125,62044.21,7JUN26,56000,,P,BTC-7JUN26-56000-P
,0.0001,144.1,1.516e-05,1780660382363,0.0,87.37,62097.47,index_price,62095.34,,62044.21,6JUN26,70500,,C,BTC-6JUN26-70500-C
0.036,0.0375,608.5,0.03668845,1780660382363,3.3,42.5,63248.66,BTC-25DEC26,62095.34,0.03675,62044.21,25DEC26,84000,,C,BTC-25DEC26-84000-C
0.276,0.3705,0.0,0.32057682,1780660382363,0.0,56.51,62102.3,BTC-19JUN26,62095.34,0.32325,62044.21,19JUN26,82000,,P,BTC-19JUN26-82000-P
0.0002,0.0004,67.0,0.00026187,1780660382363,43.2,47.42,62097.47,index_price,62095.34,0.0003,62044.21,7JUN26,66500,,C,BTC-7JUN26-66500-C
0.0048,0.0055,234.6,0.0051066,1780660382363,0.6,40.03,62451.02,BTC-28AUG26,62095.34,0.00515,62044.21,28AUG26,85000,,C,BTC-28AUG26-85000-C
0.2345,0.2425,600.7,0.23896737,1780660382363,0.1,40.21,62658.1,BTC-25SEP26,62095.34,0.2385,62044.21,25SEP26,76000,,P,BTC-25SEP26-76000-P
0.0012,0.0016,4.6,0.00137811,1780660382363,0.1,43.32,62451.02,BTC-28AUG26,62095.34,0.0014,62044.21,28AUG26,98000,,C,BTC-28AUG26-98000-C
0.0003,0.0005,191.0,0.00041641,1780660382363,153.0,54.18,62097.47,index_price,62095.34,0.0004,62044.21,6JUN26,65000,,C,BTC-6JUN26-65000-C
0.001,0.0013,118.9,0.00117382,1780660382363,0.1,43.95,62451.02,BTC-28AUG26,62095.34,0.00115,62044.21,28AUG26,100000,,C,BTC-28AUG26-100000-C
0.061,0.0625,280.4,0.06163045,1780660382363,2.4,43.04,63248.66,BTC-25DEC26,62095.34,0.06175,62044.21,25DEC26,76000,,C,BTC-25DEC26-76000-C
0.028,0.0305,8.2,0.02899067,1780660382363,8.2,54.41,62097.47,index_price,62095.34,0.02925,62044.21,8JUN26,61000,,C,BTC-8JUN26-61000-C
0.0003,0.0004,2662.7,0.00039273,1780660382363,51.0,121.59,62138.91,BTC-26JUN26,62095.34,0.00035,62044.21,26JUN26,30000,,P,BTC-26JUN26-30000-P
0.007,0.0075,284.1,0.00751409,1780660382363,34.7,39.8,62451.02,BTC-28AUG26,62095.34,0.00725,62044.21,28AUG26,82000,,C,BTC-28AUG26-82000-C
0.01,0.011,60.4,0.01059539,1780660382363,1.5,42.99,63248.66,BTC-25DEC26,62095.34,0.0105,62044.21,25DEC26,104000,,C,BTC-25DEC26-104000-C
0.0008,0.001,775.3,0.00086078,1780660382363,212.9,47.31,62090.17,BTC-12JUN26,62095.34,0.0009,62044.21,12JUN26,70000,,C,BTC-12JUN26-70000-C
0.0705,0.0715,134.6,0.07107106,1780660382363,6.7,42.17,62655.97,BTC-25SEP26,62095.34,0.071,62044.21,25SEP26,66000,,C,BTC-25SEP26-66000-C
0.083,0.1235,0.0,0.08608606,1780660382363,0.0,71.21,62086.575000000004,SYN.BTC-9JUN26,62095.34,0.10325,62044.21,9JUN26,57000,,C,BTC-9JUN26-57000-C
1.3905,1.5635,0.1,1.47400723,1780660382363,0.0,56.54,62655.97,BTC-25SEP26,62095.34,1.477,62044.21,25SEP26,155000,,P,BTC-25SEP26-155000-P
0.0016,0.0021,1036.2,0.0018146,1780660382363,5.0,43.64,62655.97,BTC-25SEP26,62095.34,0.00185,62044.21,25SEP26,105000,,C,BTC-25SEP26-105000-C
0.0185,0.0195,134.5,0.01883997,1780660382363,29.7,40.03,62293.82,BTC-31JUL26,62095.34,0.019,62044.21,31JUL26,71000,,C,BTC-31JUL26-71000-C
0.0275,0.0285,1874.6,0.02854801,1780660382363,29.0,42.53,63248.66,BTC-25DEC26,62095.34,0.028,62044.21,25DEC26,88000,,C,BTC-25DEC26-88000-C
0.013,0.014,18.8,0.01337659,1780660382363,18.8,48.24,62086.575000000004,SYN.BTC-9JUN26,62095.34,0.0135,62044.21,9JUN26,63000,,C,BTC-9JUN26-63000-C
0.0002,0.0004,1414.3,0.00027548,1780660382363,41.9,53.11,62104.43,BTC-19JUN26,62095.34,0.0003,62044.21,19JUN26,80000,,C,BTC-19JUN26-80000-C
0.0165,0.0175,124.6,0.01682298,1780660382363,23.9,44.49,62104.43,BTC-19JUN26,62095.34,0.017,62044.21,19JUN26,65000,,C,BTC-19JUN26-65000-C
0.0085,0.009,60.8,0.00858708,1780660382363,76.6,60.35,62097.47,index_price,62095.34,0.00875,62044.21,6JUN26,62500,,C,BTC-6JUN26-62500-C
0.0008,0.0011,33.6,0.00101932,1780660382363,34.4,44.33,62097.47,index_price,62095.34,0.00095,62044.21,8JUN26,66000,,C,BTC-8JUN26-66000-C
0.601,0.752,0.0,0.66831839,1780660382364,0.0,43.58,63852.22,BTC-26MAR27,62095.34,0.6765,62044.21,26MAR27,105000,,P,BTC-26MAR27-105000-P
0.2455,0.344,0.5,0.29078028,1780660382364,0.0,39.79,62451.02,BTC-28AUG26,62095.34,0.29475,62044.21,28AUG26,80000,,P,BTC-28AUG26-80000-P
0.0026,0.003,24.3,0.00287659,1780660382364,30.9,44.96,62086.575000000004,SYN.BTC-9JUN26,62095.34,0.0028,62044.21,9JUN26,65500,,C,BTC-9JUN26-65500-C
0.1555,0.1875,0.0,0.15795206,1780660382364,0.0,50.15,62295.95,BTC-31JUL26,62095.34,0.1715,62044.21,31JUL26,54000,,C,BTC-31JUL26-54000-C
0.068,0.1345,0.0,0.10121157,1780660382364,0.0,75.91,62086.575000000004,SYN.BTC-9JUN26,62095.34,0.10125,62044.21,9JUN26,56000,,C,BTC-9JUN26-56000-C
0.0039,0.0042,145.1,0.00403787,1780660382364,102.2,81.67,62097.47,index_price,62095.34,0.00405,62044.21,6JUN26,60000,,P,BTC-6JUN26-60000-P
0.0105,0.0115,27.9,0.01113542,1780660382364,41.3,54.42,62097.47,index_price,62095.34,0.011,62044.21,7JUN26,61500,,P,BTC-7JUN26-61500-P
0.1575,0.1615,274.8,0.16004105,1780660382364,3.5,50.85,62090.17,BTC-12JUN26,62095.34,0.1595,62044.21,12JUN26,72000,,P,BTC-12JUN26-72000-P
,0.0001,63.9,1.248e-05,1780660382364,28.5,68.01,62097.47,index_price,62095.34,,62044.21,6JUN26,68500,,C,BTC-6JUN26-68500-C
1.799,2.002,37.1,1.89656932,1780660382364,0.0,88.08,62138.91,BTC-26JUN26,62095.34,1.9005,62044.21,26JUN26,180000,,P,BTC-26JUN26-180000-P
0.0001,0.0003,1054.3,0.00017559,1780660382364,0.0,60.93,62104.43,BTC-19JUN26,62095.34,0.0002,62044.21,19JUN26,85000,,C,BTC-19JUN26-85000-C
0.7645,0.7745,928.4,0.77026708,1780660382364,0.9,82.42,62138.91,BTC-26JUN26,62095.34,0.7695,62044.21,26JUN26,110000,,P,BTC-26JUN26-110000-P
0.0265,0.028,43.3,0.02723918,1780660382364,30.9,49.52,62450.34,BTC-28AUG26,62095.34,0.02725,62044.21,28AUG26,52000,,P,BTC-28AUG26-52000-P
0.0001,0.0002,43.4,0.00013034,1780660382364,29.7,54.76,62097.47,index_price,62095.34,0.00015,62044.21,7JUN26,68000,,C,BTC-7JUN26-68000-C
0.3175,0.3265,196.6,0.32253291,1780660382364,0.0,40.1,62655.97,BTC-25SEP26,62095.34,0.322,62044.21,25SEP26,82000,,P,BTC-25SEP26-82000-P
0.702,0.8565,0.0,0.77166555,1780660382364,0.0,43.81,63852.22,BTC-26MAR27,62095.34,0.77925,62044.21,26MAR27,112000,,P,BTC-26MAR27-112000-P
0.0029,0.0033,2887.5,0.00305232,1780660382364,2.9,40.52,62293.82,BTC-31JUL26,62095.34,0.0031,62044.21,31JUL26,82000,,C,BTC-31JUL26-82000-C
0.176,0.1785,39.6,0.17746549,1780660382364,0.1,46.5,63248.66,BTC-25DEC26,62095.34,0.17725,62044.21,25DEC26,58000,,C,BTC-25DEC26-58000-C
0.09,0.092,171.2,0.09116144,1780660382364,70.1,42.23,62293.82,BTC-31JUL26,62095.34,0.091,62044.21,31JUL26,65000,,P,BTC-31JUL26-65000-P
0.062,0.1215,0.0,0.09544274,1780660382364,0.0,46.32,62097.47,index_price,62095.34,0.09175,62044.21,8JUN26,68000,,P,BTC-8JUN26-68000-P
0.0036,0.0039,28.1,0.00376859,1780660382364,22.0,69.46,62097.47,index_price,62095.34,0.00375,62044.21,7JUN26,59000,,P,BTC-7JUN26-59000-P
0.0001,0.0003,19.0,0.00016827,1780660382364,5.3,48.58,62097.47,index_price,62095.34,0.0002,62044.21,7JUN26,67000,,C,BTC-7JUN26-67000-C
0.102,0.105,128.5,0.10376975,1780660382364,27.0,41.99,62451.02,BTC-28AUG26,62095.34,0.1035,62044.21,28AUG26,65000,,P,BTC-28AUG26-65000-P
0.6845,0.694,310.5,0.68983108,1780660382364,0.0,77.59,62138.91,BTC-26JUN26,62095.34,0.68925,62044.21,26JUN26,105000,,P,BTC-26JUN26-105000-P
,0.0002,1942.1,3.489e-05,1780660382364,25.2,88.08,62138.91,BTC-26JUN26,62095.34,,62044.21,26JUN26,125000,,C,BTC-26JUN26-125000-C
0.364,0.3715,2850.1,0.36823283,1780660382364,5.2,54.52,62138.91,BTC-26JUN26,62095.34,0.36775,62044.21,26JUN26,85000,,P,BTC-26JUN26-85000-P
0.6775,0.6795,102.6,0.67825962,1780660382364,0.0,161.26,62138.91,BTC-26JUN26,62095.34,0.6785,62044.21,26JUN26,20000,,C,BTC-26JUN26-20000-C
0.123,0.126,185.2,0.12440452,1780660382364,11.6,42.17,62655.97,BTC-25SEP26,62095.34,0.1245,62044.21,25SEP26,66000,,P,BTC-25SEP26-66000-P
0.1345,0.2015,0.0,0.16542972,1780660382364,0.0,84.78,62090.17,BTC-12JUN26,62095.34,0.168,62044.21,12JUN26,52000,,C,BTC-12JUN26-52000-C
0.034,0.0355,1803.7,0.03453532,1780660382364,29.7,42.54,63249.22,BTC-25DEC26,62095.34,0.03475,62044.21,25DEC26,85000,,C,BTC-25DEC26-85000-C
0.0965,0.153,0.0,0.11164698,1780660382364,0.0,62.12,62097.47,index_price,62095.34,0.12475,62044.21,7JUN26,69000,,P,BTC-7JUN26-69000-P
0.1205,0.1895,0.0,0.15316495,1780660382364,0.0,67.04,62104.43,BTC-19JUN26,62095.34,0.155,62044.21,19JUN26,53000,,C,BTC-19JUN26-53000-C
0.5105,0.5955,0.7,0.56445934,1780660382364,0.0,42.64,63248.66,BTC-25DEC26,62095.34,0.553,62044.21,25DEC26,98000,,P,BTC-25DEC26-98000-P
0.4295,0.471,0.5,0.44394354,1780660382364,0.0,40.99,62450.34,BTC-28AUG26,62095.34,0.45025,62044.21,28AUG26,90000,,P,BTC-28AUG26-90000-P
0.0835,0.0855,104.2,0.08437721,1780660382364,30.9,43.96,63852.22,BTC-26MAR27,62095.34,0.0845,62044.21,26MAR27,78000,,C,BTC-26MAR27-78000-C
0.018,0.019,681.4,0.01836915,1780660382364,207.0,43.16,62138.91,BTC-26JUN26,62095.34,0.0185,62044.21,26JUN26,66000,,C,BTC-26JUN26-66000-C
0.05,0.1225,0.0,0.08279392,1780660382364,0.0,55.52,62104.43,BTC-19JUN26,62095.34,0.08625,62044.21,19JUN26,58000,,C,BTC-19JUN26-58000-C
0.3345,0.409,0.4,0.36611222,1780660382364,0.0,40.03,62451.02,BTC-28AUG26,62095.34,0.37175,62044.21,28AUG26,85000,,P,BTC-28AUG26-85000-P
0.115,0.158,0.0,0.11954017,1780660382364,0.0,73.86,62090.17,BTC-12JUN26,62095.34,0.1365,62044.21,12JUN26,55000,,C,BTC-12JUN26-55000-C
2.0845,2.3085,0.1,2.19195596,1780660382364,0.0,60.15,62655.97,BTC-25SEP26,62095.34,2.1965,62044.21,25SEP26,200000,,P,BTC-25SEP26-200000-P
0.0345,0.074,0.0,0.03773246,1780660382364,0.0,81.67,62097.47,index_price,62095.34,0.05425,62044.21,6JUN26,60000,,C,BTC-6JUN26-60000-C
0.044,0.0455,68.5,0.04475113,1780660382364,42.4,40.94,62451.02,BTC-28AUG26,62095.34,0.04475,62044.21,28AUG26,68000,,C,BTC-28AUG26-68000-C
1.0215,1.1565,106.4,1.09198393,1780660382364,0.0,88.08,62138.91,BTC-26JUN26,62095.34,1.089,62044.21,26JUN26,130000,,P,BTC-26JUN26-130000-P
,0.0001,1.8,1e-07,1780660382364,0.0,92.28,62097.47,index_price,62095.34,,62044.21,6JUN26,75000,,C,BTC-6JUN26-75000-C
0.192,0.2275,0.0,0.19462353,1780660382364,0.0,49.52,62451.02,BTC-28AUG26,62095.34,0.20975,62044.21,28AUG26,52000,,C,BTC-28AUG26-52000-C
0.0535,0.055,219.8,0.05425366,1780660382364,11.2,42.88,63248.66,BTC-25DEC26,62095.34,0.05425,62044.21,25DEC26,78000,,C,BTC-25DEC26-78000-C
0.0055,0.0065,3654.6,0.00602116,1780660382364,405.0,67.77,62138.91,BTC-26JUN26,62095.34,0.006,62044.21,26JUN26,50000,,P,BTC-26JUN26-50000-P
0.3605,0.3705,491.8,0.3666724,1780660382364,0.0,40.21,62655.97,BTC-25SEP26,62095.34,0.3655,62044.21,25SEP26,85000,,P,BTC-25SEP26-85000-P
0.167,0.206,0.0,0.16944237,1780660382364,0.0,47.98,62451.02,BTC-28AUG26,62095.34,0.1865,62044.21,28AUG26,54000,,C,BTC-28AUG26-54000-C
0.104,0.118,0.0,0.11461094,1780660382364,0.0,122.44,62097.47,index_price,62095.34,0.111,62044.21,6JUN26,55000,,C,BTC-6JUN26-55000-C
0.0003,0.0005,42.8,0.00042085,1780660382364,0.1,52.72,62293.82,BTC-31JUL26,62095.34,0.0004,62044.21,31JUL26,106000,,C,BTC-31JUL26-106000-C
0.0001,0.0002,191.0,0.00012314,1780660382364,138.8,56.9,62097.47,index_price,62095.34,0.00015,62044.21,6JUN26,66000,,C,BTC-6JUN26-66000-C
0.0655,0.0665,569.8,0.06601478,1780660382364,162.9,43.97,62293.82,BTC-31JUL26,62095.34,0.066,62044.21,31JUL26,62000,,P,BTC-31JUL26-62000-P
0.1985,0.285,0.0,0.24009195,1780660382364,0.0,94.75,62097.47,index_price,62095.34,0.24175,62044.21,6JUN26,77000,,P,BTC-6JUN26-77000-P
0.02,0.021,86.4,0.02060935,1780660382364,22.0,48.37,62097.47,index_price,62095.34,0.0205,62044.21,8JUN26,62500,,P,BTC-8JUN26-62500-P
,0.0002,1.1,8.345e-05,1780660382364,0.1,62.68,62097.47,index_price,62095.34,,62044.21,7JUN26,69500,,C,BTC-7JUN26-69500-C
0.5135,0.528,90.3,0.52013353,1780660382364,0.2,42.55,63248.66,BTC-25DEC26,62095.34,0.52075,62044.21,25DEC26,95000,,P,BTC-25DEC26-95000-P
