bid_price,ask_price,open_interest,mark_price,creation_timestamp_x,volume,mark_iv,underlying_price,underlying_index,estimated_delivery_price,mid_price,price_index,expiration_timestamp,strike,settlement_period,option_type,instrument_id
0.0008,0.0011,1226.2,0.00091622,1779882228006,505.0,32.88,75758.68,BTC-12JUN26,75706.72,0.00095,75706.72,12JUN26,86000,,C,BTC-12JUN26-86000-C
0.128,0.131,0.1,0.12937739,1779882228006,0.0,46.93,75739.59,BTC-5JUN26,75706.72,0.1295,75706.72,5JUN26,66000,,C,BTC-5JUN26-66000-C
0.608,0.61,97.8,0.60861951,1779882228006,0.0,75.51,76358.79,BTC-25SEP26,75706.72,0.609,75706.72,25SEP26,30000,,C,BTC-25SEP26-30000-C
0.416,0.453,0.0,0.42194391,1779882228006,0.0,37.9,76002.92,BTC-31JUL26,75706.72,0.4345,75706.72,31JUL26,108000,,P,BTC-31JUL26-108000-P
0.0815,0.0835,4.5,0.08254119,1779882228006,0.0,36.9,76002.92,BTC-31JUL26,75706.72,0.0825,75706.72,31JUL26,73000,,C,BTC-31JUL26-73000-C
0.046,0.048,33.1,0.0469091,1779882228006,0.0,41.54,77743.67,BTC-26MAR27,75706.72,0.047,75706.72,26MAR27,108000,,C,BTC-26MAR27-108000-C
0.512,0.52,290.6,0.51629448,1779882228006,0.0,52.08,75850.56,BTC-26JUN26,75706.72,0.516,75706.72,26JUN26,115000,,P,BTC-26JUN26-115000-P
1.42,1.5955,5.8,1.5049494,1779882228006,0.0,77.96,75850.56,BTC-26JUN26,75706.72,1.50775,75706.72,26JUN26,190000,,P,BTC-26JUN26-190000-P
,0.0001,914.9,4.49e-06,1779882228006,1.1,62.55,75720.4,BTC-29MAY26,75706.72,,75706.72,29MAY26,88000,,C,BTC-29MAY26-88000-C
0.0003,0.0006,352.6,0.0003606,1779882228006,0.2,50.23,76358.55,BTC-25SEP26,75706.72,0.00045,75706.72,25SEP26,170000,,C,BTC-25SEP26-170000-C
0.264,0.268,137.6,0.26569003,1779882228006,0.2,46.75,77058.86,BTC-25DEC26,75706.72,0.266,75706.72,25DEC26,60000,,C,BTC-25DEC26-60000-C
1.404,1.581,0.0,1.48847484,1779882228006,0.0,53.55,76358.55,BTC-25SEP26,75706.72,1.4925,75706.72,25SEP26,190000,,P,BTC-25SEP26-190000-P
0.0755,0.1145,0.0,0.10214026,1779882228006,0.0,52.4,75706.72,index_price,75706.72,0.095,75706.72,30MAY26,68000,,C,BTC-30MAY26-68000-C
0.0028,0.0031,1111.4,0.00292114,1779882228006,4.6,35.07,76002.92,BTC-31JUL26,75706.72,0.00295,75706.72,31JUL26,98000,,C,BTC-31JUL26-98000-C
0.0018,0.0022,96.7,0.00200646,1779882228006,1.2,45.7,75758.68,BTC-12JUN26,75706.72,0.002,75706.72,12JUN26,65000,,P,BTC-12JUN26-65000-P
,0.0001,200.1,1.8e-07,1779882228006,0.0,90.33,75850.56,BTC-26JUN26,75706.72,,75706.72,26JUN26,250000,,C,BTC-26JUN26-250000-C
,0.0001,297.8,4.71e-06,1779882228006,30.0,89.13,75720.64,BTC-29MAY26,75706.72,,75706.72,29MAY26,61000,,P,BTC-29MAY26-61000-P
0.046,0.047,1213.2,0.04665207,1779882228006,0.0,49.1,77743.91,BTC-26MAR27,75706.72,0.0465,75706.72,26MAR27,55000,,P,BTC-26MAR27-55000-P
0.021,0.022,94.7,0.0214128,1779882228006,13.3,33.89,76002.92,BTC-31JUL26,75706.72,0.0215,75706.72,31JUL26,84000,,C,BTC-31JUL26-84000-C
0.0815,0.086,15.0,0.08386383,1779882228006,7.3,31.92,75739.59,BTC-5JUN26,75706.72,0.08375,75706.72,5JUN26,82000,,P,BTC-5JUN26-82000-P
0.0845,0.0875,0.2,0.08635066,1779882228006,0.2,31.96,75758.68,BTC-12JUN26,75706.72,0.086,75706.72,12JUN26,82000,,P,BTC-12JUN26-82000-P
0.257,0.261,29.2,0.25845662,1779882228006,0.0,46.26,76358.79,BTC-25SEP26,75706.72,0.259,75706.72,25SEP26,58000,,C,BTC-25SEP26-58000-C
0.01,0.011,4.0,0.01031097,1779882228006,2.3,33.34,75706.72,index_price,75706.72,0.0105,75706.72,30MAY26,75500,,P,BTC-30MAY26-75500-P
,0.0001,1975.6,1.64e-06,1779882228006,0.0,89.14,75720.4,BTC-29MAY26,75706.72,,75706.72,29MAY26,60000,,P,BTC-29MAY26-60000-P
0.054,0.0555,2158.2,0.05487775,1779882228006,16.8,33.79,75850.56,BTC-26JUN26,75706.72,0.05475,75706.72,26JUN26,78000,,P,BTC-26JUN26-78000-P
0.4095,0.4175,0.0,0.41437695,1779882228006,0.0,41.58,77743.91,BTC-26MAR27,75706.72,0.4135,75706.72,26MAR27,106000,,P,BTC-26MAR27-106000-P
0.088,0.138,0.0,0.11548129,1779882228006,0.0,52.05,75731.34,SYN.BTC-31MAY26,75706.72,0.113,75706.72,31MAY26,67000,,C,BTC-31MAY26-67000-C
2.796,3.0715,0.0,2.92885583,1779882228006,0.0,64.66,76358.79,BTC-25SEP26,75706.72,2.93375,75706.72,25SEP26,300000,,P,BTC-25SEP26-300000-P
1.633,1.8295,0.0,1.72612764,1779882228006,0.0,50.68,77058.62,BTC-25DEC26,75706.72,1.73125,75706.72,25DEC26,210000,,P,BTC-25DEC26-210000-P
0.0023,0.0025,546.3,0.00239674,1779882228006,0.0,68.67,76358.55,BTC-25SEP26,75706.72,0.0024,75706.72,25SEP26,35000,,P,BTC-25SEP26-35000-P
0.0305,0.0315,180.5,0.03107595,1779882228006,2.1,42.74,76358.79,BTC-25SEP26,75706.72,0.031,75706.72,25SEP26,64000,,P,BTC-25SEP26-64000-P
0.7615,0.786,12.5,0.76905676,1779882228006,0.0,42.49,76358.55,BTC-25SEP26,75706.72,0.77375,75706.72,25SEP26,135000,,P,BTC-25SEP26-135000-P
0.1105,0.1115,5229.8,0.11089911,1779882228006,111.5,41.86,77058.86,BTC-25DEC26,75706.72,0.111,75706.72,25DEC26,80000,,C,BTC-25DEC26-80000-C
0.3865,0.3945,107.9,0.39103647,1779882228006,0.0,39.94,77058.86,BTC-25DEC26,75706.72,0.3905,75706.72,25DEC26,105000,,P,BTC-25DEC26-105000-P
0.0001,0.0002,1050.5,0.00014961,1779882228006,53.0,72.94,75720.64,BTC-29MAY26,75706.72,0.00015,75706.72,29MAY26,67000,,P,BTC-29MAY26-67000-P
0.0355,0.039,1.0,0.03738127,1779882228006,1.0,33.31,75720.4,BTC-29MAY26,75706.72,0.03725,75706.72,29MAY26,78500,,P,BTC-29MAY26-78500-P
1.5075,1.6955,0.0,1.5965111,1779882228006,0.0,49.44,77058.62,BTC-25DEC26,75706.72,1.6015,75706.72,25DEC26,200000,,P,BTC-25DEC26-200000-P
0.0005,0.0007,113.4,0.00062537,1779882228006,40.0,41.36,76002.92,BTC-31JUL26,75706.72,0.0006,75706.72,31JUL26,115000,,C,BTC-31JUL26-115000-C
0.0003,0.0004,3482.7,0.00035602,1779882228006,830.8,56.18,75720.64,BTC-29MAY26,75706.72,0.00035,75706.72,29MAY26,70000,,P,BTC-29MAY26-70000-P
0.0115,0.0135,11.2,0.01232287,1779882228006,11.2,34.4,75706.72,index_price,75706.72,0.0125,75706.72,28MAY26,75000,,C,BTC-28MAY26-75000-C
0.0003,0.0005,72.0,0.00040505,1779882228006,70.4,46.22,75706.72,index_price,75706.72,0.0004,75706.72,30MAY26,70000,,P,BTC-30MAY26-70000-P
0.0007,0.0009,137.5,0.00078485,1779882228006,28.9,46.93,75739.59,BTC-5JUN26,75706.72,0.0008,75706.72,5JUN26,66000,,P,BTC-5JUN26-66000-P
0.005,0.006,0.0,0.0054522,1779882228006,0.0,29.11,75731.365,SYN.BTC-31MAY26,75706.72,0.0055,75706.72,31MAY26,77000,,C,BTC-31MAY26-77000-C
1.132,1.296,0.0,1.20844757,1779882228006,0.0,46.57,77058.86,BTC-25DEC26,75706.72,1.214,75706.72,25DEC26,170000,,P,BTC-25DEC26-170000-P
0.29,0.294,2.8,0.29173411,1779882228006,0.0,47.52,77743.89,BTC-26MAR27,75706.72,0.292,75706.72,26MAR27,60000,,C,BTC-26MAR27-60000-C
,0.0001,344.0,5.3e-07,1779882228006,0.0,89.14,75720.4,BTC-29MAY26,75706.72,,75706.72,29MAY26,59000,,P,BTC-29MAY26-59000-P
0.114,0.1165,179.8,0.11531388,1779882228007,0.4,72.94,75720.4,BTC-29MAY26,75706.72,0.11525,75706.72,29MAY26,67000,,C,BTC-29MAY26-67000-C
0.0003,0.0004,650.7,0.00030835,1779882228007,1.9,34.29,75739.59,BTC-5JUN26,75706.72,0.00035,75706.72,5JUN26,85000,,C,BTC-5JUN26-85000-C
0.018,0.0185,255.0,0.01839228,1779882228007,214.4,34.71,75758.8,BTC-12JUN26,75706.72,0.01825,75706.72,12JUN26,74000,,P,BTC-12JUN26-74000-P
0.0047,0.0055,6.3,0.00494594,1779882228007,7.1,32.26,75706.72,index_price,75706.72,0.0051,75706.72,30MAY26,77000,,C,BTC-30MAY26-77000-C
0.161,0.1635,1056.3,0.16175894,1779882228007,0.3,43.15,77058.86,BTC-25DEC26,75706.72,0.16225,75706.72,25DEC26,72000,,C,BTC-25DEC26-72000-C
0.077,0.078,2430.1,0.0774259,1779882228007,50.9,37.9,76358.79,BTC-25SEP26,75706.72,0.0775,75706.72,25SEP26,78000,,C,BTC-25SEP26-78000-C
0.029,0.0295,295.6,0.02934026,1779882228007,204.4,33.31,75758.68,BTC-12JUN26,75706.72,0.02925,75706.72,12JUN26,76000,,P,BTC-12JUN26-76000-P
0.01,0.0105,3192.3,0.01028912,1779882228007,19.0,59.08,77058.86,BTC-25DEC26,75706.72,0.01025,75706.72,25DEC26,40000,,P,BTC-25DEC26-40000-P
0.033,0.034,11.0,0.03339124,1779882228007,0.2,33.98,75758.68,BTC-12JUN26,75706.72,0.0335,75706.72,12JUN26,75000,,C,BTC-12JUN26-75000-C
0.0065,0.007,956.1,0.00671118,1779882228007,4.6,41.96,77058.86,BTC-25DEC26,75706.72,0.00675,75706.72,25DEC26,135000,,C,BTC-25DEC26-135000-C
0.042,0.045,659.3,0.04371187,1779882228007,3.5,34.05,75720.4,BTC-29MAY26,75706.72,0.0435,75706.72,29MAY26,79000,,P,BTC-29MAY26-79000-P
0.032,0.033,807.9,0.03234081,1779882228007,12.5,34.32,76002.92,BTC-31JUL26,75706.72,0.0325,75706.72,31JUL26,81000,,C,BTC-31JUL26-81000-C
0.0105,0.0115,0.2,0.01101286,1779882228007,0.2,30.53,75731.34,SYN.BTC-31MAY26,75706.72,0.011,75706.72,31MAY26,75500,,P,BTC-31MAY26-75500-P
0.2855,0.2885,0.0,0.28684882,1779882228007,0.0,89.14,75720.4,BTC-29MAY26,75706.72,0.287,75706.72,29MAY26,54000,,C,BTC-29MAY26-54000-C
,0.0001,891.6,8.91e-05,1779882228009,38.2,66.68,75850.56,BTC-26JUN26,75706.72,,75706.72,26JUN26,135000,,C,BTC-26JUN26-135000-C
0.053,0.054,537.7,0.05341316,1779882228009,32.0,35.33,76002.68,BTC-31JUL26,75706.72,0.0535,75706.72,31JUL26,77000,,C,BTC-31JUL26-77000-C
0.0005,0.0007,955.3,0.00059527,1779882228009,0.2,49.04,75739.59,BTC-5JUN26,75706.72,0.0006,75706.72,5JUN26,65000,,P,BTC-5JUN26-65000-P
0.026,0.0265,57.6,0.02616349,1779882228009,2.8,33.31,75758.68,BTC-12JUN26,75706.72,0.02625,75706.72,12JUN26,76000,,C,BTC-12JUN26-76000-C
0.375,0.3825,0.0,0.37966556,1779882228009,0.0,39.93,77058.86,BTC-25DEC26,75706.72,0.37875,75706.72,25DEC26,104000,,P,BTC-25DEC26-104000-P
0.186,0.19,545.0,0.18855892,1779882228009,0.0,41.07,77058.86,BTC-25DEC26,75706.72,0.188,75706.72,25DEC26,85000,,P,BTC-25DEC26-85000-P
0.0038,0.0042,189.6,0.00397573,1779882228009,52.4,31.96,75758.68,BTC-12JUN26,75706.72,0.004,75706.72,12JUN26,82000,,C,BTC-12JUN26-82000-C
0.178,0.181,47.0,0.17998424,1779882228009,1.1,41.13,77058.86,BTC-25DEC26,75706.72,0.1795,75706.72,25DEC26,84000,,P,BTC-25DEC26-84000-P
0.246,0.2725,0.0,0.24722935,1779882228009,0.0,89.14,75720.64,BTC-29MAY26,75706.72,0.25925,75706.72,29MAY26,57000,,C,BTC-29MAY26-57000-C
0.0185,0.019,816.6,0.01855746,1779882228009,57.7,33.8,76002.92,BTC-31JUL26,75706.72,0.01875,75706.72,31JUL26,85000,,C,BTC-31JUL26-85000-C
0.0001,0.0002,619.4,0.00013821,1779882228009,13.0,38.84,75739.59,BTC-5JUN26,75706.72,0.00015,75706.72,5JUN26,88000,,C,BTC-5JUN26-88000-C
0.146,0.149,48.9,0.14746835,1779882228009,1.3,36.85,76358.79,BTC-25SEP26,75706.72,0.1475,75706.72,25SEP26,84000,,P,BTC-25SEP26-84000-P
0.0075,0.008,8.0,0.00781465,1779882228009,8.0,29.71,75731.34,SYN.BTC-31MAY26,75706.72,0.00775,75706.72,31MAY26,76500,,C,BTC-31MAY26-76500-C
1.2385,1.4165,0.0,1.32038232,1779882228009,0.0,45.72,77743.91,BTC-26MAR27,75706.72,1.3275,75706.72,26MAR27,180000,,P,BTC-26MAR27-180000-P
3.331,3.6445,0.0,3.48253842,1779882228009,0.0,102.06,75850.56,BTC-26JUN26,75706.72,3.48775,75706.72,26JUN26,340000,,P,BTC-26JUN26-340000-P
1.1015,1.254,0.5,1.17536111,1779882228009,0.0,75.18,75850.56,BTC-26JUN26,75706.72,1.17775,75706.72,26JUN26,165000,,P,BTC-26JUN26-165000-P
0.1345,0.16,0.0,0.15682817,1779882228009,0.0,47.3,75758.68,BTC-12JUN26,75706.72,0.14725,75706.72,12JUN26,64000,,C,BTC-12JUN26-64000-C
0.34,0.347,0.1,0.34383785,1779882228009,0.0,36.06,76002.68,BTC-31JUL26,75706.72,0.3435,75706.72,31JUL26,102000,,P,BTC-31JUL26-102000-P
0.214,0.2195,0.4,0.21722661,1779882228009,0.0,34.07,76002.92,BTC-31JUL26,75706.72,0.21675,75706.72,31JUL26,92000,,P,BTC-31JUL26-92000-P
0.0006,0.0009,758.1,0.00073321,1779882228009,0.2,46.8,76358.55,BTC-25SEP26,75706.72,0.00075,75706.72,25SEP26,150000,,C,BTC-25SEP26-150000-C
0.008,0.009,0.0,0.00847953,1779882228009,0.0,31.24,75731.34,SYN.BTC-31MAY26,75706.72,0.0085,75706.72,31MAY26,75000,,P,BTC-31MAY26-75000-P
0.0004,0.0006,334.0,0.00047413,1779882228009,165.0,33.38,75739.59,BTC-5JUN26,75706.72,0.0005,75706.72,5JUN26,84000,,C,BTC-5JUN26-84000-C
0.11,0.1345,0.0,0.13132455,1779882228009,0.0,44.09,75758.68,BTC-12JUN26,75706.72,0.12225,75706.72,12JUN26,66000,,C,BTC-12JUN26-66000-C
0.643,0.652,75.4,0.6481175,1779882228009,0.0,60.51,75850.56,BTC-26JUN26,75706.72,0.6475,75706.72,26JUN26,125000,,P,BTC-26JUN26-125000-P
1.0875,1.242,0.0,1.16128673,1779882228009,0.0,49.44,76358.79,BTC-25SEP26,75706.72,1.16475,75706.72,25SEP26,165000,,P,BTC-25SEP26-165000-P
0.2345,0.238,233.0,0.23581136,1779882228009,0.0,44.94,76358.79,BTC-25SEP26,75706.72,0.23625,75706.72,25SEP26,60000,,C,BTC-25SEP26-60000-C
0.4415,0.449,116.7,0.44548273,1779882228009,0.0,37.65,76358.79,BTC-25SEP26,75706.72,0.44525,75706.72,25SEP26,110000,,P,BTC-25SEP26-110000-P
3.9865,4.028,0.2,4.00989586,1779882228009,0.0,102.24,75850.56,BTC-26JUN26,75706.72,4.00725,75706.72,26JUN26,380000,,P,BTC-26JUN26-380000-P
0.008,0.0085,1514.2,0.00825127,1779882228009,0.0,41.44,77058.86,BTC-25DEC26,75706.72,0.00825,75706.72,25DEC26,130000,,C,BTC-25DEC26-130000-C
,0.0002,248.5,9.386e-05,1779882228009,0.0,61.2,76358.79,BTC-25SEP26,75706.72,,75706.72,25SEP26,240000,,C,BTC-25SEP26-240000-C
0.125,0.128,30.8,0.12664197,1779882228009,0.0,33.89,76003.15,BTC-31JUL26,75706.72,0.1265,75706.72,31JUL26,84000,,P,BTC-31JUL26-84000-P
0.089,0.091,64.0,0.08994936,1779882228009,0.0,42.14,77743.91,BTC-26MAR27,75706.72,0.09,75706.72,26MAR27,92000,,C,BTC-26MAR27-92000-C
0.0048,0.0055,52.4,0.00511416,1779882228010,53.4,33.52,75706.72,index_price,75706.72,0.00515,75706.72,28MAY26,75500,,P,BTC-28MAY26-75500-P
0.005,0.0055,544.4,0.00539845,1779882228010,60.2,31.47,75739.59,BTC-5JUN26,75706.72,0.00525,75706.72,5JUN26,79000,,C,BTC-5JUN26-79000-C
0.366,0.373,0.0,0.369767,1779882228010,0.0,36.54,76002.68,BTC-31JUL26,75706.72,0.3695,75706.72,31JUL26,104000,,P,BTC-31JUL26-104000-P
0.0048,0.051,0.0,0.02698521,1779882228010,0.0,35.71,75706.72,index_price,75706.72,0.0279,75706.72,30MAY26,74000,,C,BTC-30MAY26-74000-C
0.309,0.314,0.4,0.31129163,1779882228010,0.0,41.9,77743.91,BTC-26MAR27,75706.72,0.3115,75706.72,26MAR27,96000,,P,BTC-26MAR27-96000-P
0.056,0.058,610.4,0.05675407,1779882228010,0.3,38.52,75720.4,BTC-29MAY26,75706.72,0.057,75706.72,29MAY26,80000,,P,BTC-29MAY26-80000-P
0.505,0.5135,91.7,0.50939113,1779882228010,0.0,38.35,76358.79,BTC-25SEP26,75706.72,0.50925,75706.72,25SEP26,115000,,P,BTC-25SEP26-115000-P
0.21,0.213,445.2,0.21152683,1779882228010,0.0,49.5,75850.71,BTC-26JUN26,75706.72,0.2115,75706.72,26JUN26,60000,,C,BTC-26JUN26-60000-C
0.0965,0.0975,1810.8,0.09700517,1779882228010,0.0,38.68,76358.79,BTC-25SEP26,75706.72,0.097,75706.72,25SEP26,75000,,C,BTC-25SEP26-75000-C
0.379,0.386,0.0,0.38278196,1779882228010,0.0,36.84,76002.92,BTC-31JUL26,75706.72,0.3825,75706.72,31JUL26,105000,,P,BTC-31JUL26-105000-P
,0.0001,554.4,1.47e-06,1779882228010,0.0,77.96,75850.56,BTC-26JUN26,75706.72,,75706.72,26JUN26,190000,,C,BTC-26JUN26-190000-C
0.084,0.085,275.8,0.08432023,1779882228010,5.0,46.16,77743.91,BTC-26MAR27,75706.72,0.0845,75706.72,26MAR27,65000,,P,BTC-26MAR27-65000-P
0.1485,0.152,100.2,0.15016213,1779882228010,100.2,40.82,76002.92,BTC-31JUL26,75706.72,0.15025,75706.72,31JUL26,66000,,C,BTC-31JUL26-66000-C
0.0007,0.0011,150.6,0.00092854,1779882228010,1.2,50.68,77058.86,BTC-25DEC26,75706.72,0.0009,75706.72,25DEC26,210000,,C,BTC-25DEC26-210000-C
0.0575,0.059,215.8,0.05816429,1779882228010,0.0,40.24,77058.86,BTC-25DEC26,75706.72,0.05825,75706.72,25DEC26,92000,,C,BTC-25DEC26-92000-C
2.0365,2.258,0.0,2.143162,1779882228010,0.0,61.2,76358.79,BTC-25SEP26,75706.72,2.14725,75706.72,25SEP26,240000,,P,BTC-25SEP26-240000-P
0.005,0.0055,48.5,0.0051994,1779882228010,33.3,33.23,75720.4,BTC-29MAY26,75706.72,0.00525,75706.72,29MAY26,76500,,C,BTC-29MAY26-76500-C
,0.0002,2729.2,0.00014157,1779882228010,35.6,56.75,75850.56,BTC-26JUN26,75706.72,,75706.72,26JUN26,120000,,C,BTC-26JUN26-120000-C
0.0965,0.0985,392.4,0.09748287,1779882228010,0.1,42.28,77743.91,BTC-26MAR27,75706.72,0.0975,75706.72,26MAR27,90000,,C,BTC-26MAR27-90000-C
0.127,0.13,322.1,0.12852046,1779882228010,0.7,80.82,75720.64,BTC-29MAY26,75706.72,0.1285,75706.72,29MAY26,66000,,C,BTC-29MAY26-66000-C
0.1075,0.111,91.1,0.10939582,1779882228010,1.3,54.87,75720.64,BTC-29MAY26,75706.72,0.10925,75706.72,29MAY26,84000,,P,BTC-29MAY26-84000-P
0.0215,0.0225,897.9,0.02204782,1779882228010,104.5,32.61,75739.59,BTC-5JUN26,75706.72,0.022,75706.72,5JUN26,76000,,P,BTC-5JUN26-76000-P
0.2595,0.2645,151.5,0.26208237,1779882228010,0.0,36.46,76358.79,BTC-25SEP26,75706.72,0.262,75706.72,25SEP26,95000,,P,BTC-25SEP26-95000-P
0.08,0.0815,121.1,0.0808412,1779882228010,0.0,40.87,77058.86,BTC-25DEC26,75706.72,0.08075,75706.72,25DEC26,86000,,C,BTC-25DEC26-86000-C
0.992,1.1565,0.0,1.0660146,1779882228010,0.0,43.89,77743.67,BTC-26MAR27,75706.72,1.07425,75706.72,26MAR27,160000,,P,BTC-26MAR27-160000-P
0.147,0.1495,27.0,0.14754223,1779882228010,1.0,42.73,77058.62,BTC-25DEC26,75706.72,0.14825,75706.72,25DEC26,74000,,C,BTC-25DEC26-74000-C
0.0175,0.019,0.0,0.01813656,1779882228010,0.0,31.24,75731.365,SYN.BTC-31MAY26,75706.72,0.01825,75706.72,31MAY26,75000,,C,BTC-31MAY26-75000-C
0.0002,0.0003,1647.3,0.0002479,1779882228010,0.0,85.63,75850.56,BTC-26JUN26,75706.72,0.00025,75706.72,26JUN26,40000,,P,BTC-26JUN26-40000-P
0.0425,0.0435,54.6,0.04304147,1779882228010,1.4,36.9,76002.92,BTC-31JUL26,75706.72,0.043,75706.72,31JUL26,73000,,P,BTC-31JUL26-73000-P
0.0205,0.049,0.0,0.03878063,1779882228010,0.0,34.58,75731.34,SYN.BTC-31MAY26,75706.72,0.03475,75706.72,31MAY26,73000,,C,BTC-31MAY26-73000-C
0.0003,0.0005,0.0,0.00040578,1779882228010,0.0,45.88,75731.34,SYN.BTC-31MAY26,75706.72,0.0004,75706.72,31MAY26,69000,,P,BTC-31MAY26-69000-P
0.0175,0.0185,600.8,0.01803142,1779882228010,6.5,46.26,76358.79,BTC-25SEP26,75706.72,0.018,75706.72,25SEP26,58000,,P,BTC-25SEP26-58000-P
0.3265,0.3305,9.8,0.32824071,1779882228010,0.0,49.53,77058.62,BTC-25DEC26,75706.72,0.3285,75706.72,25DEC26,54000,,C,BTC-25DEC26-54000-C
0.01,0.011,0.0,0.01061646,1779882228010,0.0,30.01,75731.34,SYN.BTC-31MAY26,75706.72,0.0105,75706.72,31MAY26,76000,,C,BTC-31MAY26-76000-C
2.821,3.0975,0.0,2.95518097,1779882228010,0.0,95.76,75850.56,BTC-26JUN26,75706.72,2.95925,75706.72,26JUN26,300000,,P,BTC-26JUN26-300000-P
0.0011,0.0013,941.6,0.00108338,1779882228010,0.4,49.44,77058.62,BTC-25DEC26,75706.72,0.0012,75706.72,25DEC26,200000,,C,BTC-25DEC26-200000-C
0.237,0.245,1.6,0.24141132,1779882228010,0.0,62.56,75720.64,BTC-29MAY26,75706.72,0.241,75706.72,29MAY26,94000,,P,BTC-29MAY26-94000-P
0.0495,0.052,1.0,0.05075504,1779882228010,0.0,35.52,75758.68,BTC-12JUN26,75706.72,0.05075,75706.72,12JUN26,73000,,C,BTC-12JUN26-73000-C
0.0016,0.0019,1.2,0.00171083,1779882228010,1.2,29.16,75731.34,SYN.BTC-31MAY26,75706.72,0.00175,75706.72,31MAY26,78500,,C,BTC-31MAY26-78500-C
,0.0001,1689.6,0.0,1779882228010,0.0,62.56,75720.64,BTC-29MAY26,75706.72,,75706.72,29MAY26,95000,,C,BTC-29MAY26-95000-C
0.046,0.0525,0.0,0.05005454,1779882228010,0.0,39.91,75706.72,index_price,75706.72,0.04925,75706.72,28MAY26,79500,,P,BTC-28MAY26-79500-P
0.0055,0.006,290.4,0.0057773,1779882228010,23.8,36.81,75739.59,BTC-5JUN26,75706.72,0.00575,75706.72,5JUN26,72000,,P,BTC-5JUN26-72000-P
0.136,0.1405,29.3,0.13806631,1779882228010,0.2,32.94,75850.32,BTC-26JUN26,75706.72,0.13825,75706.72,26JUN26,86000,,P,BTC-26JUN26-86000-P
,0.0001,1968.7,4.954e-05,1779882228010,66.3,54.87,75720.4,BTC-29MAY26,75706.72,,75706.72,29MAY26,84000,,C,BTC-29MAY26-84000-C
,0.0001,248.8,1.776e-05,1779882228010,0.0,66.78,76358.79,BTC-25SEP26,75706.72,,75706.72,25SEP26,320000,,C,BTC-25SEP26-320000-C
0.319,0.3225,11.3,0.32065034,1779882228010,0.1,62.56,75720.64,BTC-29MAY26,75706.72,0.32075,75706.72,29MAY26,100000,,P,BTC-29MAY26-100000-P
0.4295,0.433,48.3,0.43102498,1779882228010,0.0,55.13,77058.86,BTC-25DEC26,75706.72,0.43125,75706.72,25DEC26,45000,,C,BTC-25DEC26-45000-C
0.0047,0.054,0.1,0.02667409,1779882228010,0.0,31.6,75706.72,index_price,75706.72,0.02935,75706.72,30MAY26,77500,,P,BTC-30MAY26-77500-P
,0.0001,174.2,1e-08,1779882228010,0.0,102.24,75850.32,BTC-26JUN26,75706.72,,75706.72,26JUN26,360000,,C,BTC-26JUN26-360000-C
0.0525,0.054,723.3,0.05322628,1779882228010,1.0,35.38,75850.56,BTC-26JUN26,75706.72,0.05325,75706.72,26JUN26,74000,,C,BTC-26JUN26-74000-C
,0.0001,1091.1,2.419e-05,1779882228010,12.2,61.49,75720.64,BTC-29MAY26,75706.72,,75706.72,29MAY26,86000,,C,BTC-29MAY26-86000-C
0.0006,0.0009,171.6,0.00073786,1779882228010,19.0,32.5,75739.59,BTC-5JUN26,75706.72,0.00075,75706.72,5JUN26,83000,,C,BTC-5JUN26-83000-C
0.075,0.076,266.3,0.07558666,1779882228010,11.0,44.21,77058.86,BTC-25DEC26,75706.72,0.0755,75706.72,25DEC26,68000,,P,BTC-25DEC26-68000-P
0.0135,0.0145,241.9,0.01401213,1779882228010,56.2,33.84,76002.68,BTC-31JUL26,75706.72,0.014,75706.72,31JUL26,87000,,C,BTC-31JUL26-87000-C
0.327,0.334,0.2,0.33101983,1779882228010,0.0,41.8,77743.91,BTC-26MAR27,75706.72,0.3305,75706.72,26MAR27,98000,,P,BTC-26MAR27-98000-P
0.5035,0.5125,1.7,0.50907714,1779882228010,0.0,40.24,77058.86,BTC-25DEC26,75706.72,0.508,75706.72,25DEC26,115000,,P,BTC-25DEC26-115000-P
0.005,0.0055,830.7,0.00518789,1779882228010,4.9,34.54,76002.92,BTC-31JUL26,75706.72,0.00525,75706.72,31JUL26,94000,,C,BTC-31JUL26-94000-C
0.047,0.048,667.4,0.04739511,1779882228010,10.6,36.85,76358.55,BTC-25SEP26,75706.72,0.0475,75706.72,25SEP26,84000,,C,BTC-25SEP26-84000-C
0.016,0.0195,0.0,0.0176481,1779882228010,0.0,36.04,75706.72,index_price,75706.72,0.01775,75706.72,28MAY26,74500,,C,BTC-28MAY26-74500-C
0.3525,0.3605,0.0,0.35719245,1779882228010,0.0,39.93,77058.86,BTC-25DEC26,75706.72,0.3565,75706.72,25DEC26,102000,,P,BTC-25DEC26-102000-P
0.0025,0.0029,0.1,0.00271445,1779882228010,0.1,34.58,75731.34,SYN.BTC-31MAY26,75706.72,0.0027,75706.72,31MAY26,73000,,P,BTC-31MAY26-73000-P
0.0003,0.0006,131.6,0.00042739,1779882228010,0.0,49.44,76358.79,BTC-25SEP26,75706.72,0.00045,75706.72,25SEP26,165000,,C,BTC-25SEP26-165000-C
,0.0001,50.5,8e-08,1779882228010,36.3,45.81,75706.72,index_price,75706.72,,75706.72,28MAY26,83000,,C,BTC-28MAY26-83000-C
0.0945,0.0975,84.7,0.09619822,1779882228010,0.0,50.08,75720.4,BTC-29MAY26,75706.72,0.096,75706.72,29MAY26,83000,,P,BTC-29MAY26-83000-P
0.0335,0.0345,643.6,0.03408195,1779882228010,4.1,42.3,76358.79,BTC-25SEP26,75706.72,0.034,75706.72,25SEP26,65000,,P,BTC-25SEP26-65000-P
0.2425,0.2455,0.0,0.24391213,1779882228010,0.0,47.37,76002.92,BTC-31JUL26,75706.72,0.244,75706.72,31JUL26,58000,,C,BTC-31JUL26-58000-C
1.1145,1.285,0.1,1.19264768,1779882228010,0.0,44.42,77743.91,BTC-26MAR27,75706.72,1.19975,75706.72,26MAR27,170000,,P,BTC-26MAR27-170000-P
0.1935,0.198,0.0,0.19557992,1779882228010,0.0,43.81,76002.68,BTC-31JUL26,75706.72,0.19575,75706.72,31JUL26,62000,,C,BTC-31JUL26-62000-C
1.0245,1.1745,0.6,1.09587757,1779882228010,0.0,48.5,76358.79,BTC-25SEP26,75706.72,1.0995,75706.72,25SEP26,160000,,P,BTC-25SEP26-160000-P
0.113,0.1145,719.1,0.11371257,1779882228010,3.0,37.44,76358.79,BTC-25SEP26,75706.72,0.11375,75706.72,25SEP26,80000,,P,BTC-25SEP26-80000-P
0.0011,0.0013,0.9,0.00113799,1779882228010,0.9,29.46,75731.34,SYN.BTC-31MAY26,75706.72,0.0012,75706.72,31MAY26,79000,,C,BTC-31MAY26-79000-C
,0.0001,722.6,1e-08,1779882228010,0.0,89.14,75720.4,BTC-29MAY26,75706.72,,75706.72,29MAY26,56000,,P,BTC-29MAY26-56000-P
0.312,0.3355,0.0,0.31326183,1779882228010,0.0,90.51,75720.4,BTC-29MAY26,75706.72,0.32375,75706.72,29MAY26,52000,,C,BTC-29MAY26-52000-C
0.011,0.0115,3477.8,0.01112814,1779882228010,41.6,32.85,75850.56,BTC-26JUN26,75706.72,0.01125,75706.72,26JUN26,82000,,C,BTC-26JUN26-82000-C
,0.0001,451.3,1.64e-06,1779882228010,2.0,62.56,75720.4,BTC-29MAY26,75706.72,,75706.72,29MAY26,89000,,C,BTC-29MAY26-89000-C
0.0002,0.0006,751.7,0.00027235,1779882228010,0.0,51.92,76358.79,BTC-25SEP26,75706.72,0.0004,75706.72,25SEP26,180000,,C,BTC-25SEP26-180000-C
0.253,0.258,14.0,0.25513979,1779882228010,0.0,42.28,77743.67,BTC-26MAR27,75706.72,0.2555,75706.72,26MAR27,90000,,P,BTC-26MAR27-90000-P
0.263,0.272,0.7,0.26782432,1779882228010,0.0,62.56,75720.4,BTC-29MAY26,75706.72,0.2675,75706.72,29MAY26,96000,,P,BTC-29MAY26-96000-P
,0.0001,1932.2,5.7e-07,1779882228010,0.0,62.56,75720.4,BTC-29MAY26,75706.72,,75706.72,29MAY26,90000,,C,BTC-29MAY26-90000-C
0.0865,0.092,0.0,0.08868126,1779882228010,0.0,67.53,75706.72,index_price,75706.72,0.08925,75706.72,28MAY26,69000,,C,BTC-28MAY26-69000-C
0.0215,0.0265,0.0,0.02350812,1779882228010,0.0,37.71,75706.72,index_price,75706.72,0.024,75706.72,28MAY26,74000,,C,BTC-28MAY26-74000-C
0.1855,0.191,1685.2,0.18827595,1779882228010,0.0,34.19,75850.56,BTC-26JUN26,75706.72,0.18825,75706.72,26JUN26,90000,,P,BTC-26JUN26-90000-P
0.0365,0.0375,1098.5,0.03684507,1779882228010,38.8,34.51,76002.68,BTC-31JUL26,75706.72,0.037,75706.72,31JUL26,80000,,C,BTC-31JUL26-80000-C
0.063,0.064,280.9,0.06350108,1779882228010,0.4,47.52,77743.91,BTC-26MAR27,75706.72,0.0635,75706.72,26MAR27,60000,,P,BTC-26MAR27-60000-P
1.803,2.006,0.2,1.90046671,1779882228010,0.0,86.18,75850.56,BTC-26JUN26,75706.72,1.9045,75706.72,26JUN26,220000,,P,BTC-26JUN26-220000-P
0.218,0.221,0.0,0.21937052,1779882228010,0.0,45.38,76002.92,BTC-31JUL26,75706.72,0.2195,75706.72,31JUL26,60000,,C,BTC-31JUL26-60000-C
0.2495,0.2575,0.0,0.25436857,1779882228010,0.0,52.06,75739.59,BTC-5JUN26,75706.72,0.2535,75706.72,5JUN26,95000,,P,BTC-5JUN26-95000-P
0.218,0.2205,217.9,0.21857139,1779882228010,0.1,44.97,77058.82,BTC-25DEC26,75706.72,0.21925,75706.72,25DEC26,65000,,C,BTC-25DEC26-65000-C
0.0195,0.021,0.2,0.02027244,1779882228010,0.2,36.49,75720.4,BTC-29MAY26,75706.72,0.02025,75706.72,29MAY26,74500,,C,BTC-29MAY26-74500-C
,0.0002,0.0,4.514e-05,1779882228010,0.0,41.41,75731.34,SYN.BTC-31MAY26,75706.72,,75706.72,31MAY26,85000,,C,BTC-31MAY26-85000-C
0.2665,0.2705,0.0,0.2687118,1779882228010,0.0,49.21,76002.92,BTC-31JUL26,75706.72,0.2685,75706.72,31JUL26,56000,,C,BTC-31JUL26-56000-C
0.0011,0.0017,989.2,0.00136917,1779882228010,0.2,48.5,77058.86,BTC-25DEC26,75706.72,0.0014,75706.72,25DEC26,190000,,C,BTC-25DEC26-190000-C
0.379,0.3855,104.4,0.38240746,1779882228010,0.0,36.96,76358.55,BTC-25SEP26,75706.72,0.38225,75706.72,25SEP26,105000,,P,BTC-25SEP26-105000-P
0.0085,0.009,140.4,0.00882281,1779882228010,2.6,45.38,76002.92,BTC-31JUL26,75706.72,0.00875,75706.72,31JUL26,60000,,P,BTC-31JUL26-60000-P
0.0125,0.0135,1004.4,0.01282188,1779882228010,301.0,32.03,75739.59,BTC-5JUN26,75706.72,0.013,75706.72,5JUN26,77000,,C,BTC-5JUN26-77000-C
1.8845,2.098,0.0,1.98539894,1779882228010,0.0,52.61,77058.86,BTC-25DEC26,75706.72,1.99125,75706.72,25DEC26,230000,,P,BTC-25DEC26-230000-P
0.119,0.121,1593.5,0.11957791,1779882228010,0.4,39.61,76358.79,BTC-25SEP26,75706.72,0.12,75706.72,25SEP26,72000,,C,BTC-25SEP26-72000-C
0.697,0.725,21.9,0.7039039,1779882228010,0.0,41.55,76358.79,BTC-25SEP26,75706.72,0.711,75706.72,25SEP26,130000,,P,BTC-25SEP26-130000-P
0.032,0.085,0.2,0.0567958,1779882228010,0.2,32.53,75706.72,index_price,75706.72,0.0585,75706.72,30MAY26,80000,,P,BTC-30MAY26-80000-P
0.0525,0.0535,1522.3,0.05286036,1779882228010,6.5,40.26,76358.55,BTC-25SEP26,75706.72,0.053,75706.72,25SEP26,70000,,P,BTC-25SEP26-70000-P
,0.0001,892.0,0.0,1779882228010,0.0,62.56,75720.4,BTC-29MAY26,75706.72,,75706.72,29MAY26,105000,,C,BTC-29MAY26-105000-C
0.058,0.0605,114.8,0.05959822,1779882228010,50.3,31.49,75739.59,BTC-5JUN26,75706.72,0.05925,75706.72,5JUN26,80000,,P,BTC-5JUN26-80000-P
0.01,0.011,1267.8,0.01045122,1779882228010,0.0,43.09,77743.91,BTC-26MAR27,75706.72,0.0105,75706.72,26MAR27,150000,,C,BTC-26MAR27-150000-C
0.0145,0.015,2140.8,0.01499622,1779882228010,3.2,55.13,77058.86,BTC-25DEC26,75706.72,0.01475,75706.72,25DEC26,45000,,P,BTC-25DEC26-45000-P
0.0001,0.0002,2477.4,0.00014178,1779882228010,18.4,52.08,75850.56,BTC-26JUN26,75706.72,0.00015,75706.72,26JUN26,115000,,C,BTC-26JUN26-115000-C
0.0018,0.0021,131.0,0.00190971,1779882228010,51.6,32.27,75758.68,BTC-12JUN26,75706.72,0.00195,75706.72,12JUN26,84000,,C,BTC-12JUN26-84000-C
0.009,0.01,1905.2,0.00956309,1779882228010,14.9,39.64,75850.56,BTC-26JUN26,75706.72,0.0095,75706.72,26JUN26,68000,,P,BTC-26JUN26-68000-P
,0.0001,1628.7,1e-08,1779882228010,0.0,62.56,75720.4,BTC-29MAY26,75706.72,,75706.72,29MAY26,94000,,C,BTC-29MAY26-94000-C
0.0875,0.0905,526.4,0.08900646,1779882228010,6.1,61.64,75720.4,BTC-29MAY26,75706.72,0.089,75706.72,29MAY26,69000,,C,BTC-29MAY26-69000-C
0.068,0.1215,0.0,0.08294607,1779882228010,0.0,34.88,75731.34,SYN.BTC-31MAY26,75706.72,0.09475,75706.72,31MAY26,82000,,P,BTC-31MAY26-82000-P
0.024,0.0265,1116.7,0.02554829,1779882228010,50.5,37.47,75720.64,BTC-29MAY26,75706.72,0.02525,75706.72,29MAY26,74000,,C,BTC-29MAY26-74000-C
0.0007,0.0009,8.6,0.00080364,1779882228010,4.6,31.63,75706.72,index_price,75706.72,0.0008,75706.72,30MAY26,79000,,C,BTC-30MAY26-79000-C
0.0027,0.003,2757.3,0.00282954,1779882228010,790.2,37.47,75720.4,BTC-29MAY26,75706.72,0.00285,75706.72,29MAY26,74000,,P,BTC-29MAY26-74000-P
0.068,0.0715,501.5,0.0698634,1779882228010,1.0,42.37,75720.4,BTC-29MAY26,75706.72,0.06975,75706.72,29MAY26,81000,,P,BTC-29MAY26-81000-P
3.076,3.371,0.0,3.2188597,1779882228010,0.0,99.84,75850.56,BTC-26JUN26,75706.72,3.2235,75706.72,26JUN26,320000,,P,BTC-26JUN26-320000-P
0.2065,0.209,172.8,0.20761144,1779882228010,0.0,89.14,75720.4,BTC-29MAY26,75706.72,0.20775,75706.72,29MAY26,60000,,C,BTC-29MAY26-60000-C
,0.0002,279.7,0.00013252,1779882228010,0.0,58.64,76358.55,BTC-25SEP26,75706.72,,75706.72,25SEP26,220000,,C,BTC-25SEP26-220000-C
0.05,0.052,15.4,0.05091542,1779882228010,0.0,41.58,77743.92,BTC-26MAR27,75706.72,0.051,75706.72,26MAR27,106000,,C,BTC-26MAR27-106000-C
0.011,0.012,4087.0,0.01147982,1779882228010,70.6,36.68,76358.79,BTC-25SEP26,75706.72,0.0115,75706.72,25SEP26,100000,,C,BTC-25SEP26-100000-C
0.0695,0.0715,18.6,0.07046007,1779882228010,0.0,41.8,77743.91,BTC-26MAR27,75706.72,0.0705,75706.72,26MAR27,98000,,C,BTC-26MAR27-98000-C
0.0065,0.007,272.0,0.00673311,1779882228010,11.1,34.07,76002.92,BTC-31JUL26,75706.72,0.00675,75706.72,31JUL26,92000,,C,BTC-31JUL26-92000-C
0.0225,0.0255,12.0,0.02407292,1779882228010,0.2,32.45,75706.72,index_price,75706.72,0.024,75706.72,28MAY26,77500,,P,BTC-28MAY26-77500-P
0.021,0.022,3375.8,0.0215784,1779882228010,2.8,44.94,76358.55,BTC-25SEP26,75706.72,0.0215,75706.72,25SEP26,60000,,P,BTC-25SEP26-60000-P
0.0011,0.0014,969.0,0.00120608,1779882228010,21.7,31.92,75739.59,BTC-5JUN26,75706.72,0.00125,75706.72,5JUN26,82000,,C,BTC-5JUN26-82000-C
,0.0001,10.6,1.936e-05,1779882228010,10.0,67.53,75706.72,index_price,75706.72,,75706.72,28MAY26,69000,,P,BTC-28MAY26-69000-P
0.095,0.097,369.3,0.09611292,1779882228010,0.3,43.15,77058.62,BTC-25DEC26,75706.72,0.096,75706.72,25DEC26,72000,,P,BTC-25DEC26-72000-P
,0.0001,461.8,3.101e-05,1779882228010,9.2,89.13,75720.4,BTC-29MAY26,75706.72,,75706.72,29MAY26,63000,,P,BTC-29MAY26-63000-P
0.3275,0.3315,1.0,0.32949402,1779882228010,0.0,48.8,77743.91,BTC-26MAR27,75706.72,0.3295,75706.72,26MAR27,56000,,C,BTC-26MAR27-56000-C
0.0065,0.007,977.1,0.00696828,1779882228010,113.7,32.86,75850.56,BTC-26JUN26,75706.72,0.00675,75706.72,26JUN26,84000,,C,BTC-26JUN26-84000-C
0.0039,0.0042,38.8,0.00404642,1779882228010,36.7,41.23,75758.8,BTC-12JUN26,75706.72,0.00405,75706.72,12JUN26,68000,,P,BTC-12JUN26-68000-P
0.0285,0.029,1521.8,0.02883758,1779882228010,248.6,35.38,75850.56,BTC-26JUN26,75706.72,0.02875,75706.72,26JUN26,74000,,P,BTC-26JUN26-74000-P
0.115,0.118,26.6,0.11664076,1779882228010,0.0,33.95,76002.92,BTC-31JUL26,75706.72,0.1165,75706.72,31JUL26,83000,,P,BTC-31JUL26-83000-P
0.1175,0.129,0.0,0.12257805,1779882228010,0.0,50.23,75706.72,index_price,75706.72,0.12325,75706.72,30MAY26,85000,,P,BTC-30MAY26-85000-P
3.5855,3.9175,0.3,3.74621714,1779882228010,0.0,102.24,75850.56,BTC-26JUN26,75706.72,3.7515,75706.72,26JUN26,360000,,P,BTC-26JUN26-360000-P
,0.0001,1222.2,2.026e-05,1779882228010,0.0,75.17,75850.32,BTC-26JUN26,75706.72,,75706.72,26JUN26,160000,,C,BTC-26JUN26-160000-C
0.0695,0.0725,2439.4,0.07094883,1779882228010,50.5,36.57,75850.32,BTC-26JUN26,75706.72,0.071,75706.72,26JUN26,72000,,C,BTC-26JUN26-72000-C
0.011,0.012,32.7,0.01138574,1779882228010,32.6,34.83,75720.4,BTC-29MAY26,75706.72,0.0115,75706.72,29MAY26,75500,,C,BTC-29MAY26-75500-C
0.305,0.309,39.7,0.30670926,1779882228010,0.0,48.5,77058.86,BTC-25DEC26,75706.72,0.307,75706.72,25DEC26,56000,,C,BTC-25DEC26-56000-C
0.0485,0.0515,884.3,0.04986457,1779882228010,58.4,44.52,75720.66,BTC-29MAY26,75706.72,0.05,75706.72,29MAY26,72000,,C,BTC-29MAY26-72000-C
0.0024,0.0028,4.0,0.00258734,1779882228010,4.0,29.12,75731.34,SYN.BTC-31MAY26,75706.72,0.0026,75706.72,31MAY26,78000,,C,BTC-31MAY26-78000-C
0.1595,0.1625,18.6,0.16093659,1779882228010,0.0,43.97,75850.56,BTC-26JUN26,75706.72,0.161,75706.72,26JUN26,64000,,C,BTC-26JUN26-64000-C
0.0002,0.0003,84.6,0.00029064,1779882228010,58.8,42.32,75706.72,index_price,75706.72,0.00025,75706.72,28MAY26,73000,,P,BTC-28MAY26-73000-P
0.2195,0.223,2.3,0.22072124,1779882228010,0.0,42.66,77743.91,BTC-26MAR27,75706.72,0.22125,75706.72,26MAR27,86000,,P,BTC-26MAR27-86000-P
0.016,0.0175,810.6,0.01663146,1779882228010,0.5,56.4,77743.91,BTC-26MAR27,75706.72,0.01675,75706.72,26MAR27,40000,,P,BTC-26MAR27-40000-P
,0.0001,813.7,6.3e-07,1779882228010,0.0,89.15,75850.56,BTC-26JUN26,75706.72,,75706.72,26JUN26,230000,,C,BTC-26JUN26-230000-C
0.0285,0.03,186.0,0.02916337,1779882228010,0.0,41.61,77743.91,BTC-26MAR27,75706.72,0.02925,75706.72,26MAR27,120000,,C,BTC-26MAR27-120000-C
0.066,0.067,278.0,0.06654359,1779882228010,161.0,35.33,76002.92,BTC-31JUL26,75706.72,0.0665,75706.72,31JUL26,77000,,P,BTC-31JUL26-77000-P
0.0004,0.0006,49.1,0.00046853,1779882228010,40.7,32.45,75706.72,index_price,75706.72,0.0005,75706.72,28MAY26,77500,,C,BTC-28MAY26-77500-C
1.675,1.8685,0.0,1.76862822,1779882228010,0.0,86.05,75850.56,BTC-26JUN26,75706.72,1.77175,75706.72,26JUN26,210000,,P,BTC-26JUN26-210000-P
0.0027,0.003,436.5,0.0028198,1779882228010,53.3,39.59,75739.59,BTC-5JUN26,75706.72,0.00285,75706.72,5JUN26,70000,,P,BTC-5JUN26-70000-P
0.0001,0.0004,824.8,0.00021257,1779882228010,0.0,53.55,76358.55,BTC-25SEP26,75706.72,0.00025,75706.72,25SEP26,190000,,C,BTC-25SEP26-190000-C
1.1655,1.323,1.9,1.24127582,1779882228010,0.0,75.18,75850.56,BTC-26JUN26,75706.72,1.24425,75706.72,26JUN26,170000,,P,BTC-26JUN26-170000-P
0.049,0.0505,53.4,0.04981389,1779882228010,0.0,48.8,77743.91,BTC-26MAR27,75706.72,0.04975,75706.72,26MAR27,56000,,P,BTC-26MAR27-56000-P
0.1595,0.1645,0.0,0.16201482,1779882228010,0.0,38.84,75739.59,BTC-5JUN26,75706.72,0.162,75706.72,5JUN26,88000,,P,BTC-5JUN26-88000-P
0.192,0.1945,52.9,0.19292445,1779882228010,0.0,42.74,76358.79,BTC-25SEP26,75706.72,0.19325,75706.72,25SEP26,64000,,C,BTC-25SEP26-64000-C
0.1185,0.1255,0.0,0.12266288,1779882228010,0.0,46.88,75706.72,index_price,75706.72,0.122,75706.72,28MAY26,85000,,P,BTC-28MAY26-85000-P
,0.0002,2374.6,7.487e-05,1779882228010,104.7,82.05,75720.64,BTC-29MAY26,75706.72,,75706.72,29MAY26,65000,,P,BTC-29MAY26-65000-P
0.18,0.1825,14.0,0.18120932,1779882228010,0.0,89.13,75720.4,BTC-29MAY26,75706.72,0.18125,75706.72,29MAY26,62000,,C,BTC-29MAY26-62000-C
0.239,0.2445,1.3,0.24199648,1779882228010,0.0,34.54,76002.92,BTC-31JUL26,75706.72,0.24175,75706.72,31JUL26,94000,,P,BTC-31JUL26-94000-P
0.107,0.112,13.8,0.10953817,1779882228011,1.3,33.38,75739.59,BTC-5JUN26,75706.72,0.1095,75706.72,5JUN26,84000,,P,BTC-5JUN26-84000-P
1.7835,1.9875,1.8,1.88127831,1779882228011,0.0,58.64,76358.55,BTC-25SEP26,75706.72,1.8855,75706.72,25SEP26,220000,,P,BTC-25SEP26-220000-P
0.371,0.375,59.9,0.37269654,1779882228011,0.0,51.68,77058.86,BTC-25DEC26,75706.72,0.373,75706.72,25DEC26,50000,,C,BTC-25DEC26-50000-C
0.0015,0.0018,121.5,0.0016291,1779882228011,119.0,36.04,75706.72,index_price,75706.72,0.00165,75706.72,28MAY26,74500,,P,BTC-28MAY26-74500-P
0.011,0.0115,294.7,0.01103163,1779882228011,131.7,32.1,75758.68,BTC-12JUN26,75706.72,0.01125,75706.72,12JUN26,79000,,C,BTC-12JUN26-79000-C
0.0019,0.0022,557.1,0.00200598,1779882228011,44.4,31.57,75739.44,BTC-5JUN26,75706.72,0.00205,75706.72,5JUN26,81000,,C,BTC-5JUN26-81000-C
0.005,0.006,246.7,0.00553393,1779882228011,4.5,49.21,76002.92,BTC-31JUL26,75706.72,0.0055,75706.72,31JUL26,56000,,P,BTC-31JUL26-56000-P
,0.0001,1259.6,0.0,1779882228011,0.0,96.34,75720.4,BTC-29MAY26,75706.72,,75706.72,29MAY26,50000,,P,BTC-29MAY26-50000-P
0.0115,0.0125,477.3,0.01211317,1779882228011,228.4,33.84,76002.92,BTC-31JUL26,75706.72,0.012,75706.72,31JUL26,88000,,C,BTC-31JUL26-88000-C
0.0037,0.0039,2115.0,0.0038192,1779882228011,33.0,62.89,76358.79,BTC-25SEP26,75706.72,0.0038,75706.72,25SEP26,40000,,P,BTC-25SEP26-40000-P
0.1535,0.156,10.0,0.15484747,1779882228011,0.0,88.05,75720.4,BTC-29MAY26,75706.72,0.15475,75706.72,29MAY26,64000,,C,BTC-29MAY26-64000-C
2.543,2.8,0.0,2.66694213,1779882228011,0.0,63.11,76358.79,BTC-25SEP26,75706.72,2.6715,75706.72,25SEP26,280000,,P,BTC-25SEP26-280000-P
0.036,0.037,129.2,0.03650584,1779882228011,14.4,32.88,75758.68,BTC-12JUN26,75706.72,0.0365,75706.72,12JUN26,77000,,P,BTC-12JUN26-77000-P
0.025,0.074,4.3,0.04432692,1779882228011,0.3,35.42,75739.44,BTC-5JUN26,75706.72,0.0495,75706.72,5JUN26,73000,,C,BTC-5JUN26-73000-C
0.1,0.1055,0.0,0.1018735,1779882228011,0.0,67.53,75706.72,index_price,75706.72,0.10275,75706.72,28MAY26,68000,,C,BTC-28MAY26-68000-C
0.9025,0.9185,4.6,0.9117391,1779882228011,0.0,72.4,75850.56,BTC-26JUN26,75706.72,0.9105,75706.72,26JUN26,145000,,P,BTC-26JUN26-145000-P
0.1665,0.1975,3.9,0.1680213,1779882228011,0.0,89.13,75720.4,BTC-29MAY26,75706.72,0.182,75706.72,29MAY26,63000,,C,BTC-29MAY26-63000-C
0.0013,0.0014,1876.1,0.00133101,1779882228011,78.1,40.19,75720.4,BTC-29MAY26,75706.72,0.00135,75706.72,29MAY26,73000,,P,BTC-29MAY26-73000-P
0.233,0.2355,98.3,0.23402296,1779882228011,0.0,89.14,75720.64,BTC-29MAY26,75706.72,0.23425,75706.72,29MAY26,58000,,C,BTC-29MAY26-58000-C
0.4415,0.467,1.1,0.44811226,1779882228011,0.0,38.66,76002.92,BTC-31JUL26,75706.72,0.45425,75706.72,31JUL26,110000,,P,BTC-31JUL26-110000-P
0.0037,0.004,183.5,0.00384246,1779882228011,0.1,34.71,76002.92,BTC-31JUL26,75706.72,0.00385,75706.72,31JUL26,96000,,C,BTC-31JUL26-96000-C
0.0016,0.002,262.3,0.00176896,1779882228011,0.5,36.06,76002.92,BTC-31JUL26,75706.72,0.0018,75706.72,31JUL26,102000,,C,BTC-31JUL26-102000-C
0.1085,0.113,0.0,0.11068404,1779882228011,0.0,32.27,75758.68,BTC-12JUN26,75706.72,0.11075,75706.72,12JUN26,84000,,P,BTC-12JUN26-84000-P
0.1875,0.191,3.8,0.1887698,1779882228011,0.0,43.12,77743.91,BTC-26MAR27,75706.72,0.18925,75706.72,26MAR27,82000,,P,BTC-26MAR27-82000-P
0.227,0.2295,12.7,0.22758567,1779882228011,0.0,45.29,77058.86,BTC-25DEC26,75706.72,0.22825,75706.72,25DEC26,64000,,C,BTC-25DEC26-64000-C
0.298,0.3045,0.4,0.3018221,1779882228011,0.0,42.01,77743.67,BTC-26MAR27,75706.72,0.30125,75706.72,26MAR27,95000,,P,BTC-26MAR27-95000-P
0.0021,0.0024,18.3,0.00227443,1779882228011,6.8,37.88,75706.72,index_price,75706.72,0.00225,75706.72,30MAY26,73000,,P,BTC-30MAY26-73000-P
0.0008,0.0009,130.7,0.00078307,1779882228011,0.3,38.66,76002.68,BTC-31JUL26,75706.72,0.00085,75706.72,31JUL26,110000,,C,BTC-31JUL26-110000-C
0.0485,0.05,1174.0,0.04920676,1779882228011,42.8,40.04,77058.86,BTC-25DEC26,75706.72,0.04925,75706.72,25DEC26,95000,,C,BTC-25DEC26-95000-C
0.5725,0.597,0.0,0.57933064,1779882228011,0.0,42.98,76002.92,BTC-31JUL26,75706.72,0.58475,75706.72,31JUL26,120000,,P,BTC-31JUL26-120000-P
0.0175,0.018,1411.1,0.01795123,1779882228011,65.7,36.46,76358.79,BTC-25SEP26,75706.72,0.01775,75706.72,25SEP26,95000,,C,BTC-25SEP26-95000-C
0.0055,0.006,7.7,0.00575814,1779882228011,7.6,34.83,75706.72,index_price,75706.72,0.00575,75706.72,30MAY26,74500,,P,BTC-30MAY26-74500-P
0.0001,0.0003,0.0,0.00017109,1779882228011,0.0,34.88,75731.34,SYN.BTC-31MAY26,75706.72,0.0002,75706.72,31MAY26,82000,,C,BTC-31MAY26-82000-C
0.5435,0.5455,15.1,0.54403264,1779882228011,0.0,68.67,76358.79,BTC-25SEP26,75706.72,0.5445,75706.72,25SEP26,35000,,C,BTC-25SEP26-35000-C
,0.0001,556.1,3.4e-07,1779882228011,0.0,89.88,75850.56,BTC-26JUN26,75706.72,,75706.72,26JUN26,240000,,C,BTC-26JUN26-240000-C
2.01,2.2325,0.0,2.11511729,1779882228011,0.0,53.89,77058.86,BTC-25DEC26,75706.72,2.12125,75706.72,25DEC26,240000,,P,BTC-25DEC26-240000-P
0.0026,0.05,0.0,0.02220432,1779882228011,0.0,29.11,75731.34,SYN.BTC-31MAY26,75706.72,0.0263,75706.72,31MAY26,77000,,P,BTC-31MAY26-77000-P
,0.0001,0.0,3.031e-05,1779882228011,0.0,54.66,75706.72,index_price,75706.72,,75706.72,30MAY26,87000,,C,BTC-30MAY26-87000-C
,0.0001,424.2,0.0,1779882228011,0.0,109.4,75720.4,BTC-29MAY26,75706.72,,75706.72,29MAY26,45000,,P,BTC-29MAY26-45000-P
0.1945,0.1985,23.4,0.19687512,1779882228011,0.0,40.87,77058.86,BTC-25DEC26,75706.72,0.1965,75706.72,25DEC26,86000,,P,BTC-25DEC26-86000-P
0.0001,0.0003,1131.7,0.00017004,1779882228011,0.5,55.1,76358.79,BTC-25SEP26,75706.72,0.0002,75706.72,25SEP26,200000,,C,BTC-25SEP26-200000-C
0.0775,0.0805,6.1,0.07859977,1779882228011,6.0,39.59,75739.59,BTC-5JUN26,75706.72,0.079,75706.72,5JUN26,70000,,C,BTC-5JUN26-70000-C
0.932,1.027,0.0,0.93987943,1779882228011,0.0,43.09,77743.67,BTC-26MAR27,75706.72,0.9795,75706.72,26MAR27,150000,,P,BTC-26MAR27-150000-P
0.0055,0.006,1801.7,0.00577836,1779882228011,2.9,57.31,76358.79,BTC-25SEP26,75706.72,0.00575,75706.72,25SEP26,45000,,P,BTC-25SEP26-45000-P
,0.0002,1352.0,5.844e-05,1779882228011,54.5,50.08,75720.64,BTC-29MAY26,75706.72,,75706.72,29MAY26,83000,,C,BTC-29MAY26-83000-C
0.1405,0.143,23.5,0.14165215,1779882228011,4.1,82.05,75720.4,BTC-29MAY26,75706.72,0.14175,75706.72,29MAY26,65000,,C,BTC-29MAY26-65000-C
0.0425,0.044,92.0,0.04332987,1779882228011,0.0,41.55,77743.91,BTC-26MAR27,75706.72,0.04325,75706.72,26MAR27,110000,,C,BTC-26MAR27-110000-C
0.0007,0.001,476.7,0.00080578,1779882228011,25.3,45.29,76358.55,BTC-25SEP26,75706.72,0.00085,75706.72,25SEP26,145000,,C,BTC-25SEP26-145000-C
0.0235,0.025,48.5,0.02416103,1779882228011,0.0,41.75,77743.91,BTC-26MAR27,75706.72,0.02425,75706.72,26MAR27,125000,,C,BTC-26MAR27-125000-C
0.9425,0.9565,2.1,0.95035184,1779882228011,0.0,43.5,77058.62,BTC-25DEC26,75706.72,0.9495,75706.72,25DEC26,150000,,P,BTC-25DEC26-150000-P
0.0415,0.092,0.0,0.06984208,1779882228011,0.0,32.34,75731.34,SYN.BTC-31MAY26,75706.72,0.06675,75706.72,31MAY26,81000,,P,BTC-31MAY26-81000-P
0.0007,0.0008,1908.4,0.00073091,1779882228011,509.9,44.52,75720.4,BTC-29MAY26,75706.72,0.00075,75706.72,29MAY26,72000,,P,BTC-29MAY26-72000-P
0.0004,0.0007,828.6,0.00049881,1779882228011,0.0,48.5,76358.79,BTC-25SEP26,75706.72,0.00055,75706.72,25SEP26,160000,,C,BTC-25SEP26-160000-C
0.029,0.062,0.0,0.03216191,1779882228011,0.0,31.6,75706.72,index_price,75706.72,0.0455,75706.72,30MAY26,78000,,P,BTC-30MAY26-78000-P
0.09,0.094,207.3,0.09221093,1779882228011,0.0,32.85,75850.56,BTC-26JUN26,75706.72,0.092,75706.72,26JUN26,82000,,P,BTC-26JUN26-82000-P
0.187,0.19,11.9,0.18858588,1779882228011,0.0,62.56,75720.4,BTC-29MAY26,75706.72,0.1885,75706.72,29MAY26,90000,,P,BTC-29MAY26-90000-P
0.041,0.0425,184.0,0.04168272,1779882228011,9.4,39.94,77058.62,BTC-25DEC26,75706.72,0.04175,75706.72,25DEC26,98000,,C,BTC-25DEC26-98000-C
0.2265,0.232,0.0,0.22941696,1779882228011,0.0,34.1,76002.92,BTC-31JUL26,75706.72,0.22925,75706.72,31JUL26,93000,,P,BTC-31JUL26-93000-P
0.421,0.429,0.0,0.42567706,1779882228011,0.0,39.97,77058.62,BTC-25DEC26,75706.72,0.425,75706.72,25DEC26,108000,,P,BTC-25DEC26-108000-P
0.0175,0.0185,8.9,0.01796447,1779882228011,8.9,29.71,75731.34,SYN.BTC-31MAY26,75706.72,0.018,75706.72,31MAY26,76500,,P,BTC-31MAY26-76500-P
0.0395,0.0405,531.2,0.03989672,1779882228011,4.9,36.65,76358.55,BTC-25SEP26,75706.72,0.04,75706.72,25SEP26,86000,,C,BTC-25SEP26-86000-C
0.016,0.0175,2509.5,0.01670621,1779882228011,0.0,40.24,77058.86,BTC-25DEC26,75706.72,0.01675,75706.72,25DEC26,115000,,C,BTC-25DEC26-115000-C
0.014,0.015,412.7,0.01456317,1779882228011,154.1,42.31,76002.92,BTC-31JUL26,75706.72,0.0145,75706.72,31JUL26,64000,,P,BTC-31JUL26-64000-P
0.0055,0.006,103.1,0.00576591,1779882228011,1.5,34.1,76002.92,BTC-31JUL26,75706.72,0.00575,75706.72,31JUL26,93000,,C,BTC-31JUL26-93000-C
0.808,0.8305,0.0,0.81509426,1779882228011,0.0,42.45,77743.91,BTC-26MAR27,75706.72,0.81925,75706.72,26MAR27,140000,,P,BTC-26MAR27-140000-P
0.0034,0.0038,0.0,0.00360579,1779882228011,0.0,33.55,75731.34,SYN.BTC-31MAY26,75706.72,0.0036,75706.72,31MAY26,73500,,P,BTC-31MAY26-73500-P
0.147,0.1495,931.9,0.1490702,1779882228011,20.0,41.86,77058.86,BTC-25DEC26,75706.72,0.14825,75706.72,25DEC26,80000,,P,BTC-25DEC26-80000-P
0.0145,0.0155,119.1,0.01502717,1779882228011,0.2,47.62,76358.79,BTC-25SEP26,75706.72,0.015,75706.72,25SEP26,56000,,P,BTC-25SEP26-56000-P
0.109,0.11,73.5,0.10953686,1779882228011,0.0,45.03,77743.92,BTC-26MAR27,75706.72,0.1095,75706.72,26MAR27,70000,,P,BTC-26MAR27-70000-P
0.0195,0.0215,755.7,0.02024527,1779882228011,57.1,33.21,75720.4,BTC-29MAY26,75706.72,0.0205,75706.72,29MAY26,77000,,P,BTC-29MAY26-77000-P
,0.0001,44.8,5.148e-05,1779882228011,53.0,37.02,75706.72,index_price,75706.72,,75706.72,28MAY26,79000,,C,BTC-28MAY26-79000-C
0.1455,0.149,15.2,0.14767887,1779882228011,0.0,33.81,76002.92,BTC-31JUL26,75706.72,0.14725,75706.72,31JUL26,86000,,P,BTC-31JUL26-86000-P
0.013,0.0135,5.3,0.01325949,1779882228011,0.7,33.35,75706.72,index_price,75706.72,0.01325,75706.72,30MAY26,75500,,C,BTC-30MAY26-75500-C
0.256,0.258,0.3,0.25655313,1779882228011,0.0,46.4,77743.91,BTC-26MAR27,75706.72,0.257,75706.72,26MAR27,64000,,C,BTC-26MAR27-64000-C
0.162,0.165,157.8,0.16397276,1779882228011,0.0,41.43,77058.62,BTC-25DEC26,75706.72,0.1635,75706.72,25DEC26,82000,,P,BTC-25DEC26-82000-P
0.0335,0.0355,14.9,0.03460342,1779882228011,0.2,34.49,75739.59,BTC-5JUN26,75706.72,0.0345,75706.72,5JUN26,74000,,C,BTC-5JUN26-74000-C
0.0024,0.0026,4758.9,0.00255637,1779882228011,523.4,49.5,75850.56,BTC-26JUN26,75706.72,0.0025,75706.72,26JUN26,60000,,P,BTC-26JUN26-60000-P
0.2295,0.235,596.1,0.23298406,1779882228011,0.0,40.43,77058.62,BTC-25DEC26,75706.72,0.23225,75706.72,25DEC26,90000,,P,BTC-25DEC26-90000-P
0.0043,0.0046,46.5,0.00443183,1779882228011,2.6,34.56,76002.92,BTC-31JUL26,75706.72,0.00445,75706.72,31JUL26,95000,,C,BTC-31JUL26-95000-C
0.3895,0.3925,9.8,0.39050728,1779882228011,0.0,51.07,77743.91,BTC-26MAR27,75706.72,0.391,75706.72,26MAR27,50000,,C,BTC-26MAR27-50000-C
0.0037,0.0041,0.0,0.00380651,1779882228011,0.0,29.1,75731.34,SYN.BTC-31MAY26,75706.72,0.0039,75706.72,31MAY26,77500,,C,BTC-31MAY26-77500-C
0.073,0.074,492.0,0.07367967,1779882228011,4.3,35.03,76002.92,BTC-31JUL26,75706.72,0.0735,75706.72,31JUL26,78000,,P,BTC-31JUL26-78000-P
1.257,1.4285,0.0,1.3375721,1779882228011,0.0,47.27,77058.62,BTC-25DEC26,75706.72,1.34275,75706.72,25DEC26,180000,,P,BTC-25DEC26-180000-P
0.079,0.0855,0.0,0.08304031,1779882228011,0.0,45.8,75706.72,index_price,75706.72,0.08225,75706.72,28MAY26,82000,,P,BTC-28MAY26-82000-P
0.1465,0.1515,0.1,0.14897576,1779882228011,0.1,61.75,75720.4,BTC-29MAY26,75706.72,0.149,75706.72,29MAY26,87000,,P,BTC-29MAY26-87000-P
,0.0001,1180.5,2.31e-06,1779882228011,0.0,75.45,75850.56,BTC-26JUN26,75706.72,,75706.72,26JUN26,180000,,C,BTC-26JUN26-180000-C
0.2495,0.2565,983.6,0.25315822,1779882228011,0.0,36.82,75850.56,BTC-26JUN26,75706.72,0.253,75706.72,26JUN26,95000,,P,BTC-26JUN26-95000-P
0.289,0.295,0.1,0.29235988,1779882228011,0.0,35.07,76002.92,BTC-31JUL26,75706.72,0.292,75706.72,31JUL26,98000,,P,BTC-31JUL26-98000-P
0.0065,0.007,2105.3,0.00677557,1779882228011,0.1,63.29,77058.86,BTC-25DEC26,75706.72,0.00675,75706.72,25DEC26,35000,,P,BTC-25DEC26-35000-P
0.0535,0.054,212.0,0.05381062,1779882228011,125.8,36.06,76002.92,BTC-31JUL26,75706.72,0.05375,75706.72,31JUL26,75000,,P,BTC-31JUL26-75000-P
0.0365,0.038,360.3,0.03725626,1779882228011,0.5,40.19,75720.4,BTC-29MAY26,75706.72,0.03725,75706.72,29MAY26,73000,,C,BTC-29MAY26-73000-C
0.0625,0.0655,4.7,0.06389111,1779882228011,0.0,31.87,75758.8,BTC-12JUN26,75706.72,0.064,75706.72,12JUN26,80000,,P,BTC-12JUN26-80000-P
0.9575,1.0395,0.7,0.9651508,1779882228011,0.0,46.8,76358.79,BTC-25SEP26,75706.72,0.9985,75706.72,25SEP26,150000,,P,BTC-25SEP26-150000-P
0.0002,0.0003,46.4,0.00025108,1779882228011,26.4,49.54,75706.72,index_price,75706.72,0.00025,75706.72,30MAY26,69000,,P,BTC-30MAY26-69000-P
0.015,0.016,1616.2,0.01551729,1779882228011,93.7,35.62,75720.4,BTC-29MAY26,75706.72,0.0155,75706.72,29MAY26,75000,,C,BTC-29MAY26-75000-C
0.0002,0.0004,16.1,0.0002777,1779882228011,11.7,35.8,75720.4,BTC-29MAY26,75706.72,0.0003,75706.72,29MAY26,79500,,C,BTC-29MAY26-79500-C
0.0335,0.034,1920.2,0.03365001,1779882228011,0.2,51.07,77743.91,BTC-26MAR27,75706.72,0.03375,75706.72,26MAR27,50000,,P,BTC-26MAR27-50000-P
0.0155,0.0165,342.7,0.01617777,1779882228012,55.2,33.49,75739.3,BTC-5JUN26,75706.72,0.016,75706.72,5JUN26,75000,,P,BTC-5JUN26-75000-P
0.0037,0.0044,162.7,0.004039,1779882228012,0.6,46.41,77743.91,BTC-26MAR27,75706.72,0.00405,75706.72,26MAR27,190000,,C,BTC-26MAR27-190000-C
0.0012,0.0014,1401.6,0.00135363,1779882228012,11.3,57.62,75850.56,BTC-26JUN26,75706.72,0.0013,75706.72,26JUN26,55000,,P,BTC-26JUN26-55000-P
0.0595,0.0605,466.4,0.05990838,1779882228012,234.4,35.67,76002.68,BTC-31JUL26,75706.72,0.06,75706.72,31JUL26,76000,,P,BTC-31JUL26-76000-P
0.021,0.0225,2870.1,0.02169169,1779882228012,0.4,40.03,77058.86,BTC-25DEC26,75706.72,0.02175,75706.72,25DEC26,110000,,C,BTC-25DEC26-110000-C
0.0012,0.0016,350.9,0.00138303,1779882228012,6.1,36.54,76002.92,BTC-31JUL26,75706.72,0.0014,75706.72,31JUL26,104000,,C,BTC-31JUL26-104000-C
0.1835,0.1875,4.7,0.18587836,1779882228012,0.0,36.48,76358.55,BTC-25SEP26,75706.72,0.1855,75706.72,25SEP26,88000,,P,BTC-25SEP26-88000-P
2.057,2.278,0.1,2.1641451,1779882228012,0.0,89.88,75850.56,BTC-26JUN26,75706.72,2.1675,75706.72,26JUN26,240000,,P,BTC-26JUN26-240000-P
0.074,0.1475,0.0,0.10925485,1779882228012,0.0,39.44,75731.34,SYN.BTC-31MAY26,75706.72,0.11075,75706.72,31MAY26,84000,,P,BTC-31MAY26-84000-P
,0.0001,71.8,3.544e-05,1779882228012,32.3,44.55,75706.72,index_price,75706.72,,75706.72,28MAY26,80000,,C,BTC-28MAY26-80000-C
0.0655,0.0925,0.0,0.08903655,1779882228012,0.0,49.54,75706.72,index_price,75706.72,0.079,75706.72,30MAY26,69000,,C,BTC-30MAY26-69000-C
0.145,0.147,14.2,0.14607068,1779882228012,1.6,44.0,77743.91,BTC-26MAR27,75706.72,0.146,75706.72,26MAR27,76000,,P,BTC-26MAR27-76000-P
0.0895,0.091,805.5,0.09008662,1779882228012,23.9,38.38,76358.55,BTC-25SEP26,75706.72,0.09025,75706.72,25SEP26,76000,,C,BTC-25SEP26-76000-C
0.008,0.0085,2020.0,0.00801087,1779882228012,102.1,34.31,75720.4,BTC-29MAY26,75706.72,0.00825,75706.72,29MAY26,76000,,C,BTC-29MAY26-76000-C
0.1115,0.115,1125.3,0.11305541,1779882228012,0.0,39.64,75850.32,BTC-26JUN26,75706.72,0.11325,75706.72,26JUN26,68000,,C,BTC-26JUN26-68000-C
0.0049,0.005,1559.5,0.00490983,1779882228012,7.4,37.65,76358.79,BTC-25SEP26,75706.72,0.00495,75706.72,25SEP26,110000,,C,BTC-25SEP26-110000-C
0.04,0.0665,0.0,0.06308126,1779882228012,0.0,43.37,75706.72,index_price,75706.72,0.05325,75706.72,30MAY26,71000,,C,BTC-30MAY26-71000-C
0.099,0.1005,189.3,0.0998474,1779882228012,0.0,41.43,77058.62,BTC-25DEC26,75706.72,0.09975,75706.72,25DEC26,82000,,C,BTC-25DEC26-82000-C
0.0115,0.067,0.0,0.0382698,1779882228012,0.0,29.16,75731.34,SYN.BTC-31MAY26,75706.72,0.03925,75706.72,31MAY26,78500,,P,BTC-31MAY26-78500-P
0.0031,0.0034,25.7,0.00320848,1779882228012,28.2,31.6,75706.72,index_price,75706.72,0.00325,75706.72,30MAY26,77500,,C,BTC-30MAY26-77500-C
0.0001,0.0003,1506.2,0.00024191,1779882228012,21.9,44.31,75850.32,BTC-26JUN26,75706.72,0.0002,75706.72,26JUN26,105000,,C,BTC-26JUN26-105000-C
0.0525,0.0795,0.0,0.0759845,1779882228012,0.0,46.22,75706.72,index_price,75706.72,0.066,75706.72,30MAY26,70000,,C,BTC-30MAY26-70000-C
0.0135,0.014,2596.5,0.01357919,1779882228012,1085.9,48.2,76358.79,BTC-25SEP26,75706.72,0.01375,75706.72,25SEP26,55000,,P,BTC-25SEP26-55000-P
0.005,0.006,1913.4,0.00553075,1779882228012,86.2,42.68,75850.56,BTC-26JUN26,75706.72,0.0055,75706.72,26JUN26,65000,,P,BTC-26JUN26-65000-P
0.689,0.6995,52.1,0.69527928,1779882228012,0.0,41.44,77058.86,BTC-25DEC26,75706.72,0.69425,75706.72,25DEC26,130000,,P,BTC-25DEC26-130000-P
0.026,0.0275,79.7,0.02691342,1779882228012,0.0,39.94,77058.62,BTC-25DEC26,75706.72,0.02675,75706.72,25DEC26,106000,,C,BTC-25DEC26-106000-C
0.6145,0.6165,233.1,0.61500109,1779882228012,0.0,68.14,77058.86,BTC-25DEC26,75706.72,0.6155,75706.72,25DEC26,30000,,C,BTC-25DEC26-30000-C
0.0014,0.002,919.2,0.00168716,1779882228012,3.1,47.27,77058.86,BTC-25DEC26,75706.72,0.0017,75706.72,25DEC26,180000,,C,BTC-25DEC26-180000-C
0.0235,0.024,281.3,0.02364356,1779882228012,20.0,39.46,76002.92,BTC-31JUL26,75706.72,0.02375,75706.72,31JUL26,68000,,P,BTC-31JUL26-68000-P
0.0725,0.074,99.6,0.07329531,1779882228012,3.0,38.97,76358.55,BTC-25SEP26,75706.72,0.07325,75706.72,25SEP26,74000,,P,BTC-25SEP26-74000-P
0.3975,0.405,0.1,0.4024901,1779882228012,0.0,39.94,77058.62,BTC-25DEC26,75706.72,0.40125,75706.72,25DEC26,106000,,P,BTC-25DEC26-106000-P
0.0625,0.1275,0.0,0.09616569,1779882228012,0.0,40.93,75706.72,index_price,75706.72,0.095,75706.72,30MAY26,83000,,P,BTC-30MAY26-83000-P
0.2355,0.24,0.2,0.23779276,1779882228012,0.0,42.51,77743.67,BTC-26MAR27,75706.72,0.23775,75706.72,26MAR27,88000,,P,BTC-26MAR27-88000-P
1.9305,2.1425,6.4,2.03230602,1779882228012,0.0,89.15,75850.56,BTC-26JUN26,75706.72,2.0365,75706.72,26JUN26,230000,,P,BTC-26JUN26-230000-P
0.9685,1.0495,2.3,0.9776305,1779882228012,0.0,72.71,75850.56,BTC-26JUN26,75706.72,1.009,75706.72,26JUN26,150000,,P,BTC-26JUN26-150000-P
0.0001,0.0002,1232.2,0.00015677,1779882228012,147.0,47.6,75850.32,BTC-26JUN26,75706.72,0.00015,75706.72,26JUN26,110000,,C,BTC-26JUN26-110000-C
0.1845,0.1875,11.7,0.18597122,1779882228012,0.0,46.46,75850.56,BTC-26JUN26,75706.72,0.186,75706.72,26JUN26,62000,,C,BTC-26JUN26-62000-C
0.01,0.011,132.6,0.01048021,1779882228012,13.7,33.89,76002.68,BTC-31JUL26,75706.72,0.0105,75706.72,31JUL26,89000,,C,BTC-31JUL26-89000-C
,0.0001,595.2,6.831e-05,1779882228012,0.0,72.4,75850.56,BTC-26JUN26,75706.72,,75706.72,26JUN26,145000,,C,BTC-26JUN26-145000-C
,0.0001,198.4,1e-07,1779882228012,0.0,91.06,75850.56,BTC-26JUN26,75706.72,,75706.72,26JUN26,260000,,C,BTC-26JUN26-260000-C
0.0075,0.0085,9.7,0.00792536,1779882228012,9.9,33.52,75706.72,index_price,75706.72,0.008,75706.72,28MAY26,75500,,C,BTC-28MAY26-75500-C
0.05,0.0515,629.7,0.05083753,1779882228012,0.0,45.99,77058.86,BTC-25DEC26,75706.72,0.05075,75706.72,25DEC26,62000,,P,BTC-25DEC26-62000-P
,0.0002,0.0,7.073e-05,1779882228012,0.0,39.44,75731.34,SYN.BTC-31MAY26,75706.72,,75706.72,31MAY26,84000,,C,BTC-31MAY26-84000-C
0.415,0.4185,148.2,0.41645309,1779882228012,0.0,57.31,76358.79,BTC-25SEP26,75706.72,0.41675,75706.72,25SEP26,45000,,C,BTC-25SEP26-45000-C
0.25,0.258,0.8,0.25461782,1779882228012,0.0,62.56,75720.64,BTC-29MAY26,75706.72,0.254,75706.72,29MAY26,95000,,P,BTC-29MAY26-95000-P
0.121,0.1255,0.0,0.12333686,1779882228012,0.0,32.74,75758.68,BTC-12JUN26,75706.72,0.12325,75706.72,12JUN26,85000,,P,BTC-12JUN26-85000-P
0.0031,0.0037,286.4,0.00337565,1779882228012,3.9,47.29,77743.91,BTC-26MAR27,75706.72,0.0034,75706.72,26MAR27,200000,,C,BTC-26MAR27-200000-C
0.072,0.1045,0.0,0.07629681,1779882228012,0.0,42.82,75731.34,SYN.BTC-31MAY26,75706.72,0.08825,75706.72,31MAY26,70000,,C,BTC-31MAY26-70000-C
0.0009,0.0012,28.9,0.00104455,1779882228012,25.4,31.71,75706.72,index_price,75706.72,0.00105,75706.72,28MAY26,77000,,C,BTC-28MAY26-77000-C
0.2635,0.2695,0.1,0.26696612,1779882228012,0.0,34.71,76002.92,BTC-31JUL26,75706.72,0.2665,75706.72,31JUL26,96000,,P,BTC-31JUL26-96000-P
,0.0001,4004.9,3.251e-05,1779882228012,0.0,143.69,75850.56,BTC-26JUN26,75706.72,,75706.72,26JUN26,20000,,P,BTC-26JUN26-20000-P
0.815,0.8275,0.2,0.82225584,1779882228012,0.0,42.42,77058.86,BTC-25DEC26,75706.72,0.82125,75706.72,25DEC26,140000,,P,BTC-25DEC26-140000-P
0.633,0.6435,21.6,0.63879291,1779882228012,0.0,40.3,76358.79,BTC-25SEP26,75706.72,0.63825,75706.72,25SEP26,125000,,P,BTC-25SEP26-125000-P
0.0205,0.023,12.4,0.02180854,1779882228012,11.6,32.26,75706.72,index_price,75706.72,0.02175,75706.72,30MAY26,77000,,P,BTC-30MAY26-77000-P
0.0735,0.076,0.0,0.07485415,1779882228012,0.0,31.95,75758.68,BTC-12JUN26,75706.72,0.07475,75706.72,12JUN26,81000,,P,BTC-12JUN26-81000-P
,0.0001,4.1,0.0,1779882228012,0.0,46.88,75706.72,index_price,75706.72,,75706.72,28MAY26,85000,,C,BTC-28MAY26-85000-C
,0.0001,2885.4,3.646e-05,1779882228012,155.7,58.59,75720.64,BTC-29MAY26,75706.72,,75706.72,29MAY26,85000,,C,BTC-29MAY26-85000-C
0.3675,0.375,0.0,0.37192764,1779882228012,0.0,41.68,77743.91,BTC-26MAR27,75706.72,0.37125,75706.72,26MAR27,102000,,P,BTC-26MAR27-102000-P
0.0185,0.019,113.3,0.01860893,1779882228012,62.0,32.61,75739.59,BTC-5JUN26,75706.72,0.01875,75706.72,5JUN26,76000,,C,BTC-5JUN26-76000-C
0.2745,0.278,220.5,0.27623713,1779882228012,0.0,57.62,75850.56,BTC-26JUN26,75706.72,0.27625,75706.72,26JUN26,55000,,C,BTC-26JUN26-55000-C
0.0755,0.0775,60.6,0.07645758,1779882228012,0.0,41.9,77743.91,BTC-26MAR27,75706.72,0.0765,75706.72,26MAR27,96000,,C,BTC-26MAR27-96000-C
0.1315,0.1385,0.0,0.13587068,1779882228012,0.0,47.45,75706.72,index_price,75706.72,0.135,75706.72,28MAY26,86000,,P,BTC-28MAY26-86000-P
0.294,0.2995,0.1,0.29712929,1779882228012,0.0,36.57,76358.79,BTC-25SEP26,75706.72,0.29675,75706.72,25SEP26,98000,,P,BTC-25SEP26-98000-P
0.479,0.4815,31.4,0.47997451,1779882228012,0.0,62.89,76358.79,BTC-25SEP26,75706.72,0.48025,75706.72,25SEP26,40000,,C,BTC-25SEP26-40000-C
0.1425,0.146,0.0,0.14402632,1779882228012,0.0,45.7,75758.68,BTC-12JUN26,75706.72,0.14425,75706.72,12JUN26,65000,,C,BTC-12JUN26-65000-C
0.0005,0.0008,319.0,0.0006019,1779882228012,0.0,47.66,76358.55,BTC-25SEP26,75706.72,0.00065,75706.72,25SEP26,155000,,C,BTC-25SEP26-155000-C
0.0046,0.005,1.2,0.00483959,1779882228012,1.2,32.74,75731.34,SYN.BTC-31MAY26,75706.72,0.0048,75706.72,31MAY26,74000,,P,BTC-31MAY26-74000-P
,0.0002,21.7,0.00013087,1779882228012,21.7,39.18,75706.72,index_price,75706.72,,75706.72,30MAY26,82000,,C,BTC-30MAY26-82000-C
0.0895,0.0925,3493.5,0.09110794,1779882228012,0.0,38.04,75850.32,BTC-26JUN26,75706.72,0.091,75706.72,26JUN26,70000,,C,BTC-26JUN26-70000-C
0.0165,0.018,8.9,0.01726646,1779882228012,8.9,32.24,75706.72,index_price,75706.72,0.01725,75706.72,30MAY26,76500,,P,BTC-30MAY26-76500-P
0.0023,0.0027,0.0,0.00250438,1779882228012,0.0,44.09,75758.68,BTC-12JUN26,75706.72,0.0025,75706.72,12JUN26,66000,,P,BTC-12JUN26-66000-P
0.0845,0.086,1134.2,0.0853565,1779882228012,3.6,43.64,77058.86,BTC-25DEC26,75706.72,0.08525,75706.72,25DEC26,70000,,P,BTC-25DEC26-70000-P
0.044,0.045,566.0,0.04457393,1779882228012,4.4,41.05,76358.79,BTC-25SEP26,75706.72,0.0445,75706.72,25SEP26,68000,,P,BTC-25SEP26-68000-P
0.008,0.0085,172.0,0.00815685,1779882228012,29.7,35.42,75739.59,BTC-5JUN26,75706.72,0.00825,75706.72,5JUN26,73000,,P,BTC-5JUN26-73000-P
0.0075,0.0085,515.7,0.00790664,1779882228012,206.6,31.87,75758.8,BTC-12JUN26,75706.72,0.008,75706.72,12JUN26,80000,,C,BTC-12JUN26-80000-C
0.0095,0.0105,821.2,0.01005874,1779882228012,5.5,40.76,77058.86,BTC-25DEC26,75706.72,0.01,75706.72,25DEC26,125000,,C,BTC-25DEC26-125000-C
,0.0001,0.3,6.738e-05,1779882228012,0.2,50.23,75706.72,index_price,75706.72,,75706.72,30MAY26,85000,,C,BTC-30MAY26-85000-C
0.079,0.0805,72.1,0.07985299,1779882228012,0.0,42.01,77743.89,BTC-26MAR27,75706.72,0.07975,75706.72,26MAR27,95000,,C,BTC-26MAR27-95000-C
0.176,0.1785,1263.2,0.1769568,1779882228012,0.0,43.64,77058.86,BTC-25DEC26,75706.72,0.17725,75706.72,25DEC26,70000,,C,BTC-25DEC26-70000-C
0.0415,0.0425,162.3,0.04188213,1779882228012,18.2,34.76,76002.92,BTC-31JUL26,75706.72,0.042,75706.72,31JUL26,79000,,C,BTC-31JUL26-79000-C
0.0041,0.0046,1632.2,0.00431524,1779882228012,6.3,68.14,77058.62,BTC-25DEC26,75706.72,0.00435,75706.72,25DEC26,30000,,P,BTC-25DEC26-30000-P
0.0008,0.0011,1117.0,0.00090539,1779882228012,3.5,43.79,76358.79,BTC-25SEP26,75706.72,0.00095,75706.72,25SEP26,140000,,C,BTC-25SEP26-140000-C
0.0055,0.0065,4920.3,0.00600505,1779882228012,267.7,35.62,75720.64,BTC-29MAY26,75706.72,0.006,75706.72,29MAY26,75000,,P,BTC-29MAY26-75000-P
0.0365,0.038,2356.5,0.0372525,1779882228012,0.2,39.87,77058.62,BTC-25DEC26,75706.72,0.03725,75706.72,25DEC26,100000,,C,BTC-25DEC26-100000-C
1.2775,1.4455,7.3,1.35757345,1779882228012,0.0,51.92,76358.79,BTC-25SEP26,75706.72,1.3615,75706.72,25SEP26,180000,,P,BTC-25SEP26-180000-P
0.0475,0.0485,127.2,0.04816084,1779882228012,3.5,36.45,76002.68,BTC-31JUL26,75706.72,0.048,75706.72,31JUL26,74000,,P,BTC-31JUL26-74000-P
0.1345,0.1385,16.9,0.1369482,1779882228012,0.0,33.8,76002.92,BTC-31JUL26,75706.72,0.1365,75706.72,31JUL26,85000,,P,BTC-31JUL26-85000-P
0.0705,0.0715,81.2,0.07111444,1779882228012,1.5,46.88,77743.89,BTC-26MAR27,75706.72,0.071,75706.72,26MAR27,62000,,P,BTC-26MAR27-62000-P
0.094,0.099,4.2,0.09659875,1779882228012,0.0,32.5,75739.59,BTC-5JUN26,75706.72,0.0965,75706.72,5JUN26,83000,,P,BTC-5JUN26-83000-P
0.0005,0.0006,2126.5,0.00049859,1779882228012,95.3,50.38,75720.66,BTC-29MAY26,75706.72,0.00055,75706.72,29MAY26,71000,,P,BTC-29MAY26-71000-P
0.342,0.3485,0.4,0.34548058,1779882228012,0.0,36.87,76358.79,BTC-25SEP26,75706.72,0.34525,75706.72,25SEP26,102000,,P,BTC-25SEP26-102000-P
,0.0001,308.5,3e-08,1779882228012,0.0,95.76,75850.56,BTC-26JUN26,75706.72,,75706.72,26JUN26,300000,,C,BTC-26JUN26-300000-C
0.0001,0.0002,56.0,0.00011546,1779882228012,39.2,35.89,75706.72,index_price,75706.72,0.00015,75706.72,28MAY26,78500,,C,BTC-28MAY26-78500-C
0.0745,0.118,0.0,0.09607135,1779882228012,0.0,36.46,75731.34,SYN.BTC-31MAY26,75706.72,0.09625,75706.72,31MAY26,83000,,P,BTC-31MAY26-83000-P
0.0275,0.029,711.3,0.02843692,1779882228012,0.0,39.94,77058.86,BTC-25DEC26,75706.72,0.02825,75706.72,25DEC26,105000,,C,BTC-25DEC26-105000-C
0.052,0.059,0.2,0.05665933,1779882228012,0.2,44.55,75706.72,index_price,75706.72,0.0555,75706.72,28MAY26,80000,,P,BTC-28MAY26-80000-P
0.038,0.039,127.6,0.03851889,1779882228012,0.1,47.58,77058.86,BTC-25DEC26,75706.72,0.0385,75706.72,25DEC26,58000,,P,BTC-25DEC26-58000-P
0.0001,0.0003,0.0,0.00018768,1779882228012,0.0,52.05,75731.34,SYN.BTC-31MAY26,75706.72,0.0002,75706.72,31MAY26,67000,,P,BTC-31MAY26-67000-P
0.081,0.082,172.0,0.08132764,1779882228012,10.1,34.76,76002.92,BTC-31JUL26,75706.72,0.0815,75706.72,31JUL26,79000,,P,BTC-31JUL26-79000-P
0.0005,0.0007,0.0,0.00061692,1779882228012,0.0,42.82,75731.34,SYN.BTC-31MAY26,75706.72,0.0006,75706.72,31MAY26,70000,,P,BTC-31MAY26-70000-P
0.0345,0.038,0.0,0.03612134,1779882228012,0.0,42.32,75706.72,index_price,75706.72,0.03625,75706.72,28MAY26,73000,,C,BTC-28MAY26-73000-C
0.0065,0.007,327.8,0.0067649,1779882228012,84.4,38.84,75758.8,BTC-12JUN26,75706.72,0.00675,75706.72,12JUN26,70000,,P,BTC-12JUN26-70000-P
0.8925,0.906,0.2,0.89974278,1779882228012,0.0,45.29,76358.55,BTC-25SEP26,75706.72,0.89925,75706.72,25SEP26,145000,,P,BTC-25SEP26-145000-P
0.043,0.046,69.3,0.04466013,1779882228012,1.4,32.45,75758.68,BTC-12JUN26,75706.72,0.0445,75706.72,12JUN26,78000,,P,BTC-12JUN26-78000-P
0.0175,0.0635,0.0,0.03823586,1779882228012,0.0,37.88,75706.72,index_price,75706.72,0.0405,75706.72,30MAY26,73000,,C,BTC-30MAY26-73000-C
0.1115,0.164,0.0,0.14895299,1779882228012,0.0,54.66,75706.72,index_price,75706.72,0.13775,75706.72,30MAY26,87000,,P,BTC-30MAY26-87000-P
0.0019,0.0022,51.9,0.00203757,1779882228012,39.4,33.13,75720.4,BTC-29MAY26,75706.72,0.00205,75706.72,29MAY26,77500,,C,BTC-29MAY26-77500-C
0.0002,0.0003,715.9,0.0002393,1779882228012,55.1,34.95,75758.68,BTC-12JUN26,75706.72,0.00025,75706.72,12JUN26,90000,,C,BTC-12JUN26-90000-C
0.268,0.274,5.2,0.27200606,1779882228012,0.0,40.14,77058.86,BTC-25DEC26,75706.72,0.271,75706.72,25DEC26,94000,,P,BTC-25DEC26-94000-P
0.018,0.019,296.2,0.01855964,1779882228012,223.9,40.82,76002.92,BTC-31JUL26,75706.72,0.0185,75706.72,31JUL26,66000,,P,BTC-31JUL26-66000-P
0.0007,0.0011,226.5,0.00078899,1779882228012,2.0,51.75,77058.62,BTC-25DEC26,75706.72,0.0009,75706.72,25DEC26,220000,,C,BTC-25DEC26-220000-C
0.144,0.1455,531.9,0.14481226,1779882228012,0.1,43.39,77743.91,BTC-26MAR27,75706.72,0.14475,75706.72,26MAR27,80000,,C,BTC-26MAR27-80000-C
1.215,1.3775,0.2,1.29217726,1779882228012,0.0,51.74,76358.79,BTC-25SEP26,75706.72,1.29625,75706.72,25SEP26,175000,,P,BTC-25SEP26-175000-P
0.0245,0.0265,68.4,0.02554158,1779882228012,6.7,33.13,75720.64,BTC-29MAY26,75706.72,0.0255,75706.72,29MAY26,77500,,P,BTC-29MAY26-77500-P
0.0175,0.066,0.1,0.03799141,1779882228012,0.1,31.61,75706.72,index_price,75706.72,0.04175,75706.72,30MAY26,78500,,P,BTC-30MAY26-78500-P
0.365,0.3865,0.0,0.36608784,1779882228012,0.0,97.67,75720.4,BTC-29MAY26,75706.72,0.37575,75706.72,29MAY26,48000,,C,BTC-29MAY26-48000-C
0.0605,0.066,0.0,0.06230411,1779882228012,0.0,54.37,75706.72,index_price,75706.72,0.06325,75706.72,28MAY26,71000,,C,BTC-28MAY26-71000-C
0.033,0.034,72.3,0.03342902,1779882228013,0.0,48.5,77058.86,BTC-25DEC26,75706.72,0.0335,75706.72,25DEC26,56000,,P,BTC-25DEC26-56000-P
0.1175,0.125,0.0,0.12257553,1779882228013,0.0,34.29,75739.59,BTC-5JUN26,75706.72,0.12125,75706.72,5JUN26,85000,,P,BTC-5JUN26-85000-P
0.0785,0.0795,2979.1,0.07921396,1779882228013,505.3,38.68,76358.79,BTC-25SEP26,75706.72,0.079,75706.72,25SEP26,75000,,P,BTC-25SEP26-75000-P
0.0515,0.053,72.7,0.05215504,1779882228013,1.1,40.14,77058.86,BTC-25DEC26,75706.72,0.05225,75706.72,25DEC26,94000,,C,BTC-25DEC26-94000-C
0.0002,0.0004,0.0,0.00028059,1779882228013,0.0,49.15,75731.34,SYN.BTC-31MAY26,75706.72,0.0003,75706.72,31MAY26,68000,,P,BTC-31MAY26-68000-P
0.005,0.006,1410.7,0.00545644,1779882228013,1.0,42.42,77058.62,BTC-25DEC26,75706.72,0.0055,75706.72,25DEC26,140000,,C,BTC-25DEC26-140000-C
,0.0001,1501.2,0.0,1779882228013,0.0,62.56,75720.4,BTC-29MAY26,75706.72,,75706.72,29MAY26,98000,,C,BTC-29MAY26-98000-C
0.101,0.1035,617.6,0.10214304,1779882228013,11.2,66.93,75720.64,BTC-29MAY26,75706.72,0.10225,75706.72,29MAY26,68000,,C,BTC-29MAY26-68000-C
0.0275,0.0285,2051.7,0.0279471,1779882228013,43.3,36.38,76358.79,BTC-25SEP26,75706.72,0.028,75706.72,25SEP26,90000,,C,BTC-25SEP26-90000-C
0.28,0.284,9.2,0.2816446,1779882228013,0.0,47.62,76358.79,BTC-25SEP26,75706.72,0.282,75706.72,25SEP26,56000,,C,BTC-25SEP26-56000-C
0.119,0.1215,145.3,0.12059248,1779882228013,1.1,42.37,77058.86,BTC-25DEC26,75706.72,0.12025,75706.72,25DEC26,76000,,P,BTC-25DEC26-76000-P
,0.0001,653.1,9.97e-06,1779882228013,103.3,61.75,75720.64,BTC-29MAY26,75706.72,,75706.72,29MAY26,87000,,C,BTC-29MAY26-87000-C
,0.0001,598.1,4e-08,1779882228013,0.0,89.14,75720.64,BTC-29MAY26,75706.72,,75706.72,29MAY26,57000,,P,BTC-29MAY26-57000-P
0.0005,0.0006,1192.1,0.00053698,1779882228013,6.5,54.9,77058.86,BTC-25DEC26,75706.72,0.00055,75706.72,25DEC26,250000,,C,BTC-25DEC26-250000-C
0.2125,0.2165,14.0,0.21406413,1779882228013,0.0,43.87,76358.55,BTC-25SEP26,75706.72,0.2145,75706.72,25SEP26,62000,,C,BTC-25SEP26-62000-C
0.0065,0.0075,181.0,0.00704934,1779882228013,2.6,47.37,76002.92,BTC-31JUL26,75706.72,0.007,75706.72,31JUL26,58000,,P,BTC-31JUL26-58000-P
0.2085,0.2115,899.0,0.20913894,1779882228013,0.0,45.03,77743.91,BTC-26MAR27,75706.72,0.21,75706.72,26MAR27,70000,,C,BTC-26MAR27-70000-C
0.236,0.243,7.4,0.2400741,1779882228013,0.0,36.07,75850.56,BTC-26JUN26,75706.72,0.2395,75706.72,26JUN26,94000,,P,BTC-26JUN26-94000-P
0.0135,0.0145,0.0,0.0140676,1779882228013,0.0,30.53,75731.365,SYN.BTC-31MAY26,75706.72,0.014,75706.72,31MAY26,75500,,C,BTC-31MAY26-75500-C
0.138,0.141,0.0,0.13948269,1779882228013,0.0,40.2,76003.15,BTC-31JUL26,75706.72,0.1395,75706.72,31JUL26,67000,,C,BTC-31JUL26-67000-C
0.1355,0.1375,1378.2,0.13613215,1779882228013,0.0,40.26,76358.79,BTC-25SEP26,75706.72,0.1365,75706.72,25SEP26,70000,,C,BTC-25SEP26-70000-C
0.0029,0.0033,1.4,0.0031034,1779882228013,1.4,36.76,75706.72,index_price,75706.72,0.0031,75706.72,30MAY26,73500,,P,BTC-30MAY26-73500-P
,0.0002,63.5,8.594e-05,1779882228013,49.4,46.02,75706.72,index_price,75706.72,,75706.72,28MAY26,72000,,P,BTC-28MAY26-72000-P
,0.0001,264.7,2.696e-05,1779882228013,0.0,73.71,75850.56,BTC-26JUN26,75706.72,,75706.72,26JUN26,155000,,C,BTC-26JUN26-155000-C
,0.0001,747.1,0.0,1779882228013,0.0,97.67,75720.4,BTC-29MAY26,75706.72,,75706.72,29MAY26,48000,,P,BTC-29MAY26-48000-P
0.009,0.0575,0.0,0.03246239,1779882228013,0.0,36.76,75706.72,index_price,75706.72,0.03325,75706.72,30MAY26,73500,,C,BTC-30MAY26-73500-C
0.1055,0.1085,113.7,0.10725202,1779882228013,0.0,34.19,76003.15,BTC-31JUL26,75706.72,0.107,75706.72,31JUL26,82000,,P,BTC-31JUL26-82000-P
0.0042,0.0043,1067.5,0.00424777,1779882228013,7.5,32.94,75850.56,BTC-26JUN26,75706.72,0.00425,75706.72,26JUN26,86000,,C,BTC-26JUN26-86000-C
2.2895,2.5285,0.0,2.40503318,1779882228013,0.0,61.4,76358.79,BTC-25SEP26,75706.72,2.409,75706.72,25SEP26,260000,,P,BTC-25SEP26-260000-P
,0.0001,176.0,1.159e-05,1779882228013,0.0,75.18,75850.56,BTC-26JUN26,75706.72,,75706.72,26JUN26,165000,,C,BTC-26JUN26-165000-C
,0.0001,1223.8,0.0,1779882228013,0.0,62.56,75720.64,BTC-29MAY26,75706.72,,75706.72,29MAY26,96000,,C,BTC-29MAY26-96000-C
,0.0001,424.6,0.0,1779882228013,0.0,114.17,75720.64,BTC-29MAY26,75706.72,,75706.72,29MAY26,40000,,P,BTC-29MAY26-40000-P
0.0065,0.007,1249.9,0.00662961,1779882228013,9.4,41.62,75850.56,BTC-26JUN26,75706.72,0.00675,75706.72,26JUN26,66000,,P,BTC-26JUN26-66000-P
0.0875,0.0905,371.4,0.08944812,1779882228013,0.5,34.51,76002.92,BTC-31JUL26,75706.72,0.089,75706.72,31JUL26,80000,,P,BTC-31JUL26-80000-P
,0.0001,1033.8,6e-08,1779882228013,0.0,62.56,75720.4,BTC-29MAY26,75706.72,,75706.72,29MAY26,92000,,C,BTC-29MAY26-92000-C
0.444,0.452,53.3,0.44917693,1779882228013,0.0,40.03,77058.62,BTC-25DEC26,75706.72,0.448,75706.72,25DEC26,110000,,P,BTC-25DEC26-110000-P
0.0335,0.0345,108.0,0.03408924,1779882228013,35.4,37.86,76002.92,BTC-31JUL26,75706.72,0.034,75706.72,31JUL26,71000,,P,BTC-31JUL26-71000-P
0.507,0.5195,0.1,0.51374225,1779882228013,0.0,41.36,76002.92,BTC-31JUL26,75706.72,0.51325,75706.72,31JUL26,115000,,P,BTC-31JUL26-115000-P
0.006,0.007,0.0,0.00641822,1779882228013,0.0,31.91,75731.365,SYN.BTC-31MAY26,75706.72,0.0065,75706.72,31MAY26,74500,,P,BTC-31MAY26-74500-P
0.0615,0.063,475.4,0.06208459,1779882228013,0.8,44.97,77058.62,BTC-25DEC26,75706.72,0.06225,75706.72,25DEC26,65000,,P,BTC-25DEC26-65000-P
0.105,0.112,0.0,0.10945509,1779882228013,0.0,46.33,75706.72,index_price,75706.72,0.1085,75706.72,28MAY26,84000,,P,BTC-28MAY26-84000-P
,0.0001,73.4,3.455e-05,1779882228013,95.0,39.91,75706.72,index_price,75706.72,,75706.72,28MAY26,79500,,C,BTC-28MAY26-79500-C
,0.0001,478.2,0.0,1779882228013,0.0,90.51,75720.64,BTC-29MAY26,75706.72,,75706.72,29MAY26,52000,,P,BTC-29MAY26-52000-P
0.0245,0.025,393.4,0.0245651,1779882228013,21.5,33.95,76002.92,BTC-31JUL26,75706.72,0.02475,75706.72,31JUL26,83000,,C,BTC-31JUL26-83000-C
0.1165,0.1205,13.7,0.11884474,1779882228013,0.1,38.87,76002.92,BTC-31JUL26,75706.72,0.1185,75706.72,31JUL26,69000,,C,BTC-31JUL26-69000-C
0.0145,0.065,0.0,0.04429925,1779882228013,0.0,29.46,75731.34,SYN.BTC-31MAY26,75706.72,0.03975,75706.72,31MAY26,79000,,P,BTC-31MAY26-79000-P
0.4905,0.493,44.8,0.49120358,1779882228013,0.0,59.08,77058.86,BTC-25DEC26,75706.72,0.49175,75706.72,25DEC26,40000,,C,BTC-25DEC26-40000-C
0.047,0.0495,85.8,0.04844738,1779882228013,0.0,31.47,75739.44,BTC-5JUN26,75706.72,0.04825,75706.72,5JUN26,79000,,P,BTC-5JUN26-79000-P
,0.0001,10.6,5.503e-05,1779882228013,9.3,64.55,75706.72,index_price,75706.72,,75706.72,28MAY26,70000,,P,BTC-28MAY26-70000-P
0.6265,0.6365,8.5,0.63220106,1779882228013,0.0,40.76,77058.86,BTC-25DEC26,75706.72,0.6315,75706.72,25DEC26,125000,,P,BTC-25DEC26-125000-P
0.752,0.7635,0.6,0.75862489,1779882228013,0.0,41.96,77058.86,BTC-25DEC26,75706.72,0.75775,75706.72,25DEC26,135000,,P,BTC-25DEC26-135000-P
0.052,0.054,98.0,0.05294857,1779882228013,0.0,41.58,77743.91,BTC-26MAR27,75706.72,0.053,75706.72,26MAR27,105000,,C,BTC-26MAR27-105000-C
0.347,0.3545,1.5,0.3512147,1779882228013,0.0,41.72,77743.67,BTC-26MAR27,75706.72,0.35075,75706.72,26MAR27,100000,,P,BTC-26MAR27-100000-P
0.3145,0.321,0.0,0.3180038,1779882228013,0.0,35.52,76002.68,BTC-31JUL26,75706.72,0.31775,75706.72,31JUL26,100000,,P,BTC-31JUL26-100000-P
0.0065,0.0075,33.6,0.00700687,1779882228013,35.5,32.24,75706.72,index_price,75706.72,0.007,75706.72,30MAY26,76500,,C,BTC-30MAY26-76500-C
0.065,0.106,0.0,0.06982217,1779882228013,0.0,34.07,75706.72,index_price,75706.72,0.0855,75706.72,30MAY26,81000,,P,BTC-30MAY26-81000-P
0.2195,0.2225,0.1,0.22081683,1779882228013,0.0,89.14,75720.4,BTC-29MAY26,75706.72,0.221,75706.72,29MAY26,59000,,C,BTC-29MAY26-59000-C
0.3895,0.4045,0.0,0.395828,1779882228013,0.0,37.22,76002.68,BTC-31JUL26,75706.72,0.397,75706.72,31JUL26,106000,,P,BTC-31JUL26-106000-P
0.4535,0.4615,1.2,0.45824389,1779882228013,0.0,41.55,77743.91,BTC-26MAR27,75706.72,0.4575,75706.72,26MAR27,110000,,P,BTC-26MAR27-110000-P
,0.0001,135.9,2e-08,1779882228013,0.0,99.84,75850.56,BTC-26JUN26,75706.72,,75706.72,26JUN26,320000,,C,BTC-26JUN26-320000-C
0.2045,0.2085,598.0,0.20659765,1779882228013,0.0,36.38,76358.79,BTC-25SEP26,75706.72,0.2065,75706.72,25SEP26,90000,,P,BTC-25SEP26-90000-P
,0.0001,0.0,0.0,1779882228013,0.0,47.45,75706.72,index_price,75706.72,,75706.72,28MAY26,86000,,C,BTC-28MAY26-86000-C
3.049,3.3425,0.1,3.19077528,1779882228013,0.0,66.78,76358.79,BTC-25SEP26,75706.72,3.19575,75706.72,25SEP26,320000,,P,BTC-25SEP26-320000-P
0.0007,0.0008,218.9,0.00078407,1779882228013,26.0,36.07,75850.56,BTC-26JUN26,75706.72,0.00075,75706.72,26JUN26,94000,,C,BTC-26JUN26-94000-C
0.065,0.0935,0.0,0.08302351,1779882228013,0.0,39.18,75706.72,index_price,75706.72,0.07925,75706.72,30MAY26,82000,,P,BTC-30MAY26-82000-P
0.2235,0.2265,7.4,0.22425218,1779882228013,0.2,45.46,77743.91,BTC-26MAR27,75706.72,0.225,75706.72,26MAR27,68000,,C,BTC-26MAR27-68000-C
0.096,0.099,159.0,0.0981014,1779882228013,0.3,34.32,76002.92,BTC-31JUL26,75706.72,0.0975,75706.72,31JUL26,81000,,P,BTC-31JUL26-81000-P
0.8375,0.852,23.1,0.8458377,1779882228013,0.0,70.25,75850.32,BTC-26JUN26,75706.72,0.84475,75706.72,26JUN26,140000,,P,BTC-26JUN26-140000-P
0.1675,0.172,1.0,0.16997652,1779882228013,0.0,33.84,76002.92,BTC-31JUL26,75706.72,0.16975,75706.72,31JUL26,88000,,P,BTC-31JUL26-88000-P
0.0135,0.015,153.6,0.0142946,1779882228013,51.6,42.45,77743.91,BTC-26MAR27,75706.72,0.01425,75706.72,26MAR27,140000,,C,BTC-26MAR27-140000-C
0.9745,1.118,1.8,1.04353711,1779882228013,0.0,73.71,75850.56,BTC-26JUN26,75706.72,1.04625,75706.72,26JUN26,155000,,P,BTC-26JUN26-155000-P
0.0002,0.0003,1330.9,0.00025519,1779882228013,6.6,61.64,75720.4,BTC-29MAY26,75706.72,0.00025,75706.72,29MAY26,69000,,P,BTC-29MAY26-69000-P
0.0285,0.0305,204.3,0.02946391,1779882228013,7.0,32.03,75739.59,BTC-5JUN26,75706.72,0.0295,75706.72,5JUN26,77000,,P,BTC-5JUN26-77000-P
0.019,0.02,141.7,0.01966835,1779882228013,6.9,36.46,76358.79,BTC-25SEP26,75706.72,0.0195,75706.72,25SEP26,94000,,C,BTC-25SEP26-94000-C
0.2455,0.248,67.4,0.24625494,1779882228013,0.0,45.99,77058.86,BTC-25DEC26,75706.72,0.24675,75706.72,25DEC26,62000,,C,BTC-25DEC26-62000-C
0.02,0.0205,2858.6,0.02019225,1779882228013,74.1,36.57,75850.56,BTC-26JUN26,75706.72,0.02025,75706.72,26JUN26,72000,,P,BTC-26JUN26-72000-P
0.017,0.0175,4088.0,0.01740194,1779882228013,702.7,33.1,75850.71,BTC-26JUN26,75706.72,0.01725,75706.72,26JUN26,80000,,C,BTC-26JUN26-80000-C
2.184,2.4145,0.0,2.2959843,1779882228013,0.0,90.33,75850.56,BTC-26JUN26,75706.72,2.29925,75706.72,26JUN26,250000,,P,BTC-26JUN26-250000-P
0.074,0.0755,2.7,0.07450302,1779882228013,1.9,36.45,76002.68,BTC-31JUL26,75706.72,0.07475,75706.72,31JUL26,74000,,C,BTC-31JUL26-74000-C
0.046,0.0475,67.8,0.04666647,1779882228013,1.7,40.04,77058.86,BTC-25DEC26,75706.72,0.04675,75706.72,25DEC26,96000,,C,BTC-25DEC26-96000-C
0.2355,0.239,10.4,0.23724887,1779882228013,0.0,52.43,75850.56,BTC-26JUN26,75706.72,0.23725,75706.72,26JUN26,58000,,C,BTC-26JUN26-58000-C
,0.0001,157.1,8.349e-05,1779882228013,53.3,41.57,75739.59,BTC-5JUN26,75706.72,,75706.72,5JUN26,90000,,C,BTC-5JUN26-90000-C
0.3405,0.343,339.0,0.34162691,1779882228013,0.0,67.13,75850.56,BTC-26JUN26,75706.72,0.34175,75706.72,26JUN26,50000,,C,BTC-26JUN26-50000-C
0.192,0.195,184.1,0.19314124,1779882228013,0.0,44.21,77058.86,BTC-25DEC26,75706.72,0.1935,75706.72,25DEC26,68000,,C,BTC-25DEC26-68000-C
0.248,0.253,1.3,0.25070337,1779882228013,0.0,36.46,76358.55,BTC-25SEP26,75706.72,0.2505,75706.72,25SEP26,94000,,P,BTC-25SEP26-94000-P
0.064,0.066,138.7,0.06492923,1779882228013,0.0,41.72,77743.91,BTC-26MAR27,75706.72,0.065,75706.72,26MAR27,100000,,C,BTC-26MAR27-100000-C
0.0985,0.0995,48.2,0.0989263,1779882228013,8.0,45.46,77743.91,BTC-26MAR27,75706.72,0.099,75706.72,26MAR27,68000,,P,BTC-26MAR27-68000-P
0.0001,0.0002,48.8,0.00013554,1779882228013,18.6,34.07,75706.72,index_price,75706.72,0.00015,75706.72,30MAY26,81000,,C,BTC-30MAY26-81000-C
2.5665,2.8245,0.0,2.69150224,1779882228013,0.0,91.37,75850.56,BTC-26JUN26,75706.72,2.6955,75706.72,26JUN26,280000,,P,BTC-26JUN26-280000-P
,0.0001,691.0,6.8e-07,1779882228013,0.0,86.18,75850.56,BTC-26JUN26,75706.72,,75706.72,26JUN26,220000,,C,BTC-26JUN26-220000-C
0.472,0.474,31.7,0.47289237,1779882228013,0.0,85.63,75850.56,BTC-26JUN26,75706.72,0.473,75706.72,26JUN26,40000,,C,BTC-26JUN26-40000-C
0.04,0.0405,2004.6,0.0402085,1779882228013,263.5,34.35,75850.32,BTC-26JUN26,75706.72,0.04025,75706.72,26JUN26,76000,,P,BTC-26JUN26-76000-P
,0.0001,61.1,6.94e-06,1779882228013,17.5,45.8,75706.72,index_price,75706.72,,75706.72,28MAY26,81000,,C,BTC-28MAY26-81000-C
0.0255,0.0265,42.0,0.02594208,1779882228013,0.8,33.49,75739.59,BTC-5JUN26,75706.72,0.026,75706.72,5JUN26,75000,,C,BTC-5JUN26-75000-C
0.0016,0.0018,5575.3,0.00172167,1779882228013,78.4,34.19,75850.56,BTC-26JUN26,75706.72,0.0017,75706.72,26JUN26,90000,,C,BTC-26JUN26-90000-C
2.3115,2.5515,0.0,2.42782359,1779882228013,0.0,91.06,75850.56,BTC-26JUN26,75706.72,2.4315,75706.72,26JUN26,260000,,P,BTC-26JUN26-260000-P
0.098,0.0995,669.0,0.09892304,1779882228013,26.2,37.9,76358.79,BTC-25SEP26,75706.72,0.09875,75706.72,25SEP26,78000,,P,BTC-25SEP26-78000-P
,0.0001,1491.8,5.83e-05,1779882228013,2.7,60.59,75850.56,BTC-26JUN26,75706.72,,75706.72,26JUN26,130000,,C,BTC-26JUN26-130000-C
0.406,0.409,5.8,0.40724128,1779882228013,0.0,77.3,75850.56,BTC-26JUN26,75706.72,0.4075,75706.72,26JUN26,45000,,C,BTC-26JUN26-45000-C
0.0055,0.006,171.3,0.0056789,1779882228013,8.0,31.95,75758.68,BTC-12JUN26,75706.72,0.00575,75706.72,12JUN26,81000,,C,BTC-12JUN26-81000-C
0.6265,0.6535,0.0,0.63201787,1779882228013,0.0,41.75,77743.91,BTC-26MAR27,75706.72,0.64,75706.72,26MAR27,125000,,P,BTC-26MAR27-125000-P
0.0345,0.0365,527.3,0.03551013,1779882228013,0.1,41.56,77743.91,BTC-26MAR27,75706.72,0.0355,75706.72,26MAR27,115000,,C,BTC-26MAR27-115000-C
0.1135,0.1155,30.9,0.11451574,1779882228013,2.0,42.66,77743.91,BTC-26MAR27,75706.72,0.1145,75706.72,26MAR27,86000,,C,BTC-26MAR27-86000-C
0.172,0.178,0.0,0.17538044,1779882228013,0.0,62.56,75720.64,BTC-29MAY26,75706.72,0.175,75706.72,29MAY26,89000,,P,BTC-29MAY26-89000-P
0.0305,0.0315,924.8,0.0310501,1779882228013,0.0,48.94,77058.86,BTC-25DEC26,75706.72,0.031,75706.72,25DEC26,55000,,P,BTC-25DEC26-55000-P
0.0135,0.014,163.1,0.0137098,1779882228013,5.8,36.57,76358.55,BTC-25SEP26,75706.72,0.01375,75706.72,25SEP26,98000,,C,BTC-25SEP26-98000-C
0.1605,0.1655,9.6,0.16283596,1779882228013,0.1,33.4,75850.56,BTC-26JUN26,75706.72,0.163,75706.72,26JUN26,88000,,P,BTC-26JUN26-88000-P
0.121,0.124,57.9,0.12258924,1779882228013,0.1,58.59,75720.64,BTC-29MAY26,75706.72,0.1225,75706.72,29MAY26,85000,,P,BTC-29MAY26-85000-P
0.318,0.324,271.7,0.32109155,1779882228013,0.0,36.68,76358.55,BTC-25SEP26,75706.72,0.321,75706.72,25SEP26,100000,,P,BTC-25SEP26-100000-P
0.3385,0.34,0.2,0.33967483,1779882228013,0.5,96.34,75720.4,BTC-29MAY26,75706.72,0.33925,75706.72,29MAY26,50000,,C,BTC-29MAY26-50000-C
,0.0001,1024.4,1.52e-06,1779882228013,0.0,82.12,75850.56,BTC-26JUN26,75706.72,,75706.72,26JUN26,200000,,C,BTC-26JUN26-200000-C
0.0095,0.01,51.7,0.00967662,1779882228013,0.1,36.87,76358.79,BTC-25SEP26,75706.72,0.00975,75706.72,25SEP26,102000,,C,BTC-25SEP26-102000-C
0.059,0.061,39.4,0.05991646,1779882228013,0.0,41.68,77743.91,BTC-26MAR27,75706.72,0.06,75706.72,26MAR27,102000,,C,BTC-26MAR27-102000-C
0.1325,0.135,243.9,0.1343563,1779882228013,1.9,42.09,77058.62,BTC-25DEC26,75706.72,0.13375,75706.72,25DEC26,78000,,P,BTC-25DEC26-78000-P
0.259,0.2625,0.0,0.26043582,1779882228013,0.0,89.14,75720.4,BTC-29MAY26,75706.72,0.26075,75706.72,29MAY26,56000,,C,BTC-29MAY26-56000-C
0.0019,0.0022,34.8,0.00209387,1779882228013,34.8,31.6,75706.72,index_price,75706.72,0.00205,75706.72,30MAY26,78000,,C,BTC-30MAY26-78000-C
0.02,0.0205,464.7,0.02012938,1779882228013,110.4,32.88,75758.68,BTC-12JUN26,75706.72,0.02025,75706.72,12JUN26,77000,,C,BTC-12JUN26-77000-C
0.066,0.0665,2527.3,0.06602319,1779882228013,112.3,37.44,76358.79,BTC-25SEP26,75706.72,0.06625,75706.72,25SEP26,80000,,C,BTC-25SEP26-80000-C
0.004,0.0044,6.5,0.00415694,1779882228013,7.7,36.49,75720.4,BTC-29MAY26,75706.72,0.0042,75706.72,29MAY26,74500,,P,BTC-29MAY26-74500-P
,0.0001,231.0,3e-08,1779882228013,0.0,91.37,75850.56,BTC-26JUN26,75706.72,,75706.72,26JUN26,280000,,C,BTC-26JUN26-280000-C
0.038,0.0385,394.8,0.03822723,1779882228013,26.5,37.29,76002.92,BTC-31JUL26,75706.72,0.03825,75706.72,31JUL26,72000,,P,BTC-31JUL26-72000-P
0.0745,0.0775,955.4,0.07590099,1779882228013,5.7,56.18,75720.64,BTC-29MAY26,75706.72,0.076,75706.72,29MAY26,70000,,C,BTC-29MAY26-70000-C
0.226,0.2305,4.0,0.22830423,1779882228014,0.0,36.41,76358.79,BTC-25SEP26,75706.72,0.22825,75706.72,25SEP26,92000,,P,BTC-25SEP26-92000-P
0.058,0.067,0.0,0.06343474,1779882228014,0.0,39.75,75731.34,SYN.BTC-31MAY26,75706.72,0.0625,75706.72,31MAY26,71000,,C,BTC-31MAY26-71000-C
,0.0001,510.7,0.0,1779882228014,0.0,62.56,75720.4,BTC-29MAY26,75706.72,,75706.72,29MAY26,100000,,C,BTC-29MAY26-100000-C
0.3085,0.3125,0.5,0.31021762,1779882228014,0.0,48.11,77743.91,BTC-26MAR27,75706.72,0.3105,75706.72,26MAR27,58000,,C,BTC-26MAR27-58000-C
0.082,0.084,35.5,0.0829278,1779882228014,0.0,42.01,77743.91,BTC-26MAR27,75706.72,0.083,75706.72,26MAR27,94000,,C,BTC-26MAR27-94000-C
0.194,0.197,18.1,0.19497623,1779882228014,0.1,44.69,77743.91,BTC-26MAR27,75706.72,0.1955,75706.72,26MAR27,72000,,C,BTC-26MAR27-72000-C
,0.0001,739.7,8.659e-05,1779882228014,0.0,70.25,75850.56,BTC-26JUN26,75706.72,,75706.72,26JUN26,140000,,C,BTC-26JUN26-140000-C
0.316,0.3195,30.3,0.31730919,1779882228014,0.0,48.94,77058.82,BTC-25DEC26,75706.72,0.31775,75706.72,25DEC26,55000,,C,BTC-25DEC26-55000-C
,0.0001,28.9,8.2e-07,1779882228014,21.3,45.8,75706.72,index_price,75706.72,,75706.72,28MAY26,82000,,C,BTC-28MAY26-82000-C
0.19,0.1955,2.5,0.19318484,1779882228014,0.0,33.89,76002.92,BTC-31JUL26,75706.72,0.19275,75706.72,31JUL26,90000,,P,BTC-31JUL26-90000-P
0.0004,0.0009,878.5,0.00060404,1779882228014,0.2,53.89,77058.86,BTC-25DEC26,75706.72,0.00065,75706.72,25DEC26,240000,,C,BTC-25DEC26-240000-C
0.0011,0.0014,373.9,0.00124046,1779882228014,23.0,36.84,76002.92,BTC-31JUL26,75706.72,0.00125,75706.72,31JUL26,105000,,C,BTC-31JUL26-105000-C
,0.0001,3.0,3.8e-06,1779882228014,0.0,67.53,75706.72,index_price,75706.72,,75706.72,28MAY26,68000,,P,BTC-28MAY26-68000-P
,0.0001,0.8,1e-08,1779882228014,0.0,46.33,75706.72,index_price,75706.72,,75706.72,28MAY26,84000,,C,BTC-28MAY26-84000-C
0.0885,0.0895,57.7,0.08899789,1779882228014,0.0,45.92,77743.91,BTC-26MAR27,75706.72,0.089,75706.72,26MAR27,66000,,P,BTC-26MAR27-66000-P
0.034,0.0345,2272.1,0.03425461,1779882228014,421.5,34.93,75850.56,BTC-26JUN26,75706.72,0.03425,75706.72,26JUN26,75000,,P,BTC-26JUN26-75000-P
0.14,0.142,1095.7,0.14082631,1779882228014,0.0,42.55,77058.62,BTC-25DEC26,75706.72,0.141,75706.72,25DEC26,75000,,C,BTC-25DEC26-75000-C
,0.0001,322.6,1.253e-05,1779882228014,5.0,89.13,75720.4,BTC-29MAY26,75706.72,,75706.72,29MAY26,62000,,P,BTC-29MAY26-62000-P
0.0465,0.0805,0.0,0.05035851,1779882228014,0.0,31.76,75706.72,index_price,75706.72,0.0635,75706.72,30MAY26,79500,,P,BTC-30MAY26-79500-P
0.041,0.0425,1.3,0.0416149,1779882228014,0.0,34.71,75758.68,BTC-12JUN26,75706.72,0.04175,75706.72,12JUN26,74000,,C,BTC-12JUN26-74000-C
0.105,0.1485,0.0,0.10937136,1779882228014,0.0,45.6,75706.72,index_price,75706.72,0.12675,75706.72,30MAY26,84000,,P,BTC-30MAY26-84000-P
0.604,0.6055,79.9,0.60462655,1779882228014,0.0,114.96,75850.56,BTC-26JUN26,75706.72,0.60475,75706.72,26JUN26,30000,,C,BTC-26JUN26-30000-C
0.0895,0.0925,25.7,0.09088448,1779882228014,0.0,37.29,76002.92,BTC-31JUL26,75706.72,0.091,75706.72,31JUL26,72000,,C,BTC-31JUL26-72000-C
0.0001,0.0002,0.0,9.18e-05,1779882228014,0.0,36.46,75731.34,SYN.BTC-31MAY26,75706.72,0.00015,75706.72,31MAY26,83000,,C,BTC-31MAY26-83000-C
0.017,0.018,0.3,0.01731424,1779882228014,0.3,34.06,75706.72,index_price,75706.72,0.0175,75706.72,30MAY26,75000,,C,BTC-30MAY26-75000-C
0.772,0.786,14.2,0.77992052,1779882228014,0.0,66.68,75850.56,BTC-26JUN26,75706.72,0.779,75706.72,26JUN26,135000,,P,BTC-26JUN26-135000-P
0.0085,0.009,3168.7,0.00875604,1779882228014,11.1,52.35,76358.79,BTC-25SEP26,75706.72,0.00875,75706.72,25SEP26,50000,,P,BTC-25SEP26-50000-P
0.038,0.0385,1300.9,0.03822932,1779882228014,37.0,34.35,75850.56,BTC-26JUN26,75706.72,0.03825,75706.72,26JUN26,76000,,C,BTC-26JUN26-76000-C
0.0795,0.0805,95.1,0.07977583,1779882228014,5.0,46.4,77743.91,BTC-26MAR27,75706.72,0.08,75706.72,26MAR27,64000,,P,BTC-26MAR27-64000-P
0.0295,0.0305,759.9,0.03016515,1779882228014,32.6,38.32,76002.92,BTC-31JUL26,75706.72,0.03,75706.72,31JUL26,70000,,P,BTC-31JUL26-70000-P
0.5095,0.5185,0.0,0.51473842,1779882228014,0.0,41.56,77743.91,BTC-26MAR27,75706.72,0.514,75706.72,26MAR27,115000,,P,BTC-26MAR27-115000-P
0.106,0.159,0.0,0.13575967,1779882228014,0.0,52.26,75706.72,index_price,75706.72,0.1325,75706.72,30MAY26,86000,,P,BTC-30MAY26-86000-P
0.0041,0.0044,24.7,0.00422979,1779882228014,24.6,35.71,75706.72,index_price,75706.72,0.00425,75706.72,30MAY26,74000,,P,BTC-30MAY26-74000-P
0.8265,0.8405,1.4,0.83436181,1779882228014,0.0,43.79,76358.79,BTC-25SEP26,75706.72,0.8335,75706.72,25SEP26,140000,,P,BTC-25SEP26-140000-P
0.0285,0.0735,0.0,0.05042268,1779882228014,0.0,40.54,75706.72,index_price,75706.72,0.051,75706.72,30MAY26,72000,,C,BTC-30MAY26-72000-C
0.009,0.0095,1205.6,0.00900641,1779882228014,202.3,33.89,76002.68,BTC-31JUL26,75706.72,0.00925,75706.72,31JUL26,90000,,C,BTC-31JUL26-90000-C
0.102,0.105,10.2,0.10364131,1779882228014,10.2,43.11,75739.44,BTC-5JUN26,75706.72,0.1035,75706.72,5JUN26,68000,,C,BTC-5JUN26-68000-C
0.202,0.2075,0.0,0.20509633,1779882228014,0.0,33.94,76002.92,BTC-31JUL26,75706.72,0.20475,75706.72,31JUL26,91000,,P,BTC-31JUL26-91000-P
,0.0001,129.0,2e-08,1779882228014,0.0,102.06,75850.56,BTC-26JUN26,75706.72,,75706.72,26JUN26,340000,,C,BTC-26JUN26-340000-C
0.4315,0.4395,0.0,0.4360974,1779882228014,0.0,41.54,77743.91,BTC-26MAR27,75706.72,0.4355,75706.72,26MAR27,108000,,P,BTC-26MAR27-108000-P
0.0047,0.0055,300.4,0.00506847,1779882228014,1.4,45.72,77743.91,BTC-26MAR27,75706.72,0.0051,75706.72,26MAR27,180000,,C,BTC-26MAR27-180000-C
0.203,0.2065,1.3,0.20441915,1779882228014,0.0,42.88,77743.67,BTC-26MAR27,75706.72,0.20475,75706.72,26MAR27,84000,,P,BTC-26MAR27-84000-P
0.059,0.064,1.1,0.06075935,1779882228014,0.0,36.49,75758.8,BTC-12JUN26,75706.72,0.0615,75706.72,12JUN26,72000,,C,BTC-12JUN26-72000-C
0.047,0.048,377.5,0.04739169,1779882228014,38.0,35.03,76002.92,BTC-31JUL26,75706.72,0.0475,75706.72,31JUL26,78000,,C,BTC-31JUL26-78000-C
0.1075,0.1105,17.1,0.10913749,1779882228014,0.0,38.32,76002.92,BTC-31JUL26,75706.72,0.109,75706.72,31JUL26,70000,,C,BTC-31JUL26-70000-C
,0.0001,441.0,6.369e-05,1779882228014,35.8,88.05,75720.4,BTC-29MAY26,75706.72,,75706.72,29MAY26,64000,,P,BTC-29MAY26-64000-P
0.0024,0.0027,1181.1,0.00242652,1779882228014,5.2,39.37,76358.79,BTC-25SEP26,75706.72,0.00255,75706.72,25SEP26,120000,,C,BTC-25SEP26-120000-C
1.151,1.3095,0.0,1.22670053,1779882228014,0.0,50.23,76358.79,BTC-25SEP26,75706.72,1.23025,75706.72,25SEP26,170000,,P,BTC-25SEP26-170000-P
0.045,0.046,2096.9,0.04545937,1779882228014,54.6,34.93,75850.56,BTC-26JUN26,75706.72,0.0455,75706.72,26JUN26,75000,,C,BTC-26JUN26-75000-C
0.105,0.107,19.7,0.10586155,1779882228014,0.0,42.51,77743.67,BTC-26MAR27,75706.72,0.106,75706.72,26MAR27,88000,,C,BTC-26MAR27-88000-C
0.0005,0.0006,1724.1,0.00051619,1779882228014,172.0,77.3,75850.56,BTC-26JUN26,75706.72,0.00055,75706.72,26JUN26,45000,,P,BTC-26JUN26-45000-P
0.0002,0.0003,183.8,0.00023663,1779882228014,1.5,35.92,75739.59,BTC-5JUN26,75706.72,0.00025,75706.72,5JUN26,86000,,C,BTC-5JUN26-86000-C
0.1325,0.134,23.5,0.13326838,1779882228014,0.0,44.34,77743.91,BTC-26MAR27,75706.72,0.13325,75706.72,26MAR27,74000,,P,BTC-26MAR27-74000-P
0.0055,0.0065,176.4,0.00596238,1779882228014,30.2,44.42,77743.91,BTC-26MAR27,75706.72,0.006,75706.72,26MAR27,170000,,C,BTC-26MAR27-170000-C
0.0745,0.1215,0.0,0.10236963,1779882228014,0.0,49.15,75731.34,SYN.BTC-31MAY26,75706.72,0.098,75706.72,31MAY26,68000,,C,BTC-31MAY26-68000-C
0.1805,0.1835,9.1,0.18142091,1779882228014,0.1,44.34,77743.89,BTC-26MAR27,75706.72,0.182,75706.72,26MAR27,74000,,C,BTC-26MAR27-74000-C
0.0575,0.059,99.7,0.05812254,1779882228014,5.0,45.29,77058.86,BTC-25DEC26,75706.72,0.05825,75706.72,25DEC26,64000,,P,BTC-25DEC26-64000-P
0.0026,0.0027,1968.1,0.00264955,1779882228014,22.2,33.4,75850.56,BTC-26JUN26,75706.72,0.00265,75706.72,26JUN26,88000,,C,BTC-26JUN26-88000-C
0.0705,0.074,3516.6,0.07211395,1779882228014,0.1,33.1,75850.56,BTC-26JUN26,75706.72,0.07225,75706.72,26JUN26,80000,,P,BTC-26JUN26-80000-P
0.1335,0.1385,0.0,0.13608993,1779882228014,0.0,32.88,75758.68,BTC-12JUN26,75706.72,0.136,75706.72,12JUN26,86000,,P,BTC-12JUN26-86000-P
0.0032,0.0036,2398.1,0.00333765,1779882228014,33.1,38.35,76358.55,BTC-25SEP26,75706.72,0.0034,75706.72,25SEP26,115000,,C,BTC-25SEP26-115000-C
0.567,0.5945,0.0,0.57270593,1779882228014,0.0,41.61,77743.67,BTC-26MAR27,75706.72,0.58075,75706.72,26MAR27,120000,,P,BTC-26MAR27-120000-P
0.008,0.0085,438.0,0.00840774,1779882228014,239.9,31.52,75739.59,BTC-5JUN26,75706.72,0.00825,75706.72,5JUN26,78000,,C,BTC-5JUN26-78000-C
0.0075,0.008,13.9,0.00776385,1779882228014,11.1,34.06,75706.72,index_price,75706.72,0.00775,75706.72,30MAY26,75000,,P,BTC-30MAY26-75000-P
0.07,0.073,4.3,0.07146059,1779882228014,0.0,31.57,75739.59,BTC-5JUN26,75706.72,0.0715,75706.72,5JUN26,81000,,P,BTC-5JUN26-81000-P
0.0014,0.0018,0.0,0.00160861,1779882228014,0.0,47.3,75758.68,BTC-12JUN26,75706.72,0.0016,75706.72,12JUN26,64000,,P,BTC-12JUN26-64000-P
,0.0001,266.9,0.0,1779882228014,0.0,102.24,75850.56,BTC-26JUN26,75706.72,,75706.72,26JUN26,380000,,C,BTC-26JUN26-380000-C
0.388,0.396,0.0,0.39291264,1779882228014,0.0,41.61,77743.91,BTC-26MAR27,75706.72,0.392,75706.72,26MAR27,104000,,P,BTC-26MAR27-104000-P
0.054,0.057,10.4,0.05515098,1779882228014,8.4,36.81,75739.59,BTC-5JUN26,75706.72,0.0555,75706.72,5JUN26,72000,,C,BTC-5JUN26-72000-C
0.2885,0.295,9.0,0.29203615,1779882228014,0.0,42.01,77743.91,BTC-26MAR27,75706.72,0.29175,75706.72,26MAR27,94000,,P,BTC-26MAR27-94000-P
0.0655,0.0725,0.0,0.06983862,1779882228014,0.0,45.8,75706.72,index_price,75706.72,0.069,75706.72,28MAY26,81000,,P,BTC-28MAY26-81000-P
0.331,0.338,258.1,0.33496635,1779882228014,0.0,39.87,77058.86,BTC-25DEC26,75706.72,0.3345,75706.72,25DEC26,100000,,P,BTC-25DEC26-100000-P
0.113,0.115,893.1,0.11411171,1779882228014,0.0,42.55,77058.86,BTC-25DEC26,75706.72,0.114,75706.72,25DEC26,75000,,P,BTC-25DEC26-75000-P
0.0013,0.0016,1428.8,0.00140866,1779882228014,1.0,41.55,76358.79,BTC-25SEP26,75706.72,0.00145,75706.72,25SEP26,130000,,C,BTC-25SEP26-130000-C
0.0735,0.082,0.0,0.07550915,1779882228014,0.0,64.55,75706.72,index_price,75706.72,0.07775,75706.72,28MAY26,70000,,C,BTC-28MAY26-70000-C
0.1675,0.17,16.4,0.16849373,1779882228014,0.0,44.0,77743.91,BTC-26MAR27,75706.72,0.16875,75706.72,26MAR27,76000,,C,BTC-26MAR27-76000-C
0.2515,0.257,0.0,0.25439795,1779882228014,0.0,34.56,76002.68,BTC-31JUL26,75706.72,0.25425,75706.72,31JUL26,95000,,P,BTC-31JUL26-95000-P
0.026,0.0265,2150.4,0.0265307,1779882228014,272.6,33.79,75850.56,BTC-26JUN26,75706.72,0.02625,75706.72,26JUN26,78000,,C,BTC-26JUN26-78000-C
0.023,0.024,523.8,0.02346144,1779882228014,4.5,36.41,76358.55,BTC-25SEP26,75706.72,0.0235,75706.72,25SEP26,92000,,C,BTC-25SEP26-92000-C
0.0016,0.002,2270.6,0.00177825,1779882228014,0.8,40.3,76358.55,BTC-25SEP26,75706.72,0.0018,75706.72,25SEP26,125000,,C,BTC-25SEP26-125000-C
0.0075,0.008,276.4,0.00776036,1779882228014,3.6,33.94,76002.92,BTC-31JUL26,75706.72,0.00775,75706.72,31JUL26,91000,,C,BTC-31JUL26-91000-C
0.564,0.574,18.9,0.57018792,1779882228014,0.0,40.49,77058.86,BTC-25DEC26,75706.72,0.569,75706.72,25DEC26,120000,,P,BTC-25DEC26-120000-P
1.5475,1.732,6.6,1.63678881,1779882228014,0.0,82.12,75850.56,BTC-26JUN26,75706.72,1.63975,75706.72,26JUN26,200000,,P,BTC-26JUN26-200000-P
0.014,0.0145,9.9,0.014164,1779882228014,9.9,30.01,75731.34,SYN.BTC-31MAY26,75706.72,0.01425,75706.72,31MAY26,76000,,P,BTC-31MAY26-76000-P
,0.0001,197.1,1.56e-06,1779882228014,0.0,86.05,75850.56,BTC-26JUN26,75706.72,,75706.72,26JUN26,210000,,C,BTC-26JUN26-210000-C
1.759,1.9635,0.0,1.85575947,1779882228014,0.0,51.75,77058.86,BTC-25DEC26,75706.72,1.86125,75706.72,25DEC26,220000,,P,BTC-25DEC26-220000-P
0.2475,0.25,1.0,0.24823467,1779882228014,0.0,46.16,77743.91,BTC-26MAR27,75706.72,0.24875,75706.72,26MAR27,65000,,C,BTC-26MAR27-65000-C
0.0195,0.021,663.0,0.02017073,1779882228014,22.9,41.96,77743.91,BTC-26MAR27,75706.72,0.02025,75706.72,26MAR27,130000,,C,BTC-26MAR27-130000-C
0.0815,0.0845,256.1,0.08306739,1779882228014,14.9,48.83,75720.64,BTC-29MAY26,75706.72,0.083,75706.72,29MAY26,82000,,P,BTC-29MAY26-82000-P
0.047,0.052,0.0,0.04912444,1779882228014,0.0,46.02,75706.72,index_price,75706.72,0.0495,75706.72,28MAY26,72000,,C,BTC-28MAY26-72000-C
0.0002,0.0006,1448.9,0.00035674,1779882228014,0.4,51.74,76358.79,BTC-25SEP26,75706.72,0.0004,75706.72,25SEP26,175000,,C,BTC-25SEP26-175000-C
0.211,0.228,1.5,0.21499837,1779882228014,0.0,62.56,75720.64,BTC-29MAY26,75706.72,0.2195,75706.72,29MAY26,92000,,P,BTC-29MAY26-92000-P
0.015,0.016,88.2,0.01549691,1779882228014,73.8,33.23,75720.64,BTC-29MAY26,75706.72,0.0155,75706.72,29MAY26,76500,,P,BTC-29MAY26-76500-P
0.123,0.125,72.7,0.12393935,1779882228014,1.9,42.88,77743.91,BTC-26MAR27,75706.72,0.124,75706.72,26MAR27,84000,,C,BTC-26MAR27-84000-C
0.0027,0.0031,208.4,0.00290682,1779882228014,193.4,34.4,75706.72,index_price,75706.72,0.0029,75706.72,28MAY26,75000,,P,BTC-28MAY26-75000-P
0.164,0.168,11.6,0.1661628,1779882228014,0.0,36.65,76358.55,BTC-25SEP26,75706.72,0.166,75706.72,25SEP26,86000,,P,BTC-25SEP26-86000-P
0.0615,0.0645,463.3,0.06283846,1779882228014,1.0,50.38,75720.64,BTC-29MAY26,75706.72,0.063,75706.72,29MAY26,71000,,C,BTC-29MAY26-71000-C
0.025,0.0575,0.0,0.0277012,1779882228014,0.0,32.74,75731.34,SYN.BTC-31MAY26,75706.72,0.04125,75706.72,31MAY26,74000,,C,BTC-31MAY26-74000-C
0.211,0.217,26.1,0.21404957,1779882228014,0.0,34.99,75850.56,BTC-26JUN26,75706.72,0.214,75706.72,26JUN26,92000,,P,BTC-26JUN26-92000-P
,0.0001,287.9,1.5e-07,1779882228014,0.0,89.14,75720.64,BTC-29MAY26,75706.72,,75706.72,29MAY26,58000,,P,BTC-29MAY26-58000-P
0.0595,0.1125,0.0,0.08929025,1779882228014,0.0,45.88,75731.34,SYN.BTC-31MAY26,75706.72,0.086,75706.72,31MAY26,69000,,C,BTC-31MAY26-69000-C
0.134,0.1375,38.0,0.13578348,1779882228014,0.0,61.49,75720.4,BTC-29MAY26,75706.72,0.13575,75706.72,29MAY26,86000,,P,BTC-29MAY26-86000-P
0.153,0.1555,361.8,0.15403796,1779882228014,0.0,41.05,76358.55,BTC-25SEP26,75706.72,0.15425,75706.72,25SEP26,68000,,C,BTC-25SEP26-68000-C
0.1605,0.164,7.3,0.16217679,1779882228014,0.1,62.55,75720.4,BTC-29MAY26,75706.72,0.16225,75706.72,29MAY26,88000,,P,BTC-29MAY26-88000-P
0.0005,0.0006,0.1,0.00052829,1779882228014,0.1,30.61,75731.34,SYN.BTC-31MAY26,75706.72,0.00055,75706.72,31MAY26,80000,,C,BTC-31MAY26-80000-C
,0.0001,69.1,2.93e-05,1779882228014,0.0,63.11,76358.55,BTC-25SEP26,75706.72,,75706.72,25SEP26,280000,,C,BTC-25SEP26-280000-C
0.0005,0.0008,187.1,0.00065707,1779882228014,0.0,52.61,77058.86,BTC-25DEC26,75706.72,0.00065,75706.72,25DEC26,230000,,C,BTC-25DEC26-230000-C
0.5775,0.586,722.5,0.58221395,1779882228014,0.0,56.75,75850.56,BTC-26JUN26,75706.72,0.58175,75706.72,26JUN26,120000,,P,BTC-26JUN26-120000-P
1.038,1.186,52.5,1.1094501,1779882228014,0.0,75.17,75850.56,BTC-26JUN26,75706.72,1.112,75706.72,26JUN26,160000,,P,BTC-26JUN26-160000-P
0.4045,0.4075,2.3,0.40570837,1779882228014,0.0,109.4,75720.66,BTC-29MAY26,75706.72,0.406,75706.72,29MAY26,45000,,C,BTC-29MAY26-45000-C
0.021,0.022,1426.2,0.02155346,1779882228014,0.3,51.68,77058.86,BTC-25DEC26,75706.72,0.0215,75706.72,25DEC26,50000,,P,BTC-25DEC26-50000-P
0.0003,0.0006,199.6,0.00042607,1779882228014,70.0,42.98,76002.92,BTC-31JUL26,75706.72,0.00045,75706.72,31JUL26,120000,,C,BTC-31JUL26-120000-C
0.0008,0.0011,8.0,0.00095942,1779882228014,8.0,39.75,75731.34,SYN.BTC-31MAY26,75706.72,0.00095,75706.72,31MAY26,71000,,P,BTC-31MAY26-71000-P
,0.0001,0.3,6.671e-05,1779882228014,0.4,45.6,75706.72,index_price,75706.72,,75706.72,30MAY26,84000,,C,BTC-30MAY26-84000-C
0.011,0.012,237.0,0.01163603,1779882228014,27.1,34.49,75739.59,BTC-5JUN26,75706.72,0.0115,75706.72,5JUN26,74000,,P,BTC-5JUN26-74000-P
0.0285,0.0295,1724.7,0.02900619,1779882228014,0.0,49.53,77058.62,BTC-25DEC26,75706.72,0.029,75706.72,25DEC26,54000,,P,BTC-25DEC26-54000-P
0.249,0.254,4.5,0.25206104,1779882228014,0.0,40.24,77058.86,BTC-25DEC26,75706.72,0.2515,75706.72,25DEC26,92000,,P,BTC-25DEC26-92000-P
0.3145,0.322,985.9,0.31873564,1779882228014,0.9,40.04,75850.56,BTC-26JUN26,75706.72,0.31825,75706.72,26JUN26,100000,,P,BTC-26JUN26-100000-P
0.1585,0.161,176.1,0.15955408,1779882228015,0.0,43.67,77743.91,BTC-26MAR27,75706.72,0.15975,75706.72,26MAR27,78000,,P,BTC-26MAR27-78000-P
0.0235,0.0245,76.0,0.0241461,1779882228015,0.0,39.97,77058.86,BTC-25DEC26,75706.72,0.024,75706.72,25DEC26,108000,,C,BTC-25DEC26-108000-C
0.0435,0.045,6497.7,0.04431835,1779882228015,0.5,46.75,77058.86,BTC-25DEC26,75706.72,0.04425,75706.72,25DEC26,60000,,P,BTC-25DEC26-60000-P
2.134,2.3655,10.0,2.24482162,1779882228015,0.0,54.9,77058.86,BTC-25DEC26,75706.72,2.24975,75706.72,25DEC26,250000,,P,BTC-25DEC26-250000-P
0.043,0.044,791.7,0.04344612,1779882228015,23.0,36.71,76358.55,BTC-25SEP26,75706.72,0.0435,75706.72,25SEP26,85000,,C,BTC-25SEP26-85000-C
1.363,1.5475,0.9,1.4479814,1779882228015,0.0,46.41,77743.91,BTC-26MAR27,75706.72,1.45525,75706.72,26MAR27,190000,,P,BTC-26MAR27-190000-P
0.0025,0.0031,1206.7,0.00277395,1779882228015,1.6,44.72,77058.86,BTC-25DEC26,75706.72,0.0028,75706.72,25DEC26,160000,,C,BTC-25DEC26-160000-C
0.0011,0.0014,11.1,0.00125524,1779882228015,10.9,40.54,75706.72,index_price,75706.72,0.00125,75706.72,30MAY26,72000,,P,BTC-30MAY26-72000-P
0.211,0.2165,3.4,0.21452327,1779882228015,0.0,40.62,77058.86,BTC-25DEC26,75706.72,0.21375,75706.72,25DEC26,88000,,P,BTC-25DEC26-88000-P
0.0013,0.0016,678.9,0.00145552,1779882228015,14.8,43.11,75739.59,BTC-5JUN26,75706.72,0.00145,75706.72,5JUN26,68000,,P,BTC-5JUN26-68000-P
0.1055,0.108,0.0,0.1064672,1779882228015,0.0,41.23,75758.68,BTC-12JUN26,75706.72,0.10675,75706.72,12JUN26,68000,,C,BTC-12JUN26-68000-C
0.289,0.2945,0.6,0.29247177,1779882228015,0.0,40.04,77058.62,BTC-25DEC26,75706.72,0.29175,75706.72,25DEC26,96000,,P,BTC-25DEC26-96000-P
0.271,0.276,1.0,0.27366631,1779882228015,0.0,36.51,76358.55,BTC-25SEP26,75706.72,0.2735,75706.72,25SEP26,96000,,P,BTC-25SEP26-96000-P
0.156,0.1605,8.1,0.15871795,1779882228015,0.0,33.84,76002.92,BTC-31JUL26,75706.72,0.15825,75706.72,31JUL26,87000,,P,BTC-31JUL26-87000-P
0.0205,0.0215,99.7,0.02103461,1779882228015,2.6,40.2,76002.92,BTC-31JUL26,75706.72,0.021,75706.72,31JUL26,67000,,P,BTC-31JUL26-67000-P
0.1325,0.138,0.3,0.13570695,1779882228015,0.0,35.92,75739.59,BTC-5JUN26,75706.72,0.13525,75706.72,5JUN26,86000,,P,BTC-5JUN26-86000-P
0.0095,0.0105,32.6,0.00983584,1779882228015,34.2,32.8,75706.72,index_price,75706.72,0.01,75706.72,30MAY26,76000,,C,BTC-30MAY26-76000-C
0.064,0.0655,2331.8,0.06504159,1779882228015,10.4,40.43,77058.86,BTC-25DEC26,75706.72,0.06475,75706.72,25DEC26,90000,,C,BTC-25DEC26-90000-C
0.239,0.2415,3.5,0.24005155,1779882228015,0.0,45.92,77743.92,BTC-26MAR27,75706.72,0.24025,75706.72,26MAR27,66000,,C,BTC-26MAR27-66000-C
0.0006,0.0008,3.8,0.00070765,1779882228015,3.8,43.37,75706.72,index_price,75706.72,0.0007,75706.72,30MAY26,71000,,P,BTC-30MAY26-71000-P
0.193,0.1955,30.4,0.194408,1779882228015,0.0,89.13,75720.4,BTC-29MAY26,75706.72,0.19425,75706.72,29MAY26,61000,,C,BTC-29MAY26-61000-C
1.487,1.6795,1.0,1.57594659,1779882228015,0.0,47.29,77743.91,BTC-26MAR27,75706.72,1.58325,75706.72,26MAR27,200000,,P,BTC-26MAR27-200000-P
0.0014,0.0017,1754.7,0.00150303,1779882228015,0.1,75.51,76358.55,BTC-25SEP26,75706.72,0.00155,75706.72,25SEP26,30000,,P,BTC-25SEP26-30000-P
0.005,0.0055,4397.0,0.00544193,1779882228015,236.9,32.87,75850.56,BTC-26JUN26,75706.72,0.00525,75706.72,26JUN26,85000,,C,BTC-26JUN26-85000-C
0.0001,0.0002,27.1,0.00014879,1779882228015,27.1,52.4,75706.72,index_price,75706.72,0.00015,75706.72,30MAY26,68000,,P,BTC-30MAY26-68000-P
0.0021,0.0025,133.4,0.00222518,1779882228015,147.0,31.39,75706.72,index_price,75706.72,0.0023,75706.72,28MAY26,76500,,C,BTC-28MAY26-76500-C
0.0075,0.0085,814.6,0.00795785,1779882228015,0.0,43.89,77743.91,BTC-26MAR27,75706.72,0.008,75706.72,26MAR27,160000,,C,BTC-26MAR27-160000-C
,0.0002,291.3,4.27e-05,1779882228015,0.0,61.4,76358.79,BTC-25SEP26,75706.72,,75706.72,25SEP26,260000,,C,BTC-25SEP26-260000-C
0.0265,0.027,157.7,0.02671487,1779882228015,25.2,38.87,76002.92,BTC-31JUL26,75706.72,0.02675,75706.72,31JUL26,69000,,P,BTC-31JUL26-69000-P
0.029,0.032,7.0,0.030434,1779882228015,0.0,34.01,75706.72,index_price,75706.72,0.0305,75706.72,28MAY26,78000,,P,BTC-28MAY26-78000-P
0.0655,0.067,128.0,0.06633059,1779882228015,0.0,44.69,77058.86,BTC-25DEC26,75706.72,0.06625,75706.72,25DEC26,66000,,P,BTC-25DEC26-66000-P
0.056,0.057,1442.0,0.05616573,1779882228015,3.8,37.15,76358.55,BTC-25SEP26,75706.72,0.0565,75706.72,25SEP26,82000,,C,BTC-25SEP26-82000-C
0.0525,0.055,4.7,0.05380749,1779882228015,0.4,32.1,75758.68,BTC-12JUN26,75706.72,0.05375,75706.72,12JUN26,79000,,P,BTC-12JUN26-79000-P
0.0085,0.009,283.9,0.00864949,1779882228015,279.5,37.57,75758.68,BTC-12JUN26,75706.72,0.00875,75706.72,12JUN26,71000,,P,BTC-12JUN26-71000-P
0.0033,0.0036,1427.2,0.00334451,1779882228015,133.3,33.21,75720.4,BTC-29MAY26,75706.72,0.00345,75706.72,29MAY26,77000,,C,BTC-29MAY26-77000-C
,0.0001,759.8,6.62e-06,1779882228015,8.0,75.18,75850.32,BTC-26JUN26,75706.72,,75706.72,26JUN26,170000,,C,BTC-26JUN26-170000-C
0.271,0.276,0.2,0.27333199,1779882228015,0.0,42.14,77743.91,BTC-26MAR27,75706.72,0.2735,75706.72,26MAR27,92000,,P,BTC-26MAR27-92000-P
1.3825,1.562,0.0,1.4670255,1779882228015,0.0,48.5,77058.86,BTC-25DEC26,75706.72,1.47225,75706.72,25DEC26,190000,,P,BTC-25DEC26-190000-P
0.552,0.5545,64.8,0.55257573,1779882228015,0.0,63.29,77058.86,BTC-25DEC26,75706.72,0.55325,75706.72,25DEC26,35000,,C,BTC-25DEC26-35000-C
1.07,1.1415,0.0,1.07911612,1779882228015,0.0,44.72,77058.86,BTC-25DEC26,75706.72,1.10575,75706.72,25DEC26,160000,,P,BTC-25DEC26-160000-P
0.289,0.316,0.1,0.29423733,1779882228015,0.0,62.56,75720.64,BTC-29MAY26,75706.72,0.3025,75706.72,29MAY26,98000,,P,BTC-29MAY26-98000-P
0.016,0.0165,92.5,0.01613059,1779882228015,68.2,33.81,76002.68,BTC-31JUL26,75706.72,0.01625,75706.72,31JUL26,86000,,C,BTC-31JUL26-86000-C
0.0125,0.0135,7077.0,0.01293129,1779882228015,79.4,40.49,77058.86,BTC-25DEC26,75706.72,0.013,75706.72,25DEC26,120000,,C,BTC-25DEC26-120000-C
0.1205,0.122,109.2,0.12110177,1779882228015,0.0,44.69,77743.67,BTC-26MAR27,75706.72,0.12125,75706.72,26MAR27,72000,,P,BTC-26MAR27-72000-P
,0.0001,507.1,0.0,1779882228015,0.0,89.14,75720.4,BTC-29MAY26,75706.72,,75706.72,29MAY26,54000,,P,BTC-29MAY26-54000-P
0.0002,0.0004,3719.2,0.000342,1779882228015,78.4,40.04,75850.56,BTC-26JUN26,75706.72,0.0003,75706.72,26JUN26,100000,,C,BTC-26JUN26-100000-C
0.1785,0.1835,5.9,0.18150111,1779882228015,0.0,33.89,76002.92,BTC-31JUL26,75706.72,0.181,75706.72,31JUL26,89000,,P,BTC-31JUL26-89000-P
0.0035,0.0041,1559.6,0.00378106,1779882228015,2.7,43.5,77058.86,BTC-25DEC26,75706.72,0.0038,75706.72,25DEC26,150000,,C,BTC-25DEC26-150000-C
0.001,0.0012,803.0,0.00112741,1779882228015,178.7,34.99,75850.56,BTC-26JUN26,75706.72,0.0011,75706.72,26JUN26,92000,,C,BTC-26JUN26-92000-C
0.0555,0.057,49.6,0.0562632,1779882228015,0.0,48.11,77743.91,BTC-26MAR27,75706.72,0.05625,75706.72,26MAR27,58000,,P,BTC-26MAR27-58000-P
0.0032,0.0035,1114.0,0.00337528,1779882228015,10.2,46.46,75850.56,BTC-26JUN26,75706.72,0.00335,75706.72,26JUN26,62000,,P,BTC-26JUN26-62000-P
0.0005,0.0007,3930.4,0.00068426,1779882228015,2.3,36.82,75850.56,BTC-26JUN26,75706.72,0.0006,75706.72,26JUN26,95000,,C,BTC-26JUN26-95000-C
0.033,0.034,328.4,0.03342004,1779882228015,6.9,36.48,76358.79,BTC-25SEP26,75706.72,0.0335,75706.72,25SEP26,88000,,C,BTC-25SEP26-88000-C
0.209,0.212,15.9,0.20983945,1779882228015,0.0,44.69,77058.86,BTC-25DEC26,75706.72,0.2105,75706.72,25DEC26,66000,,C,BTC-25DEC26-66000-C
0.033,0.034,58.7,0.03352432,1779882228015,0.0,39.93,77058.86,BTC-25DEC26,75706.72,0.0335,75706.72,25DEC26,102000,,C,BTC-25DEC26-102000-C
0.0545,0.056,14.6,0.05517575,1779882228015,0.0,41.61,77743.91,BTC-26MAR27,75706.72,0.05525,75706.72,26MAR27,104000,,C,BTC-26MAR27-104000-C
0.0022,0.0025,2176.2,0.00233401,1779882228015,20.7,46.57,77058.62,BTC-25DEC26,75706.72,0.00235,75706.72,25DEC26,170000,,C,BTC-25DEC26-170000-C
0.0013,0.0015,576.7,0.00136284,1779882228015,6.5,32.74,75758.68,BTC-12JUN26,75706.72,0.0014,75706.72,12JUN26,85000,,C,BTC-12JUN26-85000-C
0.182,0.184,424.9,0.18283432,1779882228015,0.0,42.3,76358.79,BTC-25SEP26,75706.72,0.183,75706.72,25SEP26,65000,,C,BTC-25SEP26-65000-C
0.0001,0.0003,1278.3,0.00018527,1779882228015,3.7,66.93,75720.4,BTC-29MAY26,75706.72,0.0002,75706.72,29MAY26,68000,,P,BTC-29MAY26-68000-P
0.686,0.697,0.2,0.69234184,1779882228015,0.0,41.96,77743.91,BTC-26MAR27,75706.72,0.6915,75706.72,26MAR27,130000,,P,BTC-26MAR27-130000-P
0.048,0.0525,0.0,0.05019472,1779882228015,0.0,35.8,75720.4,BTC-29MAY26,75706.72,0.05025,75706.72,29MAY26,79500,,P,BTC-29MAY26-79500-P
0.172,0.1755,135.5,0.17384063,1779882228015,0.1,43.39,77743.91,BTC-26MAR27,75706.72,0.17375,75706.72,26MAR27,80000,,P,BTC-26MAR27-80000-P
0.0046,0.0049,774.8,0.00470567,1779882228015,17.1,43.97,75850.56,BTC-26JUN26,75706.72,0.00475,75706.72,26JUN26,64000,,P,BTC-26JUN26-64000-P
0.014,0.0145,89.2,0.01433273,1779882228015,59.3,35.52,75758.68,BTC-12JUN26,75706.72,0.01425,75706.72,12JUN26,73000,,P,BTC-12JUN26-73000-P
,0.0001,174.0,2.066e-05,1779882228015,0.0,64.66,76358.55,BTC-25SEP26,75706.72,,75706.72,25SEP26,300000,,C,BTC-25SEP26-300000-C
0.006,0.0585,0.0,0.03254402,1779882228015,0.0,29.12,75731.34,SYN.BTC-31MAY26,75706.72,0.03225,75706.72,31MAY26,78000,,P,BTC-31MAY26-78000-P
0.501,0.5045,23.3,0.50212148,1779882228015,0.0,56.4,77743.89,BTC-26MAR27,75706.72,0.50275,75706.72,26MAR27,40000,,C,BTC-26MAR27-40000-C
0.001,0.0013,160.5,0.00108093,1779882228015,1.0,42.49,76358.79,BTC-25SEP26,75706.72,0.00115,75706.72,25SEP26,135000,,C,BTC-25SEP26-135000-C
0.062,0.063,287.5,0.06249835,1779882228015,8.3,39.61,76358.55,BTC-25SEP26,75706.72,0.0625,75706.72,25SEP26,72000,,P,BTC-25SEP26-72000-P
0.0255,0.0265,820.2,0.0260234,1779882228015,9.1,43.87,76358.79,BTC-25SEP26,75706.72,0.026,75706.72,25SEP26,62000,,P,BTC-25SEP26-62000-P
0.07,0.073,0.0,0.07147119,1779882228015,0.0,37.57,75758.8,BTC-12JUN26,75706.72,0.0715,75706.72,12JUN26,71000,,C,BTC-12JUN26-71000-C
0.0595,0.0605,65.7,0.05994105,1779882228015,32.8,35.67,76003.38,BTC-31JUL26,75706.72,0.06,75706.72,31JUL26,76000,,C,BTC-31JUL26-76000-C
0.0002,0.0003,7823.1,0.0002338,1779882228015,39.0,38.52,75720.4,BTC-29MAY26,75706.72,0.00025,75706.72,29MAY26,80000,,C,BTC-29MAY26-80000-C
0.0001,0.0003,51.4,0.00022571,1779882228015,44.0,34.01,75706.72,index_price,75706.72,0.0002,75706.72,28MAY26,78000,,C,BTC-28MAY26-78000-C
0.0004,0.0005,912.3,0.00039914,1779882228015,104.2,34.07,75720.64,BTC-29MAY26,75706.72,0.00045,75706.72,29MAY26,79000,,C,BTC-29MAY26-79000-C
0.024,0.0935,0.0,0.05689412,1779882228015,0.0,30.61,75731.34,SYN.BTC-31MAY26,75706.72,0.05875,75706.72,31MAY26,80000,,P,BTC-31MAY26-80000-P
0.3375,0.3415,0.0,0.33919506,1779882228015,0.0,49.1,77743.91,BTC-26MAR27,75706.72,0.3395,75706.72,26MAR27,55000,,C,BTC-26MAR27-55000-C
0.273,0.276,2.2,0.2736205,1779882228015,0.0,46.88,77743.91,BTC-26MAR27,75706.72,0.2745,75706.72,26MAR27,62000,,C,BTC-26MAR27-62000-C
0.1855,0.1905,0.0,0.18836638,1779882228015,0.0,41.57,75739.59,BTC-5JUN26,75706.72,0.188,75706.72,5JUN26,90000,,P,BTC-5JUN26-90000-P
0.092,0.099,0.0,0.09624736,1779882228015,0.0,45.81,75706.72,index_price,75706.72,0.0955,75706.72,28MAY26,83000,,P,BTC-28MAY26-83000-P
0.569,0.578,173.8,0.57396059,1779882228015,0.0,39.37,76358.79,BTC-25SEP26,75706.72,0.5735,75706.72,25SEP26,120000,,P,BTC-25SEP26-120000-P
0.0135,0.0145,2778.3,0.0139835,1779882228015,357.6,38.04,75850.56,BTC-26JUN26,75706.72,0.014,75706.72,26JUN26,70000,,P,BTC-26JUN26-70000-P
0.041,0.0725,0.0,0.05083804,1779882228015,0.0,36.93,75731.34,SYN.BTC-31MAY26,75706.72,0.05675,75706.72,31MAY26,72000,,C,BTC-31MAY26-72000-C
0.0032,0.0035,837.0,0.00334675,1779882228015,118.9,31.49,75739.59,BTC-5JUN26,75706.72,0.00335,75706.72,5JUN26,80000,,C,BTC-5JUN26-80000-C
0.1475,0.1495,674.6,0.14857487,1779882228015,0.0,42.68,75850.56,BTC-26JUN26,75706.72,0.1485,75706.72,26JUN26,65000,,C,BTC-26JUN26-65000-C
0.008,0.0085,48.9,0.00829955,1779882228015,45.5,32.35,75706.72,index_price,75706.72,0.00825,75706.72,28MAY26,76000,,P,BTC-28MAY26-76000-P
0.3525,0.3565,32.6,0.35395018,1779882228015,0.0,52.35,76358.79,BTC-25SEP26,75706.72,0.3545,75706.72,25SEP26,50000,,C,BTC-25SEP26-50000-C
0.0665,0.0675,30.7,0.06699526,1779882228015,12.5,36.06,76002.68,BTC-31JUL26,75706.72,0.067,75706.72,31JUL26,75000,,C,BTC-31JUL26-75000-C
0.1855,0.1905,0.0,0.1882118,1779882228015,0.0,34.95,75758.68,BTC-12JUN26,75706.72,0.188,75706.72,12JUN26,90000,,P,BTC-12JUN26-90000-P
0.016,0.017,229.4,0.01643905,1779882228015,52.0,36.51,76358.55,BTC-25SEP26,75706.72,0.0165,75706.72,25SEP26,96000,,C,BTC-25SEP26-96000-C
0.039,0.041,19.1,0.04001234,1779882228015,0.0,41.55,77743.91,BTC-26MAR27,75706.72,0.04,75706.72,26MAR27,112000,,C,BTC-26MAR27-112000-C
0.133,0.135,157.4,0.13401571,1779882228015,0.0,43.12,77743.91,BTC-26MAR27,75706.72,0.134,75706.72,26MAR27,82000,,C,BTC-26MAR27-82000-C
0.015,0.0155,190.9,0.01508171,1779882228015,25.9,32.45,75758.68,BTC-12JUN26,75706.72,0.01525,75706.72,12JUN26,78000,,C,BTC-12JUN26-78000-C
,0.0001,2601.1,4.003e-05,1779882228015,0.4,72.71,75850.56,BTC-26JUN26,75706.72,,75706.72,26JUN26,150000,,C,BTC-26JUN26-150000-C
0.0008,0.0011,254.4,0.00092979,1779882228015,10.6,37.9,76002.92,BTC-31JUL26,75706.72,0.00095,75706.72,31JUL26,108000,,C,BTC-31JUL26-108000-C
0.292,0.296,82.1,0.29329274,1779882228015,0.0,48.2,76358.55,BTC-25SEP26,75706.72,0.294,75706.72,25SEP26,55000,,C,BTC-25SEP26-55000-C
0.008,0.009,33.9,0.00847675,1779882228015,11.4,34.83,75720.64,BTC-29MAY26,75706.72,0.0085,75706.72,29MAY26,75500,,P,BTC-29MAY26-75500-P
0.112,0.116,38.0,0.11441894,1779882228015,0.0,32.86,75850.56,BTC-26JUN26,75706.72,0.114,75706.72,26JUN26,84000,,P,BTC-26JUN26-84000-P
0.1275,0.1305,1.7,0.12893097,1779882228015,0.4,39.46,76002.92,BTC-31JUL26,75706.72,0.129,75706.72,31JUL26,68000,,C,BTC-31JUL26-68000-C
0.0043,0.0047,33.2,0.00450686,1779882228015,34.5,32.35,75706.72,index_price,75706.72,0.0045,75706.72,28MAY26,76000,,C,BTC-28MAY26-76000-C
0.0022,0.0024,164.3,0.00224999,1779882228015,24.2,35.52,76002.92,BTC-31JUL26,75706.72,0.0023,75706.72,31JUL26,100000,,C,BTC-31JUL26-100000-C
0.034,0.039,0.0,0.03692765,1779882228015,0.0,35.89,75706.72,index_price,75706.72,0.0365,75706.72,28MAY26,78500,,P,BTC-28MAY26-78500-P
0.107,0.1085,58.8,0.10785048,1779882228015,0.7,42.73,77058.62,BTC-25DEC26,75706.72,0.10775,75706.72,25DEC26,74000,,P,BTC-25DEC26-74000-P
0.0003,0.0004,35.1,0.00031517,1779882228015,31.9,32.53,75706.72,index_price,75706.72,0.00035,75706.72,30MAY26,80000,,C,BTC-30MAY26-80000-C
0.0405,0.074,0.0,0.04407825,1779882228015,0.0,31.63,75706.72,index_price,75706.72,0.05725,75706.72,30MAY26,79000,,P,BTC-30MAY26-79000-P
0.1035,0.105,396.4,0.10418263,1779882228015,3.2,38.97,76358.79,BTC-25SEP26,75706.72,0.10425,75706.72,25SEP26,74000,,C,BTC-25SEP26-74000-C
0.171,0.175,0.3,0.17248391,1779882228015,0.3,42.31,76003.15,BTC-31JUL26,75706.72,0.173,75706.72,31JUL26,64000,,C,BTC-31JUL26-64000-C
0.0014,0.0017,0.0,0.00156729,1779882228015,0.0,36.93,75731.34,SYN.BTC-31MAY26,75706.72,0.00155,75706.72,31MAY26,72000,,P,BTC-31MAY26-72000-P
0.0018,0.002,823.4,0.00191712,1779882228015,5.7,52.43,75850.56,BTC-26JUN26,75706.72,0.0019,75706.72,26JUN26,58000,,P,BTC-26JUN26-58000-P
0.023,0.0235,66.0,0.02336832,1779882228015,5.8,33.98,75758.68,BTC-12JUN26,75706.72,0.02325,75706.72,12JUN26,75000,,P,BTC-12JUN26-75000-P
0.037,0.0395,237.6,0.03825291,1779882228015,0.0,31.52,75739.59,BTC-5JUN26,75706.72,0.03825,75706.72,5JUN26,78000,,P,BTC-5JUN26-78000-P
0.471,0.473,17.7,0.47173987,1779882228015,0.0,114.17,75720.4,BTC-29MAY26,75706.72,0.472,75706.72,29MAY26,40000,,C,BTC-29MAY26-40000-C
0.141,0.144,4.1,0.14239096,1779882228015,4.1,49.04,75739.59,BTC-5JUN26,75706.72,0.1425,75706.72,5JUN26,65000,,C,BTC-5JUN26-65000-C
0.089,0.091,601.0,0.08990461,1779882228015,0.0,41.13,77058.86,BTC-25DEC26,75706.72,0.09,75706.72,25DEC26,84000,,C,BTC-25DEC26-84000-C
0.0845,0.086,634.7,0.08539153,1779882228015,24.5,38.38,76358.55,BTC-25SEP26,75706.72,0.08525,75706.72,25SEP26,76000,,P,BTC-25SEP26-76000-P
0.1335,0.1355,273.3,0.13432995,1779882228015,0.0,42.37,77058.86,BTC-25DEC26,75706.72,0.1345,75706.72,25DEC26,76000,,C,BTC-25DEC26-76000-C
0.104,0.1615,0.0,0.12243384,1779882228015,0.0,41.41,75731.34,SYN.BTC-31MAY26,75706.72,0.13275,75706.72,31MAY26,85000,,P,BTC-31MAY26-85000-P
0.0205,0.024,4.9,0.02191056,1779882228015,4.9,34.83,75706.72,index_price,75706.72,0.02225,75706.72,30MAY26,74500,,C,BTC-30MAY26-74500-C
0.0295,0.065,0.0,0.03306969,1779882228015,0.0,33.55,75731.34,SYN.BTC-31MAY26,75706.72,0.04725,75706.72,31MAY26,73500,,C,BTC-31MAY26-73500-C
0.0006,0.0008,51.1,0.00067076,1779882228015,33.6,33.31,75720.4,BTC-29MAY26,75706.72,0.0007,75706.72,29MAY26,78500,,C,BTC-29MAY26-78500-C
0.0001,0.0002,1966.0,0.00014464,1779882228015,41.0,114.96,75850.56,BTC-26JUN26,75706.72,0.00015,75706.72,26JUN26,30000,,P,BTC-26JUN26-30000-P
0.0004,0.0007,8.1,0.00048089,1779882228015,11.0,31.76,75706.72,index_price,75706.72,0.00055,75706.72,30MAY26,79500,,C,BTC-30MAY26-79500-C
0.0295,0.0305,59.1,0.03004315,1779882228015,5.0,39.93,77058.86,BTC-25DEC26,75706.72,0.03,75706.72,25DEC26,104000,,C,BTC-25DEC26-104000-C
0.0815,0.0845,0.0,0.08278496,1779882228015,0.0,38.84,75758.68,BTC-12JUN26,75706.72,0.083,75706.72,12JUN26,70000,,C,BTC-12JUN26-70000-C
0.172,0.1745,79.8,0.17289798,1779882228015,0.0,41.83,76358.79,BTC-25SEP26,75706.72,0.17325,75706.72,25SEP26,66000,,C,BTC-25SEP26-66000-C
0.9615,1.107,0.1,1.03050008,1779882228015,0.0,47.66,76358.79,BTC-25SEP26,75706.72,1.03425,75706.72,25SEP26,155000,,P,BTC-25SEP26-155000-P
0.007,0.0075,1362.2,0.00731515,1779882228015,1.0,36.96,76358.79,BTC-25SEP26,75706.72,0.00725,75706.72,25SEP26,105000,,C,BTC-25SEP26-105000-C
0.0985,0.1015,5.1,0.09990403,1779882228015,0.0,37.86,76002.92,BTC-31JUL26,75706.72,0.1,75706.72,31JUL26,71000,,C,BTC-31JUL26-71000-C
0.0715,0.0735,1723.6,0.07253507,1779882228015,3.0,40.62,77058.86,BTC-25DEC26,75706.72,0.0725,75706.72,25DEC26,88000,,C,BTC-25DEC26-88000-C
0.3805,0.4025,0.5,0.38668285,1779882228015,0.0,62.56,75720.4,BTC-29MAY26,75706.72,0.3915,75706.72,29MAY26,105000,,P,BTC-29MAY26-105000-P
0.0165,0.0195,12.4,0.01804503,1779882228015,17.8,31.71,75706.72,index_price,75706.72,0.018,75706.72,28MAY26,77000,,P,BTC-28MAY26-77000-P
0.399,0.407,0.0,0.40354832,1779882228015,0.0,41.58,77743.91,BTC-26MAR27,75706.72,0.403,75706.72,26MAR27,105000,,P,BTC-26MAR27-105000-P
0.0295,0.0325,1327.8,0.03129822,1779882228015,4.1,33.17,75720.4,BTC-29MAY26,75706.72,0.031,75706.72,29MAY26,78000,,P,BTC-29MAY26-78000-P
0.011,0.0115,247.7,0.01114305,1779882228015,79.1,36.49,75758.68,BTC-12JUN26,75706.72,0.01125,75706.72,12JUN26,72000,,P,BTC-12JUN26-72000-P
1.2935,1.4595,37.1,1.37311087,1779882228015,0.0,75.45,75850.56,BTC-26JUN26,75706.72,1.3765,75706.72,26JUN26,180000,,P,BTC-26JUN26-180000-P
0.446,0.454,929.2,0.45038978,1779882228015,0.0,47.6,75850.56,BTC-26JUN26,75706.72,0.45,75706.72,26JUN26,110000,,P,BTC-26JUN26-110000-P
0.0008,0.001,86.3,0.00088522,1779882228015,54.6,37.71,75706.72,index_price,75706.72,0.0009,75706.72,28MAY26,74000,,P,BTC-28MAY26-74000-P
0.1295,0.1305,192.7,0.13004735,1779882228015,13.0,37.15,76358.79,BTC-25SEP26,75706.72,0.13,75706.72,25SEP26,82000,,P,BTC-25SEP26-82000-P
0.4755,0.484,0.0,0.48065207,1779882228015,0.0,41.55,77743.91,BTC-26MAR27,75706.72,0.47975,75706.72,26MAR27,112000,,P,BTC-26MAR27-112000-P
0.028,0.0285,962.1,0.02833746,1779882228015,17.6,34.19,76002.92,BTC-31JUL26,75706.72,0.02825,75706.72,31JUL26,82000,,C,BTC-31JUL26-82000-C
0.2845,0.288,39.6,0.28584486,1779882228015,0.0,47.58,77058.86,BTC-25DEC26,75706.72,0.28625,75706.72,25DEC26,58000,,C,BTC-25DEC26-58000-C
0.013,0.014,31.1,0.01349244,1779882228015,29.4,32.8,75706.72,index_price,75706.72,0.0135,75706.72,30MAY26,76000,,P,BTC-30MAY26-76000-P
,0.0002,1179.1,0.00014969,1779882228015,38.7,80.82,75720.4,BTC-29MAY26,75706.72,,75706.72,29MAY26,66000,,P,BTC-29MAY26-66000-P
0.3805,0.388,311.4,0.38455524,1779882228015,0.0,44.31,75850.56,BTC-26JUN26,75706.72,0.38425,75706.72,26JUN26,105000,,P,BTC-26JUN26-105000-P
0.0001,0.0002,2410.5,0.00013411,1779882228015,158.5,48.83,75720.4,BTC-29MAY26,75706.72,0.00015,75706.72,29MAY26,82000,,C,BTC-29MAY26-82000-C
,0.0001,58.1,5.781e-05,1779882228015,50.6,54.37,75706.72,index_price,75706.72,,75706.72,28MAY26,71000,,P,BTC-28MAY26-71000-P
,0.0002,1895.1,0.00012544,1779882228015,20.3,60.51,75850.56,BTC-26JUN26,75706.72,,75706.72,26JUN26,125000,,C,BTC-26JUN26-125000-C
0.124,0.1285,2850.5,0.12607653,1779882228015,34.3,32.87,75850.56,BTC-26JUN26,75706.72,0.12625,75706.72,26JUN26,85000,,P,BTC-26JUN26-85000-P
,0.0001,0.0,4.3e-05,1779882228015,0.0,52.26,75706.72,index_price,75706.72,,75706.72,30MAY26,86000,,C,BTC-30MAY26-86000-C
0.7355,0.7375,103.6,0.73635378,1779882228016,0.0,143.69,75850.56,BTC-26JUN26,75706.72,0.7365,75706.72,26JUN26,20000,,C,BTC-26JUN26-20000-C
0.0365,0.038,177.8,0.03724172,1779882228016,5.9,41.83,76358.79,BTC-25SEP26,75706.72,0.03725,75706.72,25SEP26,66000,,P,BTC-25SEP26-66000-P
0.0395,0.046,0.4,0.04346757,1779882228016,0.1,37.02,75706.72,index_price,75706.72,0.04275,75706.72,28MAY26,79000,,P,BTC-28MAY26-79000-P
0.0845,0.086,1588.3,0.08550214,1779882228016,29.0,41.07,77058.62,BTC-25DEC26,75706.72,0.08525,75706.72,25DEC26,85000,,C,BTC-25DEC26-85000-C
0.31,0.316,0.7,0.3134423,1779882228016,0.0,39.94,77058.86,BTC-25DEC26,75706.72,0.313,75706.72,25DEC26,98000,,P,BTC-25DEC26-98000-P
0.1555,0.157,18.7,0.15625142,1779882228016,0.5,43.67,77743.91,BTC-26MAR27,75706.72,0.15625,75706.72,26MAR27,78000,,C,BTC-26MAR27-78000-C
0.135,0.138,413.9,0.13648981,1779882228016,0.0,41.62,75850.32,BTC-26JUN26,75706.72,0.1365,75706.72,26JUN26,66000,,C,BTC-26JUN26-66000-C
0.0001,0.0002,1573.6,0.00013663,1779882228016,87.8,42.37,75720.4,BTC-29MAY26,75706.72,0.00015,75706.72,29MAY26,81000,,C,BTC-29MAY26-81000-C
0.022,0.0235,0.0,0.02267754,1779882228016,0.0,31.91,75731.34,SYN.BTC-31MAY26,75706.72,0.02275,75706.72,31MAY26,74500,,C,BTC-31MAY26-74500-C
0.0012,0.0015,13.0,0.0013198,1779882228016,15.4,31.61,75706.72,index_price,75706.72,0.00135,75706.72,30MAY26,78500,,C,BTC-30MAY26-78500-C
0.011,0.012,2296.5,0.01170513,1779882228016,1058.9,34.31,75720.4,BTC-29MAY26,75706.72,0.0115,75706.72,29MAY26,76000,,P,BTC-29MAY26-76000-P
1.5305,1.7155,0.1,1.61939349,1779882228016,0.0,55.1,76358.79,BTC-25SEP26,75706.72,1.623,75706.72,25SEP26,200000,,P,BTC-25SEP26-200000-P
0.708,0.7185,106.4,0.71397004,1779882228016,0.0,60.59,75850.56,BTC-26JUN26,75706.72,0.71325,75706.72,26JUN26,130000,,P,BTC-26JUN26-130000-P
0.0215,0.05,0.0,0.02716091,1779882228016,0.0,29.1,75731.34,SYN.BTC-31MAY26,75706.72,0.03575,75706.72,31MAY26,77500,,P,BTC-31MAY26-77500-P
0.1215,0.123,210.0,0.12213949,1779882228016,0.0,42.09,77058.86,BTC-25DEC26,75706.72,0.12225,75706.72,25DEC26,78000,,C,BTC-25DEC26-78000-C
0.0008,0.0009,2439.5,0.00082373,1779882228016,41.5,67.13,75850.56,BTC-26JUN26,75706.72,0.00085,75706.72,26JUN26,50000,,P,BTC-26JUN26-50000-P
0.1545,0.1585,492.5,0.15661609,1779882228016,0.0,36.71,76358.79,BTC-25SEP26,75706.72,0.1565,75706.72,25SEP26,85000,,P,BTC-25SEP26-85000-P
0.0011,0.0014,1853.4,0.00119095,1779882228016,376.0,33.17,75720.4,BTC-29MAY26,75706.72,0.00125,75706.72,29MAY26,78000,,C,BTC-29MAY26-78000-C
0.0002,0.0004,0.0,0.00027167,1779882228016,0.0,32.34,75731.34,SYN.BTC-31MAY26,75706.72,0.0003,75706.72,31MAY26,81000,,C,BTC-31MAY26-81000-C
,0.0001,280.8,6.996e-05,1779882228016,0.0,52.06,75739.59,BTC-5JUN26,75706.72,,75706.72,5JUN26,95000,,C,BTC-5JUN26-95000-C
0.001,0.0013,40.1,0.00112896,1779882228016,0.5,37.22,76002.92,BTC-31JUL26,75706.72,0.00115,75706.72,31JUL26,106000,,C,BTC-31JUL26-106000-C
0.011,0.0115,531.6,0.01134728,1779882228016,39.9,43.81,76002.92,BTC-31JUL26,75706.72,0.01125,75706.72,31JUL26,62000,,P,BTC-31JUL26-62000-P
0.011,0.014,20.7,0.01262084,1779882228016,17.4,31.39,75706.72,index_price,75706.72,0.0125,75706.72,28MAY26,76500,,P,BTC-28MAY26-76500-P
,0.0001,6.1,6.704e-05,1779882228016,6.1,40.93,75706.72,index_price,75706.72,,75706.72,30MAY26,83000,,C,BTC-30MAY26-83000-C
0.279,0.2845,90.5,0.28203492,1779882228016,0.0,40.04,77058.86,BTC-25DEC26,75706.72,0.28175,75706.72,25DEC26,95000,,P,BTC-25DEC26-95000-P
