bid_price,ask_price,open_interest,mark_price,creation_timestamp_x,volume,mark_iv,underlying_price,underlying_index,estimated_delivery_price,mid_price,price_index,expiration_timestamp,strike,settlement_period,option_type,instrument_id
0.026,0.0275,135.5,0.0268405,1781268302974,0.1,44.19,65312.13,BTC-26MAR27,63355.18,0.02675,63342.31,26MAR27,105000,,C,BTC-26MAR27-105000-C
0.5145,0.6385,11.8,0.56375241,1781268302974,0.0,43.82,65315.85,BTC-26MAR27,63355.18,0.5765,63342.31,26MAR27,100000,,P,BTC-26MAR27-100000-P
0.0395,0.0405,64.7,0.03988954,1781268302974,31.6,44.01,63745.35,BTC-28AUG26,63355.18,0.04,63342.31,28AUG26,58000,,P,BTC-28AUG26-58000-P
0.048,0.049,463.8,0.04833439,1781268302974,69.6,39.93,63572.65,BTC-31JUL26,63355.18,0.0485,63342.31,31JUL26,65000,,C,BTC-31JUL26-65000-C
0.275,0.284,0.1,0.27906082,1781268302974,0.0,39.1,63749.07,BTC-28AUG26,63355.18,0.2795,63342.31,28AUG26,81000,,P,BTC-28AUG26-81000-P
0.0032,0.0036,1.1,0.00344014,1781268302974,1.5,38.55,63355.18,index_price,63355.18,0.0034,63342.31,16JUN26,61000,,P,BTC-16JUN26-61000-P
,0.0001,135.9,0.0,1781268302974,0.0,125.23,63401.91,BTC-26JUN26,63355.18,,63342.31,26JUN26,320000,,C,BTC-26JUN26-320000-C
0.0001,0.0003,30.3,0.00017089,1781268302974,30.3,43.39,63358.9,index_price,63355.18,0.0002,63342.31,15JUN26,69000,,C,BTC-15JUN26-69000-C
0.0001,0.0003,244.9,0.00014153,1781268302974,0.1,72.91,63401.91,BTC-26JUN26,63355.18,0.0002,63342.31,26JUN26,94000,,C,BTC-26JUN26-94000-C
0.009,0.01,92.2,0.00953023,1781268302974,0.0,54.54,63745.35,BTC-28AUG26,63355.18,0.0095,63342.31,28AUG26,46000,,P,BTC-28AUG26-46000-P
1.132,1.287,23.1,1.20803377,1781268302974,0.0,113.48,63404.36,BTC-26JUN26,63355.18,1.2095,63342.31,26JUN26,140000,,P,BTC-26JUN26-140000-P
0.008,0.009,711.8,0.00845119,1781268302974,0.0,47.53,65312.13,BTC-26MAR27,63355.18,0.0085,63342.31,26MAR27,140000,,C,BTC-26MAR27-140000-C
1.3605,1.5325,1.8,1.44460511,1781268302974,0.0,125.22,63401.91,BTC-26JUN26,63355.18,1.4465,63342.31,26JUN26,155000,,P,BTC-26JUN26-155000-P
0.1915,0.224,2.3,0.2218611,1781268302974,0.0,52.08,63572.65,BTC-31JUL26,63355.18,0.20775,63342.31,31JUL26,50000,,C,BTC-31JUL26-50000-C
0.0855,0.147,0.0,0.11610813,1781268302974,0.0,84.17,63358.9,index_price,63355.18,0.11625,63342.31,13JUN26,56000,,C,BTC-13JUN26-56000-C
0.1475,0.149,81.3,0.14817823,1781268302974,0.4,44.49,64630.66,BTC-25DEC26,63355.18,0.14825,63342.31,25DEC26,62000,,C,BTC-25DEC26-62000-C
0.1325,0.1405,3128.0,0.13721644,1781268302974,0.0,39.48,63401.91,BTC-26JUN26,63355.18,0.1365,63342.31,26JUN26,72000,,P,BTC-26JUN26-72000-P
0.0003,0.0004,6242.7,0.00037867,1781268302974,30.2,51.37,63401.91,BTC-26JUN26,63355.18,0.00035,63342.31,26JUN26,80000,,C,BTC-26JUN26-80000-C
0.533,0.535,98.8,0.53382295,1781268302974,9.0,73.06,63983.98,BTC-25SEP26,63355.18,0.534,63342.31,25SEP26,30000,,C,BTC-25SEP26-30000-C
0.6915,0.712,0.0,0.69912017,1781268302974,0.0,55.7,63572.65,BTC-31JUL26,63355.18,0.70175,63342.31,31JUL26,108000,,P,BTC-31JUL26-108000-P
0.0125,0.013,243.2,0.01275817,1781268302974,29.2,38.26,63572.65,BTC-31JUL26,63355.18,0.01275,63342.31,31JUL26,73000,,C,BTC-31JUL26-73000-C
0.023,0.0245,48.4,0.02388014,1781268302974,0.0,44.42,65312.13,BTC-26MAR27,63355.18,0.02375,63342.31,26MAR27,108000,,C,BTC-26MAR27-108000-C
0.806,0.8215,286.9,0.81380124,1781268302974,0.0,95.53,63401.91,BTC-26JUN26,63355.18,0.81375,63342.31,26JUN26,115000,,P,BTC-26JUN26-115000-P
1.8935,2.103,5.8,1.99659946,1781268302974,0.0,125.23,63401.91,BTC-26JUN26,63355.18,1.99825,63342.31,26JUN26,190000,,P,BTC-26JUN26-190000-P
0.0002,0.0005,352.6,0.00026677,1781268302974,0.0,62.33,63986.43,BTC-25SEP26,63355.18,0.00035,63342.31,25SEP26,170000,,C,BTC-25SEP26-170000-C
0.0595,0.063,40.0,0.06105915,1781268302974,40.0,38.43,63423.66,BTC-3JUL26,63355.18,0.06125,63342.31,3JUL26,66000,,P,BTC-3JUL26-66000-P
0.1645,0.167,285.4,0.16507861,1781268302974,8.4,44.95,64630.66,BTC-25DEC26,63355.18,0.16575,63342.31,25DEC26,60000,,C,BTC-25DEC26-60000-C
1.8675,2.077,0.0,1.9695433,1781268302974,0.0,66.93,63986.43,BTC-25SEP26,63355.18,1.97225,63342.31,25SEP26,190000,,P,BTC-25SEP26-190000-P
0.0004,0.0007,1105.9,0.00059611,1781268302974,0.0,49.2,63572.65,BTC-31JUL26,63355.18,0.00055,63342.31,31JUL26,98000,,C,BTC-31JUL26-98000-C
0.024,0.025,55.8,0.02464146,1781268302974,25.7,38.93,63745.35,BTC-28AUG26,63355.18,0.0245,63342.31,28AUG26,73000,,C,BTC-28AUG26-73000-C
0.117,0.1245,160.2,0.12072022,1781268302974,1.0,40.38,63375.01,BTC-19JUN26,63355.18,0.12075,63342.31,19JUN26,71000,,P,BTC-19JUN26-71000-P
,0.0001,200.1,0.0,1781268302974,0.0,125.23,63401.91,BTC-26JUN26,63355.18,,63342.31,26JUN26,250000,,C,BTC-26JUN26-250000-C
0.0845,0.0865,1322.7,0.08544479,1781268302974,0.0,46.97,65312.13,BTC-26MAR27,63355.18,0.0855,63342.31,26MAR27,55000,,P,BTC-26MAR27-55000-P
0.0019,0.0021,657.0,0.00195785,1781268302975,2.5,40.45,63572.65,BTC-31JUL26,63355.18,0.002,63342.31,31JUL26,84000,,C,BTC-31JUL26-84000-C
,0.0001,3.5,5.98e-05,1781268302975,3.0,66.85,63355.18,index_price,63355.18,,63342.31,14JUN26,56000,,P,BTC-14JUN26-56000-P
0.1425,0.1455,42.2,0.1436464,1781268302975,0.0,43.89,63983.98,BTC-25SEP26,63355.18,0.144,63342.31,25SEP26,58000,,C,BTC-25SEP26-58000-C
0.0445,0.0455,57.6,0.04475807,1781268302975,7.5,43.41,63749.07,BTC-28AUG26,63355.18,0.045,63342.31,28AUG26,59000,,P,BTC-28AUG26-59000-P
0.226,0.235,1642.0,0.23066236,1781268302975,0.0,48.02,63401.91,BTC-26JUN26,63355.18,0.2305,63342.31,26JUN26,78000,,P,BTC-26JUN26-78000-P
0.0065,0.007,0.1,0.00666889,1781268302975,0.1,33.71,63355.18,index_price,63355.18,0.00675,63342.31,16JUN26,64500,,C,BTC-16JUN26-64500-C
0.597,0.724,0.0,0.64859831,1781268302975,0.0,44.26,65312.13,BTC-26MAR27,63355.18,0.6605,63342.31,26MAR27,106000,,P,BTC-26MAR27-106000-P
0.0145,0.0185,24.1,0.01679564,1781268302975,24.2,31.2,63358.9,index_price,63355.18,0.0165,63342.31,15JUN26,64000,,P,BTC-15JUN26-64000-P
0.0009,0.0011,53.2,0.00102117,1781268302975,0.0,47.33,63749.07,BTC-28AUG26,63355.18,0.001,63342.31,28AUG26,105000,,C,BTC-28AUG26-105000-C
3.5275,3.8565,0.0,3.68851967,1781268302975,0.0,85.42,63983.98,BTC-25SEP26,63355.18,3.692,63342.31,25SEP26,300000,,P,BTC-25SEP26-300000-P
0.228,0.2825,0.0,0.25911707,1781268302975,0.0,52.3,63749.07,BTC-28AUG26,63355.18,0.25525,63342.31,28AUG26,48000,,C,BTC-28AUG26-48000-C
0.008,0.009,509.4,0.0084878,1781268302975,26.7,41.97,63372.56,BTC-19JUN26,63355.18,0.0085,63342.31,19JUN26,61000,,P,BTC-19JUN26-61000-P
0.049,0.092,10.0,0.08395058,1781268302975,10.0,37.88,63423.66,BTC-3JUL26,63355.18,0.0705,63342.31,3JUL26,68000,,P,BTC-3JUL26-68000-P
,0.0001,58.2,3.58e-06,1781268302975,36.2,89.13,63358.9,index_price,63355.18,,63342.31,13JUN26,55000,,P,BTC-13JUN26-55000-P
2.137,2.37,0.0,2.24980295,1781268302975,0.0,59.29,64634.78,BTC-25DEC26,63355.18,2.2535,63342.31,25DEC26,210000,,P,BTC-25DEC26-210000-P
0.011,0.0595,0.0,0.03051958,1781268302975,0.0,33.71,63355.18,index_price,63355.18,0.03525,63342.31,16JUN26,65000,,P,BTC-16JUN26-65000-P
0.0044,0.0047,557.4,0.00455292,1781268302975,2.1,65.71,63986.43,BTC-25SEP26,63355.18,0.00455,63342.31,25SEP26,35000,,P,BTC-25SEP26-35000-P
0.0445,0.0505,176.2,0.04777909,1781268302975,3.2,37.53,63375.01,BTC-19JUN26,63355.18,0.0475,63342.31,19JUN26,66000,,P,BTC-19JUN26-66000-P
0.088,0.0895,202.5,0.08876593,1781268302975,11.3,41.56,63983.98,BTC-25SEP26,63355.18,0.08875,63342.31,25SEP26,64000,,P,BTC-25SEP26-64000-P
1.0375,1.189,12.5,1.11046851,1781268302975,0.0,54.24,63986.43,BTC-25SEP26,63355.18,1.11325,63342.31,25SEP26,135000,,P,BTC-25SEP26-135000-P
0.129,0.162,0.0,0.13179727,1781268302975,0.0,72.55,63355.18,index_price,63355.18,0.1455,63342.31,14JUN26,55000,,C,BTC-14JUN26-55000-C
0.031,0.032,293.2,0.03144864,1781268302975,13.0,45.27,63749.07,BTC-28AUG26,63355.18,0.0315,63342.31,28AUG26,56000,,P,BTC-28AUG26-56000-P
0.0495,0.051,6036.9,0.0501503,1781268302975,146.1,42.4,64630.66,BTC-25DEC26,63355.18,0.05025,63342.31,25DEC26,80000,,C,BTC-25DEC26-80000-C
0.623,0.642,107.8,0.63639069,1781268302975,0.0,44.09,64630.66,BTC-25DEC26,63355.18,0.6325,63342.31,25DEC26,105000,,P,BTC-25DEC26-105000-P
1.9875,2.21,0.0,2.09516787,1781268302975,0.0,57.8,64634.78,BTC-25DEC26,63355.18,2.09875,63342.31,25DEC26,200000,,P,BTC-25DEC26-200000-P
0.0965,0.1225,0.0,0.10071377,1781268302975,0.0,50.11,63355.18,index_price,63355.18,0.1095,63342.31,16JUN26,57000,,C,BTC-16JUN26-57000-C
0.0002,0.0004,141.5,0.00028358,1781268302975,0.0,59.47,63572.65,BTC-31JUL26,63355.18,0.0003,63342.31,31JUL26,115000,,C,BTC-31JUL26-115000-C
0.0715,0.0785,246.7,0.07505968,1781268302975,3.4,37.71,63375.01,BTC-19JUN26,63355.18,0.075,63342.31,19JUN26,68000,,P,BTC-19JUN26-68000-P
0.037,0.101,0.0,0.06883848,1781268302975,0.0,64.54,63358.9,index_price,63355.18,0.069,63342.31,13JUN26,59000,,C,BTC-13JUN26-59000-C
0.1965,0.1995,60.1,0.19795404,1781268302975,28.0,45.68,65312.13,BTC-26MAR27,63355.18,0.198,63342.31,26MAR27,60000,,C,BTC-26MAR27-60000-C
1.539,1.732,0.0,1.63173511,1781268302975,0.0,54.31,64630.66,BTC-25DEC26,63355.18,1.6355,63342.31,25DEC26,170000,,P,BTC-25DEC26-170000-P
0.011,0.0155,60.6,0.01313507,1781268302975,47.6,36.64,63358.9,index_price,63355.18,0.01325,63342.31,13JUN26,64000,,P,BTC-13JUN26-64000-P
0.081,0.082,329.5,0.08135818,1781268302975,1.4,41.46,63749.07,BTC-28AUG26,63355.18,0.0815,63342.31,28AUG26,63000,,C,BTC-28AUG26-63000-C
0.0007,0.001,47.4,0.00084288,1781268302975,35.8,39.57,63358.9,index_price,63355.18,0.00085,63342.31,15JUN26,60000,,P,BTC-15JUN26-60000-P
0.02,0.021,56.7,0.020503,1781268302975,41.3,38.43,63423.66,BTC-3JUL26,63355.18,0.0205,63342.31,3JUL26,66000,,C,BTC-3JUL26-66000-C
0.081,0.083,1073.8,0.08209954,1781268302975,0.0,42.72,64630.66,BTC-25DEC26,63355.18,0.082,63342.31,25DEC26,72000,,C,BTC-25DEC26-72000-C
0.021,0.022,3097.1,0.02189553,1781268302975,61.4,39.5,63983.38,BTC-25SEP26,63355.18,0.0215,63342.31,25SEP26,78000,,C,BTC-25SEP26-78000-C
0.0185,0.0195,3793.6,0.01909876,1781268302975,62.4,56.11,64630.66,BTC-25DEC26,63355.18,0.019,63342.31,25DEC26,40000,,P,BTC-25DEC26-40000-P
0.0034,0.0039,980.3,0.00363365,1781268302975,0.0,48.72,64630.66,BTC-25DEC26,63355.18,0.00365,63342.31,25DEC26,135000,,C,BTC-25DEC26-135000-C
0.0034,0.0038,46.3,0.00364366,1781268302975,38.7,31.42,63355.18,index_price,63355.18,0.0036,63342.31,14JUN26,62500,,P,BTC-14JUN26-62500-P
0.003,0.0033,1281.0,0.00304223,1781268302975,2.7,39.24,63572.65,BTC-31JUL26,63355.18,0.00315,63342.31,31JUL26,81000,,C,BTC-31JUL26-81000-C
0.093,0.0945,100.9,0.09401222,1781268302975,4.3,40.37,63749.07,BTC-28AUG26,63355.18,0.09375,63342.31,28AUG26,66000,,P,BTC-28AUG26-66000-P
,0.0001,957.1,1.356e-05,1781268302975,0.0,108.85,63401.91,BTC-26JUN26,63355.18,,63342.31,26JUN26,135000,,C,BTC-26JUN26-135000-C
0.006,0.0065,1479.1,0.00604968,1781268302975,101.3,38.29,63576.37,BTC-31JUL26,63355.18,0.00625,63342.31,31JUL26,77000,,C,BTC-31JUL26-77000-C
0.6015,0.6855,0.0,0.62146419,1781268302975,0.0,43.91,64630.66,BTC-25DEC26,63355.18,0.6435,63342.31,25DEC26,104000,,P,BTC-25DEC26-104000-P
0.179,0.213,0.0,0.18141756,1781268302975,0.0,57.48,63401.91,BTC-26JUN26,63355.18,0.196,63342.31,26JUN26,52000,,C,BTC-26JUN26-52000-C
0.195,0.2035,250.5,0.19933142,1781268302975,0.0,52.33,63375.01,BTC-19JUN26,63355.18,0.19925,63342.31,19JUN26,76000,,P,BTC-19JUN26-76000-P
,0.0001,39.9,1.867e-05,1781268302975,14.3,53.57,63358.9,index_price,63355.18,,63342.31,13JUN26,68000,,C,BTC-13JUN26-68000-C
0.342,0.3555,546.0,0.35176806,1781268302975,0.0,42.4,64630.66,BTC-25DEC26,63355.18,0.34875,63342.31,25DEC26,85000,,P,BTC-25DEC26-85000-P
0.0003,0.0005,23.4,0.00040721,1781268302975,22.2,42.93,63358.9,index_price,63355.18,0.0004,63342.31,15JUN26,59000,,P,BTC-15JUN26-59000-P
0.329,0.3425,47.0,0.338473,1781268302975,0.0,42.31,64630.66,BTC-25DEC26,63355.18,0.33575,63342.31,25DEC26,84000,,P,BTC-25DEC26-84000-P
0.051,0.052,14.5,0.0511897,1781268302975,22.0,38.91,63423.66,BTC-3JUL26,63355.18,0.0515,63342.31,3JUL26,65000,,P,BTC-3JUL26-65000-P
0.019,0.0205,2.5,0.01953162,1781268302975,2.5,33.96,63355.18,index_price,63355.18,0.01975,63342.31,16JUN26,64000,,P,BTC-16JUN26-64000-P
0.0017,0.0019,1239.3,0.00176553,1781268302975,251.5,41.12,63572.65,BTC-31JUL26,63355.18,0.0018,63342.31,31JUL26,85000,,C,BTC-31JUL26-85000-C
0.3205,0.329,33.9,0.3244894,1781268302975,0.0,39.87,63983.98,BTC-25SEP26,63355.18,0.32475,63342.31,25SEP26,84000,,P,BTC-25SEP26-84000-P
1.6615,1.868,0.0,1.75909428,1781268302975,0.0,51.42,65312.13,BTC-26MAR27,63355.18,1.76475,63342.31,26MAR27,180000,,P,BTC-26MAR27-180000-P
0.0225,0.0625,0.0,0.05763967,1781268302975,0.0,53.49,63358.9,index_price,63355.18,0.0425,63342.31,13JUN26,67000,,P,BTC-13JUN26-67000-P
4.1775,4.5525,0.0,4.36233537,1781268302975,0.0,125.23,63401.91,BTC-26JUN26,63355.18,4.365,63342.31,26JUN26,340000,,P,BTC-26JUN26-340000-P
1.513,1.695,0.5,1.60231365,1781268302975,0.0,125.23,63401.91,BTC-26JUN26,63355.18,1.604,63342.31,26JUN26,165000,,P,BTC-26JUN26-165000-P
0.598,0.621,0.1,0.60488819,1781268302975,0.0,52.3,63576.37,BTC-31JUL26,63355.18,0.6095,63342.31,31JUL26,102000,,P,BTC-31JUL26-102000-P
0.442,0.4605,0.4,0.44790842,1781268302975,0.0,44.94,63572.65,BTC-31JUL26,63355.18,0.45125,63342.31,31JUL26,92000,,P,BTC-31JUL26-92000-P
0.0435,0.048,125.8,0.04596681,1781268302975,22.3,41.97,63372.0,BTC-19JUN26,63355.18,0.04575,63342.31,19JUN26,61000,,C,BTC-19JUN26-61000-C
0.081,0.1105,0.0,0.08519458,1781268302975,0.0,47.25,63355.18,index_price,63355.18,0.09575,63342.31,16JUN26,58000,,C,BTC-16JUN26-58000-C
0.0125,0.0135,305.2,0.0127015,1781268302975,150.7,40.58,63372.0,BTC-19JUN26,63355.18,0.013,63342.31,19JUN26,62000,,P,BTC-19JUN26-62000-P
0.0003,0.0007,755.8,0.0004888,1781268302975,0.2,58.67,63986.43,BTC-25SEP26,63355.18,0.0005,63342.31,25SEP26,150000,,C,BTC-25SEP26-150000-C
0.962,0.98,74.5,0.97149189,1781268302975,0.0,100.59,63401.91,BTC-26JUN26,63355.18,0.971,63342.31,26JUN26,125000,,P,BTC-26JUN26-125000-P
1.4905,1.673,0.0,1.57899163,1781268302975,0.0,62.32,63983.98,BTC-25SEP26,63355.18,1.58175,63342.31,25SEP26,165000,,P,BTC-25SEP26-165000-P
,0.0002,26.8,5.347e-05,1781268302975,0.5,39.92,63355.18,index_price,63355.18,,63342.31,14JUN26,68000,,C,BTC-14JUN26-68000-C
0.1225,0.125,251.8,0.12344267,1781268302975,42.0,43.0,63983.98,BTC-25SEP26,63355.18,0.12375,63342.31,25SEP26,60000,,C,BTC-25SEP26-60000-C
0.0185,0.02,10.9,0.01941539,1781268302975,13.6,32.81,63358.9,index_price,63355.18,0.01925,63342.31,15JUN26,62500,,C,BTC-15JUN26-62500-C
0.714,0.728,116.4,0.72078269,1781268302975,0.0,46.45,63983.38,BTC-25SEP26,63355.18,0.721,63342.31,25SEP26,110000,,P,BTC-25SEP26-110000-P
0.0001,0.0003,429.1,0.0001728,1781268302975,34.6,43.18,63372.0,BTC-19JUN26,63355.18,0.0002,63342.31,19JUN26,73000,,C,BTC-19JUN26-73000-C
0.0001,0.0002,201.2,0.00013721,1781268302975,7.0,52.33,63375.01,BTC-19JUN26,63355.18,0.00015,63342.31,19JUN26,76000,,C,BTC-19JUN26-76000-C
0.034,0.063,0.0,0.05795956,1781268302975,0.0,35.62,63358.9,index_price,63355.18,0.0485,63342.31,15JUN26,67000,,P,BTC-15JUN26-67000-P
0.0002,0.0004,0.0,0.00025464,1781268302975,0.0,39.36,63355.18,index_price,63355.18,0.0003,63342.31,16JUN26,69000,,C,BTC-16JUN26-69000-C
,0.0001,119.4,5.842e-05,1781268302975,20.0,86.34,63372.56,BTC-19JUN26,63355.18,,63342.31,19JUN26,90000,,C,BTC-19JUN26-90000-C
4.9655,5.0225,0.2,4.99319835,1781268302975,0.0,125.23,63401.91,BTC-26JUN26,63355.18,4.994,63342.31,26JUN26,380000,,P,BTC-26JUN26-380000-P
0.058,0.0595,110.1,0.05875367,1781268302975,0.6,40.37,63749.07,BTC-28AUG26,63355.18,0.05875,63342.31,28AUG26,66000,,C,BTC-28AUG26-66000-C
0.0042,0.0045,1502.8,0.00433893,1781268302975,0.0,48.03,64630.66,BTC-25DEC26,63355.18,0.00435,63342.31,25DEC26,130000,,C,BTC-25DEC26-130000-C
,0.0002,222.4,0.00018378,1781268302975,0.0,78.53,63983.98,BTC-25SEP26,63355.18,,63342.31,25SEP26,240000,,C,BTC-25SEP26-240000-C
0.318,0.3275,31.5,0.32319619,1781268302975,0.0,40.45,63576.37,BTC-31JUL26,63355.18,0.32275,63342.31,31JUL26,84000,,P,BTC-31JUL26-84000-P
0.0455,0.047,114.1,0.0463639,1781268302975,0.0,43.48,65312.13,BTC-26MAR27,63355.18,0.04625,63342.31,26MAR27,92000,,C,BTC-26MAR27-92000-C
0.0043,0.0048,0.7,0.00462712,1781268302975,0.8,33.71,63355.18,index_price,63355.18,0.00455,63342.31,16JUN26,65000,,C,BTC-16JUN26-65000-C
0.6295,0.6505,0.0,0.63630454,1781268302975,0.0,53.63,63576.37,BTC-31JUL26,63355.18,0.64,63342.31,31JUL26,104000,,P,BTC-31JUL26-104000-P
0.101,0.1085,102.3,0.10522304,1781268302975,0.0,39.14,63372.0,BTC-19JUN26,63355.18,0.10475,63342.31,19JUN26,70000,,P,BTC-19JUN26-70000-P
0.457,0.583,1.4,0.50870942,1781268302975,0.0,43.66,65312.13,BTC-26MAR27,63355.18,0.52,63342.31,26MAR27,96000,,P,BTC-26MAR27-96000-P
0.0765,0.0775,184.3,0.07708537,1781268302975,20.5,41.03,63749.07,BTC-28AUG26,63355.18,0.077,63342.31,28AUG26,64000,,P,BTC-28AUG26-64000-P
0.791,0.8065,91.7,0.79860867,1781268302975,0.0,48.21,63983.98,BTC-25SEP26,63355.18,0.79875,63342.31,25SEP26,115000,,P,BTC-25SEP26-115000-P
0.0001,0.0002,125.2,0.00015577,1781268302975,16.4,46.12,63355.18,index_price,63355.18,0.00015,63342.31,14JUN26,59000,,P,BTC-14JUN26-59000-P
0.0645,0.0685,516.2,0.06617144,1781268302975,4.0,43.08,63401.91,BTC-26JUN26,63355.18,0.0665,63342.31,26JUN26,60000,,C,BTC-26JUN26-60000-C
0.0295,0.0305,1950.1,0.03006582,1781268302975,6.7,39.57,63983.98,BTC-25SEP26,63355.18,0.03,63342.31,25SEP26,75000,,C,BTC-25SEP26-75000-C
0.645,0.6685,0.1,0.65203366,1781268302975,0.0,54.52,63572.65,BTC-31JUL26,63355.18,0.65675,63342.31,31JUL26,105000,,P,BTC-31JUL26-105000-P
0.304,0.337,0.0,0.30838345,1781268302975,0.0,39.21,63749.07,BTC-28AUG26,63355.18,0.3205,63342.31,28AUG26,83000,,P,BTC-28AUG26-83000-P
,0.0001,554.4,2.8e-07,1781268302975,0.0,125.23,63401.91,BTC-26JUN26,63355.18,,63342.31,26JUN26,190000,,C,BTC-26JUN26-190000-C
0.153,0.1565,292.5,0.15461681,1781268302975,0.0,44.81,65312.13,BTC-26MAR27,63355.18,0.15475,63342.31,26MAR27,65000,,P,BTC-26MAR27-65000-P
0.0415,0.042,295.0,0.04158314,1781268302975,81.9,39.51,63572.65,BTC-31JUL26,63355.18,0.04175,63342.31,31JUL26,66000,,C,BTC-31JUL26-66000-C
0.0006,0.001,149.8,0.0007782,1781268302975,0.0,59.29,64630.66,BTC-25DEC26,63355.18,0.0008,63342.31,25DEC26,210000,,C,BTC-25DEC26-210000-C
0.0235,0.0245,231.9,0.02388573,1781268302975,0.2,42.65,64630.66,BTC-25DEC26,63355.18,0.024,63342.31,25DEC26,92000,,C,BTC-25DEC26-92000-C
2.622,2.8865,0.0,2.75092572,1781268302975,0.0,78.53,63983.98,BTC-25SEP26,63355.18,2.75425,63342.31,25SEP26,240000,,P,BTC-25SEP26-240000-P
,0.0001,2814.7,1.992e-05,1781268302975,0.0,95.74,63401.91,BTC-26JUN26,63355.18,,63342.31,26JUN26,120000,,C,BTC-26JUN26-120000-C
,0.0002,74.4,0.00010603,1781268302975,41.4,58.92,63358.9,index_price,63355.18,,63342.31,13JUN26,59500,,P,BTC-13JUN26-59500-P
0.05,0.0515,335.2,0.05065829,1781268302975,16.6,43.41,65312.13,BTC-26MAR27,63355.18,0.05075,63342.31,26MAR27,90000,,C,BTC-26MAR27-90000-C
0.0002,0.0004,243.9,0.0003269,1781268302975,8.3,41.08,63355.18,index_price,63355.18,0.0003,63342.31,14JUN26,60000,,P,BTC-14JUN26-60000-P
0.4835,0.4945,153.2,0.489033,1781268302975,0.0,42.03,63983.38,BTC-25SEP26,63355.18,0.489,63342.31,25SEP26,95000,,P,BTC-25SEP26-95000-P
0.034,0.035,197.9,0.03444576,1781268302975,0.5,42.4,64630.66,BTC-25DEC26,63355.18,0.0345,63342.31,25DEC26,86000,,C,BTC-25DEC26-86000-C
0.008,0.0085,1848.7,0.00831249,1781268302975,161.2,52.08,63572.65,BTC-31JUL26,63355.18,0.00825,63342.31,31JUL26,50000,,P,BTC-31JUL26-50000-P
1.367,1.556,0.0,1.45483498,1781268302975,0.0,49.8,65315.85,BTC-26MAR27,63355.18,1.4615,63342.31,26MAR27,160000,,P,BTC-26MAR27-160000-P
0.0715,0.0735,30.9,0.07256112,1781268302975,0.0,42.55,64630.66,BTC-25DEC26,63355.18,0.0725,63342.31,25DEC26,74000,,C,BTC-25DEC26-74000-C
,0.0002,3712.5,0.00019616,1781268302975,52.6,90.67,63401.91,BTC-26JUN26,63355.18,,63342.31,26JUN26,40000,,P,BTC-26JUN26-40000-P
0.0002,0.0004,1347.2,0.00027539,1781268302975,24.8,41.95,63375.01,BTC-19JUN26,63355.18,0.0003,63342.31,19JUN26,72000,,C,BTC-19JUN26-72000-C
0.157,0.1635,97.8,0.1609772,1781268302975,0.1,38.26,63572.65,BTC-31JUL26,63355.18,0.16025,63342.31,31JUL26,73000,,P,BTC-31JUL26-73000-P
0.0495,0.051,608.3,0.0500757,1781268302975,1.3,43.89,63983.98,BTC-25SEP26,63355.18,0.05025,63342.31,25SEP26,58000,,P,BTC-25SEP26-58000-P
0.1445,0.1885,2.6,0.18355314,1781268302975,0.2,48.99,63375.01,BTC-19JUN26,63355.18,0.1665,63342.31,19JUN26,75000,,P,BTC-19JUN26-75000-P
0.2215,0.2265,33.1,0.2239676,1781268302976,0.0,46.91,64634.78,BTC-25DEC26,63355.18,0.224,63342.31,25DEC26,54000,,C,BTC-25DEC26-54000-C
3.5685,3.8995,0.0,3.73147238,1781268302976,0.0,125.23,63401.91,BTC-26JUN26,63355.18,3.734,63342.31,26JUN26,300000,,P,BTC-26JUN26-300000-P
0.0006,0.0012,938.4,0.00085859,1781268302976,0.0,57.8,64630.66,BTC-25DEC26,63355.18,0.0009,63342.31,25DEC26,200000,,C,BTC-25DEC26-200000-C
0.0001,0.0003,18.5,0.00020501,1781268302976,11.4,43.04,63355.18,index_price,63355.18,0.0002,63342.31,14JUN26,59500,,P,BTC-14JUN26-59500-P
0.0046,0.0047,301.9,0.00469981,1781268302976,15.5,57.31,63572.65,BTC-31JUL26,63355.18,0.00465,63342.31,31JUL26,46000,,P,BTC-31JUL26-46000-P
0.3515,0.362,29.9,0.35661433,1781268302976,0.0,61.53,63401.91,BTC-26JUN26,63355.18,0.35675,63342.31,26JUN26,86000,,P,BTC-26JUN26-86000-P
,0.0002,0.0,6.585e-05,1781268302976,0.0,42.77,63355.18,index_price,63355.18,,63342.31,16JUN26,71000,,C,BTC-16JUN26-71000-C
0.03,0.059,0.0,0.05487501,1781268302976,0.0,41.04,63355.18,index_price,63355.18,0.0445,63342.31,16JUN26,60000,,C,BTC-16JUN26-60000-C
0.081,0.084,75.5,0.08250396,1781268302976,0.0,42.08,63572.65,BTC-31JUL26,63355.18,0.0825,63342.31,31JUL26,61000,,C,BTC-31JUL26-61000-C
,0.0004,251.6,5.473e-05,1781268302976,0.0,85.42,63983.98,BTC-25SEP26,63355.18,,63342.31,25SEP26,320000,,C,BTC-25SEP26-320000-C
0.33,0.3345,48.3,0.3324469,1781268302976,0.0,51.96,64630.66,BTC-25DEC26,63355.18,0.33225,63342.31,25DEC26,45000,,C,BTC-25DEC26-45000-C
,0.0001,174.2,0.0,1781268302976,0.0,125.23,63401.91,BTC-26JUN26,63355.18,,63342.31,26JUN26,360000,,C,BTC-26JUN26-360000-C
0.0009,0.001,1700.2,0.00095093,1781268302976,46.9,41.68,63401.91,BTC-26JUN26,63355.18,0.00095,63342.31,26JUN26,74000,,C,BTC-26JUN26-74000-C
0.0026,0.003,165.6,0.00295089,1781268302976,70.3,36.64,63358.9,index_price,63355.18,0.0028,63342.31,13JUN26,64000,,C,BTC-13JUN26-64000-C
0.1525,0.1585,265.8,0.15708633,1781268302976,0.0,43.35,64630.66,BTC-25DEC26,63355.18,0.1555,63342.31,25DEC26,68000,,P,BTC-25DEC26-68000-P
0.0013,0.0015,267.1,0.00136977,1781268302976,1.5,42.06,63576.37,BTC-31JUL26,63355.18,0.0014,63342.31,31JUL26,87000,,C,BTC-31JUL26-87000-C
0.4865,0.6105,0.2,0.5360588,1781268302976,0.0,43.72,65312.13,BTC-26MAR27,63355.18,0.5485,63342.31,26MAR27,98000,,P,BTC-26MAR27-98000-P
0.772,0.8485,0.6,0.78667158,1781268302976,0.0,45.44,64630.66,BTC-25DEC26,63355.18,0.81025,63342.31,25DEC26,115000,,P,BTC-25DEC26-115000-P
0.5635,0.5875,0.1,0.56984408,1781268302976,0.0,44.72,63745.35,BTC-28AUG26,63355.18,0.5755,63342.31,28AUG26,100000,,P,BTC-28AUG26-100000-P
0.0006,0.0009,841.4,0.00073073,1781268302976,10.0,46.3,63572.65,BTC-31JUL26,63355.18,0.00075,63342.31,31JUL26,94000,,C,BTC-31JUL26-94000-C
0.011,0.012,692.7,0.01172972,1781268302976,0.6,39.87,63986.43,BTC-25SEP26,63355.18,0.0115,63342.31,25SEP26,84000,,C,BTC-25SEP26-84000-C
0.018,0.023,0.0,0.02039823,1781268302976,0.0,29.35,63355.18,index_price,63355.18,0.0205,63342.31,14JUN26,64500,,P,BTC-14JUN26-64500-P
0.023,0.0625,0.0,0.05784331,1781268302976,0.0,37.63,63355.18,index_price,63355.18,0.04275,63342.31,14JUN26,67000,,P,BTC-14JUN26-67000-P
0.559,0.656,0.0,0.59192827,1781268302976,0.0,43.71,64630.66,BTC-25DEC26,63355.18,0.6075,63342.31,25DEC26,102000,,P,BTC-25DEC26-102000-P
0.0415,0.0425,208.6,0.04197466,1781268302976,72.8,42.08,63572.65,BTC-31JUL26,63355.18,0.042,63342.31,31JUL26,61000,,P,BTC-31JUL26-61000-P
0.0007,0.0009,85.1,0.00082902,1781268302976,27.2,36.95,63355.18,index_price,63355.18,0.0008,63342.31,14JUN26,61000,,P,BTC-14JUN26-61000-P
0.0002,0.0006,146.3,0.00035654,1781268302976,0.0,62.32,63983.98,BTC-25SEP26,63355.18,0.0004,63342.31,25SEP26,165000,,C,BTC-25SEP26-165000-C
0.0855,0.0935,47.3,0.08992415,1781268302976,3.8,38.24,63375.01,BTC-19JUN26,63355.18,0.0895,63342.31,19JUN26,69000,,P,BTC-19JUN26-69000-P
0.5325,0.5585,0.0,0.5386565,1781268302976,0.0,43.88,63749.07,BTC-28AUG26,63355.18,0.5455,63342.31,28AUG26,98000,,P,BTC-28AUG26-98000-P
0.096,0.0975,663.5,0.09685321,1781268302976,8.9,41.26,63983.38,BTC-25SEP26,63355.18,0.09675,63342.31,25SEP26,65000,,P,BTC-25SEP26-65000-P
0.0225,0.0235,3.4,0.02294279,1781268302976,3.4,41.92,63423.66,BTC-3JUL26,63355.18,0.023,63342.31,3JUL26,61000,,P,BTC-3JUL26-61000-P
0.1125,0.1165,19.8,0.11507688,1781268302976,0.0,44.19,63572.65,BTC-31JUL26,63355.18,0.1145,63342.31,31JUL26,58000,,C,BTC-31JUL26-58000-C
1.514,1.7115,0.1,1.60672229,1781268302976,0.0,50.45,65312.13,BTC-26MAR27,63355.18,1.61275,63342.31,26MAR27,170000,,P,BTC-26MAR27-170000-P
0.0012,0.0015,200.0,0.00140662,1781268302976,85.6,37.38,63358.9,index_price,63355.18,0.00135,63342.31,13JUN26,64500,,C,BTC-13JUN26-64500-C
0.0725,0.0735,284.6,0.07290431,1781268302976,55.8,41.47,63576.37,BTC-31JUL26,63355.18,0.073,63342.31,31JUL26,62000,,C,BTC-31JUL26-62000-C
1.415,1.592,0.6,1.50085238,1781268302976,0.0,60.59,63983.98,BTC-25SEP26,63355.18,1.5035,63342.31,25SEP26,160000,,P,BTC-25SEP26-160000-P
0.2645,0.2715,679.2,0.26791185,1781268302976,11.4,39.5,63983.98,BTC-25SEP26,63355.18,0.268,63342.31,25SEP26,80000,,P,BTC-25SEP26-80000-P
0.0001,0.0002,37.3,0.00011546,1781268302976,43.1,53.49,63358.9,index_price,63355.18,0.00015,63342.31,13JUN26,67000,,C,BTC-13JUN26-67000-C
0.0036,0.0039,433.3,0.00370627,1781268302976,108.4,45.49,63372.0,BTC-19JUN26,63355.18,0.00375,63342.31,19JUN26,59000,,P,BTC-19JUN26-59000-P
0.0003,0.0004,4400.3,0.00033857,1781268302976,5.2,55.25,63401.91,BTC-26JUN26,63355.18,0.00035,63342.31,26JUN26,82000,,C,BTC-26JUN26-82000-C
0.0001,0.0004,739.8,0.00020934,1781268302976,0.1,64.11,63983.98,BTC-25SEP26,63355.18,0.00025,63342.31,25SEP26,180000,,C,BTC-25SEP26-180000-C
0.378,0.5025,14.0,0.42851455,1781268302976,0.0,43.41,65312.13,BTC-26MAR27,63355.18,0.44025,63342.31,26MAR27,90000,,P,BTC-26MAR27-90000-P
0.079,0.081,40.0,0.08000495,1781268302976,0.0,47.27,65312.13,BTC-26MAR27,63355.18,0.08,63342.31,26MAR27,54000,,P,BTC-26MAR27-54000-P
0.4135,0.425,1563.8,0.41960184,1781268302976,3.1,66.57,63401.91,BTC-26JUN26,63355.18,0.41925,63342.31,26JUN26,90000,,P,BTC-26JUN26-90000-P
0.0028,0.0032,52.8,0.00301513,1781268302976,0.2,41.23,63749.07,BTC-28AUG26,63355.18,0.003,63342.31,28AUG26,90000,,C,BTC-28AUG26-90000-C
0.0035,0.0038,7120.4,0.00354356,1781268302976,139.1,38.84,63576.37,BTC-31JUL26,63355.18,0.00365,63342.31,31JUL26,80000,,C,BTC-31JUL26-80000-C
0.1155,0.118,578.7,0.11652487,1781268302976,0.0,45.68,65312.13,BTC-26MAR27,63355.18,0.11675,63342.31,26MAR27,60000,,P,BTC-26MAR27-60000-P
2.3505,2.593,0.2,2.46974643,1781268302976,0.0,125.23,63401.91,BTC-26JUN26,63355.18,2.47175,63342.31,26JUN26,220000,,P,BTC-26JUN26-220000-P
0.0915,0.094,36.2,0.09275918,1781268302976,0.7,42.74,63572.65,BTC-31JUL26,63355.18,0.09275,63342.31,31JUL26,60000,,C,BTC-31JUL26-60000-C
0.1245,0.126,650.0,0.12521838,1781268302976,2.4,43.88,64630.66,BTC-25DEC26,63355.18,0.12525,63342.31,25DEC26,65000,,C,BTC-25DEC26-65000-C
,0.0001,160.5,0.00011858,1781268302976,3.6,54.75,63372.56,BTC-19JUN26,63355.18,,63342.31,19JUN26,77000,,C,BTC-19JUN26-77000-C
0.137,0.1415,34.2,0.13953576,1781268302976,0.0,45.86,63572.65,BTC-31JUL26,63355.18,0.13925,63342.31,31JUL26,56000,,C,BTC-31JUL26-56000-C
0.188,0.2215,0.0,0.19050486,1781268302976,0.0,47.49,63749.07,BTC-28AUG26,63355.18,0.20475,63342.31,28AUG26,53000,,C,BTC-28AUG26-53000-C
0.0008,0.0013,989.6,0.00102539,1781268302976,0.9,56.64,64630.66,BTC-25DEC26,63355.18,0.00105,63342.31,25DEC26,190000,,C,BTC-25DEC26-190000-C
0.637,0.65,104.4,0.64316436,1781268302976,0.0,44.88,63986.43,BTC-25SEP26,63355.18,0.6435,63342.31,25SEP26,105000,,P,BTC-25SEP26-105000-P
0.036,0.037,510.7,0.03650086,1781268302976,119.8,42.74,63572.65,BTC-31JUL26,63355.18,0.0365,63342.31,31JUL26,60000,,P,BTC-31JUL26-60000-P
2.435,2.6895,0.0,2.55906105,1781268302976,0.0,61.59,64630.66,BTC-25DEC26,63355.18,2.56225,63342.31,25DEC26,230000,,P,BTC-25DEC26-230000-P
0.0405,0.042,1815.4,0.04111288,1781268302976,0.1,39.85,63983.98,BTC-25SEP26,63355.18,0.04125,63342.31,25SEP26,72000,,C,BTC-25SEP26-72000-C
0.962,1.1085,21.9,1.03246322,1781268302976,0.0,52.98,63983.98,BTC-25SEP26,63355.18,1.03525,63342.31,25SEP26,130000,,P,BTC-25SEP26-130000-P
0.04,0.081,0.0,0.04374678,1781268302976,0.0,33.94,63355.18,index_price,63355.18,0.0605,63342.31,16JUN26,66000,,P,BTC-16JUN26-66000-P
0.1425,0.1465,1480.8,0.14433033,1781268302976,5.0,40.15,63986.43,BTC-25SEP26,63355.18,0.1445,63342.31,25SEP26,70000,,P,BTC-25SEP26-70000-P
0.0065,0.007,1887.5,0.00656755,1781268302976,4.4,48.61,65312.13,BTC-26MAR27,63355.18,0.00675,63342.31,26MAR27,150000,,C,BTC-26MAR27-150000-C
0.028,0.029,2112.7,0.02866649,1781268302976,0.7,51.96,64630.66,BTC-25DEC26,63355.18,0.0285,63342.31,25DEC26,45000,,P,BTC-25DEC26-45000-P
0.053,0.094,0.0,0.08927841,1781268302976,0.0,44.18,63355.18,index_price,63355.18,0.0735,63342.31,14JUN26,69000,,P,BTC-14JUN26-69000-P
,0.0001,2503.4,4.529e-05,1781268302976,0.0,95.53,63401.91,BTC-26JUN26,63355.18,,63342.31,26JUN26,115000,,C,BTC-26JUN26-115000-C
0.0115,0.012,63.3,0.01186243,1781268302976,64.7,37.88,63423.66,BTC-3JUL26,63355.18,0.01175,63342.31,3JUL26,68000,,C,BTC-3JUL26-68000-C
,0.0001,79.2,8.96e-06,1781268302976,0.9,84.17,63358.9,index_price,63355.18,,63342.31,13JUN26,56000,,P,BTC-13JUN26-56000-P
0.077,0.081,1814.6,0.07951988,1781268302976,4.0,38.01,63401.91,BTC-26JUN26,63355.18,0.079,63342.31,26JUN26,68000,,P,BTC-26JUN26-68000-P
0.016,0.017,323.2,0.0164747,1781268302976,55.6,41.96,63401.91,BTC-26JUN26,63355.18,0.0165,63342.31,26JUN26,61000,,P,BTC-26JUN26-61000-P
0.017,0.018,48.6,0.01749123,1781268302976,8.2,46.72,63572.65,BTC-31JUL26,63355.18,0.0175,63342.31,31JUL26,55000,,P,BTC-31JUL26-55000-P
0.026,0.027,96.4,0.02639956,1781268302976,98.8,38.91,63423.66,BTC-3JUL26,63355.18,0.0265,63342.31,3JUL26,65000,,C,BTC-3JUL26-65000-C
0.006,0.007,38.2,0.00661228,1781268302976,48.7,31.2,63358.9,index_price,63355.18,0.0065,63342.31,15JUN26,64000,,C,BTC-15JUN26-64000-C
3.873,4.226,0.0,4.04690387,1781268302976,0.0,125.23,63401.91,BTC-26JUN26,63355.18,4.0495,63342.31,26JUN26,320000,,P,BTC-26JUN26-320000-P
0.042,0.078,2.6,0.04530976,1781268302976,0.0,50.96,63358.9,index_price,63355.18,0.06,63342.31,13JUN26,60500,,C,BTC-13JUN26-60500-C
,0.0002,234.5,0.00017115,1781268302976,0.0,73.59,63986.43,BTC-25SEP26,63355.18,,63342.31,25SEP26,220000,,C,BTC-25SEP26-220000-C
0.025,0.0265,30.2,0.02578983,1781268302976,0.0,44.26,65312.13,BTC-26MAR27,63355.18,0.02575,63342.31,26MAR27,106000,,C,BTC-26MAR27-106000-C
0.0095,0.01,225.7,0.00978098,1781268302976,1.2,39.07,63745.35,BTC-28AUG26,63355.18,0.00975,63342.31,28AUG26,80000,,C,BTC-28AUG26-80000-C
0.003,0.0033,3047.1,0.0031224,1781268302976,0.0,43.61,63983.98,BTC-25SEP26,63355.18,0.00315,63342.31,25SEP26,100000,,C,BTC-25SEP26-100000-C
0.035,0.0365,77.9,0.03572643,1781268302976,0.0,43.72,65312.13,BTC-26MAR27,63355.18,0.03575,63342.31,26MAR27,98000,,C,BTC-26MAR27-98000-C
,0.0002,3.7,5.967e-05,1781268302976,4.1,43.82,63358.9,index_price,63355.18,,63342.31,15JUN26,70000,,C,BTC-15JUN26-70000-C
0.0007,0.001,275.6,0.00083786,1781268302976,2.5,44.94,63572.65,BTC-31JUL26,63355.18,0.00085,63342.31,31JUL26,92000,,C,BTC-31JUL26-92000-C
,0.0002,16.7,0.00013082,1781268302976,16.7,51.16,63358.9,index_price,63355.18,,63342.31,15JUN26,57000,,P,BTC-15JUN26-57000-P
0.0605,0.0615,3606.2,0.06112815,1781268302976,90.5,43.0,63983.98,BTC-25SEP26,63355.18,0.061,63342.31,25SEP26,60000,,P,BTC-25SEP26-60000-P
0.1915,0.1985,347.3,0.19605088,1781268302976,0.0,42.72,64630.66,BTC-25DEC26,63355.18,0.195,63342.31,25DEC26,72000,,P,BTC-25DEC26-72000-P
0.2325,0.2355,16.2,0.23374588,1781268302976,0.0,46.67,65312.13,BTC-26MAR27,63355.18,0.234,63342.31,26MAR27,56000,,C,BTC-26MAR27-56000-C
0.0002,0.0003,1016.4,0.00030366,1781268302976,46.7,58.93,63401.91,BTC-26JUN26,63355.18,0.00025,63342.31,26JUN26,84000,,C,BTC-26JUN26-84000-C
0.164,0.172,1451.1,0.16804745,1781268302976,0.8,41.68,63401.91,BTC-26JUN26,63355.18,0.168,63342.31,26JUN26,74000,,P,BTC-26JUN26-74000-P
0.062,0.063,86.0,0.06250646,1781268302976,2.0,41.87,63745.35,BTC-28AUG26,63355.18,0.0625,63342.31,28AUG26,62000,,P,BTC-28AUG26-62000-P
0.0655,0.1005,0.0,0.0687684,1781268302976,0.0,46.12,63355.18,index_price,63355.18,0.083,63342.31,14JUN26,59000,,C,BTC-14JUN26-59000-C
0.303,0.312,29.5,0.3077628,1781268302976,0.0,40.02,63572.65,BTC-31JUL26,63355.18,0.3075,63342.31,31JUL26,83000,,P,BTC-31JUL26-83000-P
4.482,4.8795,0.3,4.67776686,1781268302976,0.0,125.23,63401.91,BTC-26JUN26,63355.18,4.68075,63342.31,26JUN26,360000,,P,BTC-26JUN26-360000-P
0.0505,0.0855,0.0,0.0531533,1781268302976,0.0,41.08,63355.18,index_price,63355.18,0.068,63342.31,14JUN26,60000,,C,BTC-14JUN26-60000-C
0.0011,0.0015,101.0,0.00133175,1781268302976,51.1,34.85,63355.18,index_price,63355.18,0.0013,63342.31,14JUN26,61500,,P,BTC-14JUN26-61500-P
,0.0001,1222.2,6.52e-06,1781268302976,0.0,125.23,63401.91,BTC-26JUN26,63355.18,,63342.31,26JUN26,160000,,C,BTC-26JUN26-160000-C
0.0016,0.0018,3170.3,0.00166307,1781268302976,100.3,39.48,63404.36,BTC-26JUN26,63355.18,0.0017,63342.31,26JUN26,72000,,C,BTC-26JUN26-72000-C
0.0006,0.0009,218.3,0.00076184,1781268302976,141.9,45.22,63358.9,index_price,63355.18,0.00075,63342.31,13JUN26,61500,,P,BTC-13JUN26-61500-P
0.201,0.2055,39.6,0.20303696,1781268302976,0.0,46.16,64630.66,BTC-25DEC26,63355.18,0.20325,63342.31,25DEC26,56000,,C,BTC-25DEC26-56000-C
0.1305,0.164,0.3,0.13287598,1781268302976,0.1,53.99,63375.01,BTC-19JUN26,63355.18,0.14725,63342.31,19JUN26,55000,,C,BTC-19JUN26-55000-C
0.026,0.027,307.0,0.02629094,1781268302976,144.1,39.47,63401.91,BTC-26JUN26,63355.18,0.0265,63342.31,26JUN26,64000,,C,BTC-26JUN26-64000-C
,0.0001,26.2,1.42e-05,1781268302976,3.6,75.87,63358.9,index_price,63355.18,,63342.31,13JUN26,57000,,P,BTC-13JUN26-57000-P
0.026,0.027,3.7,0.02654454,1781268302976,0.1,47.36,63986.43,BTC-25SEP26,63355.18,0.0265,63342.31,25SEP26,52000,,P,BTC-25SEP26-52000-P
0.3735,0.3815,1.7,0.37735142,1781268302976,0.0,43.36,65312.13,BTC-26MAR27,63355.18,0.3775,63342.31,26MAR27,86000,,P,BTC-26MAR27-86000-P
0.0885,0.134,0.0,0.11623053,1781268302976,0.0,57.05,63358.9,index_price,63355.18,0.11125,63342.31,15JUN26,56000,,C,BTC-15JUN26-56000-C
0.0285,0.03,1009.6,0.02924609,1781268302976,4.2,54.0,65312.13,BTC-26MAR27,63355.18,0.02925,63342.31,26MAR27,40000,,P,BTC-26MAR27-40000-P
,0.0001,813.7,0.0,1781268302976,0.0,125.23,63401.91,BTC-26JUN26,63355.18,,63342.31,26JUN26,230000,,C,BTC-26JUN26-230000-C
0.095,0.1,0.0,0.09723864,1781268302976,0.0,45.04,63423.66,BTC-3JUL26,63355.18,0.0975,63342.31,3JUL26,58000,,C,BTC-3JUL26-58000-C
0.015,0.016,297.2,0.01565323,1781268302976,0.0,45.6,65312.13,BTC-26MAR27,63355.18,0.0155,63342.31,26MAR27,120000,,C,BTC-26MAR27-120000-C
0.213,0.221,249.4,0.21718483,1781268302976,0.0,38.29,63572.65,BTC-31JUL26,63355.18,0.217,63342.31,31JUL26,77000,,P,BTC-31JUL26-77000-P
,0.0001,242.5,7.115e-05,1781268302976,3.7,59.28,63355.18,index_price,63355.18,,63342.31,14JUN26,57000,,P,BTC-14JUN26-57000-P
2.198,2.4295,0.0,2.3120307,1781268302976,0.0,125.23,63401.91,BTC-26JUN26,63355.18,2.31375,63342.31,26JUN26,210000,,P,BTC-26JUN26-210000-P
0.0001,0.0003,763.1,0.00020592,1781268302976,0.0,66.93,63986.43,BTC-25SEP26,63355.18,0.0002,63342.31,25SEP26,190000,,C,BTC-25SEP26-190000-C
1.589,1.7765,1.9,1.68116995,1781268302976,0.0,125.23,63401.91,BTC-26JUN26,63355.18,1.68275,63342.31,26JUN26,170000,,P,BTC-26JUN26-170000-P
0.09,0.0925,71.8,0.09107866,1781268302976,0.0,46.67,65312.13,BTC-26MAR27,63355.18,0.09125,63342.31,26MAR27,56000,,P,BTC-26MAR27-56000-P
0.088,0.0895,84.0,0.08856808,1781268302976,4.2,41.56,63983.98,BTC-25SEP26,63355.18,0.08875,63342.31,25SEP26,64000,,C,BTC-25SEP26-64000-C
0.0045,0.0049,149.3,0.00468423,1781268302976,5.3,61.86,63749.07,BTC-28AUG26,63355.18,0.0047,63342.31,28AUG26,40000,,P,BTC-28AUG26-40000-P
0.2795,0.29,0.0,0.28116453,1781268302976,0.0,57.31,63572.65,BTC-31JUL26,63355.18,0.28475,63342.31,31JUL26,46000,,C,BTC-31JUL26-46000-C
0.1255,0.1545,0.2,0.12705829,1781268302976,0.0,44.99,63572.65,BTC-31JUL26,63355.18,0.14,63342.31,31JUL26,57000,,C,BTC-31JUL26-57000-C
0.473,0.4855,1.3,0.47925935,1781268302976,0.0,46.3,63572.65,BTC-31JUL26,63355.18,0.47925,63342.31,31JUL26,94000,,P,BTC-31JUL26-94000-P
0.0006,0.0008,1552.8,0.00068716,1781268302976,203.6,39.14,63375.01,BTC-19JUN26,63355.18,0.0007,63342.31,19JUN26,70000,,C,BTC-19JUN26-70000-C
0.016,0.017,496.1,0.01651359,1781268302976,266.5,38.51,63372.0,BTC-19JUN26,63355.18,0.0165,63342.31,19JUN26,64000,,C,BTC-19JUN26-64000-C
2.3195,2.5625,1.8,2.43835126,1781268302976,0.0,73.59,63986.43,BTC-25SEP26,63355.18,2.441,63342.31,25SEP26,220000,,P,BTC-25SEP26-220000-P
0.2675,0.2715,59.9,0.26952619,1781268302976,0.0,48.78,64630.66,BTC-25DEC26,63355.18,0.2695,63342.31,25DEC26,50000,,C,BTC-25DEC26-50000-C
0.0004,0.0006,0.9,0.00046488,1781268302976,0.9,37.0,63355.18,index_price,63355.18,0.0005,63342.31,16JUN26,68000,,C,BTC-16JUN26-68000-C
0.0315,0.086,0.1,0.05383377,1781268302976,0.1,39.57,63358.9,index_price,63355.18,0.05875,63342.31,15JUN26,60000,,C,BTC-15JUN26-60000-C
0.0009,0.0012,0.4,0.00103783,1781268302977,0.4,44.01,63355.18,index_price,63355.18,0.00105,63342.31,16JUN26,59000,,P,BTC-16JUN26-59000-P
0.02,0.021,543.1,0.02036132,1781268302977,25.9,45.86,63572.65,BTC-31JUL26,63355.18,0.0205,63342.31,31JUL26,56000,,P,BTC-31JUL26-56000-P
0.0011,0.0014,384.5,0.00122751,1781268302977,0.9,42.61,63572.65,BTC-31JUL26,63355.18,0.00125,63342.31,31JUL26,88000,,C,BTC-31JUL26-88000-C
0.0001,0.0002,8.0,0.00013259,1781268302977,8.0,41.25,63355.18,index_price,63355.18,0.00015,63342.31,16JUN26,70000,,C,BTC-16JUN26-70000-C
0.0075,0.008,2213.3,0.00776875,1781268302977,6.1,59.49,63983.98,BTC-25SEP26,63355.18,0.00775,63342.31,25SEP26,40000,,P,BTC-25SEP26-40000-P
3.2255,3.5335,0.0,3.37601147,1781268302977,0.0,84.9,63983.98,BTC-25SEP26,63355.18,3.3795,63342.31,25SEP26,280000,,P,BTC-25SEP26-280000-P
0.145,0.177,0.0,0.14757387,1781268302977,0.0,78.99,63355.18,index_price,63355.18,0.161,63342.31,14JUN26,54000,,C,BTC-14JUN26-54000-C
0.0003,0.0005,159.0,0.0004148,1781268302977,64.4,47.88,63358.9,index_price,63355.18,0.0004,63342.31,13JUN26,61000,,P,BTC-13JUN26-61000-P
1.2085,1.369,4.6,1.28689146,1781268302977,0.0,117.95,63401.91,BTC-26JUN26,63355.18,1.28875,63342.31,26JUN26,145000,,P,BTC-26JUN26-145000-P
0.0545,0.0555,337.3,0.05488919,1781268302977,147.0,40.88,63572.65,BTC-31JUL26,63355.18,0.055,63342.31,31JUL26,63000,,P,BTC-31JUL26-63000-P
0.723,0.7375,1.0,0.73051413,1781268302977,0.0,56.28,63572.65,BTC-31JUL26,63355.18,0.73025,63342.31,31JUL26,110000,,P,BTC-31JUL26-110000-P
0.0005,0.0008,272.1,0.00063852,1781268302977,0.0,47.59,63572.65,BTC-31JUL26,63355.18,0.00065,63342.31,31JUL26,96000,,C,BTC-31JUL26-96000-C
0.0004,0.0007,306.1,0.00052734,1781268302977,2.0,52.3,63572.65,BTC-31JUL26,63355.18,0.00055,63342.31,31JUL26,102000,,C,BTC-31JUL26-102000-C
0.004,0.0044,123.2,0.00424754,1781268302977,125.9,31.2,63358.9,index_price,63355.18,0.0042,63342.31,15JUN26,64500,,C,BTC-15JUN26-64500-C
0.3245,0.332,4.0,0.3283907,1781268302977,0.0,43.4,65312.13,BTC-26MAR27,63355.18,0.32825,63342.31,26MAR27,82000,,P,BTC-26MAR27-82000-P
0.132,0.1335,270.5,0.13251067,1781268302977,0.5,44.06,64630.66,BTC-25DEC26,63355.18,0.13275,63342.31,25DEC26,64000,,C,BTC-25DEC26-64000-C
0.0001,0.0003,1.4,0.00019126,1781268302977,1.4,52.84,63355.18,index_price,63355.18,0.0002,63342.31,16JUN26,56000,,P,BTC-16JUN26-56000-P
0.444,0.568,0.6,0.49510294,1781268302977,0.0,43.61,65315.85,BTC-26MAR27,63355.18,0.506,63342.31,26MAR27,95000,,P,BTC-26MAR27-95000-P
0.0002,0.0006,159.3,0.00032107,1781268302977,0.0,56.28,63576.37,BTC-31JUL26,63355.18,0.0004,63342.31,31JUL26,110000,,C,BTC-31JUL26-110000-C
0.0195,0.0205,1266.8,0.02010063,1781268302977,0.5,42.9,64630.66,BTC-25DEC26,63355.18,0.02,63342.31,25DEC26,95000,,C,BTC-25DEC26-95000-C
0.0008,0.0011,1.9,0.00095187,1781268302977,2.3,35.19,63355.18,index_price,63355.18,0.00095,63342.31,16JUN26,67000,,C,BTC-16JUN26-67000-C
0.879,0.901,0.0,0.88776672,1781268302977,0.0,63.17,63572.65,BTC-31JUL26,63355.18,0.89,63342.31,31JUL26,120000,,P,BTC-31JUL26-120000-P
0.0042,0.0046,2278.3,0.00436431,1781268302977,1.2,42.03,63983.98,BTC-25SEP26,63355.18,0.0044,63342.31,25SEP26,95000,,C,BTC-25SEP26-95000-C
0.0705,0.107,11.5,0.07275118,1781268302977,0.0,45.49,63375.01,BTC-19JUN26,63355.18,0.08875,63342.31,19JUN26,59000,,C,BTC-19JUN26-59000-C
0.456,0.459,15.7,0.45756972,1781268302977,8.0,65.71,63983.98,BTC-25SEP26,63355.18,0.4575,63342.31,25SEP26,35000,,C,BTC-25SEP26-35000-C
,0.0001,556.0,0.0,1781268302977,0.0,125.23,63401.91,BTC-26JUN26,63355.18,,63342.31,26JUN26,240000,,C,BTC-26JUN26-240000-C
2.585,2.8495,0.0,2.71367593,1781268302977,0.0,62.27,64630.66,BTC-25DEC26,63355.18,2.71725,63342.31,25DEC26,240000,,P,BTC-25DEC26-240000-P
0.349,0.373,0.0,0.35355188,1781268302977,0.0,39.99,63745.35,BTC-28AUG26,63355.18,0.361,63342.31,28AUG26,86000,,P,BTC-28AUG26-86000-P
0.323,0.4285,23.4,0.36499875,1781268302977,0.0,42.4,64630.66,BTC-25DEC26,63355.18,0.37575,63342.31,25DEC26,86000,,P,BTC-25DEC26-86000-P
0.0105,0.0115,31.4,0.01108498,1781268302977,0.7,38.91,63749.07,BTC-28AUG26,63355.18,0.011,63342.31,28AUG26,79000,,C,BTC-28AUG26-79000-C
0.096,0.1595,0.0,0.12067535,1781268302977,0.0,48.49,63358.9,index_price,63355.18,0.12775,63342.31,15JUN26,71000,,P,BTC-15JUN26-71000-P
,0.0003,1000.2,0.00021908,1781268302977,0.0,70.03,63983.98,BTC-25SEP26,63355.18,,63342.31,25SEP26,200000,,C,BTC-25SEP26-200000-C
0.2325,0.267,4.1,0.23620422,1781268302977,0.0,38.9,63745.35,BTC-28AUG26,63355.18,0.24975,63342.31,28AUG26,78000,,P,BTC-28AUG26-78000-P
0.015,0.049,8.1,0.01700449,1781268302977,0.9,31.42,63355.18,index_price,63355.18,0.032,63342.31,14JUN26,62500,,C,BTC-14JUN26-62500-C
1.219,1.4,0.5,1.30299465,1781268302977,0.0,48.61,65315.85,BTC-26MAR27,63355.18,1.3095,63342.31,26MAR27,150000,,P,BTC-26MAR27-150000-P
0.0125,0.013,1731.7,0.01276537,1781268302977,107.5,53.64,63983.98,BTC-25SEP26,63355.18,0.01275,63342.31,25SEP26,45000,,P,BTC-25SEP26-45000-P
0.0215,0.023,152.8,0.02218006,1781268302977,1.0,44.61,65312.13,BTC-26MAR27,63355.18,0.02225,63342.31,26MAR27,110000,,C,BTC-26MAR27-110000-C
0.0004,0.0008,479.7,0.00053753,1781268302977,0.0,57.22,63986.43,BTC-25SEP26,63355.18,0.0006,63342.31,25SEP26,145000,,C,BTC-25SEP26-145000-C
0.0125,0.014,113.7,0.01317929,1781268302977,0.0,46.01,65312.13,BTC-26MAR27,63355.18,0.01325,63342.31,26MAR27,125000,,C,BTC-26MAR27-125000-C
0.024,0.025,442.8,0.02450589,1781268302977,529.9,39.43,63372.0,BTC-19JUN26,63355.18,0.0245,63342.31,19JUN26,63000,,C,BTC-19JUN26-63000-C
1.241,1.4135,2.1,1.32310862,1781268302977,0.0,51.08,64634.78,BTC-25DEC26,63355.18,1.32725,63342.31,25DEC26,150000,,P,BTC-25DEC26-150000-P
0.0002,0.0006,829.8,0.00035775,1781268302977,0.1,60.59,63983.98,BTC-25SEP26,63355.18,0.0004,63342.31,25SEP26,160000,,C,BTC-25SEP26-160000-C
0.2885,0.2985,204.8,0.29360768,1781268302977,1.3,55.25,63401.91,BTC-26JUN26,63355.18,0.2935,63342.31,26JUN26,82000,,P,BTC-26JUN26-82000-P
0.02,0.0625,0.0,0.02671189,1781268302977,0.0,39.55,63358.9,index_price,63355.18,0.04125,63342.31,13JUN26,65000,,P,BTC-13JUN26-65000-P
0.0165,0.0175,208.9,0.01692472,1781268302977,0.1,43.14,64630.66,BTC-25DEC26,63355.18,0.017,63342.31,25DEC26,98000,,C,BTC-25DEC26-98000-C
0.4575,0.471,0.0,0.46353919,1781268302977,0.0,45.3,63572.65,BTC-31JUL26,63355.18,0.46425,63342.31,31JUL26,93000,,P,BTC-31JUL26-93000-P
0.0125,0.0135,1.2,0.01294502,1781268302977,1.2,34.41,63355.18,index_price,63355.18,0.013,63342.31,16JUN26,63500,,C,BTC-16JUN26-63500-C
0.106,0.159,0.0,0.12065608,1781268302977,0.0,42.77,63355.18,index_price,63355.18,0.1325,63342.31,16JUN26,71000,,P,BTC-16JUN26-71000-P
0.6605,0.7445,0.0,0.68105368,1781268302977,0.0,44.36,64634.78,BTC-25DEC26,63355.18,0.7025,63342.31,25DEC26,108000,,P,BTC-25DEC26-108000-P
0.471,0.4955,0.0,0.47651053,1781268302977,0.0,42.51,63745.35,BTC-28AUG26,63355.18,0.48325,63342.31,28AUG26,94000,,P,BTC-28AUG26-94000-P
0.009,0.01,626.7,0.00949479,1781268302977,0.0,40.0,63986.43,BTC-25SEP26,63355.18,0.0095,63342.31,25SEP26,86000,,C,BTC-25SEP26-86000-C
0.007,0.008,2385.7,0.00744374,1781268302977,0.1,45.44,64630.66,BTC-25DEC26,63355.18,0.0075,63342.31,25DEC26,115000,,C,BTC-25DEC26-115000-C
0.062,0.063,651.7,0.06244643,1781268302977,91.9,40.39,63572.65,BTC-31JUL26,63355.18,0.0625,63342.31,31JUL26,64000,,P,BTC-31JUL26-64000-P
0.0006,0.0009,82.6,0.0007396,1781268302977,0.1,45.3,63572.65,BTC-31JUL26,63355.18,0.00075,63342.31,31JUL26,93000,,C,BTC-31JUL26-93000-C
1.0725,1.245,0.0,1.15178315,1781268302977,0.0,47.53,65312.13,BTC-26MAR27,63355.18,1.15875,63342.31,26MAR27,140000,,P,BTC-26MAR27-140000-P
0.2845,0.291,930.7,0.28787402,1781268302977,0.3,42.4,64630.66,BTC-25DEC26,63355.18,0.28775,63342.31,25DEC26,80000,,P,BTC-25DEC26-80000-P
0.0405,0.0415,169.1,0.04070737,1781268302977,0.4,44.89,63983.98,BTC-25SEP26,63355.18,0.041,63342.31,25SEP26,56000,,P,BTC-25SEP26-56000-P
0.015,0.0155,796.9,0.01508325,1781268302977,33.1,50.06,63745.35,BTC-28AUG26,63355.18,0.01525,63342.31,28AUG26,50000,,P,BTC-28AUG26-50000-P
0.102,0.105,16.6,0.10361471,1781268302977,0.0,43.43,63572.65,BTC-31JUL26,63355.18,0.1035,63342.31,31JUL26,59000,,C,BTC-31JUL26-59000-C
0.029,0.0785,0.0,0.04631965,1781268302977,0.0,37.91,63358.9,index_price,63355.18,0.05375,63342.31,15JUN26,60500,,C,BTC-15JUN26-60500-C
0.196,0.201,83.4,0.19897281,1781268302977,0.1,44.14,65315.85,BTC-26MAR27,63355.18,0.1985,63342.31,26MAR27,70000,,P,BTC-26MAR27-70000-P
0.113,0.1465,0.0,0.11603111,1781268302977,0.0,66.85,63355.18,index_price,63355.18,0.12975,63342.31,14JUN26,56000,,C,BTC-14JUN26-56000-C
0.349,0.3735,15.2,0.35420607,1781268302977,0.0,41.4,63572.65,BTC-31JUL26,63355.18,0.36125,63342.31,31JUL26,86000,,P,BTC-31JUL26-86000-P
0.1655,0.168,6.2,0.16671948,1781268302977,0.2,44.98,65312.13,BTC-26MAR27,63355.18,0.16675,63342.31,26MAR27,64000,,C,BTC-26MAR27-64000-C
0.3095,0.316,157.7,0.31266449,1781268302977,0.0,42.28,64634.78,BTC-25DEC26,63355.18,0.31275,63342.31,25DEC26,82000,,P,BTC-25DEC26-82000-P
0.012,0.013,116.4,0.01271684,1781268302977,0.7,38.9,63749.07,BTC-28AUG26,63355.18,0.0125,63342.31,28AUG26,78000,,C,BTC-28AUG26-78000-C
0.0125,0.013,5074.0,0.01246592,1781268302977,361.7,43.08,63401.91,BTC-26JUN26,63355.18,0.01275,63342.31,26JUN26,60000,,P,BTC-26JUN26-60000-P
0.4145,0.4235,590.4,0.41932201,1781268302977,0.0,42.51,64634.78,BTC-25DEC26,63355.18,0.419,63342.31,25DEC26,90000,,P,BTC-25DEC26-90000-P
0.0005,0.0008,46.8,0.00063912,1781268302977,0.1,46.57,63572.65,BTC-31JUL26,63355.18,0.00065,63342.31,31JUL26,95000,,C,BTC-31JUL26-95000-C
0.0023,0.0027,22.4,0.0024705,1781268302977,0.0,41.85,63749.07,BTC-28AUG26,63355.18,0.0025,63342.31,28AUG26,92000,,C,BTC-28AUG26-92000-C
0.2935,0.2975,15.4,0.29547357,1781268302977,0.0,48.69,65312.13,BTC-26MAR27,63355.18,0.2955,63342.31,26MAR27,50000,,C,BTC-26MAR27-50000-C
0.2275,0.236,458.6,0.23197157,1781268302977,0.1,38.55,63572.65,BTC-31JUL26,63355.18,0.23175,63342.31,31JUL26,78000,,P,BTC-31JUL26-78000-P
0.2265,0.2355,0.0,0.2308487,1781268302977,0.1,56.72,63375.01,BTC-19JUN26,63355.18,0.231,63342.31,19JUN26,78000,,P,BTC-19JUN26-78000-P
0.2465,0.271,0.0,0.2502581,1781268302977,0.0,38.91,63745.35,BTC-28AUG26,63355.18,0.25875,63342.31,28AUG26,79000,,P,BTC-28AUG26-79000-P
0.0875,0.1325,0.0,0.11634545,1781268302977,0.0,52.84,63355.18,index_price,63355.18,0.11,63342.31,16JUN26,56000,,C,BTC-16JUN26-56000-C
0.0105,0.012,43.2,0.01144827,1781268302977,25.8,30.17,63355.18,index_price,63355.18,0.01125,63342.31,14JUN26,63000,,C,BTC-14JUN26-63000-C
1.689,1.891,0.0,1.78613592,1781268302977,0.0,55.5,64634.78,BTC-25DEC26,63355.18,1.79,63342.31,25DEC26,180000,,P,BTC-25DEC26-180000-P
0.379,0.413,0.0,0.38402076,1781268302977,0.0,40.55,63749.07,BTC-28AUG26,63355.18,0.396,63342.31,28AUG26,88000,,P,BTC-28AUG26-88000-P
0.2085,0.2385,0.0,0.21120666,1781268302977,0.0,68.56,63372.56,BTC-19JUN26,63355.18,0.2235,63342.31,19JUN26,50000,,C,BTC-19JUN26-50000-C
,0.0001,1180.5,7.9e-07,1781268302977,0.0,125.23,63401.91,BTC-26JUN26,63355.18,,63342.31,26JUN26,180000,,C,BTC-26JUN26-180000-C
0.4925,0.504,969.2,0.49844002,1781268302977,0.0,74.58,63401.91,BTC-26JUN26,63355.18,0.49825,63342.31,26JUN26,95000,,P,BTC-26JUN26-95000-P
0.5355,0.5525,0.1,0.54204084,1781268302977,0.0,49.2,63572.65,BTC-31JUL26,63355.18,0.544,63342.31,31JUL26,98000,,P,BTC-31JUL26-98000-P
0.5015,0.5285,0.0,0.50756827,1781268302977,0.0,43.26,63749.07,BTC-28AUG26,63355.18,0.515,63342.31,28AUG26,96000,,P,BTC-28AUG26-96000-P
0.0044,0.0048,131.3,0.00457862,1781268302977,1.1,39.99,63745.35,BTC-28AUG26,63355.18,0.0046,63342.31,28AUG26,86000,,C,BTC-28AUG26-86000-C
0.012,0.013,2203.8,0.01247818,1781268302977,0.8,60.89,64630.66,BTC-25DEC26,63355.18,0.0125,63342.31,25DEC26,35000,,P,BTC-25DEC26-35000-P
0.1845,0.1915,212.5,0.18851999,1781268302977,0.0,38.26,63572.65,BTC-31JUL26,63355.18,0.188,63342.31,31JUL26,75000,,P,BTC-31JUL26-75000-P
0.058,0.064,94.7,0.06092636,1781268302977,3.5,37.6,63375.01,BTC-19JUN26,63355.18,0.061,63342.31,19JUN26,67000,,P,BTC-19JUN26-67000-P
1.264,1.4315,0.7,1.34470251,1781268302977,0.0,58.67,63983.98,BTC-25SEP26,63355.18,1.34775,63342.31,25SEP26,150000,,P,BTC-25SEP26-150000-P
0.14,0.143,16.0,0.14136199,1781268302977,0.0,44.62,63749.07,BTC-28AUG26,63355.18,0.1415,63342.31,28AUG26,57000,,C,BTC-28AUG26-57000-C
0.06,0.062,2014.8,0.06094927,1781268302977,2.6,48.69,65312.13,BTC-26MAR27,63355.18,0.061,63342.31,26MAR27,50000,,P,BTC-26MAR27-50000-P
0.0029,0.0032,502.9,0.00306368,1781268302977,502.9,53.83,63423.66,BTC-3JUL26,63355.18,0.00305,63342.31,3JUL26,52000,,P,BTC-3JUL26-52000-P
0.0026,0.0032,876.3,0.00285842,1781268302977,0.0,52.42,65312.13,BTC-26MAR27,63355.18,0.0029,63342.31,26MAR27,190000,,C,BTC-26MAR27-190000-C
0.0031,0.0033,3757.3,0.00320775,1781268302977,582.1,51.27,63401.91,BTC-26JUN26,63355.18,0.0032,63342.31,26JUN26,55000,,P,BTC-26JUN26-55000-P
0.199,0.206,457.2,0.20272944,1781268302977,0.0,38.27,63576.37,BTC-31JUL26,63355.18,0.2025,63342.31,31JUL26,76000,,P,BTC-31JUL26-76000-P
0.009,0.0095,2573.6,0.00938965,1781268302977,0.2,44.81,64630.66,BTC-25DEC26,63355.18,0.00925,63342.31,25DEC26,110000,,C,BTC-25DEC26-110000-C
0.0975,0.131,0.0,0.10025623,1781268302977,0.0,59.28,63355.18,index_price,63355.18,0.11425,63342.31,14JUN26,57000,,C,BTC-14JUN26-57000-C
0.0115,0.0125,98.1,0.01203238,1781268302977,16.3,52.3,63745.35,BTC-28AUG26,63355.18,0.012,63342.31,28AUG26,48000,,P,BTC-28AUG26-48000-P
0.0004,0.0006,459.2,0.00048564,1781268302977,21.0,53.63,63572.65,BTC-31JUL26,63355.18,0.0005,63342.31,31JUL26,104000,,C,BTC-31JUL26-104000-C
0.021,0.023,0.0,0.02216789,1781268302977,0.0,35.56,63355.18,index_price,63355.18,0.022,63342.31,16JUN26,62500,,C,BTC-16JUN26-62500-C
0.336,0.3475,0.2,0.34126198,1781268302977,0.0,73.55,63372.56,BTC-19JUN26,63355.18,0.34175,63342.31,19JUN26,85000,,P,BTC-19JUN26-85000-P
0.379,0.421,4.8,0.38320349,1781268302977,0.0,40.44,63986.43,BTC-25SEP26,63355.18,0.4,63342.31,25SEP26,88000,,P,BTC-25SEP26-88000-P
2.655,2.9195,0.1,2.78517791,1781268302977,0.0,125.23,63401.91,BTC-26JUN26,63355.18,2.78725,63342.31,26JUN26,240000,,P,BTC-26JUN26-240000-P
0.097,0.131,0.0,0.10032943,1781268302977,0.0,75.87,63358.9,index_price,63355.18,0.114,63342.31,13JUN26,57000,,C,BTC-13JUN26-57000-C
0.056,0.0615,35.2,0.05888842,1781268302977,10.1,43.64,63375.01,BTC-19JUN26,63355.18,0.05875,63342.31,19JUN26,60000,,C,BTC-19JUN26-60000-C
0.2565,0.263,19.5,0.26000471,1781268302977,0.1,43.63,65312.13,BTC-26MAR27,63355.18,0.25975,63342.31,26MAR27,76000,,P,BTC-26MAR27-76000-P
0.0265,0.0275,806.9,0.02698417,1781268302977,4.9,39.48,63986.43,BTC-25SEP26,63355.18,0.027,63342.31,25SEP26,76000,,C,BTC-25SEP26-76000-C
0.0135,0.0465,0.0,0.04199346,1781268302977,0.0,46.24,63358.9,index_price,63355.18,0.03,63342.31,13JUN26,66000,,P,BTC-13JUN26-66000-P
0.0065,0.0075,2336.9,0.0070528,1781268302977,1021.0,38.01,63404.36,BTC-26JUN26,63355.18,0.007,63342.31,26JUN26,68000,,C,BTC-26JUN26-68000-C
0.2575,0.2675,1.1,0.26240603,1781268302977,0.0,62.79,63375.01,BTC-19JUN26,63355.18,0.2625,63342.31,19JUN26,80000,,P,BTC-19JUN26-80000-P
0.0015,0.0019,1642.7,0.00169263,1781268302977,0.0,46.45,63983.98,BTC-25SEP26,63355.18,0.0017,63342.31,25SEP26,110000,,C,BTC-25SEP26-110000-C
0.0435,0.0445,235.1,0.04399769,1781268302977,10.0,42.28,64630.66,BTC-25DEC26,63355.18,0.044,63342.31,25DEC26,82000,,C,BTC-25DEC26-82000-C
,0.0002,2125.7,0.00015487,1781268302977,6.8,91.53,63404.36,BTC-26JUN26,63355.18,,63342.31,26JUN26,105000,,C,BTC-26JUN26-105000-C
0.033,0.034,22.6,0.03342509,1781268302977,15.7,39.49,63423.66,BTC-3JUL26,63355.18,0.0335,63342.31,3JUL26,64000,,C,BTC-3JUL26-64000-C
0.1325,0.1405,600.9,0.13635411,1781268302977,0.0,41.95,63375.01,BTC-19JUN26,63355.18,0.1365,63342.31,19JUN26,72000,,P,BTC-19JUN26-72000-P
0.036,0.0375,2671.6,0.03656954,1781268302977,2.9,45.42,63983.98,BTC-25SEP26,63355.18,0.03675,63342.31,25SEP26,55000,,P,BTC-25SEP26-55000-P
0.044,0.0455,2815.5,0.04463452,1781268302977,21.2,38.73,63401.91,BTC-26JUN26,63355.18,0.04475,63342.31,26JUN26,65000,,P,BTC-26JUN26-65000-P
1.0,1.0995,52.1,1.01563997,1781268302977,0.0,48.03,64630.66,BTC-25DEC26,63355.18,1.04975,63342.31,25DEC26,130000,,P,BTC-25DEC26-130000-P
0.011,0.0115,181.7,0.01134095,1781268302977,0.1,44.25,64630.66,BTC-25DEC26,63355.18,0.01125,63342.31,25DEC26,106000,,C,BTC-25DEC26-106000-C
0.0135,0.0145,120.5,0.01427589,1781268302977,127.3,32.22,63358.9,index_price,63355.18,0.014,63342.31,15JUN26,63000,,C,BTC-15JUN26-63000-C
0.543,0.5455,250.3,0.54385205,1781268302977,2.3,66.52,64630.66,BTC-25DEC26,63355.18,0.54425,63342.31,25DEC26,30000,,C,BTC-25DEC26-30000-C
0.001,0.0016,922.6,0.00125756,1781268302977,0.0,55.5,64630.66,BTC-25DEC26,63355.18,0.0013,63342.31,25DEC26,180000,,C,BTC-25DEC26-180000-C
0.0975,0.102,407.9,0.09988764,1781268302977,2.2,38.9,63572.65,BTC-31JUL26,63355.18,0.09975,63342.31,31JUL26,68000,,P,BTC-31JUL26-68000-P
0.1875,0.1935,112.1,0.18985712,1781268302977,9.6,39.63,63986.43,BTC-25SEP26,63355.18,0.1905,63342.31,25SEP26,74000,,P,BTC-25SEP26-74000-P
0.6315,0.715,0.1,0.65132488,1781268302977,0.0,44.25,64634.78,BTC-25DEC26,63355.18,0.67325,63342.31,25DEC26,106000,,P,BTC-25DEC26-106000-P
0.319,0.359,0.0,0.32351161,1781268302977,0.0,39.7,63749.07,BTC-28AUG26,63355.18,0.339,63342.31,28AUG26,84000,,P,BTC-28AUG26-84000-P
0.3985,0.407,4.6,0.40277627,1781268302977,0.0,43.41,65315.85,BTC-26MAR27,63355.18,0.40275,63342.31,26MAR27,88000,,P,BTC-26MAR27-88000-P
2.5025,2.756,6.4,2.62746216,1781268302977,0.0,125.23,63401.91,BTC-26JUN26,63355.18,2.62925,63342.31,26JUN26,230000,,P,BTC-26JUN26-230000-P
1.2845,1.4505,2.3,1.36574912,1781268302977,0.0,122.22,63401.91,BTC-26JUN26,63355.18,1.3675,63342.31,26JUN26,150000,,P,BTC-26JUN26-150000-P
,0.0001,1294.7,6.847e-05,1781268302977,61.4,92.1,63401.91,BTC-26JUN26,63355.18,,63342.31,26JUN26,110000,,C,BTC-26JUN26-110000-C
0.043,0.0445,240.5,0.04371777,1781268302977,113.3,40.95,63401.91,BTC-26JUN26,63355.18,0.04375,63342.31,26JUN26,62000,,C,BTC-26JUN26-62000-C
0.009,0.055,0.4,0.02229061,1781268302977,0.4,31.2,63358.9,index_price,63355.18,0.032,63342.31,15JUN26,64500,,P,BTC-15JUN26-64500-P
0.0011,0.0012,155.5,0.00109402,1781268302977,3.0,43.1,63576.37,BTC-31JUL26,63355.18,0.00115,63342.31,31JUL26,89000,,C,BTC-31JUL26-89000-C
,0.0001,649.5,1.314e-05,1781268302977,0.0,117.95,63401.91,BTC-26JUN26,63355.18,,63342.31,26JUN26,145000,,C,BTC-26JUN26-145000-C
,0.0001,198.4,0.0,1781268302977,0.0,125.23,63401.91,BTC-26JUN26,63355.18,,63342.31,26JUN26,260000,,C,BTC-26JUN26-260000-C
0.023,0.024,219.8,0.02361288,1781268302977,15.6,44.99,63576.37,BTC-31JUL26,63355.18,0.0235,63342.31,31JUL26,57000,,P,BTC-31JUL26-57000-P
0.1065,0.1085,649.3,0.1074141,1781268302977,3.6,44.49,64630.66,BTC-25DEC26,63355.18,0.1075,63342.31,25DEC26,62000,,P,BTC-25DEC26-62000-P
0.3075,0.3115,153.4,0.30950126,1781268302977,0.0,53.64,63983.98,BTC-25SEP26,63355.18,0.3095,63342.31,25SEP26,45000,,C,BTC-25SEP26-45000-C
0.034,0.035,291.6,0.03435562,1781268302977,77.2,40.17,63401.91,BTC-26JUN26,63355.18,0.0345,63342.31,26JUN26,63000,,C,BTC-26JUN26-63000-C
0.1915,0.2085,0.1,0.19315406,1781268302977,0.0,49.63,63572.65,BTC-31JUL26,63355.18,0.2,63342.31,31JUL26,52000,,C,BTC-31JUL26-52000-C
0.0024,0.0028,461.0,0.00257448,1781268302977,0.2,53.73,65312.13,BTC-26MAR27,63355.18,0.0026,63342.31,26MAR27,200000,,C,BTC-26MAR27-200000-C
0.5045,0.5235,0.1,0.5106252,1781268302977,0.0,47.59,63572.65,BTC-31JUL26,63355.18,0.514,63342.31,31JUL26,96000,,P,BTC-31JUL26-96000-P
,0.0001,4610.1,1.465e-05,1781268302977,0.0,173.21,63401.91,BTC-26JUN26,63355.18,,63342.31,26JUN26,20000,,P,BTC-26JUN26-20000-P
0.073,0.113,16.5,0.1102617,1781268302977,16.5,37.88,63423.66,BTC-3JUL26,63355.18,0.093,63342.31,3JUL26,70000,,P,BTC-3JUL26-70000-P
0.0025,0.0028,82.8,0.00262565,1781268302977,77.1,31.34,63358.9,index_price,63355.18,0.00265,63342.31,15JUN26,65000,,C,BTC-15JUN26-65000-C
1.0915,1.2555,0.2,1.16913199,1781268302977,0.0,49.49,64630.66,BTC-25DEC26,63355.18,1.1735,63342.31,25DEC26,140000,,P,BTC-25DEC26-140000-P
0.9455,1.028,22.6,0.95443218,1781268302977,0.0,51.24,63983.98,BTC-25SEP26,63355.18,0.98675,63342.31,25SEP26,125000,,P,BTC-25SEP26-125000-P
0.44,0.472,1.0,0.44555818,1781268302977,0.0,41.85,63749.07,BTC-28AUG26,63355.18,0.456,63342.31,28AUG26,92000,,P,BTC-28AUG26-92000-P
0.5415,0.667,0.0,0.59182658,1781268302977,0.0,43.97,65312.13,BTC-26MAR27,63355.18,0.60425,63342.31,26MAR27,102000,,P,BTC-26MAR27-102000-P
0.192,0.1985,27.2,0.19543242,1781268302977,0.0,38.89,63749.07,BTC-28AUG26,63355.18,0.19525,63342.31,28AUG26,75000,,P,BTC-28AUG26-75000-P
0.1335,0.139,237.1,0.13577115,1781268302977,0.0,51.27,63401.91,BTC-26JUN26,63355.18,0.13625,63342.31,26JUN26,55000,,C,BTC-26JUN26-55000-C
0.0385,0.0395,99.4,0.03899608,1781268302977,0.0,43.66,65312.13,BTC-26MAR27,63355.18,0.039,63342.31,26MAR27,96000,,C,BTC-26MAR27-96000-C
0.5295,0.5625,0.1,0.53503007,1781268302977,0.0,42.81,63983.98,BTC-25SEP26,63355.18,0.546,63342.31,25SEP26,98000,,P,BTC-25SEP26-98000-P
0.008,0.009,207.7,0.00865061,1781268302977,208.1,32.22,63358.9,index_price,63355.18,0.0085,63342.31,15JUN26,63000,,P,BTC-15JUN26-63000-P
0.381,0.3845,31.4,0.38263682,1781268302978,0.0,59.49,63983.38,BTC-25SEP26,63355.18,0.38275,63342.31,25SEP26,40000,,C,BTC-25SEP26-40000-C
0.014,0.015,70.0,0.01456627,1781268302978,14.7,38.89,63745.35,BTC-28AUG26,63355.18,0.0145,63342.31,28AUG26,77000,,C,BTC-28AUG26-77000-C
0.0003,0.0007,322.5,0.00040161,1781268302978,0.0,59.43,63986.43,BTC-25SEP26,63355.18,0.0005,63342.31,25SEP26,155000,,C,BTC-25SEP26-155000-C
0.289,0.298,0.0,0.29367303,1781268302978,0.0,39.18,63749.07,BTC-28AUG26,63355.18,0.2935,63342.31,28AUG26,82000,,P,BTC-28AUG26-82000-P
0.0033,0.0036,3571.9,0.00338642,1781268302978,396.9,38.41,63404.36,BTC-26JUN26,63355.18,0.00345,63342.31,26JUN26,70000,,C,BTC-26JUN26-70000-C
0.0003,0.0004,607.8,0.00034611,1781268302978,513.0,59.15,63372.0,BTC-19JUN26,63355.18,0.00035,63342.31,19JUN26,53000,,P,BTC-19JUN26-53000-P
0.172,0.178,1069.2,0.17595462,1781268302978,11.2,43.0,64630.66,BTC-25DEC26,63355.18,0.175,63342.31,25DEC26,70000,,P,BTC-25DEC26-70000-P
0.123,0.1245,591.5,0.12401261,1781268302978,21.0,40.54,63983.38,BTC-25SEP26,63355.18,0.12375,63342.31,25SEP26,68000,,P,BTC-25SEP26-68000-P
0.015,0.0155,3.4,0.01516304,1781268302978,3.4,34.41,63355.18,index_price,63355.18,0.01525,63342.31,16JUN26,63500,,P,BTC-16JUN26-63500-P
0.0019,0.0022,1.2,0.00207136,1781268302978,1.3,33.94,63355.18,index_price,63355.18,0.00205,63342.31,16JUN26,66000,,C,BTC-16JUN26-66000-C
0.067,0.128,0.0,0.08922858,1781268302978,0.0,43.39,63358.9,index_price,63355.18,0.0975,63342.31,15JUN26,69000,,P,BTC-15JUN26-69000-P
0.0048,0.0055,626.3,0.0051371,1781268302978,0.0,47.19,64630.66,BTC-25DEC26,63355.18,0.00515,63342.31,25DEC26,125000,,C,BTC-25DEC26-125000-C
0.04,0.0415,116.1,0.04069912,1781268302978,2.0,43.61,65315.85,BTC-26MAR27,63355.18,0.04075,63342.31,26MAR27,95000,,C,BTC-26MAR27-95000-C
0.092,0.094,1019.9,0.09294637,1781268302978,1.2,43.0,64630.66,BTC-25DEC26,63355.18,0.093,63342.31,25DEC26,70000,,C,BTC-25DEC26-70000-C
0.0041,0.0044,254.4,0.0042118,1781268302978,0.5,38.6,63572.65,BTC-31JUL26,63355.18,0.00425,63342.31,31JUL26,79000,,C,BTC-31JUL26-79000-C
0.0075,0.0085,1715.3,0.00799844,1781268302978,34.2,66.52,64630.66,BTC-25DEC26,63355.18,0.008,63342.31,25DEC26,30000,,P,BTC-25DEC26-30000-P
0.0005,0.0009,1126.9,0.00061434,1781268302978,0.0,55.9,63983.98,BTC-25SEP26,63355.18,0.0007,63342.31,25SEP26,140000,,C,BTC-25SEP26-140000-C
0.015,0.0155,2511.1,0.01536091,1781268302978,1.1,43.48,64630.66,BTC-25DEC26,63355.18,0.01525,63342.31,25DEC26,100000,,C,BTC-25DEC26-100000-C
0.0595,0.0625,3.8,0.06121665,1781268302978,2.0,41.92,63423.66,BTC-3JUL26,63355.18,0.061,63342.31,3JUL26,61000,,C,BTC-3JUL26-61000-C
1.7165,1.9155,7.3,1.8132658,1781268302978,0.0,64.11,63983.98,BTC-25SEP26,63355.18,1.816,63342.31,25SEP26,180000,,P,BTC-25SEP26-180000-P
0.1705,0.1775,138.8,0.17461001,1781268302978,0.2,38.28,63576.37,BTC-31JUL26,63355.18,0.174,63342.31,31JUL26,74000,,P,BTC-31JUL26-74000-P
0.3335,0.349,21.8,0.33873289,1781268302978,0.0,41.12,63572.65,BTC-31JUL26,63355.18,0.34125,63342.31,31JUL26,85000,,P,BTC-31JUL26-85000-P
0.011,0.012,0.5,0.01155181,1781268302978,0.5,35.0,63355.18,index_price,63355.18,0.0115,63342.31,16JUN26,63000,,P,BTC-16JUN26-63000-P
0.1295,0.132,188.4,0.13080099,1781268302978,0.1,45.25,65312.13,BTC-26MAR27,63355.18,0.13075,63342.31,26MAR27,62000,,P,BTC-26MAR27-62000-P
0.0029,0.0585,0.2,0.02540174,1781268302978,0.2,33.83,63358.9,index_price,63355.18,0.0307,63342.31,15JUN26,62000,,C,BTC-15JUN26-62000-C
,0.0001,21.4,2.73e-06,1781268302978,0.2,54.26,63358.9,index_price,63355.18,,63342.31,13JUN26,69000,,C,BTC-13JUN26-69000-C
0.148,0.156,116.0,0.15203049,1781268302978,1.1,43.18,63375.01,BTC-19JUN26,63355.18,0.152,63342.31,19JUN26,73000,,P,BTC-19JUN26-73000-P
0.5905,0.63,0.4,0.59674287,1781268302978,0.0,44.03,63983.98,BTC-25SEP26,63355.18,0.61025,63342.31,25SEP26,102000,,P,BTC-25SEP26-102000-P
0.118,0.121,8.5,0.11929967,1781268302978,0.0,43.41,63749.07,BTC-28AUG26,63355.18,0.1195,63342.31,28AUG26,59000,,C,BTC-28AUG26-59000-C
,0.0001,308.5,0.0,1781268302978,0.0,125.23,63401.91,BTC-26JUN26,63355.18,,63342.31,26JUN26,300000,,C,BTC-26JUN26-300000-C
0.0065,0.0075,79.1,0.0071431,1781268302978,28.3,29.57,63355.18,index_price,63355.18,0.007,63342.31,14JUN26,63500,,C,BTC-14JUN26-63500-C
0.006,0.007,975.3,0.00637359,1781268302978,289.1,37.53,63375.01,BTC-19JUN26,63355.18,0.0065,63342.31,19JUN26,66000,,C,BTC-19JUN26-66000-C
0.115,0.1495,0.0,0.11745572,1781268302978,0.0,51.78,63375.01,BTC-19JUN26,63355.18,0.13225,63342.31,19JUN26,56000,,C,BTC-19JUN26-56000-C
0.062,0.094,0.0,0.08927894,1781268302978,0.0,39.36,63355.18,index_price,63355.18,0.078,63342.31,16JUN26,69000,,P,BTC-16JUN26-69000-P
0.0002,0.0004,102.2,0.00023833,1781268302978,36.7,50.96,63358.9,index_price,63355.18,0.0003,63342.31,13JUN26,60500,,P,BTC-13JUN26-60500-P
0.0115,0.012,827.6,0.01187831,1781268302978,0.2,44.09,64630.66,BTC-25DEC26,63355.18,0.01175,63342.31,25DEC26,105000,,C,BTC-25DEC26-105000-C
,0.0001,51.3,3.011e-05,1781268302978,5.0,78.99,63355.18,index_price,63355.18,,63342.31,14JUN26,54000,,P,BTC-14JUN26-54000-P
0.129,0.1615,0.0,0.13188669,1781268302978,0.0,89.13,63358.9,index_price,63355.18,0.14525,63342.31,13JUN26,55000,,C,BTC-13JUN26-55000-C
0.053,0.0955,0.0,0.06918396,1781268302978,0.0,42.93,63358.9,index_price,63355.18,0.07425,63342.31,15JUN26,59000,,C,BTC-15JUN26-59000-C
0.0135,0.018,129.2,0.01605017,1781268302978,9.3,39.98,63358.9,index_price,63355.18,0.01575,63342.31,13JUN26,62500,,C,BTC-13JUN26-62500-C
0.0095,0.0105,110.5,0.00998617,1781268302978,128.7,31.65,63358.9,index_price,63355.18,0.01,63342.31,15JUN26,63500,,C,BTC-15JUN26-63500-C
0.0805,0.0815,183.8,0.0806926,1781268302978,2.0,45.49,64630.66,BTC-25DEC26,63355.18,0.081,63342.31,25DEC26,58000,,P,BTC-25DEC26-58000-P
0.242,0.2505,174.6,0.246805,1781268302978,0.0,38.6,63572.65,BTC-31JUL26,63355.18,0.24625,63342.31,31JUL26,79000,,P,BTC-31JUL26-79000-P
0.011,0.0175,3.7,0.01439608,1781268302978,3.7,29.2,63355.18,index_price,63355.18,0.01425,63342.31,14JUN26,64000,,P,BTC-14JUN26-64000-P
1.1885,1.3505,0.2,1.26661079,1781268302978,0.0,57.22,63986.43,BTC-25SEP26,63355.18,1.2695,63342.31,25SEP26,145000,,P,BTC-25SEP26-145000-P
0.0055,0.006,421.8,0.00536474,1781268302978,16.6,47.4,63401.91,BTC-26JUN26,63355.18,0.00575,63342.31,26JUN26,57000,,P,BTC-26JUN26-57000-P
0.0065,0.007,9.8,0.00664154,1781268302978,11.7,37.88,63423.66,BTC-3JUL26,63355.18,0.00675,63342.31,3JUL26,70000,,C,BTC-3JUL26-70000-C
0.1365,0.173,0.0,0.13876174,1781268302978,0.0,49.04,63423.66,BTC-3JUL26,63355.18,0.15475,63342.31,3JUL26,55000,,C,BTC-3JUL26-55000-C
0.641,0.6775,0.0,0.64802342,1781268302978,0.0,47.33,63749.07,BTC-28AUG26,63355.18,0.65925,63342.31,28AUG26,105000,,P,BTC-28AUG26-105000-P
0.432,0.539,5.2,0.47567463,1781268302978,0.0,42.85,64630.66,BTC-25DEC26,63355.18,0.4855,63342.31,25DEC26,94000,,P,BTC-25DEC26-94000-P
0.079,0.0805,422.3,0.07969898,1781268302978,41.1,39.51,63572.65,BTC-31JUL26,63355.18,0.07975,63342.31,31JUL26,66000,,P,BTC-31JUL26-66000-P
0.0006,0.0009,254.6,0.00064564,1781268302978,0.0,60.14,64630.66,BTC-25DEC26,63355.18,0.00075,63342.31,25DEC26,220000,,C,BTC-25DEC26-220000-C
0.079,0.081,952.7,0.0801696,1781268302978,1.0,43.47,65312.13,BTC-26MAR27,63355.18,0.08,63342.31,26MAR27,80000,,C,BTC-26MAR27-80000-C
1.641,1.834,0.2,1.73515334,1781268302978,0.0,63.27,63983.98,BTC-25SEP26,63355.18,1.7375,63342.31,25SEP26,175000,,P,BTC-25SEP26-175000-P
0.0275,0.0285,215.7,0.02796482,1781268302978,206.8,40.17,63401.91,BTC-26JUN26,63355.18,0.028,63342.31,26JUN26,63000,,P,BTC-26JUN26-63000-P
0.069,0.0705,102.9,0.06944356,1781268302978,6.1,46.16,64630.66,BTC-25DEC26,63355.18,0.06975,63342.31,25DEC26,56000,,P,BTC-25DEC26-56000-P
0.0185,0.0195,662.6,0.01900225,1781268302978,21.1,38.89,63749.07,BTC-28AUG26,63355.18,0.019,63342.31,28AUG26,75000,,C,BTC-28AUG26-75000-C
0.0006,0.0008,282.1,0.00071613,1781268302978,320.8,39.55,63358.9,index_price,63355.18,0.0007,63342.31,13JUN26,65000,,C,BTC-13JUN26-65000-C
0.199,0.205,2933.6,0.20217268,1781268302978,11.3,39.57,63983.98,BTC-25SEP26,63355.18,0.202,63342.31,25SEP26,75000,,P,BTC-25SEP26-75000-P
0.0003,0.0004,0.0,0.00034254,1781268302978,0.0,50.11,63355.18,index_price,63355.18,0.00035,63342.31,16JUN26,57000,,P,BTC-16JUN26-57000-P
0.072,0.11,0.0,0.08475152,1781268302978,0.0,45.95,63358.9,index_price,63355.18,0.091,63342.31,15JUN26,58000,,C,BTC-15JUN26-58000-C
0.021,0.022,110.1,0.02134927,1781268302978,4.6,42.85,64630.66,BTC-25DEC26,63355.18,0.0215,63342.31,25DEC26,94000,,C,BTC-25DEC26-94000-C
0.0004,0.0006,25.5,0.00046722,1781268302978,30.4,35.62,63358.9,index_price,63355.18,0.0005,63342.31,15JUN26,67000,,C,BTC-15JUN26-67000-C
0.0028,0.0033,1606.3,0.00311549,1781268302978,0.0,49.49,64630.66,BTC-25DEC26,63355.18,0.00305,63342.31,25DEC26,140000,,C,BTC-25DEC26-140000-C
0.006,0.007,2901.3,0.00644369,1781268302978,3.0,40.61,63983.98,BTC-25SEP26,63355.18,0.0065,63342.31,25SEP26,90000,,C,BTC-25SEP26-90000-C
0.0275,0.0285,361.1,0.02805754,1781268302978,34.2,39.02,63745.35,BTC-28AUG26,63355.18,0.028,63342.31,28AUG26,72000,,C,BTC-28AUG26-72000-C
0.1365,0.2065,13.4,0.16553425,1781268302978,0.0,44.89,63983.98,BTC-25SEP26,63355.18,0.1715,63342.31,25SEP26,56000,,C,BTC-25SEP26-56000-C
0.236,0.2425,133.7,0.23991638,1781268302978,0.0,42.43,64630.66,BTC-25DEC26,63355.18,0.23925,63342.31,25DEC26,76000,,P,BTC-25DEC26-76000-P
0.0003,0.0007,1217.9,0.00041272,1781268302978,0.0,62.76,64630.66,BTC-25DEC26,63355.18,0.0005,63342.31,25DEC26,250000,,C,BTC-25DEC26-250000-C
0.1045,0.106,552.5,0.10506069,1781268302978,0.0,42.23,63983.38,BTC-25SEP26,63355.18,0.10525,63342.31,25SEP26,62000,,C,BTC-25SEP26-62000-C
0.027,0.028,721.6,0.02736049,1781268302978,255.1,44.19,63572.65,BTC-31JUL26,63355.18,0.0275,63342.31,31JUL26,58000,,P,BTC-31JUL26-58000-P
0.126,0.1285,912.0,0.12730684,1781268302978,0.0,44.14,65312.13,BTC-26MAR27,63355.18,0.12725,63342.31,26MAR27,70000,,C,BTC-26MAR27-70000-C
0.0001,0.0002,249.0,0.00015047,1781268302978,83.0,54.63,63358.9,index_price,63355.18,0.00015,63342.31,13JUN26,60000,,P,BTC-13JUN26-60000-P
0.4765,0.496,7.7,0.48266955,1781268302978,0.0,72.91,63401.91,BTC-26JUN26,63355.18,0.48625,63342.31,26JUN26,94000,,P,BTC-26JUN26-94000-P
0.0355,0.036,254.4,0.03558811,1781268302978,38.3,39.17,63576.37,BTC-31JUL26,63355.18,0.03575,63342.31,31JUL26,67000,,C,BTC-31JUL26-67000-C
0.0495,0.051,1537.4,0.05036392,1781268302978,49.0,40.15,63983.38,BTC-25SEP26,63355.18,0.05025,63342.31,25SEP26,70000,,C,BTC-25SEP26-70000-C
,0.0002,60.3,9.113e-05,1781268302978,55.9,64.54,63358.9,index_price,63355.18,,63342.31,13JUN26,59000,,P,BTC-13JUN26-59000-P
,0.0001,264.7,1.105e-05,1781268302978,0.0,125.22,63401.91,BTC-26JUN26,63355.18,,63342.31,26JUN26,155000,,C,BTC-26JUN26-155000-C
0.0035,0.0039,83.8,0.00367603,1781268302978,0.0,40.55,63745.35,BTC-28AUG26,63355.18,0.0037,63342.31,28AUG26,88000,,C,BTC-28AUG26-88000-C
0.2875,0.2965,103.2,0.29237498,1781268302978,0.0,39.57,63572.65,BTC-31JUL26,63355.18,0.292,63342.31,31JUL26,82000,,P,BTC-31JUL26-82000-P
0.0002,0.0003,1100.3,0.00024037,1781268302978,40.7,61.53,63401.91,BTC-26JUN26,63355.18,0.00025,63342.31,26JUN26,86000,,C,BTC-26JUN26-86000-C
2.924,3.2105,0.0,3.06348356,1781268302978,0.0,82.51,63983.98,BTC-25SEP26,63355.18,3.06725,63342.31,25SEP26,260000,,P,BTC-25SEP26-260000-P
0.0002,0.0003,155.8,0.0002532,1781268302978,57.4,46.24,63358.9,index_price,63355.18,0.00025,63342.31,13JUN26,66000,,C,BTC-13JUN26-66000-C
0.0275,0.0285,101.6,0.02787459,1781268302978,1.0,45.96,63749.07,BTC-28AUG26,63355.18,0.028,63342.31,28AUG26,55000,,P,BTC-28AUG26-55000-P
0.0075,0.0085,16.2,0.00812763,1781268302978,18.4,37.0,63358.9,index_price,63355.18,0.008,63342.31,13JUN26,63500,,P,BTC-13JUN26-63500-P
,0.0001,176.0,3.84e-06,1781268302978,0.0,125.23,63401.91,BTC-26JUN26,63355.18,,63342.31,26JUN26,165000,,C,BTC-26JUN26-165000-C
0.2185,0.2575,3.2,0.22236791,1781268302978,0.5,38.89,63749.07,BTC-28AUG26,63355.18,0.238,63342.31,28AUG26,77000,,P,BTC-28AUG26-77000-P
0.053,0.0565,1199.7,0.05503744,1781268302978,9.2,38.26,63401.91,BTC-26JUN26,63355.18,0.05475,63342.31,26JUN26,66000,,P,BTC-26JUN26-66000-P
0.0055,0.006,1272.3,0.00562311,1781268302978,435.3,43.64,63372.0,BTC-19JUN26,63355.18,0.00575,63342.31,19JUN26,60000,,P,BTC-19JUN26-60000-P
0.063,0.0645,4.2,0.06362914,1781268302978,0.0,43.38,65312.13,BTC-26MAR27,63355.18,0.06375,63342.31,26MAR27,85000,,C,BTC-26MAR27-85000-C
0.0095,0.0105,1444.7,0.01001723,1781268302978,643.7,37.99,63401.91,BTC-26JUN26,63355.18,0.01,63342.31,26JUN26,67000,,C,BTC-26JUN26-67000-C
,0.0001,2279.2,2.944e-05,1781268302978,75.5,68.94,63358.9,index_price,63355.18,,63342.31,13JUN26,58000,,P,BTC-13JUN26-58000-P
0.006,0.0065,126.2,0.00629499,1781268302978,36.0,54.73,63576.37,BTC-31JUL26,63355.18,0.00625,63342.31,31JUL26,48000,,P,BTC-31JUL26-48000-P
0.0055,0.0065,107.9,0.00589186,1781268302978,80.4,49.04,63423.66,BTC-3JUL26,63355.18,0.006,63342.31,3JUL26,55000,,P,BTC-3JUL26-55000-P
0.1505,0.179,10.0,0.1523947,1781268302978,0.0,46.72,63572.65,BTC-31JUL26,63355.18,0.16475,63342.31,31JUL26,55000,,C,BTC-31JUL26-55000-C
0.2575,0.266,376.2,0.26186579,1781268302978,1.0,38.84,63572.65,BTC-31JUL26,63355.18,0.26175,63342.31,31JUL26,80000,,P,BTC-31JUL26-80000-P
0.008,0.009,4.3,0.00860295,1781268302978,5.4,35.56,63355.18,index_price,63355.18,0.0085,63342.31,16JUN26,62500,,P,BTC-16JUN26-62500-P
0.042,0.0435,10.5,0.04263413,1781268302978,5.0,51.04,65312.13,BTC-26MAR27,63355.18,0.04275,63342.31,26MAR27,45000,,P,BTC-26MAR27-45000-P
0.0135,0.038,0.0,0.03463002,1781268302978,0.0,31.37,63355.18,index_price,63355.18,0.02575,63342.31,14JUN26,65500,,P,BTC-14JUN26-65500-P
0.7045,0.7175,54.1,0.71125976,1781268302978,0.0,44.81,64634.78,BTC-25DEC26,63355.18,0.711,63342.31,25DEC26,110000,,P,BTC-25DEC26-110000-P
0.0685,0.1095,0.0,0.10487799,1781268302978,0.0,61.24,63358.9,index_price,63355.18,0.089,63342.31,13JUN26,70000,,P,BTC-13JUN26-70000-P
0.0029,0.0033,1.1,0.00311091,1781268302978,1.2,33.72,63355.18,index_price,63355.18,0.0031,63342.31,16JUN26,65500,,C,BTC-16JUN26-65500-C
0.1315,0.1375,106.3,0.1348604,1781268302978,0.0,38.28,63572.65,BTC-31JUL26,63355.18,0.1345,63342.31,31JUL26,71000,,P,BTC-31JUL26-71000-P
0.021,0.0255,14.2,0.02345314,1781268302978,0.8,33.03,63355.18,index_price,63355.18,0.02325,63342.31,14JUN26,62000,,C,BTC-14JUN26-62000-C
0.1025,0.104,21.6,0.10325812,1781268302978,4.5,40.06,63749.07,BTC-28AUG26,63355.18,0.10325,63342.31,28AUG26,67000,,P,BTC-28AUG26-67000-P
0.069,0.071,36.8,0.06997196,1781268302978,0.0,47.94,65312.13,BTC-26MAR27,63355.18,0.07,63342.31,26MAR27,52000,,P,BTC-26MAR27-52000-P
0.801,0.8205,0.1,0.80912179,1781268302978,0.0,59.47,63572.65,BTC-31JUL26,63355.18,0.81075,63342.31,31JUL26,115000,,P,BTC-31JUL26-115000-P
0.13,0.1325,518.7,0.1308689,1781268302978,0.6,43.88,64630.66,BTC-25DEC26,63355.18,0.13125,63342.31,25DEC26,65000,,P,BTC-25DEC26-65000-P
0.0022,0.0025,1232.1,0.00225349,1781268302978,3.6,40.02,63572.65,BTC-31JUL26,63355.18,0.00235,63342.31,31JUL26,83000,,C,BTC-31JUL26-83000-C
0.006,0.007,0.0,0.00635881,1781268302978,0.0,36.39,63355.18,index_price,63355.18,0.0065,63342.31,16JUN26,62000,,P,BTC-16JUN26-62000-P
0.0255,0.026,469.5,0.02560973,1781268302978,10.1,38.62,63572.65,BTC-31JUL26,63355.18,0.02575,63342.31,31JUL26,69000,,C,BTC-31JUL26-69000-C
0.069,0.07,111.4,0.06955952,1781268302978,2.8,41.46,63749.07,BTC-28AUG26,63355.18,0.0695,63342.31,28AUG26,63000,,P,BTC-28AUG26-63000-P
0.035,0.0405,10.6,0.03786919,1781268302978,5.0,36.95,63355.18,index_price,63355.18,0.03775,63342.31,14JUN26,61000,,C,BTC-14JUN26-61000-C
0.719,0.743,0.0,0.72616297,1781268302978,0.0,48.96,63749.07,BTC-28AUG26,63355.18,0.731,63342.31,28AUG26,110000,,P,BTC-28AUG26-110000-P
0.398,0.402,53.2,0.4002369,1781268302978,0.0,56.11,64630.66,BTC-25DEC26,63355.18,0.4,63342.31,25DEC26,40000,,C,BTC-25DEC26-40000-C
1.0175,1.1765,0.6,1.09229242,1781268302979,0.0,48.72,64630.66,BTC-25DEC26,63355.18,1.097,63342.31,25DEC26,135000,,P,BTC-25DEC26-135000-P
0.926,1.0195,8.4,0.93908041,1781268302979,0.0,47.19,64630.66,BTC-25DEC26,63355.18,0.97275,63342.31,25DEC26,125000,,P,BTC-25DEC26-125000-P
0.0003,0.0004,57.3,0.00036443,1781268302979,28.3,33.0,63355.18,index_price,63355.18,0.00035,63342.31,14JUN26,66000,,C,BTC-14JUN26-66000-C
0.0345,0.0705,20.2,0.03759425,1781268302979,1.0,47.88,63358.9,index_price,63355.18,0.0525,63342.31,13JUN26,61000,,C,BTC-13JUN26-61000-C
0.567,0.584,0.0,0.57348808,1781268302979,0.0,51.04,63576.37,BTC-31JUL26,63355.18,0.5755,63342.31,31JUL26,100000,,P,BTC-31JUL26-100000-P
0.05,0.0855,0.0,0.05311387,1781268302979,0.0,54.63,63358.9,index_price,63355.18,0.06775,63342.31,13JUN26,60000,,C,BTC-13JUN26-60000-C
0.6605,0.682,0.0,0.66770016,1781268302980,0.0,54.56,63576.37,BTC-31JUL26,63355.18,0.67125,63342.31,31JUL26,106000,,P,BTC-31JUL26-106000-P
0.6545,0.782,1.2,0.70622659,1781268302980,0.0,44.61,65312.13,BTC-26MAR27,63355.18,0.71825,63342.31,26MAR27,110000,,P,BTC-26MAR27-110000-P
0.0145,0.0155,357.6,0.0150405,1781268302980,43.5,47.67,63572.65,BTC-31JUL26,63355.18,0.015,63342.31,31JUL26,54000,,P,BTC-31JUL26-54000-P
0.2725,0.2755,0.0,0.27387724,1781268302980,0.0,47.94,65312.13,BTC-26MAR27,63355.18,0.274,63342.31,26MAR27,52000,,C,BTC-26MAR27-52000-C
0.4085,0.4185,596.7,0.41297192,1781268302980,0.0,40.61,63983.98,BTC-25SEP26,63355.18,0.4135,63342.31,25SEP26,90000,,P,BTC-25SEP26-90000-P
3.829,4.1795,0.1,4.00104399,1781268302980,0.0,85.42,63983.98,BTC-25SEP26,63355.18,4.00425,63342.31,25SEP26,320000,,P,BTC-25SEP26-320000-P
0.138,0.1405,16.2,0.1394021,1781268302980,0.0,44.37,65312.13,BTC-26MAR27,63355.18,0.13925,63342.31,26MAR27,68000,,C,BTC-26MAR27-68000-C
0.272,0.2815,114.0,0.27709349,1781268302980,0.0,39.24,63572.65,BTC-31JUL26,63355.18,0.27675,63342.31,31JUL26,81000,,P,BTC-31JUL26-81000-P
0.1455,0.179,10.9,0.14844598,1781268302980,0.0,56.72,63372.56,BTC-19JUN26,63355.18,0.16225,63342.31,19JUN26,54000,,C,BTC-19JUN26-54000-C
0.38,0.3965,2.0,0.38538197,1781268302980,0.0,42.61,63572.65,BTC-31JUL26,63355.18,0.38825,63342.31,31JUL26,88000,,P,BTC-31JUL26-88000-P
0.013,0.03,0.3,0.02726666,1781268302981,0.0,30.14,63355.18,index_price,63355.18,0.0215,63342.31,14JUN26,65000,,P,BTC-14JUN26-65000-P
0.0045,0.0049,163.3,0.00469322,1781268302981,0.0,41.72,63983.98,BTC-25SEP26,63355.18,0.0047,63342.31,25SEP26,94000,,C,BTC-25SEP26-94000-C
2.807,3.083,0.0,2.94289365,1781268302981,0.0,125.23,63401.91,BTC-26JUN26,63355.18,2.945,63342.31,26JUN26,250000,,P,BTC-26JUN26-250000-P
0.002,0.0023,67.3,0.00219919,1781268302981,64.0,33.03,63355.18,index_price,63355.18,0.00215,63342.31,14JUN26,62000,,P,BTC-14JUN26-62000-P
0.01,0.011,268.2,0.01066195,1781268302981,47.4,38.28,63576.37,BTC-31JUL26,63355.18,0.0105,63342.31,31JUL26,74000,,C,BTC-31JUL26-74000-C
0.0185,0.0195,211.7,0.01892566,1781268302981,0.1,42.95,64630.66,BTC-25DEC26,63355.18,0.019,63342.31,25DEC26,96000,,C,BTC-25DEC26-96000-C
0.0905,0.095,71.1,0.09240846,1781268302981,0.1,45.96,63401.91,BTC-26JUN26,63355.18,0.09275,63342.31,26JUN26,58000,,C,BTC-26JUN26-58000-C
0.0016,0.0019,125.5,0.00181181,1781268302981,105.4,36.47,63358.9,index_price,63355.18,0.00175,63342.31,15JUN26,61000,,P,BTC-15JUN26-61000-P
0.21,0.215,373.3,0.21233535,1781268302981,0.0,61.29,63401.91,BTC-26JUN26,63355.18,0.2125,63342.31,26JUN26,50000,,C,BTC-26JUN26-50000-C
0.006,0.007,172.9,0.00646739,1781268302981,0.3,39.21,63749.07,BTC-28AUG26,63355.18,0.0065,63342.31,28AUG26,83000,,C,BTC-28AUG26-83000-C
0.1045,0.1055,231.1,0.10502117,1781268302981,13.8,43.35,64630.66,BTC-25DEC26,63355.18,0.105,63342.31,25DEC26,68000,,C,BTC-25DEC26-68000-C
0.021,0.022,273.7,0.02156937,1781268302981,39.6,38.84,63745.35,BTC-28AUG26,63355.18,0.0215,63342.31,28AUG26,74000,,C,BTC-28AUG26-74000-C
0.4685,0.509,1.3,0.47373381,1781268302981,0.0,41.72,63983.98,BTC-25SEP26,63355.18,0.48875,63342.31,25SEP26,94000,,P,BTC-25SEP26-94000-P
0.032,0.0335,237.9,0.03280101,1781268302981,0.1,43.82,65312.13,BTC-26MAR27,63355.18,0.03275,63342.31,26MAR27,100000,,C,BTC-26MAR27-100000-C
0.1785,0.1825,48.8,0.18044905,1781268302981,0.0,44.37,65312.13,BTC-26MAR27,63355.18,0.1805,63342.31,26MAR27,68000,,P,BTC-26MAR27-68000-P
0.009,0.061,0.0,0.03689485,1781268302981,0.0,33.72,63355.18,index_price,63355.18,0.035,63342.31,16JUN26,65500,,P,BTC-16JUN26-65500-P
0.0505,0.052,4.0,0.05094341,1781268302981,6.4,41.06,63423.66,BTC-3JUL26,63355.18,0.05125,63342.31,3JUL26,62000,,C,BTC-3JUL26-62000-C
0.0017,0.002,50.5,0.00185267,1781268302981,52.5,41.04,63355.18,index_price,63355.18,0.00185,63342.31,16JUN26,60000,,P,BTC-16JUN26-60000-P
3.264,3.573,0.0,3.41604089,1781268302981,0.0,125.23,63401.91,BTC-26JUN26,63355.18,3.4185,63342.31,26JUN26,280000,,P,BTC-26JUN26-280000-P
,0.0001,691.0,1e-08,1781268302981,0.0,125.23,63401.91,BTC-26JUN26,63355.18,,63342.31,26JUN26,220000,,C,BTC-26JUN26-220000-C
0.3675,0.3715,34.2,0.36933317,1781268302981,0.0,90.67,63401.91,BTC-26JUN26,63355.18,0.3695,63342.31,26JUN26,40000,,C,BTC-26JUN26-40000-C
0.195,0.2035,1727.4,0.19931548,1781268302981,0.0,45.04,63404.36,BTC-26JUN26,63355.18,0.19925,63342.31,26JUN26,76000,,P,BTC-26JUN26-76000-P
0.0525,0.094,0.0,0.08909483,1781268302981,0.0,54.26,63358.9,index_price,63355.18,0.07325,63342.31,13JUN26,69000,,P,BTC-13JUN26-69000-P
0.0001,0.0002,5605.7,0.00016013,1781268302981,11.7,66.57,63401.91,BTC-26JUN26,63355.18,0.00015,63342.31,26JUN26,90000,,C,BTC-26JUN26-90000-C
2.9595,3.246,0.0,3.1006094,1781268302981,0.0,125.23,63401.91,BTC-26JUN26,63355.18,3.10275,63342.31,26JUN26,260000,,P,BTC-26JUN26-260000-P
0.2375,0.2445,635.7,0.24088932,1781268302984,6.9,39.5,63983.98,BTC-25SEP26,63355.18,0.241,63342.31,25SEP26,78000,,P,BTC-25SEP26-78000-P
,0.0001,1498.5,1.377e-05,1781268302984,0.0,103.99,63401.91,BTC-26JUN26,63355.18,,63342.31,26JUN26,130000,,C,BTC-26JUN26-130000-C
0.0055,0.0065,19.3,0.00589443,1781268302984,18.3,32.81,63358.9,index_price,63355.18,0.006,63342.31,15JUN26,62500,,P,BTC-15JUN26-62500-P
0.009,0.01,17.4,0.0095685,1781268302984,14.0,29.57,63355.18,index_price,63355.18,0.0095,63342.31,14JUN26,63500,,P,BTC-14JUN26-63500-P
0.0001,0.0002,404.1,0.00016584,1781268302984,101.2,46.54,63375.01,BTC-19JUN26,63355.18,0.00015,63342.31,19JUN26,74000,,C,BTC-19JUN26-74000-C
0.2885,0.293,46.4,0.29062139,1781268302984,0.0,73.89,63401.91,BTC-26JUN26,63355.18,0.29075,63342.31,26JUN26,45000,,C,BTC-26JUN26-45000-C
0.0515,0.053,243.6,0.05231383,1781268302984,40.2,40.06,63749.07,BTC-28AUG26,63355.18,0.05225,63342.31,28AUG26,67000,,C,BTC-28AUG26-67000-C
0.0036,0.0039,789.2,0.00374018,1781268302984,156.1,37.6,63372.0,BTC-19JUN26,63355.18,0.00375,63342.31,19JUN26,67000,,C,BTC-19JUN26-67000-C
0.887,1.0155,0.0,0.92686854,1781268302984,0.0,46.01,65312.13,BTC-26MAR27,63355.18,0.95125,63342.31,26MAR27,125000,,P,BTC-26MAR27-125000-P
,0.0002,0.0,5.076e-05,1781268302984,0.0,48.49,63358.9,index_price,63355.18,,63342.31,15JUN26,71000,,C,BTC-15JUN26-71000-C
0.018,0.019,569.3,0.01852488,1781268302984,0.0,45.08,65312.13,BTC-26MAR27,63355.18,0.0185,63342.31,26MAR27,115000,,C,BTC-26MAR27-115000-C
0.06,0.0615,98.8,0.06073322,1781268302984,0.0,43.36,65312.13,BTC-26MAR27,63355.18,0.06075,63342.31,26MAR27,86000,,C,BTC-26MAR27-86000-C
0.013,0.04,0.1,0.03426971,1781268302984,0.0,42.12,63358.9,index_price,63355.18,0.0265,63342.31,13JUN26,65500,,P,BTC-13JUN26-65500-P
0.2865,0.308,0.0,0.28798639,1781268302984,0.0,54.54,63749.07,BTC-28AUG26,63355.18,0.29725,63342.31,28AUG26,46000,,C,BTC-28AUG26-46000-C
0.0004,0.0006,516.4,0.00050502,1781268302984,10.6,56.72,63375.01,BTC-19JUN26,63355.18,0.0005,63342.31,19JUN26,54000,,P,BTC-19JUN26-54000-P
0.0635,0.065,887.0,0.06426587,1781268302984,10.0,46.51,64630.66,BTC-25DEC26,63355.18,0.06425,63342.31,25DEC26,55000,,P,BTC-25DEC26-55000-P
0.0033,0.0037,178.4,0.00347711,1781268302984,0.0,42.81,63986.43,BTC-25SEP26,63355.18,0.0035,63342.31,25SEP26,98000,,C,BTC-25SEP26-98000-C
0.0044,0.055,0.0,0.02855707,1781268302984,0.0,31.34,63358.9,index_price,63355.18,0.0297,63342.31,15JUN26,65000,,P,BTC-15JUN26-65000-P
0.3825,0.393,15.9,0.38808582,1781268302984,0.0,63.82,63401.91,BTC-26JUN26,63355.18,0.38775,63342.31,26JUN26,88000,,P,BTC-26JUN26-88000-P
0.56,0.572,271.9,0.56593154,1781268302984,0.0,43.61,63986.43,BTC-25SEP26,63355.18,0.566,63342.31,25SEP26,100000,,P,BTC-25SEP26-100000-P
0.0725,0.074,103.1,0.07319829,1781268302984,23.9,41.03,63749.07,BTC-28AUG26,63355.18,0.07325,63342.31,28AUG26,64000,,C,BTC-28AUG26-64000-C
,0.0001,1024.4,1e-07,1781268302984,0.0,125.23,63401.91,BTC-26JUN26,63355.18,,63342.31,26JUN26,200000,,C,BTC-26JUN26-200000-C
0.0024,0.0029,62.5,0.00267711,1781268302984,0.0,44.03,63983.38,BTC-25SEP26,63355.18,0.00265,63342.31,25SEP26,102000,,C,BTC-25SEP26-102000-C
0.0315,0.0325,56.9,0.03199477,1781268302984,34.8,39.2,63749.07,BTC-28AUG26,63355.18,0.032,63342.31,28AUG26,71000,,C,BTC-28AUG26-71000-C
0.0295,0.031,48.5,0.03025616,1781268302984,0.0,43.97,65312.13,BTC-26MAR27,63355.18,0.03025,63342.31,26MAR27,102000,,C,BTC-26MAR27-102000-C
0.2605,0.2665,245.2,0.26333741,1781268302984,0.0,42.35,64634.78,BTC-25DEC26,63355.18,0.2635,63342.31,25DEC26,78000,,P,BTC-25DEC26-78000-P
0.009,0.0105,209.5,0.01033406,1781268302984,110.1,38.51,63358.9,index_price,63355.18,0.00975,63342.31,13JUN26,63000,,C,BTC-13JUN26-63000-C
0.028,0.029,37.0,0.02843555,1781268302984,32.4,41.06,63423.66,BTC-3JUL26,63355.18,0.0285,63342.31,3JUL26,62000,,P,BTC-3JUL26-62000-P
0.1435,0.148,5.8,0.145682,1781268302984,0.0,39.2,63749.07,BTC-28AUG26,63355.18,0.14575,63342.31,28AUG26,71000,,P,BTC-28AUG26-71000-P
0.001,0.0013,116.9,0.00116192,1781268302984,85.5,30.14,63355.18,index_price,63355.18,0.00115,63342.31,14JUN26,65000,,C,BTC-14JUN26-65000-C
0.0565,0.0965,0.0,0.09324792,1781268302985,0.0,38.4,63404.36,BTC-26JUN26,63355.18,0.0765,63342.31,26JUN26,69000,,P,BTC-26JUN26-69000-P
0.017,0.018,3414.6,0.01766453,1781268302985,54.7,39.5,63983.98,BTC-25SEP26,63355.18,0.0175,63342.31,25SEP26,80000,,C,BTC-25SEP26-80000-C
0.1795,0.188,0.2,0.18393226,1781268302985,0.2,39.18,63423.66,BTC-3JUL26,63355.18,0.18375,63342.31,3JUL26,75000,,P,BTC-3JUL26-75000-P
0.0004,0.0006,68.9,0.00054097,1781268302985,8.1,39.35,63355.18,index_price,63355.18,0.0005,63342.31,14JUN26,60500,,P,BTC-14JUN26-60500-P
,0.0001,231.0,0.0,1781268302985,0.0,125.23,63401.91,BTC-26JUN26,63355.18,,63342.31,26JUN26,280000,,C,BTC-26JUN26-280000-C
0.0345,0.0355,44.2,0.03487529,1781268302985,39.8,40.21,63423.66,BTC-3JUL26,63355.18,0.035,63342.31,3JUL26,63000,,P,BTC-3JUL26-63000-P
0.1285,0.1315,0.0,0.13011687,1781268302985,0.0,44.01,63745.35,BTC-28AUG26,63355.18,0.13,63342.31,28AUG26,58000,,C,BTC-28AUG26-58000-C
0.064,0.069,121.3,0.06671273,1781268302985,120.0,37.99,63401.91,BTC-26JUN26,63355.18,0.0665,63342.31,26JUN26,67000,,P,BTC-26JUN26-67000-P
0.1445,0.1505,367.1,0.14773088,1781268302985,0.5,38.28,63572.65,BTC-31JUL26,63355.18,0.1475,63342.31,31JUL26,72000,,P,BTC-31JUL26-72000-P
0.0014,0.0015,1246.8,0.00153944,1781268302985,281.0,57.48,63401.91,BTC-26JUN26,63355.18,0.00145,63342.31,26JUN26,52000,,P,BTC-26JUN26-52000-P
0.042,0.043,6.8,0.04244924,1781268302985,11.1,39.49,63423.66,BTC-3JUL26,63355.18,0.0425,63342.31,3JUL26,64000,,P,BTC-3JUL26-64000-P
0.4385,0.4755,4.0,0.44322949,1781268302985,0.0,41.11,63983.98,BTC-25SEP26,63355.18,0.457,63342.31,25SEP26,92000,,P,BTC-25SEP26-92000-P
0.012,0.013,13.9,0.01225788,1781268302985,6.4,31.65,63358.9,index_price,63355.18,0.0125,63342.31,15JUN26,63500,,P,BTC-15JUN26-63500-P
0.214,0.217,1.5,0.21530122,1781268302985,0.0,46.14,65312.13,BTC-26MAR27,63355.18,0.2155,63342.31,26MAR27,58000,,C,BTC-26MAR27-58000-C
0.042,0.043,117.5,0.04250639,1781268302985,0.0,43.56,65312.13,BTC-26MAR27,63355.18,0.0425,63342.31,26MAR27,94000,,C,BTC-26MAR27-94000-C
0.0215,0.0225,14.8,0.02184885,1781268302985,2.0,47.49,63745.35,BTC-28AUG26,63355.18,0.022,63342.31,28AUG26,53000,,P,BTC-28AUG26-53000-P
0.115,0.117,30.7,0.1161439,1781268302985,0.0,43.94,65312.13,BTC-26MAR27,63355.18,0.116,63342.31,26MAR27,72000,,C,BTC-26MAR27-72000-C
,0.0001,778.2,1.332e-05,1781268302985,0.0,113.48,63401.91,BTC-26JUN26,63355.18,,63342.31,26JUN26,140000,,C,BTC-26JUN26-140000-C
0.211,0.2165,42.8,0.21333082,1781268302985,0.0,46.51,64630.66,BTC-25DEC26,63355.18,0.21375,63342.31,25DEC26,55000,,C,BTC-25DEC26-55000-C
0.0055,0.0065,12.9,0.00598055,1781268302985,12.7,30.17,63355.18,index_price,63355.18,0.006,63342.31,14JUN26,63000,,P,BTC-14JUN26-63000-P
0.189,0.2525,0.0,0.21388379,1781268302985,0.0,47.36,63986.43,BTC-25SEP26,63355.18,0.22075,63342.31,25SEP26,52000,,C,BTC-25SEP26-52000-C
0.411,0.4265,2.8,0.41660673,1781268302985,0.0,43.7,63572.65,BTC-31JUL26,63355.18,0.41875,63342.31,31JUL26,90000,,P,BTC-31JUL26-90000-P
,0.0001,71.4,2.24e-06,1781268302985,0.5,96.77,63358.9,index_price,63355.18,,63342.31,13JUN26,54000,,P,BTC-13JUN26-54000-P
0.0004,0.0008,875.8,0.00050479,1781268302985,0.0,62.27,64630.66,BTC-25DEC26,63355.18,0.0006,63342.31,25DEC26,240000,,C,BTC-25DEC26-240000-C
0.1215,0.1255,23.5,0.12346782,1781268302985,0.0,39.57,63749.07,BTC-28AUG26,63355.18,0.1235,63342.31,28AUG26,69000,,P,BTC-28AUG26-69000-P
0.0004,0.0006,435.7,0.00048574,1781268302985,5.0,54.52,63572.65,BTC-31JUL26,63355.18,0.0005,63342.31,31JUL26,105000,,C,BTC-31JUL26-105000-C
0.0047,0.0055,168.1,0.00500927,1781268302985,103.8,38.4,63401.91,BTC-26JUN26,63355.18,0.0051,63342.31,26JUN26,69000,,C,BTC-26JUN26-69000-C
0.1615,0.1645,85.2,0.16300999,1781268302985,0.1,44.66,65312.13,BTC-26MAR27,63355.18,0.163,63342.31,26MAR27,66000,,P,BTC-26MAR27-66000-P
0.0001,0.0002,1331.4,0.00013781,1781268302985,3.9,48.99,63375.01,BTC-19JUN26,63355.18,0.00015,63342.31,19JUN26,75000,,C,BTC-19JUN26-75000-C
0.0115,0.012,46.7,0.01166677,1781268302985,47.1,45.04,63423.66,BTC-3JUL26,63355.18,0.01175,63342.31,3JUL26,58000,,P,BTC-3JUL26-58000-P
0.1795,0.1875,2166.6,0.18364131,1781268302985,0.1,43.17,63401.91,BTC-26JUN26,63355.18,0.1835,63342.31,26JUN26,75000,,P,BTC-26JUN26-75000-P
0.01,0.0715,0.2,0.04276298,1781268302985,0.2,33.04,63358.9,index_price,63355.18,0.04075,63342.31,15JUN26,66000,,P,BTC-15JUN26-66000-P
0.0675,0.069,1101.7,0.06818227,1781268302985,3.0,42.48,64630.66,BTC-25DEC26,63355.18,0.06825,63342.31,25DEC26,75000,,C,BTC-25DEC26-75000-C
0.2105,0.2195,0.5,0.21509166,1781268302985,0.0,54.75,63375.01,BTC-19JUN26,63355.18,0.215,63342.31,19JUN26,77000,,P,BTC-19JUN26-77000-P
0.0009,0.0012,118.8,0.00105562,1781268302985,141.1,33.04,63358.9,index_price,63355.18,0.00105,63342.31,15JUN26,66000,,C,BTC-15JUN26-66000-C
0.019,0.0205,120.0,0.0198163,1781268302985,15.4,57.78,65312.13,BTC-26MAR27,63355.18,0.01975,63342.31,26MAR27,35000,,P,BTC-26MAR27-35000-P
0.009,0.01,9.4,0.00942212,1781268302985,9.4,33.96,63355.18,index_price,63355.18,0.0095,63342.31,16JUN26,64000,,C,BTC-16JUN26-64000-C
0.526,0.528,81.2,0.52688196,1781268302985,0.0,120.13,63401.91,BTC-26JUN26,63355.18,0.527,63342.31,26JUN26,30000,,C,BTC-26JUN26-30000-C
,0.0001,120.2,3.974e-05,1781268302985,2.0,72.55,63355.18,index_price,63355.18,,63342.31,14JUN26,55000,,P,BTC-14JUN26-55000-P
0.0145,0.0155,533.6,0.01524087,1781268302985,14.4,38.28,63572.65,BTC-31JUL26,63355.18,0.015,63342.31,31JUL26,72000,,C,BTC-31JUL26-72000-C
1.056,1.2055,14.2,1.12917613,1781268302985,0.0,108.85,63401.91,BTC-26JUN26,63355.18,1.13075,63342.31,26JUN26,135000,,P,BTC-26JUN26-135000-P
0.0555,0.0565,193.4,0.05606947,1781268302985,0.0,42.35,63749.07,BTC-28AUG26,63355.18,0.056,63342.31,28AUG26,61000,,P,BTC-28AUG26-61000-P
0.053,0.0565,262.1,0.05440865,1781268302985,2.0,41.96,63401.91,BTC-26JUN26,63355.18,0.05475,63342.31,26JUN26,61000,,C,BTC-26JUN26-61000-C
0.021,0.022,2915.7,0.02145352,1781268302985,2.3,48.91,63983.98,BTC-25SEP26,63355.18,0.0215,63342.31,25SEP26,50000,,P,BTC-25SEP26-50000-P
0.0006,0.0008,1595.1,0.00067581,1781268302985,13.7,45.04,63401.91,BTC-26JUN26,63355.18,0.0007,63342.31,26JUN26,76000,,C,BTC-26JUN26-76000-C
0.145,0.148,121.5,0.14652838,1781268302985,0.0,44.98,65312.13,BTC-26MAR27,63355.18,0.1465,63342.31,26MAR27,64000,,P,BTC-26MAR27-64000-P
0.098,0.1005,0.7,0.09923959,1781268302985,0.0,42.35,63749.07,BTC-28AUG26,63355.18,0.09925,63342.31,28AUG26,61000,,C,BTC-28AUG26-61000-C
0.1205,0.125,894.7,0.12260184,1781268302985,3.1,38.42,63572.65,BTC-31JUL26,63355.18,0.12275,63342.31,31JUL26,70000,,P,BTC-31JUL26-70000-P
0.735,0.8545,0.0,0.77911899,1781268302985,0.0,45.08,65312.13,BTC-26MAR27,63355.18,0.79475,63342.31,26MAR27,115000,,P,BTC-26MAR27-115000-P
0.4825,0.486,0.0,0.48398332,1781268302985,0.0,57.78,65315.85,BTC-26MAR27,63355.18,0.48425,63342.31,26MAR27,35000,,C,BTC-26MAR27-35000-C
0.031,0.06,0.0,0.03404015,1781268302985,0.0,37.45,63355.18,index_price,63355.18,0.0455,63342.31,16JUN26,61500,,C,BTC-16JUN26-61500-C
0.0575,0.0935,0.0,0.0609614,1781268302985,0.0,58.92,63358.9,index_price,63355.18,0.0755,63342.31,13JUN26,59500,,C,BTC-13JUN26-59500-C
1.113,1.27,1.4,1.18854714,1781268302985,0.0,55.9,63983.98,BTC-25SEP26,63355.18,1.1915,63342.31,25SEP26,140000,,P,BTC-25SEP26-140000-P
0.052,0.101,0.0,0.06984314,1781268302985,0.0,44.01,63355.18,index_price,63355.18,0.0765,63342.31,16JUN26,59000,,C,BTC-16JUN26-59000-C
0.1635,0.172,197.4,0.1678023,1781268302985,0.1,46.54,63375.01,BTC-19JUN26,63355.18,0.16775,63342.31,19JUN26,74000,,P,BTC-19JUN26-74000-P
0.001,0.0011,1205.2,0.00099422,1781268302985,2.7,43.7,63576.37,BTC-31JUL26,63355.18,0.00105,63342.31,31JUL26,90000,,C,BTC-31JUL26-90000-C
0.4265,0.4435,0.0,0.43223508,1781268302985,0.0,44.2,63572.65,BTC-31JUL26,63355.18,0.435,63342.31,31JUL26,91000,,P,BTC-31JUL26-91000-P
,0.0001,129.0,0.0,1781268302985,0.0,125.23,63401.91,BTC-26JUN26,63355.18,,63342.31,26JUN26,340000,,C,BTC-26JUN26-340000-C
0.036,0.037,73.0,0.03635124,1781268302985,43.4,39.38,63749.07,BTC-28AUG26,63355.18,0.0365,63342.31,28AUG26,70000,,C,BTC-28AUG26-70000-C
0.0002,0.0004,66.4,0.00027123,1781268302985,81.0,39.51,63358.9,index_price,63355.18,0.0003,63342.31,15JUN26,68000,,C,BTC-15JUN26-68000-C
0.625,0.752,0.0,0.67730765,1781268302985,0.0,44.42,65312.13,BTC-26MAR27,63355.18,0.6885,63342.31,26MAR27,108000,,P,BTC-26MAR27-108000-P
0.0031,0.0037,632.6,0.00338177,1781268302985,0.0,51.42,65312.13,BTC-26MAR27,63355.18,0.0034,63342.31,26MAR27,180000,,C,BTC-26MAR27-180000-C
0.3485,0.3565,5.8,0.35259793,1781268302985,0.0,43.38,65315.85,BTC-26MAR27,63355.18,0.3525,63342.31,26MAR27,84000,,P,BTC-26MAR27-84000-P
0.205,0.244,5.4,0.20877279,1781268302985,0.0,38.89,63749.07,BTC-28AUG26,63355.18,0.2245,63342.31,28AUG26,76000,,P,BTC-28AUG26-76000-P
0.0038,0.0043,109.7,0.00407757,1781268302985,23.3,29.2,63355.18,index_price,63355.18,0.00405,63342.31,14JUN26,64000,,C,BTC-14JUN26-64000-C
0.0038,0.0041,46.5,0.00398525,1781268302985,41.5,33.83,63358.9,index_price,63355.18,0.00395,63342.31,15JUN26,62000,,P,BTC-15JUN26-62000-P
0.005,0.0055,745.9,0.0051074,1781268302985,47.4,38.55,63572.65,BTC-31JUL26,63355.18,0.00525,63342.31,31JUL26,78000,,C,BTC-31JUL26-78000-C
0.0023,0.0026,937.9,0.0024632,1781268302985,658.7,47.59,63375.01,BTC-19JUN26,63355.18,0.00245,63342.31,19JUN26,58000,,P,BTC-19JUN26-58000-P
0.068,0.141,0.0,0.10490081,1781268302985,0.0,43.82,63358.9,index_price,63355.18,0.1045,63342.31,15JUN26,70000,,P,BTC-15JUN26-70000-P
0.0215,0.022,3078.6,0.02156989,1781268302985,495.2,38.42,63572.65,BTC-31JUL26,63355.18,0.02175,63342.31,31JUL26,70000,,C,BTC-31JUL26-70000-C
,0.0001,9.1,0.00010344,1781268302985,7.1,57.05,63358.9,index_price,63355.18,,63342.31,15JUN26,56000,,P,BTC-15JUN26-56000-P
0.009,0.01,818.3,0.00939564,1781268302985,638.2,44.35,63404.36,BTC-26JUN26,63355.18,0.0095,63342.31,26JUN26,59000,,P,BTC-26JUN26-59000-P
0.001,0.0013,1128.8,0.00113427,1781268302985,0.0,49.85,63983.98,BTC-25SEP26,63355.18,0.00115,63342.31,25SEP26,120000,,C,BTC-25SEP26-120000-C
0.0004,0.0006,289.0,0.00042037,1781268302985,5.4,40.38,63372.56,BTC-19JUN26,63355.18,0.0005,63342.31,19JUN26,71000,,C,BTC-19JUN26-71000-C
1.5655,1.754,0.0,1.65704232,1781268302985,0.0,62.33,63983.98,BTC-25SEP26,63355.18,1.65975,63342.31,25SEP26,170000,,P,BTC-25SEP26-170000-P
0.155,0.1595,87.4,0.15743051,1781268302985,0.0,39.02,63745.35,BTC-28AUG26,63355.18,0.15725,63342.31,28AUG26,72000,,P,BTC-28AUG26-72000-P
0.0005,0.0007,0.2,0.00060632,1781268302985,0.2,47.25,63355.18,index_price,63355.18,0.0006,63342.31,16JUN26,58000,,P,BTC-16JUN26-58000-P
0.0007,0.0009,3999.5,0.00077322,1781268302985,107.4,43.17,63401.91,BTC-26JUN26,63355.18,0.0008,63342.31,26JUN26,75000,,C,BTC-26JUN26-75000-C
0.055,0.056,55.1,0.05553904,1781268302985,0.0,43.41,65312.13,BTC-26MAR27,63355.18,0.0555,63342.31,26MAR27,88000,,C,BTC-26MAR27-88000-C
0.0003,0.0004,4328.2,0.00034225,1781268302985,122.2,73.89,63401.91,BTC-26JUN26,63355.18,0.00035,63342.31,26JUN26,45000,,P,BTC-26JUN26-45000-P
0.2355,0.2415,48.0,0.23879981,1781268302985,0.1,43.77,65312.13,BTC-26MAR27,63355.18,0.2385,63342.31,26MAR27,74000,,P,BTC-26MAR27-74000-P
0.0038,0.0045,249.0,0.00410492,1781268302985,0.0,50.45,65312.13,BTC-26MAR27,63355.18,0.00415,63342.31,26MAR27,170000,,C,BTC-26MAR27-170000-C
0.1265,0.21,3.3,0.16970017,1781268302985,0.0,38.93,63749.07,BTC-28AUG26,63355.18,0.16825,63342.31,28AUG26,73000,,P,BTC-28AUG26-73000-P
0.018,0.019,49.2,0.01838742,1781268302985,32.5,42.86,63423.66,BTC-3JUL26,63355.18,0.0185,63342.31,3JUL26,60000,,P,BTC-3JUL26-60000-P
0.105,0.107,36.4,0.10589578,1781268302985,0.0,43.77,65312.13,BTC-26MAR27,63355.18,0.106,63342.31,26MAR27,74000,,C,BTC-26MAR27-74000-C
0.122,0.1235,135.7,0.12268964,1781268302985,3.9,44.06,64630.66,BTC-25DEC26,63355.18,0.12275,63342.31,25DEC26,64000,,P,BTC-25DEC26-64000-P
0.0025,0.0029,59.0,0.0026855,1781268302985,59.0,35.07,63358.9,index_price,63355.18,0.0027,63342.31,15JUN26,61500,,P,BTC-15JUN26-61500-P
0.0055,0.0065,46.6,0.00590982,1781268302985,0.0,39.7,63745.35,BTC-28AUG26,63355.18,0.006,63342.31,28AUG26,84000,,C,BTC-28AUG26-84000-C
0.252,0.255,0.0,0.25329119,1781268302985,0.0,47.27,65315.85,BTC-26MAR27,63355.18,0.2535,63342.31,26MAR27,54000,,C,BTC-26MAR27-54000-C
,0.0001,7.2,1.96e-06,1781268302986,1.0,61.24,63358.9,index_price,63355.18,,63342.31,13JUN26,70000,,C,BTC-13JUN26-70000-C
0.0425,0.0485,0.0,0.04547425,1781268302986,0.0,39.35,63355.18,index_price,63355.18,0.0455,63342.31,14JUN26,60500,,C,BTC-14JUN26-60500-C
0.0001,0.0003,1999.4,0.00018725,1781268302986,11.2,63.82,63401.91,BTC-26JUN26,63355.18,0.0002,63342.31,26JUN26,88000,,C,BTC-26JUN26-88000-C
0.4145,0.4325,0.0,0.42015682,1781268302986,0.0,86.34,63375.01,BTC-19JUN26,63355.18,0.4235,63342.31,19JUN26,90000,,P,BTC-19JUN26-90000-P
0.2575,0.267,2484.2,0.26210463,1781268302986,5.6,51.37,63401.91,BTC-26JUN26,63355.18,0.26225,63342.31,26JUN26,80000,,P,BTC-26JUN26-80000-P
0.0855,0.1255,0.0,0.10047446,1781268302986,0.0,51.16,63358.9,index_price,63355.18,0.1055,63342.31,15JUN26,57000,,C,BTC-15JUN26-57000-C
0.118,0.177,0.0,0.1476693,1781268302986,0.0,96.77,63358.9,index_price,63355.18,0.1475,63342.31,13JUN26,54000,,C,BTC-13JUN26-54000-C
0.0012,0.0016,2474.4,0.00137815,1781268302986,0.0,48.21,63986.43,BTC-25SEP26,63355.18,0.0014,63342.31,25SEP26,115000,,C,BTC-25SEP26-115000-C
0.1075,0.1105,30.3,0.10901728,1781268302986,0.0,42.87,63749.07,BTC-28AUG26,63355.18,0.109,63342.31,28AUG26,60000,,C,BTC-28AUG26-60000-C
0.821,0.9275,0.0,0.85279491,1781268302986,0.0,45.6,65315.85,BTC-26MAR27,63355.18,0.87425,63342.31,26MAR27,120000,,P,BTC-26MAR27-120000-P
0.0185,0.019,555.9,0.01858113,1781268302986,201.1,39.43,63372.0,BTC-19JUN26,63355.18,0.01875,63342.31,19JUN26,63000,,P,BTC-19JUN26-63000-P
0.044,0.0905,0.0,0.07370622,1781268302986,0.0,37.0,63355.18,index_price,63355.18,0.06725,63342.31,16JUN26,68000,,P,BTC-16JUN26-68000-P
0.0011,0.0013,502.9,0.00118204,1781268302986,249.1,38.24,63372.56,BTC-19JUN26,63355.18,0.0012,63342.31,19JUN26,69000,,C,BTC-19JUN26-69000-C
0.011,0.0115,392.3,0.0110635,1781268302986,6.3,49.63,63572.65,BTC-31JUL26,63355.18,0.01125,63342.31,31JUL26,52000,,P,BTC-31JUL26-52000-P
0.027,0.033,65.8,0.03004932,1781268302986,0.3,45.22,63358.9,index_price,63355.18,0.03,63342.31,13JUN26,61500,,C,BTC-13JUN26-61500-C
,0.0001,267.2,0.0,1781268302986,0.0,125.23,63401.91,BTC-26JUN26,63355.18,,63342.31,26JUN26,380000,,C,BTC-26JUN26-380000-C
0.0011,0.0014,9.0,0.00122155,1781268302986,9.0,37.91,63358.9,index_price,63355.18,0.00125,63342.31,15JUN26,60500,,P,BTC-15JUN26-60500-P
0.57,0.694,0.0,0.62011517,1781268302986,0.0,44.11,65312.13,BTC-26MAR27,63355.18,0.632,63342.31,26MAR27,104000,,P,BTC-26MAR27-104000-P
0.0335,0.035,284.5,0.03440683,1781268302986,219.4,40.58,63372.0,BTC-19JUN26,63355.18,0.03425,63342.31,19JUN26,62000,,C,BTC-19JUN26-62000-C
0.035,0.036,59.4,0.03544892,1781268302986,22.9,44.62,63745.35,BTC-28AUG26,63355.18,0.0355,63342.31,28AUG26,57000,,P,BTC-28AUG26-57000-P
0.4295,0.557,9.0,0.4816007,1781268302986,0.0,43.56,65312.13,BTC-26MAR27,63355.18,0.49325,63342.31,26MAR27,94000,,P,BTC-26MAR27-94000-P
0.5565,0.568,266.6,0.56251555,1781268302987,0.0,43.48,64630.66,BTC-25DEC26,63355.18,0.56225,63342.31,25DEC26,100000,,P,BTC-25DEC26-100000-P
0.2245,0.2315,888.1,0.22854825,1781268302987,0.0,42.48,64630.66,BTC-25DEC26,63355.18,0.228,63342.31,25DEC26,75000,,P,BTC-25DEC26-75000-P
0.1325,0.1365,90.9,0.13435273,1781268302987,0.0,39.38,63749.07,BTC-28AUG26,63355.18,0.1345,63342.31,28AUG26,70000,,P,BTC-28AUG26-70000-P
0.0815,0.116,0.0,0.08450514,1781268302987,0.0,52.97,63355.18,index_price,63355.18,0.09875,63342.31,14JUN26,58000,,C,BTC-14JUN26-58000-C
0.0495,0.0505,157.5,0.05016142,1781268302987,3.8,42.87,63745.35,BTC-28AUG26,63355.18,0.05,63342.31,28AUG26,60000,,P,BTC-28AUG26-60000-P
0.0585,0.1115,0.0,0.07354548,1781268302987,0.0,39.51,63358.9,index_price,63355.18,0.085,63342.31,15JUN26,68000,,P,BTC-15JUN26-68000-P
0.0005,0.0008,2.7,0.00063217,1781268302987,2.7,31.37,63355.18,index_price,63355.18,0.00065,63342.31,14JUN26,65500,,C,BTC-14JUN26-65500-C
0.0007,0.001,1438.4,0.00081133,1781268302987,0.0,52.98,63983.98,BTC-25SEP26,63355.18,0.00085,63342.31,25SEP26,130000,,C,BTC-25SEP26-130000-C
0.0955,0.0975,412.5,0.09648165,1781268302987,0.0,43.63,65312.13,BTC-26MAR27,63355.18,0.0965,63342.31,26MAR27,76000,,C,BTC-26MAR27-76000-C
0.4885,0.5025,0.0,0.49489677,1781268302987,0.0,46.57,63576.37,BTC-31JUL26,63355.18,0.4955,63342.31,31JUL26,95000,,P,BTC-31JUL26-95000-P
0.0044,0.0049,207.9,0.00473803,1781268302987,211.8,38.51,63358.9,index_price,63355.18,0.00465,63342.31,13JUN26,63000,,P,BTC-13JUN26-63000-P
0.0004,0.0006,2694.2,0.00047954,1781268302987,25.6,48.02,63401.91,BTC-26JUN26,63355.18,0.0005,63342.31,26JUN26,78000,,C,BTC-26JUN26-78000-C
0.005,0.006,493.7,0.00544508,1781268302987,0.4,41.11,63986.43,BTC-25SEP26,63355.18,0.0055,63342.31,25SEP26,92000,,C,BTC-25SEP26-92000-C
0.0008,0.0011,2262.9,0.00092075,1781268302987,0.0,51.24,63986.43,BTC-25SEP26,63355.18,0.00095,63342.31,25SEP26,125000,,C,BTC-25SEP26-125000-C
0.0008,0.001,276.1,0.00089355,1781268302987,2.7,44.2,63572.65,BTC-31JUL26,63355.18,0.0009,63342.31,31JUL26,91000,,C,BTC-31JUL26-91000-C
0.843,0.9245,18.9,0.86279434,1781268302987,0.0,46.4,64630.66,BTC-25DEC26,63355.18,0.88375,63342.31,25DEC26,120000,,P,BTC-25DEC26-120000-P
2.046,2.2665,6.6,2.15431502,1781268302987,0.0,125.23,63401.91,BTC-26JUN26,63355.18,2.15625,63342.31,26JUN26,200000,,P,BTC-26JUN26-200000-P
,0.0001,196.8,4e-08,1781268302987,0.0,125.23,63401.91,BTC-26JUN26,63355.18,,63342.31,26JUN26,210000,,C,BTC-26JUN26-210000-C
0.141,0.1865,6.0,0.15304744,1781268302987,0.0,45.27,63749.07,BTC-28AUG26,63355.18,0.16375,63342.31,28AUG26,56000,,C,BTC-28AUG26-56000-C
0.0023,0.0028,121.6,0.00255621,1781268302987,95.7,39.98,63358.9,index_price,63355.18,0.00255,63342.31,13JUN26,62500,,P,BTC-13JUN26-62500-P
2.2865,2.5295,0.0,2.40438585,1781268302987,0.0,60.14,64630.66,BTC-25DEC26,63355.18,2.408,63342.31,25DEC26,220000,,P,BTC-25DEC26-220000-P
0.158,0.1605,153.9,0.1594984,1781268302987,0.0,44.81,65312.13,BTC-26MAR27,63355.18,0.15925,63342.31,26MAR27,65000,,C,BTC-26MAR27-65000-C
0.0105,0.012,778.3,0.01118325,1781268302987,0.2,46.43,65312.13,BTC-26MAR27,63355.18,0.01125,63342.31,26MAR27,130000,,C,BTC-26MAR27-130000-C
0.0001,0.0004,1347.9,0.00023734,1781268302987,0.2,63.27,63983.98,BTC-25SEP26,63355.18,0.00025,63342.31,25SEP26,175000,,C,BTC-25SEP26-175000-C
,0.0001,154.8,9.676e-05,1781268302987,54.6,56.72,63372.56,BTC-19JUN26,63355.18,,63342.31,19JUN26,78000,,C,BTC-19JUN26-78000-C
0.0255,0.03,0.0,0.02781524,1781268302987,0.0,36.39,63355.18,index_price,63355.18,0.02775,63342.31,16JUN26,62000,,C,BTC-16JUN26-62000-C
0.1385,0.222,3.3,0.18231381,1781268302987,0.0,38.84,63749.07,BTC-28AUG26,63355.18,0.18025,63342.31,28AUG26,74000,,P,BTC-28AUG26-74000-P
0.229,0.233,120.0,0.23079647,1781268302987,0.0,50.06,63749.07,BTC-28AUG26,63355.18,0.231,63342.31,28AUG26,50000,,C,BTC-28AUG26-50000-C
0.0855,0.141,0.0,0.10638498,1781268302987,0.0,47.4,63401.91,BTC-26JUN26,63355.18,0.11325,63342.31,26JUN26,57000,,C,BTC-26JUN26-57000-C
,0.0001,1318.9,7.188e-05,1781268302987,108.2,66.75,63372.56,BTC-19JUN26,63355.18,,63342.31,19JUN26,82000,,C,BTC-19JUN26-82000-C
0.066,0.0675,75.2,0.06659875,1781268302987,0.0,43.38,65312.13,BTC-26MAR27,63355.18,0.06675,63342.31,26MAR27,84000,,C,BTC-26MAR27-84000-C
0.3495,0.393,11.6,0.35351065,1781268302987,0.0,40.0,63986.43,BTC-25SEP26,63355.18,0.37125,63342.31,25SEP26,86000,,P,BTC-25SEP26-86000-P
0.445,0.4565,26.3,0.45112633,1781268302987,0.0,69.38,63401.91,BTC-26JUN26,63355.18,0.45075,63342.31,26JUN26,92000,,P,BTC-26JUN26-92000-P
0.0605,0.062,613.1,0.06130239,1781268302987,13.6,40.54,63983.38,BTC-25SEP26,63355.18,0.06125,63342.31,25SEP26,68000,,C,BTC-25SEP26-68000-C
0.0815,0.116,0.0,0.08456072,1781268302987,0.0,68.94,63358.9,index_price,63355.18,0.09875,63342.31,13JUN26,58000,,C,BTC-13JUN26-58000-C
,0.0002,68.9,0.00014587,1781268302987,0.0,84.9,63986.43,BTC-25SEP26,63355.18,,63342.31,25SEP26,280000,,C,BTC-25SEP26-280000-C
0.0004,0.0009,196.5,0.00060537,1781268302987,0.0,61.59,64630.66,BTC-25DEC26,63355.18,0.00065,63342.31,25DEC26,230000,,C,BTC-25DEC26-230000-C
0.8845,0.9005,720.7,0.89263484,1781268302987,0.0,95.74,63401.91,BTC-26JUN26,63355.18,0.8925,63342.31,26JUN26,120000,,P,BTC-26JUN26-120000-P
0.0215,0.051,0.0,0.02466987,1781268302987,0.0,33.71,63355.18,index_price,63355.18,0.03625,63342.31,16JUN26,64500,,P,BTC-16JUN26-64500-P
1.4365,1.6135,52.5,1.52345845,1781268302987,0.0,125.23,63401.91,BTC-26JUN26,63355.18,1.525,63342.31,26JUN26,160000,,P,BTC-26JUN26-160000-P
0.016,0.0225,0.0,0.01951355,1781268302987,0.0,37.38,63358.9,index_price,63355.18,0.01925,63342.31,13JUN26,64500,,P,BTC-13JUN26-64500-P
0.0425,0.044,1431.1,0.04310351,1781268302987,204.1,48.78,64630.66,BTC-25DEC26,63355.18,0.04325,63342.31,25DEC26,50000,,P,BTC-25DEC26-50000-P
0.071,0.0745,0.0,0.07242729,1781268302987,0.0,42.86,63423.66,BTC-3JUL26,63355.18,0.07275,63342.31,3JUL26,60000,,C,BTC-3JUL26-60000-C
0.065,0.0665,355.2,0.06570142,1781268302987,12.6,40.69,63745.35,BTC-28AUG26,63355.18,0.06575,63342.31,28AUG26,65000,,C,BTC-28AUG26-65000-C
0.0002,0.0004,993.3,0.00028338,1781268302987,11.0,63.17,63572.65,BTC-31JUL26,63355.18,0.0003,63342.31,31JUL26,120000,,C,BTC-31JUL26-120000-C
0.1105,0.1145,52.8,0.11310741,1781268302987,4.4,39.8,63745.35,BTC-28AUG26,63355.18,0.1125,63342.31,28AUG26,68000,,P,BTC-28AUG26-68000-P
0.016,0.017,38.6,0.01665688,1781268302987,6.3,38.89,63745.35,BTC-28AUG26,63355.18,0.0165,63342.31,28AUG26,76000,,C,BTC-28AUG26-76000-C
0.0635,0.0645,272.0,0.06396043,1781268302987,120.1,40.88,63572.65,BTC-31JUL26,63355.18,0.064,63342.31,31JUL26,63000,,C,BTC-31JUL26-63000-C
0.0585,0.0605,1736.0,0.05943111,1781268302987,1.0,46.91,64630.66,BTC-25DEC26,63355.18,0.0595,63342.31,25DEC26,54000,,P,BTC-25DEC26-54000-P
0.405,0.5105,4.5,0.44726801,1781268302987,0.0,42.65,64630.66,BTC-25DEC26,63355.18,0.45775,63342.31,25DEC26,92000,,P,BTC-25DEC26-92000-P
0.5705,0.5835,986.9,0.5772981,1781268302987,0.0,82.9,63401.91,BTC-26JUN26,63355.18,0.577,63342.31,26JUN26,100000,,P,BTC-26JUN26-100000-P
0.3755,0.401,0.0,0.3772548,1781268302987,0.0,61.86,63749.07,BTC-28AUG26,63355.18,0.38825,63342.31,28AUG26,40000,,C,BTC-28AUG26-40000-C
0.2785,0.2855,182.2,0.28205221,1781268302987,0.0,43.52,65312.13,BTC-26MAR27,63355.18,0.282,63342.31,26MAR27,78000,,P,BTC-26MAR27-78000-P
0.1,0.142,0.0,0.10493986,1781268302987,0.0,41.25,63355.18,index_price,63355.18,0.121,63342.31,16JUN26,70000,,P,BTC-16JUN26-70000-P
0.1625,0.2285,0.0,0.18901694,1781268302987,0.0,46.06,63986.43,BTC-25SEP26,63355.18,0.1955,63342.31,25SEP26,54000,,C,BTC-25SEP26-54000-C
0.0095,0.0105,94.4,0.01012666,1781268302987,0.3,44.36,64630.66,BTC-25DEC26,63355.18,0.01,63342.31,25DEC26,108000,,C,BTC-25DEC26-108000-C
0.093,0.0945,6253.9,0.09337139,1781268302987,13.5,44.95,64630.66,BTC-25DEC26,63355.18,0.09375,63342.31,25DEC26,60000,,P,BTC-25DEC26-60000-P
2.7345,3.009,10.0,2.86829932,1781268302987,0.0,62.76,64630.66,BTC-25DEC26,63355.18,2.87175,63342.31,25DEC26,250000,,P,BTC-25DEC26-250000-P
0.028,0.0635,9.5,0.03047881,1781268302987,0.0,34.85,63355.18,index_price,63355.18,0.04575,63342.31,14JUN26,61500,,C,BTC-14JUN26-61500-C
0.02,0.0255,45.9,0.02274281,1781268302987,0.1,42.41,63358.9,index_price,63355.18,0.02275,63342.31,13JUN26,62000,,C,BTC-13JUN26-62000-C
0.01,0.011,1272.9,0.01055169,1781268302987,0.1,39.93,63986.43,BTC-25SEP26,63355.18,0.0105,63342.31,25SEP26,85000,,C,BTC-25SEP26-85000-C
0.0345,0.038,560.2,0.0361486,1781268302987,0.3,37.84,63372.0,BTC-19JUN26,63355.18,0.03625,63342.31,19JUN26,65000,,P,BTC-19JUN26-65000-P
0.026,0.027,261.9,0.02636134,1781268302987,19.4,38.51,63372.56,BTC-19JUN26,63355.18,0.0265,63342.31,19JUN26,64000,,P,BTC-19JUN26-64000-P
1.8095,2.0255,0.9,1.91166607,1781268302987,0.0,52.42,65312.13,BTC-26MAR27,63355.18,1.9175,63342.31,26MAR27,190000,,P,BTC-26MAR27-190000-P
0.0017,0.0022,1204.7,0.00192452,1781268302987,0.1,52.79,64630.66,BTC-25DEC26,63355.18,0.00195,63342.31,25DEC26,160000,,C,BTC-25DEC26-160000-C
0.0019,0.0023,561.3,0.00209644,1781268302987,381.7,37.71,63375.01,BTC-19JUN26,63355.18,0.0021,63342.31,19JUN26,68000,,C,BTC-19JUN26-68000-C
0.348,0.456,4.3,0.39188065,1781268302987,0.0,42.43,64630.66,BTC-25DEC26,63355.18,0.402,63342.31,25DEC26,88000,,P,BTC-25DEC26-88000-P
0.499,0.5325,1.0,0.50431717,1781268302987,0.0,42.25,63986.43,BTC-25SEP26,63355.18,0.51575,63342.31,25SEP26,96000,,P,BTC-25SEP26-96000-P
0.464,0.565,0.6,0.50419412,1781268302987,0.0,42.95,64634.78,BTC-25DEC26,63355.18,0.5145,63342.31,25DEC26,96000,,P,BTC-25DEC26-96000-P
0.3645,0.385,8.1,0.3697952,1781268302987,0.0,42.06,63572.65,BTC-31JUL26,63355.18,0.37475,63342.31,31JUL26,87000,,P,BTC-31JUL26-87000-P
0.087,0.091,191.7,0.08943297,1781268302987,5.0,39.17,63572.65,BTC-31JUL26,63355.18,0.089,63342.31,31JUL26,67000,,P,BTC-31JUL26-67000-P
0.0001,0.0003,47.2,0.00016612,1781268302987,21.4,37.63,63355.18,index_price,63355.18,0.0002,63342.31,14JUN26,67000,,C,BTC-14JUN26-67000-C
0.0265,0.0275,2519.9,0.02688283,1781268302987,26.9,42.51,64630.66,BTC-25DEC26,63355.18,0.027,63342.31,25DEC26,90000,,C,BTC-25DEC26-90000-C
0.1515,0.154,13.9,0.15258207,1781268302987,0.0,44.66,65312.13,BTC-26MAR27,63355.18,0.15275,63342.31,26MAR27,66000,,C,BTC-26MAR27-66000-C
1.957,2.183,1.0,2.06447727,1781268302987,0.0,53.73,65312.13,BTC-26MAR27,63355.18,2.07,63342.31,26MAR27,200000,,P,BTC-26MAR27-200000-P
0.352,0.356,0.3,0.353706,1781268302987,0.0,51.04,65312.13,BTC-26MAR27,63355.18,0.354,63342.31,26MAR27,45000,,C,BTC-26MAR27-45000-C
0.0025,0.0029,1763.0,0.00266569,1781268302987,0.4,73.06,63986.43,BTC-25SEP26,63355.18,0.0027,63342.31,25SEP26,30000,,P,BTC-25SEP26-30000-P
0.0003,0.0004,3763.9,0.00029278,1781268302987,51.4,60.81,63401.91,BTC-26JUN26,63355.18,0.00035,63342.31,26JUN26,85000,,C,BTC-26JUN26-85000-C
0.0048,0.006,851.8,0.00531275,1781268302987,0.0,49.8,65312.13,BTC-26MAR27,63355.18,0.0054,63342.31,26MAR27,160000,,C,BTC-26MAR27-160000-C
,0.0002,293.8,0.00017979,1781268302987,0.0,82.51,63983.98,BTC-25SEP26,63355.18,,63342.31,25SEP26,260000,,C,BTC-25SEP26-260000-C
0.109,0.1125,220.5,0.11091265,1781268302987,0.0,38.62,63572.65,BTC-31JUL26,63355.18,0.11075,63342.31,31JUL26,69000,,P,BTC-31JUL26-69000-P
0.1385,0.141,122.5,0.13929956,1781268302987,0.4,43.69,64630.66,BTC-25DEC26,63355.18,0.13975,63342.31,25DEC26,66000,,P,BTC-25DEC26-66000-P
0.014,0.015,1791.5,0.01440174,1781268302987,0.1,39.68,63986.43,BTC-25SEP26,63355.18,0.0145,63342.31,25SEP26,82000,,C,BTC-25SEP26-82000-C
0.0003,0.0005,92.0,0.00038009,1781268302987,82.3,42.12,63358.9,index_price,63355.18,0.0004,63342.31,13JUN26,65500,,C,BTC-13JUN26-65500-C
0.029,0.0345,1.5,0.0319966,1781268302987,1.6,35.07,63358.9,index_price,63355.18,0.03175,63342.31,15JUN26,61500,,C,BTC-15JUN26-61500-C
,0.0001,759.8,2.27e-06,1781268302987,0.0,125.23,63401.91,BTC-26JUN26,63355.18,,63342.31,26JUN26,170000,,C,BTC-26JUN26-170000-C
0.402,0.528,0.2,0.45483919,1781268302987,0.0,43.48,65312.13,BTC-26MAR27,63355.18,0.465,63342.31,26MAR27,92000,,P,BTC-26MAR27-92000-P
1.8385,2.0505,0.0,1.94061921,1781268302987,0.0,56.64,64630.66,BTC-25DEC26,63355.18,1.9445,63342.31,25DEC26,190000,,P,BTC-25DEC26-190000-P
0.0024,0.0028,6.7,0.00262618,1781268302987,6.7,38.27,63423.66,BTC-3JUL26,63355.18,0.0026,63342.31,3JUL26,73000,,C,BTC-3JUL26-73000-C
0.47,0.472,71.1,0.47097405,1781268302987,0.0,60.89,64630.66,BTC-25DEC26,63355.18,0.471,63342.31,25DEC26,35000,,C,BTC-25DEC26-35000-C
1.3905,1.5725,0.0,1.47737195,1781268302987,0.0,52.79,64630.66,BTC-25DEC26,63355.18,1.4815,63342.31,25DEC26,160000,,P,BTC-25DEC26-160000-P
0.0014,0.0017,148.6,0.00150968,1781268302987,0.3,41.4,63576.37,BTC-31JUL26,63355.18,0.00155,63342.31,31JUL26,86000,,C,BTC-31JUL26-86000-C
0.006,0.0065,7159.0,0.00620876,1781268302987,104.2,46.4,64630.66,BTC-25DEC26,63355.18,0.00625,63342.31,25DEC26,120000,,C,BTC-25DEC26-120000-C
0.2145,0.221,134.6,0.2184289,1781268302987,0.0,43.94,65315.85,BTC-26MAR27,63355.18,0.21775,63342.31,26MAR27,72000,,P,BTC-26MAR27-72000-P
0.0001,0.0003,7.0,0.00019132,1781268302987,1.1,45.95,63358.9,index_price,63355.18,0.0002,63342.31,15JUN26,58000,,P,BTC-15JUN26-58000-P
0.0001,0.0002,4027.3,0.00014064,1781268302988,38.1,82.9,63401.91,BTC-26JUN26,63355.18,0.00015,63342.31,26JUN26,100000,,C,BTC-26JUN26-100000-C
0.3955,0.4065,5.9,0.4009775,1781268302988,0.0,43.1,63572.65,BTC-31JUL26,63355.18,0.401,63342.31,31JUL26,89000,,P,BTC-31JUL26-89000-P
0.0165,0.0175,0.1,0.01722527,1781268302988,0.1,35.0,63355.18,index_price,63355.18,0.017,63342.31,16JUN26,63000,,C,BTC-16JUN26-63000-C
0.0021,0.0027,1602.2,0.00237666,1781268302988,0.1,51.08,64630.66,BTC-25DEC26,63355.18,0.0024,63342.31,25DEC26,150000,,C,BTC-25DEC26-150000-C
0.0001,0.0002,838.9,0.00014147,1781268302988,1.0,69.38,63401.91,BTC-26JUN26,63355.18,0.00015,63342.31,26JUN26,92000,,C,BTC-26JUN26-92000-C
0.001,0.0012,91.4,0.0010725,1781268302988,21.1,51.78,63375.01,BTC-19JUN26,63355.18,0.0011,63342.31,19JUN26,56000,,P,BTC-19JUN26-56000-P
0.102,0.1045,105.8,0.10325303,1781268302988,0.0,46.14,65312.13,BTC-26MAR27,63355.18,0.10325,63342.31,26MAR27,58000,,P,BTC-26MAR27-58000-P
0.0215,0.022,2483.0,0.02156881,1781268302988,35.3,40.95,63401.91,BTC-26JUN26,63355.18,0.02175,63342.31,26JUN26,62000,,P,BTC-26JUN26-62000-P
0.0245,0.025,72.9,0.02464592,1781268302988,0.6,46.67,63745.35,BTC-28AUG26,63355.18,0.02475,63342.31,28AUG26,54000,,P,BTC-28AUG26-54000-P
0.0085,0.009,416.3,0.00851623,1781268302988,1.1,39.1,63749.07,BTC-28AUG26,63355.18,0.00875,63342.31,28AUG26,81000,,C,BTC-28AUG26-81000-C
0.0315,0.032,185.6,0.03162735,1781268302988,22.8,43.43,63572.65,BTC-31JUL26,63355.18,0.03175,63342.31,31JUL26,59000,,P,BTC-31JUL26-59000-P
0.0017,0.002,3.2,0.00188626,1781268302988,0.0,42.89,63745.35,BTC-28AUG26,63355.18,0.00185,63342.31,28AUG26,95000,,C,BTC-28AUG26-95000-C
0.0001,0.0002,3824.4,0.00014043,1781268302988,0.0,74.58,63401.91,BTC-26JUN26,63355.18,0.00015,63342.31,26JUN26,95000,,C,BTC-26JUN26-95000-C
0.0075,0.0085,340.2,0.00793144,1781268302988,0.0,40.44,63983.98,BTC-25SEP26,63355.18,0.008,63342.31,25SEP26,88000,,C,BTC-25SEP26-88000-C
0.1175,0.119,21.7,0.1181775,1781268302988,0.5,43.69,64630.66,BTC-25DEC26,63355.18,0.11825,63342.31,25DEC26,66000,,C,BTC-25DEC26-66000-C
0.0135,0.014,128.6,0.01383053,1781268302988,0.0,43.71,64630.66,BTC-25DEC26,63355.18,0.01375,63342.31,25DEC26,102000,,C,BTC-25DEC26-102000-C
0.0405,0.042,131.7,0.04115206,1781268302988,0.9,39.57,63749.07,BTC-28AUG26,63355.18,0.04125,63342.31,28AUG26,69000,,C,BTC-28AUG26-69000-C
0.027,0.0285,53.6,0.02792572,1781268302988,0.0,44.11,65312.13,BTC-26MAR27,63355.18,0.02775,63342.31,26MAR27,104000,,C,BTC-26MAR27-104000-C
0.486,0.5105,0.0,0.49203115,1781268302988,0.0,42.89,63749.07,BTC-28AUG26,63355.18,0.49825,63342.31,28AUG26,95000,,P,BTC-28AUG26-95000-P
0.0014,0.0018,2358.0,0.00157222,1781268302988,0.0,54.31,64630.66,BTC-25DEC26,63355.18,0.0016,63342.31,25DEC26,170000,,C,BTC-25DEC26-170000-C
0.0805,0.082,524.4,0.08102727,1781268302988,74.9,41.26,63983.98,BTC-25SEP26,63355.18,0.08125,63342.31,25SEP26,65000,,C,BTC-25SEP26-65000-C
0.9665,1.0905,0.2,1.00142007,1781268302988,0.0,46.43,65312.13,BTC-26MAR27,63355.18,1.0285,63342.31,26MAR27,130000,,P,BTC-26MAR27-130000-P
0.301,0.3085,137.6,0.30493072,1781268302988,0.0,43.47,65312.13,BTC-26MAR27,63355.18,0.30475,63342.31,26MAR27,80000,,P,BTC-26MAR27-80000-P
0.0355,0.0365,1172.9,0.03567172,1781268302988,28.0,39.47,63401.91,BTC-26JUN26,63355.18,0.036,63342.31,26JUN26,64000,,P,BTC-26JUN26-64000-P
,0.0001,37.0,0.00010629,1781268302988,6.5,52.97,63355.18,index_price,63355.18,,63342.31,14JUN26,58000,,P,BTC-14JUN26-58000-P
0.0895,0.091,312.9,0.08999085,1781268302988,0.4,41.87,63749.07,BTC-28AUG26,63355.18,0.09025,63342.31,28AUG26,62000,,C,BTC-28AUG26-62000-C
,0.0003,174.7,9.224e-05,1781268302988,0.0,85.42,63986.43,BTC-25SEP26,63355.18,,63342.31,25SEP26,300000,,C,BTC-25SEP26-300000-C
0.4155,0.419,66.8,0.41686553,1781268302988,0.0,54.0,65312.13,BTC-26MAR27,63355.18,0.41725,63342.31,26MAR27,40000,,C,BTC-26MAR27-40000-C
0.0006,0.0009,162.7,0.00067617,1781268302988,0.0,54.24,63983.98,BTC-25SEP26,63355.18,0.00075,63342.31,25SEP26,135000,,C,BTC-25SEP26-135000-C
0.164,0.168,286.5,0.16633546,1781268302988,43.1,39.85,63983.38,BTC-25SEP26,63355.18,0.166,63342.31,25SEP26,72000,,P,BTC-25SEP26-72000-P
0.361,0.369,0.0,0.36493783,1781268302988,0.0,43.38,65312.13,BTC-26MAR27,63355.18,0.365,63342.31,26MAR27,85000,,P,BTC-26MAR27-85000-P
0.163,0.1985,5.0,0.16515913,1781268302988,0.1,45.96,63745.35,BTC-28AUG26,63355.18,0.18075,63342.31,28AUG26,55000,,C,BTC-28AUG26-55000-C
0.0735,0.0745,841.3,0.07400929,1781268302988,6.3,42.23,63983.98,BTC-25SEP26,63355.18,0.074,63342.31,25SEP26,62000,,P,BTC-25SEP26-62000-P
0.007,0.0075,1797.9,0.00732333,1781268302988,7.3,38.27,63576.37,BTC-31JUL26,63355.18,0.00725,63342.31,31JUL26,76000,,C,BTC-31JUL26-76000-C
0.02,0.059,0.0,0.04067952,1781268302988,0.0,38.55,63355.18,index_price,63355.18,0.0395,63342.31,16JUN26,61000,,C,BTC-16JUN26-61000-C
0.0765,0.0815,5.0,0.07887274,1781268302988,0.0,44.35,63401.91,BTC-26JUN26,63355.18,0.079,63342.31,26JUN26,59000,,C,BTC-26JUN26-59000-C
0.242,0.245,22.2,0.24342152,1781268302988,16.4,46.97,65312.13,BTC-26MAR27,63355.18,0.2435,63342.31,26MAR27,55000,,C,BTC-26MAR27-55000-C
0.1805,0.183,27.3,0.18161112,1781268302988,0.1,45.25,65312.13,BTC-26MAR27,63355.18,0.18175,63342.31,26MAR27,62000,,C,BTC-26MAR27-62000-C
0.0006,0.0009,56.3,0.00073205,1781268302988,0.2,48.96,63745.35,BTC-28AUG26,63355.18,0.00075,63342.31,28AUG26,110000,,C,BTC-28AUG26-110000-C
0.222,0.2535,1.0,0.25130165,1781268302988,0.0,54.73,63572.65,BTC-31JUL26,63355.18,0.23775,63342.31,31JUL26,48000,,C,BTC-31JUL26-48000-C
0.041,0.042,22.5,0.04161715,1781268302988,25.2,40.21,63423.66,BTC-3JUL26,63355.18,0.0415,63342.31,3JUL26,63000,,C,BTC-3JUL26-63000-C
0.8685,0.885,172.1,0.87650524,1781268302988,0.0,49.85,63983.38,BTC-25SEP26,63355.18,0.87675,63342.31,25SEP26,120000,,P,BTC-25SEP26-120000-P
0.0019,0.0022,9.1,0.00205138,1781268302988,0.0,42.51,63745.35,BTC-28AUG26,63355.18,0.00205,63342.31,28AUG26,94000,,C,BTC-28AUG26-94000-C
0.1035,0.1105,2711.3,0.10739665,1781268302988,4.0,38.41,63401.91,BTC-26JUN26,63355.18,0.107,63342.31,26JUN26,70000,,P,BTC-26JUN26-70000-P
0.0014,0.0016,1019.5,0.00148209,1781268302988,1017.9,39.18,63423.66,BTC-3JUL26,63355.18,0.0015,63342.31,3JUL26,75000,,C,BTC-3JUL26-75000-C
0.002,0.0023,76.7,0.00218661,1781268302989,61.0,29.35,63355.18,index_price,63355.18,0.00215,63342.31,14JUN26,64500,,C,BTC-14JUN26-64500-C
0.0006,0.0008,1493.5,0.00071421,1781268302989,46.3,53.99,63372.0,BTC-19JUN26,63355.18,0.0007,63342.31,19JUN26,55000,,P,BTC-19JUN26-55000-P
0.019,0.02,1808.4,0.0194772,1781268302989,575.6,38.73,63401.91,BTC-26JUN26,63355.18,0.0195,63342.31,26JUN26,65000,,C,BTC-26JUN26-65000-C
0.069,0.077,0.0,0.07332682,1781268302989,0.0,53.57,63358.9,index_price,63355.18,0.073,63342.31,13JUN26,68000,,P,BTC-13JUN26-68000-P
0.2385,0.2425,32.6,0.24004895,1781268302989,0.0,48.91,63983.98,BTC-25SEP26,63355.18,0.2405,63342.31,25SEP26,50000,,C,BTC-25SEP26-50000-C
0.0016,0.0019,4.3,0.00173765,1781268302989,0.0,43.26,63749.07,BTC-28AUG26,63355.18,0.00175,63342.31,28AUG26,96000,,C,BTC-28AUG26-96000-C
0.0085,0.009,3034.3,0.0088429,1781268302989,407.1,38.26,63576.37,BTC-31JUL26,63355.18,0.00875,63342.31,31JUL26,75000,,C,BTC-31JUL26-75000-C
0.0039,0.0043,261.2,0.0040204,1781268302989,0.0,42.25,63986.43,BTC-25SEP26,63355.18,0.0041,63342.31,25SEP26,96000,,C,BTC-25SEP26-96000-C
0.02,0.0215,49.4,0.02067033,1781268302989,0.0,44.83,65312.13,BTC-26MAR27,63355.18,0.02075,63342.31,26MAR27,112000,,C,BTC-26MAR27-112000-C
0.072,0.074,268.6,0.07301055,1781268302989,0.0,43.4,65312.13,BTC-26MAR27,63355.18,0.073,63342.31,26MAR27,82000,,C,BTC-26MAR27-82000-C
,0.0001,2650.7,1.293e-05,1781268302989,0.0,122.22,63401.91,BTC-26JUN26,63355.18,,63342.31,26JUN26,150000,,C,BTC-26JUN26-150000-C
0.0003,0.0006,336.7,0.00038516,1781268302989,7.7,55.7,63572.65,BTC-31JUL26,63355.18,0.00045,63342.31,31JUL26,108000,,C,BTC-31JUL26-108000-C
0.1755,0.1795,84.3,0.17702451,1781268302989,0.0,45.42,63983.98,BTC-25SEP26,63355.18,0.1775,63342.31,25SEP26,55000,,C,BTC-25SEP26-55000-C
0.3195,0.33,38.5,0.32511593,1781268302989,0.0,58.93,63401.91,BTC-26JUN26,63355.18,0.32475,63342.31,26JUN26,84000,,P,BTC-26JUN26-84000-P
0.03,0.031,269.3,0.03031375,1781268302989,52.6,38.9,63572.65,BTC-31JUL26,63355.18,0.0305,63342.31,31JUL26,68000,,C,BTC-31JUL26-68000-C
0.0005,0.0007,1296.8,0.00058529,1781268302989,96.5,51.04,63572.65,BTC-31JUL26,63355.18,0.0006,63342.31,31JUL26,100000,,C,BTC-31JUL26-100000-C
0.213,0.22,61.0,0.21745556,1781268302989,0.0,42.55,64634.78,BTC-25DEC26,63355.18,0.2165,63342.31,25DEC26,74000,,P,BTC-25DEC26-74000-P
0.1225,0.127,0.0,0.12449858,1781268302989,0.0,47.64,63423.66,BTC-3JUL26,63355.18,0.12475,63342.31,3JUL26,56000,,C,BTC-3JUL26-56000-C
0.033,0.034,475.6,0.033375,1781268302989,2.5,39.63,63983.38,BTC-25SEP26,63355.18,0.0335,63342.31,25SEP26,74000,,C,BTC-25SEP26-74000-C
0.0555,0.056,219.3,0.05578865,1781268302989,27.3,40.39,63572.65,BTC-31JUL26,63355.18,0.05575,63342.31,31JUL26,64000,,C,BTC-31JUL26-64000-C
0.007,0.0075,1434.6,0.00715979,1781268302989,100.1,45.96,63401.91,BTC-26JUN26,63355.18,0.00725,63342.31,26JUN26,58000,,P,BTC-26JUN26-58000-P
0.0385,0.0395,610.3,0.0388631,1781268302989,0.4,42.31,64630.66,BTC-25DEC26,63355.18,0.039,63342.31,25DEC26,84000,,C,BTC-25DEC26-84000-C
0.289,0.301,0.0,0.29393931,1781268302989,0.0,66.75,63372.56,BTC-19JUN26,63355.18,0.295,63342.31,19JUN26,82000,,P,BTC-19JUN26-82000-P
0.005,0.0055,240.8,0.00519616,1781268302989,0.4,39.84,63749.07,BTC-28AUG26,63355.18,0.00525,63342.31,28AUG26,85000,,C,BTC-28AUG26-85000-C
0.2115,0.218,599.6,0.21471912,1781268302989,5.2,39.48,63986.43,BTC-25SEP26,63355.18,0.21475,63342.31,25SEP26,76000,,P,BTC-25SEP26-76000-P
0.0013,0.0016,64.7,0.0014544,1781268302989,15.0,43.88,63749.07,BTC-28AUG26,63355.18,0.00145,63342.31,28AUG26,98000,,C,BTC-28AUG26-98000-C
0.0045,0.0049,0.4,0.00469225,1781268302989,0.4,37.45,63355.18,index_price,63355.18,0.0047,63342.31,16JUN26,61500,,P,BTC-16JUN26-61500-P
0.0325,0.0335,3.0,0.03293388,1781268302989,0.7,46.06,63983.98,BTC-25SEP26,63355.18,0.033,63342.31,25SEP26,54000,,P,BTC-25SEP26-54000-P
0.0011,0.0014,121.9,0.00127051,1781268302989,0.0,44.72,63749.07,BTC-28AUG26,63355.18,0.00125,63342.31,28AUG26,100000,,C,BTC-28AUG26-100000-C
0.0635,0.065,252.5,0.06407885,1781268302989,0.0,42.43,64630.66,BTC-25DEC26,63355.18,0.06425,63342.31,25DEC26,76000,,C,BTC-25DEC26-76000-C
0.0135,0.0455,0.0,0.04225539,1781268302989,0.0,33.0,63355.18,index_price,63355.18,0.0295,63342.31,14JUN26,66000,,P,BTC-14JUN26-66000-P
,0.0001,3112.0,2.92e-05,1781268302989,1.0,120.13,63401.91,BTC-26JUN26,63355.18,,63342.31,26JUN26,30000,,P,BTC-26JUN26-30000-P
0.007,0.008,297.4,0.0074427,1781268302989,15.3,39.18,63745.35,BTC-28AUG26,63355.18,0.0075,63342.31,28AUG26,82000,,C,BTC-28AUG26-82000-C
0.058,0.093,0.0,0.06092452,1781268302989,0.0,43.04,63355.18,index_price,63355.18,0.0755,63342.31,14JUN26,59500,,C,BTC-14JUN26-59500-C
0.012,0.013,60.9,0.01242336,1781268302989,0.5,43.91,64630.66,BTC-25DEC26,63355.18,0.0125,63342.31,25DEC26,104000,,C,BTC-25DEC26-104000-C
0.017,0.052,0.0,0.03901677,1781268302989,0.0,36.47,63358.9,index_price,63355.18,0.0345,63342.31,15JUN26,61000,,C,BTC-15JUN26-61000-C
0.0735,0.0745,159.9,0.0740243,1781268302989,3.7,41.01,63983.98,BTC-25SEP26,63355.18,0.074,63342.31,25SEP26,66000,,C,BTC-25SEP26-66000-C
0.0375,0.078,0.0,0.07351688,1781268302989,0.0,39.92,63355.18,index_price,63355.18,0.05775,63342.31,14JUN26,68000,,P,BTC-14JUN26-68000-P
1.3395,1.512,0.1,1.42275579,1781268302989,0.0,59.43,63983.98,BTC-25SEP26,63355.18,1.42575,63342.31,25SEP26,155000,,P,BTC-25SEP26-155000-P
0.002,0.0024,1109.5,0.00221476,1781268302989,0.0,44.88,63983.98,BTC-25SEP26,63355.18,0.0022,63342.31,25SEP26,105000,,C,BTC-25SEP26-105000-C
0.018,0.0185,404.5,0.01809943,1781268302989,48.9,38.28,63572.65,BTC-31JUL26,63355.18,0.01825,63342.31,31JUL26,71000,,C,BTC-31JUL26-71000-C
0.03,0.031,1987.5,0.03038457,1781268302989,38.2,42.43,64630.66,BTC-25DEC26,63355.18,0.0305,63342.31,25DEC26,88000,,C,BTC-25DEC26-88000-C
0.0012,0.0015,276.8,0.00138823,1781268302989,138.9,42.41,63358.9,index_price,63355.18,0.00135,63342.31,13JUN26,62000,,P,BTC-13JUN26-62000-P
,0.0001,1401.1,9.634e-05,1781268302989,40.6,62.79,63372.56,BTC-19JUN26,63355.18,,63342.31,19JUN26,80000,,C,BTC-19JUN26-80000-C
0.01,0.011,599.9,0.01050773,1781268302989,336.2,37.84,63372.0,BTC-19JUN26,63355.18,0.0105,63342.31,19JUN26,65000,,C,BTC-19JUN26-65000-C
0.5835,0.7085,0.0,0.63433947,1781268302989,0.0,44.19,65312.13,BTC-26MAR27,63355.18,0.646,63342.31,26MAR27,105000,,P,BTC-26MAR27-105000-P
0.26,0.275,1.0,0.26463983,1781268302989,0.3,39.07,63749.07,BTC-28AUG26,63355.18,0.2675,63342.31,28AUG26,80000,,P,BTC-28AUG26-80000-P
0.1325,0.19,1.4,0.16567299,1781268302989,0.0,47.67,63576.37,BTC-31JUL26,63355.18,0.16125,63342.31,31JUL26,54000,,C,BTC-31JUL26-54000-C
1.741,1.94,37.1,1.83888422,1781268302989,0.0,125.23,63401.91,BTC-26JUN26,63355.18,1.8405,63342.31,26JUN26,180000,,P,BTC-26JUN26-180000-P
0.007,0.008,58.1,0.00739471,1781268302989,45.9,47.64,63423.66,BTC-3JUL26,63355.18,0.0075,63342.31,3JUL26,56000,,P,BTC-3JUL26-56000-P
,0.0001,1131.4,5.794e-05,1781268302989,23.5,73.55,63372.56,BTC-19JUN26,63355.18,,63342.31,19JUN26,85000,,C,BTC-19JUN26-85000-C
0.7275,0.742,928.4,0.73494168,1781268302989,0.0,92.1,63401.91,BTC-26JUN26,63355.18,0.73475,63342.31,26JUN26,110000,,P,BTC-26JUN26-110000-P
0.019,0.02,86.7,0.01932418,1781268302989,5.1,48.31,63749.07,BTC-28AUG26,63355.18,0.0195,63342.31,28AUG26,52000,,P,BTC-28AUG26-52000-P
0.292,0.3,194.7,0.29590524,1781268302989,0.0,39.68,63983.98,BTC-25SEP26,63355.18,0.296,63342.31,25SEP26,82000,,P,BTC-25SEP26-82000-P
0.693,0.811,0.0,0.73533589,1781268302989,0.0,44.83,65312.13,BTC-26MAR27,63355.18,0.752,63342.31,26MAR27,112000,,P,BTC-26MAR27-112000-P
0.0235,0.049,0.0,0.03547125,1781268302989,0.0,32.06,63358.9,index_price,63355.18,0.03625,63342.31,15JUN26,65500,,P,BTC-15JUN26-65500-P
0.0025,0.0027,2855.5,0.0025947,1781268302989,15.4,39.57,63572.65,BTC-31JUL26,63355.18,0.0026,63342.31,31JUL26,82000,,C,BTC-31JUL26-82000-C
0.1815,0.1865,40.8,0.18334291,1781268302989,0.2,45.49,64630.66,BTC-25DEC26,63355.18,0.184,63342.31,25DEC26,58000,,C,BTC-25DEC26-58000-C
,0.0001,2.0,2.877e-05,1781268302989,0.1,44.18,63355.18,index_price,63355.18,,63342.31,14JUN26,69000,,C,BTC-14JUN26-69000-C
0.0705,0.0715,269.9,0.0707212,1781268302989,34.9,39.93,63572.65,BTC-31JUL26,63355.18,0.071,63342.31,31JUL26,65000,,P,BTC-31JUL26-65000-P
0.0845,0.086,153.1,0.08527424,1781268302989,3.0,40.69,63749.07,BTC-28AUG26,63355.18,0.08525,63342.31,28AUG26,65000,,P,BTC-28AUG26-65000-P
0.649,0.6625,310.8,0.65617021,1781268302989,0.0,91.53,63401.91,BTC-26JUN26,63355.18,0.65575,63342.31,26JUN26,105000,,P,BTC-26JUN26-105000-P
0.1495,0.1575,0.0,0.15354434,1781268302989,0.0,38.27,63423.66,BTC-3JUL26,63355.18,0.1535,63342.31,3JUL26,73000,,P,BTC-3JUL26-73000-P
,0.0002,229.2,0.00015021,1781268302989,50.1,68.56,63372.56,BTC-19JUN26,63355.18,,63342.31,19JUN26,50000,,P,BTC-19JUN26-50000-P
0.181,0.2155,0.0,0.18323157,1781268302989,0.0,53.83,63423.66,BTC-3JUL26,63355.18,0.19825,63342.31,3JUL26,52000,,C,BTC-3JUL26-52000-C
,0.0001,1952.1,1.801e-05,1781268302989,0.0,100.59,63401.91,BTC-26JUN26,63355.18,,63342.31,26JUN26,125000,,C,BTC-26JUN26-125000-C
0.3355,0.346,2850.1,0.34087662,1781268302989,0.0,60.81,63401.91,BTC-26JUN26,63355.18,0.34075,63342.31,26JUN26,85000,,P,BTC-26JUN26-85000-P
0.684,0.6855,102.6,0.68458315,1781268302989,0.0,173.21,63401.91,BTC-26JUN26,63355.18,0.68475,63342.31,26JUN26,20000,,C,BTC-26JUN26-20000-C
0.005,0.006,152.5,0.00584723,1781268302989,103.3,37.0,63358.9,index_price,63355.18,0.0055,63342.31,13JUN26,63500,,C,BTC-13JUN26-63500-C
0.1045,0.106,195.5,0.10547834,1781268302989,26.8,41.01,63983.38,BTC-25SEP26,63355.18,0.10525,63342.31,25SEP26,66000,,P,BTC-25SEP26-66000-P
0.036,0.037,1629.3,0.03668661,1781268302989,23.6,42.4,64630.66,BTC-25DEC26,63355.18,0.0365,63342.31,25DEC26,85000,,C,BTC-25DEC26-85000-C
0.1615,0.194,0.0,0.16406594,1781268302990,0.0,59.15,63375.01,BTC-19JUN26,63355.18,0.17775,63342.31,19JUN26,53000,,C,BTC-19JUN26-53000-C
0.5015,0.5955,0.7,0.53313627,1781268302990,0.0,43.14,64630.66,BTC-25DEC26,63355.18,0.5485,63342.31,25DEC26,98000,,P,BTC-25DEC26-98000-P
0.087,0.089,176.0,0.08791012,1781268302990,1.0,43.52,65312.13,BTC-26MAR27,63355.18,0.088,63342.31,26MAR27,78000,,C,BTC-26MAR27-78000-C
0.4095,0.4325,0.5,0.41473134,1781268302990,0.0,41.23,63749.07,BTC-28AUG26,63355.18,0.421,63342.31,28AUG26,90000,,P,BTC-28AUG26-90000-P
0.0135,0.0145,1133.1,0.01411351,1781268302990,118.1,38.26,63401.91,BTC-26JUN26,63355.18,0.014,63342.31,26JUN26,66000,,C,BTC-26JUN26-66000-C
0.085,0.121,22.7,0.08728868,1781268302990,0.0,47.59,63375.01,BTC-19JUN26,63355.18,0.103,63342.31,19JUN26,58000,,C,BTC-19JUN26-58000-C
0.3335,0.359,0.4,0.33848369,1781268302990,0.0,39.84,63749.07,BTC-28AUG26,63355.18,0.34625,63342.31,28AUG26,85000,,P,BTC-28AUG26-85000-P
2.0185,2.2395,0.1,2.12583737,1781268302990,0.0,70.03,63983.98,BTC-25SEP26,63355.18,2.129,63342.31,25SEP26,200000,,P,BTC-25SEP26-200000-P
0.98,1.118,106.4,1.05031846,1781268302990,0.0,103.99,63401.91,BTC-26JUN26,63355.18,1.049,63342.31,26JUN26,130000,,P,BTC-26JUN26-130000-P
0.046,0.047,134.2,0.04647738,1781268302990,14.2,39.8,63745.35,BTC-28AUG26,63355.18,0.0465,63342.31,28AUG26,68000,,C,BTC-28AUG26-68000-C
0.202,0.2335,0.0,0.20366593,1781268302990,0.0,48.31,63749.07,BTC-28AUG26,63355.18,0.21775,63342.31,28AUG26,52000,,C,BTC-28AUG26-52000-C
0.056,0.057,221.4,0.05655679,1781268302990,0.0,42.35,64630.66,BTC-25DEC26,63355.18,0.0565,63342.31,25DEC26,78000,,C,BTC-25DEC26-78000-C
0.0015,0.0018,114.4,0.00165055,1781268302990,114.7,32.06,63358.9,index_price,63355.18,0.00165,63342.31,15JUN26,65500,,C,BTC-15JUN26-65500-C
0.0008,0.001,3518.5,0.00091408,1781268302990,871.9,61.29,63401.91,BTC-26JUN26,63355.18,0.0009,63342.31,26JUN26,50000,,P,BTC-26JUN26-50000-P
0.3345,0.3435,482.3,0.33893946,1781268302990,0.0,39.93,63983.98,BTC-25SEP26,63355.18,0.339,63342.31,25SEP26,85000,,P,BTC-25SEP26-85000-P
0.1755,0.21,0.0,0.17761619,1781268302990,0.0,46.67,63749.07,BTC-28AUG26,63355.18,0.19275,63342.31,28AUG26,54000,,C,BTC-28AUG26-54000-C
0.0003,0.0005,42.0,0.00042321,1781268302990,0.0,54.56,63572.65,BTC-31JUL26,63355.18,0.0004,63342.31,31JUL26,106000,,C,BTC-31JUL26-106000-C
0.048,0.0485,736.9,0.04810403,1781268302990,212.2,41.47,63572.65,BTC-31JUL26,63355.18,0.04825,63342.31,31JUL26,62000,,P,BTC-31JUL26-62000-P
0.0235,0.094,0.0,0.05841025,1781268302990,0.0,35.19,63355.18,index_price,63355.18,0.05875,63342.31,16JUN26,67000,,P,BTC-16JUN26-67000-P
0.4845,0.4945,90.3,0.48989754,1781268302990,0.0,42.9,64630.66,BTC-25DEC26,63355.18,0.4895,63342.31,25DEC26,95000,,P,BTC-25DEC26-95000-P
