[live_gather] currency=eth  poll=1s
[live_gather] writing to /Users/macbookair/Internship Natixis/2 - Data/live/live_eth.parquet
[ws] 708 ETH option instruments
[live_gather] warming up websocket …
[ws] subscribed to 708 ticker channels
[live_gather] ws coverage: 708 instruments
[live_gather] ctrl+c to stop

[14:34:46] tick 1  + 393 rows  (288 ms)  ws_cov=708  → live_eth.parquet
[14:34:47] tick 2  + 415 rows  (376 ms)  ws_cov=708  → live_eth.parquet
[14:34:48] tick 3  + 415 rows  (169 ms)  ws_cov=708  → live_eth.parquet
[14:34:49] tick 4  + 413 rows  (219 ms)  ws_cov=708  → live_eth.parquet
[14:34:50] tick 5  + 413 rows  (162 ms)  ws_cov=708  → live_eth.parquet
[14:34:51] tick 6  + 421 rows  (225 ms)  ws_cov=708  → live_eth.parquet
[14:34:52] tick 7  + 421 rows  (161 ms)  ws_cov=708  → live_eth.parquet
[14:34:53] tick 8  + 421 rows  (217 ms)  ws_cov=708  → live_eth.parquet
[14:34:54] tick 9  + 422 rows  (252 ms)  ws_cov=708  → live_eth.parquet
[14:34:55] tick 10  + 415 rows  (355 ms)  ws_cov=708  → live_eth.parquet
[14:34:56] tick 11  + 415 rows  (235 ms)  ws_cov=708  → live_eth.parquet
[14:34:57] tick 12  + 413 rows  (232 ms)  ws_cov=708  → live_eth.parquet
[14:34:58] tick 13  + 413 rows  (295 ms)  ws_cov=708  → live_eth.parquet
[14:34:59] tick 14  + 420 rows  (172 ms)  ws_cov=708  → live_eth.parquet
[14:35:00] tick 15  + 420 rows  (290 ms)  ws_cov=708  → live_eth.parquet
[14:35:01] tick 16  + 420 rows  (291 ms)  ws_cov=708  → live_eth.parquet
[14:35:02] tick 17  + 420 rows  (156 ms)  ws_cov=708  → live_eth.parquet
[14:35:03] tick 18  + 421 rows  (225 ms)  ws_cov=708  → live_eth.parquet
[14:35:04] tick 19  + 421 rows  (183 ms)  ws_cov=708  → live_eth.parquet
[14:35:05] tick 20  + 413 rows  (290 ms)  ws_cov=708  → live_eth.parquet
[14:35:06] tick 21  + 414 rows  (168 ms)  ws_cov=708  → live_eth.parquet
[14:35:07] tick 22  + 414 rows  (226 ms)  ws_cov=708  → live_eth.parquet
[14:35:08] tick 23  + 414 rows  (228 ms)  ws_cov=708  → live_eth.parquet
[14:35:09] tick 24  + 421 rows  (331 ms)  ws_cov=708  → live_eth.parquet
[14:35:10] tick 25  + 421 rows  (320 ms)  ws_cov=708  → live_eth.parquet
[14:35:11] tick 26  + 410 rows  (243 ms)  ws_cov=708  → live_eth.parquet
[14:35:12] tick 27  + 413 rows  (265 ms)  ws_cov=708  → live_eth.parquet
[14:35:13] tick 28  + 414 rows  (261 ms)  ws_cov=708  → live_eth.parquet
[14:35:14] tick 29  + 414 rows  (297 ms)  ws_cov=708  → live_eth.parquet
[14:35:15] tick 30  + 421 rows  (177 ms)  ws_cov=708  → live_eth.parquet
[14:35:16] tick 31  + 421 rows  (316 ms)  ws_cov=708  → live_eth.parquet
[14:35:17] tick 32  + 422 rows  (244 ms)  ws_cov=708  → live_eth.parquet
[14:35:19] tick 33  + 422 rows  (353 ms)  ws_cov=708  → live_eth.parquet
[14:35:19] tick 34  + 422 rows  (245 ms)  ws_cov=708  → live_eth.parquet
[14:35:20] tick 35  + 422 rows  (233 ms)  ws_cov=708  → live_eth.parquet
[14:35:21] tick 36  + 422 rows  (319 ms)  ws_cov=708  → live_eth.parquet
[14:35:22] tick 37  + 422 rows  (187 ms)  ws_cov=708  → live_eth.parquet
[14:35:23] tick 38  + 414 rows  (256 ms)  ws_cov=708  → live_eth.parquet
[14:35:24] tick 39  + 414 rows  (192 ms)  ws_cov=708  → live_eth.parquet
[14:35:25] tick 40  + 414 rows  (247 ms)  ws_cov=708  → live_eth.parquet
[14:35:26] tick 41  + 414 rows  (175 ms)  ws_cov=708  → live_eth.parquet
[14:35:28] tick 42  + 422 rows  (322 ms)  ws_cov=708  → live_eth.parquet
[14:35:29] tick 43  + 422 rows  (345 ms)  ws_cov=708  → live_eth.parquet
[14:35:29] tick 44  + 428 rows  (275 ms)  ws_cov=708  → live_eth.parquet
[14:35:30] tick 45  + 429 rows  (269 ms)  ws_cov=708  → live_eth.parquet
[14:35:31] tick 46  + 429 rows  (196 ms)  ws_cov=708  → live_eth.parquet
[14:35:33] tick 47  + 429 rows  (302 ms)  ws_cov=708  → live_eth.parquet
[14:35:33] tick 48  + 428 rows  (286 ms)  ws_cov=708  → live_eth.parquet
[14:35:35] tick 49  + 428 rows  (360 ms)  ws_cov=708  → live_eth.parquet
[14:35:35] tick 50  + 428 rows  (246 ms)  ws_cov=708  → live_eth.parquet
[14:35:36] tick 51  + 429 rows  (273 ms)  ws_cov=708  → live_eth.parquet
[14:35:38] tick 52  + 421 rows  (320 ms)  ws_cov=708  → live_eth.parquet
[14:35:39] tick 53  + 421 rows  (270 ms)  ws_cov=708  → live_eth.parquet
[14:35:40] tick 54  + 420 rows  (444 ms)  ws_cov=708  → live_eth.parquet
[14:35:40] tick 55  + 420 rows  (239 ms)  ws_cov=708  → live_eth.parquet
[14:35:42] tick 56  + 420 rows  (296 ms)  ws_cov=708  → live_eth.parquet
[14:35:43] tick 57  + 422 rows  (308 ms)  ws_cov=708  → live_eth.parquet
[14:35:44] tick 58  + 430 rows  (297 ms)  ws_cov=708  → live_eth.parquet
[14:35:44] tick 59  + 430 rows  (218 ms)  ws_cov=708  → live_eth.parquet
[14:35:46] tick 60  + 430 rows  (356 ms)  ws_cov=708  → live_eth.parquet
[14:35:47] tick 61  + 429 rows  (259 ms)  ws_cov=708  → live_eth.parquet
[14:35:48] tick 62  + 429 rows  (364 ms)  ws_cov=708  → live_eth.parquet
[14:35:49] tick 63  + 431 rows  (373 ms)  ws_cov=708  → live_eth.parquet
[14:35:50] tick 64  + 431 rows  (270 ms)  ws_cov=708  → live_eth.parquet
[14:35:51] tick 65  + 431 rows  (283 ms)  ws_cov=708  → live_eth.parquet
[14:35:52] tick 66  + 430 rows  (319 ms)  ws_cov=708  → live_eth.parquet
[14:35:53] tick 67  + 430 rows  (326 ms)  ws_cov=708  → live_eth.parquet
[14:35:54] tick 68  + 431 rows  (359 ms)  ws_cov=708  → live_eth.parquet
[14:35:55] tick 69  + 431 rows  (304 ms)  ws_cov=708  → live_eth.parquet
[14:35:56] tick 70  + 431 rows  (269 ms)  ws_cov=708  → live_eth.parquet
[14:35:57] tick 71  + 432 rows  (406 ms)  ws_cov=708  → live_eth.parquet
[14:35:58] tick 72  + 432 rows  (279 ms)  ws_cov=708  → live_eth.parquet
[14:35:59] tick 73  + 433 rows  (336 ms)  ws_cov=708  → live_eth.parquet
[14:36:00] tick 74  + 433 rows  (270 ms)  ws_cov=708  → live_eth.parquet
[14:36:01] tick 75  + 434 rows  (246 ms)  ws_cov=708  → live_eth.parquet
[14:36:02] tick 76  + 435 rows  (427 ms)  ws_cov=708  → live_eth.parquet
[14:36:03] tick 77  + 437 rows  (383 ms)  ws_cov=708  → live_eth.parquet
[14:36:04] tick 78  + 437 rows  (272 ms)  ws_cov=708  → live_eth.parquet
[14:36:05] tick 79  + 437 rows  (286 ms)  ws_cov=708  → live_eth.parquet
[14:36:06] tick 80  + 436 rows  (321 ms)  ws_cov=708  → live_eth.parquet
[14:36:07] tick 81  + 436 rows  (411 ms)  ws_cov=708  → live_eth.parquet
[14:36:08] tick 82  + 436 rows  (254 ms)  ws_cov=708  → live_eth.parquet
[14:36:09] tick 83  + 436 rows  (347 ms)  ws_cov=708  → live_eth.parquet
[14:36:10] tick 84  + 436 rows  (257 ms)  ws_cov=708  → live_eth.parquet
[14:36:11] tick 85  + 437 rows  (263 ms)  ws_cov=708  → live_eth.parquet
[14:36:12] tick 86  + 437 rows  (287 ms)  ws_cov=708  → live_eth.parquet
[14:36:13] tick 87  + 437 rows  (247 ms)  ws_cov=708  → live_eth.parquet
[14:36:14] tick 88  + 438 rows  (341 ms)  ws_cov=708  → live_eth.parquet
[14:36:15] tick 89  + 438 rows  (258 ms)  ws_cov=708  → live_eth.parquet
[14:36:16] tick 90  + 438 rows  (354 ms)  ws_cov=708  → live_eth.parquet
[14:36:17] tick 91  + 438 rows  (250 ms)  ws_cov=708  → live_eth.parquet
[14:36:18] tick 92  + 438 rows  (355 ms)  ws_cov=708  → live_eth.parquet
[14:36:19] tick 93  + 437 rows  (310 ms)  ws_cov=708  → live_eth.parquet
[14:36:20] tick 94  + 436 rows  (370 ms)  ws_cov=708  → live_eth.parquet
[14:36:21] tick 95  + 436 rows  (389 ms)  ws_cov=708  → live_eth.parquet
[14:36:22] tick 96  + 437 rows  (350 ms)  ws_cov=708  → live_eth.parquet
[14:36:23] tick 97  + 437 rows  (353 ms)  ws_cov=708  → live_eth.parquet
[14:36:24] tick 98  + 437 rows  (365 ms)  ws_cov=708  → live_eth.parquet
[14:36:25] tick 99  + 437 rows  (377 ms)  ws_cov=708  → live_eth.parquet
[14:36:26] tick 100  + 437 rows  (331 ms)  ws_cov=708  → live_eth.parquet
[14:36:27] tick 101  + 437 rows  (361 ms)  ws_cov=708  → live_eth.parquet
[14:36:28] tick 102  + 437 rows  (316 ms)  ws_cov=708  → live_eth.parquet
[14:36:29] tick 103  + 437 rows  (364 ms)  ws_cov=708  → live_eth.parquet
[14:36:30] tick 104  + 437 rows  (339 ms)  ws_cov=708  → live_eth.parquet
[14:36:31] tick 105  + 436 rows  (316 ms)  ws_cov=708  → live_eth.parquet
[14:36:32] tick 106  + 436 rows  (290 ms)  ws_cov=708  → live_eth.parquet
[14:36:33] tick 107  + 421 rows  (243 ms)  ws_cov=708  → live_eth.parquet
[14:36:34] tick 108  + 421 rows  (322 ms)  ws_cov=708  → live_eth.parquet
[14:36:35] tick 109  + 420 rows  (365 ms)  ws_cov=708  → live_eth.parquet
[14:36:36] tick 110  + 420 rows  (340 ms)  ws_cov=708  → live_eth.parquet
[14:36:37] tick 111  + 421 rows  (391 ms)  ws_cov=708  → live_eth.parquet
[14:36:38] tick 112  + 421 rows  (415 ms)  ws_cov=708  → live_eth.parquet
[14:36:39] tick 113  + 421 rows  (397 ms)  ws_cov=708  → live_eth.parquet
[14:36:40] tick 114  + 421 rows  (373 ms)  ws_cov=708  → live_eth.parquet
[14:36:41] tick 115  + 421 rows  (246 ms)  ws_cov=708  → live_eth.parquet
[14:36:42] tick 116  + 422 rows  (361 ms)  ws_cov=708  → live_eth.parquet
[14:36:43] tick 117  + 422 rows  (264 ms)  ws_cov=708  → live_eth.parquet
[14:36:44] tick 118  + 422 rows  (390 ms)  ws_cov=708  → live_eth.parquet
[14:36:45] tick 119  + 420 rows  (358 ms)  ws_cov=708  → live_eth.parquet
[14:36:46] tick 120  + 420 rows  (327 ms)  ws_cov=708  → live_eth.parquet
[14:36:47] tick 121  + 420 rows  (295 ms)  ws_cov=708  → live_eth.parquet
[14:36:48] tick 122  + 420 rows  (249 ms)  ws_cov=708  → live_eth.parquet
[14:36:49] tick 123  + 421 rows  (306 ms)  ws_cov=708  → live_eth.parquet
[14:36:50] tick 124  + 423 rows  (337 ms)  ws_cov=708  → live_eth.parquet
[14:36:51] tick 125  + 422 rows  (365 ms)  ws_cov=708  → live_eth.parquet
[14:36:52] tick 126  + 422 rows  (321 ms)  ws_cov=708  → live_eth.parquet
[14:36:53] tick 127  + 421 rows  (262 ms)  ws_cov=708  → live_eth.parquet
[14:36:54] tick 128  + 423 rows  (376 ms)  ws_cov=708  → live_eth.parquet
[14:36:55] tick 129  + 424 rows  (419 ms)  ws_cov=708  → live_eth.parquet
[14:36:56] tick 130  + 424 rows  (375 ms)  ws_cov=708  → live_eth.parquet
[14:36:57] tick 131  + 423 rows  (389 ms)  ws_cov=708  → live_eth.parquet
[14:36:58] tick 132  + 423 rows  (395 ms)  ws_cov=708  → live_eth.parquet
[14:36:59] tick 133  + 423 rows  (419 ms)  ws_cov=708  → live_eth.parquet
[14:37:00] tick 134  + 423 rows  (258 ms)  ws_cov=708  → live_eth.parquet
[14:37:01] tick 135  + 423 rows  (324 ms)  ws_cov=708  → live_eth.parquet
[14:37:02] tick 136  + 423 rows  (300 ms)  ws_cov=708  → live_eth.parquet
[14:37:03] tick 137  + 423 rows  (312 ms)  ws_cov=708  → live_eth.parquet
[14:37:04] tick 138  + 423 rows  (334 ms)  ws_cov=708  → live_eth.parquet
[14:37:05] tick 139  + 423 rows  (298 ms)  ws_cov=708  → live_eth.parquet
[14:37:06] tick 140  + 423 rows  (374 ms)  ws_cov=708  → live_eth.parquet
[14:37:07] tick 141  + 422 rows  (403 ms)  ws_cov=708  → live_eth.parquet
[14:37:08] tick 142  + 422 rows  (299 ms)  ws_cov=708  → live_eth.parquet
[14:37:09] tick 143  + 420 rows  (258 ms)  ws_cov=708  → live_eth.parquet
[14:37:10] tick 144  + 421 rows  (333 ms)  ws_cov=708  → live_eth.parquet
[14:37:11] tick 145  + 421 rows  (339 ms)  ws_cov=708  → live_eth.parquet
[14:37:12] tick 146  + 421 rows  (344 ms)  ws_cov=708  → live_eth.parquet
[14:37:13] tick 147  + 420 rows  (353 ms)  ws_cov=708  → live_eth.parquet
[14:37:14] tick 148  + 419 rows  (330 ms)  ws_cov=708  → live_eth.parquet
[14:37:15] tick 149  + 421 rows  (313 ms)  ws_cov=708  → live_eth.parquet
[14:37:16] tick 150  + 421 rows  (302 ms)  ws_cov=708  → live_eth.parquet
[14:37:17] tick 151  + 420 rows  (341 ms)  ws_cov=708  → live_eth.parquet
[14:37:18] tick 152  + 420 rows  (427 ms)  ws_cov=708  → live_eth.parquet
[14:37:19] tick 153  + 419 rows  (334 ms)  ws_cov=708  → live_eth.parquet
[14:37:20] tick 154  + 420 rows  (329 ms)  ws_cov=708  → live_eth.parquet
[14:37:21] tick 155  + 420 rows  (323 ms)  ws_cov=708  → live_eth.parquet
[14:37:22] tick 156  + 420 rows  (269 ms)  ws_cov=708  → live_eth.parquet
[14:37:23] tick 157  + 420 rows  (356 ms)  ws_cov=708  → live_eth.parquet
[14:37:24] tick 158  + 420 rows  (333 ms)  ws_cov=708  → live_eth.parquet
[14:37:25] tick 159  + 419 rows  (391 ms)  ws_cov=708  → live_eth.parquet
[14:37:26] tick 160  + 419 rows  (280 ms)  ws_cov=708  → live_eth.parquet
[14:37:27] tick 161  + 419 rows  (321 ms)  ws_cov=708  → live_eth.parquet
[14:37:28] tick 162  + 419 rows  (334 ms)  ws_cov=708  → live_eth.parquet
[14:37:29] tick 163  + 419 rows  (336 ms)  ws_cov=708  → live_eth.parquet
[14:37:30] tick 164  + 419 rows  (438 ms)  ws_cov=708  → live_eth.parquet
[14:37:31] tick 165  + 419 rows  (409 ms)  ws_cov=708  → live_eth.parquet
[14:37:32] tick 166  + 420 rows  (382 ms)  ws_cov=708  → live_eth.parquet
[14:37:33] tick 167  + 420 rows  (349 ms)  ws_cov=708  → live_eth.parquet
[14:37:34] tick 168  + 421 rows  (363 ms)  ws_cov=708  → live_eth.parquet
[14:37:35] tick 169  + 421 rows  (323 ms)  ws_cov=708  → live_eth.parquet
[14:37:36] tick 170  + 422 rows  (337 ms)  ws_cov=708  → live_eth.parquet
[14:37:37] tick 171  + 422 rows  (326 ms)  ws_cov=708  → live_eth.parquet
[14:37:38] tick 172  + 422 rows  (393 ms)  ws_cov=708  → live_eth.parquet
[14:37:39] tick 173  + 422 rows  (361 ms)  ws_cov=708  → live_eth.parquet
[14:37:40] tick 174  + 422 rows  (403 ms)  ws_cov=708  → live_eth.parquet
[14:37:41] tick 175  + 422 rows  (347 ms)  ws_cov=708  → live_eth.parquet
[14:37:42] tick 176  + 422 rows  (343 ms)  ws_cov=708  → live_eth.parquet
[14:37:43] tick 177  + 422 rows  (303 ms)  ws_cov=708  → live_eth.parquet
[14:37:44] tick 178  + 422 rows  (307 ms)  ws_cov=708  → live_eth.parquet
[14:37:45] tick 179  + 420 rows  (427 ms)  ws_cov=708  → live_eth.parquet
[14:37:46] tick 180  + 420 rows  (398 ms)  ws_cov=708  → live_eth.parquet
[14:37:47] tick 181  + 420 rows  (400 ms)  ws_cov=708  → live_eth.parquet
[14:37:48] tick 182  + 420 rows  (286 ms)  ws_cov=708  → live_eth.parquet
[14:37:49] tick 183  + 420 rows  (368 ms)  ws_cov=708  → live_eth.parquet
[14:37:50] tick 184  + 420 rows  (376 ms)  ws_cov=708  → live_eth.parquet
[14:37:51] tick 185  + 419 rows  (373 ms)  ws_cov=708  → live_eth.parquet
[14:37:52] tick 186  + 419 rows  (432 ms)  ws_cov=708  → live_eth.parquet
[14:37:53] tick 187  + 419 rows  (381 ms)  ws_cov=708  → live_eth.parquet
[14:37:54] tick 188  + 419 rows  (366 ms)  ws_cov=708  → live_eth.parquet
[14:37:55] tick 189  + 419 rows  (374 ms)  ws_cov=708  → live_eth.parquet
[14:37:56] tick 190  + 419 rows  (351 ms)  ws_cov=708  → live_eth.parquet
[14:37:57] tick 191  + 418 rows  (380 ms)  ws_cov=708  → live_eth.parquet
[14:37:58] tick 192  + 419 rows  (387 ms)  ws_cov=708  → live_eth.parquet
[14:37:59] tick 193  + 418 rows  (380 ms)  ws_cov=708  → live_eth.parquet
[14:38:00] tick 194  + 418 rows  (423 ms)  ws_cov=708  → live_eth.parquet
[14:38:01] tick 195  + 417 rows  (356 ms)  ws_cov=708  → live_eth.parquet
[14:38:02] tick 196  + 417 rows  (382 ms)  ws_cov=708  → live_eth.parquet
[14:38:03] tick 197  + 418 rows  (439 ms)  ws_cov=708  → live_eth.parquet
[14:38:04] tick 198  + 418 rows  (391 ms)  ws_cov=708  → live_eth.parquet
[14:38:05] tick 199  + 419 rows  (342 ms)  ws_cov=708  → live_eth.parquet
[14:38:06] tick 200  + 420 rows  (416 ms)  ws_cov=708  → live_eth.parquet
[14:38:07] tick 201  + 419 rows  (336 ms)  ws_cov=708  → live_eth.parquet
[14:38:08] tick 202  + 419 rows  (312 ms)  ws_cov=708  → live_eth.parquet
[14:38:09] tick 203  + 419 rows  (350 ms)  ws_cov=708  → live_eth.parquet
[14:38:10] tick 204  + 419 rows  (358 ms)  ws_cov=708  → live_eth.parquet
[14:38:11] tick 205  + 420 rows  (411 ms)  ws_cov=708  → live_eth.parquet
[14:38:12] tick 206  + 421 rows  (347 ms)  ws_cov=708  → live_eth.parquet
[14:38:13] tick 207  + 420 rows  (366 ms)  ws_cov=708  → live_eth.parquet
[14:38:14] tick 208  + 420 rows  (338 ms)  ws_cov=708  → live_eth.parquet
[14:38:15] tick 209  + 420 rows  (406 ms)  ws_cov=708  → live_eth.parquet
[14:38:16] tick 210  + 420 rows  (366 ms)  ws_cov=708  → live_eth.parquet
[14:38:17] tick 211  + 420 rows  (369 ms)  ws_cov=708  → live_eth.parquet
[14:38:18] tick 212  + 420 rows  (401 ms)  ws_cov=708  → live_eth.parquet
[14:38:19] tick 213  + 420 rows  (392 ms)  ws_cov=708  → live_eth.parquet
[14:38:20] tick 214  + 420 rows  (441 ms)  ws_cov=708  → live_eth.parquet
[14:38:21] tick 215  + 419 rows  (393 ms)  ws_cov=708  → live_eth.parquet
[14:38:22] tick 216  + 420 rows  (300 ms)  ws_cov=708  → live_eth.parquet
[14:38:23] tick 217  + 420 rows  (306 ms)  ws_cov=708  → live_eth.parquet
[14:38:24] tick 218  + 420 rows  (361 ms)  ws_cov=708  → live_eth.parquet
[14:38:25] tick 219  + 419 rows  (302 ms)  ws_cov=708  → live_eth.parquet
[14:38:26] tick 220  + 420 rows  (380 ms)  ws_cov=708  → live_eth.parquet
[14:38:27] tick 221  + 419 rows  (378 ms)  ws_cov=708  → live_eth.parquet
[14:38:28] tick 222  + 419 rows  (327 ms)  ws_cov=708  → live_eth.parquet
[14:38:29] tick 223  + 419 rows  (370 ms)  ws_cov=708  → live_eth.parquet
[14:38:30] tick 224  + 419 rows  (405 ms)  ws_cov=708  → live_eth.parquet
[14:38:31] tick 225  + 419 rows  (385 ms)  ws_cov=708  → live_eth.parquet
[14:38:32] tick 226  + 420 rows  (397 ms)  ws_cov=708  → live_eth.parquet
[14:38:33] tick 227  + 419 rows  (339 ms)  ws_cov=708  → live_eth.parquet
[14:38:34] tick 228  + 419 rows  (400 ms)  ws_cov=708  → live_eth.parquet
[14:38:35] tick 229  + 419 rows  (380 ms)  ws_cov=708  → live_eth.parquet
[14:38:36] tick 230  + 419 rows  (338 ms)  ws_cov=708  → live_eth.parquet
[14:38:37] tick 231  + 418 rows  (430 ms)  ws_cov=708  → live_eth.parquet
[14:38:38] tick 232  + 419 rows  (465 ms)  ws_cov=708  → live_eth.parquet
[14:38:39] tick 233  + 419 rows  (457 ms)  ws_cov=708  → live_eth.parquet
[14:38:40] tick 234  + 419 rows  (430 ms)  ws_cov=708  → live_eth.parquet
[14:38:41] tick 235  + 419 rows  (337 ms)  ws_cov=708  → live_eth.parquet
[14:38:42] tick 236  + 419 rows  (470 ms)  ws_cov=708  → live_eth.parquet
[14:38:43] tick 237  + 418 rows  (374 ms)  ws_cov=708  → live_eth.parquet
[14:38:44] tick 238  + 418 rows  (377 ms)  ws_cov=708  → live_eth.parquet
[14:38:45] tick 239  + 417 rows  (433 ms)  ws_cov=708  → live_eth.parquet
[14:38:46] tick 240  + 417 rows  (409 ms)  ws_cov=708  → live_eth.parquet
[14:38:47] tick 241  + 417 rows  (351 ms)  ws_cov=708  → live_eth.parquet
[14:38:48] tick 242  + 418 rows  (405 ms)  ws_cov=708  → live_eth.parquet
[14:38:49] tick 243  + 418 rows  (401 ms)  ws_cov=708  → live_eth.parquet
[14:38:50] tick 244  + 418 rows  (326 ms)  ws_cov=708  → live_eth.parquet
[14:38:51] tick 245  + 421 rows  (456 ms)  ws_cov=708  → live_eth.parquet
[14:38:52] tick 246  + 421 rows  (400 ms)  ws_cov=708  → live_eth.parquet
[14:38:53] tick 247  + 440 rows  (390 ms)  ws_cov=708  → live_eth.parquet
[14:38:54] tick 248  + 440 rows  (371 ms)  ws_cov=708  → live_eth.parquet
[14:38:55] tick 249  + 441 rows  (445 ms)  ws_cov=708  → live_eth.parquet
[14:38:56] tick 250  + 441 rows  (401 ms)  ws_cov=708  → live_eth.parquet
[14:38:57] tick 251  + 441 rows  (385 ms)  ws_cov=708  → live_eth.parquet
[14:38:58] tick 252  + 441 rows  (346 ms)  ws_cov=708  → live_eth.parquet
[14:38:59] tick 253  + 441 rows  (378 ms)  ws_cov=708  → live_eth.parquet
[14:39:00] tick 254  + 441 rows  (377 ms)  ws_cov=708  → live_eth.parquet
[14:39:01] tick 255  + 440 rows  (473 ms)  ws_cov=708  → live_eth.parquet
[14:39:02] tick 256  + 440 rows  (432 ms)  ws_cov=708  → live_eth.parquet
[14:39:03] tick 257  + 440 rows  (424 ms)  ws_cov=708  → live_eth.parquet
[14:39:04] tick 258  + 441 rows  (399 ms)  ws_cov=708  → live_eth.parquet
[14:39:05] tick 259  + 440 rows  (393 ms)  ws_cov=708  → live_eth.parquet
[14:39:06] tick 260  + 440 rows  (409 ms)  ws_cov=708  → live_eth.parquet
[14:39:07] tick 261  + 441 rows  (412 ms)  ws_cov=708  → live_eth.parquet
[14:39:09] tick 262  + 441 rows  (511 ms)  ws_cov=708  → live_eth.parquet
[14:39:09] tick 263  + 441 rows  (417 ms)  ws_cov=708  → live_eth.parquet
[14:39:10] tick 264  + 441 rows  (389 ms)  ws_cov=708  → live_eth.parquet
[14:39:11] tick 265  + 440 rows  (412 ms)  ws_cov=708  → live_eth.parquet
[14:39:12] tick 266  + 440 rows  (458 ms)  ws_cov=708  → live_eth.parquet
[14:39:14] tick 267  + 440 rows  (520 ms)  ws_cov=708  → live_eth.parquet
[14:39:14] tick 268  + 440 rows  (443 ms)  ws_cov=708  → live_eth.parquet
[14:39:15] tick 269  + 440 rows  (392 ms)  ws_cov=708  → live_eth.parquet
[14:39:16] tick 270  + 440 rows  (457 ms)  ws_cov=708  → live_eth.parquet
[14:39:17] tick 271  + 440 rows  (383 ms)  ws_cov=708  → live_eth.parquet
[14:39:18] tick 272  + 440 rows  (394 ms)  ws_cov=708  → live_eth.parquet
[14:39:20] tick 273  + 439 rows  (461 ms)  ws_cov=708  → live_eth.parquet
[14:39:20] tick 274  + 439 rows  (440 ms)  ws_cov=708  → live_eth.parquet
[14:39:21] tick 275  + 439 rows  (364 ms)  ws_cov=708  → live_eth.parquet
[14:39:22] tick 276  + 439 rows  (418 ms)  ws_cov=708  → live_eth.parquet
[14:39:23] tick 277  + 440 rows  (368 ms)  ws_cov=708  → live_eth.parquet
[14:39:25] tick 278  + 439 rows  (518 ms)  ws_cov=708  → live_eth.parquet
[14:39:26] tick 279  + 440 rows  (443 ms)  ws_cov=708  → live_eth.parquet
[14:39:26] tick 280  + 440 rows  (352 ms)  ws_cov=708  → live_eth.parquet
[14:39:27] tick 281  + 439 rows  (393 ms)  ws_cov=708  → live_eth.parquet
[14:39:28] tick 282  + 440 rows  (335 ms)  ws_cov=708  → live_eth.parquet
[14:39:30] tick 283  + 440 rows  (575 ms)  ws_cov=708  → live_eth.parquet
[14:39:31] tick 284  + 440 rows  (449 ms)  ws_cov=708  → live_eth.parquet
[14:39:32] tick 285  + 439 rows  (459 ms)  ws_cov=708  → live_eth.parquet
[14:39:33] tick 286  + 440 rows  (437 ms)  ws_cov=708  → live_eth.parquet
[14:39:33] tick 287  + 440 rows  (401 ms)  ws_cov=708  → live_eth.parquet
[14:39:35] tick 288  + 440 rows  (484 ms)  ws_cov=708  → live_eth.parquet
[14:39:36] tick 289  + 439 rows  (424 ms)  ws_cov=708  → live_eth.parquet
[14:39:37] tick 290  + 441 rows  (458 ms)  ws_cov=708  → live_eth.parquet
[14:39:38] tick 291  + 441 rows  (408 ms)  ws_cov=708  → live_eth.parquet
[14:39:39] tick 292  + 441 rows  (478 ms)  ws_cov=708  → live_eth.parquet
[14:39:39] tick 293  + 441 rows  (378 ms)  ws_cov=708  → live_eth.parquet
[14:39:41] tick 294  + 441 rows  (404 ms)  ws_cov=708  → live_eth.parquet
[14:39:42] tick 295  + 440 rows  (411 ms)  ws_cov=708  → live_eth.parquet
[14:39:43] tick 296  + 440 rows  (554 ms)  ws_cov=708  → live_eth.parquet
[14:39:44] tick 297  + 441 rows  (459 ms)  ws_cov=708  → live_eth.parquet
[14:39:45] tick 298  + 442 rows  (514 ms)  ws_cov=708  → live_eth.parquet
[14:39:46] tick 299  + 442 rows  (439 ms)  ws_cov=708  → live_eth.parquet
[14:39:47] tick 300  + 442 rows  (433 ms)  ws_cov=708  → live_eth.parquet
[14:39:48] tick 301  + 442 rows  (513 ms)  ws_cov=708  → live_eth.parquet
[14:39:49] tick 302  + 442 rows  (479 ms)  ws_cov=708  → live_eth.parquet
[14:39:50] tick 303  + 442 rows  (434 ms)  ws_cov=708  → live_eth.parquet
[14:39:51] tick 304  + 442 rows  (558 ms)  ws_cov=708  → live_eth.parquet
[14:39:52] tick 305  + 443 rows  (540 ms)  ws_cov=708  → live_eth.parquet
[14:39:53] tick 306  + 443 rows  (415 ms)  ws_cov=708  → live_eth.parquet
[14:39:54] tick 307  + 443 rows  (345 ms)  ws_cov=708  → live_eth.parquet
[14:39:55] tick 308  + 443 rows  (551 ms)  ws_cov=708  → live_eth.parquet
[14:39:56] tick 309  + 441 rows  (512 ms)  ws_cov=708  → live_eth.parquet
[14:39:57] tick 310  + 443 rows  (465 ms)  ws_cov=708  → live_eth.parquet
[14:39:58] tick 311  + 443 rows  (361 ms)  ws_cov=708  → live_eth.parquet
[14:39:59] tick 312  + 443 rows  (430 ms)  ws_cov=708  → live_eth.parquet
[14:40:00] tick 313  + 442 rows  (497 ms)  ws_cov=708  → live_eth.parquet
[14:40:01] tick 314  + 442 rows  (418 ms)  ws_cov=708  → live_eth.parquet
[14:40:02] tick 315  + 443 rows  (549 ms)  ws_cov=708  → live_eth.parquet
[14:40:03] tick 316  + 443 rows  (506 ms)  ws_cov=708  → live_eth.parquet
[14:40:04] tick 317  + 443 rows  (462 ms)  ws_cov=708  → live_eth.parquet
[14:40:05] tick 318  + 444 rows  (614 ms)  ws_cov=708  → live_eth.parquet
[14:40:06] tick 319  + 443 rows  (460 ms)  ws_cov=708  → live_eth.parquet
[14:40:07] tick 320  + 443 rows  (366 ms)  ws_cov=708  → live_eth.parquet
[14:40:08] tick 321  + 443 rows  (530 ms)  ws_cov=708  → live_eth.parquet
[14:40:09] tick 322  + 444 rows  (571 ms)  ws_cov=708  → live_eth.parquet
[14:40:10] tick 323  + 444 rows  (452 ms)  ws_cov=708  → live_eth.parquet
[14:40:11] tick 324  + 444 rows  (537 ms)  ws_cov=708  → live_eth.parquet
[14:40:12] tick 325  + 444 rows  (462 ms)  ws_cov=708  → live_eth.parquet
[14:40:13] tick 326  + 444 rows  (400 ms)  ws_cov=708  → live_eth.parquet
[14:40:14] tick 327  + 444 rows  (621 ms)  ws_cov=708  → live_eth.parquet
[14:40:15] tick 328  + 445 rows  (487 ms)  ws_cov=708  → live_eth.parquet
[14:40:16] tick 329  + 446 rows  (523 ms)  ws_cov=708  → live_eth.parquet
[14:40:17] tick 330  + 446 rows  (467 ms)  ws_cov=708  → live_eth.parquet
[14:40:18] tick 331  + 446 rows  (492 ms)  ws_cov=708  → live_eth.parquet
[14:40:19] tick 332  + 447 rows  (472 ms)  ws_cov=708  → live_eth.parquet
[14:40:20] tick 333  + 447 rows  (465 ms)  ws_cov=708  → live_eth.parquet
[14:40:21] tick 334  + 447 rows  (607 ms)  ws_cov=708  → live_eth.parquet
[14:40:22] tick 335  + 447 rows  (531 ms)  ws_cov=708  → live_eth.parquet
[14:40:23] tick 336  + 446 rows  (525 ms)  ws_cov=708  → live_eth.parquet
[14:40:24] tick 337  + 446 rows  (455 ms)  ws_cov=708  → live_eth.parquet
[14:40:25] tick 338  + 447 rows  (400 ms)  ws_cov=708  → live_eth.parquet
[14:40:26] tick 339  + 447 rows  (432 ms)  ws_cov=708  → live_eth.parquet
[14:40:27] tick 340  + 447 rows  (462 ms)  ws_cov=708  → live_eth.parquet
[14:40:28] tick 341  + 447 rows  (466 ms)  ws_cov=708  → live_eth.parquet
[14:40:29] tick 342  + 447 rows  (511 ms)  ws_cov=708  → live_eth.parquet
[14:40:30] tick 343  + 446 rows  (494 ms)  ws_cov=708  → live_eth.parquet
[14:40:31] tick 344  + 446 rows  (462 ms)  ws_cov=708  → live_eth.parquet
[14:40:32] tick 345  + 446 rows  (521 ms)  ws_cov=708  → live_eth.parquet
[14:40:33] tick 346  + 446 rows  (478 ms)  ws_cov=708  → live_eth.parquet
[14:40:34] tick 347  + 446 rows  (487 ms)  ws_cov=708  → live_eth.parquet
[14:40:35] tick 348  + 446 rows  (487 ms)  ws_cov=708  → live_eth.parquet
[14:40:36] tick 349  + 447 rows  (559 ms)  ws_cov=708  → live_eth.parquet
[14:40:37] tick 350  + 448 rows  (427 ms)  ws_cov=708  → live_eth.parquet
[14:40:38] tick 351  + 449 rows  (636 ms)  ws_cov=708  → live_eth.parquet
[14:40:39] tick 352  + 448 rows  (613 ms)  ws_cov=708  → live_eth.parquet
[14:40:40] tick 353  + 448 rows  (409 ms)  ws_cov=708  → live_eth.parquet
[14:40:41] tick 354  + 449 rows  (445 ms)  ws_cov=708  → live_eth.parquet
[14:40:42] tick 355  + 449 rows  (474 ms)  ws_cov=708  → live_eth.parquet
[14:40:43] tick 356  + 448 rows  (480 ms)  ws_cov=708  → live_eth.parquet
[14:40:44] tick 357  + 448 rows  (509 ms)  ws_cov=708  → live_eth.parquet
[14:40:45] tick 358  + 447 rows  (462 ms)  ws_cov=708  → live_eth.parquet
[14:40:46] tick 359  + 447 rows  (450 ms)  ws_cov=708  → live_eth.parquet
[14:40:47] tick 360  + 447 rows  (638 ms)  ws_cov=708  → live_eth.parquet
[14:40:48] tick 361  + 448 rows  (512 ms)  ws_cov=708  → live_eth.parquet
[14:40:49] tick 362  + 447 rows  (526 ms)  ws_cov=708  → live_eth.parquet
[14:40:50] tick 363  + 447 rows  (503 ms)  ws_cov=708  → live_eth.parquet
[14:40:51] tick 364  + 448 rows  (514 ms)  ws_cov=708  → live_eth.parquet
[14:40:52] tick 365  + 448 rows  (524 ms)  ws_cov=708  → live_eth.parquet
[14:40:53] tick 366  + 449 rows  (594 ms)  ws_cov=708  → live_eth.parquet
[14:40:54] tick 367  + 449 rows  (621 ms)  ws_cov=708  → live_eth.parquet
[14:40:55] tick 368  + 449 rows  (555 ms)  ws_cov=708  → live_eth.parquet
[14:40:56] tick 369  + 449 rows  (536 ms)  ws_cov=708  → live_eth.parquet
[14:40:57] tick 370  + 449 rows  (470 ms)  ws_cov=708  → live_eth.parquet
[14:40:58] tick 371  + 450 rows  (561 ms)  ws_cov=708  → live_eth.parquet
[14:40:59] tick 372  + 450 rows  (405 ms)  ws_cov=708  → live_eth.parquet
[14:41:00] tick 373  + 450 rows  (549 ms)  ws_cov=708  → live_eth.parquet
[14:41:01] tick 374  + 450 rows  (517 ms)  ws_cov=708  → live_eth.parquet
[14:41:02] tick 375  + 451 rows  (515 ms)  ws_cov=708  → live_eth.parquet
[14:41:03] tick 376  + 451 rows  (542 ms)  ws_cov=708  → live_eth.parquet
[14:41:04] tick 377  + 452 rows  (479 ms)  ws_cov=708  → live_eth.parquet
[14:41:05] tick 378  + 453 rows  (497 ms)  ws_cov=708  → live_eth.parquet
[14:41:06] tick 379  + 454 rows  (542 ms)  ws_cov=708  → live_eth.parquet
[14:41:07] tick 380  + 456 rows  (503 ms)  ws_cov=708  → live_eth.parquet
[14:41:08] tick 381  + 456 rows  (506 ms)  ws_cov=708  → live_eth.parquet
[14:41:09] tick 382  + 456 rows  (491 ms)  ws_cov=708  → live_eth.parquet
[14:41:10] tick 383  + 456 rows  (479 ms)  ws_cov=708  → live_eth.parquet
[14:41:11] tick 384  + 456 rows  (534 ms)  ws_cov=708  → live_eth.parquet
[14:41:12] tick 385  + 457 rows  (508 ms)  ws_cov=708  → live_eth.parquet
[14:41:13] tick 386  + 458 rows  (540 ms)  ws_cov=708  → live_eth.parquet
[14:41:14] tick 387  + 459 rows  (580 ms)  ws_cov=708  → live_eth.parquet
[14:41:15] tick 388  + 458 rows  (515 ms)  ws_cov=708  → live_eth.parquet
[14:41:16] tick 389  + 458 rows  (519 ms)  ws_cov=708  → live_eth.parquet
[14:41:17] tick 390  + 456 rows  (557 ms)  ws_cov=708  → live_eth.parquet
[14:41:18] tick 391  + 457 rows  (619 ms)  ws_cov=708  → live_eth.parquet
[14:41:19] tick 392  + 459 rows  (589 ms)  ws_cov=708  → live_eth.parquet
[14:41:20] tick 393  + 459 rows  (811 ms)  ws_cov=708  → live_eth.parquet
[14:41:21] tick 394  + 458 rows  (640 ms)  ws_cov=708  → live_eth.parquet
[14:41:22] tick 395  + 458 rows  (661 ms)  ws_cov=708  → live_eth.parquet
[14:41:23] tick 396  + 460 rows  (586 ms)  ws_cov=708  → live_eth.parquet
[14:41:24] tick 397  + 460 rows  (622 ms)  ws_cov=708  → live_eth.parquet
[14:41:25] tick 398  + 460 rows  (488 ms)  ws_cov=708  → live_eth.parquet
[14:41:26] tick 399  + 460 rows  (625 ms)  ws_cov=708  → live_eth.parquet
[14:41:27] tick 400  + 458 rows  (462 ms)  ws_cov=708  → live_eth.parquet
[14:41:28] tick 401  + 458 rows  (483 ms)  ws_cov=708  → live_eth.parquet
[14:41:29] tick 402  + 458 rows  (420 ms)  ws_cov=708  → live_eth.parquet
[14:41:30] tick 403  + 458 rows  (547 ms)  ws_cov=708  → live_eth.parquet
[14:41:31] tick 404  + 458 rows  (517 ms)  ws_cov=708  → live_eth.parquet
[14:41:32] tick 405  + 458 rows  (478 ms)  ws_cov=708  → live_eth.parquet
[14:41:33] tick 406  + 457 rows  (515 ms)  ws_cov=708  → live_eth.parquet
[14:41:34] tick 407  + 457 rows  (492 ms)  ws_cov=708  → live_eth.parquet
[14:41:35] tick 408  + 457 rows  (604 ms)  ws_cov=708  → live_eth.parquet
[14:41:36] tick 409  + 457 rows  (494 ms)  ws_cov=708  → live_eth.parquet
[14:41:37] tick 410  + 458 rows  (454 ms)  ws_cov=708  → live_eth.parquet
[14:41:38] tick 411  + 459 rows  (456 ms)  ws_cov=708  → live_eth.parquet
[14:41:40] tick 412  + 459 rows  (1292 ms)  ws_cov=708  → live_eth.parquet
[14:41:40] tick 413  + 459 rows  (499 ms)  ws_cov=708  → live_eth.parquet
[14:41:41] tick 414  + 461 rows  (454 ms)  ws_cov=708  → live_eth.parquet
[14:41:42] tick 415  + 461 rows  (520 ms)  ws_cov=708  → live_eth.parquet
[14:41:43] tick 416  + 461 rows  (530 ms)  ws_cov=708  → live_eth.parquet
[14:41:45] tick 417  + 461 rows  (980 ms)  ws_cov=708  → live_eth.parquet
[14:41:46] tick 418  + 460 rows  (1241 ms)  ws_cov=708  → live_eth.parquet
[14:41:47] tick 419  + 459 rows  (749 ms)  ws_cov=708  → live_eth.parquet
[14:41:48] tick 420  + 459 rows  (978 ms)  ws_cov=708  → live_eth.parquet
[14:41:49] tick 421  + 459 rows  (394 ms)  ws_cov=708  → live_eth.parquet
[14:41:50] tick 422  + 460 rows  (515 ms)  ws_cov=708  → live_eth.parquet
[14:41:51] tick 423  + 460 rows  (485 ms)  ws_cov=708  → live_eth.parquet
[14:41:52] tick 424  + 458 rows  (542 ms)  ws_cov=708  → live_eth.parquet
[14:41:53] tick 425  + 458 rows  (416 ms)  ws_cov=708  → live_eth.parquet
[14:41:54] tick 426  + 458 rows  (393 ms)  ws_cov=708  → live_eth.parquet
[14:41:55] tick 427  + 458 rows  (422 ms)  ws_cov=708  → live_eth.parquet
[14:41:56] tick 428  + 459 rows  (464 ms)  ws_cov=708  → live_eth.parquet
[14:41:57] tick 429  + 459 rows  (531 ms)  ws_cov=708  → live_eth.parquet
[14:41:58] tick 430  + 459 rows  (548 ms)  ws_cov=708  → live_eth.parquet
[14:41:59] tick 431  + 459 rows  (509 ms)  ws_cov=708  → live_eth.parquet
[14:42:00] tick 432  + 459 rows  (578 ms)  ws_cov=708  → live_eth.parquet
[14:42:01] tick 433  + 460 rows  (499 ms)  ws_cov=708  → live_eth.parquet
[14:42:02] tick 434  + 460 rows  (555 ms)  ws_cov=708  → live_eth.parquet
[14:42:03] tick 435  + 459 rows  (505 ms)  ws_cov=708  → live_eth.parquet
[14:42:04] tick 436  + 459 rows  (407 ms)  ws_cov=708  → live_eth.parquet
[14:42:05] tick 437  + 459 rows  (504 ms)  ws_cov=708  → live_eth.parquet
[14:42:06] tick 438  + 458 rows  (399 ms)  ws_cov=708  → live_eth.parquet
[14:42:07] tick 439  + 458 rows  (436 ms)  ws_cov=708  → live_eth.parquet
[14:42:08] tick 440  + 458 rows  (478 ms)  ws_cov=708  → live_eth.parquet
[14:42:09] tick 441  + 457 rows  (454 ms)  ws_cov=708  → live_eth.parquet
[14:42:10] tick 442  + 459 rows  (487 ms)  ws_cov=708  → live_eth.parquet
[14:42:11] tick 443  + 460 rows  (501 ms)  ws_cov=708  → live_eth.parquet
[14:42:12] tick 444  + 461 rows  (419 ms)  ws_cov=708  → live_eth.parquet
[14:42:13] tick 445  + 461 rows  (491 ms)  ws_cov=708  → live_eth.parquet
[14:42:14] tick 446  + 461 rows  (477 ms)  ws_cov=708  → live_eth.parquet
[14:42:15] tick 447  + 461 rows  (581 ms)  ws_cov=708  → live_eth.parquet
[14:42:16] tick 448  + 460 rows  (506 ms)  ws_cov=708  → live_eth.parquet
[14:42:17] tick 449  + 460 rows  (479 ms)  ws_cov=708  → live_eth.parquet
[14:42:18] tick 450  + 459 rows  (544 ms)  ws_cov=708  → live_eth.parquet
[14:42:19] tick 451  + 459 rows  (483 ms)  ws_cov=708  → live_eth.parquet
[14:42:20] tick 452  + 459 rows  (489 ms)  ws_cov=708  → live_eth.parquet
[14:42:21] tick 453  + 459 rows  (508 ms)  ws_cov=708  → live_eth.parquet
[14:42:22] tick 454  + 457 rows  (563 ms)  ws_cov=708  → live_eth.parquet
[14:42:23] tick 455  + 458 rows  (552 ms)  ws_cov=708  → live_eth.parquet
[14:42:24] tick 456  + 458 rows  (635 ms)  ws_cov=708  → live_eth.parquet
[14:42:25] tick 457  + 458 rows  (501 ms)  ws_cov=708  → live_eth.parquet
[14:42:26] tick 458  + 454 rows  (501 ms)  ws_cov=708  → live_eth.parquet
[14:42:27] tick 459  + 456 rows  (423 ms)  ws_cov=708  → live_eth.parquet
[14:42:28] tick 460  + 456 rows  (483 ms)  ws_cov=708  → live_eth.parquet
[14:42:29] tick 461  + 456 rows  (479 ms)  ws_cov=708  → live_eth.parquet
[14:42:30] tick 462  + 456 rows  (567 ms)  ws_cov=708  → live_eth.parquet
[14:42:31] tick 463  + 457 rows  (444 ms)  ws_cov=708  → live_eth.parquet
[14:42:32] tick 464  + 457 rows  (545 ms)  ws_cov=708  → live_eth.parquet
[14:42:33] tick 465  + 457 rows  (554 ms)  ws_cov=708  → live_eth.parquet
[14:42:34] tick 466  + 455 rows  (496 ms)  ws_cov=708  → live_eth.parquet
[14:42:35] tick 467  + 455 rows  (479 ms)  ws_cov=708  → live_eth.parquet
[14:42:36] tick 468  + 454 rows  (420 ms)  ws_cov=708  → live_eth.parquet
[14:42:37] tick 469  + 454 rows  (542 ms)  ws_cov=708  → live_eth.parquet
[14:42:38] tick 470  + 454 rows  (480 ms)  ws_cov=708  → live_eth.parquet
[14:42:39] tick 471  + 455 rows  (434 ms)  ws_cov=708  → live_eth.parquet
[14:42:40] tick 472  + 455 rows  (478 ms)  ws_cov=708  → live_eth.parquet
[14:42:41] tick 473  + 456 rows  (497 ms)  ws_cov=708  → live_eth.parquet
[14:42:42] tick 474  + 456 rows  (480 ms)  ws_cov=708  → live_eth.parquet
[14:42:43] tick 475  + 456 rows  (569 ms)  ws_cov=708  → live_eth.parquet
[14:42:44] tick 476  + 456 rows  (455 ms)  ws_cov=708  → live_eth.parquet
[14:42:45] tick 477  + 456 rows  (505 ms)  ws_cov=708  → live_eth.parquet
[14:42:46] tick 478  + 455 rows  (542 ms)  ws_cov=708  → live_eth.parquet
[14:42:47] tick 479  + 455 rows  (483 ms)  ws_cov=708  → live_eth.parquet
[14:42:48] tick 480  + 454 rows  (393 ms)  ws_cov=708  → live_eth.parquet
[14:42:49] tick 481  + 454 rows  (482 ms)  ws_cov=708  → live_eth.parquet
[14:42:50] tick 482  + 455 rows  (523 ms)  ws_cov=708  → live_eth.parquet
[14:42:51] tick 483  + 455 rows  (508 ms)  ws_cov=708  → live_eth.parquet
[14:42:52] tick 484  + 455 rows  (507 ms)  ws_cov=708  → live_eth.parquet
[14:42:53] tick 485  + 455 rows  (571 ms)  ws_cov=708  → live_eth.parquet
[14:42:54] tick 486  + 455 rows  (473 ms)  ws_cov=708  → live_eth.parquet
[14:42:55] tick 487  + 455 rows  (544 ms)  ws_cov=708  → live_eth.parquet
[14:42:56] tick 488  + 455 rows  (436 ms)  ws_cov=708  → live_eth.parquet
[14:42:57] tick 489  + 457 rows  (494 ms)  ws_cov=708  → live_eth.parquet
[14:42:58] tick 490  + 456 rows  (536 ms)  ws_cov=708  → live_eth.parquet
[14:42:59] tick 491  + 456 rows  (554 ms)  ws_cov=708  → live_eth.parquet
[14:43:00] tick 492  + 455 rows  (605 ms)  ws_cov=708  → live_eth.parquet
[14:43:01] tick 493  + 455 rows  (481 ms)  ws_cov=708  → live_eth.parquet
[14:43:02] tick 494  + 456 rows  (512 ms)  ws_cov=708  → live_eth.parquet
[14:43:03] tick 495  + 456 rows  (508 ms)  ws_cov=708  → live_eth.parquet
[14:43:04] tick 496  + 456 rows  (463 ms)  ws_cov=708  → live_eth.parquet
[14:43:05] tick 497  + 457 rows  (494 ms)  ws_cov=708  → live_eth.parquet
[14:43:06] tick 498  + 457 rows  (596 ms)  ws_cov=708  → live_eth.parquet
[14:43:07] tick 499  + 457 rows  (510 ms)  ws_cov=708  → live_eth.parquet
[14:43:08] tick 500  + 457 rows  (527 ms)  ws_cov=708  → live_eth.parquet
[14:43:09] tick 501  + 457 rows  (496 ms)  ws_cov=708  → live_eth.parquet
[14:43:10] tick 502  + 457 rows  (526 ms)  ws_cov=708  → live_eth.parquet
[14:43:11] tick 503  + 457 rows  (576 ms)  ws_cov=708  → live_eth.parquet
[14:43:12] tick 504  + 456 rows  (516 ms)  ws_cov=708  → live_eth.parquet
[14:43:13] tick 505  + 457 rows  (436 ms)  ws_cov=708  → live_eth.parquet
[14:43:14] tick 506  + 457 rows  (471 ms)  ws_cov=708  → live_eth.parquet
[14:43:15] tick 507  + 457 rows  (569 ms)  ws_cov=708  → live_eth.parquet
[14:43:16] tick 508  + 456 rows  (593 ms)  ws_cov=708  → live_eth.parquet
[14:43:17] tick 509  + 456 rows  (539 ms)  ws_cov=708  → live_eth.parquet
[14:43:19] tick 510  + 456 rows  (619 ms)  ws_cov=708  → live_eth.parquet
[14:43:19] tick 511  + 456 rows  (502 ms)  ws_cov=708  → live_eth.parquet
[14:43:21] tick 512  + 456 rows  (667 ms)  ws_cov=708  → live_eth.parquet
[14:43:21] tick 513  + 456 rows  (463 ms)  ws_cov=708  → live_eth.parquet
[14:43:23] tick 514  + 456 rows  (663 ms)  ws_cov=708  → live_eth.parquet
[14:43:23] tick 515  + 456 rows  (511 ms)  ws_cov=708  → live_eth.parquet
[14:43:25] tick 516  + 456 rows  (633 ms)  ws_cov=708  → live_eth.parquet
[14:43:26] tick 517  + 456 rows  (578 ms)  ws_cov=708  → live_eth.parquet
[14:43:27] tick 518  + 456 rows  (603 ms)  ws_cov=708  → live_eth.parquet
[14:43:27] tick 519  + 456 rows  (483 ms)  ws_cov=708  → live_eth.parquet
[14:43:29] tick 520  + 457 rows  (682 ms)  ws_cov=708  → live_eth.parquet
[14:43:29] tick 521  + 457 rows  (497 ms)  ws_cov=708  → live_eth.parquet
[14:43:31] tick 522  + 458 rows  (576 ms)  ws_cov=708  → live_eth.parquet
[14:43:32] tick 523  + 458 rows  (693 ms)  ws_cov=708  → live_eth.parquet
[14:43:33] tick 524  + 458 rows  (654 ms)  ws_cov=708  → live_eth.parquet
[14:43:34] tick 525  + 458 rows  (603 ms)  ws_cov=708  → live_eth.parquet
[14:43:35] tick 526  + 458 rows  (528 ms)  ws_cov=708  → live_eth.parquet
[14:43:35] tick 527  + 458 rows  (493 ms)  ws_cov=708  → live_eth.parquet
[14:43:37] tick 528  + 458 rows  (695 ms)  ws_cov=708  → live_eth.parquet
[14:43:38] tick 529  + 458 rows  (731 ms)  ws_cov=708  → live_eth.parquet
[14:43:39] tick 530  + 458 rows  (741 ms)  ws_cov=708  → live_eth.parquet
[14:43:40] tick 531  + 458 rows  (507 ms)  ws_cov=708  → live_eth.parquet
[14:43:41] tick 532  + 459 rows  (568 ms)  ws_cov=708  → live_eth.parquet
[14:43:42] tick 533  + 459 rows  (557 ms)  ws_cov=708  → live_eth.parquet
[14:43:43] tick 534  + 460 rows  (587 ms)  ws_cov=708  → live_eth.parquet
[14:43:44] tick 535  + 461 rows  (593 ms)  ws_cov=708  → live_eth.parquet
[14:43:45] tick 536  + 461 rows  (609 ms)  ws_cov=708  → live_eth.parquet
[14:43:46] tick 537  + 461 rows  (537 ms)  ws_cov=708  → live_eth.parquet
[14:43:47] tick 538  + 461 rows  (647 ms)  ws_cov=708  → live_eth.parquet
[14:43:48] tick 539  + 461 rows  (594 ms)  ws_cov=708  → live_eth.parquet
[14:43:49] tick 540  + 459 rows  (544 ms)  ws_cov=708  → live_eth.parquet
[14:43:50] tick 541  + 460 rows  (575 ms)  ws_cov=708  → live_eth.parquet
[14:43:51] tick 542  + 460 rows  (644 ms)  ws_cov=708  → live_eth.parquet
[14:43:52] tick 543  + 460 rows  (587 ms)  ws_cov=708  → live_eth.parquet
[14:43:53] tick 544  + 460 rows  (491 ms)  ws_cov=708  → live_eth.parquet
[14:43:54] tick 545  + 459 rows  (697 ms)  ws_cov=708  → live_eth.parquet
[14:43:55] tick 546  + 459 rows  (539 ms)  ws_cov=708  → live_eth.parquet
[14:43:56] tick 547  + 459 rows  (777 ms)  ws_cov=708  → live_eth.parquet
[14:43:57] tick 548  + 459 rows  (629 ms)  ws_cov=708  → live_eth.parquet
[14:43:58] tick 549  + 459 rows  (581 ms)  ws_cov=708  → live_eth.parquet
[14:43:59] tick 550  + 458 rows  (609 ms)  ws_cov=708  → live_eth.parquet
[14:44:00] tick 551  + 458 rows  (609 ms)  ws_cov=708  → live_eth.parquet
[14:44:01] tick 552  + 460 rows  (687 ms)  ws_cov=708  → live_eth.parquet
[14:44:02] tick 553  + 460 rows  (605 ms)  ws_cov=708  → live_eth.parquet
[14:44:03] tick 554  + 460 rows  (452 ms)  ws_cov=708  → live_eth.parquet
[14:44:04] tick 555  + 460 rows  (601 ms)  ws_cov=708  → live_eth.parquet
[14:44:05] tick 556  + 460 rows  (565 ms)  ws_cov=708  → live_eth.parquet
[14:44:06] tick 557  + 460 rows  (593 ms)  ws_cov=708  → live_eth.parquet
[14:44:07] tick 558  + 460 rows  (689 ms)  ws_cov=708  → live_eth.parquet
[14:44:08] tick 559  + 460 rows  (531 ms)  ws_cov=708  → live_eth.parquet
[14:44:09] tick 560  + 460 rows  (699 ms)  ws_cov=708  → live_eth.parquet
[14:44:10] tick 561  + 459 rows  (500 ms)  ws_cov=708  → live_eth.parquet
[14:44:11] tick 562  + 458 rows  (534 ms)  ws_cov=708  → live_eth.parquet
[14:44:12] tick 563  + 458 rows  (610 ms)  ws_cov=708  → live_eth.parquet
[14:44:13] tick 564  + 458 rows  (637 ms)  ws_cov=708  → live_eth.parquet
[14:44:14] tick 565  + 458 rows  (495 ms)  ws_cov=708  → live_eth.parquet
[14:44:15] tick 566  + 458 rows  (670 ms)  ws_cov=708  → live_eth.parquet
[14:44:16] tick 567  + 458 rows  (506 ms)  ws_cov=708  → live_eth.parquet
[14:44:17] tick 568  + 458 rows  (555 ms)  ws_cov=708  → live_eth.parquet
[14:44:18] tick 569  + 459 rows  (577 ms)  ws_cov=708  → live_eth.parquet
[14:44:19] tick 570  + 459 rows  (614 ms)  ws_cov=708  → live_eth.parquet
[14:44:20] tick 571  + 459 rows  (688 ms)  ws_cov=708  → live_eth.parquet
[14:44:21] tick 572  + 459 rows  (529 ms)  ws_cov=708  → live_eth.parquet
[14:44:22] tick 573  + 459 rows  (586 ms)  ws_cov=708  → live_eth.parquet
[14:44:23] tick 574  + 459 rows  (921 ms)  ws_cov=708  → live_eth.parquet
[14:44:24] tick 575  + 459 rows  (557 ms)  ws_cov=708  → live_eth.parquet
[14:44:25] tick 576  + 459 rows  (562 ms)  ws_cov=708  → live_eth.parquet
[14:44:26] tick 577  + 459 rows  (689 ms)  ws_cov=708  → live_eth.parquet
[14:44:27] tick 578  + 459 rows  (508 ms)  ws_cov=708  → live_eth.parquet
[14:44:28] tick 579  + 459 rows  (605 ms)  ws_cov=708  → live_eth.parquet
[14:44:29] tick 580  + 459 rows  (841 ms)  ws_cov=708  → live_eth.parquet
[14:44:30] tick 581  + 458 rows  (726 ms)  ws_cov=708  → live_eth.parquet
[14:44:31] tick 582  + 458 rows  (659 ms)  ws_cov=708  → live_eth.parquet
[14:44:32] tick 583  + 458 rows  (676 ms)  ws_cov=708  → live_eth.parquet
[14:44:33] tick 584  + 458 rows  (738 ms)  ws_cov=708  → live_eth.parquet
[14:44:34] tick 585  + 458 rows  (597 ms)  ws_cov=708  → live_eth.parquet
[14:44:35] tick 586  + 458 rows  (702 ms)  ws_cov=708  → live_eth.parquet
[14:44:36] tick 587  + 458 rows  (452 ms)  ws_cov=708  → live_eth.parquet
[14:44:37] tick 588  + 458 rows  (629 ms)  ws_cov=708  → live_eth.parquet
[14:44:38] tick 589  + 458 rows  (464 ms)  ws_cov=708  → live_eth.parquet
[14:44:39] tick 590  + 458 rows  (692 ms)  ws_cov=708  → live_eth.parquet
[14:44:40] tick 591  + 458 rows  (634 ms)  ws_cov=708  → live_eth.parquet
[14:44:41] tick 592  + 459 rows  (576 ms)  ws_cov=708  → live_eth.parquet
[14:44:42] tick 593  + 458 rows  (644 ms)  ws_cov=708  → live_eth.parquet
[14:44:43] tick 594  + 458 rows  (505 ms)  ws_cov=708  → live_eth.parquet
[14:44:44] tick 595  + 458 rows  (491 ms)  ws_cov=708  → live_eth.parquet
[14:44:45] tick 596  + 458 rows  (764 ms)  ws_cov=708  → live_eth.parquet
[14:44:46] tick 597  + 458 rows  (685 ms)  ws_cov=708  → live_eth.parquet
[14:44:47] tick 598  + 458 rows  (554 ms)  ws_cov=708  → live_eth.parquet
[14:44:48] tick 599  + 458 rows  (667 ms)  ws_cov=708  → live_eth.parquet
[14:44:49] tick 600  + 459 rows  (654 ms)  ws_cov=708  → live_eth.parquet
[14:44:50] tick 601  + 459 rows  (626 ms)  ws_cov=708  → live_eth.parquet
[14:44:51] tick 602  + 459 rows  (552 ms)  ws_cov=708  → live_eth.parquet
[14:44:52] tick 603  + 459 rows  (527 ms)  ws_cov=708  → live_eth.parquet
[14:44:53] tick 604  + 459 rows  (702 ms)  ws_cov=708  → live_eth.parquet
[14:44:54] tick 605  + 460 rows  (734 ms)  ws_cov=708  → live_eth.parquet
[14:44:55] tick 606  + 459 rows  (672 ms)  ws_cov=708  → live_eth.parquet
[14:44:56] tick 607  + 459 rows  (614 ms)  ws_cov=708  → live_eth.parquet
[14:44:57] tick 608  + 460 rows  (599 ms)  ws_cov=708  → live_eth.parquet
[14:44:58] tick 609  + 459 rows  (741 ms)  ws_cov=708  → live_eth.parquet
[14:44:59] tick 610  + 459 rows  (674 ms)  ws_cov=708  → live_eth.parquet
[14:45:00] tick 611  + 460 rows  (510 ms)  ws_cov=708  → live_eth.parquet
[14:45:01] tick 612  + 460 rows  (494 ms)  ws_cov=708  → live_eth.parquet
[14:45:02] tick 613  + 460 rows  (652 ms)  ws_cov=708  → live_eth.parquet
[14:45:03] tick 614  + 461 rows  (650 ms)  ws_cov=708  → live_eth.parquet
[14:45:04] tick 615  + 460 rows  (608 ms)  ws_cov=708  → live_eth.parquet
[14:45:05] tick 616  + 460 rows  (562 ms)  ws_cov=708  → live_eth.parquet
[14:45:06] tick 617  + 461 rows  (597 ms)  ws_cov=708  → live_eth.parquet
[14:45:07] tick 618  + 461 rows  (666 ms)  ws_cov=708  → live_eth.parquet
[14:45:08] tick 619  + 461 rows  (741 ms)  ws_cov=708  → live_eth.parquet
[14:45:09] tick 620  + 461 rows  (706 ms)  ws_cov=708  → live_eth.parquet
[14:45:11] tick 621  + 460 rows  (781 ms)  ws_cov=708  → live_eth.parquet
[14:45:12] tick 622  + 461 rows  (755 ms)  ws_cov=708  → live_eth.parquet
[14:45:12] tick 623  + 461 rows  (713 ms)  ws_cov=708  → live_eth.parquet
[14:45:13] tick 624  + 461 rows  (682 ms)  ws_cov=708  → live_eth.parquet
[14:45:14] tick 625  + 463 rows  (574 ms)  ws_cov=708  → live_eth.parquet
[14:45:15] tick 626  + 463 rows  (495 ms)  ws_cov=708  → live_eth.parquet
[14:45:16] tick 627  + 462 rows  (585 ms)  ws_cov=708  → live_eth.parquet
[14:45:17] tick 628  + 462 rows  (679 ms)  ws_cov=708  → live_eth.parquet
[14:45:18] tick 629  + 461 rows  (683 ms)  ws_cov=708  → live_eth.parquet
[14:45:19] tick 630  + 461 rows  (612 ms)  ws_cov=708  → live_eth.parquet
[14:45:20] tick 631  + 461 rows  (605 ms)  ws_cov=708  → live_eth.parquet
[14:45:22] tick 632  + 461 rows  (815 ms)  ws_cov=708  → live_eth.parquet
[14:45:23] tick 633  + 461 rows  (740 ms)  ws_cov=708  → live_eth.parquet
[14:45:24] tick 634  + 462 rows  (787 ms)  ws_cov=708  → live_eth.parquet
[14:45:24] tick 635  + 462 rows  (627 ms)  ws_cov=708  → live_eth.parquet
[14:45:25] tick 636  + 462 rows  (593 ms)  ws_cov=708  → live_eth.parquet
[14:45:27] tick 637  + 462 rows  (709 ms)  ws_cov=708  → live_eth.parquet
[14:45:28] tick 638  + 463 rows  (674 ms)  ws_cov=708  → live_eth.parquet
[14:45:29] tick 639  + 461 rows  (737 ms)  ws_cov=708  → live_eth.parquet
[14:45:29] tick 640  + 461 rows  (596 ms)  ws_cov=708  → live_eth.parquet
[14:45:31] tick 641  + 461 rows  (707 ms)  ws_cov=708  → live_eth.parquet
[14:45:32] tick 642  + 461 rows  (612 ms)  ws_cov=708  → live_eth.parquet
[14:45:33] tick 643  + 461 rows  (711 ms)  ws_cov=708  → live_eth.parquet
[14:45:34] tick 644  + 461 rows  (660 ms)  ws_cov=708  → live_eth.parquet
[14:45:35] tick 645  + 461 rows  (698 ms)  ws_cov=708  → live_eth.parquet
[14:45:36] tick 646  + 461 rows  (684 ms)  ws_cov=708  → live_eth.parquet
[14:45:37] tick 647  + 460 rows  (802 ms)  ws_cov=708  → live_eth.parquet
[14:45:38] tick 648  + 460 rows  (586 ms)  ws_cov=708  → live_eth.parquet
[14:45:39] tick 649  + 459 rows  (944 ms)  ws_cov=708  → live_eth.parquet
[14:45:40] tick 650  + 459 rows  (694 ms)  ws_cov=708  → live_eth.parquet
[14:45:41] tick 651  + 460 rows  (713 ms)  ws_cov=708  → live_eth.parquet
[14:45:42] tick 652  + 461 rows  (796 ms)  ws_cov=708  → live_eth.parquet
[14:45:43] tick 653  + 460 rows  (666 ms)  ws_cov=708  → live_eth.parquet
[14:45:44] tick 654  + 460 rows  (627 ms)  ws_cov=708  → live_eth.parquet
[14:45:45] tick 655  + 460 rows  (673 ms)  ws_cov=708  → live_eth.parquet
[14:45:46] tick 656  + 460 rows  (718 ms)  ws_cov=708  → live_eth.parquet
[14:45:47] tick 657  + 459 rows  (830 ms)  ws_cov=708  → live_eth.parquet
[14:45:48] tick 658  + 460 rows  (607 ms)  ws_cov=708  → live_eth.parquet
[14:45:49] tick 659  + 460 rows  (752 ms)  ws_cov=708  → live_eth.parquet
[14:45:50] tick 660  + 461 rows  (577 ms)  ws_cov=708  → live_eth.parquet
[14:45:51] tick 661  + 463 rows  (621 ms)  ws_cov=708  → live_eth.parquet
[14:45:52] tick 662  + 463 rows  (642 ms)  ws_cov=708  → live_eth.parquet
[14:45:53] tick 663  + 462 rows  (811 ms)  ws_cov=708  → live_eth.parquet
[14:45:54] tick 664  + 462 rows  (822 ms)  ws_cov=708  → live_eth.parquet
[14:45:55] tick 665  + 461 rows  (662 ms)  ws_cov=708  → live_eth.parquet
[14:45:56] tick 666  + 461 rows  (631 ms)  ws_cov=708  → live_eth.parquet
[14:45:57] tick 667  + 462 rows  (735 ms)  ws_cov=708  → live_eth.parquet
[14:45:58] tick 668  + 462 rows  (597 ms)  ws_cov=708  → live_eth.parquet
[14:45:59] tick 669  + 462 rows  (695 ms)  ws_cov=708  → live_eth.parquet
[14:46:00] tick 670  + 462 rows  (515 ms)  ws_cov=708  → live_eth.parquet
[14:46:01] tick 671  + 461 rows  (555 ms)  ws_cov=708  → live_eth.parquet
[14:46:02] tick 672  + 461 rows  (689 ms)  ws_cov=708  → live_eth.parquet
[14:46:03] tick 673  + 461 rows  (693 ms)  ws_cov=708  → live_eth.parquet
[14:46:04] tick 674  + 461 rows  (683 ms)  ws_cov=708  → live_eth.parquet
[14:46:05] tick 675  + 462 rows  (575 ms)  ws_cov=708  → live_eth.parquet
[14:46:06] tick 676  + 462 rows  (547 ms)  ws_cov=708  → live_eth.parquet
[14:46:07] tick 677  + 462 rows  (674 ms)  ws_cov=708  → live_eth.parquet
[14:46:08] tick 678  + 462 rows  (674 ms)  ws_cov=708  → live_eth.parquet
[14:46:09] tick 679  + 462 rows  (751 ms)  ws_cov=708  → live_eth.parquet
[14:46:10] tick 680  + 462 rows  (739 ms)  ws_cov=708  → live_eth.parquet
[14:46:11] tick 681  + 462 rows  (629 ms)  ws_cov=708  → live_eth.parquet
[14:46:12] tick 682  + 462 rows  (546 ms)  ws_cov=708  → live_eth.parquet
[14:46:13] tick 683  + 462 rows  (643 ms)  ws_cov=708  → live_eth.parquet
[14:46:14] tick 684  + 462 rows  (564 ms)  ws_cov=708  → live_eth.parquet
[14:46:15] tick 685  + 462 rows  (843 ms)  ws_cov=708  → live_eth.parquet
[14:46:16] tick 686  + 462 rows  (753 ms)  ws_cov=708  → live_eth.parquet
[14:46:17] tick 687  + 462 rows  (791 ms)  ws_cov=708  → live_eth.parquet
[14:46:18] tick 688  + 462 rows  (731 ms)  ws_cov=708  → live_eth.parquet
[14:46:19] tick 689  + 462 rows  (986 ms)  ws_cov=708  → live_eth.parquet
[14:46:20] tick 690  + 462 rows  (815 ms)  ws_cov=708  → live_eth.parquet
[14:46:21] tick 691  + 462 rows  (724 ms)  ws_cov=708  → live_eth.parquet
[14:46:22] tick 692  + 462 rows  (764 ms)  ws_cov=708  → live_eth.parquet
[14:46:23] tick 693  + 462 rows  (859 ms)  ws_cov=708  → live_eth.parquet
[14:46:24] tick 694  + 462 rows  (930 ms)  ws_cov=708  → live_eth.parquet
[14:46:25] tick 695  + 462 rows  (1106 ms)  ws_cov=708  → live_eth.parquet
[14:46:26] tick 696  + 461 rows  (722 ms)  ws_cov=708  → live_eth.parquet
[14:46:27] tick 697  + 461 rows  (731 ms)  ws_cov=708  → live_eth.parquet
[14:46:28] tick 698  + 461 rows  (734 ms)  ws_cov=708  → live_eth.parquet
[14:46:29] tick 699  + 461 rows  (888 ms)  ws_cov=708  → live_eth.parquet
[14:46:30] tick 700  + 460 rows  (994 ms)  ws_cov=708  → live_eth.parquet
[14:46:31] tick 701  + 460 rows  (764 ms)  ws_cov=708  → live_eth.parquet
[14:46:32] tick 702  + 462 rows  (834 ms)  ws_cov=708  → live_eth.parquet
[14:46:33] tick 703  + 462 rows  (856 ms)  ws_cov=708  → live_eth.parquet
[14:46:34] tick 704  + 461 rows  (795 ms)  ws_cov=708  → live_eth.parquet
[14:46:35] tick 705  + 461 rows  (717 ms)  ws_cov=708  → live_eth.parquet
[14:46:36] tick 706  + 460 rows  (720 ms)  ws_cov=708  → live_eth.parquet
[14:46:37] tick 707  + 460 rows  (634 ms)  ws_cov=708  → live_eth.parquet
[14:46:38] tick 708  + 460 rows  (782 ms)  ws_cov=708  → live_eth.parquet
[14:46:39] tick 709  + 460 rows  (730 ms)  ws_cov=708  → live_eth.parquet
[14:46:40] tick 710  + 459 rows  (705 ms)  ws_cov=708  → live_eth.parquet
[14:46:41] tick 711  + 460 rows  (864 ms)  ws_cov=708  → live_eth.parquet
[14:46:42] tick 712  + 460 rows  (745 ms)  ws_cov=708  → live_eth.parquet
[14:46:43] tick 713  + 460 rows  (844 ms)  ws_cov=708  → live_eth.parquet
[14:46:44] tick 714  + 459 rows  (702 ms)  ws_cov=708  → live_eth.parquet
[14:46:45] tick 715  + 459 rows  (779 ms)  ws_cov=708  → live_eth.parquet
[14:46:46] tick 716  + 459 rows  (748 ms)  ws_cov=708  → live_eth.parquet
[14:46:47] tick 717  + 460 rows  (831 ms)  ws_cov=708  → live_eth.parquet
[14:46:48] tick 718  + 460 rows  (704 ms)  ws_cov=708  → live_eth.parquet
[14:46:49] tick 719  + 460 rows  (823 ms)  ws_cov=708  → live_eth.parquet
[14:46:50] tick 720  + 461 rows  (836 ms)  ws_cov=708  → live_eth.parquet
[14:46:51] tick 721  + 461 rows  (739 ms)  ws_cov=708  → live_eth.parquet
[14:46:52] tick 722  + 460 rows  (848 ms)  ws_cov=708  → live_eth.parquet
[14:46:53] tick 723  + 460 rows  (780 ms)  ws_cov=708  → live_eth.parquet
[14:46:54] tick 724  + 460 rows  (690 ms)  ws_cov=708  → live_eth.parquet
[14:46:55] tick 725  + 460 rows  (819 ms)  ws_cov=708  → live_eth.parquet
[14:46:57] tick 726  + 459 rows  (883 ms)  ws_cov=708  → live_eth.parquet
[14:46:57] tick 727  + 459 rows  (723 ms)  ws_cov=708  → live_eth.parquet
[14:46:58] tick 728  + 460 rows  (809 ms)  ws_cov=708  → live_eth.parquet
[14:46:59] tick 729  + 460 rows  (804 ms)  ws_cov=708  → live_eth.parquet
[14:47:00] tick 730  + 459 rows  (704 ms)  ws_cov=708  → live_eth.parquet
[14:47:01] tick 731  + 459 rows  (719 ms)  ws_cov=708  → live_eth.parquet
[14:47:02] tick 732  + 461 rows  (726 ms)  ws_cov=708  → live_eth.parquet
[14:47:04] tick 733  + 461 rows  (796 ms)  ws_cov=708  → live_eth.parquet
[14:47:04] tick 734  + 460 rows  (689 ms)  ws_cov=708  → live_eth.parquet
[14:47:06] tick 735  + 460 rows  (804 ms)  ws_cov=708  → live_eth.parquet
[14:47:07] tick 736  + 460 rows  (820 ms)  ws_cov=708  → live_eth.parquet
[14:47:08] tick 737  + 460 rows  (824 ms)  ws_cov=708  → live_eth.parquet
[14:47:09] tick 738  + 460 rows  (803 ms)  ws_cov=708  → live_eth.parquet
[14:47:10] tick 739  + 460 rows  (818 ms)  ws_cov=708  → live_eth.parquet
[14:47:10] tick 740  + 460 rows  (731 ms)  ws_cov=708  → live_eth.parquet
[14:47:12] tick 741  + 460 rows  (763 ms)  ws_cov=708  → live_eth.parquet
[14:47:13] tick 742  + 460 rows  (760 ms)  ws_cov=708  → live_eth.parquet
[14:47:14] tick 743  + 460 rows  (730 ms)  ws_cov=708  → live_eth.parquet
[14:47:14] tick 744  + 460 rows  (714 ms)  ws_cov=708  → live_eth.parquet
[14:47:16] tick 745  + 460 rows  (755 ms)  ws_cov=708  → live_eth.parquet
[14:47:17] tick 746  + 460 rows  (743 ms)  ws_cov=708  → live_eth.parquet
[14:47:18] tick 747  + 461 rows  (760 ms)  ws_cov=708  → live_eth.parquet
[14:47:19] tick 748  + 461 rows  (757 ms)  ws_cov=708  → live_eth.parquet
[14:47:20] tick 749  + 461 rows  (858 ms)  ws_cov=708  → live_eth.parquet
[14:47:21] tick 750  + 460 rows  (996 ms)  ws_cov=708  → live_eth.parquet
[14:47:22] tick 751  + 460 rows  (1106 ms)  ws_cov=708  → live_eth.parquet
[14:47:23] tick 752  + 460 rows  (1007 ms)  ws_cov=708  → live_eth.parquet
[14:47:24] tick 753  + 460 rows  (875 ms)  ws_cov=708  → live_eth.parquet
[14:47:25] tick 754  + 459 rows  (931 ms)  ws_cov=708  → live_eth.parquet
[14:47:26] tick 755  + 459 rows  (837 ms)  ws_cov=708  → live_eth.parquet
[14:47:27] tick 756  + 458 rows  (1005 ms)  ws_cov=708  → live_eth.parquet
[14:47:28] tick 757  + 459 rows  (754 ms)  ws_cov=708  → live_eth.parquet
[14:47:29] tick 758  + 460 rows  (796 ms)  ws_cov=708  → live_eth.parquet
[14:47:30] tick 759  + 460 rows  (726 ms)  ws_cov=708  → live_eth.parquet
[14:47:31] tick 760  + 460 rows  (1082 ms)  ws_cov=708  → live_eth.parquet
[14:47:32] tick 761  + 460 rows  (920 ms)  ws_cov=708  → live_eth.parquet
[14:47:33] tick 762  + 460 rows  (753 ms)  ws_cov=708  → live_eth.parquet
[14:47:34] tick 763  + 460 rows  (1017 ms)  ws_cov=708  → live_eth.parquet
[14:47:35] tick 764  + 461 rows  (908 ms)  ws_cov=708  → live_eth.parquet
[14:47:36] tick 765  + 461 rows  (814 ms)  ws_cov=708  → live_eth.parquet
[14:47:37] tick 766  + 461 rows  (822 ms)  ws_cov=708  → live_eth.parquet
[14:47:38] tick 767  + 461 rows  (936 ms)  ws_cov=708  → live_eth.parquet
[14:47:39] tick 768  + 460 rows  (829 ms)  ws_cov=708  → live_eth.parquet
[14:47:40] tick 769  + 460 rows  (995 ms)  ws_cov=708  → live_eth.parquet
[14:47:41] tick 770  + 460 rows  (759 ms)  ws_cov=708  → live_eth.parquet
[14:47:42] tick 771  + 461 rows  (821 ms)  ws_cov=708  → live_eth.parquet
[14:47:43] tick 772  + 460 rows  (770 ms)  ws_cov=708  → live_eth.parquet
[14:47:44] tick 773  + 460 rows  (807 ms)  ws_cov=708  → live_eth.parquet
[14:47:45] tick 774  + 460 rows  (800 ms)  ws_cov=708  → live_eth.parquet
[14:47:46] tick 775  + 460 rows  (786 ms)  ws_cov=708  → live_eth.parquet
[14:47:47] tick 776  + 460 rows  (846 ms)  ws_cov=708  → live_eth.parquet
[14:47:48] tick 777  + 460 rows  (859 ms)  ws_cov=708  → live_eth.parquet
[14:47:49] tick 778  + 461 rows  (919 ms)  ws_cov=708  → live_eth.parquet
[14:47:50] tick 779  + 461 rows  (1045 ms)  ws_cov=708  → live_eth.parquet
[14:47:51] tick 780  + 462 rows  (952 ms)  ws_cov=708  → live_eth.parquet
[14:47:52] tick 781  + 461 rows  (876 ms)  ws_cov=708  → live_eth.parquet
[14:47:53] tick 782  + 461 rows  (982 ms)  ws_cov=708  → live_eth.parquet
[14:47:54] tick 783  + 461 rows  (1058 ms)  ws_cov=708  → live_eth.parquet
[14:47:56] tick 784  + 461 rows  (1185 ms)  ws_cov=708  → live_eth.parquet
[14:47:57] tick 785  + 460 rows  (1037 ms)  ws_cov=708  → live_eth.parquet
[14:47:58] tick 786  + 460 rows  (1160 ms)  ws_cov=708  → live_eth.parquet
[14:47:59] tick 787  + 460 rows  (1075 ms)  ws_cov=708  → live_eth.parquet
[14:48:00] tick 788  + 460 rows  (801 ms)  ws_cov=708  → live_eth.parquet
[14:48:01] tick 789  + 460 rows  (863 ms)  ws_cov=708  → live_eth.parquet
[14:48:02] tick 790  + 461 rows  (1006 ms)  ws_cov=708  → live_eth.parquet
[14:48:03] tick 791  + 461 rows  (977 ms)  ws_cov=708  → live_eth.parquet
[14:48:04] tick 792  + 461 rows  (902 ms)  ws_cov=708  → live_eth.parquet
[14:48:05] tick 793  + 461 rows  (899 ms)  ws_cov=708  → live_eth.parquet
[14:48:06] tick 794  + 461 rows  (916 ms)  ws_cov=708  → live_eth.parquet
[14:48:07] tick 795  + 461 rows  (792 ms)  ws_cov=708  → live_eth.parquet
[14:48:08] tick 796  + 461 rows  (1001 ms)  ws_cov=708  → live_eth.parquet
[14:48:09] tick 797  + 461 rows  (687 ms)  ws_cov=708  → live_eth.parquet
[14:48:10] tick 798  + 461 rows  (741 ms)  ws_cov=708  → live_eth.parquet
[14:48:11] tick 799  + 460 rows  (850 ms)  ws_cov=708  → live_eth.parquet
[14:48:12] tick 800  + 460 rows  (842 ms)  ws_cov=708  → live_eth.parquet
[14:48:13] tick 801  + 460 rows  (765 ms)  ws_cov=708  → live_eth.parquet
[14:48:14] tick 802  + 460 rows  (967 ms)  ws_cov=708  → live_eth.parquet
[14:48:15] tick 803  + 460 rows  (687 ms)  ws_cov=708  → live_eth.parquet
[14:48:16] tick 804  + 460 rows  (794 ms)  ws_cov=708  → live_eth.parquet
[14:48:17] tick 805  + 461 rows  (822 ms)  ws_cov=708  → live_eth.parquet
[14:48:18] tick 806  + 461 rows  (928 ms)  ws_cov=708  → live_eth.parquet
[14:48:19] tick 807  + 460 rows  (873 ms)  ws_cov=708  → live_eth.parquet
[14:48:20] tick 808  + 460 rows  (919 ms)  ws_cov=708  → live_eth.parquet
[14:48:21] tick 809  + 459 rows  (813 ms)  ws_cov=708  → live_eth.parquet
[14:48:22] tick 810  + 459 rows  (842 ms)  ws_cov=708  → live_eth.parquet
[14:48:23] tick 811  + 460 rows  (884 ms)  ws_cov=708  → live_eth.parquet
[14:48:24] tick 812  + 460 rows  (912 ms)  ws_cov=708  → live_eth.parquet
[14:48:25] tick 813  + 459 rows  (925 ms)  ws_cov=708  → live_eth.parquet
[14:48:26] tick 814  + 459 rows  (956 ms)  ws_cov=708  → live_eth.parquet
[14:48:27] tick 815  + 459 rows  (772 ms)  ws_cov=708  → live_eth.parquet
[14:48:28] tick 816  + 460 rows  (655 ms)  ws_cov=708  → live_eth.parquet
[14:48:29] tick 817  + 460 rows  (816 ms)  ws_cov=708  → live_eth.parquet
[14:48:30] tick 818  + 460 rows  (781 ms)  ws_cov=708  → live_eth.parquet
[14:48:31] tick 819  + 459 rows  (771 ms)  ws_cov=708  → live_eth.parquet
[14:48:32] tick 820  + 460 rows  (1069 ms)  ws_cov=708  → live_eth.parquet
[14:48:33] tick 821  + 460 rows  (745 ms)  ws_cov=708  → live_eth.parquet
[14:48:34] tick 822  + 460 rows  (804 ms)  ws_cov=708  → live_eth.parquet
[14:48:35] tick 823  + 460 rows  (805 ms)  ws_cov=708  → live_eth.parquet
[14:48:36] tick 824  + 460 rows  (733 ms)  ws_cov=708  → live_eth.parquet
[14:48:37] tick 825  + 460 rows  (951 ms)  ws_cov=708  → live_eth.parquet
[14:48:38] tick 826  + 460 rows  (926 ms)  ws_cov=708  → live_eth.parquet
[14:48:39] tick 827  + 459 rows  (857 ms)  ws_cov=708  → live_eth.parquet
[14:48:40] tick 828  + 459 rows  (803 ms)  ws_cov=708  → live_eth.parquet
[14:48:41] tick 829  + 459 rows  (833 ms)  ws_cov=708  → live_eth.parquet
[14:48:42] tick 830  + 459 rows  (926 ms)  ws_cov=708  → live_eth.parquet
[14:48:43] tick 831  + 459 rows  (972 ms)  ws_cov=708  → live_eth.parquet
[14:48:44] tick 832  + 459 rows  (1002 ms)  ws_cov=708  → live_eth.parquet
[14:48:45] tick 833  + 459 rows  (1024 ms)  ws_cov=708  → live_eth.parquet
[14:48:46] tick 834  + 459 rows  (754 ms)  ws_cov=708  → live_eth.parquet
[14:48:47] tick 835  + 458 rows  (985 ms)  ws_cov=708  → live_eth.parquet
[14:48:48] tick 836  + 458 rows  (799 ms)  ws_cov=708  → live_eth.parquet
[14:48:49] tick 837  + 458 rows  (905 ms)  ws_cov=708  → live_eth.parquet
[14:48:50] tick 838  + 458 rows  (864 ms)  ws_cov=708  → live_eth.parquet
[14:48:51] tick 839  + 459 rows  (1007 ms)  ws_cov=708  → live_eth.parquet
[14:48:52] tick 840  + 459 rows  (871 ms)  ws_cov=708  → live_eth.parquet
[14:48:53] tick 841  + 459 rows  (859 ms)  ws_cov=708  → live_eth.parquet
[14:48:54] tick 842  + 459 rows  (973 ms)  ws_cov=708  → live_eth.parquet
[14:48:55] tick 843  + 459 rows  (896 ms)  ws_cov=708  → live_eth.parquet
[14:48:56] tick 844  + 459 rows  (942 ms)  ws_cov=708  → live_eth.parquet
[14:48:57] tick 845  + 461 rows  (947 ms)  ws_cov=708  → live_eth.parquet
[14:48:58] tick 846  + 459 rows  (853 ms)  ws_cov=708  → live_eth.parquet
[14:48:59] tick 847  + 459 rows  (802 ms)  ws_cov=708  → live_eth.parquet
[14:49:00] tick 848  + 459 rows  (829 ms)  ws_cov=708  → live_eth.parquet
[14:49:01] tick 849  + 459 rows  (876 ms)  ws_cov=708  → live_eth.parquet
[14:49:02] tick 850  + 460 rows  (1006 ms)  ws_cov=708  → live_eth.parquet
[14:49:03] tick 851  + 460 rows  (1030 ms)  ws_cov=708  → live_eth.parquet
[14:49:04] tick 852  + 460 rows  (960 ms)  ws_cov=708  → live_eth.parquet
[14:49:05] tick 853  + 460 rows  (1054 ms)  ws_cov=708  → live_eth.parquet
[14:49:06] tick 854  + 460 rows  (980 ms)  ws_cov=708  → live_eth.parquet
[14:49:07] tick 855  + 459 rows  (948 ms)  ws_cov=708  → live_eth.parquet
[14:49:09] tick 856  + 459 rows  (1298 ms)  ws_cov=708  → live_eth.parquet
[14:49:10] tick 857  + 460 rows  (1106 ms)  ws_cov=708  → live_eth.parquet
[14:49:11] tick 858  + 460 rows  (921 ms)  ws_cov=708  → live_eth.parquet
[14:49:12] tick 859  + 460 rows  (895 ms)  ws_cov=708  → live_eth.parquet
[14:49:13] tick 860  + 460 rows  (999 ms)  ws_cov=708  → live_eth.parquet
[14:49:14] tick 861  + 459 rows  (794 ms)  ws_cov=708  → live_eth.parquet
[14:49:15] tick 862  + 459 rows  (781 ms)  ws_cov=708  → live_eth.parquet
[14:49:16] tick 863  + 458 rows  (884 ms)  ws_cov=708  → live_eth.parquet
[14:49:17] tick 864  + 458 rows  (742 ms)  ws_cov=708  → live_eth.parquet
[14:49:18] tick 865  + 458 rows  (875 ms)  ws_cov=708  → live_eth.parquet
[14:49:19] tick 866  + 458 rows  (946 ms)  ws_cov=708  → live_eth.parquet
[14:49:20] tick 867  + 458 rows  (1044 ms)  ws_cov=708  → live_eth.parquet
[14:49:21] tick 868  + 458 rows  (918 ms)  ws_cov=708  → live_eth.parquet
[14:49:22] tick 869  + 458 rows  (859 ms)  ws_cov=708  → live_eth.parquet
[14:49:23] tick 870  + 458 rows  (918 ms)  ws_cov=708  → live_eth.parquet
[14:49:24] tick 871  + 458 rows  (889 ms)  ws_cov=708  → live_eth.parquet
[14:49:25] tick 872  + 458 rows  (895 ms)  ws_cov=708  → live_eth.parquet
[14:49:26] tick 873  + 458 rows  (925 ms)  ws_cov=708  → live_eth.parquet
[14:49:27] tick 874  + 458 rows  (1024 ms)  ws_cov=708  → live_eth.parquet
[14:49:28] tick 875  + 458 rows  (801 ms)  ws_cov=708  → live_eth.parquet
[14:49:29] tick 876  + 458 rows  (778 ms)  ws_cov=708  → live_eth.parquet
[14:49:30] tick 877  + 458 rows  (849 ms)  ws_cov=708  → live_eth.parquet
[14:49:31] tick 878  + 459 rows  (1026 ms)  ws_cov=708  → live_eth.parquet
[14:49:33] tick 879  + 459 rows  (1873 ms)  ws_cov=708  → live_eth.parquet
[14:49:34] tick 880  + 459 rows  (1275 ms)  ws_cov=708  → live_eth.parquet
[14:49:35] tick 881  + 459 rows  (1295 ms)  ws_cov=708  → live_eth.parquet
[14:49:37] tick 882  + 458 rows  (1304 ms)  ws_cov=708  → live_eth.parquet
[14:49:38] tick 883  + 458 rows  (991 ms)  ws_cov=708  → live_eth.parquet
[14:49:39] tick 884  + 458 rows  (1055 ms)  ws_cov=708  → live_eth.parquet
[14:49:40] tick 885  + 457 rows  (890 ms)  ws_cov=708  → live_eth.parquet
[14:49:41] tick 886  + 457 rows  (981 ms)  ws_cov=708  → live_eth.parquet
[14:49:42] tick 887  + 456 rows  (943 ms)  ws_cov=708  → live_eth.parquet
[14:49:43] tick 888  + 456 rows  (1498 ms)  ws_cov=708  → live_eth.parquet
[14:49:45] tick 889  + 457 rows  (1199 ms)  ws_cov=708  → live_eth.parquet
[14:49:46] tick 890  + 457 rows  (1092 ms)  ws_cov=708  → live_eth.parquet
[14:49:47] tick 891  + 457 rows  (1185 ms)  ws_cov=708  → live_eth.parquet
[14:49:48] tick 892  + 457 rows  (1184 ms)  ws_cov=708  → live_eth.parquet
[14:49:50] tick 893  + 457 rows  (1648 ms)  ws_cov=708  → live_eth.parquet
[14:49:51] tick 894  + 457 rows  (1164 ms)  ws_cov=708  → live_eth.parquet
[14:49:52] tick 895  + 457 rows  (983 ms)  ws_cov=708  → live_eth.parquet
[14:49:53] tick 896  + 457 rows  (1061 ms)  ws_cov=708  → live_eth.parquet
[14:49:54] tick 897  + 457 rows  (939 ms)  ws_cov=708  → live_eth.parquet
[14:49:55] tick 898  + 457 rows  (933 ms)  ws_cov=708  → live_eth.parquet
[14:49:56] tick 899  + 457 rows  (913 ms)  ws_cov=708  → live_eth.parquet
[14:49:57] tick 900  + 457 rows  (909 ms)  ws_cov=708  → live_eth.parquet
[14:49:58] tick 901  + 457 rows  (1113 ms)  ws_cov=708  → live_eth.parquet
[14:49:59] tick 902  + 457 rows  (1026 ms)  ws_cov=708  → live_eth.parquet
[14:50:00] tick 903  + 456 rows  (1072 ms)  ws_cov=708  → live_eth.parquet
[14:50:01] tick 904  + 457 rows  (963 ms)  ws_cov=708  → live_eth.parquet
[14:50:02] tick 905  + 457 rows  (862 ms)  ws_cov=708  → live_eth.parquet
[14:50:03] tick 906  + 457 rows  (1068 ms)  ws_cov=708  → live_eth.parquet
[14:50:04] tick 907  + 457 rows  (1098 ms)  ws_cov=708  → live_eth.parquet
[14:50:05] tick 908  + 457 rows  (864 ms)  ws_cov=708  → live_eth.parquet
[14:50:06] tick 909  + 457 rows  (1002 ms)  ws_cov=708  → live_eth.parquet
[14:50:07] tick 910  + 457 rows  (933 ms)  ws_cov=708  → live_eth.parquet
[14:50:08] tick 911  + 456 rows  (899 ms)  ws_cov=708  → live_eth.parquet
[14:50:09] tick 912  + 456 rows  (923 ms)  ws_cov=708  → live_eth.parquet
[14:50:11] tick 913  + 456 rows  (1156 ms)  ws_cov=708  → live_eth.parquet
[14:50:12] tick 914  + 456 rows  (1220 ms)  ws_cov=708  → live_eth.parquet
[14:50:13] tick 915  + 456 rows  (984 ms)  ws_cov=708  → live_eth.parquet
[14:50:14] tick 916  + 456 rows  (861 ms)  ws_cov=708  → live_eth.parquet
[14:50:15] tick 917  + 455 rows  (1061 ms)  ws_cov=708  → live_eth.parquet
[14:50:16] tick 918  + 455 rows  (1087 ms)  ws_cov=708  → live_eth.parquet
[14:50:17] tick 919  + 455 rows  (1025 ms)  ws_cov=708  → live_eth.parquet
[14:50:18] tick 920  + 455 rows  (1128 ms)  ws_cov=708  → live_eth.parquet
[14:50:19] tick 921  + 456 rows  (1009 ms)  ws_cov=708  → live_eth.parquet
[14:50:20] tick 922  + 456 rows  (917 ms)  ws_cov=708  → live_eth.parquet
[14:50:21] tick 923  + 456 rows  (900 ms)  ws_cov=708  → live_eth.parquet
[14:50:22] tick 924  + 455 rows  (901 ms)  ws_cov=708  → live_eth.parquet
[14:50:23] tick 925  + 455 rows  (1035 ms)  ws_cov=708  → live_eth.parquet
[14:50:24] tick 926  + 455 rows  (1056 ms)  ws_cov=708  → live_eth.parquet
[14:50:25] tick 927  + 456 rows  (1183 ms)  ws_cov=708  → live_eth.parquet
[14:50:27] tick 928  + 457 rows  (1191 ms)  ws_cov=708  → live_eth.parquet
[14:50:27] tick 929  + 458 rows  (930 ms)  ws_cov=708  → live_eth.parquet
[14:50:29] tick 930  + 458 rows  (1080 ms)  ws_cov=708  → live_eth.parquet
[14:50:30] tick 931  + 457 rows  (881 ms)  ws_cov=708  → live_eth.parquet
[14:50:30] tick 932  + 457 rows  (816 ms)  ws_cov=708  → live_eth.parquet
[14:50:32] tick 933  + 458 rows  (1083 ms)  ws_cov=708  → live_eth.parquet
[14:50:33] tick 934  + 457 rows  (925 ms)  ws_cov=708  → live_eth.parquet
[14:50:34] tick 935  + 457 rows  (999 ms)  ws_cov=708  → live_eth.parquet
[14:50:35] tick 936  + 458 rows  (911 ms)  ws_cov=708  → live_eth.parquet
[14:50:36] tick 937  + 459 rows  (1045 ms)  ws_cov=708  → live_eth.parquet
[14:50:37] tick 938  + 460 rows  (994 ms)  ws_cov=708  → live_eth.parquet
[14:50:38] tick 939  + 460 rows  (799 ms)  ws_cov=708  → live_eth.parquet
[14:50:39] tick 940  + 462 rows  (902 ms)  ws_cov=708  → live_eth.parquet
[14:50:40] tick 941  + 462 rows  (907 ms)  ws_cov=708  → live_eth.parquet
[14:50:41] tick 942  + 462 rows  (911 ms)  ws_cov=708  → live_eth.parquet
[14:50:42] tick 943  + 461 rows  (1011 ms)  ws_cov=708  → live_eth.parquet
[14:50:43] tick 944  + 461 rows  (1066 ms)  ws_cov=708  → live_eth.parquet
[14:50:44] tick 945  + 460 rows  (1095 ms)  ws_cov=708  → live_eth.parquet
[14:50:45] tick 946  + 461 rows  (1046 ms)  ws_cov=708  → live_eth.parquet
[14:50:46] tick 947  + 460 rows  (914 ms)  ws_cov=708  → live_eth.parquet
[14:50:47] tick 948  + 460 rows  (942 ms)  ws_cov=708  → live_eth.parquet
[14:50:48] tick 949  + 460 rows  (950 ms)  ws_cov=708  → live_eth.parquet
[14:50:49] tick 950  + 460 rows  (1136 ms)  ws_cov=708  → live_eth.parquet
[14:50:50] tick 951  + 459 rows  (1099 ms)  ws_cov=708  → live_eth.parquet
[14:50:52] tick 952  + 459 rows  (1354 ms)  ws_cov=708  → live_eth.parquet
[14:50:53] tick 953  + 460 rows  (977 ms)  ws_cov=708  → live_eth.parquet
[14:50:54] tick 954  + 460 rows  (911 ms)  ws_cov=708  → live_eth.parquet
[14:50:55] tick 955  + 460 rows  (1086 ms)  ws_cov=708  → live_eth.parquet
[14:50:56] tick 956  + 460 rows  (1097 ms)  ws_cov=708  → live_eth.parquet
[14:50:57] tick 957  + 460 rows  (1340 ms)  ws_cov=708  → live_eth.parquet
[14:50:58] tick 958  + 461 rows  (1074 ms)  ws_cov=708  → live_eth.parquet
[14:50:59] tick 959  + 461 rows  (888 ms)  ws_cov=708  → live_eth.parquet
[14:51:00] tick 960  + 462 rows  (983 ms)  ws_cov=708  → live_eth.parquet
[14:51:01] tick 961  + 462 rows  (983 ms)  ws_cov=708  → live_eth.parquet
[14:51:02] tick 962  + 462 rows  (952 ms)  ws_cov=708  → live_eth.parquet
[14:51:03] tick 963  + 462 rows  (988 ms)  ws_cov=708  → live_eth.parquet
[14:51:05] tick 964  + 462 rows  (1320 ms)  ws_cov=708  → live_eth.parquet
[14:51:06] tick 965  + 462 rows  (1202 ms)  ws_cov=708  → live_eth.parquet
[14:51:07] tick 966  + 462 rows  (1190 ms)  ws_cov=708  → live_eth.parquet
[14:51:08] tick 967  + 462 rows  (1026 ms)  ws_cov=708  → live_eth.parquet
[14:51:09] tick 968  + 462 rows  (1078 ms)  ws_cov=708  → live_eth.parquet
[14:51:10] tick 969  + 462 rows  (1158 ms)  ws_cov=708  → live_eth.parquet
[14:51:11] tick 970  + 462 rows  (1162 ms)  ws_cov=708  → live_eth.parquet
[14:51:12] tick 971  + 462 rows  (862 ms)  ws_cov=708  → live_eth.parquet
[14:51:14] tick 972  + 461 rows  (1281 ms)  ws_cov=708  → live_eth.parquet
[14:51:15] tick 973  + 462 rows  (1182 ms)  ws_cov=708  → live_eth.parquet
[14:51:16] tick 974  + 461 rows  (1146 ms)  ws_cov=708  → live_eth.parquet
[14:51:17] tick 975  + 461 rows  (939 ms)  ws_cov=708  → live_eth.parquet
[14:51:18] tick 976  + 461 rows  (1170 ms)  ws_cov=708  → live_eth.parquet
[14:51:20] tick 977  + 464 rows  (1364 ms)  ws_cov=708  → live_eth.parquet
[14:51:21] tick 978  + 463 rows  (1072 ms)  ws_cov=708  → live_eth.parquet
[14:51:22] tick 979  + 463 rows  (1035 ms)  ws_cov=708  → live_eth.parquet
[14:51:23] tick 980  + 461 rows  (1359 ms)  ws_cov=708  → live_eth.parquet
[14:51:24] tick 981  + 462 rows  (1146 ms)  ws_cov=708  → live_eth.parquet
[14:51:25] tick 982  + 462 rows  (1142 ms)  ws_cov=708  → live_eth.parquet
[14:51:27] tick 983  + 462 rows  (1253 ms)  ws_cov=708  → live_eth.parquet
[14:51:28] tick 984  + 462 rows  (1203 ms)  ws_cov=708  → live_eth.parquet
[14:51:29] tick 985  + 463 rows  (996 ms)  ws_cov=708  → live_eth.parquet
[14:51:30] tick 986  + 462 rows  (1112 ms)  ws_cov=708  → live_eth.parquet
[14:51:31] tick 987  + 462 rows  (1266 ms)  ws_cov=708  → live_eth.parquet
[14:51:32] tick 988  + 462 rows  (1089 ms)  ws_cov=708  → live_eth.parquet
[14:51:33] tick 989  + 462 rows  (937 ms)  ws_cov=708  → live_eth.parquet
[14:51:35] tick 990  + 462 rows  (1237 ms)  ws_cov=708  → live_eth.parquet
[14:51:36] tick 991  + 463 rows  (1336 ms)  ws_cov=708  → live_eth.parquet
[14:51:37] tick 992  + 463 rows  (1111 ms)  ws_cov=708  → live_eth.parquet
[14:51:38] tick 993  + 463 rows  (1311 ms)  ws_cov=708  → live_eth.parquet
[14:51:40] tick 994  + 463 rows  (1232 ms)  ws_cov=708  → live_eth.parquet
[14:51:41] tick 995  + 462 rows  (1173 ms)  ws_cov=708  → live_eth.parquet
[14:51:42] tick 996  + 462 rows  (1109 ms)  ws_cov=708  → live_eth.parquet
[14:51:43] tick 997  + 461 rows  (1212 ms)  ws_cov=708  → live_eth.parquet
[14:51:44] tick 998  + 461 rows  (1053 ms)  ws_cov=708  → live_eth.parquet
[14:51:45] tick 999  + 461 rows  (1148 ms)  ws_cov=708  → live_eth.parquet
[14:51:46] tick 1000  + 461 rows  (1227 ms)  ws_cov=708  → live_eth.parquet
[14:51:48] tick 1001  + 461 rows  (1421 ms)  ws_cov=708  → live_eth.parquet
[14:51:49] tick 1002  + 461 rows  (1514 ms)  ws_cov=708  → live_eth.parquet
[14:51:51] tick 1003  + 460 rows  (1234 ms)  ws_cov=708  → live_eth.parquet
[14:51:52] tick 1004  + 460 rows  (1169 ms)  ws_cov=708  → live_eth.parquet
[14:51:53] tick 1005  + 460 rows  (1163 ms)  ws_cov=708  → live_eth.parquet
[14:51:54] tick 1006  + 460 rows  (1218 ms)  ws_cov=708  → live_eth.parquet
[14:51:55] tick 1007  + 460 rows  (1249 ms)  ws_cov=708  → live_eth.parquet
[14:51:57] tick 1008  + 462 rows  (1340 ms)  ws_cov=708  → live_eth.parquet
[14:51:58] tick 1009  + 463 rows  (1078 ms)  ws_cov=708  → live_eth.parquet
[14:51:59] tick 1010  + 463 rows  (1391 ms)  ws_cov=708  → live_eth.parquet
[14:52:01] tick 1011  + 463 rows  (1310 ms)  ws_cov=708  → live_eth.parquet
[14:52:02] tick 1012  + 464 rows  (1202 ms)  ws_cov=708  → live_eth.parquet
[14:52:03] tick 1013  + 462 rows  (1238 ms)  ws_cov=708  → live_eth.parquet
[14:52:04] tick 1014  + 464 rows  (1219 ms)  ws_cov=708  → live_eth.parquet
[14:52:05] tick 1015  + 462 rows  (1124 ms)  ws_cov=708  → live_eth.parquet
[14:52:06] tick 1016  + 463 rows  (1012 ms)  ws_cov=708  → live_eth.parquet
[14:52:08] tick 1017  + 464 rows  (1245 ms)  ws_cov=708  → live_eth.parquet
[14:52:09] tick 1018  + 464 rows  (1489 ms)  ws_cov=708  → live_eth.parquet
[14:52:11] tick 1019  + 464 rows  (1445 ms)  ws_cov=708  → live_eth.parquet
[14:52:12] tick 1020  + 462 rows  (1274 ms)  ws_cov=708  → live_eth.parquet
[14:52:13] tick 1021  + 463 rows  (1108 ms)  ws_cov=708  → live_eth.parquet
[14:52:14] tick 1022  + 464 rows  (1099 ms)  ws_cov=708  → live_eth.parquet
[14:52:15] tick 1023  + 463 rows  (1194 ms)  ws_cov=708  → live_eth.parquet
[14:52:17] tick 1024  + 463 rows  (1379 ms)  ws_cov=708  → live_eth.parquet
[14:52:18] tick 1025  + 465 rows  (1510 ms)  ws_cov=708  → live_eth.parquet
[14:52:20] tick 1026  + 466 rows  (1561 ms)  ws_cov=708  → live_eth.parquet
[14:52:21] tick 1027  + 466 rows  (1479 ms)  ws_cov=708  → live_eth.parquet
[14:52:22] tick 1028  + 466 rows  (1108 ms)  ws_cov=708  → live_eth.parquet
[14:52:23] tick 1029  + 466 rows  (1207 ms)  ws_cov=708  → live_eth.parquet
[14:52:25] tick 1030  + 464 rows  (1341 ms)  ws_cov=708  → live_eth.parquet
[14:52:26] tick 1031  + 464 rows  (1316 ms)  ws_cov=708  → live_eth.parquet
[14:52:27] tick 1032  + 464 rows  (1356 ms)  ws_cov=708  → live_eth.parquet
[14:52:28] tick 1033  + 464 rows  (964 ms)  ws_cov=708  → live_eth.parquet
[14:52:30] tick 1034  + 466 rows  (1112 ms)  ws_cov=708  → live_eth.parquet
[14:52:31] tick 1035  + 466 rows  (1151 ms)  ws_cov=708  → live_eth.parquet
[14:52:32] tick 1036  + 465 rows  (1029 ms)  ws_cov=708  → live_eth.parquet
[14:52:33] tick 1037  + 465 rows  (1069 ms)  ws_cov=708  → live_eth.parquet
[14:52:34] tick 1038  + 464 rows  (1220 ms)  ws_cov=708  → live_eth.parquet
[14:52:35] tick 1039  + 463 rows  (1066 ms)  ws_cov=708  → live_eth.parquet
[14:52:36] tick 1040  + 463 rows  (971 ms)  ws_cov=708  → live_eth.parquet
[14:52:37] tick 1041  + 464 rows  (1007 ms)  ws_cov=708  → live_eth.parquet
[14:52:38] tick 1042  + 463 rows  (973 ms)  ws_cov=708  → live_eth.parquet
[14:52:39] tick 1043  + 463 rows  (995 ms)  ws_cov=708  → live_eth.parquet
[14:52:40] tick 1044  + 463 rows  (1014 ms)  ws_cov=708  → live_eth.parquet
[14:52:41] tick 1045  + 463 rows  (971 ms)  ws_cov=708  → live_eth.parquet
[14:52:42] tick 1046  + 463 rows  (1182 ms)  ws_cov=708  → live_eth.parquet
[14:52:44] tick 1047  + 463 rows  (1199 ms)  ws_cov=708  → live_eth.parquet
[14:52:45] tick 1048  + 463 rows  (1067 ms)  ws_cov=708  → live_eth.parquet
[14:52:46] tick 1049  + 462 rows  (921 ms)  ws_cov=708  → live_eth.parquet
[14:52:47] tick 1050  + 462 rows  (992 ms)  ws_cov=708  → live_eth.parquet
[14:52:48] tick 1051  + 462 rows  (969 ms)  ws_cov=708  → live_eth.parquet
[14:52:49] tick 1052  + 463 rows  (971 ms)  ws_cov=708  → live_eth.parquet
[14:52:50] tick 1053  + 463 rows  (1026 ms)  ws_cov=708  → live_eth.parquet
[14:52:51] tick 1054  + 463 rows  (1023 ms)  ws_cov=708  → live_eth.parquet
[14:52:52] tick 1055  + 462 rows  (1023 ms)  ws_cov=708  → live_eth.parquet
[14:52:53] tick 1056  + 462 rows  (966 ms)  ws_cov=708  → live_eth.parquet
[14:52:54] tick 1057  + 462 rows  (1121 ms)  ws_cov=708  → live_eth.parquet
[14:52:55] tick 1058  + 462 rows  (1051 ms)  ws_cov=708  → live_eth.parquet
[14:52:56] tick 1059  + 462 rows  (1028 ms)  ws_cov=708  → live_eth.parquet
[14:52:57] tick 1060  + 463 rows  (1075 ms)  ws_cov=708  → live_eth.parquet
[14:52:58] tick 1061  + 463 rows  (1108 ms)  ws_cov=708  → live_eth.parquet
[14:52:59] tick 1062  + 463 rows  (1036 ms)  ws_cov=708  → live_eth.parquet
[14:53:00] tick 1063  + 463 rows  (1044 ms)  ws_cov=708  → live_eth.parquet
[14:53:01] tick 1064  + 465 rows  (1064 ms)  ws_cov=708  → live_eth.parquet
[14:53:02] tick 1065  + 466 rows  (1246 ms)  ws_cov=708  → live_eth.parquet
[14:53:04] tick 1066  + 466 rows  (1206 ms)  ws_cov=708  → live_eth.parquet
[14:53:05] tick 1067  + 464 rows  (1209 ms)  ws_cov=708  → live_eth.parquet
[14:53:06] tick 1068  + 465 rows  (1027 ms)  ws_cov=708  → live_eth.parquet
[14:53:07] tick 1069  + 465 rows  (1018 ms)  ws_cov=708  → live_eth.parquet
[14:53:08] tick 1070  + 466 rows  (1060 ms)  ws_cov=708  → live_eth.parquet
[14:53:09] tick 1071  + 465 rows  (1027 ms)  ws_cov=708  → live_eth.parquet
[14:53:10] tick 1072  + 465 rows  (930 ms)  ws_cov=708  → live_eth.parquet
[14:53:11] tick 1073  + 464 rows  (975 ms)  ws_cov=708  → live_eth.parquet
[14:53:12] tick 1074  + 464 rows  (918 ms)  ws_cov=708  → live_eth.parquet
[14:53:13] tick 1075  + 466 rows  (1048 ms)  ws_cov=708  → live_eth.parquet
[14:53:14] tick 1076  + 466 rows  (1140 ms)  ws_cov=708  → live_eth.parquet
[14:53:15] tick 1077  + 465 rows  (1103 ms)  ws_cov=708  → live_eth.parquet
[14:53:16] tick 1078  + 465 rows  (1050 ms)  ws_cov=708  → live_eth.parquet
[14:53:17] tick 1079  + 465 rows  (1001 ms)  ws_cov=708  → live_eth.parquet
[14:53:18] tick 1080  + 465 rows  (1010 ms)  ws_cov=708  → live_eth.parquet
[14:53:19] tick 1081  + 466 rows  (1018 ms)  ws_cov=708  → live_eth.parquet
[14:53:21] tick 1082  + 466 rows  (1093 ms)  ws_cov=708  → live_eth.parquet
[14:53:22] tick 1083  + 466 rows  (1144 ms)  ws_cov=708  → live_eth.parquet
[14:53:23] tick 1084  + 466 rows  (869 ms)  ws_cov=708  → live_eth.parquet
[14:53:24] tick 1085  + 466 rows  (1223 ms)  ws_cov=708  → live_eth.parquet
[14:53:25] tick 1086  + 466 rows  (1291 ms)  ws_cov=708  → live_eth.parquet
[14:53:27] tick 1087  + 466 rows  (1386 ms)  ws_cov=708  → live_eth.parquet
[14:53:28] tick 1088  + 466 rows  (1106 ms)  ws_cov=708  → live_eth.parquet
[14:53:29] tick 1089  + 466 rows  (955 ms)  ws_cov=708  → live_eth.parquet
[14:53:30] tick 1090  + 466 rows  (964 ms)  ws_cov=708  → live_eth.parquet
[14:53:31] tick 1091  + 466 rows  (1086 ms)  ws_cov=708  → live_eth.parquet
[14:53:32] tick 1092  + 466 rows  (1262 ms)  ws_cov=708  → live_eth.parquet
[14:53:33] tick 1093  + 466 rows  (1081 ms)  ws_cov=708  → live_eth.parquet
[14:53:34] tick 1094  + 466 rows  (880 ms)  ws_cov=708  → live_eth.parquet
[14:53:35] tick 1095  + 466 rows  (1043 ms)  ws_cov=708  → live_eth.parquet
[14:53:36] tick 1096  + 466 rows  (1107 ms)  ws_cov=708  → live_eth.parquet
[14:53:38] tick 1097  + 466 rows  (1282 ms)  ws_cov=708  → live_eth.parquet
[14:53:39] tick 1098  + 466 rows  (1095 ms)  ws_cov=708  → live_eth.parquet
[14:53:40] tick 1099  + 466 rows  (1147 ms)  ws_cov=708  → live_eth.parquet
[14:53:41] tick 1100  + 465 rows  (946 ms)  ws_cov=708  → live_eth.parquet
[14:53:42] tick 1101  + 465 rows  (863 ms)  ws_cov=708  → live_eth.parquet
[14:53:43] tick 1102  + 465 rows  (978 ms)  ws_cov=708  → live_eth.parquet
[14:53:44] tick 1103  + 465 rows  (937 ms)  ws_cov=708  → live_eth.parquet
[14:53:45] tick 1104  + 465 rows  (1021 ms)  ws_cov=708  → live_eth.parquet
[14:53:46] tick 1105  + 465 rows  (997 ms)  ws_cov=708  → live_eth.parquet
[14:53:47] tick 1106  + 466 rows  (932 ms)  ws_cov=708  → live_eth.parquet
[14:53:48] tick 1107  + 466 rows  (1067 ms)  ws_cov=708  → live_eth.parquet
[14:53:49] tick 1108  + 465 rows  (1096 ms)  ws_cov=708  → live_eth.parquet
[14:53:50] tick 1109  + 465 rows  (1022 ms)  ws_cov=708  → live_eth.parquet
[14:53:51] tick 1110  + 463 rows  (1188 ms)  ws_cov=708  → live_eth.parquet
[14:53:52] tick 1111  + 464 rows  (1036 ms)  ws_cov=708  → live_eth.parquet
[14:53:53] tick 1112  + 463 rows  (1056 ms)  ws_cov=708  → live_eth.parquet
[14:53:54] tick 1113  + 463 rows  (1000 ms)  ws_cov=708  → live_eth.parquet
[14:53:55] tick 1114  + 463 rows  (1108 ms)  ws_cov=708  → live_eth.parquet
[14:53:57] tick 1115  + 462 rows  (1063 ms)  ws_cov=708  → live_eth.parquet
[14:53:58] tick 1116  + 462 rows  (1021 ms)  ws_cov=708  → live_eth.parquet
[14:53:59] tick 1117  + 462 rows  (1152 ms)  ws_cov=708  → live_eth.parquet
[14:54:00] tick 1118  + 462 rows  (1134 ms)  ws_cov=708  → live_eth.parquet
[14:54:01] tick 1119  + 462 rows  (1098 ms)  ws_cov=708  → live_eth.parquet
[14:54:02] tick 1120  + 462 rows  (1028 ms)  ws_cov=708  → live_eth.parquet
[14:54:03] tick 1121  + 462 rows  (1113 ms)  ws_cov=708  → live_eth.parquet
[14:54:04] tick 1122  + 462 rows  (1191 ms)  ws_cov=708  → live_eth.parquet
[14:54:05] tick 1123  + 461 rows  (1087 ms)  ws_cov=708  → live_eth.parquet
[14:54:06] tick 1124  + 461 rows  (1106 ms)  ws_cov=708  → live_eth.parquet
[14:54:08] tick 1125  + 462 rows  (1184 ms)  ws_cov=708  → live_eth.parquet
[14:54:09] tick 1126  + 462 rows  (1019 ms)  ws_cov=708  → live_eth.parquet
[14:54:10] tick 1127  + 461 rows  (1257 ms)  ws_cov=708  → live_eth.parquet
[14:54:11] tick 1128  + 461 rows  (1232 ms)  ws_cov=708  → live_eth.parquet
[14:54:12] tick 1129  + 461 rows  (1027 ms)  ws_cov=708  → live_eth.parquet
[14:54:13] tick 1130  + 461 rows  (1115 ms)  ws_cov=708  → live_eth.parquet
[14:54:14] tick 1131  + 462 rows  (1138 ms)  ws_cov=708  → live_eth.parquet
[14:54:15] tick 1132  + 462 rows  (933 ms)  ws_cov=708  → live_eth.parquet
[14:54:17] tick 1133  + 462 rows  (1164 ms)  ws_cov=708  → live_eth.parquet
[14:54:18] tick 1134  + 462 rows  (1176 ms)  ws_cov=708  → live_eth.parquet
[14:54:19] tick 1135  + 462 rows  (965 ms)  ws_cov=708  → live_eth.parquet
[14:54:20] tick 1136  + 462 rows  (962 ms)  ws_cov=708  → live_eth.parquet
[14:54:21] tick 1137  + 462 rows  (1107 ms)  ws_cov=708  → live_eth.parquet
[14:54:22] tick 1138  + 462 rows  (1117 ms)  ws_cov=708  → live_eth.parquet
[14:54:23] tick 1139  + 462 rows  (1199 ms)  ws_cov=708  → live_eth.parquet
[14:54:25] tick 1140  + 463 rows  (1451 ms)  ws_cov=708  → live_eth.parquet
[14:54:26] tick 1141  + 463 rows  (1785 ms)  ws_cov=708  → live_eth.parquet
[14:54:28] tick 1142  + 464 rows  (1477 ms)  ws_cov=708  → live_eth.parquet
[14:54:29] tick 1143  + 464 rows  (1523 ms)  ws_cov=708  → live_eth.parquet
[14:54:31] tick 1144  + 464 rows  (1408 ms)  ws_cov=708  → live_eth.parquet
[14:54:32] tick 1145  + 463 rows  (1431 ms)  ws_cov=708  → live_eth.parquet
[14:54:34] tick 1146  + 463 rows  (1403 ms)  ws_cov=708  → live_eth.parquet
[14:54:35] tick 1147  + 463 rows  (1422 ms)  ws_cov=708  → live_eth.parquet
[14:54:37] tick 1148  + 463 rows  (1409 ms)  ws_cov=708  → live_eth.parquet
[14:54:38] tick 1149  + 463 rows  (1404 ms)  ws_cov=708  → live_eth.parquet
[14:54:39] tick 1150  + 462 rows  (1254 ms)  ws_cov=708  → live_eth.parquet
[14:54:40] tick 1151  + 463 rows  (1268 ms)  ws_cov=708  → live_eth.parquet
[14:54:42] tick 1152  + 462 rows  (1256 ms)  ws_cov=708  → live_eth.parquet
[14:54:43] tick 1153  + 462 rows  (1232 ms)  ws_cov=708  → live_eth.parquet
[14:54:44] tick 1154  + 462 rows  (1074 ms)  ws_cov=708  → live_eth.parquet
[14:54:45] tick 1155  + 462 rows  (1135 ms)  ws_cov=708  → live_eth.parquet
[14:54:46] tick 1156  + 462 rows  (1171 ms)  ws_cov=708  → live_eth.parquet
[14:54:48] tick 1157  + 461 rows  (1366 ms)  ws_cov=708  → live_eth.parquet
[14:54:49] tick 1158  + 461 rows  (1219 ms)  ws_cov=708  → live_eth.parquet
[14:54:50] tick 1159  + 461 rows  (1138 ms)  ws_cov=708  → live_eth.parquet
[14:54:51] tick 1160  + 461 rows  (1105 ms)  ws_cov=708  → live_eth.parquet
[14:54:52] tick 1161  + 462 rows  (1175 ms)  ws_cov=708  → live_eth.parquet
[14:54:54] tick 1162  + 460 rows  (1453 ms)  ws_cov=708  → live_eth.parquet
[14:54:55] tick 1163  + 460 rows  (1585 ms)  ws_cov=708  → live_eth.parquet
[14:54:56] tick 1164  + 461 rows  (1149 ms)  ws_cov=708  → live_eth.parquet
[14:54:58] tick 1165  + 461 rows  (1252 ms)  ws_cov=708  → live_eth.parquet
[14:54:59] tick 1166  + 462 rows  (1107 ms)  ws_cov=708  → live_eth.parquet
[14:55:00] tick 1167  + 466 rows  (1127 ms)  ws_cov=708  → live_eth.parquet
[14:55:01] tick 1168  + 467 rows  (1238 ms)  ws_cov=708  → live_eth.parquet
[14:55:03] tick 1169  + 463 rows  (1313 ms)  ws_cov=708  → live_eth.parquet
[14:55:04] tick 1170  + 463 rows  (1205 ms)  ws_cov=708  → live_eth.parquet
[14:55:05] tick 1171  + 464 rows  (1224 ms)  ws_cov=708  → live_eth.parquet
[14:55:06] tick 1172  + 464 rows  (1190 ms)  ws_cov=708  → live_eth.parquet
[14:55:07] tick 1173  + 463 rows  (1085 ms)  ws_cov=708  → live_eth.parquet
[14:55:08] tick 1174  + 464 rows  (1225 ms)  ws_cov=708  → live_eth.parquet
[14:55:10] tick 1175  + 466 rows  (1361 ms)  ws_cov=708  → live_eth.parquet
[14:55:11] tick 1176  + 460 rows  (1535 ms)  ws_cov=708  → live_eth.parquet
[14:55:13] tick 1177  + 461 rows  (1677 ms)  ws_cov=708  → live_eth.parquet
[14:55:15] tick 1178  + 460 rows  (1488 ms)  ws_cov=708  → live_eth.parquet
[14:55:16] tick 1179  + 461 rows  (1188 ms)  ws_cov=708  → live_eth.parquet
[14:55:17] tick 1180  + 460 rows  (1392 ms)  ws_cov=708  → live_eth.parquet
[14:55:18] tick 1181  + 460 rows  (1357 ms)  ws_cov=708  → live_eth.parquet
[14:55:20] tick 1182  + 460 rows  (1622 ms)  ws_cov=708  → live_eth.parquet
[14:55:22] tick 1183  + 460 rows  (1515 ms)  ws_cov=708  → live_eth.parquet
[14:55:23] tick 1184  + 460 rows  (1399 ms)  ws_cov=708  → live_eth.parquet
[14:55:24] tick 1185  + 463 rows  (1297 ms)  ws_cov=708  → live_eth.parquet
[14:55:26] tick 1186  + 463 rows  (1341 ms)  ws_cov=708  → live_eth.parquet
[14:55:27] tick 1187  + 463 rows  (1224 ms)  ws_cov=708  → live_eth.parquet
[14:55:28] tick 1188  + 462 rows  (1247 ms)  ws_cov=708  → live_eth.parquet
[14:55:30] tick 1189  + 463 rows  (1530 ms)  ws_cov=708  → live_eth.parquet
[14:55:31] tick 1190  + 464 rows  (1543 ms)  ws_cov=708  → live_eth.parquet
[14:55:32] tick 1191  + 463 rows  (1280 ms)  ws_cov=708  → live_eth.parquet
[14:55:34] tick 1192  + 463 rows  (1268 ms)  ws_cov=708  → live_eth.parquet
[14:55:35] tick 1193  + 464 rows  (1238 ms)  ws_cov=708  → live_eth.parquet
[14:55:36] tick 1194  + 465 rows  (1463 ms)  ws_cov=708  → live_eth.parquet
[14:55:38] tick 1195  + 464 rows  (1478 ms)  ws_cov=708  → live_eth.parquet
[14:55:39] tick 1196  + 464 rows  (1525 ms)  ws_cov=708  → live_eth.parquet
[14:55:41] tick 1197  + 466 rows  (1593 ms)  ws_cov=708  → live_eth.parquet
[14:55:43] tick 1198  + 467 rows  (1623 ms)  ws_cov=708  → live_eth.parquet
[14:55:44] tick 1199  + 467 rows  (1478 ms)  ws_cov=708  → live_eth.parquet
[14:55:46] tick 1200  + 466 rows  (1525 ms)  ws_cov=708  → live_eth.parquet
[14:55:47] tick 1201  + 466 rows  (1394 ms)  ws_cov=708  → live_eth.parquet
[14:55:49] tick 1202  + 467 rows  (1461 ms)  ws_cov=708  → live_eth.parquet
[14:55:50] tick 1203  + 467 rows  (1097 ms)  ws_cov=708  → live_eth.parquet
[14:55:51] tick 1204  + 465 rows  (1248 ms)  ws_cov=708  → live_eth.parquet
[14:55:52] tick 1205  + 465 rows  (1215 ms)  ws_cov=708  → live_eth.parquet
[14:55:53] tick 1206  + 465 rows  (1391 ms)  ws_cov=708  → live_eth.parquet
[14:55:55] tick 1207  + 466 rows  (1336 ms)  ws_cov=708  → live_eth.parquet
[14:55:56] tick 1208  + 466 rows  (1311 ms)  ws_cov=708  → live_eth.parquet
[14:55:57] tick 1209  + 466 rows  (1284 ms)  ws_cov=708  → live_eth.parquet
[14:55:59] tick 1210  + 462 rows  (1291 ms)  ws_cov=708  → live_eth.parquet
[14:56:00] tick 1211  + 463 rows  (1276 ms)  ws_cov=708  → live_eth.parquet
[14:56:01] tick 1212  + 463 rows  (1354 ms)  ws_cov=708  → live_eth.parquet
[14:56:03] tick 1213  + 463 rows  (1438 ms)  ws_cov=708  → live_eth.parquet
[14:56:04] tick 1214  + 462 rows  (1328 ms)  ws_cov=708  → live_eth.parquet
[14:56:06] tick 1215  + 463 rows  (1443 ms)  ws_cov=708  → live_eth.parquet
[14:56:08] tick 1216  + 464 rows  (2002 ms)  ws_cov=708  → live_eth.parquet
[14:56:09] tick 1217  + 462 rows  (1498 ms)  ws_cov=708  → live_eth.parquet
[14:56:10] tick 1218  + 462 rows  (1250 ms)  ws_cov=708  → live_eth.parquet
[14:56:12] tick 1219  + 462 rows  (1341 ms)  ws_cov=708  → live_eth.parquet
[14:56:14] tick 1220  + 463 rows  (1908 ms)  ws_cov=708  → live_eth.parquet
[14:56:15] tick 1221  + 463 rows  (1688 ms)  ws_cov=708  → live_eth.parquet
[14:56:17] tick 1222  + 463 rows  (1556 ms)  ws_cov=708  → live_eth.parquet
[14:56:18] tick 1223  + 463 rows  (1288 ms)  ws_cov=708  → live_eth.parquet
[14:56:20] tick 1224  + 463 rows  (1619 ms)  ws_cov=708  → live_eth.parquet
[14:56:21] tick 1225  + 463 rows  (1536 ms)  ws_cov=708  → live_eth.parquet
[14:56:23] tick 1226  + 463 rows  (1766 ms)  ws_cov=708  → live_eth.parquet
[14:56:25] tick 1227  + 463 rows  (1764 ms)  ws_cov=708  → live_eth.parquet
[14:56:26] tick 1228  + 463 rows  (1465 ms)  ws_cov=708  → live_eth.parquet
[14:56:27] tick 1229  + 463 rows  (1282 ms)  ws_cov=708  → live_eth.parquet
[14:56:29] tick 1230  + 463 rows  (1461 ms)  ws_cov=708  → live_eth.parquet
[14:56:30] tick 1231  + 463 rows  (1250 ms)  ws_cov=708  → live_eth.parquet
[14:56:32] tick 1232  + 463 rows  (1455 ms)  ws_cov=708  → live_eth.parquet
[14:56:33] tick 1233  + 463 rows  (1353 ms)  ws_cov=708  → live_eth.parquet
[14:56:34] tick 1234  + 463 rows  (1381 ms)  ws_cov=708  → live_eth.parquet
[14:56:36] tick 1235  + 463 rows  (1347 ms)  ws_cov=708  → live_eth.parquet
[14:56:37] tick 1236  + 463 rows  (1197 ms)  ws_cov=708  → live_eth.parquet
[14:56:38] tick 1237  + 463 rows  (1262 ms)  ws_cov=708  → live_eth.parquet
[14:56:40] tick 1238  + 463 rows  (1342 ms)  ws_cov=708  → live_eth.parquet
[14:56:42] tick 1239  + 463 rows  (2016 ms)  ws_cov=708  → live_eth.parquet
[14:56:44] tick 1240  + 463 rows  (1978 ms)  ws_cov=708  → live_eth.parquet
[14:56:45] tick 1241  + 464 rows  (1967 ms)  ws_cov=708  → live_eth.parquet
[14:56:47] tick 1242  + 462 rows  (1694 ms)  ws_cov=708  → live_eth.parquet
Network or API error fetching index price: HTTPSConnectionPool(host='www.deribit.com', port=443): Max retries exceeded with url: /api/v2/public/get_index_price?index_name=eth_usd (Caused by NewConnectionError('<urllib3.connection.HTTPSConnection object at 0x185a84e60>: Failed to establish a new connection: [Errno 51] Network is unreachable'))
Network or API error fetching book summary: HTTPSConnectionPool(host='www.deribit.com', port=443): Max retries exceeded with url: /api/v2/public/get_book_summary_by_currency?currency=eth&kind=option (Caused by NameResolutionError("<urllib3.connection.HTTPSConnection object at 0x1455f5c70>: Failed to resolve 'www.deribit.com' ([Errno 8] nodename nor servname provided, or not known)"))
[15:07:42] empty response — skipping
Network or API error fetching index price: HTTPSConnectionPool(host='www.deribit.com', port=443): Max retries exceeded with url: /api/v2/public/get_index_price?index_name=eth_usd (Caused by NameResolutionError("<urllib3.connection.HTTPSConnection object at 0x185a84a10>: Failed to resolve 'www.deribit.com' ([Errno 8] nodename nor servname provided, or not known)"))
Network or API error fetching book summary: HTTPSConnectionPool(host='www.deribit.com', port=443): Max retries exceeded with url: /api/v2/public/get_book_summary_by_currency?currency=eth&kind=option (Caused by NameResolutionError("<urllib3.connection.HTTPSConnection object at 0x185a87d40>: Failed to resolve 'www.deribit.com' ([Errno 8] nodename nor servname provided, or not known)"))
[15:07:42] empty response — skipping
Network or API error fetching index price: HTTPSConnectionPool(host='www.deribit.com', port=443): Max retries exceeded with url: /api/v2/public/get_index_price?index_name=eth_usd (Caused by NameResolutionError("<urllib3.connection.HTTPSConnection object at 0x185a85160>: Failed to resolve 'www.deribit.com' ([Errno 8] nodename nor servname provided, or not known)"))
Network or API error fetching book summary: HTTPSConnectionPool(host='www.deribit.com', port=443): Max retries exceeded with url: /api/v2/public/get_book_summary_by_currency?currency=eth&kind=option (Caused by NameResolutionError("<urllib3.connection.HTTPSConnection object at 0x185a867e0>: Failed to resolve 'www.deribit.com' ([Errno 8] nodename nor servname provided, or not known)"))
[15:07:43] empty response — skipping
[15:07:48] tick 1243  + 471 rows  (4428 ms)  ws_cov=708  → live_eth.parquet
[15:07:51] tick 1244  + 471 rows  (2848 ms)  ws_cov=708  → live_eth.parquet
[ws] error: Connection to remote host was lost.
[ws] closed: code=None reason=None
[15:07:53] tick 1245  + 470 rows  (1792 ms)  ws_cov=708  → live_eth.parquet
[ws] subscribed to 708 ticker channels
[15:07:55] tick 1246  + 471 rows  (1900 ms)  ws_cov=708  → live_eth.parquet
[15:07:57] tick 1247  + 469 rows  (1701 ms)  ws_cov=708  → live_eth.parquet
[15:07:59] tick 1248  + 469 rows  (1975 ms)  ws_cov=708  → live_eth.parquet
[15:08:00] tick 1249  + 469 rows  (1868 ms)  ws_cov=708  → live_eth.parquet
[15:08:02] tick 1250  + 469 rows  (1234 ms)  ws_cov=708  → live_eth.parquet
[15:08:03] tick 1251  + 469 rows  (1387 ms)  ws_cov=708  → live_eth.parquet
[15:08:04] tick 1252  + 469 rows  (1407 ms)  ws_cov=708  → live_eth.parquet
[15:08:06] tick 1253  + 469 rows  (1844 ms)  ws_cov=708  → live_eth.parquet
[15:08:08] tick 1254  + 469 rows  (2010 ms)  ws_cov=708  → live_eth.parquet
[15:08:10] tick 1255  + 470 rows  (1993 ms)  ws_cov=708  → live_eth.parquet
[15:08:12] tick 1256  + 470 rows  (1380 ms)  ws_cov=708  → live_eth.parquet
[15:08:13] tick 1257  + 470 rows  (1464 ms)  ws_cov=708  → live_eth.parquet
[15:08:15] tick 1258  + 470 rows  (1541 ms)  ws_cov=708  → live_eth.parquet
[15:08:16] tick 1259  + 470 rows  (1581 ms)  ws_cov=708  → live_eth.parquet
[15:08:18] tick 1260  + 469 rows  (1681 ms)  ws_cov=708  → live_eth.parquet
[15:08:19] tick 1261  + 469 rows  (1451 ms)  ws_cov=708  → live_eth.parquet
[15:08:21] tick 1262  + 470 rows  (1119 ms)  ws_cov=708  → live_eth.parquet
[15:08:22] tick 1263  + 469 rows  (1198 ms)  ws_cov=708  → live_eth.parquet
[15:08:23] tick 1264  + 469 rows  (1097 ms)  ws_cov=708  → live_eth.parquet
[15:08:24] tick 1265  + 467 rows  (1297 ms)  ws_cov=708  → live_eth.parquet
[15:08:25] tick 1266  + 468 rows  (1197 ms)  ws_cov=708  → live_eth.parquet
[15:08:27] tick 1267  + 469 rows  (1658 ms)  ws_cov=708  → live_eth.parquet
[15:08:29] tick 1268  + 468 rows  (1725 ms)  ws_cov=708  → live_eth.parquet
[15:08:30] tick 1269  + 468 rows  (1250 ms)  ws_cov=708  → live_eth.parquet
[15:08:31] tick 1270  + 469 rows  (1397 ms)  ws_cov=708  → live_eth.parquet
[15:08:33] tick 1271  + 469 rows  (1643 ms)  ws_cov=708  → live_eth.parquet
[15:08:34] tick 1272  + 469 rows  (1476 ms)  ws_cov=708  → live_eth.parquet
[15:08:36] tick 1273  + 469 rows  (1592 ms)  ws_cov=708  → live_eth.parquet
[15:08:37] tick 1274  + 469 rows  (1198 ms)  ws_cov=708  → live_eth.parquet
[15:08:39] tick 1275  + 469 rows  (1387 ms)  ws_cov=708  → live_eth.parquet
[15:08:40] tick 1276  + 469 rows  (1142 ms)  ws_cov=708  → live_eth.parquet
[15:08:41] tick 1277  + 469 rows  (1258 ms)  ws_cov=708  → live_eth.parquet
[15:08:42] tick 1278  + 469 rows  (1395 ms)  ws_cov=708  → live_eth.parquet
[15:08:44] tick 1279  + 469 rows  (1481 ms)  ws_cov=708  → live_eth.parquet
[15:08:45] tick 1280  + 469 rows  (1384 ms)  ws_cov=708  → live_eth.parquet
[15:08:47] tick 1281  + 469 rows  (1475 ms)  ws_cov=708  → live_eth.parquet
[15:08:48] tick 1282  + 469 rows  (1326 ms)  ws_cov=708  → live_eth.parquet
[15:08:50] tick 1283  + 469 rows  (2077 ms)  ws_cov=708  → live_eth.parquet
[15:08:52] tick 1284  + 469 rows  (2023 ms)  ws_cov=708  → live_eth.parquet
[15:08:54] tick 1285  + 468 rows  (1885 ms)  ws_cov=708  → live_eth.parquet
[15:08:56] tick 1286  + 468 rows  (2032 ms)  ws_cov=708  → live_eth.parquet
[15:08:58] tick 1287  + 468 rows  (1840 ms)  ws_cov=708  → live_eth.parquet
[15:08:59] tick 1288  + 469 rows  (1547 ms)  ws_cov=708  → live_eth.parquet
[15:09:01] tick 1289  + 469 rows  (1653 ms)  ws_cov=708  → live_eth.parquet
[15:09:03] tick 1290  + 469 rows  (1701 ms)  ws_cov=708  → live_eth.parquet
[15:09:05] tick 1291  + 470 rows  (1923 ms)  ws_cov=708  → live_eth.parquet
[15:09:06] tick 1292  + 468 rows  (1565 ms)  ws_cov=708  → live_eth.parquet
[15:09:08] tick 1293  + 468 rows  (1326 ms)  ws_cov=708  → live_eth.parquet
[15:09:09] tick 1294  + 468 rows  (1289 ms)  ws_cov=708  → live_eth.parquet
[15:09:10] tick 1295  + 468 rows  (1211 ms)  ws_cov=708  → live_eth.parquet
[15:09:11] tick 1296  + 468 rows  (1287 ms)  ws_cov=708  → live_eth.parquet
[15:09:13] tick 1297  + 468 rows  (1404 ms)  ws_cov=708  → live_eth.parquet
[15:09:14] tick 1298  + 468 rows  (1650 ms)  ws_cov=708  → live_eth.parquet
[15:09:17] tick 1299  + 468 rows  (2147 ms)  ws_cov=708  → live_eth.parquet
[15:09:19] tick 1300  + 468 rows  (1884 ms)  ws_cov=708  → live_eth.parquet
[15:09:20] tick 1301  + 468 rows  (1801 ms)  ws_cov=708  → live_eth.parquet
[15:09:23] tick 1302  + 468 rows  (2294 ms)  ws_cov=708  → live_eth.parquet
[15:09:24] tick 1303  + 469 rows  (1748 ms)  ws_cov=708  → live_eth.parquet
[15:09:26] tick 1304  + 468 rows  (1654 ms)  ws_cov=708  → live_eth.parquet
[15:09:28] tick 1305  + 468 rows  (1908 ms)  ws_cov=708  → live_eth.parquet
[15:09:30] tick 1306  + 468 rows  (1636 ms)  ws_cov=708  → live_eth.parquet
[15:09:32] tick 1307  + 468 rows  (2638 ms)  ws_cov=708  → live_eth.parquet
[15:09:34] tick 1308  + 469 rows  (1525 ms)  ws_cov=708  → live_eth.parquet
[15:09:36] tick 1309  + 469 rows  (1793 ms)  ws_cov=708  → live_eth.parquet
[15:09:38] tick 1310  + 469 rows  (2162 ms)  ws_cov=708  → live_eth.parquet
[15:09:39] tick 1311  + 471 rows  (1622 ms)  ws_cov=708  → live_eth.parquet
[15:09:41] tick 1312  + 470 rows  (1812 ms)  ws_cov=708  → live_eth.parquet
[15:09:46] tick 1313  + 471 rows  (5261 ms)  ws_cov=708  → live_eth.parquet
[15:09:48] tick 1314  + 468 rows  (2080 ms)  ws_cov=708  → live_eth.parquet
[15:09:51] tick 1315  + 469 rows  (2213 ms)  ws_cov=708  → live_eth.parquet
[15:09:53] tick 1316  + 470 rows  (2049 ms)  ws_cov=708  → live_eth.parquet
[15:09:55] tick 1317  + 471 rows  (2550 ms)  ws_cov=708  → live_eth.parquet
[15:09:58] tick 1318  + 470 rows  (2946 ms)  ws_cov=708  → live_eth.parquet
[15:10:00] tick 1319  + 471 rows  (1979 ms)  ws_cov=708  → live_eth.parquet
[15:10:02] tick 1320  + 471 rows  (1752 ms)  ws_cov=708  → live_eth.parquet
[15:10:04] tick 1321  + 471 rows  (1965 ms)  ws_cov=708  → live_eth.parquet
[15:10:06] tick 1322  + 471 rows  (2140 ms)  ws_cov=708  → live_eth.parquet
[15:10:09] tick 1323  + 471 rows  (2766 ms)  ws_cov=708  → live_eth.parquet
[15:10:11] tick 1324  + 471 rows  (1984 ms)  ws_cov=708  → live_eth.parquet
[15:10:13] tick 1325  + 469 rows  (1869 ms)  ws_cov=708  → live_eth.parquet
[15:10:14] tick 1326  + 469 rows  (1799 ms)  ws_cov=708  → live_eth.parquet
[15:10:17] tick 1327  + 470 rows  (2464 ms)  ws_cov=708  → live_eth.parquet
[15:10:19] tick 1328  + 470 rows  (2188 ms)  ws_cov=708  → live_eth.parquet
[15:10:21] tick 1329  + 470 rows  (2057 ms)  ws_cov=708  → live_eth.parquet
[15:10:23] tick 1330  + 469 rows  (1785 ms)  ws_cov=708  → live_eth.parquet
[15:10:26] tick 1331  + 469 rows  (2713 ms)  ws_cov=708  → live_eth.parquet
[15:10:27] tick 1332  + 471 rows  (1798 ms)  ws_cov=708  → live_eth.parquet
[15:10:32] tick 1333  + 471 rows  (4815 ms)  ws_cov=708  → live_eth.parquet
[15:10:35] tick 1334  + 472 rows  (3182 ms)  ws_cov=708  → live_eth.parquet
[15:10:38] tick 1335  + 472 rows  (2118 ms)  ws_cov=708  → live_eth.parquet
[15:10:40] tick 1336  + 471 rows  (2258 ms)  ws_cov=708  → live_eth.parquet
[15:10:42] tick 1337  + 472 rows  (2350 ms)  ws_cov=708  → live_eth.parquet
[15:10:45] tick 1338  + 472 rows  (2566 ms)  ws_cov=708  → live_eth.parquet
[15:10:47] tick 1339  + 471 rows  (1895 ms)  ws_cov=708  → live_eth.parquet
[15:10:49] tick 1340  + 470 rows  (2235 ms)  ws_cov=708  → live_eth.parquet
[15:10:50] tick 1341  + 472 rows  (1350 ms)  ws_cov=708  → live_eth.parquet
[15:10:53] tick 1342  + 471 rows  (2366 ms)  ws_cov=708  → live_eth.parquet
[15:10:55] tick 1343  + 471 rows  (2569 ms)  ws_cov=708  → live_eth.parquet
[15:10:57] tick 1344  + 471 rows  (2213 ms)  ws_cov=708  → live_eth.parquet
[15:11:00] tick 1345  + 471 rows  (2745 ms)  ws_cov=708  → live_eth.parquet
[15:11:03] tick 1346  + 471 rows  (2506 ms)  ws_cov=708  → live_eth.parquet
[15:11:04] tick 1347  + 470 rows  (1770 ms)  ws_cov=708  → live_eth.parquet
[15:11:06] tick 1348  + 470 rows  (2069 ms)  ws_cov=708  → live_eth.parquet
[15:11:08] tick 1349  + 470 rows  (1973 ms)  ws_cov=708  → live_eth.parquet
[15:11:11] tick 1350  + 471 rows  (2426 ms)  ws_cov=708  → live_eth.parquet
[15:11:13] tick 1351  + 471 rows  (2041 ms)  ws_cov=708  → live_eth.parquet
[15:11:15] tick 1352  + 471 rows  (1910 ms)  ws_cov=708  → live_eth.parquet
[15:11:19] tick 1353  + 471 rows  (4062 ms)  ws_cov=708  → live_eth.parquet
[15:11:22] tick 1354  + 470 rows  (3201 ms)  ws_cov=708  → live_eth.parquet
[15:11:24] tick 1355  + 470 rows  (2003 ms)  ws_cov=708  → live_eth.parquet
[15:11:26] tick 1356  + 470 rows  (2310 ms)  ws_cov=708  → live_eth.parquet
[15:11:29] tick 1357  + 471 rows  (2337 ms)  ws_cov=708  → live_eth.parquet
[15:11:32] tick 1358  + 470 rows  (3173 ms)  ws_cov=708  → live_eth.parquet
[15:11:34] tick 1359  + 469 rows  (1848 ms)  ws_cov=708  → live_eth.parquet
[15:11:36] tick 1360  + 468 rows  (2585 ms)  ws_cov=708  → live_eth.parquet
[15:11:40] tick 1361  + 468 rows  (3247 ms)  ws_cov=708  → live_eth.parquet
[15:11:42] tick 1362  + 468 rows  (2811 ms)  ws_cov=708  → live_eth.parquet
[15:11:45] tick 1363  + 468 rows  (2765 ms)  ws_cov=708  → live_eth.parquet
[15:11:47] tick 1364  + 468 rows  (2202 ms)  ws_cov=708  → live_eth.parquet
[15:11:49] tick 1365  + 468 rows  (1620 ms)  ws_cov=708  → live_eth.parquet
[15:11:52] tick 1366  + 469 rows  (2501 ms)  ws_cov=708  → live_eth.parquet
[15:11:54] tick 1367  + 469 rows  (2957 ms)  ws_cov=708  → live_eth.parquet
[15:12:00] tick 1368  + 469 rows  (5107 ms)  ws_cov=708  → live_eth.parquet
[15:12:03] tick 1369  + 469 rows  (3663 ms)  ws_cov=708  → live_eth.parquet
[15:12:06] tick 1370  + 469 rows  (3145 ms)  ws_cov=708  → live_eth.parquet
[15:12:09] tick 1371  + 469 rows  (2325 ms)  ws_cov=708  → live_eth.parquet
[15:12:11] tick 1372  + 469 rows  (2598 ms)  ws_cov=708  → live_eth.parquet
[15:12:13] tick 1373  + 469 rows  (2028 ms)  ws_cov=708  → live_eth.parquet
[15:12:15] tick 1374  + 468 rows  (2081 ms)  ws_cov=708  → live_eth.parquet
[15:12:17] tick 1375  + 468 rows  (1751 ms)  ws_cov=708  → live_eth.parquet
[15:12:22] tick 1376  + 468 rows  (4382 ms)  ws_cov=708  → live_eth.parquet
[15:12:24] tick 1377  + 468 rows  (2553 ms)  ws_cov=708  → live_eth.parquet
[15:12:27] tick 1378  + 466 rows  (2531 ms)  ws_cov=708  → live_eth.parquet
[15:12:30] tick 1379  + 466 rows  (3184 ms)  ws_cov=708  → live_eth.parquet
[15:12:32] tick 1380  + 466 rows  (2504 ms)  ws_cov=708  → live_eth.parquet
[15:12:38] tick 1381  + 467 rows  (5883 ms)  ws_cov=708  → live_eth.parquet
[15:12:40] tick 1382  + 466 rows  (1993 ms)  ws_cov=708  → live_eth.parquet
[15:12:42] tick 1383  + 466 rows  (1978 ms)  ws_cov=708  → live_eth.parquet
[15:12:45] tick 1384  + 469 rows  (2348 ms)  ws_cov=708  → live_eth.parquet
[15:12:47] tick 1385  + 469 rows  (2174 ms)  ws_cov=708  → live_eth.parquet
[15:12:49] tick 1386  + 469 rows  (1818 ms)  ws_cov=708  → live_eth.parquet
[15:12:50] tick 1387  + 469 rows  (1786 ms)  ws_cov=708  → live_eth.parquet
[15:12:53] tick 1388  + 467 rows  (3195 ms)  ws_cov=708  → live_eth.parquet
[15:12:56] tick 1389  + 467 rows  (2048 ms)  ws_cov=708  → live_eth.parquet
[15:12:57] tick 1390  + 467 rows  (1634 ms)  ws_cov=708  → live_eth.parquet
[15:12:59] tick 1391  + 466 rows  (1618 ms)  ws_cov=708  → live_eth.parquet
[15:13:00] tick 1392  + 467 rows  (1700 ms)  ws_cov=708  → live_eth.parquet
[15:13:02] tick 1393  + 467 rows  (1738 ms)  ws_cov=708  → live_eth.parquet
[15:13:04] tick 1394  + 467 rows  (2007 ms)  ws_cov=708  → live_eth.parquet
[15:13:07] tick 1395  + 468 rows  (3059 ms)  ws_cov=708  → live_eth.parquet
[15:13:09] tick 1396  + 466 rows  (1678 ms)  ws_cov=708  → live_eth.parquet
[15:13:11] tick 1397  + 448 rows  (2094 ms)  ws_cov=708  → live_eth.parquet
[15:13:13] tick 1398  + 449 rows  (1730 ms)  ws_cov=708  → live_eth.parquet
[15:13:15] tick 1399  + 448 rows  (1756 ms)  ws_cov=708  → live_eth.parquet
[15:13:17] tick 1400  + 449 rows  (2077 ms)  ws_cov=708  → live_eth.parquet
[15:13:18] tick 1401  + 448 rows  (1766 ms)  ws_cov=708  → live_eth.parquet
[15:13:20] tick 1402  + 449 rows  (2046 ms)  ws_cov=708  → live_eth.parquet
[15:13:23] tick 1403  + 450 rows  (2319 ms)  ws_cov=708  → live_eth.parquet
[15:13:26] tick 1404  + 449 rows  (3249 ms)  ws_cov=708  → live_eth.parquet
[15:13:28] tick 1405  + 452 rows  (2378 ms)  ws_cov=708  → live_eth.parquet
[15:13:31] tick 1406  + 450 rows  (2522 ms)  ws_cov=708  → live_eth.parquet
[15:13:34] tick 1407  + 450 rows  (3225 ms)  ws_cov=708  → live_eth.parquet
[15:13:36] tick 1408  + 449 rows  (2228 ms)  ws_cov=708  → live_eth.parquet
[15:13:39] tick 1409  + 449 rows  (2720 ms)  ws_cov=708  → live_eth.parquet
[15:13:41] tick 1410  + 449 rows  (2313 ms)  ws_cov=708  → live_eth.parquet
[15:13:43] tick 1411  + 449 rows  (2022 ms)  ws_cov=708  → live_eth.parquet
[15:13:45] tick 1412  + 450 rows  (1854 ms)  ws_cov=708  → live_eth.parquet
[15:13:47] tick 1413  + 451 rows  (1564 ms)  ws_cov=708  → live_eth.parquet
[15:13:49] tick 1414  + 451 rows  (1893 ms)  ws_cov=708  → live_eth.parquet
[15:13:50] tick 1415  + 452 rows  (1713 ms)  ws_cov=708  → live_eth.parquet
[15:13:52] tick 1416  + 453 rows  (1993 ms)  ws_cov=708  → live_eth.parquet
[15:13:56] tick 1417  + 453 rows  (3560 ms)  ws_cov=708  → live_eth.parquet
[15:13:59] tick 1418  + 454 rows  (2572 ms)  ws_cov=708  → live_eth.parquet
[15:14:00] tick 1419  + 453 rows  (1669 ms)  ws_cov=708  → live_eth.parquet
[15:14:02] tick 1420  + 453 rows  (1696 ms)  ws_cov=708  → live_eth.parquet
[15:14:04] tick 1421  + 453 rows  (1680 ms)  ws_cov=708  → live_eth.parquet
[15:14:05] tick 1422  + 454 rows  (1662 ms)  ws_cov=708  → live_eth.parquet
[15:14:07] tick 1423  + 454 rows  (1614 ms)  ws_cov=708  → live_eth.parquet
[15:14:09] tick 1424  + 455 rows  (1756 ms)  ws_cov=708  → live_eth.parquet
[15:14:10] tick 1425  + 455 rows  (1820 ms)  ws_cov=708  → live_eth.parquet
[15:14:13] tick 1426  + 454 rows  (2140 ms)  ws_cov=708  → live_eth.parquet
[15:14:15] tick 1427  + 454 rows  (1938 ms)  ws_cov=708  → live_eth.parquet
[15:14:17] tick 1428  + 454 rows  (2112 ms)  ws_cov=708  → live_eth.parquet
[15:14:19] tick 1429  + 454 rows  (2269 ms)  ws_cov=708  → live_eth.parquet
[15:14:22] tick 1430  + 454 rows  (3063 ms)  ws_cov=708  → live_eth.parquet
[15:14:24] tick 1431  + 454 rows  (2461 ms)  ws_cov=708  → live_eth.parquet
[15:14:27] tick 1432  + 455 rows  (2517 ms)  ws_cov=708  → live_eth.parquet
[15:14:31] tick 1433  + 457 rows  (4274 ms)  ws_cov=708  → live_eth.parquet
[15:14:34] tick 1434  + 457 rows  (2697 ms)  ws_cov=708  → live_eth.parquet
[15:14:37] tick 1435  + 457 rows  (3386 ms)  ws_cov=708  → live_eth.parquet
[15:14:40] tick 1436  + 457 rows  (2622 ms)  ws_cov=708  → live_eth.parquet
[15:14:42] tick 1437  + 458 rows  (2493 ms)  ws_cov=708  → live_eth.parquet
[15:14:45] tick 1438  + 458 rows  (2180 ms)  ws_cov=708  → live_eth.parquet
[15:14:47] tick 1439  + 458 rows  (2179 ms)  ws_cov=708  → live_eth.parquet
[15:14:49] tick 1440  + 458 rows  (2187 ms)  ws_cov=708  → live_eth.parquet
[15:14:52] tick 1441  + 458 rows  (3315 ms)  ws_cov=708  → live_eth.parquet
[15:14:56] tick 1442  + 459 rows  (3757 ms)  ws_cov=708  → live_eth.parquet
[15:15:00] tick 1443  + 459 rows  (3647 ms)  ws_cov=708  → live_eth.parquet
[15:15:04] tick 1444  + 457 rows  (4178 ms)  ws_cov=708  → live_eth.parquet
[15:15:08] tick 1445  + 460 rows  (4433 ms)  ws_cov=708  → live_eth.parquet
[15:15:11] tick 1446  + 459 rows  (2821 ms)  ws_cov=708  → live_eth.parquet
[15:15:15] tick 1447  + 458 rows  (4196 ms)  ws_cov=708  → live_eth.parquet
[15:15:21] tick 1448  + 462 rows  (5751 ms)  ws_cov=708  → live_eth.parquet
[15:15:25] tick 1449  + 458 rows  (4383 ms)  ws_cov=708  → live_eth.parquet
[15:15:33] tick 1450  + 457 rows  (7114 ms)  ws_cov=708  → live_eth.parquet
[15:15:38] tick 1451  + 459 rows  (5714 ms)  ws_cov=708  → live_eth.parquet
[15:15:42] tick 1452  + 460 rows  (3848 ms)  ws_cov=708  → live_eth.parquet
[15:15:45] tick 1453  + 458 rows  (2974 ms)  ws_cov=708  → live_eth.parquet
[15:15:50] tick 1454  + 458 rows  (4569 ms)  ws_cov=708  → live_eth.parquet
[15:15:54] tick 1455  + 459 rows  (4139 ms)  ws_cov=708  → live_eth.parquet
[15:15:59] tick 1456  + 458 rows  (5073 ms)  ws_cov=708  → live_eth.parquet
[15:16:07] tick 1457  + 459 rows  (8051 ms)  ws_cov=708  → live_eth.parquet
[15:16:12] tick 1458  + 462 rows  (4755 ms)  ws_cov=708  → live_eth.parquet
[15:16:19] tick 1459  + 462 rows  (7265 ms)  ws_cov=708  → live_eth.parquet
[15:16:23] tick 1460  + 460 rows  (3812 ms)  ws_cov=708  → live_eth.parquet
[15:16:25] tick 1461  + 461 rows  (2433 ms)  ws_cov=708  → live_eth.parquet
[15:16:28] tick 1462  + 462 rows  (2901 ms)  ws_cov=708  → live_eth.parquet
[15:16:35] tick 1463  + 461 rows  (6697 ms)  ws_cov=708  → live_eth.parquet
[ws] error: ping/pong timed out
[15:16:40] tick 1464  + 462 rows  (4769 ms)  ws_cov=708  → live_eth.parquet
[ws] closed: code=None reason=None
[15:16:43] tick 1465  + 462 rows  (3360 ms)  ws_cov=708  → live_eth.parquet
[ws] subscribed to 708 ticker channels
[15:16:46] tick 1466  + 462 rows  (3057 ms)  ws_cov=708  → live_eth.parquet