bid_price,ask_price,open_interest,mark_price,creation_timestamp_x,volume,mark_iv,underlying_price,underlying_index,estimated_delivery_price,mid_price,price_index,expiration_timestamp,strike,settlement_period,option_type,instrument_id,bid_size,ask_size
0.0125,0.013,613.0,0.01269866,1782294155831,48.1,35.09,62703.45,BTC-31JUL26,62579.32,0.01275,62584.12,31JUL26,69000,,C,BTC-31JUL26-69000-C,,
0.066,0.0675,100.5,0.06667513,1782294155831,0.6,39.03,62878.45,BTC-28AUG26,62579.32,0.06675,62584.12,28AUG26,63000,,P,BTC-28AUG26-63000-P,,
0.691,0.8155,0.0,0.74996583,1782294155831,0.0,51.2,62878.45,BTC-28AUG26,62579.32,0.75325,62584.12,28AUG26,110000,,P,BTC-28AUG26-110000-P,,
0.3895,0.395,63.3,0.39203035,1782294155831,0.0,56.9,63754.02,BTC-25DEC26,62579.32,0.39225,62584.12,25DEC26,40000,,C,BTC-25DEC26-40000-C,,
0.0001,0.0003,7.1,0.00018245,1782294155831,7.1,41.78,62578.91,index_price,62579.32,0.0002,62584.12,27JUN26,68000,,C,BTC-27JUN26-68000-C,,
1.047,1.204,0.6,1.1196394,1782294155831,0.0,47.3,63754.02,BTC-25DEC26,62579.32,1.1255,62584.12,25DEC26,135000,,P,BTC-25DEC26-135000-P,,
0.019,0.0205,150.3,0.01969534,1782294155831,0.0,42.3,64393.66,BTC-26MAR27,62579.32,0.01975,62584.12,26MAR27,105000,,C,BTC-26MAR27-105000-C,,
0.515,0.6575,12.1,0.5777499,1782294155831,0.0,41.95,64393.75,BTC-26MAR27,62579.32,0.58625,62584.12,26MAR27,100000,,P,BTC-26MAR27-100000-P,,
0.0365,0.0375,288.2,0.03692153,1782294155831,0.0,42.65,62878.45,BTC-28AUG26,62579.32,0.037,62584.12,28AUG26,58000,,P,BTC-28AUG26-58000-P,,
0.1145,0.157,0.1,0.11973577,1782294155831,0.0,34.75,62636.21,BTC-10JUL26,62579.32,0.13575,62584.12,10JUL26,70000,,P,BTC-10JUL26-70000-P,,
0.031,0.032,949.2,0.03158742,1782294155831,52.8,36.92,62703.45,BTC-31JUL26,62579.32,0.0315,62584.12,31JUL26,65000,,C,BTC-31JUL26-65000-C,,
0.247,0.3445,0.1,0.29187663,1782294155831,0.0,36.39,62878.45,BTC-28AUG26,62579.32,0.29575,62584.12,28AUG26,81000,,P,BTC-28AUG26-81000-P,,
,0.0001,135.9,0.0,1782294155831,0.0,125.23,62584.86,BTC-26JUN26,62579.32,,62584.12,26JUN26,320000,,C,BTC-26JUN26-320000-C,,
,0.0001,244.9,0.0,1782294155831,0.0,81.53,62584.86,BTC-26JUN26,62579.32,,62584.12,26JUN26,94000,,C,BTC-26JUN26-94000-C,,
0.0085,0.0095,237.9,0.00901898,1782294155831,5.3,56.51,62878.45,BTC-28AUG26,62579.32,0.009,62584.12,28AUG26,46000,,P,BTC-28AUG26-46000-P,,
1.1615,1.318,23.1,1.23693665,1782294155831,12.5,113.48,62584.98,BTC-26JUN26,62579.32,1.23975,62584.12,26JUN26,140000,,P,BTC-26JUN26-140000-P,,
0.005,0.006,714.9,0.00547044,1782294155832,7.3,45.71,64393.66,BTC-26MAR27,62579.32,0.0055,62584.12,26MAR27,140000,,C,BTC-26MAR27-140000-C,,
1.3935,1.566,1.8,1.47660843,1782294155832,0.0,125.22,62584.86,BTC-26JUN26,62579.32,1.47975,62584.12,26JUN26,155000,,P,BTC-26JUN26-155000-P,,
0.2075,0.2125,2.3,0.20963304,1782294155832,0.0,54.68,62703.45,BTC-31JUL26,62579.32,0.21,62584.12,31JUL26,50000,,C,BTC-31JUL26-50000-C,,
0.133,0.1355,80.8,0.13393761,1782294155832,0.0,43.02,63754.02,BTC-25DEC26,62579.32,0.13425,62584.12,25DEC26,62000,,C,BTC-25DEC26-62000-C,,
0.1465,0.1545,3101.6,0.15048008,1782294155832,25.0,70.96,62584.86,BTC-26JUN26,62579.32,0.1505,62584.12,26JUN26,72000,,P,BTC-26JUN26-72000-P,,
,0.0001,6249.9,1e-08,1782294155832,0.0,71.27,62584.86,BTC-26JUN26,62579.32,,62584.12,26JUN26,80000,,C,BTC-26JUN26-80000-C,,
0.526,0.529,99.5,0.52725907,1782294155832,0.0,76.23,63105.56,BTC-25SEP26,62579.32,0.5275,62584.12,25SEP26,30000,,C,BTC-25SEP26-30000-C,,
0.664,0.7865,0.0,0.72261782,1782294155832,0.0,62.47,62703.45,BTC-31JUL26,62579.32,0.72525,62584.12,31JUL26,108000,,P,BTC-31JUL26-108000-P,,
0.0045,0.0049,289.2,0.00481176,1782294155832,61.5,35.13,62703.45,BTC-31JUL26,62579.32,0.0047,62584.12,31JUL26,73000,,C,BTC-31JUL26-73000-C,,
0.0165,0.018,48.4,0.0172013,1782294155832,0.0,42.49,64393.75,BTC-26MAR27,62579.32,0.01725,62584.12,26MAR27,108000,,C,BTC-26MAR27-108000-C,,
0.827,0.8455,286.3,0.83748368,1782294155832,0.0,95.7,62584.86,BTC-26JUN26,62579.32,0.83625,62584.12,26JUN26,115000,,P,BTC-26JUN26-115000-P,,
1.9335,2.146,5.8,2.0358426,1782294155832,0.0,125.23,62584.86,BTC-26JUN26,62579.32,2.03975,62584.12,26JUN26,190000,,P,BTC-26JUN26-190000-P,,
,0.0002,352.4,0.00020763,1782294155832,0.3,65.55,63105.68,BTC-25SEP26,62579.32,,62584.12,25SEP26,170000,,C,BTC-25SEP26-170000-C,,
0.0555,0.0615,72.9,0.05880461,1782294155832,1.0,34.26,62619.21,BTC-3JUL26,62579.32,0.0585,62584.12,3JUL26,66000,,P,BTC-3JUL26-66000-P,,
0.1505,0.1525,285.2,0.15143088,1782294155832,0.1,43.73,63754.02,BTC-25DEC26,62579.32,0.1515,62584.12,25DEC26,60000,,C,BTC-25DEC26-60000-C,,
1.9095,2.1215,0.0,2.01087681,1782294155832,0.0,65.73,63105.68,BTC-25SEP26,62579.32,2.0155,62584.12,25SEP26,190000,,P,BTC-25SEP26-190000-P,,
0.0002,0.0004,1128.0,0.00028495,1782294155832,0.3,53.45,62703.45,BTC-31JUL26,62579.32,0.0003,62584.12,31JUL26,98000,,C,BTC-31JUL26-98000-C,,
0.013,0.014,294.0,0.01399045,1782294155832,1.1,35.96,62878.45,BTC-28AUG26,62579.32,0.0135,62584.12,28AUG26,73000,,C,BTC-28AUG26-73000-C,,
0.0165,0.0175,0.0,0.01686312,1782294155832,0.0,32.31,62599.520000000004,SYN.BTC-28JUN26,62579.32,0.017,62584.12,28JUN26,63000,,P,BTC-28JUN26-63000-P,,
,0.0001,200.1,0.0,1782294155832,0.0,125.23,62584.86,BTC-26JUN26,62579.32,,62584.12,26JUN26,250000,,C,BTC-26JUN26-250000-C,,
0.084,0.086,1339.7,0.0850169,1782294155832,0.0,46.05,64393.66,BTC-26MAR27,62579.32,0.085,62584.12,26MAR27,55000,,P,BTC-26MAR27-55000-P,,
0.0006,0.0008,669.2,0.00063385,1782294155832,0.4,40.84,62703.45,BTC-31JUL26,62579.32,0.0007,62584.12,31JUL26,84000,,C,BTC-31JUL26-84000-C,,
0.129,0.157,0.0,0.13451335,1782294155832,0.0,61.84,62578.91,index_price,62579.32,0.143,62584.12,25JUN26,71000,,P,BTC-25JUN26-71000-P,,
0.127,0.131,42.2,0.12874854,1782294155832,0.0,42.57,63105.56,BTC-25SEP26,62579.32,0.129,62584.12,25SEP26,58000,,C,BTC-25SEP26-58000-C,,
0.057,0.0625,0.0,0.0593112,1782294155832,0.0,50.37,62578.91,index_price,62579.32,0.05975,62584.12,27JUN26,59000,,C,BTC-27JUN26-59000-C,,
0.041,0.0425,86.4,0.04168935,1782294155832,35.3,41.83,62878.45,BTC-28AUG26,62579.32,0.04175,62584.12,28AUG26,59000,,P,BTC-28AUG26-59000-P,,
0.241,0.25,1634.7,0.24629341,1782294155832,13.6,71.27,62584.86,BTC-26JUN26,62579.32,0.2455,62584.12,26JUN26,78000,,P,BTC-26JUN26-78000-P,,
0.022,0.0265,17.9,0.02441387,1782294155832,17.9,39.58,62578.91,index_price,62579.32,0.02425,62584.12,27JUN26,61500,,C,BTC-27JUN26-61500-C,,
0.6005,0.746,0.0,0.66497858,1782294155832,0.0,42.31,64393.66,BTC-26MAR27,62579.32,0.67325,62584.12,26MAR27,106000,,P,BTC-26MAR27-106000-P,,
0.0004,0.0006,82.7,0.00049027,1782294155832,0.2,48.22,62878.45,BTC-28AUG26,62579.32,0.0005,62584.12,28AUG26,105000,,C,BTC-28AUG26-105000-C,,
3.594,3.9275,0.0,3.75394228,1782294155832,0.0,84.97,63105.56,BTC-25SEP26,62579.32,3.76075,62584.12,25SEP26,300000,,P,BTC-25SEP26-300000-P,,
0.2455,0.2805,0.0,0.24759334,1782294155832,0.0,53.4,62878.45,BTC-28AUG26,62579.32,0.263,62584.12,28AUG26,48000,,C,BTC-28AUG26-48000-C,,
0.0825,0.1135,18.6,0.0876798,1782294155832,0.0,35.12,62619.09,BTC-3JUL26,62579.32,0.098,62584.12,3JUL26,68000,,P,BTC-3JUL26-68000-P,,
2.183,2.4175,0.0,2.29429268,1782294155832,0.0,58.0,63754.01,BTC-25DEC26,62579.32,2.30025,62584.12,25DEC26,210000,,P,BTC-25DEC26-210000-P,,
0.0045,0.0047,661.9,0.00465971,1782294155832,5.4,68.69,63105.68,BTC-25SEP26,62579.32,0.0046,62584.12,25SEP26,35000,,P,BTC-25SEP26-35000-P,,
0.086,0.088,496.2,0.0868844,1782294155832,1.0,39.33,63105.56,BTC-25SEP26,62579.32,0.087,62584.12,25SEP26,64000,,P,BTC-25SEP26-64000-P,,
1.0675,1.22,11.5,1.13959135,1782294155832,0.0,54.35,63105.68,BTC-25SEP26,62579.32,1.14375,62584.12,25SEP26,135000,,P,BTC-25SEP26-135000-P,,
0.0285,0.0295,294.1,0.02890074,1782294155832,0.9,44.43,62878.45,BTC-28AUG26,62579.32,0.029,62584.12,28AUG26,56000,,P,BTC-28AUG26-56000-P,,
0.0385,0.0395,6437.9,0.03890344,1782294155832,293.3,40.37,63754.02,BTC-25DEC26,62579.32,0.039,62584.12,25DEC26,80000,,C,BTC-25DEC26-80000-C,,
0.641,0.6665,109.4,0.65412288,1782294155832,0.0,41.75,63754.02,BTC-25DEC26,62579.32,0.65375,62584.12,25DEC26,105000,,P,BTC-25DEC26-105000-P,,
2.0315,2.2555,0.0,2.13754442,1782294155832,0.0,57.17,63754.01,BTC-25DEC26,62579.32,2.1435,62584.12,25DEC26,200000,,P,BTC-25DEC26-200000-P,,
0.0001,0.0003,161.7,0.00017821,1782294155832,0.0,66.69,62703.45,BTC-31JUL26,62579.32,0.0002,62584.12,31JUL26,115000,,C,BTC-31JUL26-115000-C,,
0.0014,0.0017,0.0,0.0015603,1782294155832,0.0,49.98,62599.520000000004,SYN.BTC-28JUN26,62579.32,0.00155,62584.12,28JUN26,58000,,P,BTC-28JUN26-58000-P,,
0.1835,0.1865,311.6,0.1843672,1782294155832,1.0,44.48,64393.66,BTC-26MAR27,62579.32,0.185,62584.12,26MAR27,60000,,C,BTC-26MAR27-60000-C,,
1.577,1.77,0.0,1.66752223,1782294155832,0.0,54.07,63754.02,BTC-25DEC26,62579.32,1.6735,62584.12,25DEC26,170000,,P,BTC-25DEC26-170000-P,,
0.0026,0.0029,213.7,0.00272798,1782294155832,4.3,34.27,62619.21,BTC-3JUL26,62579.32,0.00275,62584.12,3JUL26,67000,,C,BTC-3JUL26-67000-C,,
0.0815,0.108,0.0,0.08649255,1782294155832,0.0,36.74,62592.596666666665,SYN.BTC-28JUN26,62579.32,0.09475,62584.12,28JUN26,68000,,P,BTC-28JUN26-68000-P,,
0.064,0.0655,468.1,0.06466778,1782294155835,13.3,39.03,62878.45,BTC-28AUG26,62579.32,0.06475,62584.12,28AUG26,63000,,C,BTC-28AUG26-63000-C,,
0.0835,0.107,0.0,0.10239868,1782294155835,0.0,40.1,62599.520000000004,SYN.BTC-28JUN26,62579.32,0.09525,62584.12,28JUN26,69000,,P,BTC-28JUN26-69000-P,,
0.0046,0.0049,566.2,0.004736,1782294155835,110.6,34.26,62619.09,BTC-3JUL26,62579.32,0.00475,62584.12,3JUL26,66000,,C,BTC-3JUL26-66000-C,,
0.068,0.07,1107.8,0.06885575,1782294155835,42.1,40.94,63754.02,BTC-25DEC26,62579.32,0.069,62584.12,25DEC26,72000,,C,BTC-25DEC26-72000-C,,
0.171,0.1755,0.0,0.17317579,1782294155835,0.0,59.86,62636.21,BTC-10JUL26,62579.32,0.17325,62584.12,10JUL26,52000,,C,BTC-10JUL26-52000-C,,
0.0125,0.013,3306.9,0.01291194,1782294155835,28.1,36.71,63105.56,BTC-25SEP26,62579.32,0.01275,62584.12,25SEP26,78000,,C,BTC-25SEP26-78000-C,,
0.0145,0.0155,66.2,0.01487567,1782294155835,23.2,35.43,62636.33,BTC-10JUL26,62579.32,0.015,62584.12,10JUL26,65000,,C,BTC-10JUL26-65000-C,,
0.019,0.0195,3827.1,0.01943773,1782294155835,287.2,56.9,63754.02,BTC-25DEC26,62579.32,0.01925,62584.12,25DEC26,40000,,P,BTC-25DEC26-40000-P,,
0.0001,0.0003,49.0,0.00017059,1782294155835,53.2,31.27,62578.91,index_price,62579.32,0.0002,62584.12,25JUN26,64500,,C,BTC-25JUN26-64500-C,,
0.002,0.0023,1042.9,0.00213949,1782294155835,7.0,47.3,63754.02,BTC-25DEC26,62579.32,0.00215,62584.12,25DEC26,135000,,C,BTC-25DEC26-135000-C,,
0.0002,0.0005,126.0,0.00036207,1782294155835,1.5,38.22,62636.21,BTC-10JUL26,62579.32,0.00035,62584.12,10JUL26,75000,,C,BTC-10JUL26-75000-C,,
0.0008,0.001,1283.8,0.00086744,1782294155835,1.0,38.15,62703.45,BTC-31JUL26,62579.32,0.0009,62584.12,31JUL26,81000,,C,BTC-31JUL26-81000-C,,
0.09,0.094,147.3,0.09248614,1782294155835,0.0,37.51,62878.45,BTC-28AUG26,62579.32,0.092,62584.12,28AUG26,66000,,P,BTC-28AUG26-66000-P,,
,0.0001,957.1,0.0,1782294155835,0.0,108.85,62584.86,BTC-26JUN26,62579.32,,62584.12,26JUN26,135000,,C,BTC-26JUN26-135000-C,,
0.0017,0.002,1513.6,0.00180948,1782294155835,12.2,35.9,62703.57,BTC-31JUL26,62579.32,0.00185,62584.12,31JUL26,77000,,C,BTC-31JUL26-77000-C,,
0.5795,0.7105,0.0,0.6387336,1782294155835,0.0,41.47,63754.02,BTC-25DEC26,62579.32,0.645,62584.12,25DEC26,104000,,P,BTC-25DEC26-104000-P,,
0.1425,0.1925,0.0,0.16927421,1782294155835,0.0,102.7,62584.86,BTC-26JUN26,62579.32,0.1675,62584.12,26JUN26,52000,,C,BTC-26JUN26-52000-C,,
0.235,0.3245,1.0,0.27767859,1782294155835,0.0,49.76,62619.09,BTC-3JUL26,62579.32,0.27975,62584.12,3JUL26,80000,,P,BTC-3JUL26-80000-P,,
0.356,0.3645,548.5,0.36033158,1782294155835,0.0,40.31,63754.02,BTC-25DEC26,62579.32,0.36025,62584.12,25DEC26,85000,,P,BTC-25DEC26-85000-P,,
0.342,0.3505,47.0,0.34642556,1782294155835,0.0,40.19,63754.02,BTC-25DEC26,62579.32,0.34625,62584.12,25DEC26,84000,,P,BTC-25DEC26-84000-P,,
0.045,0.049,214.6,0.04619897,1782294155835,2.1,34.81,62619.21,BTC-3JUL26,62579.32,0.047,62584.12,3JUL26,65000,,P,BTC-3JUL26-65000-P,,
0.0005,0.0007,2120.9,0.00056549,1782294155835,0.5,41.61,62703.45,BTC-31JUL26,62579.32,0.0006,62584.12,31JUL26,85000,,C,BTC-31JUL26-85000-C,,
0.3285,0.3415,33.9,0.33731234,1782294155835,0.0,37.51,63105.56,BTC-25SEP26,62579.32,0.335,62584.12,25SEP26,84000,,P,BTC-25SEP26-84000-P,,
1.702,1.908,0.0,1.79776157,1782294155835,0.0,50.39,64393.66,BTC-26MAR27,62579.32,1.805,62584.12,26MAR27,180000,,P,BTC-26MAR27-180000-P,,
4.2495,4.63,0.0,4.43256043,1782294155835,0.0,125.23,62584.86,BTC-26JUN26,62579.32,4.43975,62584.12,26JUN26,340000,,P,BTC-26JUN26-340000-P,,
1.5475,1.732,0.5,1.63638962,1782294155835,0.0,125.23,62584.86,BTC-26JUN26,62579.32,1.63975,62584.12,26JUN26,165000,,P,BTC-26JUN26-165000-P,,
0.572,0.6875,0.1,0.6269711,1782294155835,0.0,57.6,62703.57,BTC-31JUL26,62579.32,0.62975,62584.12,31JUL26,102000,,P,BTC-31JUL26-102000-P,,
0.4175,0.523,0.4,0.4675903,1782294155835,0.0,48.38,62703.45,BTC-31JUL26,62579.32,0.47025,62584.12,31JUL26,92000,,P,BTC-31JUL26-92000-P,,
0.0019,0.0022,179.5,0.00208766,1782294155835,9.0,34.75,62636.33,BTC-10JUL26,62579.32,0.00205,62584.12,10JUL26,70000,,C,BTC-10JUL26-70000-C,,
0.019,0.0205,0.0,0.01964148,1782294155835,0.0,34.85,62599.520000000004,SYN.BTC-28JUN26,62579.32,0.01975,62584.12,28JUN26,62000,,C,BTC-28JUN26-62000-C,,
0.0001,0.0004,734.0,0.00021131,1782294155835,0.1,58.34,63105.68,BTC-25SEP26,62579.32,0.00025,62584.12,25SEP26,150000,,C,BTC-25SEP26-150000-C,,
0.9855,1.0055,74.4,0.99726487,1782294155835,12.6,100.71,62584.86,BTC-26JUN26,62579.32,0.9955,62584.12,26JUN26,125000,,P,BTC-26JUN26-125000-P,,
1.527,1.7115,0.0,1.61477789,1782294155835,0.0,61.22,63105.56,BTC-25SEP26,62579.32,1.61925,62584.12,25SEP26,165000,,P,BTC-25SEP26-165000-P,,
0.107,0.1095,249.9,0.10793534,1782294155835,0.0,41.32,63105.56,BTC-25SEP26,62579.32,0.10825,62584.12,25SEP26,60000,,C,BTC-25SEP26-60000-C,,
0.0715,0.0775,0.0,0.07454568,1782294155835,0.0,54.64,62578.91,index_price,62579.32,0.0745,62584.12,27JUN26,58000,,C,BTC-27JUN26-58000-C,,
0.729,0.753,116.4,0.74380945,1782294155835,0.0,45.04,63105.56,BTC-25SEP26,62579.32,0.741,62584.12,25SEP26,110000,,P,BTC-25SEP26-110000-P,,
5.0325,5.0985,0.2,5.07168519,1782294155835,0.0,125.23,62584.86,BTC-26JUN26,62579.32,5.0655,62584.12,26JUN26,380000,,P,BTC-26JUN26-380000-P,,
0.042,0.0435,232.7,0.04276415,1782294155835,5.3,37.51,62878.45,BTC-28AUG26,62579.32,0.04275,62584.12,28AUG26,66000,,C,BTC-28AUG26-66000-C,,
0.0021,0.0026,1516.8,0.00237759,1782294155835,0.2,46.01,63754.02,BTC-25DEC26,62579.32,0.00235,62584.12,25DEC26,130000,,C,BTC-25DEC26-130000-C,,
,0.0001,222.4,3.574e-05,1782294155835,0.0,74.74,63105.56,BTC-25SEP26,62579.32,,62584.12,25SEP26,240000,,C,BTC-25SEP26-240000-C,,
0.334,0.346,31.6,0.34025767,1782294155835,0.2,40.84,62703.57,BTC-31JUL26,62579.32,0.34,62584.12,31JUL26,84000,,P,BTC-31JUL26-84000-P,,
0.036,0.0375,118.7,0.03668838,1782294155835,0.3,41.72,64393.66,BTC-26MAR27,62579.32,0.03675,62584.12,26MAR27,92000,,C,BTC-26MAR27-92000-C,,
0.603,0.721,0.0,0.65885709,1782294155835,0.0,59.38,62703.57,BTC-31JUL26,62579.32,0.662,62584.12,31JUL26,104000,,P,BTC-31JUL26-104000-P,,
0.459,0.6005,1.5,0.52111251,1782294155835,0.0,41.87,64393.66,BTC-26MAR27,62579.32,0.52975,62584.12,26MAR27,96000,,P,BTC-26MAR27-96000-P,,
0.0735,0.0755,205.9,0.07457665,1782294155835,1.0,38.47,62878.45,BTC-28AUG26,62579.32,0.0745,62584.12,28AUG26,64000,,P,BTC-28AUG26-64000-P,,
0.0125,0.062,0.0,0.03816094,1782294155835,0.0,39.71,62599.520000000004,SYN.BTC-28JUN26,62579.32,0.03725,62584.12,28JUN26,60500,,C,BTC-28JUN26-60500-C,,
0.8075,0.8325,90.3,0.82296676,1782294155835,0.0,47.48,63105.56,BTC-25SEP26,62579.32,0.82,62584.12,25SEP26,115000,,P,BTC-25SEP26-115000-P,,
0.0005,0.0006,35.1,0.0005006,1782294155835,15.0,63.24,62578.91,index_price,62579.32,0.00055,62584.12,27JUN26,56000,,P,BTC-27JUN26-56000-P,,
0.0425,0.046,540.6,0.04341402,1782294155835,1.2,49.58,62584.86,BTC-26JUN26,62579.32,0.04425,62584.12,26JUN26,60000,,C,BTC-26JUN26-60000-C,,
0.019,0.0195,2158.1,0.01919462,1782294155835,14.8,36.8,63105.56,BTC-25SEP26,62579.32,0.01925,62584.12,25SEP26,75000,,C,BTC-25SEP26-75000-C,,
0.0001,0.0002,0.0,0.00014195,1782294155835,0.0,40.1,62598.846666666665,SYN.BTC-28JUN26,62579.32,0.00015,62584.12,28JUN26,69000,,C,BTC-28JUN26-69000-C,,
0.6185,0.7375,0.7,0.67477405,1782294155835,0.0,59.63,62703.45,BTC-31JUL26,62579.32,0.678,62584.12,31JUL26,105000,,P,BTC-31JUL26-105000-P,,
0.277,0.3755,0.0,0.3227621,1782294155835,0.0,36.92,62878.45,BTC-28AUG26,62579.32,0.32625,62584.12,28AUG26,83000,,P,BTC-28AUG26-83000-P,,
0.0565,0.0805,0.0,0.05986079,1782294155835,0.0,45.9,62599.520000000004,SYN.BTC-28JUN26,62579.32,0.0685,62584.12,28JUN26,59000,,C,BTC-28JUN26-59000-C,,
,0.0001,554.4,0.0,1782294155835,0.0,125.23,62584.86,BTC-26JUN26,62579.32,,62584.12,26JUN26,190000,,C,BTC-26JUN26-190000-C,,
0.153,0.1565,332.8,0.15522395,1782294155835,47.6,43.5,64393.66,BTC-26MAR27,62579.32,0.15475,62584.12,26MAR27,65000,,P,BTC-26MAR27-65000-P,,
0.025,0.026,413.9,0.02549846,1782294155835,3.3,36.27,62703.45,BTC-31JUL26,62579.32,0.0255,62584.12,31JUL26,66000,,C,BTC-31JUL26-66000-C,,
0.0003,0.0007,148.8,0.00040393,1782294155835,0.0,58.0,63754.02,BTC-25DEC26,62579.32,0.0005,62584.12,25DEC26,210000,,C,BTC-25DEC26-210000-C,,
0.0155,0.017,231.9,0.01620967,1782294155835,0.0,40.35,63754.02,BTC-25DEC26,62579.32,0.01625,62584.12,25DEC26,92000,,C,BTC-25DEC26-92000-C,,
0.0055,0.006,555.2,0.00598748,1782294155835,36.7,52.62,62636.33,BTC-10JUL26,62579.32,0.00575,62584.12,10JUL26,55000,,P,BTC-10JUL26-55000-P,,
2.675,2.942,0.0,2.80316486,1782294155835,0.0,74.74,63105.56,BTC-25SEP26,62579.32,2.8085,62584.12,25SEP26,240000,,P,BTC-25SEP26-240000-P,,
0.039,0.045,0.0,0.04185631,1782294155835,0.0,52.22,62578.91,index_price,62579.32,0.042,62584.12,25JUN26,60000,,C,BTC-25JUN26-60000-C,,
,0.0001,2814.7,0.0,1782294155835,0.0,95.92,62584.86,BTC-26JUN26,62579.32,,62584.12,26JUN26,120000,,C,BTC-26JUN26-120000-C,,
0.04,0.0415,381.1,0.0406252,1782294155835,0.2,41.71,64393.66,BTC-26MAR27,62579.32,0.04075,62584.12,26MAR27,90000,,C,BTC-26MAR27-90000-C,,
0.0001,0.0003,0.0,0.00021056,1782294155835,0.0,36.74,62599.520000000004,SYN.BTC-28JUN26,62579.32,0.0002,62584.12,28JUN26,68000,,C,BTC-28JUN26-68000-C,,
0.0008,0.0011,235.6,0.00095932,1782294155835,10.9,35.6,62619.09,BTC-3JUL26,62579.32,0.00095,62584.12,3JUL26,69000,,C,BTC-3JUL26-69000-C,,
0.5,0.515,147.7,0.50748784,1782294155835,0.0,40.42,63105.56,BTC-25SEP26,62579.32,0.5075,62584.12,25SEP26,95000,,P,BTC-25SEP26-95000-P,,
0.024,0.0255,199.4,0.02518827,1782294155835,0.6,40.31,63754.02,BTC-25DEC26,62579.32,0.02475,62584.12,25DEC26,86000,,C,BTC-25DEC26-86000-C,,
0.037,0.038,24.6,0.03748228,1782294155835,21.0,38.83,62636.33,BTC-10JUL26,62579.32,0.0375,62584.12,10JUL26,62000,,C,BTC-10JUL26-62000-C,,
0.037,0.043,0.0,0.03995124,1782294155835,0.0,33.05,62578.91,index_price,62579.32,0.04,62584.12,27JUN26,65000,,P,BTC-27JUN26-65000-P,,
0.0065,0.0075,1964.6,0.00702818,1782294155835,63.4,54.68,62703.45,BTC-31JUL26,62579.32,0.007,62584.12,31JUL26,50000,,P,BTC-31JUL26-50000-P,,
1.402,1.5885,0.0,1.48818806,1782294155835,0.0,48.01,64393.75,BTC-26MAR27,62579.32,1.49525,62584.12,26MAR27,160000,,P,BTC-26MAR27-160000-P,,
0.007,0.0075,0.0,0.00715761,1782294155835,0.0,31.47,62599.520000000004,SYN.BTC-28JUN26,62579.32,0.00725,62584.12,28JUN26,63500,,C,BTC-28JUN26-63500-C,,
0.0585,0.0605,38.8,0.05954254,1782294155836,4.5,40.62,63754.01,BTC-25DEC26,62579.32,0.0595,62584.12,25DEC26,74000,,C,BTC-25DEC26-74000-C,,
,0.0001,3242.1,1e-08,1782294155836,1.5,128.51,62584.86,BTC-26JUN26,62579.32,,62584.12,26JUN26,40000,,P,BTC-26JUN26-40000-P,,
0.165,0.172,97.8,0.16900865,1782294155836,0.0,35.13,62703.45,BTC-31JUL26,62579.32,0.1685,62584.12,31JUL26,73000,,P,BTC-31JUL26-73000-P,,
0.047,0.0485,520.5,0.04783808,1782294155836,1.5,42.57,63105.56,BTC-25SEP26,62579.32,0.04775,62584.12,25SEP26,58000,,P,BTC-25SEP26-58000-P,,
0.0011,0.0013,31.7,0.00121299,1782294155836,31.7,54.64,62578.91,index_price,62579.32,0.0012,62584.12,27JUN26,58000,,P,BTC-27JUN26-58000-P,,
0.2095,0.2145,33.1,0.2118115,1782294155836,0.0,46.25,63754.01,BTC-25DEC26,62579.32,0.212,62584.12,25DEC26,54000,,C,BTC-25DEC26-54000-C,,
3.632,3.9675,0.0,3.79343568,1782294155836,0.0,125.23,62584.86,BTC-26JUN26,62579.32,3.79975,62584.12,26JUN26,300000,,P,BTC-26JUN26-300000-P,,
0.0003,0.0008,948.9,0.00050751,1782294155836,1.0,57.17,63754.01,BTC-25DEC26,62579.32,0.00055,62584.12,25DEC26,200000,,C,BTC-25DEC26-200000-C,,
0.0039,0.0043,571.2,0.0041188,1782294155836,16.5,61.78,62703.45,BTC-31JUL26,62579.32,0.0041,62584.12,31JUL26,46000,,P,BTC-31JUL26-46000-P,,
0.3665,0.38,29.9,0.37411823,1782294155836,0.0,79.32,62584.98,BTC-26JUN26,62579.32,0.37325,62584.12,26JUN26,86000,,P,BTC-26JUN26-86000-P,,
0.0645,0.066,84.1,0.06488441,1782294155836,11.4,40.08,62703.45,BTC-31JUL26,62579.32,0.06525,62584.12,31JUL26,61000,,C,BTC-31JUL26-61000-C,,
,0.0001,251.6,1.863e-05,1782294155836,0.0,85.42,63105.56,BTC-25SEP26,62579.32,,62584.12,25SEP26,320000,,C,BTC-25SEP26-320000-C,,
0.32,0.3255,49.2,0.32272382,1782294155836,0.0,52.09,63754.02,BTC-25DEC26,62579.32,0.32275,62584.12,25DEC26,45000,,C,BTC-25DEC26-45000-C,,
,0.0001,174.2,0.0,1782294155836,0.0,125.23,62584.98,BTC-26JUN26,62579.32,,62584.12,26JUN26,360000,,C,BTC-26JUN26-360000-C,,
,0.0001,1805.2,9.19e-06,1782294155836,3.1,71.27,62584.86,BTC-26JUN26,62579.32,,62584.12,26JUN26,74000,,C,BTC-26JUN26-74000-C,,
0.006,0.0065,36.4,0.00631283,1782294155836,39.4,33.99,62578.91,index_price,62579.32,0.00625,62584.12,27JUN26,63500,,C,BTC-27JUN26-63500-C,,
0.155,0.1595,301.1,0.15759748,1782294155836,0.9,41.65,63754.02,BTC-25DEC26,62579.32,0.15725,62584.12,25DEC26,68000,,P,BTC-25DEC26-68000-P,,
0.0004,0.0007,275.0,0.00047801,1782294155836,0.1,43.38,62703.57,BTC-31JUL26,62579.32,0.00055,62584.12,31JUL26,87000,,C,BTC-31JUL26-87000-C,,
0.487,0.629,0.2,0.54921939,1782294155836,0.0,41.87,64393.66,BTC-26MAR27,62579.32,0.558,62584.12,26MAR27,98000,,P,BTC-26MAR27-98000-P,,
0.7445,0.8835,0.6,0.80807853,1782294155836,0.0,43.27,63754.02,BTC-25DEC26,62579.32,0.814,62584.12,25DEC26,115000,,P,BTC-25DEC26-115000-P,,
0.537,0.6515,0.1,0.59112228,1782294155836,0.0,45.62,62878.45,BTC-28AUG26,62579.32,0.59425,62584.12,28AUG26,100000,,P,BTC-28AUG26-100000-P,,
0.0002,0.0004,260.7,0.00028414,1782294155836,48.6,39.73,62619.09,BTC-3JUL26,62579.32,0.0003,62584.12,3JUL26,72000,,C,BTC-3JUL26-72000-C,,
0.0002,0.0004,842.5,0.00034431,1782294155836,0.0,50.11,62703.45,BTC-31JUL26,62579.32,0.0003,62584.12,31JUL26,94000,,C,BTC-31JUL26-94000-C,,
0.006,0.0065,684.6,0.00621715,1782294155836,0.7,37.51,63105.68,BTC-25SEP26,62579.32,0.00625,62584.12,25SEP26,84000,,C,BTC-25SEP26-84000-C,,
0.603,0.675,7.7,0.60835925,1782294155836,0.0,41.28,63754.02,BTC-25DEC26,62579.32,0.639,62584.12,25DEC26,102000,,P,BTC-25DEC26-102000-P,,
0.0375,0.038,270.4,0.03770647,1782294155836,10.1,40.08,62703.45,BTC-31JUL26,62579.32,0.03775,62584.12,31JUL26,61000,,P,BTC-31JUL26-61000-P,,
0.0001,0.0003,147.3,0.00012662,1782294155836,1.1,61.22,63105.56,BTC-25SEP26,62579.32,0.0002,62584.12,25SEP26,165000,,C,BTC-25SEP26-165000-C,,
0.5065,0.619,0.0,0.55940509,1782294155836,0.0,44.66,62878.45,BTC-28AUG26,62579.32,0.56275,62584.12,28AUG26,98000,,P,BTC-28AUG26-98000-P,,
0.0945,0.0965,674.4,0.09527147,1782294155836,11.0,38.91,63105.56,BTC-25SEP26,62579.32,0.0955,62584.12,25SEP26,65000,,P,BTC-25SEP26-65000-P,,
0.014,0.015,405.4,0.01455887,1782294155836,25.7,41.24,62619.21,BTC-3JUL26,62579.32,0.0145,62584.12,3JUL26,61000,,P,BTC-3JUL26-61000-P,,
0.0975,0.1005,19.8,0.09862346,1782294155836,0.0,43.34,62703.45,BTC-31JUL26,62579.32,0.099,62584.12,31JUL26,58000,,C,BTC-31JUL26-58000-C,,
1.552,1.7485,0.1,1.64293875,1782294155836,0.0,49.32,64393.66,BTC-26MAR27,62579.32,1.65025,62584.12,26MAR27,170000,,P,BTC-26MAR27-170000-P,,
0.055,0.056,289.1,0.05523386,1782294155836,40.4,39.19,62703.57,BTC-31JUL26,62579.32,0.0555,62584.12,31JUL26,62000,,C,BTC-31JUL26-62000-C,,
1.45,1.6295,0.6,1.53559767,1782294155836,0.0,61.22,63105.56,BTC-25SEP26,62579.32,1.53975,62584.12,25SEP26,160000,,P,BTC-25SEP26-160000-P,,
0.273,0.2815,618.7,0.27771449,1782294155836,67.7,36.85,63105.56,BTC-25SEP26,62579.32,0.27725,62584.12,25SEP26,80000,,P,BTC-25SEP26-80000-P,,
,0.0001,4414.1,0.0,1782294155836,0.0,71.28,62584.86,BTC-26JUN26,62579.32,,62584.12,26JUN26,82000,,C,BTC-26JUN26-82000-C,,
,0.0002,739.8,0.00011878,1782294155836,0.0,65.73,63105.56,BTC-25SEP26,62579.32,,62584.12,25SEP26,180000,,C,BTC-25SEP26-180000-C,,
0.4315,0.5165,14.0,0.43837578,1782294155836,0.0,41.71,64393.75,BTC-26MAR27,62579.32,0.474,62584.12,26MAR27,90000,,P,BTC-26MAR27-90000-P,,
0.0785,0.0805,40.1,0.07960305,1782294155836,1.0,46.41,64393.66,BTC-26MAR27,62579.32,0.0795,62584.12,26MAR27,54000,,P,BTC-26MAR27-54000-P,,
0.433,0.444,1563.7,0.4380307,1782294155836,13.6,81.53,62584.86,BTC-26JUN26,62579.32,0.4385,62584.12,26JUN26,90000,,P,BTC-26JUN26-90000-P,,
0.001,0.0014,45.4,0.00118259,1782294155836,17.2,39.86,62878.45,BTC-28AUG26,62579.32,0.0012,62584.12,28AUG26,90000,,C,BTC-28AUG26-90000-C,,
0.146,0.1815,0.0,0.16617654,1782294155836,0.0,36.05,62636.21,BTC-10JUL26,62579.32,0.16375,62584.12,10JUL26,73000,,P,BTC-10JUL26-73000-P,,
0.0009,0.0012,7118.2,0.00103137,1782294155836,20.8,37.57,62703.57,BTC-31JUL26,62579.32,0.00105,62584.12,31JUL26,80000,,C,BTC-31JUL26-80000-C,,
0.115,0.117,566.6,0.11620092,1782294155836,9.4,44.48,64393.66,BTC-26MAR27,62579.32,0.116,62584.12,26MAR27,60000,,P,BTC-26MAR27-60000-P,,
2.397,2.643,0.2,2.51518616,1782294155836,0.0,125.23,62584.86,BTC-26JUN26,62579.32,2.52,62584.12,26JUN26,220000,,P,BTC-26JUN26-220000-P,,
0.074,0.077,167.1,0.07537812,1782294155836,50.3,41.06,62703.45,BTC-31JUL26,62579.32,0.0755,62584.12,31JUL26,60000,,C,BTC-31JUL26-60000-C,,
0.087,0.128,0.1,0.11853544,1782294155836,0.0,61.84,62578.91,index_price,62579.32,0.1075,62584.12,25JUN26,70000,,P,BTC-25JUN26-70000-P,,
0.11,0.112,659.1,0.11094141,1782294155836,5.3,42.28,63754.02,BTC-25DEC26,62579.32,0.111,62584.12,25DEC26,65000,,C,BTC-25DEC26-65000-C,,
0.122,0.127,34.2,0.12401667,1782294155836,0.0,45.65,62703.45,BTC-31JUL26,62579.32,0.1245,62584.12,31JUL26,56000,,C,BTC-31JUL26-56000-C,,
0.1745,0.1795,0.0,0.17709648,1782294155836,0.0,47.49,62878.45,BTC-28AUG26,62579.32,0.177,62584.12,28AUG26,53000,,C,BTC-28AUG26-53000-C,,
0.0004,0.0009,989.6,0.00061815,1782294155836,0.0,56.05,63754.02,BTC-25DEC26,62579.32,0.00065,62584.12,25DEC26,190000,,C,BTC-25DEC26-190000-C,,
0.6505,0.6735,104.5,0.66487158,1782294155836,0.1,43.66,63105.68,BTC-25SEP26,62579.32,0.662,62584.12,25SEP26,105000,,P,BTC-25SEP26-105000-P,,
0.032,0.0325,1524.6,0.03225228,1782294155836,86.6,41.06,62703.45,BTC-31JUL26,62579.32,0.03225,62584.12,31JUL26,60000,,P,BTC-31JUL26-60000-P,,
2.486,2.7425,0.0,2.60794991,1782294155836,0.0,61.1,63754.02,BTC-25DEC26,62579.32,2.61425,62584.12,25DEC26,230000,,P,BTC-25DEC26-230000-P,,
0.0275,0.029,1884.8,0.02820017,1782294155836,3.7,37.05,63105.56,BTC-25SEP26,62579.32,0.02825,62584.12,25SEP26,72000,,C,BTC-25SEP26-72000-C,,
0.991,1.138,21.4,1.0603977,1782294155836,0.0,52.57,63105.56,BTC-25SEP26,62579.32,1.0645,62584.12,25SEP26,130000,,P,BTC-25SEP26-130000-P,,
0.1425,0.148,1524.1,0.14543538,1782294155836,5.2,37.35,63105.68,BTC-25SEP26,62579.32,0.14525,62584.12,25SEP26,70000,,P,BTC-25SEP26-70000-P,,
0.0001,0.0002,1069.9,0.00014089,1782294155836,2.1,48.48,62619.09,BTC-3JUL26,62579.32,0.00015,62584.12,3JUL26,76000,,C,BTC-3JUL26-76000-C,,
0.0039,0.0045,1897.5,0.00415098,1782294155836,2.7,46.81,64393.66,BTC-26MAR27,62579.32,0.0042,62584.12,26MAR27,150000,,C,BTC-26MAR27-150000-C,,
0.028,0.029,2116.0,0.02855713,1782294155836,16.1,52.09,63754.02,BTC-25DEC26,62579.32,0.0285,62584.12,25DEC26,45000,,P,BTC-25DEC26-45000-P,,
,0.0001,2503.4,0.0,1782294155836,0.0,95.7,62584.86,BTC-26JUN26,62579.32,,62584.12,26JUN26,115000,,C,BTC-26JUN26-115000-C,,
0.0635,0.068,0.0,0.06579271,1782294155836,0.0,46.14,62619.21,BTC-3JUL26,62579.32,0.06575,62584.12,3JUL26,59000,,C,BTC-3JUL26-59000-C,,
0.0016,0.0018,766.8,0.00166972,1782294155836,303.7,35.12,62619.21,BTC-3JUL26,62579.32,0.0017,62584.12,3JUL26,68000,,C,BTC-3JUL26-68000-C,,
0.058,0.061,2.1,0.05932028,1782294155836,0.0,42.05,62636.33,BTC-10JUL26,62579.32,0.0595,62584.12,10JUL26,60000,,C,BTC-10JUL26-60000-C,,
0.0825,0.09,1741.7,0.0865953,1782294155836,77.0,46.64,62584.86,BTC-26JUN26,62579.32,0.08625,62584.12,26JUN26,68000,,P,BTC-26JUN26-68000-P,,
0.0035,0.0038,1519.2,0.00364935,1782294155836,806.5,43.37,62584.86,BTC-26JUN26,62579.32,0.00365,62584.12,26JUN26,61000,,P,BTC-26JUN26-61000-P,,
0.0145,0.015,880.3,0.01462344,1782294155836,49.4,46.98,62703.45,BTC-31JUL26,62579.32,0.01475,62584.12,31JUL26,55000,,P,BTC-31JUL26-55000-P,,
0.008,0.0085,258.2,0.0081011,1782294155836,31.5,34.81,62619.09,BTC-3JUL26,62579.32,0.00825,62584.12,3JUL26,65000,,C,BTC-3JUL26-65000-C,,
0.0009,0.0012,0.0,0.00105455,1782294155836,0.0,54.1,62599.520000000004,SYN.BTC-28JUN26,62579.32,0.00105,62584.12,28JUN26,57000,,P,BTC-28JUN26-57000-P,,
3.941,4.2985,0.0,4.11299806,1782294155836,0.0,125.23,62584.86,BTC-26JUN26,62579.32,4.11975,62584.12,26JUN26,320000,,P,BTC-26JUN26-320000-P,,
,0.0001,234.6,3.668e-05,1782294155836,0.0,70.5,63105.68,BTC-25SEP26,62579.32,,62584.12,25SEP26,220000,,C,BTC-25SEP26-220000-C,,
0.1405,0.146,0.0,0.14289786,1782294155836,0.0,55.4,62636.21,BTC-10JUL26,62579.32,0.14325,62584.12,10JUL26,54000,,C,BTC-10JUL26-54000-C,,
0.0035,0.004,109.6,0.00375438,1782294155836,56.2,32.5,62578.91,index_price,62579.32,0.00375,62584.12,25JUN26,63000,,C,BTC-25JUN26-63000-C,,
0.018,0.0195,42.3,0.01873901,1782294155836,0.0,42.31,64393.66,BTC-26MAR27,62579.32,0.01875,62584.12,26MAR27,106000,,C,BTC-26MAR27-106000-C,,
0.082,0.1425,0.0,0.11853119,1782294155836,0.0,52.3,62578.91,index_price,62579.32,0.11225,62584.12,27JUN26,70000,,P,BTC-27JUN26-70000-P,,
0.004,0.0045,459.8,0.00421537,1782294155836,2.8,36.21,62878.45,BTC-28AUG26,62579.32,0.00425,62584.12,28AUG26,80000,,C,BTC-28AUG26-80000-C,,
0.0013,0.0016,3116.3,0.00143776,1782294155836,121.9,42.14,63105.56,BTC-25SEP26,62579.32,0.00145,62584.12,25SEP26,100000,,C,BTC-25SEP26-100000-C,,
0.0265,0.028,78.6,0.02722431,1782294155836,0.0,41.87,64393.66,BTC-26MAR27,62579.32,0.02725,62584.12,26MAR27,98000,,C,BTC-26MAR27-98000-C,,
0.0002,0.0004,274.5,0.00038325,1782294155836,12.1,48.38,62703.45,BTC-31JUL26,62579.32,0.0003,62584.12,31JUL26,92000,,C,BTC-31JUL26-92000-C,,
0.058,0.0595,3610.0,0.05871761,1782294155836,152.3,41.32,63105.68,BTC-25SEP26,62579.32,0.05875,62584.12,25SEP26,60000,,P,BTC-25SEP26-60000-P,,
0.1955,0.201,349.3,0.19818904,1782294155836,0.0,40.94,63754.01,BTC-25DEC26,62579.32,0.19825,62584.12,25DEC26,72000,,P,BTC-25DEC26-72000-P,,
0.22,0.2235,16.9,0.22092328,1782294155836,0.0,45.68,64393.66,BTC-26MAR27,62579.32,0.22175,62584.12,26MAR27,56000,,C,BTC-26MAR27-56000-C,,
,0.0001,994.3,0.0,1782294155836,0.0,75.48,62584.86,BTC-26JUN26,62579.32,,62584.12,26JUN26,84000,,C,BTC-26JUN26-84000-C,,
0.0006,0.0008,3.0,0.00068557,1782294155836,3.0,30.96,62599.520000000004,SYN.BTC-28JUN26,62579.32,0.0007,62584.12,28JUN26,66000,,C,BTC-28JUN26-66000-C,,
0.178,0.187,1382.5,0.18238999,1782294155836,11.2,71.27,62584.86,BTC-26JUN26,62579.32,0.1825,62584.12,26JUN26,74000,,P,BTC-26JUN26-74000-P,,
0.059,0.06,567.7,0.05947466,1782294155836,1.7,39.66,62878.45,BTC-28AUG26,62579.32,0.0595,62584.12,28AUG26,62000,,P,BTC-28AUG26-62000-P,,
,0.0001,117.4,7.259e-05,1782294155836,131.7,74.23,62578.91,index_price,62579.32,,62584.12,25JUN26,57000,,P,BTC-25JUN26-57000-P,,
0.316,0.33,29.5,0.32439239,1782294155836,0.0,40.08,62703.45,BTC-31JUL26,62579.32,0.323,62584.12,31JUL26,83000,,P,BTC-31JUL26-83000-P,,
4.5585,4.961,0.3,4.75212281,1782294155836,0.0,125.23,62584.86,BTC-26JUN26,62579.32,4.75975,62584.12,26JUN26,360000,,P,BTC-26JUN26-360000-P,,
,0.0001,1222.2,0.0,1782294155836,0.0,125.23,62584.98,BTC-26JUN26,62579.32,,62584.12,26JUN26,160000,,C,BTC-26JUN26-160000-C,,
,0.0001,3048.7,5.551e-05,1782294155836,122.5,70.96,62584.98,BTC-26JUN26,62579.32,,62584.12,26JUN26,72000,,C,BTC-26JUN26-72000-C,,
0.188,0.1925,39.6,0.19024961,1782294155836,0.0,45.27,63754.02,BTC-25DEC26,62579.32,0.19025,62584.12,25DEC26,56000,,C,BTC-25DEC26-56000-C,,
0.0285,0.033,0.0,0.0306968,1782294155836,0.0,41.44,62578.91,index_price,62579.32,0.03075,62584.12,27JUN26,61000,,C,BTC-27JUN26-61000-C,,
0.002,0.0024,741.8,0.00215254,1782294155836,121.7,32.23,62584.86,BTC-26JUN26,62579.32,0.0022,62584.12,26JUN26,64000,,C,BTC-26JUN26-64000-C,,
0.025,0.026,55.9,0.02540645,1782294155836,8.2,47.28,63105.68,BTC-25SEP26,62579.32,0.0255,62584.12,25SEP26,52000,,P,BTC-25SEP26-52000-P,,
,0.0001,58.5,1.359e-05,1782294155836,11.7,55.89,62578.91,index_price,62579.32,,62584.12,25JUN26,68000,,C,BTC-25JUN26-68000-C,,
0.326,0.4625,1.7,0.38528747,1782294155836,0.0,41.64,64393.66,BTC-26MAR27,62579.32,0.39425,62584.12,26MAR27,86000,,P,BTC-26MAR27-86000-P,,
0.0295,0.0305,1026.9,0.03004912,1782294155836,5.6,54.44,64393.66,BTC-26MAR27,62579.32,0.03,62584.12,26MAR27,40000,,P,BTC-26MAR27-40000-P,,
,0.0001,813.7,0.0,1782294155836,0.0,125.23,62584.86,BTC-26JUN26,62579.32,,62584.12,26JUN26,230000,,C,BTC-26JUN26-230000-C,,
0.077,0.0825,0.0,0.07976008,1782294155836,0.0,48.75,62619.21,BTC-3JUL26,62579.32,0.07975,62584.12,3JUL26,58000,,C,BTC-3JUL26-58000-C,,
0.01,0.011,309.4,0.01047517,1782294155836,0.2,43.46,64393.66,BTC-26MAR27,62579.32,0.0105,62584.12,26MAR27,120000,,C,BTC-26MAR27-120000-C,,
0.2215,0.235,249.4,0.22979798,1782294155836,0.0,35.9,62703.45,BTC-31JUL26,62579.32,0.22825,62584.12,31JUL26,77000,,P,BTC-31JUL26-77000-P,,
2.2425,2.477,0.0,2.35540497,1782294155836,0.0,125.23,62584.86,BTC-26JUN26,62579.32,2.35975,62584.12,26JUN26,210000,,P,BTC-26JUN26-210000-P,,
0.0095,0.011,37.8,0.01043507,1782294155836,4.1,32.5,62578.91,index_price,62579.32,0.01025,62584.12,25JUN26,63000,,P,BTC-25JUN26-63000-P,,
,0.0001,765.0,6.626e-05,1782294155836,0.0,65.73,63105.68,BTC-25SEP26,62579.32,,62584.12,25SEP26,190000,,C,BTC-25SEP26-190000-C,,
1.625,1.815,1.9,1.71628022,1782294155836,0.0,125.23,62584.86,BTC-26JUN26,62579.32,1.72,62584.12,26JUN26,170000,,P,BTC-26JUN26-170000-P,,
0.0895,0.0915,74.9,0.09063476,1782294155836,0.0,45.68,64393.66,BTC-26MAR27,62579.32,0.0905,62584.12,26MAR27,56000,,P,BTC-26MAR27-56000-P,,
0.0075,0.0085,247.2,0.00806616,1782294155836,150.5,46.14,62619.21,BTC-3JUL26,62579.32,0.008,62584.12,3JUL26,59000,,P,BTC-3JUL26-59000-P,,
0.072,0.0735,178.6,0.07271663,1782294155836,0.2,39.33,63105.56,BTC-25SEP26,62579.32,0.07275,62584.12,25SEP26,64000,,C,BTC-25SEP26-64000-C,,
0.0044,0.0048,185.9,0.00460688,1782294155836,4.1,65.36,62878.45,BTC-28AUG26,62579.32,0.0046,62584.12,28AUG26,40000,,P,BTC-28AUG26-40000-P,,
0.242,0.3025,0.0,0.27051528,1782294155836,0.0,61.78,62703.45,BTC-31JUL26,62579.32,0.27225,62584.12,31JUL26,46000,,C,BTC-31JUL26-46000-C,,
0.109,0.1135,0.2,0.11106588,1782294155836,0.0,44.47,62703.45,BTC-31JUL26,62579.32,0.11125,62584.12,31JUL26,57000,,C,BTC-31JUL26-57000-C,,
0.449,0.556,1.3,0.49944716,1782294155836,0.0,50.11,62703.45,BTC-31JUL26,62579.32,0.5025,62584.12,31JUL26,94000,,P,BTC-31JUL26-94000-P,,
2.3685,2.6135,1.8,2.48623837,1782294155836,0.0,70.5,63105.68,BTC-25SEP26,62579.32,2.491,62584.12,25SEP26,220000,,P,BTC-25SEP26-220000-P,,
0.256,0.261,259.9,0.25855331,1782294155836,0.0,48.52,63754.02,BTC-25DEC26,62579.32,0.2585,62584.12,25DEC26,50000,,C,BTC-25DEC26-50000-C,,
0.111,0.1155,0.0,0.11314804,1782294155836,0.0,50.24,62636.33,BTC-10JUL26,62579.32,0.11325,62584.12,10JUL26,56000,,C,BTC-10JUL26-56000-C,,
0.0165,0.0175,944.7,0.01709922,1782294155836,76.3,45.65,62703.45,BTC-31JUL26,62579.32,0.017,62584.12,31JUL26,56000,,P,BTC-31JUL26-56000-P,,
0.0003,0.0006,384.5,0.00042816,1782294155837,0.1,44.08,62703.45,BTC-31JUL26,62579.32,0.00045,62584.12,31JUL26,88000,,C,BTC-31JUL26-88000-C,,
0.0075,0.008,2216.9,0.00777142,1782294155837,3.4,61.64,63105.56,BTC-25SEP26,62579.32,0.00775,62584.12,25SEP26,40000,,P,BTC-25SEP26-40000-P,,
3.2875,3.599,0.0,3.4370143,1782294155837,0.0,81.51,63105.56,BTC-25SEP26,62579.32,3.44325,62584.12,25SEP26,280000,,P,BTC-25SEP26-280000-P,,
1.239,1.401,4.6,1.31682724,1782294155837,0.0,117.95,62584.86,BTC-26JUN26,62579.32,1.32,62584.12,26JUN26,145000,,P,BTC-26JUN26-145000-P,,
0.0013,0.0016,144.6,0.00145975,1782294155837,104.8,30.75,62578.91,index_price,62579.32,0.00145,62584.12,25JUN26,63500,,C,BTC-25JUN26-63500-C,,
0.0505,0.0515,586.2,0.05111446,1782294155837,68.9,38.33,62703.45,BTC-31JUL26,62579.32,0.051,62584.12,31JUL26,63000,,P,BTC-31JUL26-63000-P,,
0.6955,0.82,1.2,0.75445039,1782294155837,0.2,62.47,62703.45,BTC-31JUL26,62579.32,0.75775,62584.12,31JUL26,110000,,P,BTC-31JUL26-110000-P,,
0.0002,0.0004,272.3,0.0002849,1782294155837,0.3,51.29,62703.45,BTC-31JUL26,62579.32,0.0003,62584.12,31JUL26,96000,,C,BTC-31JUL26-96000-C,,
0.0002,0.0004,337.0,0.00028503,1782294155837,0.5,57.6,62703.45,BTC-31JUL26,62579.32,0.0003,62584.12,31JUL26,102000,,C,BTC-31JUL26-102000-C,,
0.3305,0.3475,4.1,0.33423307,1782294155837,0.1,41.61,64393.66,BTC-26MAR27,62579.32,0.339,62584.12,26MAR27,82000,,P,BTC-26MAR27-82000-P,,
0.0001,0.0002,0.0,0.00013887,1782294155837,0.0,45.08,62599.520000000004,SYN.BTC-28JUN26,62579.32,0.00015,62584.12,28JUN26,70000,,C,BTC-28JUN26-70000-C,,
0.117,0.1195,273.4,0.11832662,1782294155837,5.1,42.54,63754.02,BTC-25DEC26,62579.32,0.11825,62584.12,25DEC26,64000,,C,BTC-25DEC26-64000-C,,
0.4995,0.5865,0.6,0.50707978,1782294155837,0.0,41.83,64393.75,BTC-26MAR27,62579.32,0.543,62584.12,26MAR27,95000,,P,BTC-26MAR27-95000-P,,
0.0001,0.0003,173.3,0.0001811,1782294155837,25.9,62.47,62703.57,BTC-31JUL26,62579.32,0.0002,62584.12,31JUL26,110000,,C,BTC-31JUL26-110000-C,,
0.0125,0.014,1267.7,0.0133682,1782294155837,0.0,40.68,63754.02,BTC-25DEC26,62579.32,0.01325,62584.12,25DEC26,95000,,C,BTC-25DEC26-95000-C,,
0.849,0.9855,0.5,0.91392652,1782294155837,0.0,70.79,62703.45,BTC-31JUL26,62579.32,0.91725,62584.12,31JUL26,120000,,P,BTC-31JUL26-120000-P,,
0.009,0.0095,79.5,0.00925921,1782294155837,77.7,37.82,62578.91,index_price,62579.32,0.00925,62584.12,27JUN26,62000,,P,BTC-27JUN26-62000-P,,
0.002,0.0023,2275.0,0.00208256,1782294155837,1.2,40.42,63105.56,BTC-25SEP26,62579.32,0.00215,62584.12,25SEP26,95000,,C,BTC-25SEP26-95000-C,,
0.019,0.0225,0.0,0.02085377,1782294155837,0.0,33.99,62578.91,index_price,62579.32,0.02075,62584.12,27JUN26,63500,,P,BTC-27JUN26-63500-P,,
0.4475,0.4525,19.3,0.45003671,1782294155837,0.0,68.69,63105.56,BTC-25SEP26,62579.32,0.45,62584.12,25SEP26,35000,,C,BTC-25SEP26-35000-C,,
,0.0001,556.0,0.0,1782294155837,0.0,125.23,62584.86,BTC-26JUN26,62579.32,,62584.12,26JUN26,240000,,C,BTC-26JUN26-240000-C,,
2.638,2.905,0.0,2.76480171,1782294155837,0.0,62.84,63754.02,BTC-25DEC26,62579.32,2.7715,62584.12,25DEC26,240000,,P,BTC-25DEC26-240000-P,,
0.3625,0.4235,0.0,0.36960888,1782294155837,0.0,37.99,62878.45,BTC-28AUG26,62579.32,0.393,62584.12,28AUG26,86000,,P,BTC-28AUG26-86000-P,,
0.0505,0.0585,25.9,0.05467014,1782294155837,25.0,43.05,62578.91,index_price,62579.32,0.0545,62584.12,25JUN26,66000,,P,BTC-25JUN26-66000-P,,
0.0039,0.0042,33.9,0.00403249,1782294155837,34.2,43.42,62578.91,index_price,62579.32,0.00405,62584.12,27JUN26,60500,,P,BTC-27JUN26-60500-P,,
0.3695,0.378,23.4,0.37411414,1782294155837,0.0,40.31,63754.02,BTC-25DEC26,62579.32,0.37375,62584.12,25DEC26,86000,,P,BTC-25DEC26-86000-P,,
0.01,0.0105,368.1,0.01029141,1782294155837,321.4,34.8,62636.33,BTC-10JUL26,62579.32,0.01025,62584.12,10JUL26,66000,,C,BTC-10JUL26-66000-C,,
0.0047,0.0055,54.0,0.0050644,1782294155837,0.3,36.21,62878.45,BTC-28AUG26,62579.32,0.0051,62584.12,28AUG26,79000,,C,BTC-28AUG26-79000-C,,
,0.0002,1000.2,3.726e-05,1782294155837,0.0,65.73,63105.56,BTC-25SEP26,62579.32,,62584.12,25SEP26,200000,,C,BTC-25SEP26-200000-C,,
0.2415,0.288,4.1,0.24654423,1782294155837,0.0,36.06,62878.45,BTC-28AUG26,62579.32,0.26475,62584.12,28AUG26,78000,,P,BTC-28AUG26-78000-P,,
0.0045,0.0048,0.0,0.00463242,1782294155837,0.0,39.71,62594.40833333333,SYN.BTC-28JUN26,62579.32,0.00465,62584.12,28JUN26,60500,,P,BTC-28JUN26-60500-P,,
1.2525,1.4295,0.5,1.33373529,1782294155837,0.0,46.81,64393.75,BTC-26MAR27,62579.32,1.341,62584.12,26MAR27,150000,,P,BTC-26MAR27-150000-P,,
0.017,0.0175,152.7,0.01730438,1782294155837,43.2,42.05,62636.21,BTC-10JUL26,62579.32,0.01725,62584.12,10JUL26,60000,,P,BTC-10JUL26-60000-P,,
0.012,0.013,1816.7,0.01252884,1782294155837,8.3,54.94,63105.56,BTC-25SEP26,62579.32,0.0125,62584.12,25SEP26,45000,,P,BTC-25SEP26-45000-P,,
0.061,0.0665,53.9,0.06407391,1782294155837,0.0,34.8,62636.33,BTC-10JUL26,62579.32,0.06375,62584.12,10JUL26,66000,,P,BTC-10JUL26-66000-P,,
0.015,0.016,491.9,0.01563855,1782294155837,339.1,42.55,64393.66,BTC-26MAR27,62579.32,0.0155,62584.12,26MAR27,110000,,C,BTC-26MAR27-110000-C,,
0.0001,0.0004,487.7,0.00021732,1782294155837,1.1,56.48,63105.68,BTC-25SEP26,62579.32,0.00025,62584.12,25SEP26,145000,,C,BTC-25SEP26-145000-C,,
0.0085,0.0095,114.5,0.00896781,1782294155837,0.7,44.2,64393.66,BTC-26MAR27,62579.32,0.009,62584.12,26MAR27,125000,,C,BTC-26MAR27-125000-C,,
1.274,1.446,2.1,1.35420785,1782294155837,0.0,50.06,63754.01,BTC-25DEC26,62579.32,1.36,62584.12,25DEC26,150000,,P,BTC-25DEC26-150000-P,,
0.0001,0.0003,829.8,0.00017826,1782294155837,0.0,61.22,63105.56,BTC-25SEP26,62579.32,0.0002,62584.12,25SEP26,160000,,C,BTC-25SEP26-160000-C,,
0.305,0.3145,204.5,0.31020575,1782294155837,0.0,71.28,62584.86,BTC-26JUN26,62579.32,0.30975,62584.12,26JUN26,82000,,P,BTC-26JUN26-82000-P,,
0.181,0.2125,0.0,0.20417865,1782294155837,0.0,65.27,62636.33,BTC-10JUL26,62579.32,0.19675,62584.12,10JUL26,50000,,C,BTC-10JUL26-50000-C,,
0.0022,0.0026,0.0,0.00237016,1782294155837,0.0,45.9,62598.846666666665,SYN.BTC-28JUN26,62579.32,0.0024,62584.12,28JUN26,59000,,P,BTC-28JUN26-59000-P,,
0.0105,0.0115,206.5,0.01096192,1782294155837,1.8,40.92,63754.01,BTC-25DEC26,62579.32,0.011,62584.12,25DEC26,98000,,C,BTC-25DEC26-98000-C,,
0.4335,0.539,0.5,0.48349921,1782294155837,0.0,48.96,62703.45,BTC-31JUL26,62579.32,0.48625,62584.12,31JUL26,93000,,P,BTC-31JUL26-93000-P,,
0.0175,0.0225,2.6,0.01954398,1782294155837,1.8,40.82,62578.91,index_price,62579.32,0.02,62584.12,25JUN26,61500,,C,BTC-25JUN26-61500-C,,
0.6395,0.773,0.0,0.70003182,1782294155837,0.0,42.1,63754.01,BTC-25DEC26,62579.32,0.70625,62584.12,25DEC26,108000,,P,BTC-25DEC26-108000-P,,
0.445,0.5525,0.0,0.4958975,1782294155837,0.0,41.85,62878.33,BTC-28AUG26,62579.32,0.49875,62584.12,28AUG26,94000,,P,BTC-28AUG26-94000-P,,
0.0047,0.0055,628.2,0.00501481,1782294155837,0.1,38.0,63105.68,BTC-25SEP26,62579.32,0.0051,62584.12,25SEP26,86000,,C,BTC-25SEP26-86000-C,,
0.004,0.0046,2336.3,0.00428231,1782294155837,50.0,43.27,63754.02,BTC-25DEC26,62579.32,0.0043,62584.12,25DEC26,115000,,C,BTC-25DEC26-115000-C,,
0.0585,0.0595,928.4,0.0591613,1782294155837,18.5,37.56,62703.45,BTC-31JUL26,62579.32,0.059,62584.12,31JUL26,64000,,P,BTC-31JUL26-64000-P,,
0.0002,0.0004,83.1,0.00034426,1782294155837,0.0,48.96,62703.45,BTC-31JUL26,62579.32,0.0003,62584.12,31JUL26,93000,,C,BTC-31JUL26-93000-C,,
1.103,1.271,0.0,1.17974913,1782294155837,0.0,45.71,64393.66,BTC-26MAR27,62579.32,1.187,62584.12,26MAR27,140000,,P,BTC-26MAR27-140000-P,,
0.2895,0.297,926.9,0.2937182,1782294155837,0.2,40.37,63754.02,BTC-25DEC26,62579.32,0.29325,62584.12,25DEC26,80000,,P,BTC-25DEC26-80000-P,,
0.038,0.0395,173.8,0.03877501,1782294155837,12.2,43.96,63105.56,BTC-25SEP26,62579.32,0.03875,62584.12,25SEP26,56000,,P,BTC-25SEP26-56000-P,,
0.0135,0.014,1081.9,0.01391402,1782294155837,24.1,50.85,62878.45,BTC-28AUG26,62579.32,0.01375,62584.12,28AUG26,50000,,P,BTC-28AUG26-50000-P,,
0.0855,0.0885,17.9,0.08668994,1782294155837,0.4,42.18,62703.45,BTC-31JUL26,62579.32,0.087,62584.12,31JUL26,59000,,C,BTC-31JUL26-59000-C,,
0.198,0.203,83.6,0.20086849,1782294155837,0.0,42.72,64393.75,BTC-26MAR27,62579.32,0.2005,62584.12,26MAR27,70000,,P,BTC-26MAR27-70000-P,,
0.1255,0.1555,0.0,0.15017717,1782294155837,0.0,39.73,62619.21,BTC-3JUL26,62579.32,0.1405,62584.12,3JUL26,72000,,P,BTC-3JUL26-72000-P,,
0.3255,0.424,15.2,0.37205013,1782294155837,0.0,42.62,62703.45,BTC-31JUL26,62579.32,0.37475,62584.12,31JUL26,86000,,P,BTC-31JUL26-86000-P,,
0.152,0.154,6.8,0.15236681,1782294155837,0.0,43.52,64393.66,BTC-26MAR27,62579.32,0.153,62584.12,26MAR27,64000,,C,BTC-26MAR27-64000-C,,
0.3155,0.3235,157.7,0.31953569,1782294155837,0.0,40.18,63754.01,BTC-25DEC26,62579.32,0.3195,62584.12,25DEC26,82000,,P,BTC-25DEC26-82000-P,,
0.0055,0.0065,238.2,0.0059637,1782294155837,5.3,36.06,62878.45,BTC-28AUG26,62579.32,0.006,62584.12,28AUG26,78000,,C,BTC-28AUG26-78000-C,,
0.0021,0.0022,4306.5,0.00210116,1782294155837,1301.4,49.58,62584.86,BTC-26JUN26,62579.32,0.00215,62584.12,26JUN26,60000,,P,BTC-26JUN26-60000-P,,
0.4255,0.435,590.6,0.43042676,1782294155837,0.0,40.31,63754.01,BTC-25DEC26,62579.32,0.43025,62584.12,25DEC26,90000,,P,BTC-25DEC26-90000-P,,
0.0003,0.0004,47.7,0.00029445,1782294155837,0.3,50.37,62703.45,BTC-31JUL26,62579.32,0.00035,62584.12,31JUL26,95000,,C,BTC-31JUL26-95000-C,,
0.0008,0.0012,44.1,0.00099706,1782294155837,13.5,40.9,62878.45,BTC-28AUG26,62579.32,0.001,62584.12,28AUG26,92000,,C,BTC-28AUG26-92000-C,,
0.2805,0.289,15.9,0.2843301,1782294155837,0.0,48.15,64393.66,BTC-26MAR27,62579.32,0.28475,62584.12,26MAR27,50000,,C,BTC-26MAR27-50000-C,,
0.237,0.2505,434.6,0.24541415,1782294155837,50.0,36.39,62703.45,BTC-31JUL26,62579.32,0.24375,62584.12,31JUL26,78000,,P,BTC-31JUL26-78000-P,,
0.0023,0.0027,78.7,0.00249873,1782294155837,23.5,65.27,62636.21,BTC-10JUL26,62579.32,0.0025,62584.12,10JUL26,50000,,P,BTC-10JUL26-50000-P,,
0.2565,0.266,0.0,0.26154981,1782294155837,0.0,36.21,62878.45,BTC-28AUG26,62579.32,0.26125,62584.12,28AUG26,79000,,P,BTC-28AUG26-79000-P,,
1.7285,1.9315,0.0,1.82408761,1782294155837,0.0,54.78,63754.01,BTC-25DEC26,62579.32,1.83,62584.12,25DEC26,180000,,P,BTC-25DEC26-180000-P,,
0.353,0.4555,0.0,0.40106861,1782294155837,0.0,38.9,62878.45,BTC-28AUG26,62579.32,0.40425,62584.12,28AUG26,88000,,P,BTC-28AUG26-88000-P,,
0.002,0.0024,71.3,0.00225608,1782294155837,53.6,40.82,62578.91,index_price,62579.32,0.0022,62584.12,25JUN26,61500,,P,BTC-25JUN26-61500-P,,
0.0075,0.062,0.0,0.0314567,1782294155837,0.0,37.8,62599.520000000004,SYN.BTC-28JUN26,62579.32,0.03475,62584.12,28JUN26,61000,,C,BTC-28JUN26-61000-C,,
,0.0001,1180.5,0.0,1782294155837,0.0,125.23,62584.86,BTC-26JUN26,62579.32,,62584.12,26JUN26,180000,,C,BTC-26JUN26-180000-C,,
0.509,0.5225,938.9,0.5179213,1782294155837,30.0,82.76,62584.86,BTC-26JUN26,62579.32,0.51575,62584.12,26JUN26,95000,,P,BTC-26JUN26-95000-P,,
0.5105,0.622,0.1,0.56317941,1782294155837,0.0,53.45,62703.45,BTC-31JUL26,62579.32,0.56625,62584.12,31JUL26,98000,,P,BTC-31JUL26-98000-P,,
0.083,0.1195,0.0,0.08658957,1782294155837,0.0,55.89,62578.91,index_price,62579.32,0.10125,62584.12,25JUN26,68000,,P,BTC-25JUN26-68000-P,,
0.4755,0.5855,0.0,0.52764257,1782294155837,0.0,43.24,62878.45,BTC-28AUG26,62579.32,0.5305,62584.12,28AUG26,96000,,P,BTC-28AUG26-96000-P,,
0.0215,0.022,40.9,0.02178191,1782294155837,17.5,40.37,62636.21,BTC-10JUL26,62579.32,0.02175,62584.12,10JUL26,61000,,P,BTC-10JUL26-61000-P,,
0.0016,0.002,133.0,0.00178931,1782294155837,0.0,37.99,62878.45,BTC-28AUG26,62579.32,0.0018,62584.12,28AUG26,86000,,C,BTC-28AUG26-86000-C,,
0.0155,0.0165,201.6,0.01604882,1782294155837,202.7,34.87,62578.91,index_price,62579.32,0.016,62584.12,27JUN26,63000,,P,BTC-27JUN26-63000-P,,
0.0125,0.0135,2206.8,0.01302043,1782294155837,11.3,62.32,63754.02,BTC-25DEC26,62579.32,0.013,62584.12,25DEC26,35000,,P,BTC-25DEC26-35000-P,,
0.1925,0.203,212.5,0.19896212,1782294155837,0.0,35.26,62703.45,BTC-31JUL26,62579.32,0.19775,62584.12,31JUL26,75000,,P,BTC-31JUL26-75000-P,,
1.297,1.4655,0.7,1.37716701,1782294155837,0.0,58.34,63105.56,BTC-25SEP26,62579.32,1.38125,62584.12,25SEP26,150000,,P,BTC-25SEP26-150000-P,,
0.1245,0.128,16.0,0.12603282,1782294155837,0.0,43.47,62878.45,BTC-28AUG26,62579.32,0.12625,62584.12,28AUG26,57000,,C,BTC-28AUG26-57000-C,,
0.0075,0.008,79.1,0.00772639,1782294155837,85.5,35.07,62578.91,index_price,62579.32,0.00775,62584.12,25JUN26,62500,,C,BTC-25JUN26-62500-C,,
0.06,0.0615,2027.8,0.0608582,1782294155837,2.0,48.15,64393.66,BTC-26MAR27,62579.32,0.06075,62584.12,26MAR27,50000,,P,BTC-26MAR27-50000-P,,
0.0014,0.0016,355.1,0.00151836,1782294155837,8.6,67.5,62619.21,BTC-3JUL26,62579.32,0.0015,62584.12,3JUL26,52000,,P,BTC-3JUL26-52000-P,,
0.0018,0.0023,877.8,0.00197705,1782294155837,0.0,51.68,64393.66,BTC-26MAR27,62579.32,0.00205,62584.12,26MAR27,190000,,C,BTC-26MAR27-190000-C,,
0.0002,0.0004,3090.7,0.00029023,1782294155837,133.0,81.65,62584.86,BTC-26JUN26,62579.32,0.0003,62584.12,26JUN26,55000,,P,BTC-26JUN26-55000-P,,
0.2095,0.219,457.3,0.21431505,1782294155837,0.0,35.56,62703.57,BTC-31JUL26,62579.32,0.21425,62584.12,31JUL26,76000,,P,BTC-31JUL26-76000-P,,
0.0055,0.006,2653.2,0.0054823,1782294155837,0.2,42.48,63754.02,BTC-25DEC26,62579.32,0.00575,62584.12,25DEC26,110000,,C,BTC-25DEC26-110000-C,,
0.1255,0.1805,0.0,0.15049224,1782294155837,0.0,61.84,62578.91,index_price,62579.32,0.153,62584.12,25JUN26,72000,,P,BTC-25JUN26-72000-P,,
0.0105,0.0115,129.0,0.01102752,1782294155837,2.1,53.4,62878.45,BTC-28AUG26,62579.32,0.011,62584.12,28AUG26,48000,,P,BTC-28AUG26-48000-P,,
0.0002,0.0003,504.8,0.00027521,1782294155837,0.0,59.38,62703.45,BTC-31JUL26,62579.32,0.00025,62584.12,31JUL26,104000,,C,BTC-31JUL26-104000-C,,
0.3495,0.456,4.8,0.39850851,1782294155837,0.0,38.44,63105.68,BTC-25SEP26,62579.32,0.40275,62584.12,25SEP26,88000,,P,BTC-25SEP26-88000-P,,
0.0035,0.0039,355.0,0.00376857,1782294155838,206.6,37.55,62578.91,index_price,62579.32,0.0037,62584.12,25JUN26,62000,,P,BTC-25JUN26-62000-P,,
2.7055,2.974,0.1,2.83474854,1782294155838,0.0,125.23,62584.86,BTC-26JUN26,62579.32,2.83975,62584.12,26JUN26,240000,,P,BTC-26JUN26-240000-P,,
0.042,0.0765,0.0,0.04520675,1782294155838,0.0,41.81,62599.520000000004,SYN.BTC-28JUN26,62579.32,0.05925,62584.12,28JUN26,60000,,C,BTC-28JUN26-60000-C,,
0.066,0.112,0.0,0.08926626,1782294155838,0.0,74.23,62578.91,index_price,62579.32,0.089,62584.12,25JUN26,57000,,C,BTC-25JUN26-57000-C,,
,0.0001,741.1,7.093e-05,1782294155838,103.8,66.29,62584.86,BTC-26JUN26,62579.32,,62584.12,26JUN26,71000,,C,BTC-26JUN26-71000-C,,
0.26,0.269,19.5,0.26372053,1782294155838,0.0,42.03,64393.66,BTC-26MAR27,62579.32,0.2645,62584.12,26MAR27,76000,,P,BTC-26MAR27-76000-P,,
0.0165,0.017,837.4,0.01683929,1782294155838,18.1,36.76,63105.68,BTC-25SEP26,62579.32,0.01675,62584.12,25SEP26,76000,,C,BTC-25SEP26-76000-C,,
0.03,0.0355,0.0,0.03294955,1782294155838,0.0,33.05,62578.91,index_price,62579.32,0.03275,62584.12,27JUN26,64500,,P,BTC-27JUN26-64500-P,,
,0.0001,2260.6,8.321e-05,1782294155838,156.2,46.64,62584.98,BTC-26JUN26,62579.32,,62584.12,26JUN26,68000,,C,BTC-26JUN26-68000-C,,
0.0007,0.0009,1845.0,0.0007086,1782294155838,12.0,45.04,63105.56,BTC-25SEP26,62579.32,0.0008,62584.12,25SEP26,110000,,C,BTC-25SEP26-110000-C,,
0.0325,0.034,261.8,0.03335056,1782294155838,0.3,40.18,63754.01,BTC-25DEC26,62579.32,0.03325,62584.12,25DEC26,82000,,C,BTC-25DEC26-82000-C,,
,0.0001,2125.6,0.0,1782294155838,0.0,87.38,62584.98,BTC-26JUN26,62579.32,,62584.12,26JUN26,105000,,C,BTC-26JUN26-105000-C,,
0.013,0.0135,242.8,0.0132989,1782294155838,32.4,35.93,62619.09,BTC-3JUL26,62579.32,0.01325,62584.12,3JUL26,64000,,C,BTC-3JUL26-64000-C,,
0.0245,0.055,0.0,0.02711274,1782294155838,0.0,30.97,62599.520000000004,SYN.BTC-28JUN26,62579.32,0.03975,62584.12,28JUN26,64000,,P,BTC-28JUN26-64000-P,,
0.0345,0.0355,2893.8,0.03490991,1782294155838,310.3,44.74,63105.56,BTC-25SEP26,62579.32,0.035,62584.12,25SEP26,55000,,P,BTC-25SEP26-55000-P,,
0.038,0.042,2623.1,0.0391149,1782294155838,154.9,32.26,62584.86,BTC-26JUN26,62579.32,0.04,62584.12,26JUN26,65000,,P,BTC-26JUN26-65000-P,,
0.971,1.123,52.1,1.04145159,1782294155838,0.0,46.01,63754.02,BTC-25DEC26,62579.32,1.047,62584.12,25DEC26,130000,,P,BTC-25DEC26-130000-P,,
0.0065,0.0075,183.9,0.00696831,1782294155838,0.2,42.1,63754.01,BTC-25DEC26,62579.32,0.007,62584.12,25DEC26,106000,,C,BTC-25DEC26-106000-C,,
0.537,0.5395,268.4,0.53796377,1782294155838,0.0,68.49,63754.02,BTC-25DEC26,62579.32,0.53825,62584.12,25DEC26,30000,,C,BTC-25DEC26-30000-C,,
0.074,0.079,13.5,0.07689284,1782294155838,0.0,34.74,62636.33,BTC-10JUL26,62579.32,0.0765,62584.12,10JUL26,67000,,P,BTC-10JUL26-67000-P,,
0.0065,0.0075,2.6,0.00700076,1782294155838,2.6,39.58,62578.91,index_price,62579.32,0.007,62584.12,27JUN26,61500,,P,BTC-27JUN26-61500-P,,
0.0005,0.0011,922.6,0.0007544,1782294155838,0.5,54.78,63754.02,BTC-25DEC26,62579.32,0.0008,62584.12,25DEC26,180000,,C,BTC-25DEC26-180000-C,,
0.098,0.1035,426.4,0.10061838,1782294155838,0.1,35.38,62703.45,BTC-31JUL26,62579.32,0.10075,62584.12,31JUL26,68000,,P,BTC-31JUL26-68000-P,,
0.185,0.198,111.6,0.19434627,1782294155838,0.0,36.77,63105.68,BTC-25SEP26,62579.32,0.1915,62584.12,25SEP26,74000,,P,BTC-25SEP26-74000-P,,
0.609,0.742,0.1,0.66959787,1782294155838,0.0,42.1,63754.01,BTC-25DEC26,62579.32,0.6755,62584.12,25DEC26,106000,,P,BTC-25DEC26-106000-P,,
0.292,0.3915,0.3,0.33834008,1782294155838,0.3,37.3,62878.45,BTC-28AUG26,62579.32,0.34175,62584.12,28AUG26,84000,,P,BTC-28AUG26-84000-P,,
0.351,0.4895,4.4,0.41136375,1782294155838,0.0,41.59,64393.75,BTC-26MAR27,62579.32,0.42025,62584.12,26MAR27,88000,,P,BTC-26MAR27-88000-P,,
2.5515,2.8085,6.4,2.67496735,1782294155838,0.0,125.23,62584.86,BTC-26JUN26,62579.32,2.68,62584.12,26JUN26,230000,,P,BTC-26JUN26-230000-P,,
1.316,1.4835,2.3,1.39671784,1782294155838,0.0,122.22,62584.86,BTC-26JUN26,62579.32,1.39975,62584.12,26JUN26,150000,,P,BTC-26JUN26-150000-P,,
,0.0001,1294.4,0.0,1782294155838,0.0,92.22,62584.98,BTC-26JUN26,62579.32,,62584.12,26JUN26,110000,,C,BTC-26JUN26-110000-C,,
0.016,0.017,416.2,0.01638027,1782294155838,197.6,38.39,62584.86,BTC-26JUN26,62579.32,0.0165,62584.12,26JUN26,62000,,C,BTC-26JUN26-62000-C,,
0.0003,0.0005,169.0,0.00042385,1782294155838,0.1,45.29,62703.57,BTC-31JUL26,62579.32,0.0004,62584.12,31JUL26,89000,,C,BTC-31JUL26-89000-C,,
,0.0001,649.5,0.0,1782294155838,0.0,117.95,62584.86,BTC-26JUN26,62579.32,,62584.12,26JUN26,145000,,C,BTC-26JUN26-145000-C,,
,0.0001,198.4,0.0,1782294155838,0.0,125.23,62584.86,BTC-26JUN26,62579.32,,62584.12,26JUN26,260000,,C,BTC-26JUN26-260000-C,,
0.0004,0.0007,126.0,0.00051869,1782294155838,126.8,34.03,62578.91,index_price,62579.32,0.00055,62584.12,27JUN26,66000,,C,BTC-27JUN26-66000-C,,
0.0195,0.0205,304.1,0.02009633,1782294155838,13.2,44.47,62703.57,BTC-31JUL26,62579.32,0.02,62584.12,31JUL26,57000,,P,BTC-31JUL26-57000-P,,
0.1055,0.1075,648.1,0.10641906,1782294155838,10.5,43.02,63754.02,BTC-25DEC26,62579.32,0.1065,62584.12,25DEC26,62000,,P,BTC-25DEC26-62000-P,,
0.297,0.302,153.4,0.29944213,1782294155838,0.0,54.94,63105.56,BTC-25SEP26,62579.32,0.2995,62584.12,25SEP26,45000,,C,BTC-25SEP26-45000-C,,
0.007,0.0075,458.7,0.00716442,1782294155838,122.1,34.83,62584.86,BTC-26JUN26,62579.32,0.00725,62584.12,26JUN26,63000,,C,BTC-26JUN26-63000-C,,
0.159,0.183,0.5,0.18016425,1782294155838,0.0,51.62,62703.45,BTC-31JUL26,62579.32,0.171,62584.12,31JUL26,52000,,C,BTC-31JUL26-52000-C,,
0.047,0.0485,0.0,0.04783141,1782294155838,0.0,40.37,62636.21,BTC-10JUL26,62579.32,0.04775,62584.12,10JUL26,61000,,C,BTC-10JUL26-61000-C,,
0.0016,0.0021,475.9,0.00177087,1782294155838,0.0,52.98,64393.66,BTC-26MAR27,62579.32,0.00185,62584.12,26MAR27,200000,,C,BTC-26MAR27-200000-C,,
0.479,0.588,0.1,0.53128356,1782294155838,0.0,51.29,62703.45,BTC-31JUL26,62579.32,0.5335,62584.12,31JUL26,96000,,P,BTC-31JUL26-96000-P,,
,0.0001,4610.1,0.0,1782294155838,0.0,173.09,62584.86,BTC-26JUN26,62579.32,,62584.12,26JUN26,20000,,P,BTC-26JUN26-20000-P,,
0.097,0.1485,18.1,0.11861613,1782294155838,0.0,37.32,62619.09,BTC-3JUL26,62579.32,0.12275,62584.12,3JUL26,70000,,P,BTC-3JUL26-70000-P,,
1.1225,1.284,0.2,1.19766049,1782294155838,0.0,47.83,63754.02,BTC-25DEC26,62579.32,1.20325,62584.12,25DEC26,140000,,P,BTC-25DEC26-140000-P,,
0.914,1.056,22.7,0.98122521,1782294155838,0.1,50.87,63105.56,BTC-25SEP26,62579.32,0.985,62584.12,25SEP26,125000,,P,BTC-25SEP26-125000-P,,
0.0002,0.0004,124.5,0.00027114,1782294155838,103.5,37.43,62578.91,index_price,62579.32,0.0003,62584.12,27JUN26,67000,,C,BTC-27JUN26-67000-C,,
0.414,0.52,1.0,0.46424589,1782294155838,0.0,40.9,62878.45,BTC-28AUG26,62579.32,0.467,62584.12,28AUG26,92000,,P,BTC-28AUG26-92000-P,,
0.5435,0.6875,0.0,0.60679085,1782294155838,0.0,42.15,64393.66,BTC-26MAR27,62579.32,0.6155,62584.12,26MAR27,102000,,P,BTC-26MAR27-102000-P,,
0.1985,0.2055,27.3,0.2028253,1782294155838,0.0,35.91,62878.45,BTC-28AUG26,62579.32,0.202,62584.12,28AUG26,75000,,P,BTC-28AUG26-75000-P,,
0.0815,0.1565,0.0,0.11837034,1782294155838,0.0,45.08,62599.520000000004,SYN.BTC-28JUN26,62579.32,0.119,62584.12,28JUN26,70000,,P,BTC-28JUN26-70000-P,,
0.1175,0.125,237.1,0.12149369,1782294155838,0.0,81.65,62584.86,BTC-26JUN26,62579.32,0.12125,62584.12,26JUN26,55000,,C,BTC-26JUN26-55000-C,,
0.0295,0.031,113.8,0.03017855,1782294155838,0.2,41.87,64393.66,BTC-26MAR27,62579.32,0.03025,62584.12,26MAR27,96000,,C,BTC-26MAR27-96000-C,,
0.501,0.6155,0.1,0.55454202,1782294155838,0.0,41.23,63105.56,BTC-25SEP26,62579.32,0.55825,62584.12,25SEP26,98000,,P,BTC-25SEP26-98000-P,,
0.3705,0.378,32.3,0.37391657,1782294155838,0.0,61.64,63105.56,BTC-25SEP26,62579.32,0.37425,62584.12,25SEP26,40000,,C,BTC-25SEP26-40000-C,,
0.0065,0.0075,87.4,0.00706011,1782294155838,0.1,35.97,62878.45,BTC-28AUG26,62579.32,0.007,62584.12,28AUG26,77000,,C,BTC-28AUG26-77000-C,,
0.0001,0.0003,322.7,0.00020871,1782294155838,0.0,60.2,63105.68,BTC-25SEP26,62579.32,0.0002,62584.12,25SEP26,155000,,C,BTC-25SEP26-155000-C,,
,0.0001,76.5,4.842e-05,1782294155838,9.4,47.97,62578.91,index_price,62579.32,,62584.12,25JUN26,66500,,C,BTC-25JUN26-66500-C,,
0.262,0.36,0.0,0.30728226,1782294155838,0.0,36.65,62878.45,BTC-28AUG26,62579.32,0.311,62584.12,28AUG26,82000,,P,BTC-28AUG26-82000-P,,
0.0135,0.014,3.7,0.01372765,1782294155838,4.6,36.4,62578.91,index_price,62579.32,0.01375,62584.12,27JUN26,62500,,C,BTC-27JUN26-62500-C,,
0.009,0.01,11.8,0.00949639,1782294155838,13.0,34.87,62578.91,index_price,62579.32,0.0095,62584.12,27JUN26,63000,,C,BTC-27JUN26-63000-C,,
,0.0001,3931.6,8.049e-05,1782294155838,261.0,60.48,62584.98,BTC-26JUN26,62579.32,,62584.12,26JUN26,70000,,C,BTC-26JUN26-70000-C,,
0.1745,0.1795,1053.8,0.17718782,1782294155838,15.1,41.24,63754.02,BTC-25DEC26,62579.32,0.177,62584.12,25DEC26,70000,,P,BTC-25DEC26-70000-P,,
0.1215,0.126,654.0,0.12387557,1782294155838,20.2,37.92,63105.56,BTC-25SEP26,62579.32,0.12375,62584.12,25SEP26,68000,,P,BTC-25SEP26-68000-P,,
0.0029,0.0031,626.6,0.00284137,1782294155838,0.0,45.09,63754.02,BTC-25DEC26,62579.32,0.003,62584.12,25DEC26,125000,,C,BTC-25DEC26-125000-C,,
0.031,0.0325,141.7,0.03167639,1782294155838,0.0,41.83,64393.75,BTC-26MAR27,62579.32,0.03175,62584.12,26MAR27,95000,,C,BTC-26MAR27-95000-C,,
0.078,0.08,1021.2,0.07922491,1782294155838,4.1,41.24,63754.02,BTC-25DEC26,62579.32,0.079,62584.12,25DEC26,70000,,C,BTC-25DEC26-70000-C,,
0.0011,0.0013,403.9,0.00122799,1782294155838,0.9,36.96,62703.45,BTC-31JUL26,62579.32,0.0012,62584.12,31JUL26,79000,,C,BTC-31JUL26-79000-C,,
0.0085,0.009,1772.0,0.0085193,1782294155838,18.9,68.49,63754.01,BTC-25DEC26,62579.32,0.00875,62584.12,25DEC26,30000,,P,BTC-25DEC26-30000-P,,
0.0002,0.0005,1126.5,0.00032293,1782294155838,0.0,56.45,63105.56,BTC-25SEP26,62579.32,0.00035,62584.12,25SEP26,140000,,C,BTC-25SEP26-140000-C,,
0.0095,0.01,3719.5,0.0095405,1782294155838,388.0,41.02,63754.01,BTC-25DEC26,62579.32,0.00975,62584.12,25DEC26,100000,,C,BTC-25DEC26-100000-C,,
0.04,0.0415,12.1,0.04034394,1782294155838,2.2,41.24,62619.09,BTC-3JUL26,62579.32,0.04075,62584.12,3JUL26,61000,,C,BTC-3JUL26-61000-C,,
1.7565,1.9575,7.3,1.85246562,1782294155838,0.0,65.73,63105.56,BTC-25SEP26,62579.32,1.857,62584.12,25SEP26,180000,,P,BTC-25SEP26-180000-P,,
0.1795,0.187,132.6,0.18384716,1782294155838,1.5,35.14,62703.57,BTC-31JUL26,62579.32,0.18325,62584.12,31JUL26,74000,,P,BTC-31JUL26-74000-P,,
0.31,0.4075,21.8,0.35613721,1782294155838,0.0,41.61,62703.45,BTC-31JUL26,62579.32,0.35875,62584.12,31JUL26,85000,,P,BTC-31JUL26-85000-P,,
0.0075,0.008,0.0,0.00763603,1782294155838,0.0,36.04,62599.520000000004,SYN.BTC-28JUN26,62579.32,0.00775,62584.12,28JUN26,61500,,P,BTC-28JUN26-61500-P,,
0.0018,0.002,43.5,0.00195554,1782294155838,35.9,50.37,62578.91,index_price,62579.32,0.0019,62584.12,27JUN26,59000,,P,BTC-27JUN26-59000-P,,
0.0065,0.0075,190.2,0.00714394,1782294155838,91.8,34.74,62636.33,BTC-10JUL26,62579.32,0.007,62584.12,10JUL26,67000,,C,BTC-10JUL26-67000-C,,
0.1295,0.1315,226.4,0.13073491,1782294155838,0.1,43.99,64393.66,BTC-26MAR27,62579.32,0.1305,62584.12,26MAR27,62000,,P,BTC-26MAR27-62000-P,,
0.5625,0.6805,0.4,0.61756629,1782294155838,0.0,42.74,63105.56,BTC-25SEP26,62579.32,0.6215,62584.12,25SEP26,102000,,P,BTC-25SEP26-102000-P,,
0.036,0.078,0.0,0.04021204,1782294155838,0.0,30.53,62599.520000000004,SYN.BTC-28JUN26,62579.32,0.057,62584.12,28JUN26,65000,,P,BTC-28JUN26-65000-P,,
0.0695,0.101,0.0,0.07335905,1782294155838,0.0,67.43,62578.91,index_price,62579.32,0.08525,62584.12,25JUN26,58000,,C,BTC-25JUN26-58000-C,,
0.1015,0.105,8.6,0.10330151,1782294155838,0.1,41.83,62878.45,BTC-28AUG26,62579.32,0.10325,62584.12,28AUG26,59000,,C,BTC-28AUG26-59000-C,,
,0.0001,308.5,0.0,1782294155838,0.0,125.23,62584.86,BTC-26JUN26,62579.32,,62584.12,26JUN26,300000,,C,BTC-26JUN26-300000-C,,
0.007,0.008,826.6,0.0071785,1782294155838,1.3,41.75,63754.02,BTC-25DEC26,62579.32,0.0075,62584.12,25DEC26,105000,,C,BTC-25DEC26-105000-C,,
0.079,0.081,1078.0,0.07993243,1782294155838,177.1,44.48,63754.02,BTC-25DEC26,62579.32,0.08,62584.12,25DEC26,58000,,P,BTC-25DEC26-58000-P,,
0.253,0.2665,173.5,0.2611123,1782294155838,0.0,36.96,62703.45,BTC-31JUL26,62579.32,0.25975,62584.12,31JUL26,79000,,P,BTC-31JUL26-79000-P,,
1.2205,1.3835,0.2,1.29794116,1782294155838,0.0,56.48,63105.68,BTC-25SEP26,62579.32,1.302,62584.12,25SEP26,145000,,P,BTC-25SEP26-145000-P,,
,0.0001,157.5,5.228e-05,1782294155838,79.6,43.05,62578.91,index_price,62579.32,,62584.12,25JUN26,66000,,C,BTC-25JUN26-66000-C,,
0.0001,0.0002,21.9,0.0001396,1782294155838,21.9,52.3,62578.91,index_price,62579.32,0.00015,62584.12,27JUN26,70000,,C,BTC-27JUN26-70000-C,,
0.0033,0.0036,70.6,0.00342867,1782294155838,0.1,59.86,62636.33,BTC-10JUL26,62579.32,0.00345,62584.12,10JUL26,52000,,P,BTC-10JUL26-52000-P,,
0.0005,0.0006,1513.4,0.0005206,1782294155838,545.5,67.73,62584.86,BTC-26JUN26,62579.32,0.00055,62584.12,26JUN26,57000,,P,BTC-26JUN26-57000-P,,
0.0006,0.0007,1232.1,0.00066457,1782294155838,9.4,37.32,62619.09,BTC-3JUL26,62579.32,0.00065,62584.12,3JUL26,70000,,C,BTC-3JUL26-70000-C,,
0.122,0.127,0.0,0.12451276,1782294155838,0.0,57.93,62619.21,BTC-3JUL26,62579.32,0.1245,62584.12,3JUL26,55000,,C,BTC-3JUL26-55000-C,,
0.028,0.029,168.5,0.02846226,1782294155838,156.3,37.48,62636.33,BTC-10JUL26,62579.32,0.0285,62584.12,10JUL26,63000,,C,BTC-10JUL26-63000-C,,
0.614,0.733,0.0,0.67050252,1782294155838,0.0,48.22,62878.45,BTC-28AUG26,62579.32,0.6735,62584.12,28AUG26,105000,,P,BTC-28AUG26-105000-P,,
0.007,0.0075,46.3,0.00726653,1782294155838,40.7,50.24,62636.33,BTC-10JUL26,62579.32,0.00725,62584.12,10JUL26,56000,,P,BTC-10JUL26-56000-P,,
0.4835,0.498,5.2,0.48860884,1782294155838,0.0,40.53,63754.02,BTC-25DEC26,62579.32,0.49075,62584.12,25DEC26,94000,,P,BTC-25DEC26-94000-P,,
0.076,0.08,504.0,0.07806004,1782294155838,0.1,36.27,62703.45,BTC-31JUL26,62579.32,0.078,62584.12,31JUL26,66000,,P,BTC-31JUL26-66000-P,,
0.0002,0.0006,254.7,0.0003888,1782294155838,0.0,59.73,63754.01,BTC-25DEC26,62579.32,0.0004,62584.12,25DEC26,220000,,C,BTC-25DEC26-220000-C,,
0.067,0.0685,967.6,0.06763954,1782294155838,0.2,41.75,64393.66,BTC-26MAR27,62579.32,0.06775,62584.12,26MAR27,80000,,C,BTC-26MAR27-80000-C,,
1.68,1.876,0.2,1.77327448,1782294155838,0.0,65.73,63105.56,BTC-25SEP26,62579.32,1.778,62584.12,25SEP26,175000,,P,BTC-25SEP26-175000-P,,
0.087,0.119,0.0,0.09049464,1782294155838,0.0,54.1,62599.520000000004,SYN.BTC-28JUN26,62579.32,0.103,62584.12,28JUN26,57000,,C,BTC-28JUN26-57000-C,,
0.013,0.0145,1301.0,0.01378591,1782294155838,640.4,34.83,62584.86,BTC-26JUN26,62579.32,0.01375,62584.12,26JUN26,63000,,P,BTC-26JUN26-63000-P,,
0.0675,0.0695,105.5,0.06861994,1782294155838,3.2,45.27,63754.02,BTC-25DEC26,62579.32,0.0685,62584.12,25DEC26,56000,,P,BTC-25DEC26-56000-P,,
0.009,0.01,759.7,0.00995941,1782294155838,23.6,35.91,62878.45,BTC-28AUG26,62579.32,0.0095,62584.12,28AUG26,75000,,C,BTC-28AUG26-75000-C,,
0.198,0.2115,2961.5,0.20767246,1782294155838,5.0,36.8,63105.56,BTC-25SEP26,62579.32,0.20475,62584.12,25SEP26,75000,,P,BTC-25SEP26-75000-P,,
0.0135,0.015,110.1,0.01420149,1782294155838,0.0,40.53,63754.02,BTC-25DEC26,62579.32,0.01425,62584.12,25DEC26,94000,,C,BTC-25DEC26-94000-C,,
0.0029,0.0033,11.6,0.00311076,1782294155838,16.7,45.57,62578.91,index_price,62579.32,0.0031,62584.12,27JUN26,60000,,P,BTC-27JUN26-60000-P,,
0.0016,0.002,1577.6,0.00173466,1782294155838,0.0,47.83,63754.01,BTC-25DEC26,62579.32,0.0018,62584.12,25DEC26,140000,,C,BTC-25DEC26-140000-C,,
0.027,0.028,193.7,0.02739918,1782294155838,168.3,38.83,62636.21,BTC-10JUL26,62579.32,0.0275,62584.12,10JUL26,62000,,P,BTC-10JUL26-62000-P,,
0.0032,0.0035,3083.8,0.00313985,1782294155838,3.5,38.63,63105.56,BTC-25SEP26,62579.32,0.00335,62584.12,25SEP26,90000,,C,BTC-25SEP26-90000-C,,
0.016,0.0165,640.8,0.01646724,1782294155838,245.4,35.96,62878.45,BTC-28AUG26,62579.32,0.01625,62584.12,28AUG26,72000,,C,BTC-28AUG26-72000-C,,
0.1495,0.1665,12.4,0.15137821,1782294155838,1.0,43.96,63105.56,BTC-25SEP26,62579.32,0.158,62584.12,25SEP26,56000,,C,BTC-25SEP26-56000-C,,
0.2405,0.247,133.4,0.24364089,1782294155838,0.1,40.45,63754.02,BTC-25DEC26,62579.32,0.24375,62584.12,25DEC26,76000,,P,BTC-25DEC26-76000-P,,
0.0002,0.0006,1251.5,0.00032471,1782294155838,0.0,63.96,63754.02,BTC-25DEC26,62579.32,0.0004,62584.12,25DEC26,250000,,C,BTC-25DEC26-250000-C,,
0.0885,0.0905,554.1,0.08924415,1782294155838,0.0,40.25,63105.68,BTC-25SEP26,62579.32,0.0895,62584.12,25SEP26,62000,,C,BTC-25SEP26-62000-C,,
0.023,0.024,849.8,0.02360181,1782294155838,6.9,43.34,62703.45,BTC-31JUL26,62579.32,0.0235,62584.12,31JUL26,58000,,P,BTC-31JUL26-58000-P,,
0.1125,0.115,937.0,0.11372914,1782294155838,0.4,42.72,64393.66,BTC-26MAR27,62579.32,0.11375,62584.12,26MAR27,70000,,C,BTC-26MAR27-70000-C,,
0.4515,0.556,7.7,0.50194318,1782294155838,0.0,81.53,62584.86,BTC-26JUN26,62579.32,0.50375,62584.12,26JUN26,94000,,P,BTC-26JUN26-94000-P,,
0.02,0.021,1702.1,0.02041669,1782294155838,114.1,35.79,62703.57,BTC-31JUL26,62579.32,0.0205,62584.12,31JUL26,67000,,C,BTC-31JUL26-67000-C,,
0.0355,0.0365,1553.2,0.03618939,1782294155838,57.8,37.35,63105.56,BTC-25SEP26,62579.32,0.036,62584.12,25SEP26,70000,,C,BTC-25SEP26-70000-C,,
,0.0001,264.7,0.0,1782294155838,0.0,125.22,62584.86,BTC-26JUN26,62579.32,,62584.12,26JUN26,155000,,C,BTC-26JUN26-155000-C,,
0.0013,0.0016,157.7,0.00143929,1782294155839,13.2,38.9,62878.45,BTC-28AUG26,62579.32,0.00145,62584.12,28AUG26,88000,,C,BTC-28AUG26-88000-C,,
0.3,0.314,104.4,0.30846483,1782294155839,0.1,38.77,62703.45,BTC-31JUL26,62579.32,0.307,62584.12,31JUL26,82000,,P,BTC-31JUL26-82000-P,,
,0.0001,1118.0,0.0,1782294155839,0.0,79.32,62584.86,BTC-26JUN26,62579.32,,62584.12,26JUN26,86000,,C,BTC-26JUN26-86000-C,,
2.981,3.2705,0.0,3.12009306,1782294155839,0.0,78.83,63105.56,BTC-25SEP26,62579.32,3.12575,62584.12,25SEP26,260000,,P,BTC-25SEP26-260000-P,,
0.027,0.035,3.1,0.03081986,1782294155839,0.0,31.27,62578.91,index_price,62579.32,0.031,62584.12,25JUN26,64500,,P,BTC-25JUN26-64500-P,,
0.025,0.026,292.9,0.02556675,1782294155839,15.6,45.39,62878.45,BTC-28AUG26,62579.32,0.0255,62584.12,28AUG26,55000,,P,BTC-28AUG26-55000-P,,
,0.0001,176.0,0.0,1782294155839,0.0,125.23,62584.86,BTC-26JUN26,62579.32,,62584.12,26JUN26,165000,,C,BTC-26JUN26-165000-C,,
,0.0002,108.0,0.00014445,1782294155839,37.2,67.43,62578.91,index_price,62579.32,,62584.12,25JUN26,58000,,P,BTC-25JUN26-58000-P,,
0.2275,0.235,3.2,0.23173576,1782294155839,0.0,35.97,62878.45,BTC-28AUG26,62579.32,0.23125,62584.12,28AUG26,77000,,P,BTC-28AUG26-77000-P,,
0.0505,0.0585,1166.5,0.05472746,1782294155839,0.5,34.91,62584.86,BTC-26JUN26,62579.32,0.0545,62584.12,26JUN26,66000,,P,BTC-26JUN26-66000-P,,
0.0515,0.053,21.4,0.05216068,1782294155839,10.0,41.61,64393.66,BTC-26MAR27,62579.32,0.05225,62584.12,26MAR27,85000,,C,BTC-26MAR27-85000-C,,
,0.0002,1772.9,0.00011664,1782294155839,219.4,40.97,62584.86,BTC-26JUN26,62579.32,,62584.12,26JUN26,67000,,C,BTC-26JUN26-67000-C,,
0.005,0.0055,272.9,0.00549267,1782294155839,36.0,58.5,62703.57,BTC-31JUL26,62579.32,0.00525,62584.12,31JUL26,48000,,P,BTC-31JUL26-48000-P,,
0.0027,0.003,608.7,0.00290327,1782294155839,14.8,57.93,62619.21,BTC-3JUL26,62579.32,0.00285,62584.12,3JUL26,55000,,P,BTC-3JUL26-55000-P,,
0.07,0.076,19.9,0.07276733,1782294155839,0.0,34.27,62619.21,BTC-3JUL26,62579.32,0.073,62584.12,3JUL26,67000,,P,BTC-3JUL26-67000-P,,
0.1155,0.14,10.0,0.13748879,1782294155839,0.0,46.98,62703.45,BTC-31JUL26,62579.32,0.12775,62584.12,31JUL26,55000,,C,BTC-31JUL26-55000-C,,
0.2685,0.2825,378.7,0.27686358,1782294155839,0.0,37.57,62703.45,BTC-31JUL26,62579.32,0.2755,62584.12,31JUL26,80000,,P,BTC-31JUL26-80000-P,,
0.042,0.0435,55.7,0.04285444,1782294155839,4.6,50.87,64393.66,BTC-26MAR27,62579.32,0.04275,62584.12,26MAR27,45000,,P,BTC-26MAR27-45000-P,,
0.717,0.7435,54.1,0.7308526,1782294155839,0.0,42.48,63754.01,BTC-25DEC26,62579.32,0.73025,62584.12,25DEC26,110000,,P,BTC-25DEC26-110000-P,,
0.1365,0.1435,110.0,0.14020963,1782294155839,0.0,35.06,62703.45,BTC-31JUL26,62579.32,0.14,62584.12,31JUL26,71000,,P,BTC-31JUL26-71000-P,,
0.0695,0.091,0.0,0.08661999,1782294155839,0.0,41.78,62578.91,index_price,62579.32,0.08025,62584.12,27JUN26,68000,,P,BTC-27JUN26-68000-P,,
0.1,0.104,91.0,0.10247615,1782294155839,0.0,37.12,62878.45,BTC-28AUG26,62579.32,0.102,62584.12,28AUG26,67000,,P,BTC-28AUG26-67000-P,,
0.0001,0.0002,121.2,0.00013487,1782294155839,111.8,36.47,62578.91,index_price,62579.32,0.00015,62584.12,25JUN26,65000,,C,BTC-25JUN26-65000-C,,
0.0685,0.0705,41.8,0.06962081,1782294155839,0.0,47.2,64393.66,BTC-26MAR27,62579.32,0.0695,62584.12,26MAR27,52000,,P,BTC-26MAR27-52000-P,,
0.7725,0.9025,0.3,0.83418701,1782294155839,0.0,66.69,62703.45,BTC-31JUL26,62579.32,0.8375,62584.12,31JUL26,115000,,P,BTC-31JUL26-115000-P,,
0.129,0.132,526.1,0.1304784,1782294155839,0.0,42.28,63754.01,BTC-25DEC26,62579.32,0.1305,62584.12,25DEC26,65000,,P,BTC-25DEC26-65000-P,,
0.0006,0.0009,1236.6,0.00071647,1782294155839,0.2,40.08,62703.45,BTC-31JUL26,62579.32,0.00075,62584.12,31JUL26,83000,,C,BTC-31JUL26-83000-C,,
0.0625,0.104,0.0,0.07059339,1782294155839,0.0,32.53,62599.520000000004,SYN.BTC-28JUN26,62579.32,0.08325,62584.12,28JUN26,67000,,P,BTC-28JUN26-67000-P,,
0.8955,1.043,8.4,0.96348944,1782294155839,0.0,45.09,63754.02,BTC-25DEC26,62579.32,0.96925,62584.12,25DEC26,125000,,P,BTC-25DEC26-125000-P,,
0.5415,0.655,0.0,0.59507526,1782294155839,0.0,55.55,62703.57,BTC-31JUL26,62579.32,0.59825,62584.12,31JUL26,100000,,P,BTC-31JUL26-100000-P,,
0.0001,0.0002,200.0,0.00014079,1782294155839,200.0,46.45,62578.91,index_price,62579.32,0.00015,62584.12,27JUN26,69000,,C,BTC-27JUN26-69000-C,,
0.082,0.1225,0.0,0.10616464,1782294155839,0.0,58.51,62599.520000000004,SYN.BTC-28JUN26,62579.32,0.10225,62584.12,28JUN26,56000,,C,BTC-28JUN26-56000-C,,
,0.0001,2.1,1.9e-07,1782294155839,0.0,61.84,62578.91,index_price,62579.32,,62584.12,25JUN26,71000,,C,BTC-25JUN26-71000-C,,
0.634,0.754,0.0,0.69072197,1782294155839,0.0,60.59,62703.57,BTC-31JUL26,62579.32,0.694,62584.12,31JUL26,106000,,P,BTC-31JUL26-106000-P,,
0.6585,0.7445,1.2,0.72400037,1782294155839,0.0,42.55,64393.66,BTC-26MAR27,62579.32,0.7015,62584.12,26MAR27,110000,,P,BTC-26MAR27-110000-P,,
0.012,0.013,374.0,0.01256239,1782294155839,63.1,48.41,62703.45,BTC-31JUL26,62579.32,0.0125,62584.12,31JUL26,54000,,P,BTC-31JUL26-54000-P,,
0.2585,0.2665,0.1,0.26203159,1782294155839,0.0,47.2,64393.66,BTC-26MAR27,62579.32,0.2625,62584.12,26MAR27,52000,,C,BTC-26MAR27-52000-C,,
0.4175,0.4365,592.7,0.42931327,1782294155839,0.0,38.63,63105.56,BTC-25SEP26,62579.32,0.427,62584.12,25SEP26,90000,,P,BTC-25SEP26-90000-P,,
3.9,4.2555,0.1,4.07085746,1782294155839,0.0,85.42,63105.56,BTC-25SEP26,62579.32,4.07775,62584.12,25SEP26,320000,,P,BTC-25SEP26-320000-P,,
0.1245,0.127,37.4,0.12565954,1782294155839,0.0,42.98,64393.66,BTC-26MAR27,62579.32,0.12575,62584.12,26MAR27,68000,,C,BTC-26MAR27-68000-C,,
0.284,0.298,114.0,0.29264755,1782294155839,0.0,38.15,62703.45,BTC-31JUL26,62579.32,0.291,62584.12,31JUL26,81000,,P,BTC-31JUL26-81000-P,,
0.034,0.035,39.8,0.03434556,1782294155839,9.0,37.48,62636.21,BTC-10JUL26,62579.32,0.0345,62584.12,10JUL26,63000,,P,BTC-10JUL26-63000-P,,
0.3565,0.4565,2.0,0.40384359,1782294155839,0.0,44.08,62703.45,BTC-31JUL26,62579.32,0.4065,62584.12,31JUL26,88000,,P,BTC-31JUL26-88000-P,,
0.0005,0.0008,0.9,0.00062922,1782294155839,0.9,36.05,62636.21,BTC-10JUL26,62579.32,0.00065,62584.12,10JUL26,73000,,C,BTC-10JUL26-73000-C,,
0.0022,0.0025,160.6,0.0022824,1782294155839,3.0,40.15,63105.56,BTC-25SEP26,62579.32,0.00235,62584.12,25SEP26,94000,,C,BTC-25SEP26-94000-C,,
0.0002,0.0004,0.0,0.00028613,1782294155839,0.0,32.53,62599.520000000004,SYN.BTC-28JUN26,62579.32,0.0003,62584.12,28JUN26,67000,,C,BTC-28JUN26-67000-C,,
2.86,3.1395,0.0,2.99452973,1782294155839,0.0,125.23,62584.86,BTC-26JUN26,62579.32,2.99975,62584.12,26JUN26,250000,,P,BTC-26JUN26-250000-P,,
0.0034,0.0038,523.7,0.00370236,1782294155839,3.3,35.14,62703.57,BTC-31JUL26,62579.32,0.0036,62584.12,31JUL26,74000,,C,BTC-31JUL26-74000-C,,
0.012,0.013,212.9,0.01248377,1782294155839,0.0,40.74,63754.02,BTC-25DEC26,62579.32,0.0125,62584.12,25DEC26,96000,,C,BTC-25DEC26-96000-C,,
0.071,0.078,71.1,0.07407311,1782294155839,0.0,61.82,62584.86,BTC-26JUN26,62579.32,0.0745,62584.12,26JUN26,58000,,C,BTC-26JUN26-58000-C,,
0.1985,0.2055,367.5,0.20117022,1782294155839,25.0,114.01,62584.86,BTC-26JUN26,62579.32,0.202,62584.12,26JUN26,50000,,C,BTC-26JUN26-50000-C,,
0.012,0.0445,0.0,0.03333144,1782294155839,0.0,30.48,62599.520000000004,SYN.BTC-28JUN26,62579.32,0.02825,62584.12,28JUN26,64500,,P,BTC-28JUN26-64500-P,,
0.0024,0.0029,174.1,0.00265717,1782294155839,0.0,36.92,62878.45,BTC-28AUG26,62579.32,0.00265,62584.12,28AUG26,83000,,C,BTC-28AUG26-83000-C,,
0.0905,0.092,281.9,0.09100493,1782294155839,8.6,41.65,63754.02,BTC-25DEC26,62579.32,0.09125,62584.12,25DEC26,68000,,C,BTC-25DEC26-68000-C,,
0.024,0.029,0.0,0.02644027,1782294155839,0.0,33.06,62578.91,index_price,62579.32,0.0265,62584.12,27JUN26,64000,,P,BTC-27JUN26-64000-P,,
0.011,0.012,314.6,0.01185688,1782294155839,2.9,35.96,62878.45,BTC-28AUG26,62579.32,0.0115,62584.12,28AUG26,74000,,C,BTC-28AUG26-74000-C,,
0.4405,0.5515,1.3,0.49184131,1782294155839,0.0,40.15,63105.68,BTC-25SEP26,62579.32,0.496,62584.12,25SEP26,94000,,P,BTC-25SEP26-94000-P,,
0.024,0.0255,484.0,0.0246937,1782294155839,8.1,41.95,64393.66,BTC-26MAR27,62579.32,0.02475,62584.12,26MAR27,100000,,C,BTC-26MAR27-100000-C,,
0.179,0.1835,47.3,0.18173776,1782294155839,0.0,42.98,64393.66,BTC-26MAR27,62579.32,0.18125,62584.12,26MAR27,68000,,P,BTC-26MAR27-68000-P,,
0.029,0.03,370.1,0.02951229,1782294155839,275.2,39.13,62619.21,BTC-3JUL26,62579.32,0.0295,62584.12,3JUL26,62000,,C,BTC-3JUL26-62000-C,,
0.0825,0.088,0.1,0.08501694,1782294155839,0.0,45.91,62636.21,BTC-10JUL26,62579.32,0.08525,62584.12,10JUL26,58000,,C,BTC-10JUL26-58000-C,,
0.0037,0.0041,213.5,0.00391082,1782294155839,214.2,33.06,62578.91,index_price,62579.32,0.0039,62584.12,27JUN26,64000,,C,BTC-27JUN26-64000-C,,
0.102,0.1275,0.0,0.10578733,1782294155839,0.0,63.24,62578.91,index_price,62579.32,0.11475,62584.12,27JUN26,56000,,C,BTC-27JUN26-56000-C,,
0.0415,0.0435,86.2,0.04275896,1782294155839,0.9,36.33,62636.21,BTC-10JUL26,62579.32,0.0425,62584.12,10JUL26,64000,,P,BTC-10JUL26-64000-P,,
3.323,3.636,0.0,3.4738733,1782294155839,0.0,125.23,62584.86,BTC-26JUN26,62579.32,3.4795,62584.12,26JUN26,280000,,P,BTC-26JUN26-280000-P,,
,0.0001,691.0,0.0,1782294155839,0.0,125.23,62584.86,BTC-26JUN26,62579.32,,62584.12,26JUN26,220000,,C,BTC-26JUN26-220000-C,,
0.359,0.3635,34.2,0.36087525,1782294155839,0.0,128.51,62584.86,BTC-26JUN26,62579.32,0.36125,62584.12,26JUN26,40000,,C,BTC-26JUN26-40000-C,,
0.209,0.2185,1712.1,0.21433824,1782294155839,32.5,71.27,62584.98,BTC-26JUN26,62579.32,0.21375,62584.12,26JUN26,76000,,P,BTC-26JUN26-76000-P,,
0.0645,0.077,0.0,0.07073166,1782294155839,0.0,37.43,62578.91,index_price,62579.32,0.07075,62584.12,27JUN26,67000,,P,BTC-27JUN26-67000-P,,
,0.0001,5743.2,0.0,1782294155839,0.0,81.53,62584.86,BTC-26JUN26,62579.32,,62584.12,26JUN26,90000,,C,BTC-26JUN26-90000-C,,
3.0145,3.305,0.0,3.15431092,1782294155839,0.0,125.23,62584.86,BTC-26JUN26,62579.32,3.15975,62584.12,26JUN26,260000,,P,BTC-26JUN26-260000-P,,
0.2445,0.2525,635.7,0.2489289,1782294155839,0.0,36.71,63105.56,BTC-25SEP26,62579.32,0.2485,62584.12,25SEP26,78000,,P,BTC-25SEP26-78000-P,,
,0.0001,1498.6,0.0,1782294155839,0.0,103.99,62584.86,BTC-26JUN26,62579.32,,62584.12,26JUN26,130000,,C,BTC-26JUN26-130000-C,,
0.2785,0.2835,46.4,0.28098872,1782294155839,0.0,128.5,62584.86,BTC-26JUN26,62579.32,0.281,62584.12,26JUN26,45000,,C,BTC-26JUN26-45000-C,,
0.036,0.0375,337.5,0.03684928,1782294155839,1.8,37.12,62878.45,BTC-28AUG26,62579.32,0.03675,62584.12,28AUG26,67000,,C,BTC-28AUG26-67000-C,,
0.0002,0.0003,92.8,0.00023844,1782294155839,44.4,58.26,62578.91,index_price,62579.32,0.00025,62584.12,25JUN26,59000,,P,BTC-25JUN26-59000-P,,
0.879,1.037,0.0,0.95028807,1782294155839,0.0,44.2,64393.66,BTC-26MAR27,62579.32,0.958,62584.12,26MAR27,125000,,P,BTC-26MAR27-125000-P,,
0.0125,0.0135,566.3,0.01296128,1782294155839,6.0,43.16,64393.66,BTC-26MAR27,62579.32,0.013,62584.12,26MAR27,115000,,C,BTC-26MAR27-115000-C,,
0.049,0.0505,100.8,0.04965913,1782294155839,6.0,41.64,64393.66,BTC-26MAR27,62579.32,0.04975,62584.12,26MAR27,86000,,C,BTC-26MAR27-86000-C,,
0.275,0.28,1.0,0.27739457,1782294155839,0.0,56.51,62878.45,BTC-28AUG26,62579.32,0.2775,62584.12,28AUG26,46000,,C,BTC-28AUG26-46000-C,,
0.0625,0.0645,914.7,0.06357878,1782294155839,100.0,45.76,63754.02,BTC-25DEC26,62579.32,0.0635,62584.12,25DEC26,55000,,P,BTC-25DEC26-55000-P,,
0.0014,0.0018,184.3,0.00159763,1782294155839,17.0,41.23,63105.68,BTC-25SEP26,62579.32,0.0016,62584.12,25SEP26,98000,,C,BTC-25SEP26-98000-C,,
0.359,0.457,15.9,0.40607447,1782294155839,0.0,79.67,62584.86,BTC-26JUN26,62579.32,0.408,62584.12,26JUN26,88000,,P,BTC-26JUN26-88000-P,,
0.019,0.055,0.0,0.02155329,1782294155839,0.0,31.47,62599.520000000004,SYN.BTC-28JUN26,62579.32,0.037,62584.12,28JUN26,63500,,P,BTC-28JUN26-63500-P,,
0.1255,0.131,0.0,0.1278354,1782294155839,0.0,52.62,62636.33,BTC-10JUL26,62579.32,0.12825,62584.12,10JUL26,55000,,C,BTC-10JUL26-55000-C,,
0.573,0.594,272.4,0.58607489,1782294155839,0.4,42.14,63105.68,BTC-25SEP26,62579.32,0.5835,62584.12,25SEP26,100000,,P,BTC-25SEP26-100000-P,,
0.056,0.0575,162.5,0.05666441,1782294155839,45.3,38.47,62878.45,BTC-28AUG26,62579.32,0.05675,62584.12,28AUG26,64000,,C,BTC-28AUG26-64000-C,,
,0.0001,1024.4,0.0,1782294155839,0.0,125.23,62584.86,BTC-26JUN26,62579.32,,62584.12,26JUN26,200000,,C,BTC-26JUN26-200000-C,,
0.0011,0.0014,58.1,0.00123641,1782294155840,9.0,42.74,63105.56,BTC-25SEP26,62579.32,0.00125,62584.12,25SEP26,102000,,C,BTC-25SEP26-102000-C,,
0.019,0.0195,577.0,0.01929947,1782294155840,0.6,35.97,62878.45,BTC-28AUG26,62579.32,0.01925,62584.12,28AUG26,71000,,C,BTC-28AUG26-71000-C,,
0.022,0.0235,58.5,0.02267352,1782294155840,0.0,42.15,64393.66,BTC-26MAR27,62579.32,0.02275,62584.12,26MAR27,102000,,C,BTC-26MAR27-102000-C,,
0.2655,0.2715,245.2,0.26811229,1782294155840,0.0,40.34,63754.01,BTC-25DEC26,62579.32,0.2685,62584.12,25DEC26,78000,,P,BTC-25DEC26-78000-P,,
0.019,0.02,730.6,0.01969796,1782294155840,382.3,39.13,62619.21,BTC-3JUL26,62579.32,0.0195,62584.12,3JUL26,62000,,P,BTC-3JUL26-62000-P,,
0.1455,0.1515,7.3,0.14854585,1782294155840,0.0,35.97,62878.45,BTC-28AUG26,62579.32,0.1485,62584.12,28AUG26,71000,,P,BTC-28AUG26-71000-P,,
0.077,0.1345,3.5,0.10257028,1782294155840,0.0,53.54,62584.98,BTC-26JUN26,62579.32,0.10575,62584.12,26JUN26,69000,,P,BTC-26JUN26-69000-P,,
0.0635,0.1135,0.0,0.09011542,1782294155840,0.0,59.42,62578.91,index_price,62579.32,0.0885,62584.12,27JUN26,57000,,C,BTC-27JUN26-57000-C,,
0.0095,0.01,3230.5,0.01000479,1782294155840,934.5,36.85,63105.56,BTC-25SEP26,62579.32,0.00975,62584.12,25SEP26,80000,,C,BTC-25SEP26-80000-C,,
0.172,0.219,0.2,0.19798271,1782294155840,0.0,46.78,62619.09,BTC-3JUL26,62579.32,0.1955,62584.12,3JUL26,75000,,P,BTC-3JUL26-75000-P,,
,0.0001,231.0,0.0,1782294155840,0.0,125.23,62584.86,BTC-26JUN26,62579.32,,62584.12,26JUN26,280000,,C,BTC-26JUN26-280000-C,,
0.026,0.027,507.3,0.02652065,1782294155840,135.2,37.25,62619.21,BTC-3JUL26,62579.32,0.0265,62584.12,3JUL26,63000,,P,BTC-3JUL26-63000-P,,
0.1125,0.1165,121.0,0.11443857,1782294155840,0.0,42.65,62878.45,BTC-28AUG26,62579.32,0.1145,62584.12,28AUG26,58000,,C,BTC-28AUG26-58000-C,,
0.0665,0.0735,145.4,0.07065061,1782294155840,0.0,40.97,62584.86,BTC-26JUN26,62579.32,0.07,62584.12,26JUN26,67000,,P,BTC-26JUN26-67000-P,,
0.1505,0.1575,367.0,0.15446858,1782294155840,0.0,35.14,62703.45,BTC-31JUL26,62579.32,0.154,62584.12,31JUL26,72000,,P,BTC-31JUL26-72000-P,,
0.0001,0.0002,2038.3,0.0001441,1782294155840,104.7,102.7,62584.86,BTC-26JUN26,62579.32,0.00015,62584.12,26JUN26,52000,,P,BTC-26JUN26-52000-P,,
0.034,0.037,369.2,0.03542604,1782294155840,0.5,35.93,62619.09,BTC-3JUL26,62579.32,0.0355,62584.12,3JUL26,64000,,P,BTC-3JUL26-64000-P,,
0.41,0.519,4.0,0.46049832,1782294155840,0.0,39.31,63105.56,BTC-25SEP26,62579.32,0.4645,62584.12,25SEP26,92000,,P,BTC-25SEP26-92000-P,,
0.0145,0.015,0.0,0.01472358,1782294155840,0.0,33.66,62599.520000000004,SYN.BTC-28JUN26,62579.32,0.01475,62584.12,28JUN26,62500,,C,BTC-28JUN26-62500-C,,
0.201,0.2045,4.7,0.20208888,1782294155840,1.0,45.05,64393.66,BTC-26MAR27,62579.32,0.20275,62584.12,26MAR27,58000,,C,BTC-26MAR27-58000-C,,
0.0325,0.034,122.8,0.03317518,1782294155840,0.0,41.76,64393.66,BTC-26MAR27,62579.32,0.03325,62584.12,26MAR27,94000,,C,BTC-26MAR27-94000-C,,
0.0003,0.0006,120.1,0.00052026,1782294155840,90.1,30.74,62578.91,index_price,62579.32,0.00045,62584.12,25JUN26,64000,,C,BTC-25JUN26-64000-C,,
0.0195,0.0205,19.8,0.02005505,1782294155840,2.1,47.49,62878.45,BTC-28AUG26,62579.32,0.02,62584.12,28AUG26,53000,,P,BTC-28AUG26-53000-P,,
0.102,0.104,43.6,0.10278282,1782294155840,0.0,42.49,64393.66,BTC-26MAR27,62579.32,0.103,62584.12,26MAR27,72000,,C,BTC-26MAR27-72000-C,,
,0.0001,778.3,0.0,1782294155840,0.0,113.48,62584.86,BTC-26JUN26,62579.32,,62584.12,26JUN26,140000,,C,BTC-26JUN26-140000-C,,
0.1985,0.203,42.8,0.20089363,1782294155840,0.0,45.76,63754.02,BTC-25DEC26,62579.32,0.20075,62584.12,25DEC26,55000,,C,BTC-25DEC26-55000-C,,
0.199,0.2055,0.0,0.20139514,1782294155840,0.0,47.28,63105.68,BTC-25SEP26,62579.32,0.20225,62584.12,25SEP26,52000,,C,BTC-25SEP26-52000-C,,
0.3875,0.4895,8.8,0.43569862,1782294155840,3.0,46.04,62703.45,BTC-31JUL26,62579.32,0.4385,62584.12,31JUL26,90000,,P,BTC-31JUL26-90000-P,,
0.0002,0.0007,875.7,0.00035742,1782294155840,0.0,62.84,63754.02,BTC-25DEC26,62579.32,0.00045,62584.12,25DEC26,240000,,C,BTC-25DEC26-240000-C,,
0.122,0.126,22.7,0.12434391,1782294155840,0.0,36.45,62878.45,BTC-28AUG26,62579.32,0.124,62584.12,28AUG26,69000,,P,BTC-28AUG26-69000-P,,
0.024,0.029,0.0,0.0266674,1782294155840,0.0,44.38,62578.91,index_price,62579.32,0.0265,62584.12,25JUN26,61000,,C,BTC-25JUN26-61000-C,,
0.0002,0.0004,446.7,0.00024427,1782294155840,0.0,59.63,62703.45,BTC-31JUL26,62579.32,0.0003,62584.12,31JUL26,105000,,C,BTC-31JUL26-105000-C,,
,0.0001,556.1,8.007e-05,1782294155840,92.4,53.54,62584.86,BTC-26JUN26,62579.32,,62584.12,26JUN26,69000,,C,BTC-26JUN26-69000-C,,
0.0012,0.0016,61.5,0.00144477,1782294155840,17.0,33.05,62578.91,index_price,62579.32,0.0014,62584.12,27JUN26,65000,,C,BTC-27JUN26-65000-C,,
0.162,0.1655,103.1,0.16400415,1782294155840,0.0,43.38,64393.66,BTC-26MAR27,62579.32,0.16375,62584.12,26MAR27,66000,,P,BTC-26MAR27-66000-P,,
0.0055,0.0065,879.8,0.0060628,1782294155840,29.2,48.75,62619.09,BTC-3JUL26,62579.32,0.006,62584.12,3JUL26,58000,,P,BTC-3JUL26-58000-P,,
0.194,0.2025,2128.0,0.19836233,1782294155840,44.1,71.27,62584.86,BTC-26JUN26,62579.32,0.19825,62584.12,26JUN26,75000,,P,BTC-26JUN26-75000-P,,
0.0545,0.0565,1102.3,0.05543339,1782294155840,6.3,40.53,63754.01,BTC-25DEC26,62579.32,0.0555,62584.12,25DEC26,75000,,C,BTC-25DEC26-75000-C,,
0.0345,0.053,7.3,0.03877368,1782294155840,0.0,36.47,62578.91,index_price,62579.32,0.04375,62584.12,25JUN26,65000,,P,BTC-25JUN26-65000-P,,
0.0205,0.021,383.1,0.02063057,1782294155840,39.3,58.59,64393.66,BTC-26MAR27,62579.32,0.02075,62584.12,26MAR27,35000,,P,BTC-26MAR27-35000-P,,
0.52,0.522,84.8,0.52065643,1782294155840,0.0,129.46,62584.86,BTC-26JUN26,62579.32,0.521,62584.12,26JUN26,30000,,C,BTC-26JUN26-30000-C,,
0.006,0.0065,1579.0,0.00621959,1782294155840,28.7,35.14,62703.45,BTC-31JUL26,62579.32,0.00625,62584.12,31JUL26,72000,,C,BTC-31JUL26-72000-C,,
,0.0001,114.9,2.84e-05,1782294155840,40.1,50.22,62578.91,index_price,62579.32,,62584.12,25JUN26,67000,,C,BTC-25JUN26-67000-C,,
,0.0001,30.5,1.33e-06,1782294155840,3.1,61.84,62578.91,index_price,62579.32,,62584.12,25JUN26,70000,,C,BTC-25JUN26-70000-C,,
1.0845,1.235,14.2,1.15704605,1782294155840,0.0,108.85,62584.86,BTC-26JUN26,62579.32,1.15975,62584.12,26JUN26,135000,,P,BTC-26JUN26-135000-P,,
0.052,0.0535,308.1,0.05287545,1782294155840,33.3,40.3,62878.45,BTC-28AUG26,62579.32,0.05275,62584.12,28AUG26,61000,,P,BTC-28AUG26-61000-P,,
0.027,0.032,257.7,0.0289841,1782294155840,0.0,43.37,62584.86,BTC-26JUN26,62579.32,0.0295,62584.12,26JUN26,61000,,C,BTC-26JUN26-61000-C,,
0.02,0.021,2958.3,0.02055935,1782294155840,166.6,49.16,63105.56,BTC-25SEP26,62579.32,0.0205,62584.12,25SEP26,50000,,P,BTC-25SEP26-50000-P,,
0.0945,0.13,0.0,0.10294014,1782294155840,0.0,35.6,62619.21,BTC-3JUL26,62579.32,0.11225,62584.12,3JUL26,69000,,P,BTC-3JUL26-69000-P,,
,0.0001,1605.1,1.21e-06,1782294155840,0.0,71.27,62584.86,BTC-26JUN26,62579.32,,62584.12,26JUN26,76000,,C,BTC-26JUN26-76000-C,,
0.145,0.1475,121.5,0.14632279,1782294155840,0.0,43.52,64393.66,BTC-26MAR27,62579.32,0.14625,62584.12,26MAR27,64000,,P,BTC-26MAR27-64000-P,,
0.082,0.0835,1.6,0.08267785,1782294155840,1.0,40.3,62878.45,BTC-28AUG26,62579.32,0.08275,62584.12,28AUG26,61000,,C,BTC-28AUG26-61000-C,,
0.123,0.1295,886.4,0.1264317,1782294155840,47.5,35.09,62703.45,BTC-31JUL26,62579.32,0.12625,62584.12,31JUL26,70000,,P,BTC-31JUL26-70000-P,,
0.731,0.8825,0.0,0.79897591,1782294155840,0.0,43.16,64393.66,BTC-26MAR27,62579.32,0.80675,62584.12,26MAR27,115000,,P,BTC-26MAR27-115000-P,,
0.476,0.4795,0.0,0.4770609,1782294155840,0.0,58.59,64393.75,BTC-26MAR27,62579.32,0.47775,62584.12,26MAR27,35000,,C,BTC-26MAR27-35000-C,,
0.0965,0.1405,0.0,0.12165907,1782294155840,0.0,69.31,62578.91,index_price,62579.32,0.1185,62584.12,27JUN26,55000,,C,BTC-27JUN26-55000-C,,
1.144,1.302,1.4,1.21881491,1782294155840,0.0,56.45,63105.56,BTC-25SEP26,62579.32,1.223,62584.12,25SEP26,140000,,P,BTC-25SEP26-140000-P,,
0.048,0.083,0.0,0.07502566,1782294155840,0.0,49.98,62599.520000000004,SYN.BTC-28JUN26,62579.32,0.0655,62584.12,28JUN26,58000,,C,BTC-28JUN26-58000-C,,
0.0003,0.0005,1205.3,0.00038738,1782294155840,0.0,46.04,62703.57,BTC-31JUL26,62579.32,0.0004,62584.12,31JUL26,90000,,C,BTC-31JUL26-90000-C,,
0.4025,0.506,0.0,0.45164649,1782294155840,0.0,47.25,62703.45,BTC-31JUL26,62579.32,0.45425,62584.12,31JUL26,91000,,P,BTC-31JUL26-91000-P,,
,0.0001,129.0,0.0,1782294155840,0.0,125.23,62584.86,BTC-26JUN26,62579.32,,62584.12,26JUN26,340000,,C,BTC-26JUN26-340000-C,,
0.0225,0.023,112.3,0.02279818,1782294155840,37.2,36.16,62878.45,BTC-28AUG26,62579.32,0.02275,62584.12,28AUG26,70000,,C,BTC-28AUG26-70000-C,,
0.6295,0.776,0.0,0.694502,1782294155840,0.0,42.49,64393.66,BTC-26MAR27,62579.32,0.70275,62584.12,26MAR27,108000,,P,BTC-26MAR27-108000-P,,
0.0023,0.0026,631.5,0.0022604,1782294155840,0.2,50.39,64393.66,BTC-26MAR27,62579.32,0.00245,62584.12,26MAR27,180000,,C,BTC-26MAR27-180000-C,,
0.3555,0.376,5.8,0.35950478,1782294155840,0.0,41.63,64393.75,BTC-26MAR27,62579.32,0.36575,62584.12,26MAR27,84000,,P,BTC-26MAR27-84000-P,,
0.213,0.221,5.4,0.21717529,1782294155840,0.0,35.95,62878.45,BTC-28AUG26,62579.32,0.217,62584.12,28AUG26,76000,,P,BTC-28AUG26-76000-P,,
0.0013,0.0017,1030.7,0.00147774,1782294155840,5.7,36.39,62703.45,BTC-31JUL26,62579.32,0.0015,62584.12,31JUL26,78000,,C,BTC-31JUL26-78000-C,,
0.0012,0.0015,106.6,0.00138998,1782294155840,68.0,44.38,62578.91,index_price,62579.32,0.00135,62584.12,25JUN26,61000,,P,BTC-25JUN26-61000-P,,
,0.0001,74.0,6.416e-05,1782294155840,44.8,38.56,62578.91,index_price,62579.32,,62584.12,25JUN26,65500,,C,BTC-25JUN26-65500-C,,
0.0095,0.0105,2769.8,0.01007852,1782294155840,49.2,35.09,62703.45,BTC-31JUL26,62579.32,0.01,62584.12,31JUL26,70000,,C,BTC-31JUL26-70000-C,,
0.0011,0.0014,1404.5,0.00124799,1782294155840,536.6,55.48,62584.98,BTC-26JUN26,62579.32,0.00125,62584.12,26JUN26,59000,,P,BTC-26JUN26-59000-P,,
0.0005,0.0007,1161.4,0.00059089,1782294155840,0.0,49.94,63105.56,BTC-25SEP26,62579.32,0.0006,62584.12,25SEP26,120000,,C,BTC-25SEP26-120000-C,,
0.018,0.0405,0.0,0.03742262,1782294155840,0.0,43.42,62578.91,index_price,62579.32,0.02925,62584.12,27JUN26,60500,,C,BTC-27JUN26-60500-C,,
1.6035,1.794,0.0,1.69409076,1782294155840,0.0,65.55,63105.56,BTC-25SEP26,62579.32,1.69875,62584.12,25SEP26,170000,,P,BTC-25SEP26-170000-P,,
0.158,0.1645,86.2,0.1616185,1782294155840,0.0,35.96,62878.45,BTC-28AUG26,62579.32,0.16125,62584.12,28AUG26,72000,,P,BTC-28AUG26-72000-P,,
,0.0001,4260.1,3.41e-06,1782294155840,1.6,71.27,62584.86,BTC-26JUN26,62579.32,,62584.12,26JUN26,75000,,C,BTC-26JUN26-75000-C,,
0.044,0.0455,70.2,0.04467429,1782294155840,10.0,41.59,64393.75,BTC-26MAR27,62579.32,0.04475,62584.12,26MAR27,88000,,C,BTC-26MAR27-88000-C,,
,0.0001,3947.2,4.08e-06,1782294155840,1.0,128.5,62584.86,BTC-26JUN26,62579.32,,62584.12,26JUN26,45000,,P,BTC-26JUN26-45000-P,,
0.0005,0.0007,160.8,0.00059983,1782294155840,153.9,52.22,62578.91,index_price,62579.32,0.0006,62584.12,25JUN26,60000,,P,BTC-25JUN26-60000-P,,
0.2385,0.245,41.3,0.24212074,1782294155840,0.0,42.31,64393.66,BTC-26MAR27,62579.32,0.24175,62584.12,26MAR27,74000,,P,BTC-26MAR27-74000-P,,
0.0027,0.0031,249.5,0.00274321,1782294155840,0.2,49.32,64393.66,BTC-26MAR27,62579.32,0.0029,62584.12,26MAR27,170000,,C,BTC-26MAR27-170000-C,,
0.1495,0.215,3.3,0.17504659,1782294155840,0.0,35.96,62878.45,BTC-28AUG26,62579.32,0.18225,62584.12,28AUG26,73000,,P,BTC-28AUG26-73000-P,,
0.0105,0.011,881.0,0.01078388,1782294155840,60.6,43.57,62619.21,BTC-3JUL26,62579.32,0.01075,62584.12,3JUL26,60000,,P,BTC-3JUL26-60000-P,,
0.092,0.094,37.1,0.09285914,1782294155840,0.0,42.31,64393.66,BTC-26MAR27,62579.32,0.093,62584.12,26MAR27,74000,,C,BTC-26MAR27-74000-C,,
0.1205,0.124,141.2,0.12217843,1782294155840,10.2,42.54,63754.02,BTC-25DEC26,62579.32,0.12225,62584.12,25DEC26,64000,,P,BTC-25DEC26-64000-P,,
0.0021,0.0026,49.6,0.00233028,1782294155840,0.2,37.3,62878.45,BTC-28AUG26,62579.32,0.00235,62584.12,28AUG26,84000,,C,BTC-28AUG26-84000-C,,
0.24,0.2435,0.0,0.2409527,1782294155840,0.0,46.41,64393.75,BTC-26MAR27,62579.32,0.24175,62584.12,26MAR27,54000,,C,BTC-26MAR27-54000-C,,
,0.0001,2058.1,0.0,1782294155840,0.0,79.67,62584.86,BTC-26JUN26,62579.32,,62584.12,26JUN26,88000,,C,BTC-26JUN26-88000-C,,
0.273,0.2835,2477.9,0.27824953,1782294155840,2.6,71.27,62584.86,BTC-26JUN26,62579.32,0.27825,62584.12,26JUN26,80000,,P,BTC-26JUN26-80000-P,,
0.0005,0.0008,2244.5,0.00063406,1782294155840,0.1,47.48,63105.68,BTC-25SEP26,62579.32,0.00065,62584.12,25SEP26,115000,,C,BTC-25SEP26-115000-C,,
0.0905,0.0945,30.6,0.09268664,1782294155840,0.0,41.04,62878.45,BTC-28AUG26,62579.32,0.0925,62584.12,28AUG26,60000,,C,BTC-28AUG26-60000-C,,
0.0225,0.028,0.0,0.02518981,1782294155840,0.0,36.04,62599.520000000004,SYN.BTC-28JUN26,62579.32,0.02525,62584.12,28JUN26,61500,,C,BTC-28JUN26-61500-C,,
0.805,0.959,0.0,0.87414261,1782294155840,0.0,43.46,64393.75,BTC-26MAR27,62579.32,0.882,62584.12,26MAR27,120000,,P,BTC-26MAR27-120000-P,,
0.0125,0.0135,0.0,0.01314453,1782294155840,0.0,33.66,62599.520000000004,SYN.BTC-28JUN26,62579.32,0.013,62584.12,28JUN26,62500,,P,BTC-28JUN26-62500-P,,
0.009,0.0095,1115.8,0.00945519,1782294155840,186.6,51.62,62703.45,BTC-31JUL26,62579.32,0.00925,62584.12,31JUL26,52000,,P,BTC-31JUL26-52000-P,,
,0.0001,267.2,0.0,1782294155840,0.0,125.23,62584.86,BTC-26JUN26,62579.32,,62584.12,26JUN26,380000,,C,BTC-26JUN26-380000-C,,
0.572,0.7165,0.0,0.63584822,1782294155840,0.0,42.27,64393.66,BTC-26MAR27,62579.32,0.64425,62584.12,26MAR27,104000,,P,BTC-26MAR27-104000-P,,
0.0043,0.0047,225.9,0.00470058,1782294155840,24.0,34.4,62636.33,BTC-10JUL26,62579.32,0.0045,62584.12,10JUL26,68000,,C,BTC-10JUL26-68000-C,,
0.0435,0.082,0.2,0.05500218,1782294155840,0.2,34.03,62578.91,index_price,62579.32,0.06275,62584.12,27JUN26,66000,,P,BTC-27JUN26-66000-P,,
0.032,0.033,75.8,0.0326109,1782294155840,1.8,43.47,62878.45,BTC-28AUG26,62579.32,0.0325,62584.12,28AUG26,57000,,P,BTC-28AUG26-57000-P,,
0.431,0.5715,9.0,0.49304801,1782294155840,0.0,41.76,64393.66,BTC-26MAR27,62579.32,0.50125,62584.12,26MAR27,94000,,P,BTC-26MAR27-94000-P,,
0.573,0.5845,267.2,0.57805895,1782294155840,0.6,41.02,63754.02,BTC-25DEC26,62579.32,0.57875,62584.12,25DEC26,100000,,P,BTC-25DEC26-100000-P,,
0.2285,0.235,888.1,0.23182223,1782294155840,0.0,40.53,63754.02,BTC-25DEC26,62579.32,0.23175,62584.12,25DEC26,75000,,P,BTC-25DEC26-75000-P,,
0.133,0.139,96.4,0.13613969,1782294155840,0.0,36.16,62878.45,BTC-28AUG26,62579.32,0.136,62584.12,28AUG26,70000,,P,BTC-28AUG26-70000-P,,
0.0465,0.0475,688.2,0.04697936,1782294155840,16.8,41.04,62878.45,BTC-28AUG26,62579.32,0.047,62584.12,28AUG26,60000,,P,BTC-28AUG26-60000-P,,
0.0003,0.0006,1438.4,0.00036943,1782294155840,0.0,52.57,63105.56,BTC-25SEP26,62579.32,0.00045,62584.12,25SEP26,130000,,C,BTC-25SEP26-130000-C,,
0.0825,0.0845,415.4,0.08339781,1782294155840,0.0,42.03,64393.66,BTC-26MAR27,62579.32,0.0835,62584.12,26MAR27,76000,,C,BTC-26MAR27-76000-C,,
0.464,0.572,0.1,0.51534521,1782294155840,0.0,50.37,62703.57,BTC-31JUL26,62579.32,0.518,62584.12,31JUL26,95000,,P,BTC-31JUL26-95000-P,,
,0.0001,2736.1,1.3e-07,1782294155840,0.0,71.27,62584.86,BTC-26JUN26,62579.32,,62584.12,26JUN26,78000,,C,BTC-26JUN26-78000-C,,
0.163,0.237,0.1,0.19784219,1782294155840,0.0,38.22,62636.33,BTC-10JUL26,62579.32,0.2,62584.12,10JUL26,75000,,P,BTC-10JUL26-75000-P,,
0.0026,0.0029,493.1,0.00263216,1782294155840,3.0,39.31,63105.68,BTC-25SEP26,62579.32,0.00275,62584.12,25SEP26,92000,,C,BTC-25SEP26-92000-C,,
0.0003,0.0006,2261.1,0.00042879,1782294155840,0.0,50.87,63105.68,BTC-25SEP26,62579.32,0.00045,62584.12,25SEP26,125000,,C,BTC-25SEP26-125000-C,,
0.0002,0.0005,278.1,0.00038735,1782294155840,0.2,47.25,62703.45,BTC-31JUL26,62579.32,0.00035,62584.12,31JUL26,91000,,C,BTC-31JUL26-91000-C,,
0.8705,0.8995,35.5,0.88569603,1782294155840,0.0,44.21,63754.02,BTC-25DEC26,62579.32,0.885,62584.12,25DEC26,120000,,P,BTC-25DEC26-120000-P,,
2.088,2.3115,6.6,2.19562378,1782294155840,0.0,125.23,62584.86,BTC-26JUN26,62579.32,2.19975,62584.12,26JUN26,200000,,P,BTC-26JUN26-200000-P,,
,0.0001,196.8,0.0,1782294155840,0.0,125.23,62584.86,BTC-26JUN26,62579.32,,62584.12,26JUN26,210000,,C,BTC-26JUN26-210000-C,,
0.1135,0.1405,6.8,0.13822753,1782294155840,1.0,44.43,62878.45,BTC-28AUG26,62579.32,0.127,62584.12,28AUG26,56000,,C,BTC-28AUG26-56000-C,,
0.0047,0.0055,65.9,0.00508354,1782294155840,19.1,55.4,62636.21,BTC-10JUL26,62579.32,0.0051,62584.12,10JUL26,54000,,P,BTC-10JUL26-54000-P,,
2.3345,2.58,0.0,2.4511294,1782294155840,0.0,59.73,63754.02,BTC-25DEC26,62579.32,2.45725,62584.12,25DEC26,220000,,P,BTC-25DEC26-220000-P,,
0.1445,0.147,154.3,0.14573742,1782294155840,0.0,43.5,64393.66,BTC-26MAR27,62579.32,0.14575,62584.12,26MAR27,65000,,C,BTC-26MAR27-65000-C,,
0.029,0.082,0.0,0.05747398,1782294155840,0.0,58.26,62578.91,index_price,62579.32,0.0555,62584.12,25JUN26,59000,,C,BTC-25JUN26-59000-C,,
0.007,0.0075,1049.3,0.00722725,1782294155840,271.2,44.36,64393.66,BTC-26MAR27,62579.32,0.00725,62584.12,26MAR27,130000,,C,BTC-26MAR27-130000-C,,
,0.0002,1347.9,0.0001595,1782294155840,0.3,65.73,63105.56,BTC-25SEP26,62579.32,,62584.12,25SEP26,175000,,C,BTC-25SEP26-175000-C,,
0.1845,0.192,3.3,0.1888179,1782294155840,0.0,35.96,62878.45,BTC-28AUG26,62579.32,0.18825,62584.12,28AUG26,74000,,P,BTC-28AUG26-74000-P,,
0.2165,0.2215,120.0,0.21867008,1782294155840,0.0,50.85,62878.45,BTC-28AUG26,62579.32,0.219,62584.12,28AUG26,50000,,C,BTC-28AUG26-50000-C,,
0.0635,0.108,0.0,0.08976782,1782294155840,0.0,67.73,62584.86,BTC-26JUN26,62579.32,0.08575,62584.12,26JUN26,57000,,C,BTC-26JUN26-57000-C,,
0.054,0.0555,74.7,0.05493757,1782294155840,0.0,41.63,64393.66,BTC-26MAR27,62579.32,0.05475,62584.12,26MAR27,84000,,C,BTC-26MAR27-84000-C,,
0.3195,0.425,11.6,0.36780275,1782294155840,0.0,38.0,63105.68,BTC-25SEP26,62579.32,0.37225,62584.12,25SEP26,86000,,P,BTC-25SEP26-86000-P,,
0.0875,0.126,0.0,0.10256189,1782294155840,0.0,61.17,62578.91,index_price,62579.32,0.10675,62584.12,25JUN26,69000,,P,BTC-25JUN26-69000-P,,
0.462,0.4745,26.3,0.46998694,1782294155840,0.0,81.53,62584.86,BTC-26JUN26,62579.32,0.46825,62584.12,26JUN26,92000,,P,BTC-26JUN26-92000-P,,
0.0455,0.047,686.9,0.04632232,1782294155840,41.7,37.92,63105.68,BTC-25SEP26,62579.32,0.04625,62584.12,25SEP26,68000,,C,BTC-25SEP26-68000-C,,
,0.0001,68.9,3.032e-05,1782294155840,0.0,81.51,63105.68,BTC-25SEP26,62579.32,,62584.12,25SEP26,280000,,C,BTC-25SEP26-280000-C,,
,0.0007,196.5,0.00035746,1782294155840,0.0,61.1,63754.02,BTC-25DEC26,62579.32,,62584.12,25DEC26,230000,,C,BTC-25DEC26-230000-C,,
0.906,0.926,720.5,0.91737427,1782294155841,0.2,95.92,62584.86,BTC-26JUN26,62579.32,0.916,62584.12,26JUN26,120000,,P,BTC-26JUN26-120000-P,,
1.4705,1.649,52.5,1.55649903,1782294155841,0.0,125.23,62584.86,BTC-26JUN26,62579.32,1.55975,62584.12,26JUN26,160000,,P,BTC-26JUN26-160000-P,,
0.1725,0.2585,0.0,0.21391687,1782294155841,0.0,48.48,62619.21,BTC-3JUL26,62579.32,0.2155,62584.12,3JUL26,76000,,P,BTC-3JUL26-76000-P,,
0.042,0.043,1635.0,0.04281254,1782294155841,3.0,48.52,63754.02,BTC-25DEC26,62579.32,0.0425,62584.12,25DEC26,50000,,P,BTC-25DEC26-50000-P,,
0.0505,0.0545,1.9,0.05253969,1782294155841,0.3,43.57,62619.09,BTC-3JUL26,62579.32,0.0525,62584.12,3JUL26,60000,,C,BTC-3JUL26-60000-C,,
0.0036,0.0039,0.0,0.00369086,1782294155841,0.0,41.81,62599.520000000004,SYN.BTC-28JUN26,62579.32,0.00375,62584.12,28JUN26,60000,,P,BTC-28JUN26-60000-P,,
0.0485,0.05,869.7,0.04934123,1782294155841,253.3,37.95,62878.45,BTC-28AUG26,62579.32,0.04925,62584.12,28AUG26,65000,,C,BTC-28AUG26-65000-C,,
0.0001,0.0003,1054.3,0.0001782,1782294155841,29.0,70.79,62703.45,BTC-31JUL26,62579.32,0.0002,62584.12,31JUL26,120000,,C,BTC-31JUL26-120000-C,,
0.111,0.115,56.0,0.11306986,1782294155841,0.1,36.74,62878.45,BTC-28AUG26,62579.32,0.113,62584.12,28AUG26,68000,,P,BTC-28AUG26-68000-P,,
0.0075,0.0085,68.1,0.00840451,1782294155841,0.2,35.95,62878.45,BTC-28AUG26,62579.32,0.008,62584.12,28AUG26,76000,,C,BTC-28AUG26-76000-C,,
0.046,0.047,1104.0,0.0463966,1782294155841,179.9,38.33,62703.45,BTC-31JUL26,62579.32,0.0465,62584.12,31JUL26,63000,,C,BTC-31JUL26-63000-C,,
0.058,0.0595,1800.6,0.05881146,1782294155841,1.2,46.25,63754.01,BTC-25DEC26,62579.32,0.05875,62584.12,25DEC26,54000,,P,BTC-25DEC26-54000-P,,
0.4545,0.464,4.5,0.45924664,1782294155841,0.0,40.35,63754.02,BTC-25DEC26,62579.32,0.45925,62584.12,25DEC26,92000,,P,BTC-25DEC26-92000-P,,
0.5885,0.6045,986.2,0.59781189,1782294155841,1.0,82.88,62584.86,BTC-26JUN26,62579.32,0.5965,62584.12,26JUN26,100000,,P,BTC-26JUN26-100000-P,,
0.3425,0.3985,0.0,0.36841173,1782294155841,0.0,65.36,62878.45,BTC-28AUG26,62579.32,0.3705,62584.12,28AUG26,40000,,C,BTC-28AUG26-40000-C,,
0.283,0.2915,182.2,0.28620108,1782294155841,0.0,41.78,64393.66,BTC-26MAR27,62579.32,0.28725,62584.12,26MAR27,78000,,P,BTC-26MAR27-78000-P,,
0.1735,0.186,0.0,0.17566068,1782294155841,0.0,45.52,63105.68,BTC-25SEP26,62579.32,0.17975,62584.12,25SEP26,54000,,C,BTC-25SEP26-54000-C,,
0.006,0.0065,117.7,0.00603189,1782294155841,32.6,42.1,63754.02,BTC-25DEC26,62579.32,0.00625,62584.12,25DEC26,108000,,C,BTC-25DEC26-108000-C,,
0.0915,0.0935,6221.8,0.09254195,1782294155841,25.1,43.73,63754.02,BTC-25DEC26,62579.32,0.0925,62584.12,25DEC26,60000,,P,BTC-25DEC26-60000-P,,
2.7895,3.0675,10.0,2.92162084,1782294155841,0.0,63.96,63754.02,BTC-25DEC26,62579.32,2.9285,62584.12,25DEC26,250000,,P,BTC-25DEC26-250000-P,,
0.005,0.006,1380.9,0.00545801,1782294155841,6.2,37.58,63105.68,BTC-25SEP26,62579.32,0.0055,62584.12,25SEP26,85000,,C,BTC-25SEP26-85000-C,,
1.852,2.068,0.9,1.95278384,1782294155841,0.0,51.68,64393.66,BTC-26MAR27,62579.32,1.96,62584.12,26MAR27,190000,,P,BTC-26MAR27-190000-P,,
0.0009,0.0014,1225.4,0.0011287,1782294155841,0.0,51.73,63754.02,BTC-25DEC26,62579.32,0.00115,62584.12,25DEC26,160000,,C,BTC-25DEC26-160000-C,,
0.0705,0.137,0.0,0.10255536,1782294155841,0.0,46.45,62578.91,index_price,62579.32,0.10375,62584.12,27JUN26,69000,,P,BTC-27JUN26-69000-P,,
0.3975,0.4075,4.3,0.40204536,1782294155841,0.0,40.31,63754.02,BTC-25DEC26,62579.32,0.4025,62584.12,25DEC26,88000,,P,BTC-25DEC26-88000-P,,
0.4705,0.5835,1.0,0.52313281,1782294155841,0.0,40.61,63105.68,BTC-25SEP26,62579.32,0.527,62584.12,25SEP26,96000,,P,BTC-25SEP26-96000-P,,
0.513,0.5265,11.0,0.51826149,1782294155841,0.0,40.74,63754.01,BTC-25DEC26,62579.32,0.51975,62584.12,25DEC26,96000,,P,BTC-25DEC26-96000-P,,
0.3405,0.4405,8.1,0.38794554,1782294155841,0.0,43.38,62703.45,BTC-31JUL26,62579.32,0.3905,62584.12,31JUL26,87000,,P,BTC-31JUL26-87000-P,,
0.086,0.091,202.3,0.08892617,1782294155841,5.0,35.79,62703.45,BTC-31JUL26,62579.32,0.0885,62584.12,31JUL26,67000,,P,BTC-31JUL26-67000-P,,
0.018,0.0195,2323.6,0.01876015,1782294155841,9.4,40.31,63754.02,BTC-25DEC26,62579.32,0.01875,62584.12,25DEC26,90000,,C,BTC-25DEC26-90000-C,,
0.1375,0.1405,18.2,0.13898705,1782294155841,1.0,43.38,64393.66,BTC-26MAR27,62579.32,0.139,62584.12,26MAR27,66000,,C,BTC-26MAR27-66000-C,,
0.0028,0.0031,9.1,0.00296101,1782294155841,9.4,30.48,62599.520000000004,SYN.BTC-28JUN26,62579.32,0.00295,62584.12,28JUN26,64500,,C,BTC-28JUN26-64500-C,,
2.002,2.2285,1.0,2.10788328,1782294155841,0.0,52.98,64393.66,BTC-26MAR27,62579.32,2.11525,62584.12,26MAR27,200000,,P,BTC-26MAR27-200000-P,,
0.34,0.348,0.3,0.34397915,1782294155841,0.0,50.87,64393.66,BTC-26MAR27,62579.32,0.344,62584.12,26MAR27,45000,,C,BTC-26MAR27-45000-C,,
0.0025,0.0028,1867.3,0.00265021,1782294155841,7.2,76.23,63105.68,BTC-25SEP26,62579.32,0.00265,62584.12,25SEP26,30000,,P,BTC-25SEP26-30000-P,,
0.018,0.0195,78.7,0.01868381,1782294155841,79.5,37.82,62578.91,index_price,62579.32,0.01875,62584.12,27JUN26,62000,,C,BTC-27JUN26-62000-C,,
,0.0001,3773.9,0.0,1782294155841,0.0,79.17,62584.86,BTC-26JUN26,62579.32,,62584.12,26JUN26,85000,,C,BTC-26JUN26-85000-C,,
0.0031,0.0036,856.2,0.00329814,1782294155841,0.5,48.01,64393.66,BTC-26MAR27,62579.32,0.00335,62584.12,26MAR27,160000,,C,BTC-26MAR27-160000-C,,
,0.0002,293.8,3.652e-05,1782294155841,0.0,78.83,63105.56,BTC-25SEP26,62579.32,,62584.12,25SEP26,260000,,C,BTC-25SEP26-260000-C,,
0.11,0.1155,216.0,0.11310395,1782294155841,0.0,35.09,62703.45,BTC-31JUL26,62579.32,0.11275,62584.12,31JUL26,69000,,P,BTC-31JUL26-69000-P,,
0.137,0.141,154.2,0.1391426,1782294155841,0.0,42.05,63754.02,BTC-25DEC26,62579.32,0.139,62584.12,25DEC26,66000,,P,BTC-25DEC26-66000-P,,
0.0075,0.008,2346.8,0.00760907,1782294155841,3.5,36.86,63105.68,BTC-25SEP26,62579.32,0.00775,62584.12,25SEP26,82000,,C,BTC-25SEP26-82000-C,,
,0.0001,759.8,0.0,1782294155841,0.0,125.23,62584.98,BTC-26JUN26,62579.32,,62584.12,26JUN26,170000,,C,BTC-26JUN26-170000-C,,
0.4045,0.544,0.2,0.46550009,1782294155841,0.0,41.72,64393.66,BTC-26MAR27,62579.32,0.47425,62584.12,26MAR27,92000,,P,BTC-26MAR27-92000-P,,
0.0505,0.0545,127.7,0.05269177,1782294155841,1.3,35.43,62636.21,BTC-10JUL26,62579.32,0.0525,62584.12,10JUL26,65000,,P,BTC-10JUL26-65000-P,,
1.88,2.0935,0.0,1.98080321,1782294155841,0.0,56.05,63754.02,BTC-25DEC26,62579.32,1.98675,62584.12,25DEC26,190000,,P,BTC-25DEC26-190000-P,,
0.0002,0.0003,1148.7,0.00027826,1782294155841,3.5,42.96,62619.09,BTC-3JUL26,62579.32,0.00025,62584.12,3JUL26,73000,,C,BTC-3JUL26-73000-C,,
0.463,0.4655,77.6,0.46403897,1782294155841,0.0,62.32,63754.02,BTC-25DEC26,62579.32,0.46425,62584.12,25DEC26,35000,,C,BTC-25DEC26-35000-C,,
1.4255,1.6075,0.0,1.51075823,1782294155841,0.0,51.73,63754.02,BTC-25DEC26,62579.32,1.5165,62584.12,25DEC26,160000,,P,BTC-25DEC26-160000-P,,
0.0004,0.0007,152.2,0.0005305,1782294155841,0.2,42.62,62703.57,BTC-31JUL26,62579.32,0.00055,62584.12,31JUL26,86000,,C,BTC-31JUL26-86000-C,,
0.0035,0.0037,7524.7,0.00347388,1782294155841,0.1,44.21,63754.02,BTC-25DEC26,62579.32,0.0036,62584.12,25DEC26,120000,,C,BTC-25DEC26-120000-C,,
0.052,0.102,0.0,0.07062533,1782294155841,0.0,50.22,62578.91,index_price,62579.32,0.077,62584.12,25JUN26,67000,,P,BTC-25JUN26-67000-P,,
0.2175,0.223,135.6,0.22098329,1782294155841,1.0,42.49,64393.75,BTC-26MAR27,62579.32,0.22025,62584.12,26MAR27,72000,,P,BTC-26MAR27-72000-P,,
0.0865,0.093,4.0,0.09041589,1782294155841,0.0,34.4,62636.21,BTC-10JUL26,62579.32,0.08975,62584.12,10JUL26,68000,,P,BTC-10JUL26-68000-P,,
,0.0001,4063.0,0.0,1782294155841,0.0,82.88,62584.86,BTC-26JUN26,62579.32,,62584.12,26JUN26,100000,,C,BTC-26JUN26-100000-C,,
0.372,0.473,5.9,0.41978719,1782294155841,0.0,45.29,62703.45,BTC-31JUL26,62579.32,0.4225,62584.12,31JUL26,89000,,P,BTC-31JUL26-89000-P,,
0.0003,0.0005,15.2,0.00039531,1782294155841,14.9,69.31,62578.91,index_price,62579.32,0.0004,62584.12,27JUN26,55000,,P,BTC-27JUN26-55000-P,,
0.012,0.0125,7.1,0.01229157,1782294155841,7.5,36.4,62578.91,index_price,62579.32,0.01225,62584.12,27JUN26,62500,,P,BTC-27JUN26-62500-P,,
0.0105,0.0115,248.9,0.01106823,1782294155841,20.6,45.91,62636.21,BTC-10JUL26,62579.32,0.011,62584.12,10JUL26,58000,,P,BTC-10JUL26-58000-P,,
0.0012,0.0017,1631.2,0.00143017,1782294155841,10.4,50.06,63754.02,BTC-25DEC26,62579.32,0.00145,62584.12,25DEC26,150000,,C,BTC-25DEC26-150000-C,,
,0.0001,858.3,0.0,1782294155841,0.0,81.53,62584.86,BTC-26JUN26,62579.32,,62584.12,26JUN26,92000,,C,BTC-26JUN26-92000-C,,
0.1205,0.1415,1.4,0.13451737,1782294155841,0.0,66.29,62584.86,BTC-26JUN26,62579.32,0.131,62584.12,26JUN26,71000,,P,BTC-26JUN26-71000-P,,
0.102,0.104,105.4,0.10286148,1782294155841,0.0,45.05,64393.66,BTC-26MAR27,62579.32,0.103,62584.12,26MAR27,58000,,P,BTC-26MAR27-58000-P,,
0.0065,0.0075,2571.6,0.00702364,1782294155841,971.6,38.39,62584.86,BTC-26JUN26,62579.32,0.007,62584.12,26JUN26,62000,,P,BTC-26JUN26-62000-P,,
0.022,0.023,92.7,0.02256367,1782294155841,1.8,46.35,62878.45,BTC-28AUG26,62579.32,0.0225,62584.12,28AUG26,54000,,P,BTC-28AUG26-54000-P,,
0.0033,0.0039,503.5,0.00358146,1782294155841,1.2,36.39,62878.45,BTC-28AUG26,62579.32,0.0036,62584.12,28AUG26,81000,,C,BTC-28AUG26-81000-C,,
0.0205,0.0215,388.9,0.02090926,1782294155841,13.5,36.33,62636.21,BTC-10JUL26,62579.32,0.021,62584.12,10JUL26,64000,,C,BTC-10JUL26-64000-C,,
0.027,0.028,257.6,0.0276162,1782294155841,2.5,42.18,62703.45,BTC-31JUL26,62579.32,0.0275,62584.12,31JUL26,59000,,P,BTC-31JUL26-59000-P,,
0.0006,0.001,4.4,0.00078395,1782294155841,1.0,42.4,62878.45,BTC-28AUG26,62579.32,0.0008,62584.12,28AUG26,95000,,C,BTC-28AUG26-95000-C,,
0.0125,0.014,152.7,0.01306694,1782294155841,151.9,37.55,62578.91,index_price,62579.32,0.01325,62584.12,25JUN26,62000,,C,BTC-25JUN26-62000-C,,
,0.0001,3838.7,0.0,1782294155841,0.0,82.76,62584.86,BTC-26JUN26,62579.32,,62584.12,26JUN26,95000,,C,BTC-26JUN26-95000-C,,
0.02,0.0265,103.3,0.02318001,1782294155841,0.0,30.74,62578.91,index_price,62579.32,0.02325,62584.12,25JUN26,64000,,P,BTC-25JUN26-64000-P,,
0.0039,0.0042,608.7,0.00402783,1782294155841,270.4,38.44,63105.56,BTC-25SEP26,62579.32,0.00405,62584.12,25SEP26,88000,,C,BTC-25SEP26-88000-C,,
0.103,0.105,53.2,0.10392042,1782294155841,0.0,42.05,63754.02,BTC-25DEC26,62579.32,0.104,62584.12,25DEC26,66000,,C,BTC-25DEC26-66000-C,,
0.008,0.009,141.1,0.00847042,1782294155841,0.0,41.28,63754.02,BTC-25DEC26,62579.32,0.0085,62584.12,25DEC26,102000,,C,BTC-25DEC26-102000-C,,
0.0265,0.0275,163.4,0.02690728,1782294155841,10.8,36.45,62878.45,BTC-28AUG26,62579.32,0.027,62584.12,28AUG26,69000,,C,BTC-28AUG26-69000-C,,
0.02,0.0215,53.6,0.02066977,1782294155841,0.0,42.27,64393.66,BTC-26MAR27,62579.32,0.02075,62584.12,26MAR27,104000,,C,BTC-26MAR27-104000-C,,
0.46,0.569,0.0,0.51174742,1782294155841,0.0,42.4,62878.45,BTC-28AUG26,62579.32,0.5145,62584.12,28AUG26,95000,,P,BTC-28AUG26-95000-P,,
0.0009,0.0012,2381.0,0.00104086,1782294155841,0.5,54.07,63754.01,BTC-25DEC26,62579.32,0.00105,62584.12,25DEC26,170000,,C,BTC-25DEC26-170000-C,,
0.0645,0.066,535.6,0.06525733,1782294155841,25.6,38.91,63105.56,BTC-25SEP26,62579.32,0.06525,62584.12,25SEP26,65000,,C,BTC-25SEP26-65000-C,,
0.953,1.1135,0.2,1.02620032,1782294155841,0.0,44.36,64393.66,BTC-26MAR27,62579.32,1.03325,62584.12,26MAR27,130000,,P,BTC-26MAR27-130000-P,,
0.0285,0.067,0.0,0.06265582,1782294155841,0.0,47.97,62578.91,index_price,62579.32,0.04775,62584.12,25JUN26,66500,,P,BTC-25JUN26-66500-P,,
0.3065,0.313,139.4,0.31008451,1782294155841,0.0,41.75,64393.66,BTC-26MAR27,62579.32,0.30975,62584.12,26MAR27,80000,,P,BTC-26MAR27-80000-P,,
0.0225,0.0275,1970.1,0.02475215,1782294155841,534.4,32.23,62584.86,BTC-26JUN26,62579.32,0.025,62584.12,26JUN26,64000,,P,BTC-26JUN26-64000-P,,
0.042,0.0475,0.0,0.0444894,1782294155841,0.0,45.57,62578.91,index_price,62579.32,0.04475,62584.12,27JUN26,60000,,C,BTC-27JUN26-60000-C,,
0.0135,0.0185,18.3,0.01612998,1782294155841,0.3,30.75,62578.91,index_price,62579.32,0.016,62584.12,25JUN26,63500,,P,BTC-25JUN26-63500-P,,
0.0725,0.0745,373.1,0.07337218,1782294155841,3.1,39.66,62878.45,BTC-28AUG26,62579.32,0.0735,62584.12,28AUG26,62000,,C,BTC-28AUG26-62000-C,,
,0.0001,174.7,3.088e-05,1782294155841,0.0,84.97,63105.68,BTC-25SEP26,62579.32,,62584.12,25SEP26,300000,,C,BTC-25SEP26-300000-C,,
0.408,0.411,69.2,0.40882664,1782294155841,0.0,54.44,64393.66,BTC-26MAR27,62579.32,0.4095,62584.12,26MAR27,40000,,C,BTC-26MAR27-40000-C,,
0.0002,0.0005,162.1,0.00033122,1782294155841,0.1,54.35,63105.56,BTC-25SEP26,62579.32,0.00035,62584.12,25SEP26,135000,,C,BTC-25SEP26-135000-C,,
0.166,0.1715,281.3,0.16913891,1782294155841,0.0,37.05,63105.68,BTC-25SEP26,62579.32,0.16875,62584.12,25SEP26,72000,,P,BTC-25SEP26-72000-P,,
0.368,0.376,0.6,0.37225846,1782294155841,0.0,41.61,64393.66,BTC-26MAR27,62579.32,0.372,62584.12,26MAR27,85000,,P,BTC-26MAR27-85000-P,,
0.1485,0.153,5.0,0.15079842,1782294155841,0.0,45.39,62878.45,BTC-28AUG26,62579.32,0.15075,62584.12,28AUG26,55000,,C,BTC-28AUG26-55000-C,,
0.071,0.0725,865.0,0.07171917,1782294155841,1.3,40.25,63105.56,BTC-25SEP26,62579.32,0.07175,62584.12,25SEP26,62000,,P,BTC-25SEP26-62000-P,,
0.0021,0.0025,2160.3,0.00227445,1782294155841,2.1,35.56,62703.57,BTC-31JUL26,62579.32,0.0023,62584.12,31JUL26,76000,,C,BTC-31JUL26-76000-C,,
0.01,0.011,0.0,0.0104548,1782294155841,0.0,32.31,62599.520000000004,SYN.BTC-28JUN26,62579.32,0.0105,62584.12,28JUN26,63000,,C,BTC-28JUN26-63000-C,,
0.0555,0.0615,3.5,0.05853897,1782294155841,0.0,55.48,62584.86,BTC-26JUN26,62579.32,0.0585,62584.12,26JUN26,59000,,C,BTC-26JUN26-59000-C,,
0.23,0.2335,22.7,0.23083599,1782294155841,0.0,46.05,64393.66,BTC-26MAR27,62579.32,0.23175,62584.12,26MAR27,55000,,C,BTC-26MAR27-55000-C,,
0.167,0.1695,27.6,0.16784007,1782294155841,0.1,43.99,64393.66,BTC-26MAR27,62579.32,0.16825,62584.12,26MAR27,62000,,C,BTC-26MAR27-62000-C,,
0.0003,0.0006,56.5,0.00042918,1782294155841,0.0,51.2,62878.45,BTC-28AUG26,62579.32,0.00045,62584.12,28AUG26,110000,,C,BTC-28AUG26-110000-C,,
0.2375,0.2425,2.0,0.23999335,1782294155841,0.0,58.5,62703.45,BTC-31JUL26,62579.32,0.24,62584.12,31JUL26,48000,,C,BTC-31JUL26-48000-C,,
0.02,0.021,66.1,0.02036425,1782294155841,14.0,37.25,62619.09,BTC-3JUL26,62579.32,0.0205,62584.12,3JUL26,63000,,C,BTC-3JUL26-63000-C,,
0.8855,0.9125,172.3,0.90215545,1782294155841,0.2,49.94,63105.56,BTC-25SEP26,62579.32,0.899,62584.12,25SEP26,120000,,P,BTC-25SEP26-120000-P,,
0.0007,0.0011,10.2,0.00083891,1782294155841,1.1,41.85,62878.45,BTC-28AUG26,62579.32,0.0009,62584.12,28AUG26,94000,,C,BTC-28AUG26-94000-C,,
0.1145,0.1225,2599.5,0.11854881,1782294155841,70.2,60.48,62584.86,BTC-26JUN26,62579.32,0.1185,62584.12,26JUN26,70000,,P,BTC-26JUN26-70000-P,,
0.0001,0.0003,1097.4,0.00017748,1782294155841,0.0,46.78,62619.09,BTC-3JUL26,62579.32,0.0002,62584.12,3JUL26,75000,,C,BTC-3JUL26-75000-C,,
0.0005,0.0007,2570.8,0.00053717,1782294155841,590.8,32.26,62584.86,BTC-26JUN26,62579.32,0.0006,62584.12,26JUN26,65000,,C,BTC-26JUN26-65000-C,,
0.226,0.231,30.4,0.22824078,1782294155841,1.0,49.16,63105.56,BTC-25SEP26,62579.32,0.2285,62584.12,25SEP26,50000,,C,BTC-25SEP26-50000-C,,
0.0006,0.0009,12.5,0.00077422,1782294155841,0.9,43.24,62878.45,BTC-28AUG26,62579.32,0.00075,62584.12,28AUG26,96000,,C,BTC-28AUG26-96000-C,,
0.0027,0.0031,3741.5,0.00286942,1782294155841,13.7,35.26,62703.57,BTC-31JUL26,62579.32,0.0029,62584.12,31JUL26,75000,,C,BTC-31JUL26-75000-C,,
0.0345,0.083,7.3,0.04669249,1782294155841,0.0,38.56,62578.91,index_price,62579.32,0.05875,62584.12,25JUN26,65500,,P,BTC-25JUN26-65500-P,,
0.0017,0.0021,258.0,0.00188116,1782294155841,6.7,40.61,63105.68,BTC-25SEP26,62579.32,0.0019,62584.12,25SEP26,96000,,C,BTC-25SEP26-96000-C,,
0.014,0.015,62.3,0.01446705,1782294155841,12.4,42.78,64393.66,BTC-26MAR27,62579.32,0.0145,62584.12,26MAR27,112000,,C,BTC-26MAR27-112000-C,,
0.06,0.0615,278.8,0.06072698,1782294155841,2.1,41.61,64393.66,BTC-26MAR27,62579.32,0.06075,62584.12,26MAR27,82000,,C,BTC-26MAR27-82000-C,,
,0.0001,2650.7,0.0,1782294155841,0.0,122.22,62584.86,BTC-26JUN26,62579.32,,62584.12,26JUN26,150000,,C,BTC-26JUN26-150000-C,,
0.0002,0.0003,353.6,0.00024433,1782294155841,1.1,62.47,62703.45,BTC-31JUL26,62579.32,0.00025,62584.12,31JUL26,108000,,C,BTC-31JUL26-108000-C,,
0.161,0.166,84.3,0.16335948,1782294155841,0.0,44.74,63105.68,BTC-25SEP26,62579.32,0.1635,62584.12,25SEP26,55000,,C,BTC-25SEP26-55000-C,,
0.3365,0.348,38.5,0.34216199,1782294155841,0.5,75.48,62584.86,BTC-26JUN26,62579.32,0.34225,62584.12,26JUN26,84000,,P,BTC-26JUN26-84000-P,,
0.016,0.0165,357.0,0.016161,1782294155841,23.6,35.38,62703.45,BTC-31JUL26,62579.32,0.01625,62584.12,31JUL26,68000,,C,BTC-31JUL26-68000-C,,
0.0016,0.002,0.4,0.00185425,1782294155841,0.4,30.53,62599.520000000004,SYN.BTC-28JUN26,62579.32,0.0018,62584.12,28JUN26,65000,,C,BTC-28JUN26-65000-C,,
0.0002,0.0004,1463.5,0.00028499,1782294155841,30.9,55.55,62703.45,BTC-31JUL26,62579.32,0.0003,62584.12,31JUL26,100000,,C,BTC-31JUL26-100000-C,,
0.2175,0.2235,61.0,0.2202462,1782294155841,0.0,40.62,63754.01,BTC-25DEC26,62579.32,0.2205,62584.12,25DEC26,74000,,P,BTC-25DEC26-74000-P,,
0.107,0.112,0.0,0.10931769,1782294155841,0.0,54.85,62619.21,BTC-3JUL26,62579.32,0.1095,62584.12,3JUL26,56000,,C,BTC-3JUL26-56000-C,,
0.021,0.022,491.8,0.02171479,1782294155841,20.6,36.77,63105.56,BTC-25SEP26,62579.32,0.0215,62584.12,25SEP26,74000,,C,BTC-25SEP26-74000-C,,
0.038,0.039,239.0,0.03849553,1782294155841,56.2,37.56,62703.45,BTC-31JUL26,62579.32,0.0385,62584.12,31JUL26,64000,,C,BTC-31JUL26-64000-C,,
0.0007,0.0009,2460.0,0.00080401,1782294155841,605.4,61.82,62584.86,BTC-26JUN26,62579.32,0.0008,62584.12,26JUN26,58000,,P,BTC-26JUN26-58000-P,,
0.028,0.0295,654.1,0.02887006,1782294155841,0.0,40.19,63754.02,BTC-25DEC26,62579.32,0.02875,62584.12,25DEC26,84000,,C,BTC-25DEC26-84000-C,,
0.132,0.162,0.0,0.15050269,1782294155841,0.0,35.47,62636.21,BTC-10JUL26,62579.32,0.147,62584.12,10JUL26,72000,,P,BTC-10JUL26-72000-P,,
0.0018,0.0023,299.4,0.00203029,1782294155841,0.2,37.61,62878.45,BTC-28AUG26,62579.32,0.00205,62584.12,28AUG26,85000,,C,BTC-28AUG26-85000-C,,
0.217,0.225,599.6,0.22116351,1782294155841,0.0,36.76,63105.68,BTC-25SEP26,62579.32,0.221,62584.12,25SEP26,76000,,P,BTC-25SEP26-76000-P,,
0.0006,0.0008,75.5,0.00072699,1782294155841,0.3,44.66,62878.45,BTC-28AUG26,62579.32,0.0007,62584.12,28AUG26,98000,,C,BTC-28AUG26-98000-C,,
,0.0001,87.8,1.967e-05,1782294155841,4.0,49.76,62619.09,BTC-3JUL26,62579.32,,62584.12,3JUL26,80000,,C,BTC-3JUL26-80000-C,,
0.051,0.0875,0.0,0.0550181,1782294155841,0.0,30.96,62599.520000000004,SYN.BTC-28JUN26,62579.32,0.06925,62584.12,28JUN26,66000,,P,BTC-28JUN26-66000-P,,
0.031,0.032,45.4,0.03136474,1782294155841,0.2,45.52,63105.56,BTC-25SEP26,62579.32,0.0315,62584.12,25SEP26,54000,,P,BTC-25SEP26-54000-P,,
0.0005,0.0008,121.7,0.00063441,1782294155841,0.0,45.62,62878.45,BTC-28AUG26,62579.32,0.00065,62584.12,28AUG26,100000,,C,BTC-28AUG26-100000-C,,
0.0505,0.0525,270.7,0.05156687,1782294155841,9.1,40.45,63754.02,BTC-25DEC26,62579.32,0.0515,62584.12,25DEC26,76000,,C,BTC-25DEC26-76000-C,,
0.0021,0.0025,6.0,0.00243159,1782294155841,6.1,33.05,62578.91,index_price,62579.32,0.0023,62584.12,27JUN26,64500,,C,BTC-27JUN26-64500-C,,
,0.0001,24.9,2e-08,1782294155841,0.0,61.84,62578.91,index_price,62579.32,,62584.12,25JUN26,72000,,C,BTC-25JUN26-72000-C,,
0.0006,0.0009,0.8,0.00074982,1782294155841,0.8,58.51,62599.520000000004,SYN.BTC-28JUN26,62579.32,0.00075,62584.12,28JUN26,56000,,P,BTC-28JUN26-56000-P,,
,0.0001,3112.0,0.0,1782294155841,0.0,129.46,62584.86,BTC-26JUN26,62579.32,,62584.12,26JUN26,30000,,P,BTC-26JUN26-30000-P,,
0.0028,0.0034,366.9,0.00308221,1782294155841,3.3,36.65,62878.45,BTC-28AUG26,62579.32,0.0031,62584.12,28AUG26,82000,,C,BTC-28AUG26-82000-C,,
0.007,0.008,62.6,0.00747441,1782294155841,0.0,41.47,63754.02,BTC-25DEC26,62579.32,0.0075,62584.12,25DEC26,104000,,C,BTC-25DEC26-104000-C,,
0.0575,0.059,197.5,0.05843297,1782294155841,18.8,38.56,63105.56,BTC-25SEP26,62579.32,0.05825,62584.12,25SEP26,66000,,C,BTC-25SEP26-66000-C,,
1.3735,1.5475,0.1,1.45639627,1782294155841,0.0,60.2,63105.56,BTC-25SEP26,62579.32,1.4605,62584.12,25SEP26,155000,,P,BTC-25SEP26-155000-P,,
0.0008,0.0012,1120.7,0.00100259,1782294155841,1.2,43.66,63105.56,BTC-25SEP26,62579.32,0.001,62584.12,25SEP26,105000,,C,BTC-25SEP26-105000-C,,
0.0075,0.008,1384.6,0.00790854,1782294155841,129.4,35.06,62703.45,BTC-31JUL26,62579.32,0.00775,62584.12,31JUL26,71000,,C,BTC-31JUL26-71000-C,,
0.021,0.022,2008.2,0.02174912,1782294155841,1.0,40.31,63754.02,BTC-25DEC26,62579.32,0.0215,62584.12,25DEC26,88000,,C,BTC-25DEC26-88000-C,,
0.0008,0.0011,550.6,0.00092177,1782294155841,1.1,35.47,62636.21,BTC-10JUL26,62579.32,0.00095,62584.12,10JUL26,72000,,C,BTC-10JUL26-72000-C,,
0.586,0.7315,0.0,0.65040435,1782294155841,0.0,42.3,64393.66,BTC-26MAR27,62579.32,0.65875,62584.12,26MAR27,105000,,P,BTC-26MAR27-105000-P,,
0.2725,0.288,1.0,0.27660566,1782294155841,0.0,36.21,62878.45,BTC-28AUG26,62579.32,0.28025,62584.12,28AUG26,80000,,P,BTC-28AUG26-80000-P,,
0.0007,0.0009,40.2,0.00080571,1782294155841,40.1,59.42,62578.91,index_price,62579.32,0.0008,62584.12,27JUN26,57000,,P,BTC-27JUN26-57000-P,,
0.1495,0.1545,1.4,0.15137564,1782294155841,0.0,48.41,62703.57,BTC-31JUL26,62579.32,0.152,62584.12,31JUL26,54000,,C,BTC-31JUL26-54000-C,,
1.7795,1.9805,37.1,1.87606141,1782294155841,35.0,125.23,62584.86,BTC-26JUN26,62579.32,1.88,62584.12,26JUN26,180000,,P,BTC-26JUN26-180000-P,,
0.0035,0.0037,293.9,0.00367893,1782294155841,59.5,54.85,62619.21,BTC-3JUL26,62579.32,0.0036,62584.12,3JUL26,56000,,P,BTC-3JUL26-56000-P,,
0.7475,0.7625,920.8,0.75759308,1782294155841,26.6,92.22,62584.86,BTC-26JUN26,62579.32,0.755,62584.12,26JUN26,110000,,P,BTC-26JUN26-110000-P,,
0.017,0.018,97.7,0.01754945,1782294155841,1.6,48.37,62878.45,BTC-28AUG26,62579.32,0.0175,62584.12,28AUG26,52000,,P,BTC-28AUG26-52000-P,,
0.302,0.3115,194.7,0.30701152,1782294155841,0.0,36.86,63105.56,BTC-25SEP26,62579.32,0.30675,62584.12,25SEP26,82000,,P,BTC-25SEP26-82000-P,,
0.687,0.8365,0.0,0.75389,1782294155841,0.0,42.78,64393.66,BTC-26MAR27,62579.32,0.76175,62584.12,26MAR27,112000,,P,BTC-26MAR27-112000-P,,
0.0007,0.0009,2858.5,0.00073681,1782294155841,1.4,38.77,62703.45,BTC-31JUL26,62579.32,0.0008,62584.12,31JUL26,82000,,C,BTC-31JUL26-82000-C,,
0.168,0.172,40.7,0.17019173,1782294155842,0.0,44.48,63754.02,BTC-25DEC26,62579.32,0.17,62584.12,25DEC26,58000,,C,BTC-25DEC26-58000-C,,
0.066,0.069,318.3,0.0682011,1782294155842,13.1,36.92,62703.45,BTC-31JUL26,62579.32,0.0675,62584.12,31JUL26,65000,,P,BTC-31JUL26-65000-P,,
0.0815,0.085,275.2,0.08315835,1782294155842,4.6,37.95,62878.45,BTC-28AUG26,62579.32,0.08325,62584.12,28AUG26,65000,,P,BTC-28AUG26-65000-P,,
0.668,0.683,307.7,0.67770249,1782294155842,0.1,87.38,62584.86,BTC-26JUN26,62579.32,0.6755,62584.12,26JUN26,105000,,P,BTC-26JUN26-105000-P,,
0.1365,0.1745,0.2,0.16614203,1782294155842,0.0,42.96,62619.09,BTC-3JUL26,62579.32,0.1555,62584.12,3JUL26,73000,,P,BTC-3JUL26-73000-P,,
0.1405,0.199,0.0,0.17104006,1782294155842,0.0,67.5,62619.21,BTC-3JUL26,62579.32,0.16975,62584.12,3JUL26,52000,,C,BTC-3JUL26-52000-C,,
,0.0001,1952.1,0.0,1782294155842,0.0,100.71,62584.86,BTC-26JUN26,62579.32,,62584.12,26JUN26,125000,,C,BTC-26JUN26-125000-C,,
0.3515,0.364,2810.1,0.35814011,1782294155842,0.0,79.17,62584.86,BTC-26JUN26,62579.32,0.35775,62584.12,26JUN26,85000,,P,BTC-26JUN26-85000-P,,
0.68,0.6815,102.6,0.68043762,1782294155842,0.0,173.09,62584.86,BTC-26JUN26,62579.32,0.68075,62584.12,26JUN26,20000,,C,BTC-26JUN26-20000-C,,
0.0045,0.0049,8.9,0.00472969,1782294155842,8.9,30.97,62599.520000000004,SYN.BTC-28JUN26,62579.32,0.0047,62584.12,28JUN26,64000,,C,BTC-28JUN26-64000-C,,
0.1025,0.1065,194.1,0.10429348,1782294155842,3.2,38.56,63105.56,BTC-25SEP26,62579.32,0.1045,62584.12,25SEP26,66000,,P,BTC-25SEP26-66000-P,,
0.027,0.0275,1753.9,0.02709089,1782294155842,13.9,40.31,63754.01,BTC-25DEC26,62579.32,0.02725,62584.12,25DEC26,85000,,C,BTC-25DEC26-85000-C,,
0.543,0.5535,0.7,0.54811,1782294155842,0.0,40.92,63754.02,BTC-25DEC26,62579.32,0.54825,62584.12,25DEC26,98000,,P,BTC-25DEC26-98000-P,,
0.074,0.0755,183.6,0.07481724,1782294155842,2.0,41.78,64393.66,BTC-26MAR27,62579.32,0.07475,62584.12,26MAR27,78000,,C,BTC-26MAR27-78000-C,,
0.384,0.4875,0.5,0.43262167,1782294155842,0.0,39.86,62878.45,BTC-28AUG26,62579.32,0.43575,62584.12,28AUG26,90000,,P,BTC-28AUG26-90000-P,,
0.0001,0.0003,1446.3,0.00017161,1782294155842,520.6,34.91,62584.98,BTC-26JUN26,62579.32,0.0002,62584.12,26JUN26,66000,,C,BTC-26JUN26-66000-C,,
0.006,0.0065,79.0,0.00641755,1782294155842,78.8,35.07,62578.91,index_price,62579.32,0.00625,62584.12,25JUN26,62500,,P,BTC-25JUN26-62500-P,,
0.3075,0.4075,0.4,0.35394497,1782294155842,0.0,37.61,62878.45,BTC-28AUG26,62579.32,0.3575,62584.12,28AUG26,85000,,P,BTC-28AUG26-85000-P,,
2.0625,2.285,0.1,2.16931153,1782294155842,0.0,65.73,63105.56,BTC-25SEP26,62579.32,2.17375,62584.12,25SEP26,200000,,P,BTC-25SEP26-200000-P,,
1.0075,1.148,106.2,1.07715546,1782294155842,0.0,103.99,62584.86,BTC-26JUN26,62579.32,1.07775,62584.12,26JUN26,130000,,P,BTC-26JUN26-130000-P,,
0.031,0.032,256.9,0.03153811,1782294155842,13.0,36.74,62878.45,BTC-28AUG26,62579.32,0.0315,62584.12,28AUG26,68000,,C,BTC-28AUG26-68000-C,,
0.1885,0.193,0.0,0.19049576,1782294155842,0.0,48.37,62878.45,BTC-28AUG26,62579.32,0.19075,62584.12,28AUG26,52000,,C,BTC-28AUG26-52000-C,,
,0.0001,34.4,6.84e-06,1782294155842,0.1,61.17,62578.91,index_price,62579.32,,62584.12,25JUN26,69000,,C,BTC-25JUN26-69000-C,,
0.005,0.0055,1.3,0.00529519,1782294155842,1.3,41.44,62578.91,index_price,62579.32,0.00525,62584.12,27JUN26,61000,,P,BTC-27JUN26-61000-P,,
0.044,0.0455,244.8,0.0446679,1782294155842,0.0,40.34,63754.02,BTC-25DEC26,62579.32,0.04475,62584.12,25DEC26,78000,,C,BTC-25DEC26-78000-C,,
0.0055,0.0065,0.0,0.00591555,1782294155842,0.0,37.8,62599.520000000004,SYN.BTC-28JUN26,62579.32,0.006,62584.12,28JUN26,61000,,P,BTC-28JUN26-61000-P,,
,0.0001,3916.9,7.616e-05,1782294155842,84.6,114.01,62584.86,BTC-26JUN26,62579.32,,62584.12,26JUN26,50000,,P,BTC-26JUN26-50000-P,,
0.347,0.3575,454.5,0.35239957,1782294155842,3.0,37.58,63105.56,BTC-25SEP26,62579.32,0.35225,62584.12,25SEP26,85000,,P,BTC-25SEP26-85000-P,,
0.1385,0.166,0.0,0.16370022,1782294155842,0.0,46.35,62878.45,BTC-28AUG26,62579.32,0.15225,62584.12,28AUG26,54000,,C,BTC-28AUG26-54000-C,,
0.0001,0.0004,42.3,0.00024429,1782294155842,0.9,60.59,62703.45,BTC-31JUL26,62579.32,0.00025,62584.12,31JUL26,106000,,C,BTC-31JUL26-106000-C,,
0.0435,0.0445,775.8,0.04400383,1782294155842,63.0,39.19,62703.45,BTC-31JUL26,62579.32,0.044,62584.12,31JUL26,62000,,P,BTC-31JUL26-62000-P,,
0.0095,0.0105,0.0,0.01007506,1782294155842,0.0,34.85,62599.520000000004,SYN.BTC-28JUN26,62579.32,0.01,62584.12,28JUN26,62000,,P,BTC-28JUN26-62000-P,,
0.4985,0.5085,90.3,0.50346074,1782294155842,0.0,40.68,63754.02,BTC-25DEC26,62579.32,0.5035,62584.12,25DEC26,95000,,P,BTC-25DEC26-95000-P,,
