bid_price,ask_price,open_interest,mark_price,creation_timestamp_x,volume,mark_iv,underlying_price,underlying_index,estimated_delivery_price,mid_price,price_index,expiration_timestamp,strike,settlement_period,option_type,instrument_id,bid_size,ask_size
0.17,0.174,33.1,0.17167515,1782831723068,0.0,45.33,59508.5,BTC-25DEC26,58461.36,0.172,58489.53,25DEC26,54000,,C,BTC-25DEC26-54000-C,,
0.0005,0.0008,947.9,0.00057773,1782831723068,2.5,61.9,59508.5,BTC-25DEC26,58461.36,0.00065,58489.53,25DEC26,200000,,C,BTC-25DEC26-200000-C,,
0.005,0.0055,1174.6,0.00529235,1782831723068,12.8,58.79,58604.41,BTC-31JUL26,58461.36,0.00525,58489.53,31JUL26,46000,,P,BTC-31JUL26-46000-P,,
0.029,0.03,455.0,0.02950372,1782831723068,137.3,39.99,58604.41,BTC-31JUL26,58461.36,0.0295,58489.53,31JUL26,61000,,C,BTC-31JUL26-61000-C,,
,0.0001,251.6,5.13e-06,1782831723068,0.0,85.42,58957.23,BTC-25SEP26,58461.36,,58489.53,25SEP26,320000,,C,BTC-25SEP26-320000-C,,
0.0165,0.0845,0.0,0.04900546,1782831723068,0.0,54.81,58465.94,index_price,58461.36,0.0505,58489.53,4JUL26,56000,,C,BTC-4JUL26-56000-C,,
0.288,0.2985,1.0,0.2934867,1782831723068,0.0,43.36,60703.05,BTC-25JUN27,58461.36,0.29325,58489.53,25JUN27,72000,,P,BTC-25JUN27-72000-P,,
0.2785,0.2825,49.2,0.28077059,1782831723068,0.0,50.51,59512.43,BTC-25DEC26,58461.36,0.2805,58489.53,25DEC26,45000,,C,BTC-25DEC26-45000-C,,
0.116,0.1185,159.0,0.11746843,1782831723068,150.1,43.56,60707.63,BTC-25JUN27,58461.36,0.11725,58489.53,25JUN27,70000,,C,BTC-25JUN27-70000-C,,
0.2025,0.213,300.7,0.20697357,1782831723068,0.3,41.33,59512.43,BTC-25DEC26,58461.36,0.20775,58489.53,25DEC26,68000,,P,BTC-25DEC26-68000-P,,
0.0001,0.0003,309.6,0.00020233,1782831723068,0.0,50.83,58600.48,BTC-31JUL26,58461.36,0.0002,58489.53,31JUL26,87000,,C,BTC-31JUL26-87000-C,,
0.64,0.715,0.2,0.65025298,1782831723068,0.0,42.41,60076.78,BTC-26MAR27,58461.36,0.6775,58489.53,26MAR27,98000,,P,BTC-26MAR27-98000-P,,
0.886,1.0135,0.6,0.93548385,1782831723068,0.0,45.39,59512.43,BTC-25DEC26,58461.36,0.94975,58489.53,25DEC26,115000,,P,BTC-25DEC26-115000-P,,
0.013,0.0145,45.1,0.01405715,1782831723068,46.9,54.6,58461.36,index_price,58461.36,0.01375,58489.53,1JUL26,58000,,C,BTC-1JUL26-58000-C,,
0.693,0.7555,0.1,0.70267914,1782831723068,0.0,50.55,58744.9,BTC-28AUG26,58461.36,0.72425,58489.53,28AUG26,100000,,P,BTC-28AUG26-100000-P,,
,0.0001,270.3,4.39e-06,1782831723068,30.0,69.67,58467.34,BTC-3JUL26,58461.36,,58489.53,3JUL26,72000,,C,BTC-3JUL26-72000-C,,
0.0001,0.0003,842.5,0.00017777,1782831723068,0.0,58.71,58604.41,BTC-31JUL26,58461.36,0.0002,58489.53,31JUL26,94000,,C,BTC-31JUL26-94000-C,,
0.3595,0.3735,0.1,0.36680558,1782831723068,0.0,42.88,60707.63,BTC-25JUN27,58461.36,0.3665,58489.53,25JUN27,78000,,P,BTC-25JUN27-78000-P,,
0.0032,0.0034,699.0,0.00325411,1782831723068,3.1,40.17,58953.3,BTC-25SEP26,58461.36,0.0033,58489.53,25SEP26,84000,,C,BTC-25SEP26-84000-C,,
0.671,0.793,7.7,0.71951961,1782831723068,0.0,42.8,59512.43,BTC-25DEC26,58461.36,0.732,58489.53,25DEC26,102000,,P,BTC-25DEC26-102000-P,,
0.0675,0.0745,405.1,0.07048333,1782831723068,47.6,39.99,58604.41,BTC-31JUL26,58461.36,0.071,58489.53,31JUL26,61000,,P,BTC-31JUL26-61000-P,,
0.014,0.016,29.0,0.01496926,1782831723068,0.6,43.73,60707.63,BTC-25JUN27,58461.36,0.015,58489.53,25JUN27,120000,,C,BTC-25JUN27-120000-C,,
0.0125,0.0835,0.8,0.04455795,1782831723068,0.0,44.95,58461.36,index_price,58461.36,0.048,58489.53,2JUL26,61000,,P,BTC-2JUL26-61000-P,,
0.0001,0.0004,168.8,0.00021011,1782831723068,0.1,70.21,58957.23,BTC-25SEP26,58461.36,0.00025,58489.53,25SEP26,165000,,C,BTC-25SEP26-165000-C,,
0.618,0.6805,0.0,0.6686365,1782831723068,0.0,48.94,58744.9,BTC-28AUG26,58461.36,0.64925,58489.53,28AUG26,98000,,P,BTC-28AUG26-98000-P,,
0.1375,0.1465,673.2,0.14133499,1782831723068,1.5,39.12,58957.23,BTC-25SEP26,58461.36,0.142,58489.53,25SEP26,65000,,P,BTC-25SEP26-65000-P,,
0.0435,0.0495,429.4,0.04619523,1782831723068,2.9,45.73,58471.92,BTC-3JUL26,58461.36,0.0465,58489.53,3JUL26,61000,,P,BTC-3JUL26-61000-P,,
0.0535,0.055,105.8,0.05417751,1782831723068,78.3,42.5,58604.41,BTC-31JUL26,58461.36,0.05425,58489.53,31JUL26,58000,,C,BTC-31JUL26-58000-C,,
1.734,1.9475,0.1,1.83195519,1782831723068,0.0,51.41,60076.78,BTC-26MAR27,58461.36,1.84075,58489.53,26MAR27,170000,,P,BTC-26MAR27-170000-P,,
0.0017,0.0021,9.0,0.0019715,1782831723068,9.0,66.16,58465.94,index_price,58461.36,0.0019,58489.53,4JUL26,53000,,P,BTC-4JUL26-53000-P,,
0.023,0.0235,1541.6,0.02337712,1782831723068,73.9,39.32,58604.41,BTC-31JUL26,58461.36,0.02325,58489.53,31JUL26,62000,,C,BTC-31JUL26-62000-C,,
1.622,1.8145,0.6,1.71423796,1782831723068,0.0,68.37,58957.23,BTC-25SEP26,58461.36,1.71825,58489.53,25SEP26,160000,,P,BTC-25SEP26-160000-P,,
0.3555,0.372,618.4,0.36223069,1782831723068,0.0,39.26,58957.23,BTC-25SEP26,58461.36,0.36375,58489.53,25SEP26,80000,,P,BTC-25SEP26-80000-P,,
0.008,0.009,574.5,0.00860476,1782831723068,181.7,54.58,58467.34,BTC-3JUL26,58461.36,0.0085,58489.53,3JUL26,57000,,P,BTC-3JUL26-57000-P,,
0.0255,0.027,88.3,0.02611338,1782831723068,9.1,44.92,58544.05,BTC-17JUL26,58461.36,0.02625,58489.53,17JUL26,57000,,P,BTC-17JUL26-57000-P,,
0.001,0.0013,83.9,0.00120144,1782831723068,28.8,44.95,58461.36,index_price,58461.36,0.00115,58489.53,2JUL26,61000,,C,BTC-2JUL26-61000-C,,
,0.0002,739.8,0.00012702,1782831723068,0.0,72.31,58957.23,BTC-25SEP26,58461.36,,58489.53,25SEP26,180000,,C,BTC-25SEP26-180000-C,,
0.518,0.5955,14.0,0.52675439,1782831723068,0.0,41.99,60081.36,BTC-26MAR27,58461.36,0.55675,58489.53,26MAR27,90000,,P,BTC-26MAR27-90000-P,,
0.1025,0.1045,45.8,0.10349272,1782831723068,5.3,46.07,60076.78,BTC-26MAR27,58461.36,0.1035,58489.53,26MAR27,54000,,P,BTC-26MAR27-54000-P,,
0.0005,0.0009,34.8,0.00067224,1782831723068,16.2,44.98,58744.9,BTC-28AUG26,58461.36,0.0007,58489.53,28AUG26,90000,,C,BTC-28AUG26-90000-C,,
0.241,0.257,0.0,0.24781448,1782831723068,0.0,54.62,58507.61,BTC-10JUL26,58461.36,0.249,58489.53,10JUL26,73000,,P,BTC-10JUL26-73000-P,,
0.0004,0.0007,6989.5,0.00046989,1782831723068,14.2,45.46,58600.48,BTC-31JUL26,58461.36,0.00055,58489.53,31JUL26,80000,,C,BTC-31JUL26-80000-C,,
0.149,0.152,558.4,0.15048735,1782831723068,0.3,44.45,60076.78,BTC-26MAR27,58461.36,0.1505,58489.53,26MAR27,60000,,P,BTC-26MAR27-60000-P,,
0.036,0.0375,746.2,0.03664852,1782831723068,289.7,40.72,58604.41,BTC-31JUL26,58461.36,0.03675,58489.53,31JUL26,60000,,C,BTC-31JUL26-60000-C,,
0.08,0.082,659.8,0.08088197,1782831723068,4.7,41.89,59512.43,BTC-25DEC26,58461.36,0.081,58489.53,25DEC26,65000,,C,BTC-25DEC26-65000-C,,
0.073,0.078,38.4,0.07568265,1782831723068,3.0,44.62,58604.41,BTC-31JUL26,58461.36,0.0755,58489.53,31JUL26,56000,,C,BTC-31JUL26-56000-C,,
0.093,0.1695,0.9,0.12898952,1782831723068,1.1,45.73,58744.9,BTC-28AUG26,58461.36,0.13125,58489.53,28AUG26,53000,,C,BTC-28AUG26-53000-C,,
0.0004,0.0009,989.4,0.00067962,1782831723068,0.0,60.63,59512.43,BTC-25DEC26,58461.36,0.00065,58489.53,25DEC26,190000,,C,BTC-25DEC26-190000-C,,
0.7725,0.7945,104.6,0.78182461,1782831723068,0.0,48.44,58953.3,BTC-25SEP26,58461.36,0.7835,58489.53,25SEP26,105000,,P,BTC-25SEP26-105000-P,,
0.06,0.061,1831.4,0.06056289,1782831723068,115.1,40.72,58604.41,BTC-31JUL26,58461.36,0.0605,58489.53,31JUL26,60000,,P,BTC-31JUL26-60000-P,,
2.7335,3.0085,0.0,2.86547212,1782831723068,0.0,66.52,59512.43,BTC-25DEC26,58461.36,2.871,58489.53,25DEC26,230000,,P,BTC-25DEC26-230000-P,,
0.0145,0.015,1918.1,0.01488235,1782831723068,5.1,38.25,58957.23,BTC-25SEP26,58461.36,0.01475,58489.53,25SEP26,72000,,C,BTC-25SEP26-72000-C,,
1.1305,1.288,21.4,1.20551254,1782831723068,0.0,58.76,58957.23,BTC-25SEP26,58461.36,1.20925,58489.53,25SEP26,130000,,P,BTC-25SEP26-130000-P,,
0.202,0.214,1518.7,0.20694113,1782831723068,1.0,38.24,58953.3,BTC-25SEP26,58461.36,0.208,58489.53,25SEP26,70000,,P,BTC-25SEP26-70000-P,,
,0.0001,1119.0,4.5e-07,1782831723068,0.0,75.47,58467.34,BTC-3JUL26,58461.36,,58489.53,3JUL26,76000,,C,BTC-3JUL26-76000-C,,
0.0031,0.0034,1898.7,0.00307664,1782831723068,0.6,48.3,60076.78,BTC-26MAR27,58461.36,0.00325,58489.53,26MAR27,150000,,C,BTC-26MAR27-150000-C,,
0.0365,0.0375,2165.0,0.03696578,1782831723068,722.4,50.51,59512.43,BTC-25DEC26,58461.36,0.037,58489.53,25DEC26,45000,,P,BTC-25DEC26-45000-P,,
0.1535,0.2135,0.0,0.18334798,1782831723068,0.0,61.03,58540.12,BTC-17JUL26,58461.36,0.1835,58489.53,17JUL26,48000,,C,BTC-17JUL26-48000-C,,
0.012,0.013,265.4,0.01250007,1782831723068,21.5,48.26,58471.92,BTC-3JUL26,58461.36,0.0125,58489.53,3JUL26,59000,,C,BTC-3JUL26-59000-C,,
,0.0001,1695.3,4.802e-05,1782831723068,3.6,63.13,58471.92,BTC-3JUL26,58461.36,,58489.53,3JUL26,68000,,C,BTC-3JUL26-68000-C,,
0.016,0.017,205.7,0.01683295,1782831723068,49.1,42.07,58512.19,BTC-10JUL26,58461.36,0.0165,58489.53,10JUL26,60000,,C,BTC-10JUL26-60000-C,,
0.1805,0.1835,917.5,0.18208528,1782831723068,16.3,45.13,60707.63,BTC-25JUN27,58461.36,0.182,58489.53,25JUN27,60000,,C,BTC-25JUN27-60000-C,,
0.0285,0.03,0.0,0.02928717,1782831723068,0.0,49.82,58465.94,index_price,58461.36,0.02925,58489.53,4JUL26,57500,,C,BTC-4JUL26-57500-C,,
0.026,0.027,990.2,0.02630034,1782831723068,627.1,45.75,58604.41,BTC-31JUL26,58461.36,0.0265,58489.53,31JUL26,55000,,P,BTC-31JUL26-55000-P,,
0.032,0.039,0.0,0.03541939,1782831723068,0.0,51.36,58465.94,index_price,58461.36,0.0355,58489.53,4JUL26,57000,,C,BTC-4JUL26-57000-C,,
0.0028,0.0032,319.2,0.00309078,1782831723068,120.6,39.32,58540.12,BTC-17JUL26,58461.36,0.003,58489.53,17JUL26,66000,,C,BTC-17JUL26-66000-C,,
0.0002,0.0003,1760.0,0.00027265,1782831723068,5.1,56.64,58467.34,BTC-3JUL26,58461.36,0.00025,58489.53,3JUL26,65000,,C,BTC-3JUL26-65000-C,,
0.2325,0.266,0.0,0.23646553,1782831723068,0.0,60.36,58600.48,BTC-31JUL26,58461.36,0.24925,58489.53,31JUL26,45000,,C,BTC-31JUL26-45000-C,,
,0.0002,232.5,1.503e-05,1782831723068,0.0,72.34,58953.3,BTC-25SEP26,58461.36,,58489.53,25SEP26,220000,,C,BTC-25SEP26-220000-C,,
0.081,0.121,0.0,0.08523246,1782831723068,0.0,53.52,58507.61,BTC-10JUL26,58461.36,0.101,58489.53,10JUL26,54000,,C,BTC-10JUL26-54000-C,,
0.012,0.0135,43.3,0.01288362,1782831723068,0.0,42.94,60076.78,BTC-26MAR27,58461.36,0.01275,58489.53,26MAR27,106000,,C,BTC-26MAR27-106000-C,,
0.0017,0.0022,533.4,0.00190945,1782831723068,0.0,39.92,58744.9,BTC-28AUG26,58461.36,0.00195,58489.53,28AUG26,80000,,C,BTC-28AUG26-80000-C,,
0.001,0.0012,3308.5,0.0009847,1782831723068,187.5,46.53,58957.23,BTC-25SEP26,58461.36,0.0011,58489.53,25SEP26,100000,,C,BTC-25SEP26-100000-C,,
0.0055,0.006,44.6,0.00570445,1782831723068,15.5,55.78,58461.36,index_price,58461.36,0.00575,58489.53,2JUL26,57000,,P,BTC-2JUL26-57000-P,,
0.0195,0.096,0.0,0.05446267,1782831723068,0.0,43.14,58465.94,index_price,58461.36,0.05775,58489.53,4JUL26,61500,,P,BTC-4JUL26-61500-P,,
0.0185,0.0195,78.6,0.0190071,1782831723068,0.0,42.41,60076.78,BTC-26MAR27,58461.36,0.019,58489.53,26MAR27,98000,,C,BTC-26MAR27-98000-C,,
0.107,0.187,0.0,0.14596546,1782831723068,0.0,61.81,58461.36,index_price,58461.36,0.147,58489.53,1JUL26,67000,,P,BTC-1JUL26-67000-P,,
0.0001,0.0003,353.5,0.00017775,1782831723068,0.0,56.35,58604.41,BTC-31JUL26,58461.36,0.0002,58489.53,31JUL26,92000,,C,BTC-31JUL26-92000-C,,
0.0885,0.0905,4192.0,0.08951151,1782831723068,74.3,41.01,58953.3,BTC-25SEP26,58461.36,0.0895,58489.53,25SEP26,60000,,P,BTC-25SEP26-60000-P,,
0.2515,0.2645,335.4,0.25691894,1782831723068,0.1,40.86,59508.5,BTC-25DEC26,58461.36,0.258,58489.53,25DEC26,72000,,P,BTC-25DEC26-72000-P,,
0.1845,0.187,16.9,0.18573319,1782831723068,0.0,45.47,60076.78,BTC-26MAR27,58461.36,0.18575,58489.53,26MAR27,56000,,C,BTC-26MAR27-56000-C,,
0.092,0.1005,569.8,0.09630983,1782831723068,5.6,39.49,58744.9,BTC-28AUG26,58461.36,0.09625,58489.53,28AUG26,62000,,P,BTC-28AUG26-62000-P,,
0.088,0.136,0.0,0.0949603,1782831723071,0.0,45.69,58465.94,index_price,58461.36,0.112,58489.53,4JUL26,64000,,P,BTC-4JUL26-64000-P,,
0.411,0.422,29.5,0.41672356,1782831723071,0.0,47.62,58604.41,BTC-31JUL26,58461.36,0.4165,58489.53,31JUL26,83000,,P,BTC-31JUL26-83000-P,,
0.15,0.153,40.2,0.15146889,1782831723071,0.3,44.49,59512.43,BTC-25DEC26,58461.36,0.1515,58489.53,25DEC26,56000,,C,BTC-25DEC26-56000-C,,
0.0375,0.0385,669.5,0.03790402,1782831723071,203.8,46.08,58957.23,BTC-25SEP26,58461.36,0.038,58489.53,25SEP26,52000,,P,BTC-25SEP26-52000-P,,
0.421,0.5355,1.7,0.46712872,1782831723071,0.0,41.9,60076.78,BTC-26MAR27,58461.36,0.47825,58489.53,26MAR27,86000,,P,BTC-26MAR27-86000-P,,
,0.0002,18.5,7.474e-05,1782831723071,6.2,52.82,58461.36,index_price,58461.36,,58489.53,2JUL26,64000,,C,BTC-2JUL26-64000-C,,
0.0365,0.038,1058.6,0.03697942,1782831723071,3.1,52.96,60076.78,BTC-26MAR27,58461.36,0.03725,58489.53,26MAR27,40000,,P,BTC-26MAR27-40000-P,,
0.0085,0.0095,52.2,0.00898781,1782831723071,44.4,47.64,58461.36,index_price,58461.36,0.009,58489.53,2JUL26,59000,,C,BTC-2JUL26-59000-C,,
0.021,0.022,119.1,0.02172507,1782831723071,6.3,50.94,58471.92,BTC-3JUL26,58461.36,0.0215,58489.53,3JUL26,58000,,C,BTC-3JUL26-58000-C,,
0.0065,0.008,315.2,0.00716455,1782831723071,0.0,44.28,60076.78,BTC-26MAR27,58461.36,0.00725,58489.53,26MAR27,120000,,C,BTC-26MAR27-120000-C,,
0.3095,0.323,249.4,0.31474059,1782831723071,0.0,42.99,58604.41,BTC-31JUL26,58461.36,0.31625,58489.53,31JUL26,77000,,P,BTC-31JUL26-77000-P,,
0.007,0.009,89.4,0.00805442,1782831723071,57.3,45.11,60703.05,BTC-25JUN27,58461.36,0.008,58489.53,25JUN27,140000,,C,BTC-25JUN27-140000-C,,
0.0035,0.004,127.4,0.00389949,1782831723071,144.2,43.16,58465.94,index_price,58461.36,0.00375,58489.53,4JUL26,61000,,C,BTC-4JUL26-61000-C,,
,0.0002,763.9,7.342e-05,1782831723071,0.0,72.31,58953.3,BTC-25SEP26,58461.36,,58489.53,25SEP26,190000,,C,BTC-25SEP26-190000-C,,
0.1165,0.119,73.1,0.11787369,1782831723071,1.2,45.47,60076.78,BTC-26MAR27,58461.36,0.11775,58489.53,26MAR27,56000,,P,BTC-26MAR27-56000-P,,
0.021,0.022,1105.4,0.02159734,1782831723071,268.9,48.26,58471.92,BTC-3JUL26,58461.36,0.0215,58489.53,3JUL26,59000,,P,BTC-3JUL26-59000-P,,
0.2115,0.217,0.1,0.21509047,1782831723071,0.0,46.02,60707.63,BTC-25JUN27,58461.36,0.21425,58489.53,25JUN27,56000,,C,BTC-25JUN27-56000-C,,
0.0435,0.045,203.3,0.04419863,1782831723071,11.8,39.44,58957.23,BTC-25SEP26,58461.36,0.04425,58489.53,25SEP26,64000,,C,BTC-25SEP26-64000-C,,
0.005,0.0055,420.7,0.00535659,1782831723071,17.8,61.93,58744.9,BTC-28AUG26,58461.36,0.00525,58489.53,28AUG26,40000,,P,BTC-28AUG26-40000-P,,
0.0024,0.0028,45.0,0.00271006,1782831723071,45.2,43.14,58465.94,index_price,58461.36,0.0026,58489.53,4JUL26,61500,,C,BTC-4JUL26-61500-C,,
0.1915,0.251,0.0,0.22029133,1782831723071,0.0,58.79,58604.41,BTC-31JUL26,58461.36,0.22125,58489.53,31JUL26,46000,,C,BTC-31JUL26-46000-C,,
0.064,0.0655,3.8,0.06448412,1782831723071,2.6,43.54,58604.41,BTC-31JUL26,58461.36,0.06475,58489.53,31JUL26,57000,,C,BTC-31JUL26-57000-C,,
0.5915,0.616,1.3,0.60431029,1782831723071,0.0,58.71,58604.41,BTC-31JUL26,58461.36,0.60375,58489.53,31JUL26,94000,,P,BTC-31JUL26-94000-P,,
0.0009,0.0012,131.7,0.00102884,1782831723071,125.4,68.75,58461.36,index_price,58461.36,0.00105,58489.53,1JUL26,56000,,P,BTC-1JUL26-56000-P,,
2.606,2.8675,1.8,2.73180327,1782831723071,0.0,72.34,58953.3,BTC-25SEP26,58461.36,2.73675,58489.53,25SEP26,220000,,P,BTC-25SEP26-220000-P,,
0.215,0.219,259.9,0.21668883,1782831723071,0.0,47.3,59512.43,BTC-25DEC26,58461.36,0.217,58489.53,25DEC26,50000,,C,BTC-25DEC26-50000-C,,
0.0535,0.093,12.8,0.05726727,1782831723071,0.0,49.06,58512.19,BTC-10JUL26,58461.36,0.07325,58489.53,10JUL26,56000,,C,BTC-10JUL26-56000-C,,
0.0165,0.0175,176.1,0.01734087,1782831723071,255.2,49.67,58471.92,BTC-3JUL26,58461.36,0.017,58489.53,3JUL26,58500,,P,BTC-3JUL26-58500-P,,
0.0615,0.0635,0.2,0.06252448,1782831723071,0.0,42.63,60703.05,BTC-25JUN27,58461.36,0.0625,58489.53,25JUN27,84000,,C,BTC-25JUN27-84000-C,,
0.031,0.032,1999.3,0.03133606,1782831723071,285.8,44.62,58604.41,BTC-31JUL26,58461.36,0.0315,58489.53,31JUL26,56000,,P,BTC-31JUL26-56000-P,,
0.0001,0.0004,382.8,0.00017769,1782831723071,0.0,51.43,58604.41,BTC-31JUL26,58461.36,0.00025,58489.53,31JUL26,88000,,C,BTC-31JUL26-88000-C,,
0.009,0.01,2274.1,0.00947299,1782831723071,307.0,58.73,58957.23,BTC-25SEP26,58461.36,0.0095,58489.53,25SEP26,40000,,P,BTC-25SEP26-40000-P,,
3.5885,3.9215,0.0,3.74955724,1782831723071,0.0,81.51,58957.23,BTC-25SEP26,58461.36,3.755,58489.53,25SEP26,280000,,P,BTC-25SEP26-280000-P,,
0.0017,0.0021,36.8,0.0019257,1782831723071,35.3,45.88,58467.34,BTC-3JUL26,58461.36,0.0019,58489.53,3JUL26,61500,,C,BTC-3JUL26-61500-C,,
0.09,0.0985,593.3,0.0934033,1782831723071,0.1,38.78,58604.41,BTC-31JUL26,58461.36,0.09425,58489.53,31JUL26,63000,,P,BTC-31JUL26-63000-P,,
0.8695,0.8895,46.3,0.87731837,1782831723071,0.0,74.05,58604.41,BTC-31JUL26,58461.36,0.8795,58489.53,31JUL26,110000,,P,BTC-31JUL26-110000-P,,
0.0001,0.0004,282.1,0.00017779,1782831723071,0.0,61.01,58604.41,BTC-31JUL26,58461.36,0.00025,58489.53,31JUL26,96000,,C,BTC-31JUL26-96000-C,,
0.0001,0.0004,374.5,0.00017783,1782831723071,0.5,67.55,58604.41,BTC-31JUL26,58461.36,0.00025,58489.53,31JUL26,102000,,C,BTC-31JUL26-102000-C,,
0.36,0.47,4.1,0.40914019,1782831723071,0.0,41.8,60076.78,BTC-26MAR27,58461.36,0.415,58489.53,26MAR27,82000,,P,BTC-26MAR27-82000-P,,
0.086,0.088,331.9,0.08704958,1782831723071,4.5,42.08,59512.43,BTC-25DEC26,58461.36,0.087,58489.53,25DEC26,64000,,C,BTC-25DEC26-64000-C,,
0.1225,0.1695,0.0,0.12888359,1782831723071,0.0,54.52,58461.36,index_price,58461.36,0.146,58489.53,2JUL26,66000,,P,BTC-2JUL26-66000-P,,
0.5945,0.6675,0.6,0.60340331,1782831723071,0.0,42.23,60081.36,BTC-26MAR27,58461.36,0.631,58489.53,26MAR27,95000,,P,BTC-26MAR27-95000-P,,
0.0001,0.0002,174.2,0.00014202,1782831723071,15.1,74.05,58600.48,BTC-31JUL26,58461.36,0.00015,58489.53,31JUL26,110000,,C,BTC-31JUL26-110000-C,,
0.008,0.009,1266.8,0.00846588,1782831723071,0.1,41.84,59512.43,BTC-25DEC26,58461.36,0.0085,58489.53,25DEC26,95000,,C,BTC-25DEC26-95000-C,,
0.978,1.123,4.0,1.04790019,1782831723071,0.0,78.39,58604.41,BTC-31JUL26,58461.36,1.0505,58489.53,31JUL26,120000,,P,BTC-31JUL26-120000-P,,
0.0012,0.0014,1825.8,0.00125339,1782831723071,0.0,44.1,58957.23,BTC-25SEP26,58461.36,0.0013,58489.53,25SEP26,95000,,C,BTC-25SEP26-95000-C,,
0.4105,0.414,24.1,0.4117422,1782831723071,0.0,66.01,58957.23,BTC-25SEP26,58461.36,0.41225,58489.53,25SEP26,35000,,C,BTC-25SEP26-35000-C,,
2.8955,3.1815,0.0,3.03339654,1782831723071,0.0,66.52,59512.43,BTC-25DEC26,58461.36,3.0385,58489.53,25DEC26,240000,,P,BTC-25DEC26-240000-P,,
0.456,0.503,0.0,0.46489634,1782831723071,0.0,42.46,58744.9,BTC-28AUG26,58461.36,0.4795,58489.53,28AUG26,86000,,P,BTC-28AUG26-86000-P,,
0.003,0.0033,42.8,0.00317683,1782831723071,17.0,60.89,58461.36,index_price,58461.36,0.00315,58489.53,2JUL26,56000,,P,BTC-2JUL26-56000-P,,
0.4085,0.528,23.4,0.46106894,1782831723071,0.0,40.94,59512.43,BTC-25DEC26,58461.36,0.46825,58489.53,25DEC26,86000,,P,BTC-25DEC26-86000-P,,
0.0009,0.0013,992.5,0.00104815,1782831723071,88.2,41.27,58512.19,BTC-10JUL26,58461.36,0.0011,58489.53,10JUL26,66000,,C,BTC-10JUL26-66000-C,,
0.002,0.0025,57.3,0.00219293,1782831723072,0.6,39.52,58744.9,BTC-28AUG26,58461.36,0.00225,58489.53,28AUG26,79000,,C,BTC-28AUG26-79000-C,,
,0.0002,1000.2,4.281e-05,1782831723072,0.0,72.31,58957.23,BTC-25SEP26,58461.36,,58489.53,25SEP26,200000,,C,BTC-25SEP26-200000-C,,
0.324,0.3695,4.1,0.33032873,1782831723072,0.0,39.09,58744.9,BTC-28AUG26,58461.36,0.34675,58489.53,28AUG26,78000,,P,BTC-28AUG26-78000-P,,
1.413,1.603,0.5,1.49988156,1782831723072,0.0,48.3,60081.36,BTC-26MAR27,58461.36,1.508,58489.53,26MAR27,150000,,P,BTC-26MAR27-150000-P,,
0.0395,0.0445,422.2,0.04226153,1782831723072,248.5,42.07,58507.61,BTC-10JUL26,58461.36,0.042,58489.53,10JUL26,60000,,P,BTC-10JUL26-60000-P,,
0.0165,0.0175,1921.9,0.01687585,1782831723072,79.5,52.73,58957.23,BTC-25SEP26,58461.36,0.017,58489.53,25SEP26,45000,,P,BTC-25SEP26-45000-P,,
0.125,0.133,53.5,0.12901959,1782831723072,0.0,41.27,58512.19,BTC-10JUL26,58461.36,0.129,58489.53,10JUL26,66000,,P,BTC-10JUL26-66000-P,,
0.01,0.0115,516.9,0.01072757,1782831723072,4.1,43.25,60076.78,BTC-26MAR27,58461.36,0.01075,58489.53,26MAR27,110000,,C,BTC-26MAR27-110000-C,,
0.0001,0.0005,495.0,0.00021026,1782831723072,0.0,62.45,58953.3,BTC-25SEP26,58461.36,0.0003,58489.53,25SEP26,145000,,C,BTC-25SEP26-145000-C,,
0.0055,0.0065,114.0,0.00597137,1782831723072,0.0,44.83,60076.78,BTC-26MAR27,58461.36,0.006,58489.53,26MAR27,125000,,C,BTC-26MAR27-125000-C,,
1.435,1.6185,2.1,1.52188538,1782831723072,0.0,53.34,59508.5,BTC-25DEC26,58461.36,1.52675,58489.53,25DEC26,150000,,P,BTC-25DEC26-150000-P,,
0.92,1.087,0.0,0.99178158,1782831723072,0.0,43.73,60707.63,BTC-25JUN27,58461.36,1.0035,58489.53,25JUN27,120000,,P,BTC-25JUN27-120000-P,,
0.061,0.1285,0.0,0.09409438,1782831723072,0.0,77.19,58461.36,index_price,58461.36,0.09475,58489.53,2JUL26,53000,,C,BTC-2JUL26-53000-C,,
0.0001,0.0004,1357.1,0.00021015,1782831723072,7.0,68.37,58957.23,BTC-25SEP26,58461.36,0.00025,58489.53,25SEP26,160000,,C,BTC-25SEP26-160000-C,,
0.0015,0.0018,332.7,0.00164979,1782831723072,16.6,69.34,58507.61,BTC-10JUL26,58461.36,0.00165,58489.53,10JUL26,48000,,P,BTC-10JUL26-48000-P,,
0.2055,0.2095,1.0,0.20750725,1782831723072,0.0,44.38,60703.05,BTC-25JUN27,58461.36,0.2075,58489.53,25JUN27,64000,,P,BTC-25JUN27-64000-P,,
0.023,0.025,0.0,0.02420557,1782831723072,0.0,53.52,58461.36,index_price,58461.36,0.024,58489.53,2JUL26,57500,,C,BTC-2JUL26-57500-C,,
,0.0001,3.9,6.06e-06,1782831723072,1.1,54.52,58461.36,index_price,58461.36,,58489.53,2JUL26,66000,,C,BTC-2JUL26-66000-C,,
0.0385,0.0395,3.9,0.03893023,1782831723072,1.6,42.66,60707.63,BTC-25JUN27,58461.36,0.039,58489.53,25JUN27,95000,,C,BTC-25JUN27-95000-C,,
0.1175,0.1785,0.0,0.14825975,1782831723072,0.0,64.0,58512.19,BTC-10JUL26,58461.36,0.148,58489.53,10JUL26,50000,,C,BTC-10JUL26-50000-C,,
0.0065,0.0075,207.5,0.00696594,1782831723072,0.0,42.22,59508.5,BTC-25DEC26,58461.36,0.007,58489.53,25DEC26,98000,,C,BTC-25DEC26-98000-C,,
0.5505,0.608,0.5,0.58724504,1782831723072,0.0,57.54,58604.41,BTC-31JUL26,58461.36,0.57925,58489.53,31JUL26,93000,,P,BTC-31JUL26-93000-P,,
0.7725,0.8815,0.0,0.8189133,1782831723072,0.0,43.95,59508.5,BTC-25DEC26,58461.36,0.827,58489.53,25DEC26,108000,,P,BTC-25DEC26-108000-P,,
0.3105,0.323,0.0,0.31707994,1782831723072,0.0,43.15,60703.05,BTC-25JUN27,58461.36,0.31675,58489.53,25JUN27,74000,,P,BTC-25JUN27-74000-P,,
0.5885,0.6125,0.0,0.60065127,1782831723072,0.0,46.82,58748.83,BTC-28AUG26,58461.36,0.6005,58489.53,28AUG26,94000,,P,BTC-28AUG26-94000-P,,
0.0023,0.0029,628.9,0.00260906,1782831723072,0.0,40.69,58953.3,BTC-25SEP26,58461.36,0.0026,58489.53,25SEP26,86000,,C,BTC-25SEP26-86000-C,,
0.0027,0.0033,2335.7,0.00297869,1782831723072,0.0,45.39,59512.43,BTC-25DEC26,58461.36,0.003,58489.53,25DEC26,115000,,C,BTC-25DEC26-115000-C,,
0.102,0.112,779.5,0.10644035,1782831723072,12.7,38.49,58604.41,BTC-31JUL26,58461.36,0.107,58489.53,31JUL26,64000,,P,BTC-31JUL26-64000-P,,
0.0001,0.0003,82.0,0.00017776,1782831723072,0.0,57.54,58604.41,BTC-31JUL26,58461.36,0.0002,58489.53,31JUL26,93000,,C,BTC-31JUL26-93000-C,,
1.2525,1.432,0.0,1.3342476,1782831723072,0.0,46.92,60076.78,BTC-26MAR27,58461.36,1.34225,58489.53,26MAR27,140000,,P,BTC-26MAR27-140000-P,,
0.027,0.0305,14.9,0.02824876,1782831723072,15.5,44.73,58465.94,index_price,58461.36,0.02875,58489.53,4JUL26,59500,,P,BTC-4JUL26-59500-P,,
0.363,0.3765,927.0,0.36969241,1782831723072,0.0,40.8,59512.43,BTC-25DEC26,58461.36,0.36975,58489.53,25DEC26,80000,,P,BTC-25DEC26-80000-P,,
0.059,0.06,902.4,0.05929837,1782831723072,7.8,43.3,58957.23,BTC-25SEP26,58461.36,0.0595,58489.53,25SEP26,56000,,P,BTC-25SEP26-56000-P,,
0.02,0.021,1179.0,0.02066546,1782831723072,190.0,48.71,58748.83,BTC-28AUG26,58461.36,0.0205,58489.53,28AUG26,50000,,P,BTC-28AUG26-50000-P,,
0.033,0.108,0.0,0.0690413,1782831723072,0.0,59.06,58461.36,index_price,58461.36,0.0705,58489.53,1JUL26,62500,,P,BTC-1JUL26-62500-P,,
0.0001,0.0002,213.0,0.0001705,1782831723072,166.6,82.13,58461.36,index_price,58461.36,0.00015,58489.53,1JUL26,54000,,P,BTC-1JUL26-54000-P,,
0.044,0.0455,197.7,0.04487083,1782831723072,33.3,41.55,58604.41,BTC-31JUL26,58461.36,0.04475,58489.53,31JUL26,59000,,C,BTC-31JUL26-59000-C,,
0.2475,0.2575,83.7,0.25328605,1782831723072,0.0,42.71,60081.36,BTC-26MAR27,58461.36,0.2525,58489.53,26MAR27,70000,,P,BTC-26MAR27-70000-P,,
0.0565,0.058,0.0,0.05720247,1782831723072,0.0,42.58,60707.63,BTC-25JUN27,58461.36,0.05725,58489.53,25JUN27,86000,,C,BTC-25JUN27-86000-C,,
0.1985,0.2585,0.4,0.23144512,1782831723072,0.0,69.67,58471.92,BTC-3JUL26,58461.36,0.2285,58489.53,3JUL26,72000,,P,BTC-3JUL26-72000-P,,
0.0002,0.0004,0.0,0.00029058,1782831723072,0.0,48.8,58465.94,index_price,58461.36,0.0003,58489.53,4JUL26,65000,,C,BTC-4JUL26-65000-C,,
0.4605,0.4785,15.2,0.46783142,1782831723072,0.0,49.97,58604.41,BTC-31JUL26,58461.36,0.4695,58489.53,31JUL26,86000,,P,BTC-31JUL26-86000-P,,
0.0435,0.1125,0.0,0.07741375,1782831723072,0.0,71.66,58461.36,index_price,58461.36,0.078,58489.53,2JUL26,54000,,C,BTC-2JUL26-54000-C,,
0.0036,0.0041,272.3,0.00391514,1782831723072,364.1,58.0,58461.36,index_price,58461.36,0.00385,58489.53,1JUL26,57500,,P,BTC-1JUL26-57500-P,,
0.122,0.124,36.0,0.12282419,1782831723072,0.3,43.63,60076.78,BTC-26MAR27,58461.36,0.123,58489.53,26MAR27,64000,,C,BTC-26MAR27-64000-C,,
0.3925,0.4065,157.7,0.39960433,1782831723072,0.0,40.81,59508.5,BTC-25DEC26,58461.36,0.3995,58489.53,25DEC26,82000,,P,BTC-25DEC26-82000-P,,
0.0023,0.0028,226.6,0.00251751,1782831723072,78.3,39.09,58748.83,BTC-28AUG26,58461.36,0.00255,58489.53,28AUG26,78000,,C,BTC-28AUG26-78000-C,,
0.1335,0.1875,3.0,0.16311567,1782831723072,0.0,40.12,58540.12,BTC-17JUL26,58461.36,0.1605,58489.53,17JUL26,68000,,P,BTC-17JUL26-68000-P,,
0.517,0.5325,590.5,0.52426841,1782831723072,0.0,41.26,59508.5,BTC-25DEC26,58461.36,0.52475,58489.53,25DEC26,90000,,P,BTC-25DEC26-90000-P,,
0.0001,0.0003,74.2,0.00017778,1782831723072,0.1,59.86,58604.41,BTC-31JUL26,58461.36,0.0002,58489.53,31JUL26,95000,,C,BTC-31JUL26-95000-C,,
0.0005,0.0008,45.3,0.00057273,1782831723072,0.0,46.04,58744.9,BTC-28AUG26,58461.36,0.00065,58489.53,28AUG26,92000,,C,BTC-28AUG26-92000-C,,
0.2455,0.248,20.5,0.24630051,1782831723072,0.0,47.5,60076.78,BTC-26MAR27,58461.36,0.24675,58489.53,26MAR27,50000,,C,BTC-26MAR27-50000-C,,
0.327,0.34,433.6,0.33173305,1782831723072,0.0,44.05,58604.41,BTC-31JUL26,58461.36,0.3335,58489.53,31JUL26,78000,,P,BTC-31JUL26-78000-P,,
0.0025,0.003,513.3,0.00278357,1782831723072,192.2,64.0,58507.61,BTC-10JUL26,58461.36,0.00275,58489.53,10JUL26,50000,,P,BTC-10JUL26-50000-P,,
0.313,0.3675,0.0,0.34702738,1782831723072,0.0,39.52,58748.83,BTC-28AUG26,58461.36,0.34025,58489.53,28AUG26,79000,,P,BTC-28AUG26-79000-P,,
0.0065,0.007,12.3,0.00669889,1782831723072,12.3,54.81,58465.94,index_price,58461.36,0.00675,58489.53,4JUL26,56000,,P,BTC-4JUL26-56000-P,,
1.2305,1.417,0.0,1.31433546,1782831723072,0.0,45.11,60703.05,BTC-25JUN27,58461.36,1.32375,58489.53,25JUN27,140000,,P,BTC-25JUN27-140000-P,,
0.015,0.016,23.7,0.01557429,1782831723072,30.3,48.35,58465.94,index_price,58461.36,0.0155,58489.53,4JUL26,58000,,P,BTC-4JUL26-58000-P,,
1.922,2.139,0.0,2.02550928,1782831723072,0.0,58.56,59508.5,BTC-25DEC26,58461.36,2.0305,58489.53,25DEC26,180000,,P,BTC-25DEC26-180000-P,,
0.4645,0.549,0.0,0.49881785,1782831723072,0.0,43.74,58744.9,BTC-28AUG26,58461.36,0.50675,58489.53,28AUG26,88000,,P,BTC-28AUG26-88000-P,,
0.632,0.685,0.1,0.67257128,1782831723072,0.0,63.24,58604.41,BTC-31JUL26,58461.36,0.6585,58489.53,31JUL26,98000,,P,BTC-31JUL26-98000-P,,
0.016,0.017,274.3,0.01640891,1782831723072,9.0,47.75,58544.05,BTC-17JUL26,58461.36,0.0165,58489.53,17JUL26,55000,,P,BTC-17JUL26-55000-P,,
0.013,0.082,0.0,0.04361569,1782831723072,0.0,51.46,58461.36,index_price,58461.36,0.0475,58489.53,1JUL26,61000,,P,BTC-1JUL26-61000-P,,
0.593,0.6465,0.0,0.63468769,1782831723072,0.0,48.49,58748.83,BTC-28AUG26,58461.36,0.61975,58489.53,28AUG26,96000,,P,BTC-28AUG26-96000-P,,
0.0505,0.0585,219.9,0.05354941,1782831723072,0.9,40.89,58507.61,BTC-10JUL26,58461.36,0.0545,58489.53,10JUL26,61000,,P,BTC-10JUL26-61000-P,,
0.0007,0.0012,140.0,0.00089934,1782831723072,0.5,42.46,58744.9,BTC-28AUG26,58461.36,0.00095,58489.53,28AUG26,86000,,C,BTC-28AUG26-86000-C,,
0.0885,0.0905,12.2,0.08955014,1782831723072,2.5,42.99,60707.63,BTC-25JUN27,58461.36,0.0895,58489.53,25JUN27,76000,,C,BTC-25JUN27-76000-C,,
0.0145,0.0155,2222.4,0.01495941,1782831723072,1.2,59.51,59512.43,BTC-25DEC26,58461.36,0.015,58489.53,25DEC26,35000,,P,BTC-25DEC26-35000-P,,
0.276,0.289,227.5,0.28098712,1782831723072,0.0,42.02,58604.41,BTC-31JUL26,58461.36,0.2825,58489.53,31JUL26,75000,,P,BTC-31JUL26-75000-P,,
1.458,1.6385,0.7,1.54461129,1782831723072,0.0,64.5,58957.23,BTC-25SEP26,58461.36,1.54825,58489.53,25SEP26,150000,,P,BTC-25SEP26-150000-P,,
0.0205,0.0215,321.0,0.02077141,1782831723072,119.9,46.32,58544.05,BTC-17JUL26,58461.36,0.021,58489.53,17JUL26,56000,,P,BTC-17JUL26-56000-P,,
0.082,0.0835,26.1,0.08270516,1782831723072,10.2,42.45,58748.83,BTC-28AUG26,58461.36,0.08275,58489.53,28AUG26,57000,,C,BTC-28AUG26-57000-C,,
,0.0001,0.3,1.25e-06,1782831723072,0.0,54.53,58461.36,index_price,58461.36,,58489.53,2JUL26,67000,,C,BTC-2JUL26-67000-C,,
0.078,0.0795,2075.6,0.07856881,1782831723072,0.7,47.5,60076.78,BTC-26MAR27,58461.36,0.07875,58489.53,26MAR27,50000,,P,BTC-26MAR27-50000-P,,
0.0008,0.001,1324.7,0.00090551,1782831723072,130.9,76.08,58471.92,BTC-3JUL26,58461.36,0.0009,58489.53,3JUL26,52000,,P,BTC-3JUL26-52000-P,,
,0.0001,2.7,2e-08,1782831723072,0.0,61.78,58461.36,index_price,58461.36,,58489.53,1JUL26,66000,,C,BTC-1JUL26-66000-C,,
0.0018,0.002,878.5,0.00177369,1782831723072,0.0,54.3,60076.78,BTC-26MAR27,58461.36,0.0019,58489.53,26MAR27,190000,,C,BTC-26MAR27-190000-C,,
0.293,0.306,457.7,0.29780219,1782831723072,0.0,42.22,58600.48,BTC-31JUL26,58461.36,0.2995,58489.53,31JUL26,76000,,P,BTC-31JUL26-76000-P,,
0.0034,0.004,2651.8,0.00368095,1782831723072,0.0,44.35,59512.43,BTC-25DEC26,58461.36,0.0037,58489.53,25DEC26,110000,,C,BTC-25DEC26-110000-C,,
0.0575,0.135,0.0,0.09474386,1782831723072,0.0,52.82,58461.36,index_price,58461.36,0.09625,58489.53,2JUL26,64000,,P,BTC-2JUL26-64000-P,,
0.0155,0.016,674.9,0.01565452,1782831723072,43.4,50.92,58744.9,BTC-28AUG26,58461.36,0.01575,58489.53,28AUG26,48000,,P,BTC-28AUG26-48000-P,,
0.0001,0.0004,507.0,0.00017784,1782831723072,0.0,69.63,58604.41,BTC-31JUL26,58461.36,0.00025,58489.53,31JUL26,104000,,C,BTC-31JUL26-104000-C,,
0.4795,0.5065,4.8,0.49485267,1782831723072,0.0,41.31,58957.23,BTC-25SEP26,58461.36,0.493,58489.53,25SEP26,88000,,P,BTC-25SEP26-88000-P,,
0.0255,0.0285,33.3,0.02665315,1782831723072,91.3,47.13,58471.92,BTC-3JUL26,58461.36,0.027,58489.53,3JUL26,59500,,P,BTC-3JUL26-59500-P,,
0.1175,0.185,0.0,0.15104872,1782831723072,0.0,56.91,58540.12,BTC-17JUL26,58461.36,0.15125,58489.53,17JUL26,50000,,C,BTC-17JUL26-50000-C,,
0.072,0.117,0.0,0.07757457,1782831723072,0.0,61.62,58461.36,index_price,58461.36,0.0945,58489.53,1JUL26,63000,,P,BTC-1JUL26-63000-P,,
0.0001,0.0002,356.8,0.00017473,1782831723072,151.5,55.47,58461.36,index_price,58461.36,0.00015,58489.53,1JUL26,61500,,C,BTC-1JUL26-61500-C,,
0.2725,0.4055,19.6,0.32763478,1782831723072,0.0,42.14,60076.78,BTC-26MAR27,58461.36,0.339,58489.53,26MAR27,76000,,P,BTC-26MAR27-76000-P,,
0.008,0.009,953.8,0.00847627,1782831723072,10.0,38.34,58953.3,BTC-25SEP26,58461.36,0.0085,58489.53,25SEP26,76000,,C,BTC-25SEP26-76000-C,,
0.0005,0.0008,1447.9,0.00059721,1782831723072,0.0,50.45,58957.23,BTC-25SEP26,58461.36,0.00065,58489.53,25SEP26,110000,,C,BTC-25SEP26-110000-C,,
0.021,0.0225,267.0,0.02164413,1782831723072,1.6,40.81,59508.5,BTC-25DEC26,58461.36,0.02175,58489.53,25DEC26,82000,,C,BTC-25DEC26-82000-C,,
0.0002,0.0004,1906.3,0.00037686,1782831723072,37.8,51.97,58467.34,BTC-3JUL26,58461.36,0.0003,58489.53,3JUL26,64000,,C,BTC-3JUL26-64000-C,,
0.163,0.2115,0.0,0.19659858,1782831723072,0.0,41.79,58540.12,BTC-17JUL26,58461.36,0.18725,58489.53,17JUL26,70000,,P,BTC-17JUL26-70000-P,,
0.0525,0.054,3193.4,0.05313964,1782831723072,412.9,43.93,58957.23,BTC-25SEP26,58461.36,0.05325,58489.53,25SEP26,55000,,P,BTC-25SEP26-55000-P,,
1.1105,1.272,52.1,1.18646381,1782831723072,0.0,48.95,59512.43,BTC-25DEC26,58461.36,1.19125,58489.53,25DEC26,130000,,P,BTC-25DEC26-130000-P,,
0.004,0.0045,604.1,0.00426876,1782831723072,829.1,45.73,58467.34,BTC-3JUL26,58461.36,0.00425,58489.53,3JUL26,60500,,C,BTC-3JUL26-60500-C,,
0.0046,0.0048,236.6,0.00450361,1782831723072,0.3,43.65,59508.5,BTC-25DEC26,58461.36,0.0047,58489.53,25DEC26,106000,,C,BTC-25DEC26-106000-C,,
0.504,0.506,268.4,0.50488667,1782831723072,0.0,64.94,59512.43,BTC-25DEC26,58461.36,0.505,58489.53,25DEC26,30000,,C,BTC-25DEC26-30000-C,,
0.14,0.1545,13.5,0.1457641,1782831723072,0.0,42.42,58512.19,BTC-10JUL26,58461.36,0.14725,58489.53,10JUL26,67000,,P,BTC-10JUL26-67000-P,,
0.0005,0.001,922.5,0.0007186,1782831723072,0.0,58.56,59512.43,BTC-25DEC26,58461.36,0.00075,58489.53,25DEC26,180000,,C,BTC-25DEC26-180000-C,,
0.1615,0.1725,426.4,0.16557908,1782831723072,0.0,38.58,58604.41,BTC-31JUL26,58461.36,0.167,58489.53,31JUL26,68000,,P,BTC-31JUL26-68000-P,,
0.2605,0.275,110.7,0.26646862,1782831723072,0.0,38.25,58953.3,BTC-25SEP26,58461.36,0.26775,58489.53,25SEP26,74000,,P,BTC-25SEP26-74000-P,,
0.7405,0.8465,0.1,0.78576923,1782831723072,0.0,43.65,59508.5,BTC-25DEC26,58461.36,0.7935,58489.53,25DEC26,106000,,P,BTC-25DEC26-106000-P,,
0.42,0.461,0.3,0.43110493,1782831723072,0.0,41.68,58744.9,BTC-28AUG26,58461.36,0.4405,58489.53,28AUG26,84000,,P,BTC-28AUG26-84000-P,,
0.454,0.564,4.4,0.49668639,1782831723072,0.0,41.92,60081.36,BTC-26MAR27,58461.36,0.509,58489.53,26MAR27,88000,,P,BTC-26MAR27-88000-P,,
0.0001,0.0004,162.4,0.00017771,1782831723072,0.0,52.69,58600.48,BTC-31JUL26,58461.36,0.00025,58489.53,31JUL26,89000,,C,BTC-31JUL26-89000-C,,
0.037,0.038,298.1,0.03720277,1782831723073,29.0,43.54,58604.41,BTC-31JUL26,58461.36,0.0375,58489.53,31JUL26,57000,,P,BTC-31JUL26-57000-P,,
0.1415,0.1445,678.5,0.14250743,1782831723073,21.0,42.53,59512.43,BTC-25DEC26,58461.36,0.143,58489.53,25DEC26,62000,,P,BTC-25DEC26-62000-P,,
0.25,0.256,153.4,0.25355553,1782831723073,0.0,52.73,58957.23,BTC-25SEP26,58461.36,0.253,58489.53,25SEP26,45000,,C,BTC-25SEP26-45000-C,,
0.0925,0.164,0.5,0.1279142,1782831723073,0.0,49.46,58604.41,BTC-31JUL26,58461.36,0.12825,58489.53,31JUL26,52000,,C,BTC-31JUL26-52000-C,,
0.013,0.067,0.0,0.03076477,1782831723073,0.0,55.78,58461.36,index_price,58461.36,0.04,58489.53,2JUL26,57000,,C,BTC-2JUL26-57000-C,,
0.0105,0.011,292.2,0.01103035,1782831723073,31.1,40.89,58507.61,BTC-10JUL26,58461.36,0.01075,58489.53,10JUL26,61000,,C,BTC-10JUL26-61000-C,,
0.0015,0.0018,471.5,0.00151543,1782831723073,0.0,55.28,60076.78,BTC-26MAR27,58461.36,0.00165,58489.53,26MAR27,200000,,C,BTC-26MAR27-200000-C,,
0.6265,0.651,0.1,0.63844079,1782831723073,0.0,61.01,58604.41,BTC-31JUL26,58461.36,0.63875,58489.53,31JUL26,96000,,P,BTC-31JUL26-96000-P,,
,0.0001,103.3,2.496e-05,1782831723073,51.6,61.62,58461.36,index_price,58461.36,,58489.53,1JUL26,63000,,C,BTC-1JUL26-63000-C,,
0.01,0.0105,72.8,0.0102704,1782831723073,100.5,51.11,58461.36,index_price,58461.36,0.01025,58489.53,2JUL26,58000,,P,BTC-2JUL26-58000-P,,
0.1905,0.206,18.2,0.19725516,1782831723073,0.0,68.66,58467.34,BTC-3JUL26,58461.36,0.19825,58489.53,3JUL26,70000,,P,BTC-3JUL26-70000-P,,
1.273,1.445,0.2,1.35414392,1782831723073,0.0,51.34,59512.43,BTC-25DEC26,58461.36,1.359,58489.53,25DEC26,140000,,P,BTC-25DEC26-140000-P,,
1.0485,1.2,22.7,1.12075882,1782831723073,0.0,57.09,58957.23,BTC-25SEP26,58461.36,1.12425,58489.53,25SEP26,125000,,P,BTC-25SEP26-125000-P,,
0.0165,0.0245,136.0,0.02005988,1782831723073,181.8,47.56,58461.36,index_price,58461.36,0.0205,58489.53,1JUL26,59500,,P,BTC-1JUL26-59500-P,,
0.53,0.588,1.0,0.56670905,1782831723073,0.0,46.04,58748.83,BTC-28AUG26,58461.36,0.559,58489.53,28AUG26,92000,,P,BTC-28AUG26-92000-P,,
0.012,0.013,24.0,0.0126331,1782831723073,24.0,49.82,58465.94,index_price,58461.36,0.0125,58489.53,4JUL26,57500,,P,BTC-4JUL26-57500-P,,
0.6505,0.776,0.0,0.71338571,1782831723073,0.0,42.64,60076.78,BTC-26MAR27,58461.36,0.71325,58489.53,26MAR27,102000,,P,BTC-26MAR27-102000-P,,
0.275,0.2885,27.8,0.2808256,1782831723073,0.0,38.24,58744.9,BTC-28AUG26,58461.36,0.28175,58489.53,28AUG26,75000,,P,BTC-28AUG26-75000-P,,
0.0205,0.0215,114.0,0.0210059,1782831723073,0.9,42.29,60076.78,BTC-26MAR27,58461.36,0.021,58489.53,26MAR27,96000,,C,BTC-26MAR27-96000-C,,
0.649,0.6765,0.1,0.66346797,1782831723073,0.0,45.82,58957.23,BTC-25SEP26,58461.36,0.66275,58489.53,25SEP26,98000,,P,BTC-25SEP26-98000-P,,
0.3265,0.334,32.4,0.33096604,1782831723073,0.0,58.73,58957.23,BTC-25SEP26,58461.36,0.33025,58489.53,25SEP26,40000,,C,BTC-25SEP26-40000-C,,
0.0027,0.0033,89.5,0.00294178,1782831723073,1.3,38.77,58744.9,BTC-28AUG26,58461.36,0.003,58489.53,28AUG26,77000,,C,BTC-28AUG26-77000-C,,
0.672,0.7435,0.0,0.67905865,1782831723073,0.0,42.8,60707.63,BTC-25JUN27,58461.36,0.70775,58489.53,25JUN27,100000,,P,BTC-25JUN27-100000-P,,
0.0001,0.0004,331.6,0.00021018,1782831723073,0.0,66.47,58953.3,BTC-25SEP26,58461.36,0.00025,58489.53,25SEP26,155000,,C,BTC-25SEP26-155000-C,,
0.007,0.008,23.6,0.00775928,1782831723073,23.6,43.85,58465.94,index_price,58461.36,0.0075,58489.53,4JUL26,60000,,C,BTC-4JUL26-60000-C,,
0.0042,0.0047,607.2,0.00440131,1782831723073,465.9,60.36,58604.41,BTC-31JUL26,58461.36,0.00445,58489.53,31JUL26,45000,,P,BTC-31JUL26-45000-P,,
0.3555,0.4085,0.0,0.39736369,1782831723073,0.0,40.73,58744.9,BTC-28AUG26,58461.36,0.382,58489.53,28AUG26,82000,,P,BTC-28AUG26-82000-P,,
0.0007,0.0009,9.1,0.00084902,1782831723073,9.1,43.69,58465.94,index_price,58461.36,0.0008,58489.53,4JUL26,63000,,C,BTC-4JUL26-63000-C,,
0.175,0.186,654.8,0.17925476,1782831723073,10.0,38.45,58957.23,BTC-25SEP26,58461.36,0.1805,58489.53,25SEP26,68000,,P,BTC-25SEP26-68000-P,,
0.227,0.238,1046.8,0.23128026,1782831723073,0.7,41.05,59512.43,BTC-25DEC26,58461.36,0.2325,58489.53,25DEC26,70000,,P,BTC-25DEC26-70000-P,,
0.0019,0.0024,626.3,0.00213103,1782831723073,0.0,47.67,59512.43,BTC-25DEC26,58461.36,0.00215,58489.53,25DEC26,125000,,C,BTC-25DEC26-125000-C,,
0.0215,0.023,142.4,0.02209353,1782831723073,2.3,42.23,60081.36,BTC-26MAR27,58461.36,0.02225,58489.53,26MAR27,95000,,C,BTC-26MAR27-95000-C,,
0.0485,0.05,432.3,0.0490697,1782831723073,405.8,52.17,60707.63,BTC-25JUN27,58461.36,0.04925,58489.53,25JUN27,40000,,P,BTC-25JUN27-40000-P,,
0.054,0.056,1018.2,0.05497278,1782831723073,0.9,41.05,59512.43,BTC-25DEC26,58461.36,0.055,58489.53,25DEC26,70000,,C,BTC-25DEC26-70000-C,,
0.0004,0.0008,431.9,0.00056847,1782831723073,22.1,44.96,58604.41,BTC-31JUL26,58461.36,0.0006,58489.53,31JUL26,79000,,C,BTC-31JUL26-79000-C,,
0.0085,0.0095,1790.9,0.00901651,1782831723073,0.6,64.94,59508.5,BTC-25DEC26,58461.36,0.009,58489.53,25DEC26,30000,,P,BTC-25DEC26-30000-P,,
0.0002,0.0004,1182.0,0.00021903,1782831723073,0.0,60.54,58957.23,BTC-25SEP26,58461.36,0.0003,58489.53,25SEP26,140000,,C,BTC-25SEP26-140000-C,,
0.579,0.6775,20.0,0.60390665,1782831723073,0.0,42.66,60707.63,BTC-25JUN27,58461.36,0.62825,58489.53,25JUN27,95000,,P,BTC-25JUN27-95000-P,,
0.006,0.0065,3680.9,0.00611775,1782831723073,23.1,42.44,59508.5,BTC-25DEC26,58461.36,0.00625,58489.53,25DEC26,100000,,C,BTC-25DEC26-100000-C,,
0.0026,0.003,342.6,0.00289127,1782831723073,152.9,45.73,58467.34,BTC-3JUL26,58461.36,0.0028,58489.53,3JUL26,61000,,C,BTC-3JUL26-61000-C,,
0.366,0.488,0.1,0.41915401,1782831723073,0.0,42.68,60707.63,BTC-25JUN27,58461.36,0.427,58489.53,25JUN27,82000,,P,BTC-25JUN27-82000-P,,
1.9495,2.1655,7.3,2.0534083,1782831723073,0.0,72.31,58957.23,BTC-25SEP26,58461.36,2.0575,58489.53,25SEP26,180000,,P,BTC-25SEP26-180000-P,,
0.259,0.272,130.7,0.26408307,1782831723073,0.5,41.01,58600.48,BTC-31JUL26,58461.36,0.2655,58489.53,31JUL26,74000,,P,BTC-31JUL26-74000-P,,
0.409,0.4795,22.2,0.45082934,1782831723073,0.0,49.97,58604.41,BTC-31JUL26,58461.36,0.44425,58489.53,31JUL26,85000,,P,BTC-31JUL26-85000-P,,
0.0006,0.0008,1515.9,0.00070218,1782831723073,31.4,42.42,58507.61,BTC-10JUL26,58461.36,0.0007,58489.53,10JUL26,67000,,C,BTC-10JUL26-67000-C,,
0.167,0.17,247.3,0.16864299,1782831723073,3.1,44.0,60076.78,BTC-26MAR27,58461.36,0.1685,58489.53,26MAR27,62000,,P,BTC-26MAR27-62000-P,,
0.717,0.77,0.4,0.73107167,1782831723073,0.0,47.32,58957.23,BTC-25SEP26,58461.36,0.7435,58489.53,25SEP26,102000,,P,BTC-25SEP26-102000-P,,
0.016,0.017,42.5,0.01679528,1782831723073,42.5,49.67,58471.92,BTC-3JUL26,58461.36,0.0165,58489.53,3JUL26,58500,,C,BTC-3JUL26-58500-C,,
0.063,0.064,411.5,0.06361795,1782831723073,323.2,41.07,58744.9,BTC-28AUG26,58461.36,0.0635,58489.53,28AUG26,59000,,C,BTC-28AUG26-59000-C,,
0.0045,0.005,841.5,0.00484739,1782831723073,0.4,43.63,59512.43,BTC-25DEC26,58461.36,0.00475,58489.53,25DEC26,105000,,C,BTC-25DEC26-105000-C,,
0.1065,0.109,1188.9,0.10758151,1782831723073,1.2,43.77,59512.43,BTC-25DEC26,58461.36,0.10775,58489.53,25DEC26,58000,,P,BTC-25DEC26-58000-P,,
0.3435,0.354,173.5,0.34872239,1782831723073,0.0,44.96,58604.41,BTC-31JUL26,58461.36,0.34875,58489.53,31JUL26,79000,,P,BTC-31JUL26-79000-P,,
0.0005,0.0007,149.4,0.00061725,1782831723073,51.8,77.19,58461.36,index_price,58461.36,0.0006,58489.53,2JUL26,53000,,P,BTC-2JUL26-53000-P,,
1.3765,1.551,0.2,1.45979796,1782831723073,0.0,62.45,58953.3,BTC-25SEP26,58461.36,1.46375,58489.53,25SEP26,145000,,P,BTC-25SEP26-145000-P,,
0.067,0.145,0.0,0.099792,1782831723073,0.0,39.31,58540.12,BTC-17JUL26,58461.36,0.106,58489.53,17JUL26,64000,,P,BTC-17JUL26-64000-P,,
0.0002,0.0004,122.0,0.00028334,1782831723073,66.9,48.54,58461.36,index_price,58461.36,0.0003,58489.53,2JUL26,62500,,C,BTC-2JUL26-62500-C,,
0.0046,0.005,341.4,0.00474342,1782831723073,72.6,58.75,58507.61,BTC-10JUL26,58461.36,0.0048,58489.53,10JUL26,52000,,P,BTC-10JUL26-52000-P,,
0.0235,0.025,277.6,0.02445041,1782831723073,43.8,43.52,58507.61,BTC-10JUL26,58461.36,0.02425,58489.53,10JUL26,59000,,C,BTC-10JUL26-59000-C,,
0.0415,0.119,0.0,0.07825412,1782831723073,0.0,43.69,58465.94,index_price,58461.36,0.08025,58489.53,4JUL26,63000,,P,BTC-4JUL26-63000-P,,
,0.0001,1376.2,2.111e-05,1782831723073,28.3,68.66,58467.34,BTC-3JUL26,58461.36,,58489.53,3JUL26,70000,,C,BTC-3JUL26-70000-C,,
0.0265,0.098,0.1,0.06275484,1782831723073,0.0,63.1,58471.92,BTC-3JUL26,58461.36,0.06225,58489.53,3JUL26,55000,,C,BTC-3JUL26-55000-C,,
0.0041,0.0045,650.0,0.00441481,1782831723073,64.7,40.19,58507.61,BTC-10JUL26,58461.36,0.0043,58489.53,10JUL26,63000,,C,BTC-10JUL26-63000-C,,
0.7435,0.8115,0.0,0.78768297,1782831723073,0.0,52.49,58748.83,BTC-28AUG26,58461.36,0.7775,58489.53,28AUG26,105000,,P,BTC-28AUG26-105000-P,,
0.014,0.015,2341.0,0.01433395,1782831723073,42.9,49.06,58512.19,BTC-10JUL26,58461.36,0.0145,58489.53,10JUL26,56000,,P,BTC-10JUL26-56000-P,,
0.5355,0.6565,5.2,0.58858616,1782831723073,0.0,41.65,59512.43,BTC-25DEC26,58461.36,0.596,58489.53,25DEC26,94000,,P,BTC-25DEC26-94000-P,,
0.13,0.1415,470.4,0.13499403,1782831723073,0.0,38.48,58604.41,BTC-31JUL26,58461.36,0.13575,58489.53,31JUL26,66000,,P,BTC-31JUL26-66000-P,,
0.0003,0.0007,254.5,0.00046208,1782831723073,0.0,64.65,59508.5,BTC-25DEC26,58461.36,0.0005,58489.53,25DEC26,220000,,C,BTC-25DEC26-220000-C,,
0.049,0.0505,979.4,0.04976723,1782831723073,0.9,41.93,60076.78,BTC-26MAR27,58461.36,0.04975,58489.53,26MAR27,80000,,C,BTC-26MAR27-80000-C,,
1.868,2.078,0.2,1.96863552,1782831723073,0.0,72.31,58957.23,BTC-25SEP26,58461.36,1.973,58489.53,25SEP26,175000,,P,BTC-25SEP26-175000-P,,
0.0007,0.001,1160.9,0.0008303,1782831723073,36.7,41.79,58540.12,BTC-17JUL26,58461.36,0.00085,58489.53,17JUL26,70000,,C,BTC-17JUL26-70000-C,,
0.139,0.1415,0.6,0.14026961,1782831723073,0.0,44.06,60703.05,BTC-25JUN27,58461.36,0.14025,58489.53,25JUN27,66000,,C,BTC-25JUN27-66000-C,,
0.0915,0.094,122.5,0.09251488,1782831723073,0.0,44.49,59512.43,BTC-25DEC26,58461.36,0.09275,58489.53,25DEC26,56000,,P,BTC-25DEC26-56000-P,,
0.0038,0.0044,1212.8,0.00408403,1782831723073,457.7,38.24,58748.83,BTC-28AUG26,58461.36,0.0041,58489.53,28AUG26,75000,,C,BTC-28AUG26-75000-C,,
0.276,0.29,2961.0,0.28192725,1782831723073,0.5,38.26,58957.23,BTC-25SEP26,58461.36,0.283,58489.53,25SEP26,75000,,P,BTC-25SEP26-75000-P,,
0.223,0.232,1.0,0.22751639,1782831723073,0.8,44.06,60703.05,BTC-25JUN27,58461.36,0.2275,58489.53,25JUN27,66000,,P,BTC-25JUN27-66000-P,,
0.0085,0.0095,110.4,0.00897325,1782831723073,0.0,41.65,59512.43,BTC-25DEC26,58461.36,0.009,58489.53,25DEC26,94000,,C,BTC-25DEC26-94000-C,,
0.0042,0.0046,316.4,0.0045225,1782831723073,13.2,39.29,58540.12,BTC-17JUL26,58461.36,0.0044,58489.53,17JUL26,65000,,C,BTC-17JUL26-65000-C,,
0.0013,0.0018,1440.8,0.00152895,1782831723073,400.4,51.34,59508.5,BTC-25DEC26,58461.36,0.00155,58489.53,25DEC26,140000,,C,BTC-25DEC26-140000-C,,
0.0635,0.0705,215.0,0.06659965,1782831723073,0.2,40.21,58507.61,BTC-10JUL26,58461.36,0.067,58489.53,10JUL26,62000,,P,BTC-10JUL26-62000-P,,
0.0065,0.007,936.4,0.00715026,1782831723073,14.5,38.06,58744.9,BTC-28AUG26,58461.36,0.00675,58489.53,28AUG26,72000,,C,BTC-28AUG26-72000-C,,
0.0017,0.0021,3048.1,0.00181337,1782831723073,125.9,42.1,58957.23,BTC-25SEP26,58461.36,0.0019,58489.53,25SEP26,90000,,C,BTC-25SEP26-90000-C,,
0.1085,0.1105,12.2,0.10938864,1782831723073,0.0,43.3,58957.23,BTC-25SEP26,58461.36,0.1095,58489.53,25SEP26,56000,,C,BTC-25SEP26-56000-C,,
0.3065,0.318,123.7,0.31146843,1782831723073,0.0,40.68,59512.43,BTC-25DEC26,58461.36,0.31225,58489.53,25DEC26,76000,,P,BTC-25DEC26-76000-P,,
0.0002,0.0006,1252.5,0.00025522,1782831723073,4.0,66.52,59512.43,BTC-25DEC26,58461.36,0.0004,58489.53,25DEC26,250000,,C,BTC-25DEC26-250000-C,,
0.059,0.0605,5.1,0.05977307,1782831723073,0.1,42.6,60703.05,BTC-25JUN27,58461.36,0.05975,58489.53,25JUN27,85000,,C,BTC-25JUN27-85000-C,,
0.069,0.0705,3.1,0.06973964,1782831723073,2.1,49.71,60707.63,BTC-25JUN27,58461.36,0.06975,58489.53,25JUN27,45000,,P,BTC-25JUN27-45000-P,,
0.056,0.0575,548.4,0.05678235,1782831723073,13.0,40.17,58953.3,BTC-25SEP26,58461.36,0.05675,58489.53,25SEP26,62000,,C,BTC-25SEP26-62000-C,,
0.0435,0.045,1062.4,0.0439614,1782831723073,174.9,42.5,58604.41,BTC-31JUL26,58461.36,0.04425,58489.53,31JUL26,58000,,P,BTC-31JUL26-58000-P,,
0.087,0.089,748.0,0.08811042,1782831723073,195.1,42.71,60076.78,BTC-26MAR27,58461.36,0.088,58489.53,26MAR27,70000,,C,BTC-26MAR27-70000-C,,
1.5475,1.6995,0.0,1.64089932,1782831723073,0.0,47.06,60703.05,BTC-25JUN27,58461.36,1.6235,58489.53,25JUN27,160000,,P,BTC-25JUN27-160000-P,,
0.006,0.007,1754.8,0.00668761,1782831723073,270.8,38.49,58600.48,BTC-31JUL26,58461.36,0.0065,58489.53,31JUL26,67000,,C,BTC-31JUL26-67000-C,,
0.019,0.02,1663.5,0.01955397,1782831723073,46.8,38.24,58957.23,BTC-25SEP26,58461.36,0.0195,58489.53,25SEP26,70000,,C,BTC-25SEP26-70000-C,,
0.032,0.033,109.2,0.03243789,1782831723073,6.8,42.3,58544.05,BTC-17JUL26,58461.36,0.0325,58489.53,17JUL26,59000,,C,BTC-17JUL26-59000-C,,
0.0011,0.0013,0.9,0.00129986,1782831723073,0.9,69.69,58465.94,index_price,58461.36,0.0012,58489.53,4JUL26,52000,,P,BTC-4JUL26-52000-P,,
0.0006,0.001,157.8,0.00077442,1782831723073,0.0,43.74,58744.9,BTC-28AUG26,58461.36,0.0008,58489.53,28AUG26,88000,,C,BTC-28AUG26-88000-C,,
0.0905,0.1695,0.0,0.12886152,1782831723073,0.0,61.78,58461.36,index_price,58461.36,0.13,58489.53,1JUL26,66000,,P,BTC-1JUL26-66000-P,,
0.394,0.4085,107.8,0.39968459,1782831723073,0.3,46.61,58604.41,BTC-31JUL26,58461.36,0.40125,58489.53,31JUL26,82000,,P,BTC-31JUL26-82000-P,,
3.2605,3.5695,0.0,3.41030553,1782831723073,0.0,78.83,58957.23,BTC-25SEP26,58461.36,3.415,58489.53,25SEP26,260000,,P,BTC-25SEP26-260000-P,,
0.0405,0.0415,346.1,0.04089076,1782831723073,4.1,44.01,58748.83,BTC-28AUG26,58461.36,0.041,58489.53,28AUG26,55000,,P,BTC-28AUG26-55000-P,,
0.304,0.3235,3.2,0.31372978,1782831723073,0.0,38.77,58744.9,BTC-28AUG26,58461.36,0.31375,58489.53,28AUG26,77000,,P,BTC-28AUG26-77000-P,,
0.037,0.0385,21.9,0.03764955,1782831723074,0.1,41.89,60076.78,BTC-26MAR27,58461.36,0.03775,58489.53,26MAR27,85000,,C,BTC-26MAR27-85000-C,,
0.005,0.006,23.1,0.00578224,1782831723074,9.7,46.22,58461.36,index_price,58461.36,0.0055,58489.53,2JUL26,59500,,C,BTC-2JUL26-59500-C,,
0.007,0.008,608.8,0.00744184,1782831723074,91.9,55.34,58600.48,BTC-31JUL26,58461.36,0.0075,58489.53,31JUL26,48000,,P,BTC-31JUL26-48000-P,,
0.0033,0.0036,1708.0,0.00343874,1782831723074,336.4,63.1,58471.92,BTC-3JUL26,58461.36,0.00345,58489.53,3JUL26,55000,,P,BTC-3JUL26-55000-P,,
0.0845,0.09,12.7,0.08771217,1782831723074,0.1,45.75,58604.41,BTC-31JUL26,58461.36,0.08725,58489.53,31JUL26,55000,,C,BTC-31JUL26-55000-C,,
0.13,0.162,22.4,0.14603069,1782831723074,0.0,62.62,58471.92,BTC-3JUL26,58461.36,0.146,58489.53,3JUL26,67000,,P,BTC-3JUL26-67000-P,,
0.3605,0.371,397.1,0.36568906,1782831723074,0.0,45.46,58604.41,BTC-31JUL26,58461.36,0.36575,58489.53,31JUL26,80000,,P,BTC-31JUL26-80000-P,,
0.054,0.0555,75.7,0.05441072,1782831723074,0.0,49.85,60076.78,BTC-26MAR27,58461.36,0.05475,58489.53,26MAR27,45000,,P,BTC-26MAR27-45000-P,,
0.843,0.863,54.1,0.85216414,1782831723074,0.0,44.35,59508.5,BTC-25DEC26,58461.36,0.853,58489.53,25DEC26,110000,,P,BTC-25DEC26-110000-P,,
,0.0001,14.4,3.2e-07,1782831723074,2.0,61.78,58461.36,index_price,58461.36,,58489.53,1JUL26,65000,,C,BTC-1JUL26-65000-C,,
0.2095,0.2215,109.8,0.21402106,1782831723074,0.0,39.32,58604.41,BTC-31JUL26,58461.36,0.2155,58489.53,31JUL26,71000,,P,BTC-31JUL26-71000-P,,
0.1525,0.1635,91.0,0.15811062,1782831723074,0.0,38.09,58744.9,BTC-28AUG26,58461.36,0.158,58489.53,28AUG26,67000,,P,BTC-28AUG26-67000-P,,
0.0895,0.0915,42.8,0.09040407,1782831723074,2.0,46.75,60076.78,BTC-26MAR27,58461.36,0.0905,58489.53,26MAR27,52000,,P,BTC-26MAR27-52000-P,,
0.9125,1.035,3.4,0.96260774,1782831723074,0.0,76.63,58604.41,BTC-31JUL26,58461.36,0.97375,58489.53,31JUL26,115000,,P,BTC-31JUL26-115000-P,,
0.0006,0.0008,154.5,0.00068096,1782831723074,130.9,45.29,58461.36,index_price,58461.36,0.0007,58489.53,2JUL26,61500,,C,BTC-2JUL26-61500-C,,
0.1695,0.1785,540.4,0.1731675,1782831723074,0.0,41.89,59508.5,BTC-25DEC26,58461.36,0.174,58489.53,25DEC26,65000,,P,BTC-25DEC26-65000-P,,
0.0002,0.0004,1233.2,0.00030867,1782831723074,0.5,47.62,58604.41,BTC-31JUL26,58461.36,0.0003,58489.53,31JUL26,83000,,C,BTC-31JUL26-83000-C,,
0.0036,0.0041,852.9,0.00388852,1782831723074,4.9,38.58,58604.41,BTC-31JUL26,58461.36,0.00385,58489.53,31JUL26,69000,,C,BTC-31JUL26-69000-C,,
0.01,0.012,18.6,0.01094339,1782831723074,4.1,44.5,60707.63,BTC-25JUN27,58461.36,0.011,58489.53,25JUN27,130000,,C,BTC-25JUN27-130000-C,,
0.103,0.112,113.0,0.10726115,1782831723074,8.3,39.06,58744.9,BTC-28AUG26,58461.36,0.1075,58489.53,28AUG26,63000,,P,BTC-28AUG26-63000-P,,
0.8585,0.8855,0.0,0.87276427,1782831723074,0.0,55.33,58744.9,BTC-28AUG26,58461.36,0.872,58489.53,28AUG26,110000,,P,BTC-28AUG26-110000-P,,
0.3495,0.3535,250.8,0.35169888,1782831723074,187.5,54.73,59512.43,BTC-25DEC26,58461.36,0.3515,58489.53,25DEC26,40000,,C,BTC-25DEC26-40000-C,,
0.169,0.172,311.2,0.17049144,1782831723074,0.0,45.13,60703.05,BTC-25JUN27,58461.36,0.1705,58489.53,25JUN27,60000,,P,BTC-25JUN27-60000-P,,
0.0014,0.0017,626.1,0.0015122,1782831723074,591.7,40.12,58540.12,BTC-17JUL26,58461.36,0.00155,58489.53,17JUL26,68000,,C,BTC-17JUL26-68000-C,,
1.0295,1.1855,8.4,1.10268012,1782831723074,0.0,47.67,59512.43,BTC-25DEC26,58461.36,1.1075,58489.53,25DEC26,125000,,P,BTC-25DEC26-125000-P,,
1.1915,1.3585,0.6,1.27024817,1782831723074,0.0,50.02,59512.43,BTC-25DEC26,58461.36,1.275,58489.53,25DEC26,135000,,P,BTC-25DEC26-135000-P,,
0.079,0.1465,0.0,0.11201311,1782831723074,0.0,69.69,58465.94,index_price,58461.36,0.11275,58489.53,4JUL26,52000,,C,BTC-4JUL26-52000-C,,
0.0009,0.0011,57.8,0.00104082,1782831723074,16.5,71.66,58461.36,index_price,58461.36,0.001,58489.53,2JUL26,54000,,P,BTC-2JUL26-54000-P,,
0.0013,0.0475,0.0,0.02043732,1782831723074,0.0,58.0,58461.36,index_price,58461.36,0.0244,58489.53,1JUL26,57500,,C,BTC-1JUL26-57500-C,,
0.013,0.014,158.1,0.01351156,1782831723074,0.0,42.87,60076.78,BTC-26MAR27,58461.36,0.0135,58489.53,26MAR27,105000,,C,BTC-26MAR27-105000-C,,
0.074,0.152,0.0,0.11175786,1782831723074,0.0,61.78,58461.36,index_price,58461.36,0.113,58489.53,1JUL26,65000,,P,BTC-1JUL26-65000-P,,
0.0235,0.032,40.4,0.02735535,1782831723074,12.4,47.76,58461.36,index_price,58461.36,0.02775,58489.53,1JUL26,60000,,P,BTC-1JUL26-60000-P,,
0.619,0.75,12.1,0.68169587,1782831723074,0.1,42.51,60081.36,BTC-26MAR27,58461.36,0.6845,58489.53,26MAR27,100000,,P,BTC-26MAR27-100000-P,,
0.0595,0.061,601.8,0.06012523,1782831723074,38.9,41.73,58748.83,BTC-28AUG26,58461.36,0.06025,58489.53,28AUG26,58000,,P,BTC-28AUG26-58000-P,,
0.19,0.206,0.7,0.19671895,1782831723074,0.0,49.15,58507.61,BTC-10JUL26,58461.36,0.198,58489.53,10JUL26,70000,,P,BTC-10JUL26-70000-P,,
0.0105,0.0115,1534.4,0.01119567,1782831723074,53.0,38.5,58604.41,BTC-31JUL26,58461.36,0.011,58489.53,31JUL26,65000,,C,BTC-31JUL26-65000-C,,
0.3405,0.3905,0.1,0.38053405,1782831723074,0.0,40.27,58744.9,BTC-28AUG26,58461.36,0.3655,58489.53,28AUG26,81000,,P,BTC-28AUG26-81000-P,,
0.6995,0.7175,99.5,0.70670177,1782831723074,0.0,65.42,58600.48,BTC-31JUL26,58461.36,0.7085,58489.53,31JUL26,100000,,P,BTC-31JUL26-100000-P,,
0.107,0.187,0.0,0.14598299,1782831723074,0.0,54.53,58461.36,index_price,58461.36,0.147,58489.53,2JUL26,67000,,P,BTC-2JUL26-67000-P,,
0.764,0.8225,0.0,0.80906646,1782831723074,0.0,70.59,58604.41,BTC-31JUL26,58461.36,0.79325,58489.53,31JUL26,106000,,P,BTC-31JUL26-106000-P,,
0.779,0.8955,1.8,0.84171785,1782831723074,0.0,43.25,60076.78,BTC-26MAR27,58461.36,0.83725,58489.53,26MAR27,110000,,P,BTC-26MAR27-110000-P,,
1.073,1.252,0.0,1.15249007,1782831723074,0.0,44.5,60707.63,BTC-25JUN27,58461.36,1.1625,58489.53,25JUN27,130000,,P,BTC-25JUN27-130000-P,,
0.022,0.0225,706.8,0.02200316,1782831723074,47.9,46.94,58604.41,BTC-31JUL26,58461.36,0.02225,58489.53,31JUL26,54000,,P,BTC-31JUL26-54000-P,,
0.224,0.2265,5.0,0.22484503,1782831723074,0.0,46.75,60076.78,BTC-26MAR27,58461.36,0.22525,58489.53,26MAR27,52000,,C,BTC-26MAR27-52000-C,,
0.5205,0.539,592.7,0.52845401,1782831723074,0.0,42.1,58957.23,BTC-25SEP26,58461.36,0.52975,58489.53,25SEP26,90000,,P,BTC-25SEP26-90000-P,,
0.0955,0.098,11.7,0.09657056,1782831723074,5.3,47.78,60707.63,BTC-25JUN27,58461.36,0.09675,58489.53,25JUN27,50000,,P,BTC-25JUN27-50000-P,,
4.244,4.624,0.1,4.42806075,1782831723074,0.0,85.42,58957.23,BTC-25SEP26,58461.36,4.434,58489.53,25SEP26,320000,,P,BTC-25SEP26-320000-P,,
0.0975,0.0995,37.8,0.09861901,1782831723074,0.0,42.99,60076.78,BTC-26MAR27,58461.36,0.0985,58489.53,26MAR27,68000,,C,BTC-26MAR27-68000-C,,
0.3775,0.3915,114.0,0.38271275,1782831723074,0.0,46.48,58604.41,BTC-31JUL26,58461.36,0.3845,58489.53,31JUL26,81000,,P,BTC-31JUL26-81000-P,,
0.0115,0.0125,359.1,0.01186518,1782831723074,3.6,53.33,58744.9,BTC-28AUG26,58461.36,0.012,58489.53,28AUG26,46000,,P,BTC-28AUG26-46000-P,,
0.014,0.0875,0.0,0.04710126,1782831723074,0.0,43.16,58465.94,index_price,58461.36,0.05075,58489.53,4JUL26,61000,,P,BTC-4JUL26-61000-P,,
0.0735,0.0755,2.4,0.07471503,1782831723074,0.3,42.75,60703.05,BTC-25JUN27,58461.36,0.0745,58489.53,25JUN27,80000,,C,BTC-25JUN27-80000-C,,
0.024,0.025,101.5,0.02455554,1782831723074,57.9,41.27,58544.05,BTC-17JUL26,58461.36,0.0245,58489.53,17JUL26,60000,,C,BTC-17JUL26-60000-C,,
0.0775,0.085,97.3,0.08111481,1782831723074,0.0,40.19,58507.61,BTC-10JUL26,58461.36,0.08125,58489.53,10JUL26,63000,,P,BTC-10JUL26-63000-P,,
0.493,0.513,2.1,0.50191877,1782831723074,0.0,51.43,58604.41,BTC-31JUL26,58461.36,0.503,58489.53,31JUL26,88000,,P,BTC-31JUL26-88000-P,,
0.0001,0.0003,59.0,0.00020971,1782831723074,0.0,54.62,58507.61,BTC-10JUL26,58461.36,0.0002,58489.53,10JUL26,73000,,C,BTC-10JUL26-73000-C,,
0.0035,0.0042,751.2,0.00389633,1782831723074,1.4,46.92,60076.78,BTC-26MAR27,58461.36,0.00385,58489.53,26MAR27,140000,,C,BTC-26MAR27-140000-C,,
0.1225,0.193,2.3,0.1575212,1782831723074,0.0,52.49,58604.41,BTC-31JUL26,58461.36,0.15775,58489.53,31JUL26,50000,,C,BTC-31JUL26-50000-C,,
0.0002,0.0003,64.3,0.00024133,1782831723074,51.1,52.1,58461.36,index_price,58461.36,0.00025,58489.53,2JUL26,63000,,C,BTC-2JUL26-63000-C,,
0.0013,0.0015,157.5,0.0013693,1782831723074,0.0,43.81,58957.23,BTC-25SEP26,58461.36,0.0014,58489.53,25SEP26,94000,,C,BTC-25SEP26-94000-C,,
0.0995,0.1015,149.4,0.10063707,1782831723074,18.0,42.53,59512.43,BTC-25DEC26,58461.36,0.1005,58489.53,25DEC26,62000,,C,BTC-25DEC26-62000-C,,
0.0675,0.069,20.4,0.06833226,1782831723074,0.0,42.68,60703.05,BTC-25JUN27,58461.36,0.06825,58489.53,25JUN27,82000,,C,BTC-25JUN27-82000-C,,
0.0205,0.022,41.8,0.02131299,1782831723074,9.0,43.12,60707.63,BTC-25JUN27,58461.36,0.02125,58489.53,25JUN27,110000,,C,BTC-25JUN27-110000-C,,
0.493,0.4945,99.2,0.49399694,1782831723074,0.0,73.42,58957.23,BTC-25SEP26,58461.36,0.49375,58489.53,25SEP26,30000,,C,BTC-25SEP26-30000-C,,
0.8285,0.857,0.0,0.84318787,1782831723074,0.0,72.14,58604.41,BTC-31JUL26,58461.36,0.84275,58489.53,31JUL26,108000,,P,BTC-31JUL26-108000-P,,
0.406,0.527,0.0,0.46001513,1782831723074,0.0,42.6,60703.05,BTC-25JUN27,58461.36,0.4665,58489.53,25JUN27,85000,,P,BTC-25JUN27-85000-P,,
0.0015,0.0018,1375.9,0.00153592,1782831723074,16.9,40.39,58604.41,BTC-31JUL26,58461.36,0.00165,58489.53,31JUL26,73000,,C,BTC-31JUL26-73000-C,,
0.011,0.0125,51.8,0.0117422,1782831723074,3.4,43.09,60081.36,BTC-26MAR27,58461.36,0.01175,58489.53,26MAR27,108000,,C,BTC-26MAR27-108000-C,,
0.0011,0.0015,502.4,0.00125535,1782831723074,5.4,41.01,58604.41,BTC-31JUL26,58461.36,0.0013,58489.53,31JUL26,74000,,C,BTC-31JUL26-74000-C,,
0.0075,0.0085,268.1,0.00796131,1782831723074,0.4,42.0,59512.43,BTC-25DEC26,58461.36,0.008,58489.53,25DEC26,96000,,C,BTC-25DEC26-96000-C,,
0.0001,0.0004,352.2,0.00021008,1782831723074,0.1,71.98,58953.3,BTC-25SEP26,58461.36,0.00025,58489.53,25SEP26,170000,,C,BTC-25SEP26-170000-C,,
0.1255,0.131,73.5,0.12896627,1782831723074,0.0,58.61,58471.92,BTC-3JUL26,58461.36,0.12825,58489.53,3JUL26,66000,,P,BTC-3JUL26-66000-P,,
0.115,0.117,716.8,0.11593366,1782831723074,473.9,43.1,59512.43,BTC-25DEC26,58461.36,0.116,58489.53,25DEC26,60000,,C,BTC-25DEC26-60000-C,,
2.114,2.341,0.0,2.22298144,1782831723074,0.0,72.31,58953.3,BTC-25SEP26,58461.36,2.2275,58489.53,25SEP26,190000,,P,BTC-25SEP26-190000-P,,
0.0011,0.0016,175.3,0.00129746,1782831723074,0.0,41.21,58748.83,BTC-28AUG26,58461.36,0.00135,58489.53,28AUG26,83000,,C,BTC-28AUG26-83000-C,,
0.0635,0.0655,402.7,0.06427487,1782831723074,82.8,41.33,59512.43,BTC-25DEC26,58461.36,0.0645,58489.53,25DEC26,68000,,C,BTC-25DEC26-68000-C,,
0.0001,0.0004,1167.3,0.0001778,1782831723074,0.0,63.24,58604.41,BTC-31JUL26,58461.36,0.00025,58489.53,31JUL26,98000,,C,BTC-31JUL26-98000-C,,
0.0055,0.0065,306.7,0.00593023,1782831723074,1.0,38.09,58748.83,BTC-28AUG26,58461.36,0.006,58489.53,28AUG26,73000,,C,BTC-28AUG26-73000-C,,
0.3865,0.393,0.1,0.39013226,1782831723074,0.0,52.17,60703.05,BTC-25JUN27,58461.36,0.38975,58489.53,25JUN27,40000,,C,BTC-25JUN27-40000-C,,
0.0046,0.0055,377.9,0.00493074,1782831723074,0.3,38.17,58744.9,BTC-28AUG26,58461.36,0.00505,58489.53,28AUG26,74000,,C,BTC-28AUG26-74000-C,,
0.0085,0.0095,814.6,0.00916963,1782831723074,165.7,39.26,58544.05,BTC-17JUL26,58461.36,0.009,58489.53,17JUL26,63000,,C,BTC-17JUL26-63000-C,,
0.554,0.6325,1.3,0.59586064,1782831723074,0.0,43.81,58957.23,BTC-25SEP26,58461.36,0.59325,58489.53,25SEP26,94000,,P,BTC-25SEP26-94000-P,,
0.0165,0.018,495.8,0.01715925,1782831723074,2.0,42.51,60076.78,BTC-26MAR27,58461.36,0.01725,58489.53,26MAR27,100000,,C,BTC-26MAR27-100000-C,,
0.225,0.2345,65.2,0.23050391,1782831723074,0.0,42.99,60076.78,BTC-26MAR27,58461.36,0.22975,58489.53,26MAR27,68000,,P,BTC-26MAR27-68000-P,,
0.1095,0.1115,1345.4,0.11048743,1782831723074,6.4,45.75,60076.78,BTC-26MAR27,58461.36,0.1105,58489.53,26MAR27,55000,,P,BTC-26MAR27-55000-P,,
0.0049,0.0055,417.8,0.00516892,1782831723074,109.7,56.91,58540.12,BTC-17JUL26,58461.36,0.0052,58489.53,17JUL26,50000,,P,BTC-17JUL26-50000-P,,
0.0002,0.0005,662.3,0.00028391,1782831723074,1.0,48.59,58604.41,BTC-31JUL26,58461.36,0.00035,58489.53,31JUL26,84000,,C,BTC-31JUL26-84000-C,,
0.0575,0.1345,0.5,0.09465685,1782831723074,0.2,61.78,58461.36,index_price,58461.36,0.096,58489.53,1JUL26,64000,,P,BTC-1JUL26-64000-P,,
0.0175,0.0185,121.0,0.01806853,1782831723074,4.9,40.36,58544.05,BTC-17JUL26,58461.36,0.018,58489.53,17JUL26,61000,,C,BTC-17JUL26-61000-C,,
0.0055,0.007,67.6,0.00637601,1782831723074,31.0,46.11,60703.05,BTC-25JUN27,58461.36,0.00625,58489.53,25JUN27,150000,,C,BTC-25JUN27-150000-C,,
0.044,0.0455,1.4,0.0448346,1782831723074,0.0,46.99,58507.61,BTC-10JUL26,58461.36,0.04475,58489.53,10JUL26,57000,,C,BTC-10JUL26-57000-C,,
0.0011,0.0014,1111.5,0.0013145,1782831723074,62.5,46.55,58471.92,BTC-3JUL26,58461.36,0.00125,58489.53,3JUL26,62000,,C,BTC-3JUL26-62000-C,,
0.0885,0.0905,485.6,0.08939746,1782831723074,443.8,42.1,58957.23,BTC-25SEP26,58461.36,0.0895,58489.53,25SEP26,58000,,C,BTC-25SEP26-58000-C,,
0.033,0.0345,63.1,0.03384846,1782831723074,23.3,45.19,58507.61,BTC-10JUL26,58461.36,0.03375,58489.53,10JUL26,58000,,C,BTC-10JUL26-58000-C,,
0.013,0.069,10.9,0.02972906,1782831723074,9.3,45.0,58461.36,index_price,58461.36,0.041,58489.53,2JUL26,60000,,P,BTC-2JUL26-60000-P,,
0.0305,0.039,6.4,0.03371417,1782831723074,1.7,54.58,58471.92,BTC-3JUL26,58461.36,0.03475,58489.53,3JUL26,57000,,C,BTC-3JUL26-57000-C,,
0.093,0.1025,91.4,0.09649532,1782831723074,0.2,40.22,58507.61,BTC-10JUL26,58461.36,0.09775,58489.53,10JUL26,64000,,P,BTC-10JUL26-64000-P,,
0.0675,0.069,443.2,0.06798798,1782831723074,193.7,41.07,58748.83,BTC-28AUG26,58461.36,0.06825,58489.53,28AUG26,59000,,P,BTC-28AUG26-59000-P,,
0.108,0.1105,2.2,0.10914423,1782831723074,2.2,47.13,60703.05,BTC-25JUN27,58461.36,0.10925,58489.53,25JUN27,52000,,P,BTC-25JUN27-52000-P,,
0.0125,0.0165,155.5,0.01397142,1782831723074,114.7,49.03,58461.36,index_price,58461.36,0.0145,58489.53,1JUL26,59000,,P,BTC-1JUL26-59000-P,,
0.3225,0.339,635.7,0.32939112,1782831723074,0.0,38.34,58957.23,BTC-25SEP26,58461.36,0.33075,58489.53,25SEP26,78000,,P,BTC-25SEP26-78000-P,,
0.716,0.834,0.0,0.77729244,1782831723074,0.0,42.94,60076.78,BTC-26MAR27,58461.36,0.775,58489.53,26MAR27,106000,,P,BTC-26MAR27-106000-P,,
0.017,0.018,333.3,0.01755482,1782831723074,10.6,38.09,58744.9,BTC-28AUG26,58461.36,0.0175,58489.53,28AUG26,67000,,C,BTC-28AUG26-67000-C,,
1.012,1.1775,0.0,1.08664214,1782831723074,0.0,44.83,60076.78,BTC-26MAR27,58461.36,1.09475,58489.53,26MAR27,125000,,P,BTC-26MAR27-125000-P,,
0.0002,0.0005,130.4,0.00024478,1782831723074,0.0,52.49,58744.9,BTC-28AUG26,58461.36,0.00035,58489.53,28AUG26,105000,,C,BTC-28AUG26-105000-C,,
3.916,4.273,0.0,4.08881109,1782831723074,0.0,84.97,58957.23,BTC-25SEP26,58461.36,4.0945,58489.53,25SEP26,300000,,P,BTC-25SEP26-300000-P,,
0.008,0.0095,566.9,0.00871172,1782831723074,0.0,43.75,60076.78,BTC-26MAR27,58461.36,0.00875,58489.53,26MAR27,115000,,C,BTC-26MAR27-115000-C,,
0.195,0.202,37.5,0.19853992,1782831723074,25.0,50.92,58744.9,BTC-28AUG26,58461.36,0.1985,58489.53,28AUG26,48000,,C,BTC-28AUG26-48000-C,,
0.035,0.0365,109.4,0.03562723,1782831723074,0.0,41.9,60076.78,BTC-26MAR27,58461.36,0.03575,58489.53,26MAR27,86000,,C,BTC-26MAR27-86000-C,,
0.1395,0.1715,20.4,0.16307538,1782831723074,0.0,63.13,58471.92,BTC-3JUL26,58461.36,0.1555,58489.53,3JUL26,68000,,P,BTC-3JUL26-68000-P,,
0.198,0.265,1.0,0.22879702,1782831723074,0.0,53.33,58744.9,BTC-28AUG26,58461.36,0.2315,58489.53,28AUG26,46000,,C,BTC-28AUG26-46000-C,,
2.409,2.6605,0.0,2.52939413,1782831723074,0.0,62.8,59508.5,BTC-25DEC26,58461.36,2.53475,58489.53,25DEC26,210000,,P,BTC-25DEC26-210000-P,,
0.005,0.006,722.7,0.00543578,1782831723074,1.6,66.01,58953.3,BTC-25SEP26,58461.36,0.0055,58489.53,25SEP26,35000,,P,BTC-25SEP26-35000-P,,
0.176,0.207,0.0,0.18130693,1782831723074,0.0,69.34,58507.61,BTC-10JUL26,58461.36,0.1915,58489.53,10JUL26,48000,,C,BTC-10JUL26-48000-C,,
0.3405,0.462,0.0,0.39258991,1782831723074,0.0,42.75,60703.05,BTC-25JUN27,58461.36,0.40125,58489.53,25JUN27,80000,,P,BTC-25JUN27-80000-P,,
0.085,0.087,934.1,0.08563499,1782831723074,10.7,44.91,59512.43,BTC-25DEC26,58461.36,0.086,58489.53,25DEC26,55000,,P,BTC-25DEC26-55000-P,,
0.0009,0.0013,246.8,0.00112594,1782831723074,7.8,45.82,58953.3,BTC-25SEP26,58461.36,0.0011,58489.53,25SEP26,98000,,C,BTC-25SEP26-98000-C,,
0.0245,0.0995,1.0,0.06051966,1782831723074,0.2,56.09,58461.36,index_price,58461.36,0.062,58489.53,1JUL26,62000,,P,BTC-1JUL26-62000-P,,
0.126,0.1345,481.2,0.12980976,1782831723074,15.7,39.44,58957.23,BTC-25SEP26,58461.36,0.13025,58489.53,25SEP26,64000,,P,BTC-25SEP26-64000-P,,
1.213,1.3755,11.5,1.29024673,1782831723074,0.0,59.76,58953.3,BTC-25SEP26,58461.36,1.29425,58489.53,25SEP26,135000,,P,BTC-25SEP26-135000-P,,
0.0215,0.0235,6.8,0.0227428,1782831723074,2.5,59.35,60707.63,BTC-25JUN27,58461.36,0.0225,58489.53,25JUN27,30000,,P,BTC-25JUN27-30000-P,,
0.046,0.0475,344.5,0.04664685,1782831723074,23.3,43.22,58748.83,BTC-28AUG26,58461.36,0.04675,58489.53,28AUG26,56000,,P,BTC-28AUG26-56000-P,,
0.0245,0.026,6681.8,0.025341,1782831723074,44.9,40.8,59512.43,BTC-25DEC26,58461.36,0.02525,58489.53,25DEC26,80000,,C,BTC-25DEC26-80000-C,,
0.76,0.7795,109.4,0.76930862,1782831723074,0.0,43.63,59512.43,BTC-25DEC26,58461.36,0.76975,58489.53,25DEC26,105000,,P,BTC-25DEC26-105000-P,,
0.0365,0.1065,1.0,0.07080917,1782831723074,0.0,51.23,58512.19,BTC-10JUL26,58461.36,0.0715,58489.53,10JUL26,55000,,C,BTC-10JUL26-55000-C,,
0.6895,0.7095,272.4,0.69725208,1782831723074,0.0,46.53,58953.3,BTC-25SEP26,58461.36,0.6995,58489.53,25SEP26,100000,,P,BTC-25SEP26-100000-P,,
0.022,0.026,9.8,0.02348244,1782831723074,4.8,46.22,58461.36,index_price,58461.36,0.024,58489.53,2JUL26,59500,,P,BTC-2JUL26-59500-P,,
0.0002,0.0004,225.4,0.000274,1782831723074,229.1,51.46,58461.36,index_price,58461.36,0.0003,58489.53,1JUL26,61000,,C,BTC-1JUL26-61000-C,,
2.2465,2.4865,0.0,2.36145627,1782831723074,0.0,61.9,59508.5,BTC-25DEC26,58461.36,2.3665,58489.53,25DEC26,200000,,P,BTC-25DEC26-200000-P,,
,0.0003,162.3,0.0001052,1782831723074,24.6,76.63,58604.41,BTC-31JUL26,58461.36,,58489.53,31JUL26,115000,,C,BTC-31JUL26-115000-C,,
0.029,0.03,362.5,0.029439,1782831723074,60.1,38.68,58748.83,BTC-28AUG26,58461.36,0.0295,58489.53,28AUG26,64000,,C,BTC-28AUG26-64000-C,,
0.0003,0.0005,295.9,0.00042594,1782831723074,222.8,75.8,58461.36,index_price,58461.36,0.0004,58489.53,1JUL26,55000,,P,BTC-1JUL26-55000-P,,
0.0007,0.0011,57.9,0.00087895,1782831723075,0.0,47.32,58957.23,BTC-25SEP26,58461.36,0.0009,58489.53,25SEP26,102000,,C,BTC-25SEP26-102000-C,,
0.008,0.009,669.6,0.00862587,1782831723075,6.3,38.06,58744.9,BTC-28AUG26,58461.36,0.0085,58489.53,28AUG26,71000,,C,BTC-28AUG26-71000-C,,
0.0165,0.091,0.0,0.0520684,1782831723075,0.0,55.47,58461.36,index_price,58461.36,0.05375,58489.53,1JUL26,61500,,P,BTC-1JUL26-61500-P,,
0.0175,0.019,40.7,0.01813591,1782831723075,44.6,47.64,58461.36,index_price,58461.36,0.01825,58489.53,2JUL26,59000,,P,BTC-2JUL26-59000-P,,
0.015,0.016,60.6,0.01555836,1782831723075,0.0,42.64,60076.78,BTC-26MAR27,58461.36,0.0155,58489.53,26MAR27,102000,,C,BTC-26MAR27-102000-C,,
0.151,0.153,720.7,0.15176538,1782831723075,25.0,44.45,60076.78,BTC-26MAR27,58461.36,0.152,58489.53,26MAR27,60000,,C,BTC-26MAR27-60000-C,,
1.7595,1.9655,0.0,1.85766745,1782831723075,0.0,57.46,59512.43,BTC-25DEC26,58461.36,1.8625,58489.53,25DEC26,170000,,P,BTC-25DEC26-170000-P,,
0.3335,0.347,233.1,0.34016292,1782831723075,0.0,40.7,59508.5,BTC-25DEC26,58461.36,0.34025,58489.53,25DEC26,78000,,P,BTC-25DEC26-78000-P,,
0.0575,0.0645,679.6,0.0617218,1782831723075,30.0,46.55,58471.92,BTC-3JUL26,58461.36,0.061,58489.53,3JUL26,62000,,P,BTC-3JUL26-62000-P,,
,0.0002,823.4,0.00010668,1782831723075,3.2,62.62,58471.92,BTC-3JUL26,58461.36,,58489.53,3JUL26,67000,,C,BTC-3JUL26-67000-C,,
0.1785,0.27,7.3,0.21727455,1782831723075,0.0,38.06,58744.9,BTC-28AUG26,58461.36,0.22425,58489.53,28AUG26,71000,,P,BTC-28AUG26-71000-P,,
0.0345,0.0355,541.6,0.03479824,1782831723075,125.8,39.06,58744.9,BTC-28AUG26,58461.36,0.035,58489.53,28AUG26,63000,,C,BTC-28AUG26-63000-C,,
0.3355,0.348,0.1,0.34153128,1782831723075,0.0,42.99,60707.63,BTC-25JUN27,58461.36,0.34175,58489.53,25JUN27,76000,,P,BTC-25JUN27-76000-P,,
0.032,0.033,61.6,0.03256213,1782831723075,3.2,43.55,58544.05,BTC-17JUL26,58461.36,0.0325,58489.53,17JUL26,58000,,P,BTC-17JUL26-58000-P,,
0.005,0.0055,3312.1,0.00521678,1782831723075,390.6,39.26,58957.23,BTC-25SEP26,58461.36,0.00525,58489.53,25SEP26,80000,,C,BTC-25SEP26-80000-C,,
0.2755,0.2925,0.3,0.28275186,1782831723075,0.0,75.47,58467.34,BTC-3JUL26,58461.36,0.284,58489.53,3JUL26,75000,,P,BTC-3JUL26-75000-P,,
0.0805,0.083,1.3,0.08187757,1782831723075,1.3,42.88,60703.05,BTC-25JUN27,58461.36,0.08175,58489.53,25JUN27,78000,,C,BTC-25JUN27-78000-C,,
0.075,0.0815,504.0,0.07825432,1782831723075,0.0,49.89,58471.92,BTC-3JUL26,58461.36,0.07825,58489.53,3JUL26,63000,,P,BTC-3JUL26-63000-P,,
0.072,0.0735,148.2,0.07277842,1782831723075,26.2,41.73,58748.83,BTC-28AUG26,58461.36,0.07275,58489.53,28AUG26,58000,,C,BTC-28AUG26-58000-C,,
0.0001,0.0003,1609.1,0.00014559,1782831723075,15.8,58.61,58467.34,BTC-3JUL26,58461.36,0.0002,58489.53,3JUL26,66000,,C,BTC-3JUL26-66000-C,,
0.226,0.235,365.0,0.23060142,1782831723075,0.0,39.82,58604.41,BTC-31JUL26,58461.36,0.2305,58489.53,31JUL26,72000,,P,BTC-31JUL26-72000-P,,
0.0925,0.099,348.2,0.09499084,1782831723075,0.3,51.97,58467.34,BTC-3JUL26,58461.36,0.09575,58489.53,3JUL26,64000,,P,BTC-3JUL26-64000-P,,
0.046,0.048,1117.3,0.04700376,1782831723075,0.0,40.86,59512.43,BTC-25DEC26,58461.36,0.047,58489.53,25DEC26,72000,,C,BTC-25DEC26-72000-C,,
0.0805,0.15,0.0,0.11603865,1782831723075,0.0,58.75,58507.61,BTC-10JUL26,58461.36,0.11525,58489.53,10JUL26,52000,,C,BTC-10JUL26-52000-C,,
0.006,0.0065,3570.9,0.00630257,1782831723075,269.1,38.34,58957.23,BTC-25SEP26,58461.36,0.00625,58489.53,25SEP26,78000,,C,BTC-25SEP26-78000-C,,
0.1655,0.1685,89.7,0.16717029,1782831723075,0.0,44.75,60707.63,BTC-25JUN27,58461.36,0.167,58489.53,25JUN27,62000,,C,BTC-25JUN27-62000-C,,
0.5215,0.5945,4.0,0.56213908,1782831723075,0.0,42.97,58957.23,BTC-25SEP26,58461.36,0.558,58489.53,25SEP26,92000,,P,BTC-25SEP26-92000-P,,
0.0015,0.0019,416.8,0.001654,1782831723075,37.9,40.53,58512.19,BTC-10JUL26,58461.36,0.0017,58489.53,10JUL26,65000,,C,BTC-10JUL26-65000-C,,
0.0235,0.024,4179.3,0.023872,1782831723075,224.2,54.73,59512.43,BTC-25DEC26,58461.36,0.02375,58489.53,25DEC26,40000,,P,BTC-25DEC26-40000-P,,
0.0975,0.173,12.5,0.13052944,1782831723075,0.0,39.32,58540.12,BTC-17JUL26,58461.36,0.13525,58489.53,17JUL26,66000,,P,BTC-17JUL26-66000-P,,
0.0017,0.0019,1045.0,0.00165516,1782831723075,0.0,50.02,59512.43,BTC-25DEC26,58461.36,0.0018,58489.53,25DEC26,135000,,C,BTC-25DEC26-135000-C,,
0.018,0.0195,12.0,0.01869919,1782831723075,12.7,47.06,58465.94,index_price,58461.36,0.01875,58489.53,4JUL26,58500,,C,BTC-4JUL26-58500-C,,
0.1675,0.1695,5.1,0.16812914,1782831723075,0.5,44.94,60076.78,BTC-26MAR27,58461.36,0.1685,58489.53,26MAR27,58000,,C,BTC-26MAR27-58000-C,,
0.0001,0.0002,129.0,0.00014128,1782831723075,2.4,57.85,58507.61,BTC-10JUL26,58461.36,0.00015,58489.53,10JUL26,75000,,C,BTC-10JUL26-75000-C,,
0.032,0.0965,0.0,0.06385746,1782831723075,0.0,58.63,58465.94,index_price,58461.36,0.06425,58489.53,4JUL26,55000,,C,BTC-4JUL26-55000-C,,
0.0225,0.024,122.8,0.02321127,1782831723075,0.0,42.15,60076.78,BTC-26MAR27,58461.36,0.02325,58489.53,26MAR27,94000,,C,BTC-26MAR27-94000-C,,
0.0003,0.0006,1285.8,0.00042834,1782831723075,0.4,46.48,58604.41,BTC-31JUL26,58461.36,0.00045,58489.53,31JUL26,81000,,C,BTC-31JUL26-81000-C,,
0.031,0.032,72.0,0.03122022,1782831723075,7.9,45.73,58748.83,BTC-28AUG26,58461.36,0.0315,58489.53,28AUG26,53000,,P,BTC-28AUG26-53000-P,,
0.139,0.1495,147.3,0.14433542,1782831723075,0.0,38.13,58744.9,BTC-28AUG26,58461.36,0.14425,58489.53,28AUG26,66000,,P,BTC-28AUG26-66000-P,,
0.0006,0.001,1549.0,0.00071714,1782831723075,4.1,42.99,58600.48,BTC-31JUL26,58461.36,0.0008,58489.53,31JUL26,77000,,C,BTC-31JUL26-77000-C,,
0.078,0.0795,53.4,0.07865792,1782831723075,0.1,42.48,60076.78,BTC-26MAR27,58461.36,0.07875,58489.53,26MAR27,72000,,C,BTC-26MAR27-72000-C,,
0.703,0.827,0.0,0.75268344,1782831723075,0.0,43.33,59512.43,BTC-25DEC26,58461.36,0.765,58489.53,25DEC26,104000,,P,BTC-25DEC26-104000-P,,
0.27,0.275,11.4,0.27289876,1782831723075,0.1,47.78,60707.63,BTC-25JUN27,58461.36,0.2725,58489.53,25JUN27,50000,,C,BTC-25JUN27-50000-C,,
0.01,0.0105,17.0,0.01021449,1782831723075,17.0,51.36,58465.94,index_price,58461.36,0.01025,58489.53,4JUL26,57000,,P,BTC-4JUL26-57000-P,,
0.005,0.006,47.3,0.00548123,1782831723075,63.3,43.17,58465.94,index_price,58461.36,0.0055,58489.53,4JUL26,60500,,C,BTC-4JUL26-60500-C,,
,0.0001,139.2,4.367e-05,1782831723075,81.6,59.06,58461.36,index_price,58461.36,,58489.53,1JUL26,62500,,C,BTC-1JUL26-62500-C,,
0.0905,0.171,0.0,0.12889096,1782831723075,0.0,51.41,58465.94,index_price,58461.36,0.13075,58489.53,4JUL26,66000,,P,BTC-4JUL26-66000-P,,
0.16,0.163,42.8,0.16139339,1782831723075,0.0,44.91,59512.43,BTC-25DEC26,58461.36,0.1615,58489.53,25DEC26,55000,,C,BTC-25DEC26-55000-C,,
0.339,0.381,1.1,0.3682675,1782831723075,0.0,76.22,58467.34,BTC-3JUL26,58461.36,0.36,58489.53,3JUL26,80000,,P,BTC-3JUL26-80000-P,,
0.154,0.1575,75.0,0.15584498,1782831723075,0.0,46.08,58953.3,BTC-25SEP26,58461.36,0.15575,58489.53,25SEP26,52000,,C,BTC-25SEP26-52000-C,,
0.527,0.548,14.9,0.53604928,1782831723075,0.0,53.93,58604.41,BTC-31JUL26,58461.36,0.5375,58489.53,31JUL26,90000,,P,BTC-31JUL26-90000-P,,
0.008,0.009,28.6,0.00870375,1782831723075,28.7,51.2,58461.36,index_price,58461.36,0.0085,58489.53,1JUL26,58500,,C,BTC-1JUL26-58500-C,,
0.245,0.253,0.0,0.24858207,1782831723075,0.0,43.79,60703.05,BTC-25JUN27,58461.36,0.249,58489.53,25JUN27,68000,,P,BTC-25JUN27-68000-P,,
0.0003,0.0004,875.7,0.0003423,1782831723075,2.1,66.52,59512.43,BTC-25DEC26,58461.36,0.00035,58489.53,25DEC26,240000,,C,BTC-25DEC26-240000-C,,
0.148,0.2355,23.3,0.18699227,1782831723075,0.2,38.06,58744.9,BTC-28AUG26,58461.36,0.19175,58489.53,28AUG26,69000,,P,BTC-28AUG26-69000-P,,
0.439,0.453,548.5,0.44555964,1782831723075,0.0,40.92,59512.43,BTC-25DEC26,58461.36,0.446,58489.53,25DEC26,85000,,P,BTC-25DEC26-85000-P,,
0.0044,0.005,76.0,0.00483766,1782831723075,62.1,49.03,58461.36,index_price,58461.36,0.0047,58489.53,1JUL26,59000,,C,BTC-1JUL26-59000-C,,
0.0001,0.0002,516.1,0.00017615,1782831723075,1.6,70.59,58604.41,BTC-31JUL26,58461.36,0.00015,58489.53,31JUL26,105000,,C,BTC-31JUL26-105000-C,,
0.4235,0.4375,47.0,0.43007915,1782831723075,0.0,40.85,59512.43,BTC-25DEC26,58461.36,0.4305,58489.53,25DEC26,84000,,P,BTC-25DEC26-84000-P,,
0.0395,0.041,305.4,0.04029973,1782831723075,42.2,42.3,58540.12,BTC-17JUL26,58461.36,0.04025,58489.53,17JUL26,59000,,P,BTC-17JUL26-59000-P,,
0.1085,0.1155,215.5,0.11198998,1782831723075,4.0,56.64,58471.92,BTC-3JUL26,58461.36,0.112,58489.53,3JUL26,65000,,P,BTC-3JUL26-65000-P,,
0.036,0.044,87.7,0.03902104,1782831723075,101.4,45.73,58467.34,BTC-3JUL26,58461.36,0.04,58489.53,3JUL26,60500,,P,BTC-3JUL26-60500-P,,
0.0002,0.0005,1271.4,0.00028397,1782831723075,0.0,49.97,58604.41,BTC-31JUL26,58461.36,0.00035,58489.53,31JUL26,85000,,C,BTC-31JUL26-85000-C,,
0.421,0.4385,34.7,0.42811871,1782831723075,0.6,40.17,58957.23,BTC-25SEP26,58461.36,0.42975,58489.53,25SEP26,84000,,P,BTC-25SEP26-84000-P,,
0.204,0.212,112.9,0.2087618,1782831723075,0.0,43.29,60076.78,BTC-26MAR27,58461.36,0.208,58489.53,26MAR27,66000,,P,BTC-26MAR27-66000-P,,
0.013,0.014,2367.1,0.01371899,1782831723075,360.9,50.94,58467.34,BTC-3JUL26,58461.36,0.0135,58489.53,3JUL26,58000,,P,BTC-3JUL26-58000-P,,
1.895,2.1185,0.0,1.99820415,1782831723075,0.0,53.07,60076.78,BTC-26MAR27,58461.36,2.00675,58489.53,26MAR27,180000,,P,BTC-26MAR27-180000-P,,
0.0365,0.038,1298.1,0.03710891,1782831723075,65.0,40.7,59508.5,BTC-25DEC26,58461.36,0.03725,58489.53,25DEC26,75000,,C,BTC-25DEC26-75000-C,,
0.1065,0.1085,0.2,0.1073993,1782831723075,0.0,43.36,60707.63,BTC-25JUN27,58461.36,0.1075,58489.53,25JUN27,72000,,C,BTC-25JUN27-72000-C,,
0.0845,0.1545,0.0,0.11980977,1782831723075,0.0,52.85,58540.12,BTC-17JUL26,58461.36,0.1195,58489.53,17JUL26,52000,,C,BTC-17JUL26-52000-C,,
0.009,0.01,213.8,0.00928554,1782831723075,233.4,51.2,58461.36,index_price,58461.36,0.0095,58489.53,1JUL26,58500,,P,BTC-1JUL26-58500-P,,
0.0043,0.0046,12.1,0.00444922,1782831723075,12.1,58.63,58465.94,index_price,58461.36,0.00445,58489.53,4JUL26,55000,,P,BTC-4JUL26-55000-P,,
0.0016,0.0019,107.5,0.00178188,1782831723075,76.6,66.06,58461.36,index_price,58461.36,0.00175,58489.53,2JUL26,55000,,P,BTC-2JUL26-55000-P,,
0.7305,0.774,0.1,0.74083226,1782831723075,0.0,67.55,58600.48,BTC-31JUL26,58461.36,0.75225,58489.53,31JUL26,102000,,P,BTC-31JUL26-102000-P,,
0.0575,0.064,62.6,0.06009518,1782831723075,1.6,40.36,58540.12,BTC-17JUL26,58461.36,0.06075,58489.53,17JUL26,61000,,P,BTC-17JUL26-61000-P,,
0.561,0.5815,0.4,0.57017979,1782831723075,0.0,56.35,58604.41,BTC-31JUL26,58461.36,0.57125,58489.53,31JUL26,92000,,P,BTC-31JUL26-92000-P,,
0.0003,0.0005,686.1,0.00038561,1782831723075,0.4,49.15,58507.61,BTC-10JUL26,58461.36,0.0004,58489.53,10JUL26,70000,,C,BTC-10JUL26-70000-C,,
0.0235,0.025,387.4,0.02426365,1782831723075,5.0,56.55,60076.78,BTC-26MAR27,58461.36,0.02425,58489.53,26MAR27,35000,,P,BTC-26MAR27-35000-P,,
0.768,0.879,0.0,0.83339095,1782831723075,0.0,43.12,60703.05,BTC-25JUN27,58461.36,0.8235,58489.53,25JUN27,110000,,P,BTC-25JUN27-110000-P,,
0.0001,0.0004,738.6,0.00021022,1782831723075,0.0,64.5,58953.3,BTC-25SEP26,58461.36,0.00025,58489.53,25SEP26,150000,,C,BTC-25SEP26-150000-C,,
0.0027,0.0031,2.3,0.00297307,1782831723075,2.3,62.49,58465.94,index_price,58461.36,0.0029,58489.53,4JUL26,54000,,P,BTC-4JUL26-54000-P,,
0.526,0.5305,3.0,0.52853972,1782831723075,2.0,59.35,60707.63,BTC-25JUN27,58461.36,0.52825,58489.53,25JUN27,30000,,C,BTC-25JUN27-30000-C,,
0.0018,0.0022,1514.6,0.00190417,1782831723075,6.3,39.82,58604.41,BTC-31JUL26,58461.36,0.002,58489.53,31JUL26,72000,,C,BTC-31JUL26-72000-C,,
1.704,1.9025,0.0,1.79905129,1782831723075,0.0,70.21,58957.23,BTC-25SEP26,58461.36,1.80325,58489.53,25SEP26,165000,,P,BTC-25SEP26-165000-P,,
0.071,0.0725,597.7,0.07175108,1782831723075,411.2,41.01,58957.23,BTC-25SEP26,58461.36,0.07175,58489.53,25SEP26,60000,,C,BTC-25SEP26-60000-C,,
0.8565,0.88,116.4,0.86649133,1782831723075,0.0,50.45,58957.23,BTC-25SEP26,58461.36,0.86825,58489.53,25SEP26,110000,,P,BTC-25SEP26-110000-P,,
0.0825,0.09,427.6,0.0860751,1782831723075,17.1,39.95,58748.83,BTC-28AUG26,58461.36,0.08625,58489.53,28AUG26,61000,,P,BTC-28AUG26-61000-P,,
0.0295,0.0305,3384.9,0.03013121,1782831723075,350.6,47.77,58957.23,BTC-25SEP26,58461.36,0.03,58489.53,25SEP26,50000,,P,BTC-25SEP26-50000-P,,
0.171,0.2115,0.0,0.18016745,1782831723075,0.0,66.86,58471.92,BTC-3JUL26,58461.36,0.19125,58489.53,3JUL26,69000,,P,BTC-3JUL26-69000-P,,
0.0205,0.0215,279.0,0.02080284,1782831723075,83.6,38.13,58748.83,BTC-28AUG26,58461.36,0.021,58489.53,28AUG26,66000,,C,BTC-28AUG26-66000-C,,
0.0016,0.0021,1514.3,0.00189276,1782831723075,0.3,48.95,59512.43,BTC-25DEC26,58461.36,0.00185,58489.53,25DEC26,130000,,C,BTC-25DEC26-130000-C,,
0.184,0.192,130.0,0.18812762,1782831723075,0.0,43.63,60076.78,BTC-26MAR27,58461.36,0.188,58489.53,26MAR27,64000,,P,BTC-26MAR27-64000-P,,
,0.0002,222.5,1.006e-05,1782831723075,0.0,74.86,58957.23,BTC-25SEP26,58461.36,,58489.53,25SEP26,240000,,C,BTC-25SEP26-240000-C,,
0.0265,0.103,0.0,0.06215157,1782831723075,0.0,43.17,58465.94,index_price,58461.36,0.06475,58489.53,4JUL26,62000,,P,BTC-4JUL26-62000-P,,
0.03,0.039,25.0,0.03385939,1782831723075,25.0,43.85,58465.94,index_price,58461.36,0.0345,58489.53,4JUL26,60000,,P,BTC-4JUL26-60000-P,,
0.428,0.439,31.6,0.43376404,1782831723075,0.6,48.59,58600.48,BTC-31JUL26,58461.36,0.4335,58489.53,31JUL26,84000,,P,BTC-31JUL26-84000-P,,
0.025,0.0265,117.6,0.0257442,1782831723075,0.2,42.05,60076.78,BTC-26MAR27,58461.36,0.02575,58489.53,26MAR27,92000,,C,BTC-26MAR27-92000-C,,
0.047,0.0485,190.1,0.04765862,1782831723075,52.6,39.95,58748.83,BTC-28AUG26,58461.36,0.04775,58489.53,28AUG26,61000,,C,BTC-28AUG26-61000-C,,
0.193,0.205,886.3,0.19759231,1782831723075,14.6,38.89,58604.41,BTC-31JUL26,58461.36,0.199,58489.53,31JUL26,70000,,P,BTC-31JUL26-70000-P,,
0.8595,0.9505,0.0,0.92292883,1782831723075,0.0,43.75,60076.78,BTC-26MAR27,58461.36,0.905,58489.53,26MAR27,115000,,P,BTC-26MAR27-115000-P,,
0.4405,0.443,3.5,0.44167583,1782831723075,0.0,56.55,60081.36,BTC-26MAR27,58461.36,0.44175,58489.53,26MAR27,35000,,C,BTC-26MAR27-35000-C,,
0.1215,0.1245,0.1,0.12285821,1782831723075,0.1,46.56,60703.05,BTC-25JUN27,58461.36,0.123,58489.53,25JUN27,54000,,P,BTC-25JUN27-54000-P,,
0.152,0.155,0.5,0.15369481,1782831723075,0.4,45.6,60707.63,BTC-25JUN27,58461.36,0.1535,58489.53,25JUN27,58000,,P,BTC-25JUN27-58000-P,,
0.761,0.8265,0.0,0.77496275,1782831723075,0.0,69.63,58600.48,BTC-31JUL26,58461.36,0.79375,58489.53,31JUL26,104000,,P,BTC-31JUL26-104000-P,,
0.5605,0.6735,1.5,0.61896105,1782831723075,0.0,42.29,60076.78,BTC-26MAR27,58461.36,0.617,58489.53,26MAR27,96000,,P,BTC-26MAR27-96000-P,,
1.2945,1.4625,1.4,1.37499336,1782831723075,0.0,60.54,58957.23,BTC-25SEP26,58461.36,1.3785,58489.53,25SEP26,140000,,P,BTC-25SEP26-140000-P,,
0.0018,0.0022,562.1,0.00209144,1782831723075,712.6,44.95,58461.36,index_price,58461.36,0.002,58489.53,2JUL26,60500,,C,BTC-2JUL26-60500-C,,
0.1155,0.1235,205.9,0.11892514,1782831723075,0.0,38.68,58744.9,BTC-28AUG26,58461.36,0.1195,58489.53,28AUG26,64000,,P,BTC-28AUG26-64000-P,,
0.0001,0.0004,1211.9,0.00017772,1782831723075,1.1,53.93,58600.48,BTC-31JUL26,58461.36,0.00025,58489.53,31JUL26,90000,,C,BTC-31JUL26-90000-C,,
0.5105,0.5645,0.2,0.55311454,1782831723075,0.0,55.15,58604.41,BTC-31JUL26,58461.36,0.5375,58489.53,31JUL26,91000,,P,BTC-31JUL26-91000-P,,
0.9405,0.9645,90.3,0.95121112,1782831723075,0.0,52.53,58957.23,BTC-25SEP26,58461.36,0.9525,58489.53,25SEP26,115000,,P,BTC-25SEP26-115000-P,,
0.097,0.099,11.7,0.09804567,1782831723075,0.7,43.15,60703.05,BTC-25JUN27,58461.36,0.098,58489.53,25JUN27,74000,,C,BTC-25JUN27-74000-C,,
0.0095,0.0105,351.7,0.01036938,1782831723075,3.4,38.07,58744.9,BTC-28AUG26,58461.36,0.01,58489.53,28AUG26,70000,,C,BTC-28AUG26-70000-C,,
0.748,0.844,0.0,0.80944174,1782831723075,0.0,43.09,60076.78,BTC-26MAR27,58461.36,0.796,58489.53,26MAR27,108000,,P,BTC-26MAR27-108000-P,,
0.127,0.1295,0.4,0.12838842,1782831723075,0.2,43.79,60703.05,BTC-25JUN27,58461.36,0.12825,58489.53,25JUN27,68000,,C,BTC-25JUN27-68000-C,,
0.002,0.0022,643.3,0.00203824,1782831723075,8.9,53.07,60076.78,BTC-26MAR27,58461.36,0.0021,58489.53,26MAR27,180000,,C,BTC-26MAR27-180000-C,,
0.3885,0.4995,5.8,0.43795354,1782831723075,0.0,41.87,60081.36,BTC-26MAR27,58461.36,0.444,58489.53,26MAR27,84000,,P,BTC-26MAR27-84000-P,,
0.2875,0.306,5.4,0.2972041,1782831723075,0.0,38.45,58744.9,BTC-28AUG26,58461.36,0.29675,58489.53,28AUG26,76000,,P,BTC-28AUG26-76000-P,,
0.0095,0.01,2216.8,0.00972672,1782831723075,118.2,38.26,58957.23,BTC-25SEP26,58461.36,0.00975,58489.53,25SEP26,75000,,C,BTC-25SEP26-75000-C,,
0.056,0.1265,0.0,0.09052737,1782831723075,0.0,49.38,58540.12,BTC-17JUL26,58461.36,0.09125,58489.53,17JUL26,54000,,C,BTC-17JUL26-54000-C,,
0.7775,0.805,1.1,0.7920263,1782831723075,0.0,70.59,58604.41,BTC-31JUL26,58461.36,0.79125,58489.53,31JUL26,105000,,P,BTC-31JUL26-105000-P,,
0.0005,0.0009,974.8,0.00064436,1782831723075,2.3,44.05,58604.41,BTC-31JUL26,58461.36,0.0007,58489.53,31JUL26,78000,,C,BTC-31JUL26-78000-C,,
0.3795,0.435,0.0,0.41422479,1782831723075,0.0,41.21,58748.83,BTC-28AUG26,58461.36,0.40725,58489.53,28AUG26,83000,,P,BTC-28AUG26-83000-P,,
,0.0001,165.0,3.28e-06,1782831723075,90.5,61.78,58461.36,index_price,58461.36,,58489.53,1JUL26,64000,,C,BTC-1JUL26-64000-C,,
0.1935,0.2045,636.4,0.19828541,1782831723075,0.0,43.45,60076.78,BTC-26MAR27,58461.36,0.199,58489.53,26MAR27,65000,,P,BTC-26MAR27-65000-P,,
0.0028,0.0033,2560.4,0.00302554,1782831723075,1200.3,38.89,58604.41,BTC-31JUL26,58461.36,0.00305,58489.53,31JUL26,70000,,C,BTC-31JUL26-70000-C,,
0.013,0.0735,11.8,0.03531444,1782831723075,12.3,48.95,58461.36,index_price,58461.36,0.04325,58489.53,1JUL26,60500,,P,BTC-1JUL26-60500-P,,
0.008,0.009,1077.3,0.00868822,1782831723075,325.4,38.48,58604.41,BTC-31JUL26,58461.36,0.0085,58489.53,31JUL26,66000,,C,BTC-31JUL26-66000-C,,
0.0003,0.0007,1158.8,0.00046683,1782831723075,0.1,54.95,58957.23,BTC-25SEP26,58461.36,0.0005,58489.53,25SEP26,120000,,C,BTC-25SEP26-120000-C,,
0.074,0.1525,0.0,0.11179928,1782831723075,0.0,54.52,58461.36,index_price,58461.36,0.11325,58489.53,2JUL26,65000,,P,BTC-2JUL26-65000-P,,
0.0003,0.0007,151.3,0.00047167,1782831723075,0.0,62.8,59512.43,BTC-25DEC26,58461.36,0.0005,58489.53,25DEC26,210000,,C,BTC-25DEC26-210000-C,,
0.01,0.011,232.6,0.0102997,1782831723075,0.0,41.44,59512.43,BTC-25DEC26,58461.36,0.0105,58489.53,25DEC26,92000,,C,BTC-25DEC26-92000-C,,
0.0105,0.0115,1144.7,0.01078536,1782831723075,467.4,51.23,58512.19,BTC-10JUL26,58461.36,0.011,58489.53,10JUL26,55000,,P,BTC-10JUL26-55000-P,,
2.933,3.218,0.0,3.07105177,1782831723075,0.0,74.86,58957.23,BTC-25SEP26,58461.36,3.0755,58489.53,25SEP26,240000,,P,BTC-25SEP26-240000-P,,
1.786,1.99,0.0,1.88386463,1782831723075,0.0,71.98,58957.23,BTC-25SEP26,58461.36,1.888,58489.53,25SEP26,170000,,P,BTC-25SEP26-170000-P,,
0.227,0.2405,85.6,0.23282216,1782831723075,0.0,38.06,58744.9,BTC-28AUG26,58461.36,0.23375,58489.53,28AUG26,72000,,P,BTC-28AUG26-72000-P,,
0.028,0.0295,406.4,0.02867143,1782831723075,3.0,41.99,60076.78,BTC-26MAR27,58461.36,0.02875,58489.53,26MAR27,90000,,C,BTC-26MAR27-90000-C,,
0.0315,0.0325,70.8,0.03189417,1782831723076,0.0,41.92,60081.36,BTC-26MAR27,58461.36,0.032,58489.53,26MAR27,88000,,C,BTC-26MAR27-88000-C,,
,0.0001,272.9,3.674e-05,1782831723076,9.7,66.86,58467.34,BTC-3JUL26,58461.36,,58489.53,3JUL26,69000,,C,BTC-3JUL26-69000-C,,
0.6045,0.624,147.7,0.6127074,1782831723076,0.0,44.1,58957.23,BTC-25SEP26,58461.36,0.61425,58489.53,25SEP26,95000,,P,BTC-25SEP26-95000-P,,
0.0155,0.0165,202.1,0.01589117,1782831723076,0.4,40.94,59512.43,BTC-25DEC26,58461.36,0.016,58489.53,25DEC26,86000,,C,BTC-25DEC26-86000-C,,
0.2965,0.307,41.3,0.30191131,1782831723076,0.0,42.28,60076.78,BTC-26MAR27,58461.36,0.30175,58489.53,26MAR27,74000,,P,BTC-26MAR27-74000-P,,
0.002,0.0025,247.8,0.00224294,1782831723076,0.0,51.41,60076.78,BTC-26MAR27,58461.36,0.00225,58489.53,26MAR27,170000,,C,BTC-26MAR27-170000-C,,
0.2095,0.2995,3.3,0.24862535,1782831723076,0.0,38.09,58744.9,BTC-28AUG26,58461.36,0.2545,58489.53,28AUG26,73000,,P,BTC-28AUG26-73000-P,,
0.0295,0.0355,1094.4,0.03249114,1782831723076,111.9,46.3,58471.92,BTC-3JUL26,58461.36,0.0325,58489.53,3JUL26,60000,,P,BTC-3JUL26-60000-P,,
0.496,0.6025,0.0,0.53069995,1782831723076,0.0,42.58,60703.05,BTC-25JUN27,58461.36,0.54925,58489.53,25JUN27,90000,,P,BTC-25JUN27-90000-P,,
0.0695,0.071,48.4,0.07015421,1782831723076,0.7,42.28,60076.78,BTC-26MAR27,58461.36,0.07025,58489.53,26MAR27,74000,,C,BTC-26MAR27-74000-C,,
0.1595,0.1675,193.1,0.16253071,1782831723076,15.0,42.08,59512.43,BTC-25DEC26,58461.36,0.1635,58489.53,25DEC26,64000,,P,BTC-25DEC26-64000-P,,
0.001,0.0014,50.1,0.00115438,1782831723076,0.0,41.68,58744.9,BTC-28AUG26,58461.36,0.0012,58489.53,28AUG26,84000,,C,BTC-28AUG26-84000-C,,
0.203,0.206,0.0,0.20464295,1782831723076,0.0,46.07,60081.36,BTC-26MAR27,58461.36,0.2045,58489.53,26MAR27,54000,,C,BTC-26MAR27-54000-C,,
0.0065,0.0075,406.4,0.00699012,1782831723076,120.2,40.21,58507.61,BTC-10JUL26,58461.36,0.007,58489.53,10JUL26,62000,,C,BTC-10JUL26-62000-C,,
0.0105,0.011,3084.9,0.01078318,1782831723076,242.9,52.49,58604.41,BTC-31JUL26,58461.36,0.01075,58489.53,31JUL26,50000,,P,BTC-31JUL26-50000-P,,
1.5735,1.775,0.0,1.66591474,1782831723076,0.0,50.04,60081.36,BTC-26MAR27,58461.36,1.67425,58489.53,26MAR27,160000,,P,BTC-26MAR27-160000-P,,
0.0135,0.0145,152.1,0.01373782,1782831723076,31.4,49.24,58461.36,index_price,58461.36,0.014,58489.53,2JUL26,58500,,P,BTC-2JUL26-58500-P,,
0.041,0.118,0.0,0.07780625,1782831723076,0.0,52.1,58461.36,index_price,58461.36,0.0795,58489.53,2JUL26,63000,,P,BTC-2JUL26-63000-P,,
0.0395,0.041,63.3,0.04013244,1782831723076,0.4,40.73,59508.5,BTC-25DEC26,58461.36,0.04025,58489.53,25DEC26,74000,,C,BTC-25DEC26-74000-C,,
0.2425,0.255,97.7,0.24729841,1782831723076,0.0,40.39,58604.41,BTC-31JUL26,58461.36,0.24875,58489.53,31JUL26,73000,,P,BTC-31JUL26-73000-P,,
0.0615,0.131,0.0,0.09558307,1782831723076,0.0,66.16,58465.94,index_price,58461.36,0.09625,58489.53,4JUL26,53000,,C,BTC-4JUL26-53000-C,,
0.0004,0.0006,82.8,0.00052473,1782831723076,66.2,48.95,58461.36,index_price,58461.36,0.0005,58489.53,1JUL26,60500,,C,BTC-1JUL26-60500-C,,
0.0605,0.067,2.1,0.06415678,1782831723076,0.0,46.32,58540.12,BTC-17JUL26,58461.36,0.06375,58489.53,17JUL26,56000,,C,BTC-17JUL26-56000-C,,
0.0735,0.0745,552.8,0.07323254,1782831723076,39.9,42.1,58957.23,BTC-25SEP26,58461.36,0.074,58489.53,25SEP26,58000,,P,BTC-25SEP26-58000-P,,
0.0004,0.0007,2244.7,0.00050363,1782831723076,0.2,52.53,58953.3,BTC-25SEP26,58461.36,0.00055,58489.53,25SEP26,115000,,C,BTC-25SEP26-115000-C,,
0.0545,0.056,337.2,0.05527513,1782831723076,282.6,40.5,58748.83,BTC-28AUG26,58461.36,0.05525,58489.53,28AUG26,60000,,C,BTC-28AUG26-60000-C,,
0.3915,0.515,0.0,0.44629311,1782831723076,0.0,42.63,60707.63,BTC-25JUN27,58461.36,0.45325,58489.53,25JUN27,84000,,P,BTC-25JUN27-84000-P,,
0.94,1.0935,0.0,1.00460848,1782831723076,0.0,44.28,60081.36,BTC-26MAR27,58461.36,1.01675,58489.53,26MAR27,120000,,P,BTC-26MAR27-120000-P,,
0.033,0.109,0.0,0.06929616,1782831723076,0.0,48.54,58461.36,index_price,58461.36,0.071,58489.53,2JUL26,62500,,P,BTC-2JUL26-62500-P,,
0.015,0.016,2002.5,0.01530665,1782831723076,25.2,49.46,58604.41,BTC-31JUL26,58461.36,0.0155,58489.53,31JUL26,52000,,P,BTC-31JUL26-52000-P,,
0.0125,0.0135,139.9,0.01297719,1782831723076,36.1,49.38,58544.05,BTC-17JUL26,58461.36,0.013,58489.53,17JUL26,54000,,P,BTC-17JUL26-54000-P,,
0.6825,0.811,0.0,0.74529587,1782831723076,0.0,42.81,60076.78,BTC-26MAR27,58461.36,0.74675,58489.53,26MAR27,104000,,P,BTC-26MAR27-104000-P,,
0.0004,0.0006,324.6,0.0005,1782831723076,1.2,43.9,58507.61,BTC-10JUL26,58461.36,0.0005,58489.53,10JUL26,68000,,C,BTC-10JUL26-68000-C,,
0.0325,0.0335,432.7,0.03278851,1782831723076,162.8,43.52,58507.61,BTC-10JUL26,58461.36,0.033,58489.53,10JUL26,59000,,P,BTC-10JUL26-59000-P,,
0.0525,0.054,213.1,0.05302875,1782831723076,0.2,42.45,58748.83,BTC-28AUG26,58461.36,0.05325,58489.53,28AUG26,57000,,P,BTC-28AUG26-57000-P,,
0.5725,0.6445,9.0,0.58787569,1782831723076,0.0,42.15,60076.78,BTC-26MAR27,58461.36,0.6085,58489.53,26MAR27,94000,,P,BTC-26MAR27-94000-P,,
0.6785,0.6995,303.1,0.68655701,1782831723076,0.0,42.44,59512.43,BTC-25DEC26,58461.36,0.689,58489.53,25DEC26,100000,,P,BTC-25DEC26-100000-P,,
0.291,0.304,888.0,0.29743836,1782831723076,0.1,40.7,59512.43,BTC-25DEC26,58461.36,0.2975,58489.53,25DEC26,75000,,P,BTC-25DEC26-75000-P,,
0.196,0.209,96.9,0.20199484,1782831723076,0.0,38.07,58744.9,BTC-28AUG26,58461.36,0.2025,58489.53,28AUG26,70000,,P,BTC-28AUG26-70000-P,,
0.076,0.0775,950.2,0.07666838,1782831723076,235.6,40.5,58748.83,BTC-28AUG26,58461.36,0.07675,58489.53,28AUG26,60000,,P,BTC-28AUG26-60000-P,,
0.0003,0.0006,1435.3,0.00036494,1782831723076,0.0,58.76,58957.23,BTC-25SEP26,58461.36,0.00045,58489.53,25SEP26,130000,,C,BTC-25SEP26-130000-C,,
0.062,0.0635,421.5,0.06258696,1782831723076,0.5,42.14,60076.78,BTC-26MAR27,58461.36,0.06275,58489.53,26MAR27,76000,,C,BTC-26MAR27-76000-C,,
0.6115,0.654,0.4,0.62137554,1782831723076,0.0,59.86,58600.48,BTC-31JUL26,58461.36,0.63275,58489.53,31JUL26,95000,,P,BTC-31JUL26-95000-P,,
0.0001,0.0002,0.0,0.00018084,1782831723076,0.0,51.41,58465.94,index_price,58461.36,0.00015,58489.53,4JUL26,66000,,C,BTC-4JUL26-66000-C,,
0.2675,0.3175,0.1,0.281927,1782831723076,0.0,57.85,58512.19,BTC-10JUL26,58461.36,0.2925,58489.53,10JUL26,75000,,P,BTC-10JUL26-75000-P,,
0.0055,0.0065,66.0,0.00608695,1782831723076,73.4,54.6,58461.36,index_price,58461.36,0.006,58489.53,1JUL26,58000,,P,BTC-1JUL26-58000-P,,
0.0013,0.0018,485.3,0.00157309,1782831723076,1.0,42.97,58957.23,BTC-25SEP26,58461.36,0.00155,58489.53,25SEP26,92000,,C,BTC-25SEP26-92000-C,,
0.0023,0.0027,219.5,0.00252885,1782831723076,383.1,61.75,58461.36,index_price,58461.36,0.0025,58489.53,1JUL26,57000,,P,BTC-1JUL26-57000-P,,
0.0003,0.0006,2265.2,0.00042459,1782831723076,0.1,57.09,58953.3,BTC-25SEP26,58461.36,0.00045,58489.53,25SEP26,125000,,C,BTC-25SEP26-125000-C,,
0.0001,0.0004,278.4,0.00017774,1782831723076,0.0,55.15,58604.41,BTC-31JUL26,58461.36,0.00025,58489.53,31JUL26,91000,,C,BTC-31JUL26-91000-C,,
0.966,1.099,35.5,1.01900708,1782831723076,0.0,46.49,59512.43,BTC-25DEC26,58461.36,1.0325,58489.53,25DEC26,120000,,P,BTC-25DEC26-120000-P,,
0.0905,0.0955,7.0,0.09334648,1782831723076,0.2,43.22,58744.9,BTC-28AUG26,58461.36,0.093,58489.53,28AUG26,56000,,C,BTC-28AUG26-56000-C,,
0.008,0.0085,598.5,0.00811818,1782831723076,41.3,53.52,58507.61,BTC-10JUL26,58461.36,0.00825,58489.53,10JUL26,54000,,P,BTC-10JUL26-54000-P,,
0.2655,0.2755,5.1,0.27060895,1782831723076,0.0,43.56,60703.05,BTC-25JUN27,58461.36,0.2705,58489.53,25JUN27,70000,,P,BTC-25JUN27-70000-P,,
2.571,2.834,0.0,2.69742847,1782831723076,0.0,64.65,59512.43,BTC-25DEC26,58461.36,2.7025,58489.53,25DEC26,220000,,P,BTC-25DEC26-220000-P,,
0.0095,0.0795,0.0,0.04013217,1782831723076,0.0,43.17,58465.94,index_price,58461.36,0.0445,58489.53,4JUL26,60500,,P,BTC-4JUL26-60500-P,,
0.1155,0.1175,154.5,0.11633661,1782831723076,0.0,43.45,60076.78,BTC-26MAR27,58461.36,0.1165,58489.53,26MAR27,65000,,C,BTC-26MAR27-65000-C,,
0.0046,0.0055,1057.1,0.00511663,1782831723076,0.0,45.52,60076.78,BTC-26MAR27,58461.36,0.00505,58489.53,26MAR27,130000,,C,BTC-26MAR27-130000-C,,
0.0001,0.0003,1347.6,0.00016761,1782831723076,0.0,72.31,58957.23,BTC-25SEP26,58461.36,0.0002,58489.53,25SEP26,175000,,C,BTC-25SEP26-175000-C,,
0.2275,0.309,3.3,0.26464908,1782831723076,0.0,38.17,58744.9,BTC-28AUG26,58461.36,0.26825,58489.53,28AUG26,74000,,P,BTC-28AUG26-74000-P,,
0.166,0.172,51.0,0.16950442,1782831723076,0.0,48.71,58744.9,BTC-28AUG26,58461.36,0.169,58489.53,28AUG26,50000,,C,BTC-28AUG26-50000-C,,
0.039,0.0405,124.8,0.03974278,1782831723076,0.0,41.87,60076.78,BTC-26MAR27,58461.36,0.03975,58489.53,26MAR27,84000,,C,BTC-26MAR27-84000-C,,
0.023,0.0245,5.3,0.02367753,1782831723076,6.1,48.35,58465.94,index_price,58461.36,0.02375,58489.53,4JUL26,58000,,C,BTC-4JUL26-58000-C,,
0.0045,0.006,444.2,0.00514955,1782831723076,430.0,47.06,60703.05,BTC-25JUN27,58461.36,0.00525,58489.53,25JUN27,160000,,C,BTC-25JUN27-160000-C,,
0.448,0.4735,11.6,0.46139901,1782831723076,0.0,40.69,58953.3,BTC-25SEP26,58461.36,0.46075,58489.53,25SEP26,86000,,P,BTC-25SEP26-86000-P,,
0.0435,0.1105,0.0,0.07655655,1782831723076,0.0,82.13,58461.36,index_price,58461.36,0.077,58489.53,1JUL26,54000,,C,BTC-1JUL26-54000-C,,
0.0255,0.0265,774.6,0.02579294,1782831723076,6.3,38.45,58953.3,BTC-25SEP26,58461.36,0.026,58489.53,25SEP26,68000,,C,BTC-25SEP26-68000-C,,
,0.0004,94.0,8.58e-06,1782831723076,0.0,81.51,58953.3,BTC-25SEP26,58461.36,,58489.53,25SEP26,280000,,C,BTC-25SEP26-280000-C,,
0.0002,0.0007,196.3,0.00046181,1782831723076,0.0,66.52,59512.43,BTC-25DEC26,58461.36,0.00045,58489.53,25DEC26,230000,,C,BTC-25DEC26-230000-C,,
0.264,0.335,0.0,0.29985456,1782831723076,0.0,75.47,58471.92,BTC-3JUL26,58461.36,0.2995,58489.53,3JUL26,76000,,P,BTC-3JUL26-76000-P,,
0.0245,0.1,0.0,0.06086196,1782831723076,0.0,46.21,58461.36,index_price,58461.36,0.06225,58489.53,2JUL26,62000,,P,BTC-2JUL26-62000-P,,
0.056,0.058,1642.3,0.05690846,1782831723076,52.0,47.3,59512.43,BTC-25DEC26,58461.36,0.057,58489.53,25DEC26,50000,,P,BTC-25DEC26-50000-P,,
,0.0001,21.4,0.0,1782831723076,0.0,61.81,58461.36,index_price,58461.36,,58489.53,1JUL26,67000,,C,BTC-1JUL26-67000-C,,
0.006,0.0065,641.5,0.00629053,1782831723076,390.1,46.3,58467.34,BTC-3JUL26,58461.36,0.00625,58489.53,3JUL26,60000,,C,BTC-3JUL26-60000-C,,
0.013,0.062,0.0,0.02760302,1782831723076,0.0,61.75,58461.36,index_price,58461.36,0.0375,58489.53,1JUL26,57000,,C,BTC-1JUL26-57000-C,,
0.0245,0.0255,935.7,0.02480208,1782831723076,263.5,38.38,58748.83,BTC-28AUG26,58461.36,0.025,58489.53,28AUG26,65000,,C,BTC-28AUG26-65000-C,,
,0.0002,1062.5,7.145e-05,1782831723076,16.4,78.39,58604.41,BTC-31JUL26,58461.36,,58489.53,31JUL26,120000,,C,BTC-31JUL26-120000-C,,
0.1665,0.178,72.3,0.17237621,1782831723076,0.0,38.09,58744.9,BTC-28AUG26,58461.36,0.17225,58489.53,28AUG26,68000,,P,BTC-28AUG26-68000-P,,
,0.0001,90.6,2.595e-05,1782831723076,3.7,54.52,58461.36,index_price,58461.36,,58489.53,2JUL26,65000,,C,BTC-2JUL26-65000-C,,
0.0032,0.0038,69.8,0.00343932,1782831723076,0.5,38.45,58748.83,BTC-28AUG26,58461.36,0.0035,58489.53,28AUG26,76000,,C,BTC-28AUG26-76000-C,,
0.018,0.0185,1080.8,0.0182932,1782831723076,27.5,38.78,58604.41,BTC-31JUL26,58461.36,0.01825,58489.53,31JUL26,63000,,C,BTC-31JUL26-63000-C,,
0.0785,0.08,1812.8,0.07911236,1782831723076,200.4,45.33,59512.43,BTC-25DEC26,58461.36,0.07925,58489.53,25DEC26,54000,,P,BTC-25DEC26-54000-P,,
0.01,0.011,38.9,0.01069949,1782831723076,40.9,44.73,58465.94,index_price,58461.36,0.0105,58489.53,4JUL26,59500,,C,BTC-4JUL26-59500-C,,
0.5035,0.628,4.5,0.55630383,1782831723076,0.0,41.44,59512.43,BTC-25DEC26,58461.36,0.56575,58489.53,25DEC26,92000,,P,BTC-25DEC26-92000-P,,
0.32,0.3545,0.0,0.32442775,1782831723076,0.0,61.93,58744.9,BTC-28AUG26,58461.36,0.33725,58489.53,28AUG26,40000,,C,BTC-28AUG26-40000-C,,
0.3475,0.3605,182.2,0.35402075,1782831723076,0.1,41.98,60076.78,BTC-26MAR27,58461.36,0.354,58489.53,26MAR27,78000,,P,BTC-26MAR27-78000-P,,
0.13,0.133,7.2,0.13156883,1782831723076,0.0,44.61,58953.3,BTC-25SEP26,58461.36,0.1315,58489.53,25SEP26,54000,,C,BTC-25SEP26-54000-C,,
0.0038,0.0044,117.9,0.00403889,1782831723076,0.0,43.95,59512.43,BTC-25DEC26,58461.36,0.0041,58489.53,25DEC26,108000,,C,BTC-25DEC26-108000-C,,
0.123,0.126,6406.1,0.1241952,1782831723076,412.8,43.1,59512.43,BTC-25DEC26,58461.36,0.1245,58489.53,25DEC26,60000,,P,BTC-25DEC26-60000-P,,
0.0009,0.0013,193.4,0.00111762,1782831723076,182.8,47.76,58461.36,index_price,58461.36,0.0011,58489.53,1JUL26,60000,,C,BTC-1JUL26-60000-C,,
0.1965,0.2,3.7,0.19823552,1782831723076,3.2,45.6,60707.63,BTC-25JUN27,58461.36,0.19825,58489.53,25JUN27,58000,,C,BTC-25JUN27-58000-C,,
3.06,3.355,10.0,3.20135339,1782831723076,0.0,66.52,59512.43,BTC-25DEC26,58461.36,3.2075,58489.53,25DEC26,250000,,P,BTC-25DEC26-250000-P,,
0.0027,0.0031,1176.9,0.00286094,1782831723076,0.2,40.31,58953.3,BTC-25SEP26,58461.36,0.0029,58489.53,25SEP26,85000,,C,BTC-25SEP26-85000-C,,
2.0555,2.2905,0.9,2.16439326,1782831723076,0.0,54.3,60076.78,BTC-26MAR27,58461.36,2.173,58489.53,26MAR27,190000,,P,BTC-26MAR27-190000-P,,
0.0008,0.0013,1228.0,0.00101026,1782831723076,0.3,55.21,59512.43,BTC-25DEC26,58461.36,0.00105,58489.53,25DEC26,160000,,C,BTC-25DEC26-160000-C,,
0.4405,0.5635,4.3,0.49246947,1782831723076,0.0,41.06,59512.43,BTC-25DEC26,58461.36,0.502,58489.53,25DEC26,88000,,P,BTC-25DEC26-88000-P,,
0.6165,0.642,1.0,0.62959419,1782831723076,0.0,44.52,58957.23,BTC-25SEP26,58461.36,0.62925,58489.53,25SEP26,96000,,P,BTC-25SEP26-96000-P,,
0.568,0.6945,11.2,0.62118301,1782831723076,0.0,42.0,59508.5,BTC-25DEC26,58461.36,0.63125,58489.53,25DEC26,96000,,P,BTC-25DEC26-96000-P,,
0.4765,0.4965,8.1,0.48487818,1782831723076,0.0,50.83,58604.41,BTC-31JUL26,58461.36,0.4865,58489.53,31JUL26,87000,,P,BTC-31JUL26-87000-P,,
0.145,0.157,201.0,0.15005866,1782831723076,0.1,38.49,58604.41,BTC-31JUL26,58461.36,0.151,58489.53,31JUL26,67000,,P,BTC-31JUL26-67000-P,,
0.0115,0.0125,2330.3,0.01187307,1782831723076,75.3,41.26,59512.43,BTC-25DEC26,58461.36,0.012,58489.53,25DEC26,90000,,C,BTC-25DEC26-90000-C,,
0.109,0.1115,19.2,0.11016763,1782831723076,0.0,43.29,60076.78,BTC-26MAR27,58461.36,0.11025,58489.53,26MAR27,66000,,C,BTC-26MAR27-66000-C,,
0.1865,0.19,9.8,0.18852332,1782831723076,0.0,44.75,60703.05,BTC-25JUN27,58461.36,0.18825,58489.53,25JUN27,62000,,P,BTC-25JUN27-62000-P,,
0.0075,0.0085,346.2,0.00809478,1782831723076,121.1,52.85,58540.12,BTC-17JUL26,58461.36,0.008,58489.53,17JUL26,52000,,P,BTC-17JUL26-52000-P,,
2.216,2.4635,1.0,2.33058866,1782831723076,0.0,55.28,60076.78,BTC-26MAR27,58461.36,2.33975,58489.53,26MAR27,200000,,P,BTC-26MAR27-200000-P,,
0.3035,0.3075,3.2,0.30536924,1782831723076,0.0,49.85,60076.78,BTC-26MAR27,58461.36,0.3055,58489.53,26MAR27,45000,,C,BTC-26MAR27-45000-C,,
0.0027,0.0031,1715.9,0.00287716,1782831723076,341.4,73.42,58953.3,BTC-25SEP26,58461.36,0.0029,58489.53,25SEP26,30000,,P,BTC-25SEP26-30000-P,,
0.039,0.0795,17.7,0.07205175,1782831723076,2.9,39.62,58540.12,BTC-17JUL26,58461.36,0.05925,58489.53,17JUL26,62000,,P,BTC-17JUL26-62000-P,,
0.0027,0.0029,853.3,0.00265616,1782831723077,1.6,50.04,60076.78,BTC-26MAR27,58461.36,0.0028,58489.53,26MAR27,160000,,C,BTC-26MAR27-160000-C,,
,0.0004,293.8,1.034e-05,1782831723077,0.0,78.83,58957.23,BTC-25SEP26,58461.36,,58489.53,25SEP26,260000,,C,BTC-25SEP26-260000-C,,
0.1765,0.1885,216.9,0.18139005,1782831723077,0.1,38.58,58604.41,BTC-31JUL26,58461.36,0.1825,58489.53,31JUL26,69000,,P,BTC-31JUL26-69000-P,,
0.0003,0.0005,125.2,0.00040125,1782831723077,44.5,46.21,58461.36,index_price,58461.36,0.0004,58489.53,2JUL26,62000,,C,BTC-2JUL26-62000-C,,
0.18,0.1895,163.2,0.18404789,1782831723077,4.4,41.68,59512.43,BTC-25DEC26,58461.36,0.18475,58489.53,25DEC26,66000,,P,BTC-25DEC26-66000-P,,
0.004,0.0042,2398.0,0.00403865,1782831723077,5.5,39.58,58953.3,BTC-25SEP26,58461.36,0.0041,58489.53,25SEP26,82000,,C,BTC-25SEP26-82000-C,,
0.0735,0.113,3.0,0.0768767,1782831723077,0.0,47.75,58540.12,BTC-17JUL26,58461.36,0.09325,58489.53,17JUL26,55000,,C,BTC-17JUL26-55000-C,,
0.544,0.6235,0.2,0.55711789,1782831723077,0.0,42.05,60076.78,BTC-26MAR27,58461.36,0.58375,58489.53,26MAR27,92000,,P,BTC-26MAR27-92000-P,,
0.109,0.117,117.3,0.11253496,1782831723077,0.0,40.53,58507.61,BTC-10JUL26,58461.36,0.113,58489.53,10JUL26,65000,,P,BTC-10JUL26-65000-P,,
2.084,2.313,0.0,2.19351423,1782831723077,0.0,60.63,59512.43,BTC-25DEC26,58461.36,2.1985,58489.53,25DEC26,190000,,P,BTC-25DEC26-190000-P,,
,0.0001,1157.1,2.71e-06,1782831723077,4.0,71.62,58467.34,BTC-3JUL26,58461.36,,58489.53,3JUL26,73000,,C,BTC-3JUL26-73000-C,,
0.425,0.429,77.6,0.42680794,1782831723077,0.0,59.51,59512.43,BTC-25DEC26,58461.36,0.427,58489.53,25DEC26,35000,,C,BTC-25DEC26-35000-C,,
1.598,1.7915,0.0,1.68971309,1782831723077,0.0,55.21,59512.43,BTC-25DEC26,58461.36,1.69475,58489.53,25DEC26,160000,,P,BTC-25DEC26-160000-P,,
0.0001,0.0005,163.2,0.00022082,1782831723077,2.1,49.97,58600.48,BTC-31JUL26,58461.36,0.0003,58489.53,31JUL26,86000,,C,BTC-31JUL26-86000-C,,
0.0022,0.0028,6008.0,0.00247996,1782831723077,2.4,46.49,59512.43,BTC-25DEC26,58461.36,0.0025,58489.53,25DEC26,120000,,C,BTC-25DEC26-120000-C,,
0.2715,0.282,134.4,0.27712429,1782831723077,0.1,42.48,60081.36,BTC-26MAR27,58461.36,0.27675,58489.53,26MAR27,72000,,P,BTC-26MAR27-72000-P,,
0.1565,0.1715,6.7,0.16265239,1782831723077,0.0,43.9,58507.61,BTC-10JUL26,58461.36,0.164,58489.53,10JUL26,68000,,P,BTC-10JUL26-68000-P,,
0.51,0.53,5.9,0.51898403,1782831723077,0.0,52.69,58604.41,BTC-31JUL26,58461.36,0.52,58489.53,31JUL26,89000,,P,BTC-31JUL26-89000-P,,
0.0325,0.0935,0.0,0.05378133,1782831723077,0.0,45.88,58471.92,BTC-3JUL26,58461.36,0.063,58489.53,3JUL26,61500,,P,BTC-3JUL26-61500-P,,
0.0245,0.026,626.1,0.02509608,1782831723077,268.7,45.19,58507.61,BTC-10JUL26,58461.36,0.02525,58489.53,10JUL26,58000,,P,BTC-10JUL26-58000-P,,
0.001,0.0015,1635.6,0.00122648,1782831723077,4.5,53.34,59512.43,BTC-25DEC26,58461.36,0.00125,58489.53,25DEC26,150000,,C,BTC-25DEC26-150000-C,,
0.006,0.0065,1324.0,0.00651815,1782831723077,36.3,39.31,58540.12,BTC-17JUL26,58461.36,0.00625,58489.53,17JUL26,64000,,C,BTC-17JUL26-64000-C,,
0.132,0.135,108.4,0.13356037,1782831723077,0.0,44.94,60076.78,BTC-26MAR27,58461.36,0.1335,58489.53,26MAR27,58000,,P,BTC-26MAR27-58000-P,,
0.0825,0.091,44.2,0.08536109,1782831723077,0.0,39.26,58540.12,BTC-17JUL26,58461.36,0.08675,58489.53,17JUL26,63000,,P,BTC-17JUL26-63000-P,,
0.0355,0.0365,347.2,0.03575826,1782831723077,7.9,44.84,58748.83,BTC-28AUG26,58461.36,0.036,58489.53,28AUG26,54000,,P,BTC-28AUG26-54000-P,,
0.0014,0.0019,501.3,0.00165316,1782831723077,0.0,40.27,58748.83,BTC-28AUG26,58461.36,0.00165,58489.53,28AUG26,81000,,C,BTC-28AUG26-81000-C,,
0.0024,0.0029,1013.5,0.00270484,1782831723077,20.3,40.22,58507.61,BTC-10JUL26,58461.36,0.00265,58489.53,10JUL26,64000,,C,BTC-10JUL26-64000-C,,
0.051,0.0525,1460.4,0.05171996,1782831723077,38.3,41.55,58604.41,BTC-31JUL26,58461.36,0.05175,58489.53,31JUL26,59000,,P,BTC-31JUL26-59000-P,,
0.0125,0.013,79.0,0.01294271,1782831723077,5.4,39.62,58540.12,BTC-17JUL26,58461.36,0.01275,58489.53,17JUL26,62000,,C,BTC-17JUL26-62000-C,,
0.0003,0.0007,5.8,0.00046497,1782831723077,0.0,47.68,58744.9,BTC-28AUG26,58461.36,0.0005,58489.53,28AUG26,95000,,C,BTC-28AUG26-95000-C,,
0.031,0.0325,11.0,0.03171505,1782831723077,1.1,42.8,60707.63,BTC-25JUN27,58461.36,0.03175,58489.53,25JUN27,100000,,C,BTC-25JUN27-100000-C,,
0.082,0.1575,0.0,0.11487876,1782831723077,0.0,39.29,58540.12,BTC-17JUL26,58461.36,0.11975,58489.53,17JUL26,65000,,P,BTC-17JUL26-65000-P,,
0.0515,0.053,2.0,0.05241635,1782831723077,1.0,44.92,58540.12,BTC-17JUL26,58461.36,0.05225,58489.53,17JUL26,57000,,C,BTC-17JUL26-57000-C,,
0.0019,0.0024,648.5,0.00213737,1782831723077,3.9,41.31,58957.23,BTC-25SEP26,58461.36,0.00215,58489.53,25SEP26,88000,,C,BTC-25SEP26-88000-C,,
0.0745,0.076,82.1,0.07495797,1782831723077,8.7,41.68,59512.43,BTC-25DEC26,58461.36,0.07525,58489.53,25DEC26,66000,,C,BTC-25DEC26-66000-C,,
0.013,0.076,3.4,0.03689585,1782831723077,2.9,44.95,58461.36,index_price,58461.36,0.0445,58489.53,2JUL26,60500,,P,BTC-2JUL26-60500-P,,
0.005,0.006,141.1,0.00547155,1782831723077,9.0,42.8,59512.43,BTC-25DEC26,58461.36,0.0055,58489.53,25DEC26,102000,,C,BTC-25DEC26-102000-C,,
0.0115,0.0125,209.5,0.01239003,1782831723077,6.1,38.06,58748.83,BTC-28AUG26,58461.36,0.012,58489.53,28AUG26,69000,,C,BTC-28AUG26-69000-C,,
0.0135,0.015,56.0,0.01417779,1782831723077,0.9,42.81,60076.78,BTC-26MAR27,58461.36,0.01425,58489.53,26MAR27,104000,,C,BTC-26MAR27-104000-C,,
0.5715,0.6675,0.0,0.61767096,1782831723077,0.0,47.68,58744.9,BTC-28AUG26,58461.36,0.6195,58489.53,28AUG26,95000,,P,BTC-28AUG26-95000-P,,
0.0007,0.0012,2380.7,0.00092069,1782831723077,0.0,57.46,59508.5,BTC-25DEC26,58461.36,0.00095,58489.53,25DEC26,170000,,C,BTC-25DEC26-170000-C,,
0.038,0.0395,778.1,0.0387612,1782831723077,265.2,39.12,58957.23,BTC-25SEP26,58461.36,0.03875,58489.53,25SEP26,65000,,C,BTC-25SEP26-65000-C,,
0.0016,0.0019,24.7,0.00184814,1782831723077,24.7,43.17,58465.94,index_price,58461.36,0.00175,58489.53,4JUL26,62000,,C,BTC-4JUL26-62000-C,,
1.092,1.262,0.2,1.16901423,1782831723077,0.0,45.52,60076.78,BTC-26MAR27,58461.36,1.177,58489.53,26MAR27,130000,,P,BTC-26MAR27-130000-P,,
0.3745,0.388,139.4,0.38139652,1782831723077,0.0,41.93,60076.78,BTC-26MAR27,58461.36,0.38125,58489.53,26MAR27,80000,,P,BTC-26MAR27-80000-P,,
0.0405,0.0415,789.6,0.04087014,1782831723077,55.4,39.49,58748.83,BTC-28AUG26,58461.36,0.041,58489.53,28AUG26,62000,,C,BTC-28AUG26-62000-C,,
,0.0004,190.5,8.95e-06,1782831723077,0.0,84.97,58953.3,BTC-25SEP26,58461.36,,58489.53,25SEP26,300000,,C,BTC-25SEP26-300000-C,,
0.0255,0.097,0.0,0.0610506,1782831723077,0.0,66.06,58461.36,index_price,58461.36,0.06125,58489.53,2JUL26,55000,,C,BTC-2JUL26-55000-C,,
0.3695,0.3725,69.3,0.37116477,1782831723077,0.0,52.96,60076.78,BTC-26MAR27,58461.36,0.371,58489.53,26MAR27,40000,,C,BTC-26MAR27-40000-C,,
0.1515,0.1545,3.3,0.15320734,1782831723077,0.0,44.38,60703.05,BTC-25JUN27,58461.36,0.153,58489.53,25JUN27,64000,,C,BTC-25JUN27-64000-C,,
0.0002,0.0004,243.1,0.00028577,1782831723077,0.0,59.76,58957.23,BTC-25SEP26,58461.36,0.0003,58489.53,25SEP26,135000,,C,BTC-25SEP26-135000-C,,
0.2305,0.2435,281.3,0.23619486,1782831723077,0.0,38.25,58953.3,BTC-25SEP26,58461.36,0.237,58489.53,25SEP26,72000,,P,BTC-25SEP26-72000-P,,
0.4015,0.5135,0.8,0.45250567,1782831723077,0.0,41.89,60076.78,BTC-26MAR27,58461.36,0.4575,58489.53,26MAR27,85000,,P,BTC-26MAR27-85000-P,,
0.101,0.1075,5.2,0.10461361,1782831723077,0.2,44.01,58744.9,BTC-28AUG26,58461.36,0.10425,58489.53,28AUG26,55000,,C,BTC-28AUG26-55000-C,,
0.1075,0.11,862.1,0.10846813,1782831723077,58.6,40.17,58957.23,BTC-25SEP26,58461.36,0.10875,58489.53,25SEP26,62000,,P,BTC-25SEP26-62000-P,,
0.0007,0.001,2485.5,0.00084399,1782831723077,69.3,42.22,58604.41,BTC-31JUL26,58461.36,0.00085,58489.53,31JUL26,76000,,C,BTC-31JUL26-76000-C,,
0.0032,0.0037,32.0,0.00347675,1782831723077,15.7,45.0,58461.36,index_price,58461.36,0.00345,58489.53,2JUL26,60000,,C,BTC-2JUL26-60000-C,,
0.194,0.1965,28.6,0.19499229,1782831723077,0.0,45.75,60076.78,BTC-26MAR27,58461.36,0.19525,58489.53,26MAR27,55000,,C,BTC-26MAR27-55000-C,,
0.1355,0.138,42.6,0.13663029,1782831723077,0.2,44.0,60076.78,BTC-26MAR27,58461.36,0.13675,58489.53,26MAR27,62000,,C,BTC-26MAR27-62000-C,,
0.0001,0.0004,92.3,0.00020998,1782831723077,0.0,55.33,58744.9,BTC-28AUG26,58461.36,0.00025,58489.53,28AUG26,110000,,C,BTC-28AUG26-110000-C,,
0.1555,0.2215,2.0,0.18831034,1782831723077,0.0,55.34,58604.41,BTC-31JUL26,58461.36,0.1885,58489.53,31JUL26,48000,,C,BTC-31JUL26-48000-C,,
0.0005,0.0008,1277.8,0.00074368,1782831723077,657.3,49.89,58467.34,BTC-3JUL26,58461.36,0.00065,58489.53,3JUL26,63000,,C,BTC-3JUL26-63000-C,,
1.3895,1.5845,0.0,1.47739141,1782831723077,0.0,46.11,60707.63,BTC-25JUN27,58461.36,1.487,58489.53,25JUN27,150000,,P,BTC-25JUN27-150000-P,,
0.9665,1.1125,172.3,1.03598769,1782831723077,0.0,54.95,58957.23,BTC-25SEP26,58461.36,1.0395,58489.53,25SEP26,120000,,P,BTC-25SEP26-120000-P,,
0.2495,0.2545,0.0,0.25252556,1782831723077,0.0,47.13,60703.05,BTC-25JUN27,58461.36,0.252,58489.53,25JUN27,52000,,C,BTC-25JUN27-52000-C,,
0.0004,0.0007,10.1,0.00046851,1782831723077,0.0,46.82,58744.9,BTC-28AUG26,58461.36,0.00055,58489.53,28AUG26,94000,,C,BTC-28AUG26-94000-C,,
,0.0001,1153.0,1.1e-06,1782831723077,0.3,75.47,58467.34,BTC-3JUL26,58461.36,,58489.53,3JUL26,75000,,C,BTC-3JUL26-75000-C,,
0.178,0.1845,30.7,0.18199752,1782831723077,0.0,47.77,58957.23,BTC-25SEP26,58461.36,0.18125,58489.53,25SEP26,50000,,C,BTC-25SEP26-50000-C,,
0.0003,0.0007,12.8,0.00045849,1782831723077,0.0,48.49,58744.9,BTC-28AUG26,58461.36,0.0005,58489.53,28AUG26,96000,,C,BTC-28AUG26-96000-C,,
0.0075,0.008,54.8,0.00769736,1782831723077,6.6,53.52,58461.36,index_price,58461.36,0.00775,58489.53,2JUL26,57500,,P,BTC-2JUL26-57500-P,,
0.001,0.0013,3130.8,0.00109415,1782831723077,40.4,42.02,58604.41,BTC-31JUL26,58461.36,0.00115,58489.53,31JUL26,75000,,C,BTC-31JUL26-75000-C,,
0.001,0.0014,257.0,0.0011775,1782831723077,0.1,44.52,58953.3,BTC-25SEP26,58461.36,0.0012,58489.53,25SEP26,96000,,C,BTC-25SEP26-96000-C,,
0.009,0.0105,63.3,0.00987214,1782831723077,0.2,43.46,60076.78,BTC-26MAR27,58461.36,0.00975,58489.53,26MAR27,112000,,C,BTC-26MAR27-112000-C,,
0.044,0.0445,337.7,0.04422017,1782831723077,6.9,41.8,60076.78,BTC-26MAR27,58461.36,0.04425,58489.53,26MAR27,82000,,C,BTC-26MAR27-82000-C,,
0.023,0.024,13.0,0.02335225,1782831723077,31.1,45.83,58465.94,index_price,58461.36,0.0235,58489.53,4JUL26,59000,,P,BTC-4JUL26-59000-P,,
0.0001,0.0002,375.0,0.000142,1782831723077,2.5,72.14,58604.41,BTC-31JUL26,58461.36,0.00015,58489.53,31JUL26,108000,,C,BTC-31JUL26-108000-C,,
0.1185,0.122,83.2,0.12019259,1782831723077,1.0,43.93,58953.3,BTC-25SEP26,58461.36,0.12025,58489.53,25SEP26,55000,,C,BTC-25SEP26-55000-C,,
0.0031,0.0035,184.3,0.00330338,1782831723077,3.6,61.03,58540.12,BTC-17JUL26,58461.36,0.0033,58489.53,17JUL26,48000,,P,BTC-17JUL26-48000-P,,
0.0048,0.005,623.3,0.00514279,1782831723077,142.3,38.58,58604.41,BTC-31JUL26,58461.36,0.0049,58489.53,31JUL26,68000,,C,BTC-31JUL26-68000-C,,
0.015,0.0785,0.0,0.04534135,1782831723077,0.0,60.89,58461.36,index_price,58461.36,0.04675,58489.53,2JUL26,56000,,C,BTC-2JUL26-56000-C,,
0.0001,0.0005,1692.4,0.00017782,1782831723077,0.1,65.42,58604.41,BTC-31JUL26,58461.36,0.0003,58489.53,31JUL26,100000,,C,BTC-31JUL26-100000-C,,
0.2775,0.29,61.0,0.2836575,1782831723077,0.0,40.73,59508.5,BTC-25DEC26,58461.36,0.28375,58489.53,25DEC26,74000,,P,BTC-25DEC26-74000-P,,
0.3255,0.3305,0.3,0.32843501,1782831723077,0.0,49.71,60707.63,BTC-25JUN27,58461.36,0.328,58489.53,25JUN27,45000,,C,BTC-25JUN27-45000-C,,
0.014,0.082,0.7,0.04760985,1782831723077,0.0,58.65,58471.92,BTC-3JUL26,58461.36,0.048,58489.53,3JUL26,56000,,C,BTC-3JUL26-56000-C,,
0.011,0.0115,549.5,0.01123076,1782831723077,21.6,38.25,58957.23,BTC-25SEP26,58461.36,0.01125,58489.53,25SEP26,74000,,C,BTC-25SEP26-74000-C,,
0.014,0.015,465.3,0.01426501,1782831723077,203.4,38.49,58604.41,BTC-31JUL26,58461.36,0.0145,58489.53,31JUL26,64000,,C,BTC-31JUL26-64000-C,,
0.0021,0.0025,202.0,0.00237413,1782831723077,219.3,47.56,58461.36,index_price,58461.36,0.0023,58489.53,1JUL26,59500,,C,BTC-1JUL26-59500-C,,
0.2295,0.2355,0.0,0.23329267,1782831723077,0.0,46.56,60707.63,BTC-25JUN27,58461.36,0.2325,58489.53,25JUN27,54000,,C,BTC-25JUN27-54000-C,,
0.018,0.019,654.3,0.01851017,1782831723077,0.0,40.85,59512.43,BTC-25DEC26,58461.36,0.0185,58489.53,25DEC26,84000,,C,BTC-25DEC26-84000-C,,
0.1975,0.24,0.0,0.23079428,1782831723077,0.0,53.47,58507.61,BTC-10JUL26,58461.36,0.21875,58489.53,10JUL26,72000,,P,BTC-10JUL26-72000-P,,
0.0009,0.0013,296.4,0.00102686,1782831723077,0.6,42.12,58744.9,BTC-28AUG26,58461.36,0.0011,58489.53,28AUG26,85000,,C,BTC-28AUG26-85000-C,,
0.2915,0.3065,599.6,0.29763948,1782831723077,0.0,38.34,58953.3,BTC-25SEP26,58461.36,0.299,58489.53,25SEP26,76000,,P,BTC-25SEP26-76000-P,,
0.0003,0.0006,75.1,0.00036085,1782831723077,0.0,48.94,58744.9,BTC-28AUG26,58461.36,0.00045,58489.53,28AUG26,98000,,C,BTC-28AUG26-98000-C,,
,0.0001,104.7,1e-08,1782831723077,0.0,76.22,58467.34,BTC-3JUL26,58461.36,,58489.53,3JUL26,80000,,C,BTC-3JUL26-80000-C,,
0.047,0.0485,110.5,0.04755322,1782831723077,20.4,44.61,58957.23,BTC-25SEP26,58461.36,0.04775,58489.53,25SEP26,54000,,P,BTC-25SEP26-54000-P,,
0.0175,0.0185,5.1,0.01822651,1782831723077,5.1,51.11,58461.36,index_price,58461.36,0.018,58489.53,2JUL26,58000,,C,BTC-2JUL26-58000-C,,
0.0002,0.0006,145.5,0.00035705,1782831723077,0.0,50.55,58744.9,BTC-28AUG26,58461.36,0.0004,58489.53,28AUG26,100000,,C,BTC-28AUG26-100000-C,,
0.0335,0.035,280.3,0.03433459,1782831723077,0.5,40.68,59512.43,BTC-25DEC26,58461.36,0.03425,58489.53,25DEC26,76000,,C,BTC-25DEC26-76000-C,,
0.4205,0.549,0.0,0.47391796,1782831723077,0.0,42.58,60703.05,BTC-25JUN27,58461.36,0.48475,58489.53,25JUN27,86000,,P,BTC-25JUN27-86000-P,,
0.0012,0.0017,372.0,0.00145958,1782831723077,3.1,40.73,58748.83,BTC-28AUG26,58461.36,0.00145,58489.53,28AUG26,82000,,C,BTC-28AUG26-82000-C,,
0.0046,0.0055,62.9,0.0050266,1782831723077,0.6,43.33,59512.43,BTC-25DEC26,58461.36,0.00505,58489.53,25DEC26,104000,,C,BTC-25DEC26-104000-C,,
0.0335,0.0345,415.6,0.03393078,1782831723077,186.8,38.86,58957.23,BTC-25SEP26,58461.36,0.034,58489.53,25SEP26,66000,,C,BTC-25SEP26-66000-C,,
1.54,1.7265,0.1,1.62942462,1782831723077,0.0,66.47,58957.23,BTC-25SEP26,58461.36,1.63325,58489.53,25SEP26,155000,,P,BTC-25SEP26-155000-P,,
0.0006,0.0009,1119.6,0.00074386,1782831723077,0.0,48.44,58957.23,BTC-25SEP26,58461.36,0.00075,58489.53,25SEP26,105000,,C,BTC-25SEP26-105000-C,,
0.0024,0.0027,1473.1,0.00238905,1782831723077,2.9,39.32,58604.41,BTC-31JUL26,58461.36,0.00255,58489.53,31JUL26,71000,,C,BTC-31JUL26-71000-C,,
0.013,0.0145,2019.4,0.01368291,1782831723077,3.0,41.06,59512.43,BTC-25DEC26,58461.36,0.01375,58489.53,25DEC26,88000,,C,BTC-25DEC26-88000-C,,
0.0085,0.0095,105.1,0.00900421,1782831723077,106.1,47.13,58467.34,BTC-3JUL26,58461.36,0.009,58489.53,3JUL26,59500,,C,BTC-3JUL26-59500-C,,
0.0415,0.0425,11.4,0.04178269,1782831723077,2.4,43.55,58540.12,BTC-17JUL26,58461.36,0.042,58489.53,17JUL26,58000,,C,BTC-17JUL26-58000-C,,
0.136,0.139,0.4,0.13760289,1782831723077,0.3,46.02,60703.05,BTC-25JUN27,58461.36,0.1375,58489.53,25JUN27,56000,,P,BTC-25JUN27-56000-P,,
0.0125,0.0135,20.4,0.01314182,1782831723077,7.2,49.24,58461.36,index_price,58461.36,0.013,58489.53,2JUL26,58500,,C,BTC-2JUL26-58500-C,,
0.0255,0.0945,0.0,0.05970803,1782831723077,0.0,75.8,58461.36,index_price,58461.36,0.06,58489.53,1JUL26,55000,,C,BTC-1JUL26-55000-C,,
0.0002,0.0004,639.7,0.00027999,1782831723077,3.3,53.47,58507.61,BTC-10JUL26,58461.36,0.0003,58489.53,10JUL26,72000,,C,BTC-10JUL26-72000-C,,
0.698,0.822,0.0,0.76127501,1782831723077,0.0,42.87,60076.78,BTC-26MAR27,58461.36,0.76,58489.53,26MAR27,105000,,P,BTC-26MAR27-105000-P,,
0.329,0.3825,1.0,0.36376712,1782831723077,0.0,39.92,58748.83,BTC-28AUG26,58461.36,0.35575,58489.53,28AUG26,80000,,P,BTC-28AUG26-80000-P,,
0.0655,0.1375,1.6,0.10048023,1782831723077,0.0,46.94,58600.48,BTC-31JUL26,58461.36,0.1015,58489.53,31JUL26,54000,,C,BTC-31JUL26-54000-C,,
0.005,0.0055,862.5,0.00539709,1782831723077,355.6,58.65,58471.92,BTC-3JUL26,58461.36,0.00525,58489.53,3JUL26,56000,,P,BTC-3JUL26-56000-P,,
0.027,0.0275,877.2,0.02721732,1782831723077,6.9,46.66,58748.83,BTC-28AUG26,58461.36,0.02725,58489.53,28AUG26,52000,,P,BTC-28AUG26-52000-P,,
0.388,0.4045,194.7,0.3949779,1782831723077,0.0,39.58,58957.23,BTC-25SEP26,58461.36,0.39625,58489.53,25SEP26,82000,,P,BTC-25SEP26-82000-P,,
0.8125,0.91,0.0,0.87415315,1782831723077,0.0,43.46,60076.78,BTC-26MAR27,58461.36,0.86125,58489.53,26MAR27,112000,,P,BTC-26MAR27-112000-P,,
0.0135,0.015,11.9,0.01435381,1782831723077,11.9,45.83,58465.94,index_price,58461.36,0.01425,58489.53,4JUL26,59000,,C,BTC-4JUL26-59000-C,,
0.0003,0.0005,2856.4,0.00033495,1782831723077,0.5,46.61,58604.41,BTC-31JUL26,58461.36,0.0004,58489.53,31JUL26,82000,,C,BTC-31JUL26-82000-C,,
0.132,0.134,41.7,0.13292884,1782831723077,0.1,43.77,59512.43,BTC-25DEC26,58461.36,0.133,58489.53,25DEC26,58000,,C,BTC-25DEC26-58000-C,,
0.116,0.1265,323.0,0.12043624,1782831723077,0.4,38.5,58604.41,BTC-31JUL26,58461.36,0.12125,58489.53,31JUL26,65000,,P,BTC-31JUL26-65000-P,,
0.017,0.0915,0.0,0.05258957,1782831723077,0.0,45.29,58461.36,index_price,58461.36,0.05425,58489.53,2JUL26,61500,,P,BTC-2JUL26-61500-P,,
0.126,0.137,275.2,0.13131144,1782831723077,0.0,38.38,58744.9,BTC-28AUG26,58461.36,0.1315,58489.53,28AUG26,65000,,P,BTC-28AUG26-65000-P,,
0.215,0.258,8.1,0.24854678,1782831723077,0.0,71.62,58467.34,BTC-3JUL26,58461.36,0.2365,58489.53,3JUL26,73000,,P,BTC-3JUL26-73000-P,,
0.082,0.127,0.0,0.11153164,1782831723077,0.0,76.08,58471.92,BTC-3JUL26,58461.36,0.1045,58489.53,3JUL26,52000,,C,BTC-3JUL26-52000-C,,
0.1495,0.159,193.9,0.15346725,1782831723077,0.0,38.86,58957.23,BTC-25SEP26,58461.36,0.15425,58489.53,25SEP26,66000,,P,BTC-25SEP26-66000-P,,
0.0475,0.0485,57.3,0.04809071,1782831723077,0.4,42.58,60703.05,BTC-25JUN27,58461.36,0.048,58489.53,25JUN27,90000,,C,BTC-25JUN27-90000-C,,
0.0165,0.018,1796.0,0.01718626,1782831723077,9.1,40.92,59508.5,BTC-25DEC26,58461.36,0.01725,58489.53,25DEC26,85000,,C,BTC-25DEC26-85000-C,,
0.013,0.078,0.0,0.04320696,1782831723077,0.0,68.75,58461.36,index_price,58461.36,0.0455,58489.53,1JUL26,56000,,C,BTC-1JUL26-56000-C,,
0.0004,0.0005,0.0,0.00045353,1782831723077,0.0,45.69,58465.94,index_price,58461.36,0.00045,58489.53,4JUL26,64000,,C,BTC-4JUL26-64000-C,,
0.6255,0.663,1.1,0.65379643,1782831723077,0.0,42.22,59512.43,BTC-25DEC26,58461.36,0.64425,58489.53,25DEC26,98000,,P,BTC-25DEC26-98000-P,,
0.0185,0.0195,151.7,0.01899175,1782831723077,59.3,46.99,58507.61,BTC-10JUL26,58461.36,0.019,58489.53,10JUL26,57000,,P,BTC-10JUL26-57000-P,,
0.055,0.056,271.2,0.05568219,1782831723077,6.0,41.98,60076.78,BTC-26MAR27,58461.36,0.0555,58489.53,26MAR27,78000,,C,BTC-26MAR27-78000-C,,
0.4975,0.563,0.5,0.53276212,1782831723077,0.0,44.98,58744.9,BTC-28AUG26,58461.36,0.53025,58489.53,28AUG26,90000,,P,BTC-28AUG26-90000-P,,
0.0185,0.0195,285.9,0.01914679,1782831723077,305.3,47.06,58465.94,index_price,58461.36,0.019,58489.53,4JUL26,58500,,P,BTC-4JUL26-58500-P,,
,0.0002,148.0,7.401e-05,1782831723077,112.0,56.09,58461.36,index_price,58461.36,,58489.53,1JUL26,62000,,C,BTC-1JUL26-62000-C,,
0.412,0.479,0.4,0.44800064,1782831723077,0.0,42.12,58748.83,BTC-28AUG26,58461.36,0.4455,58489.53,28AUG26,85000,,P,BTC-28AUG26-85000-P,,
2.2775,2.516,0.1,2.39257757,1782831723077,0.0,72.31,58957.23,BTC-25SEP26,58461.36,2.39675,58489.53,25SEP26,200000,,P,BTC-25SEP26-200000-P,,
0.014,0.015,299.8,0.01479719,1782831723077,39.8,38.09,58744.9,BTC-28AUG26,58461.36,0.0145,58489.53,28AUG26,68000,,C,BTC-28AUG26-68000-C,,
0.1385,0.1455,51.0,0.14200983,1782831723078,0.0,46.66,58744.9,BTC-28AUG26,58461.36,0.142,58489.53,28AUG26,52000,,C,BTC-28AUG26-52000-C,,
0.0285,0.03,235.2,0.02942029,1782831723078,0.6,40.7,59512.43,BTC-25DEC26,58461.36,0.02925,58489.53,25DEC26,78000,,C,BTC-25DEC26-78000-C,,
0.437,0.4545,454.5,0.44468821,1782831723078,0.0,40.31,58957.23,BTC-25SEP26,58461.36,0.44575,58489.53,25SEP26,85000,,P,BTC-25SEP26-85000-P,,
0.0445,0.114,0.0,0.07948297,1782831723078,0.0,62.49,58465.94,index_price,58461.36,0.07925,58489.53,4JUL26,54000,,C,BTC-4JUL26-54000-C,,
0.1095,0.1195,7.3,0.11650434,1782831723078,0.0,44.84,58744.9,BTC-28AUG26,58461.36,0.1145,58489.53,28AUG26,54000,,C,BTC-28AUG26-54000-C,,
0.0001,0.0002,45.7,0.00015107,1782831723078,4.2,70.59,58604.41,BTC-31JUL26,58461.36,0.00015,58489.53,31JUL26,106000,,C,BTC-31JUL26-106000-C,,
0.078,0.0845,941.9,0.08142197,1782831723078,1.1,39.32,58604.41,BTC-31JUL26,58461.36,0.08125,58489.53,31JUL26,62000,,P,BTC-31JUL26-62000-P,,
0.074,0.1535,0.0,0.11189902,1782831723078,0.0,48.8,58465.94,index_price,58461.36,0.11375,58489.53,4JUL26,65000,,P,BTC-4JUL26-65000-P,,
0.0485,0.0505,403.5,0.04949977,1782831723078,35.1,41.27,58544.05,BTC-17JUL26,58461.36,0.0495,58489.53,17JUL26,60000,,P,BTC-17JUL26-60000-P,,
0.597,0.6145,85.9,0.60488319,1782831723078,0.0,41.84,59512.43,BTC-25DEC26,58461.36,0.60575,58489.53,25DEC26,95000,,P,BTC-25DEC26-95000-P,,
