bid_price,ask_price,open_interest,mark_price,creation_timestamp_x,volume,mark_iv,underlying_price,underlying_index,estimated_delivery_price,mid_price,price_index,expiration_timestamp,strike,settlement_period,option_type,instrument_id,bid_size,ask_size
0.216,0.2235,27.3,0.21985156,1782377223689,0.0,37.02,61936.47,BTC-28AUG26,61690.21,0.21975,61684.85,28AUG26,75000,,P,BTC-28AUG26-75000-P,,
0.097,0.1745,0.0,0.13538848,1782377223689,0.0,62.85,61690.21,index_price,61690.21,0.13575,61684.85,28JUN26,70000,,P,BTC-28JUN26-70000-P,,
0.104,0.14,237.1,0.10839843,1782377223689,0.0,98.98,61675.41,BTC-26JUN26,61690.21,0.122,61684.85,26JUN26,55000,,C,BTC-26JUN26-55000-C,,
0.028,0.0295,113.8,0.02870145,1782377223689,0.1,42.24,63462.21,BTC-26MAR27,61690.21,0.02875,61684.85,26MAR27,96000,,C,BTC-26MAR27-96000-C,,
0.0055,0.0065,87.2,0.00625264,1782377223689,2.1,37.02,61935.63,BTC-28AUG26,61690.21,0.006,61684.85,28AUG26,77000,,C,BTC-28AUG26-77000-C,,
0.281,0.38,0.0,0.32695692,1782377223689,0.0,38.26,61935.63,BTC-28AUG26,61690.21,0.3305,61684.85,28AUG26,82000,,P,BTC-28AUG26-82000-P,,
,0.0001,3986.7,4.844e-05,1782377223689,190.9,90.3,61674.67,BTC-26JUN26,61690.21,,61684.85,26JUN26,70000,,C,BTC-26JUN26-70000-C,,
0.1865,0.192,1047.7,0.18941382,1782377223689,7.6,41.62,62802.44,BTC-25DEC26,61690.21,0.18925,61684.85,25DEC26,70000,,P,BTC-25DEC26-70000-P,,
0.0025,0.0029,626.6,0.00272993,1782377223689,2.1,45.75,62802.44,BTC-25DEC26,61690.21,0.0027,61684.85,25DEC26,125000,,C,BTC-25DEC26-125000-C,,
0.0365,0.0455,0.1,0.0446591,1782377223689,0.1,54.35,64117.829999999994,SYN.BTC-25JUN27,61690.21,0.041,61684.85,25JUN27,40000,,P,BTC-25JUN27-40000-P,,
0.0011,0.0014,403.8,0.00118709,1782377223689,22.2,39.24,61767.95,BTC-31JUL26,61690.21,0.00125,61684.85,31JUL26,79000,,C,BTC-31JUL26-79000-C,,
0.0002,0.0005,1124.4,0.0002469,1782377223689,2.2,56.23,62170.32,BTC-25SEP26,61690.21,0.00035,61684.85,25SEP26,140000,,C,BTC-25SEP26-140000-C,,
0.0085,0.0095,3722.4,0.00909248,1782377223689,96.8,41.7,62801.47,BTC-25DEC26,61690.21,0.009,61684.85,25DEC26,100000,,C,BTC-25DEC26-100000-C,,
0.036,0.0735,2.4,0.03889051,1782377223689,2.4,43.34,61690.21,index_price,61690.21,0.05475,61684.85,28JUN26,59500,,C,BTC-28JUN26-59500-C,,
0.0042,0.0046,445.2,0.0046464,1782377223689,346.6,35.49,61684.92,BTC-10JUL26,61690.21,0.0044,61684.85,10JUL26,67000,,C,BTC-10JUL26-67000-C,,
0.1385,0.1415,225.5,0.14005391,1782377223689,1.2,44.55,63462.21,BTC-26MAR27,61690.21,0.14,61684.85,26MAR27,62000,,P,BTC-26MAR27-62000-P,,
0.586,0.706,0.4,0.64190967,1782377223689,0.0,43.8,62170.32,BTC-25SEP26,61690.21,0.646,61684.85,25SEP26,102000,,P,BTC-25SEP26-102000-P,,
0.094,0.0975,82.3,0.09605501,1782377223689,74.0,42.89,61936.59,BTC-28AUG26,61690.21,0.09575,61684.85,28AUG26,59000,,C,BTC-28AUG26-59000-C,,
0.0017,0.0021,0.2,0.00222163,1782377223689,0.2,55.52,61671.294,SYN.BTC-29JUN26,61690.21,0.0019,61684.85,29JUN26,57000,,P,BTC-29JUN26-57000-P,,
0.086,0.088,1082.1,0.08718071,1782377223689,11.0,44.97,62802.44,BTC-25DEC26,61690.21,0.087,61684.85,25DEC26,58000,,P,BTC-25DEC26-58000-P,,
0.0006,0.0008,2.5,0.00073984,1782377223689,2.5,68.69,61690.21,index_price,61690.21,0.0007,61684.85,28JUN26,55000,,P,BTC-28JUN26-55000-P,,
0.0004,0.0007,1217.2,0.00055519,1782377223689,1031.4,42.62,61682.91,BTC-3JUL26,61690.21,0.00055,61684.85,3JUL26,70000,,C,BTC-3JUL26-70000-C,,
0.109,0.115,0.0,0.11193275,1782377223689,0.0,59.04,61682.17,BTC-3JUL26,61690.21,0.112,61684.85,3JUL26,55000,,C,BTC-3JUL26-55000-C,,
0.639,0.7605,0.0,0.69590652,1782377223689,0.0,50.34,61935.63,BTC-28AUG26,61690.21,0.69975,61684.85,28AUG26,105000,,P,BTC-28AUG26-105000-P,,
0.0085,0.009,105.4,0.00885474,1782377223689,87.9,50.22,61684.92,BTC-10JUL26,61690.21,0.00875,61684.85,10JUL26,56000,,P,BTC-10JUL26-56000-P,,
0.0002,0.0006,254.7,0.00036447,1782377223689,0.1,60.16,62801.47,BTC-25DEC26,61690.21,0.0004,61684.85,25DEC26,220000,,C,BTC-25DEC26-220000-C,,
0.064,0.0655,972.1,0.06475227,1782377223689,5.5,42.14,63462.21,BTC-26MAR27,61690.21,0.06475,61684.85,26MAR27,80000,,C,BTC-26MAR27-80000-C,,
1.7205,1.9195,0.2,1.81510799,1782377223689,0.0,65.78,62170.32,BTC-25SEP26,61690.21,1.82,61684.85,25SEP26,175000,,P,BTC-25SEP26-175000-P,,
0.0028,0.0033,0.0,0.00324271,1782377223689,0.0,35.99,61712.34333333333,SYN.BTC-17JUL26,61690.21,0.00305,61684.85,17JUL26,70000,,C,BTC-17JUL26-70000-C,,
0.022,0.0255,1235.0,0.02309127,1782377223689,132.8,39.53,61675.41,BTC-26JUN26,61690.21,0.02375,61684.85,26JUN26,63000,,P,BTC-26JUN26-63000-P,,
0.074,0.076,104.7,0.07520354,1782377223689,1.9,45.82,62802.44,BTC-25DEC26,61690.21,0.075,61684.85,25DEC26,56000,,P,BTC-25DEC26-56000-P,,
0.2205,0.242,2961.5,0.22395987,1782377223689,0.0,37.7,62170.32,BTC-25SEP26,61690.21,0.23125,61684.85,25SEP26,75000,,P,BTC-25SEP26-75000-P,,
0.0042,0.0046,46.7,0.00436129,1782377223689,74.0,48.16,61690.21,index_price,61690.21,0.0044,61684.85,27JUN26,60000,,P,BTC-27JUN26-60000-P,,
0.0015,0.0018,1578.3,0.00168019,1782377223689,1.3,48.52,62801.47,BTC-25DEC26,61690.21,0.00165,61684.85,25DEC26,140000,,C,BTC-25DEC26-140000-C,,
0.0029,0.0032,3083.6,0.00304717,1782377223689,0.5,39.92,62170.32,BTC-25SEP26,61690.21,0.00305,61684.85,25SEP26,90000,,C,BTC-25SEP26-90000-C,,
0.2545,0.262,133.4,0.25887035,1782377223689,0.0,40.98,62802.44,BTC-25DEC26,61690.21,0.25825,61684.85,25DEC26,76000,,P,BTC-25DEC26-76000-P,,
,0.0005,1251.6,0.00034791,1782377223689,0.2,65.12,62802.44,BTC-25DEC26,61690.21,,61684.85,25DEC26,250000,,C,BTC-25DEC26-250000-C,,
0.108,0.1105,942.9,0.10939109,1782377223689,6.1,43.08,63462.21,BTC-26MAR27,61690.21,0.10925,61684.85,26MAR27,70000,,C,BTC-26MAR27-70000-C,,
0.4735,0.58,7.7,0.52417916,1782377223689,0.0,90.6,61675.41,BTC-26JUN26,61690.21,0.52675,61684.85,26JUN26,94000,,P,BTC-26JUN26-94000-P,,
,0.0001,264.7,0.0,1782377223689,0.0,125.22,61675.41,BTC-26JUN26,61690.21,,61684.85,26JUN26,155000,,C,BTC-26JUN26-155000-C,,
0.0013,0.0016,158.2,0.00148691,1782377223689,1.0,40.83,61935.63,BTC-28AUG26,61690.21,0.00145,61684.85,28AUG26,88000,,C,BTC-28AUG26-88000-C,,
0.321,0.379,104.4,0.32835297,1782377223689,0.0,41.22,61767.95,BTC-31JUL26,61690.21,0.35,61684.85,31JUL26,82000,,P,BTC-31JUL26-82000-P,,
,0.0001,1118.1,0.0,1782377223689,0.1,90.59,61675.41,BTC-26JUN26,61690.21,,61684.85,26JUN26,86000,,C,BTC-26JUN26-86000-C,,
0.03,0.031,317.7,0.03037904,1782377223689,60.4,46.51,61936.59,BTC-28AUG26,61690.21,0.0305,61684.85,28AUG26,55000,,P,BTC-28AUG26-55000-P,,
,0.0002,1804.6,0.00013515,1782377223689,106.1,69.82,61675.41,BTC-26JUN26,61690.21,,61684.85,26JUN26,67000,,C,BTC-26JUN26-67000-C,,
0.0065,0.0075,295.5,0.00695723,1782377223689,22.7,60.05,61767.29,BTC-31JUL26,61690.21,0.007,61684.85,31JUL26,48000,,P,BTC-31JUL26-48000-P,,
0.0035,0.0038,1323.8,0.00363668,1782377223689,829.1,59.04,61683.31,BTC-3JUL26,61690.21,0.00365,61684.85,3JUL26,55000,,P,BTC-3JUL26-55000-P,,
0.0835,0.0915,19.3,0.08785885,1782377223689,0.6,36.91,61682.17,BTC-3JUL26,61690.21,0.0875,61684.85,3JUL26,67000,,P,BTC-3JUL26-67000-P,,
0.2895,0.346,379.7,0.29625993,1782377223689,2.2,40.03,61767.95,BTC-31JUL26,61690.21,0.31775,61684.85,31JUL26,80000,,P,BTC-31JUL26-80000-P,,
0.0455,0.047,70.2,0.04613789,1782377223689,14.5,51.14,63462.21,BTC-26MAR27,61690.21,0.04625,61684.85,26MAR27,45000,,P,BTC-26MAR27-45000-P,,
0.152,0.1595,110.0,0.15605742,1782377223689,0.0,36.32,61767.95,BTC-31JUL26,61690.21,0.15575,61684.85,31JUL26,71000,,P,BTC-31JUL26-71000-P,,
0.0975,0.141,0.0,0.10285219,1782377223689,0.0,61.2,61690.21,index_price,61690.21,0.11925,61684.85,27JUN26,68000,,P,BTC-27JUN26-68000-P,,
0.7995,0.9315,0.3,0.86200739,1782377223689,0.0,69.13,61767.95,BTC-31JUL26,61690.21,0.8655,61684.85,31JUL26,115000,,P,BTC-31JUL26-115000-P,,
0.139,0.143,526.1,0.14043537,1782377223689,0.0,42.65,62801.47,BTC-25DEC26,61690.21,0.141,61684.85,25DEC26,65000,,P,BTC-25DEC26-65000-P,,
0.0006,0.0009,1236.7,0.00068871,1782377223689,1.0,42.22,61767.95,BTC-31JUL26,61690.21,0.00075,61684.85,31JUL26,83000,,C,BTC-31JUL26-83000-C,,
0.122,0.1395,0.0,0.12491049,1782377223689,0.0,74.68,61690.21,index_price,61690.21,0.13075,61684.85,28JUN26,54000,,C,BTC-28JUN26-54000-C,,
0.0002,0.0004,0.0,0.00027098,1782377223689,0.0,91.42,61690.21,index_price,61690.21,0.0003,61684.85,28JUN26,51000,,P,BTC-28JUN26-51000-P,,
0.01,0.011,716.3,0.01057289,1782377223689,196.0,36.3,61767.95,BTC-31JUL26,61690.21,0.0105,61684.85,31JUL26,69000,,C,BTC-31JUL26-69000-C,,
0.012,0.0195,0.0,0.01504879,1782377223689,0.0,44.62,64117.829999999994,SYN.BTC-25JUN27,61690.21,0.01575,61684.85,25JUN27,130000,,C,BTC-25JUN27-130000-C,,
0.0755,0.077,100.9,0.07630848,1782377223689,4.2,40.03,61936.47,BTC-28AUG26,61690.21,0.07625,61684.85,28AUG26,63000,,P,BTC-28AUG26-63000-P,,
0.717,0.8435,0.0,0.77653306,1782377223689,0.0,52.84,61935.63,BTC-28AUG26,61690.21,0.78025,61684.85,28AUG26,110000,,P,BTC-28AUG26-110000-P,,
0.382,0.387,63.3,0.38484471,1782377223689,0.0,57.61,62802.44,BTC-25DEC26,61690.21,0.3845,61684.85,25DEC26,40000,,C,BTC-25DEC26-40000-C,,
0.0002,0.0003,9.3,0.00024811,1782377223689,3.2,61.2,61690.21,index_price,61690.21,0.00025,61684.85,27JUN26,68000,,C,BTC-27JUN26-68000-C,,
0.005,0.0065,1.0,0.0061439,1782377223689,1.0,35.58,61712.34333333333,SYN.BTC-17JUL26,61690.21,0.00575,61684.85,17JUL26,68000,,C,BTC-17JUL26-68000-C,,
1.078,1.2375,0.6,1.15166954,1782377223689,0.0,47.65,62802.44,BTC-25DEC26,61690.21,1.15775,61684.85,25DEC26,135000,,P,BTC-25DEC26-135000-P,,
0.018,0.0195,150.3,0.01879842,1782377223689,0.0,42.72,63462.21,BTC-26MAR27,61690.21,0.01875,61684.85,26MAR27,105000,,C,BTC-26MAR27-105000-C,,
0.076,0.1425,0.0,0.10919958,1782377223689,0.0,62.98,61671.758,SYN.BTC-29JUN26,61690.21,0.10925,61684.85,29JUN26,55000,,C,BTC-29JUN26-55000-C,,
0.536,0.681,12.1,0.59947317,1782377223689,0.0,42.39,63461.01,BTC-26MAR27,61690.21,0.6085,61684.85,26MAR27,100000,,P,BTC-26MAR27-100000-P,,
0.0425,0.044,305.7,0.04327185,1782377223689,55.9,43.69,61936.59,BTC-28AUG26,61690.21,0.04325,61684.85,28AUG26,58000,,P,BTC-28AUG26-58000-P,,
0.1035,0.1765,0.1,0.13633728,1782377223689,0.0,37.06,61684.54,BTC-10JUL26,61690.21,0.14,61684.85,10JUL26,70000,,P,BTC-10JUL26-70000-P,,
0.026,0.027,1458.5,0.02643989,1782377223689,678.0,37.5,61768.43,BTC-31JUL26,61690.21,0.0265,61684.85,31JUL26,65000,,C,BTC-31JUL26-65000-C,,
0.266,0.3645,0.1,0.31132565,1782377223689,0.0,38.1,61935.63,BTC-28AUG26,61690.21,0.31525,61684.85,28AUG26,81000,,P,BTC-28AUG26-81000-P,,
0.006,0.0065,0.0,0.00717694,1782377223689,0.0,42.63,61671.758,SYN.BTC-29JUN26,61690.21,0.00625,61684.85,29JUN26,60000,,P,BTC-29JUN26-60000-P,,
,,0.0,1.04247993,1782377223689,0.0,44.62,64117.829999999994,SYN.BTC-25JUN27,61690.21,,61684.85,25JUN27,130000,,P,BTC-25JUN27-130000-P,,
,0.0001,135.9,0.0,1782377223689,0.0,125.23,61675.41,BTC-26JUN26,61690.21,,61684.85,26JUN26,320000,,C,BTC-26JUN26-320000-C,,
,0.0001,244.9,0.0,1782377223689,0.0,90.6,61675.41,BTC-26JUN26,61690.21,,61684.85,26JUN26,94000,,C,BTC-26JUN26-94000-C,,
0.0105,0.011,250.5,0.01092781,1782377223689,13.5,57.75,61935.63,BTC-28AUG26,61690.21,0.01075,61684.85,28AUG26,46000,,P,BTC-28AUG26-46000-P,,
1.1945,1.3525,23.1,1.27005406,1782377223689,0.0,113.48,61674.67,BTC-26JUN26,61690.21,1.2735,61684.85,26JUN26,140000,,P,BTC-26JUN26-140000-P,,
0.086,0.0965,0.0,0.09286532,1782377223689,0.0,43.29,64117.829999999994,SYN.BTC-25JUN27,61690.21,0.09125,61684.85,25JUN27,80000,,C,BTC-25JUN27-80000-C,,
0.0047,0.006,719.9,0.00532782,1782377223689,5.5,46.26,63462.21,BTC-26MAR27,61690.21,0.00535,61684.85,26MAR27,140000,,C,BTC-26MAR27-140000-C,,
1.4295,1.6045,1.8,1.51327414,1782377223689,0.0,125.22,61675.41,BTC-26JUN26,61690.21,1.517,61684.85,26JUN26,155000,,P,BTC-26JUN26-155000-P,,
0.1965,0.2015,2.3,0.19943262,1782377223689,0.0,56.25,61767.95,BTC-31JUL26,61690.21,0.199,61684.85,31JUL26,50000,,C,BTC-31JUL26-50000-C,,
0.1265,0.129,85.9,0.12805829,1782377223689,27.0,43.49,62802.44,BTC-25DEC26,61690.21,0.12775,61684.85,25DEC26,62000,,C,BTC-25DEC26-62000-C,,
0.163,0.1725,2839.7,0.16746231,1782377223689,297.8,90.58,61675.41,BTC-26JUN26,61690.21,0.16775,61684.85,26JUN26,72000,,P,BTC-26JUN26-72000-P,,
,0.0001,6250.0,0.0,1782377223689,117.7,90.58,61675.41,BTC-26JUN26,61690.21,,61684.85,26JUN26,80000,,C,BTC-26JUN26-80000-C,,
0.079,0.0895,0.0,0.08535055,1782377223689,0.0,43.16,64117.829999999994,SYN.BTC-25JUN27,61690.21,0.08425,61684.85,25JUN27,82000,,C,BTC-25JUN27-82000-C,,
0.025,0.033,0.0,0.02914557,1782377223689,0.0,43.6,64117.829999999994,SYN.BTC-25JUN27,61690.21,0.029,61684.85,25JUN27,110000,,C,BTC-25JUN27-110000-C,,
0.519,0.5215,98.7,0.52062045,1782377223689,0.8,77.63,62170.32,BTC-25SEP26,61690.21,0.52025,61684.85,25SEP26,30000,,C,BTC-25SEP26-30000-C,,
0.6905,0.8145,0.0,0.74880072,1782377223689,0.0,64.91,61767.95,BTC-31JUL26,61690.21,0.7525,61684.85,31JUL26,108000,,P,BTC-31JUL26-108000-P,,
0.0038,0.0042,301.0,0.00404662,1782377223689,41.9,36.58,61768.43,BTC-31JUL26,61690.21,0.004,61684.85,31JUL26,73000,,C,BTC-31JUL26-73000-C,,
0.0155,0.0175,48.4,0.01660308,1782377223689,0.1,43.02,63461.01,BTC-26MAR27,61690.21,0.0165,61684.85,26MAR27,108000,,C,BTC-26MAR27-108000-C,,
0.8025,0.9325,286.3,0.86468727,1782377223689,0.0,95.7,61675.41,BTC-26JUN26,61690.21,0.8675,61684.85,26JUN26,115000,,P,BTC-26JUN26-115000-P,,
1.978,2.1925,5.8,2.08078766,1782377223689,0.0,125.23,61675.41,BTC-26JUN26,61690.21,2.08525,61684.85,26JUN26,190000,,P,BTC-26JUN26-190000-P,,
,0.0002,352.2,0.0001693,1782377223689,0.4,65.61,62169.58,BTC-25SEP26,61690.21,,61684.85,25SEP26,170000,,C,BTC-25SEP26-170000-C,,
0.07,0.076,70.8,0.07263575,1782377223689,0.9,35.77,61682.17,BTC-3JUL26,61690.21,0.073,61684.85,3JUL26,66000,,P,BTC-3JUL26-66000-P,,
0.1435,0.147,260.2,0.14512395,1782377223689,25.2,44.2,62802.44,BTC-25DEC26,61690.21,0.14525,61684.85,25DEC26,60000,,C,BTC-25DEC26-60000-C,,
1.9535,2.1685,0.0,2.05631547,1782377223689,0.0,65.78,62169.58,BTC-25SEP26,61690.21,2.061,61684.85,25SEP26,190000,,P,BTC-25SEP26-190000-P,,
0.0028,0.0645,0.0,0.02749327,1782377223689,0.0,33.78,61671.758,SYN.BTC-29JUN26,61690.21,0.03365,61684.85,29JUN26,63000,,P,BTC-29JUN26-63000-P,,
0.0002,0.0003,1127.9,0.00028718,1782377223689,1.0,55.79,61767.95,BTC-31JUL26,61690.21,0.00025,61684.85,31JUL26,98000,,C,BTC-31JUL26-98000-C,,
0.0115,0.0125,292.5,0.01243492,1782377223689,7.0,37.01,61935.63,BTC-28AUG26,61690.21,0.012,61684.85,28AUG26,73000,,C,BTC-28AUG26-73000-C,,
0.023,0.028,0.2,0.02552253,1782377223689,0.2,32.1,61690.21,index_price,61690.21,0.0255,61684.85,28JUN26,63000,,P,BTC-28JUN26-63000-P,,
0.027,0.0285,0.0,0.02805719,1782377223689,0.0,38.01,61712.34333333333,SYN.BTC-17JUL26,61690.21,0.02775,61684.85,17JUL26,63000,,C,BTC-17JUL26-63000-C,,
,0.0001,200.1,0.0,1782377223689,0.0,125.23,61675.41,BTC-26JUN26,61690.21,,61684.85,26JUN26,250000,,C,BTC-26JUN26-250000-C,,
0.0905,0.0925,1339.9,0.09153409,1782377223689,0.2,46.51,63462.21,BTC-26MAR27,61690.21,0.0915,61684.85,26MAR27,55000,,P,BTC-26MAR27-55000-P,,
0.0005,0.0008,670.8,0.00064415,1782377223689,1.9,43.28,61767.95,BTC-31JUL26,61690.21,0.00065,61684.85,31JUL26,84000,,C,BTC-31JUL26-84000-C,,
0.025,0.0755,0.0,0.04526912,1782377223689,0.0,40.33,61712.34333333333,SYN.BTC-17JUL26,61690.21,0.05025,61684.85,17JUL26,61000,,C,BTC-17JUL26-61000-C,,
0.006,0.013,0.0,0.0089239,1782377223689,0.0,46.19,64117.829999999994,SYN.BTC-25JUN27,61690.21,0.0095,61684.85,25JUN27,150000,,C,BTC-25JUN27-150000-C,,
0.12,0.124,42.1,0.12214396,1782377223689,0.1,43.73,62170.32,BTC-25SEP26,61690.21,0.122,61684.85,25SEP26,58000,,C,BTC-25SEP26-58000-C,,
0.043,0.0485,1.4,0.0460081,1782377223689,1.4,54.75,61690.21,index_price,61690.21,0.04575,61684.85,27JUN26,59000,,C,BTC-27JUN26-59000-C,,
0.048,0.049,259.6,0.04868953,1782377223689,185.2,42.89,61936.59,BTC-28AUG26,61690.21,0.0485,61684.85,28AUG26,59000,,P,BTC-28AUG26-59000-P,,
0.26,0.272,1582.5,0.26474441,1782377223689,46.8,90.58,61675.41,BTC-26JUN26,61690.21,0.266,61684.85,26JUN26,78000,,P,BTC-26JUN26-78000-P,,
0.0125,0.014,54.1,0.0131161,1782377223689,45.5,39.89,61690.21,index_price,61690.21,0.01325,61684.85,27JUN26,61500,,C,BTC-27JUN26-61500-C,,
0.6235,0.771,0.0,0.68850701,1782377223689,0.0,42.87,63462.21,BTC-26MAR27,61690.21,0.69725,61684.85,26MAR27,106000,,P,BTC-26MAR27-106000-P,,
0.0435,0.1125,0.0,0.07797361,1782377223689,0.0,55.52,61671.758,SYN.BTC-29JUN26,61690.21,0.078,61684.85,29JUN26,57000,,C,BTC-29JUN26-57000-C,,
0.0004,0.0007,82.7,0.0005389,1782377223689,0.0,50.34,61935.63,BTC-28AUG26,61690.21,0.00055,61684.85,28AUG26,105000,,C,BTC-28AUG26-105000-C,,
3.6635,4.002,0.0,3.82570278,1782377223689,0.0,84.97,62170.32,BTC-25SEP26,61690.21,3.83275,61684.85,25SEP26,300000,,P,BTC-25SEP26-300000-P,,
0.236,0.255,0.0,0.23841692,1782377223689,0.0,54.72,61935.63,BTC-28AUG26,61690.21,0.2455,61684.85,28AUG26,48000,,C,BTC-28AUG26-48000-C,,
0.0985,0.14,18.8,0.10356335,1782377223689,0.2,38.78,61682.17,BTC-3JUL26,61690.21,0.11925,61684.85,3JUL26,68000,,P,BTC-3JUL26-68000-P,,
2.2315,2.4705,0.0,2.34442869,1782377223689,0.0,59.22,62801.47,BTC-25DEC26,61690.21,2.351,61684.85,25DEC26,210000,,P,BTC-25DEC26-210000-P,,
0.005,0.006,617.0,0.00547771,1782377223689,257.1,69.75,62169.58,BTC-25SEP26,61690.21,0.0055,61684.85,25SEP26,35000,,P,BTC-25SEP26-35000-P,,
0.221,0.25,0.0,0.2239613,1782377223689,0.0,71.5,61684.54,BTC-10JUL26,61690.21,0.2355,61684.85,10JUL26,48000,,C,BTC-10JUL26-48000-C,,
0.096,0.0985,497.1,0.09711941,1782377223689,9.6,40.19,62170.32,BTC-25SEP26,61690.21,0.09725,61684.85,25SEP26,64000,,P,BTC-25SEP26-64000-P,,
1.0985,1.254,11.5,1.17188785,1782377223689,0.0,55.59,62169.58,BTC-25SEP26,61690.21,1.17625,61684.85,25SEP26,135000,,P,BTC-25SEP26-135000-P,,
0.0335,0.0345,292.6,0.03424341,1782377223689,18.6,45.56,61936.47,BTC-28AUG26,61690.21,0.034,61684.85,28AUG26,56000,,P,BTC-28AUG26-56000-P,,
0.0365,0.037,6502.5,0.03689149,1782377223689,94.7,41.02,62802.44,BTC-25DEC26,61690.21,0.03675,61684.85,25DEC26,80000,,C,BTC-25DEC26-80000-C,,
0.6185,0.752,109.4,0.67902023,1782377223690,0.0,42.63,62802.44,BTC-25DEC26,61690.21,0.68525,61684.85,25DEC26,105000,,P,BTC-25DEC26-105000-P,,
2.078,2.3055,0.0,2.18526937,1782377223690,0.0,58.06,62801.47,BTC-25DEC26,61690.21,2.19175,61684.85,25DEC26,200000,,P,BTC-25DEC26-200000-P,,
0.0001,0.0003,161.3,0.00018043,1782377223690,0.5,69.13,61767.95,BTC-31JUL26,61690.21,0.0002,61684.85,31JUL26,115000,,C,BTC-31JUL26-115000-C,,
0.0018,0.002,56.7,0.00195252,1782377223690,57.8,51.43,61690.21,index_price,61690.21,0.0019,61684.85,28JUN26,58000,,P,BTC-28JUN26-58000-P,,
0.1775,0.181,322.0,0.17902072,1782377223690,23.3,44.97,63462.21,BTC-26MAR27,61690.21,0.17925,61684.85,26MAR27,60000,,C,BTC-26MAR27-60000-C,,
1.617,1.8125,0.0,1.70795881,1782377223690,0.0,54.16,62802.44,BTC-25DEC26,61690.21,1.71475,61684.85,25DEC26,170000,,P,BTC-25DEC26-170000-P,,
0.0014,0.0017,468.7,0.00160054,1782377223690,340.2,36.91,61682.17,BTC-3JUL26,61690.21,0.00155,61684.85,3JUL26,67000,,C,BTC-3JUL26-67000-C,,
0.072,0.1375,0.0,0.10298128,1782377223690,0.0,51.2,61690.21,index_price,61690.21,0.10475,61684.85,28JUN26,68000,,P,BTC-28JUN26-68000-P,,
0.0585,0.0595,469.0,0.05908856,1782377223690,1.7,40.03,61936.47,BTC-28AUG26,61690.21,0.059,61684.85,28AUG26,63000,,C,BTC-28AUG26-63000-C,,
0.0185,0.019,0.4,0.01897355,1782377223690,0.4,44.75,61712.34333333333,SYN.BTC-17JUL26,61690.21,0.01875,61684.85,17JUL26,58000,,P,BTC-17JUL26-58000-P,,
0.0825,0.153,0.0,0.11920015,1782377223690,0.0,57.48,61690.21,index_price,61690.21,0.11775,61684.85,28JUN26,69000,,P,BTC-28JUN26-69000-P,,
0.0024,0.0028,1566.9,0.00259093,1782377223690,1026.1,35.77,61683.31,BTC-3JUL26,61690.21,0.0026,61684.85,3JUL26,66000,,C,BTC-3JUL26-66000-C,,
0.0635,0.066,1093.7,0.06475962,1782377223690,22.2,41.29,62802.96,BTC-25DEC26,61690.21,0.06475,61684.85,25DEC26,72000,,C,BTC-25DEC26-72000-C,,
0.1585,0.1645,0.0,0.16115085,1782377223690,0.0,60.56,61684.54,BTC-10JUL26,61690.21,0.1615,61684.85,10JUL26,52000,,C,BTC-10JUL26-52000-C,,
0.011,0.0115,3385.4,0.01152911,1782377223690,86.8,37.37,62170.32,BTC-25SEP26,61690.21,0.01125,61684.85,25SEP26,78000,,C,BTC-25SEP26-78000-C,,
0.106,0.125,0.0,0.10885786,1782377223690,0.0,68.69,61690.21,index_price,61690.21,0.1155,61684.85,28JUN26,55000,,C,BTC-28JUN26-55000-C,,
0.0024,0.0465,0.2,0.01766591,1782377223690,0.2,35.62,61671.758,SYN.BTC-29JUN26,61690.21,0.02445,61684.85,29JUN26,62000,,P,BTC-29JUN26-62000-P,,
0.0095,0.0105,204.2,0.01006899,1782377223690,172.9,35.54,61684.92,BTC-10JUL26,61690.21,0.01,61684.85,10JUL26,65000,,C,BTC-10JUL26-65000-C,,
0.0215,0.022,3845.9,0.02177656,1782377223690,40.5,57.61,62802.44,BTC-25DEC26,61690.21,0.02175,61684.85,25DEC26,40000,,P,BTC-25DEC26-40000-P,,
0.046,0.124,0.0,0.08101961,1782377223690,0.0,35.72,61712.34333333333,SYN.BTC-17JUL26,61690.21,0.085,61684.85,17JUL26,66000,,P,BTC-17JUL26-66000-P,,
0.0018,0.0021,1045.0,0.00196097,1782377223690,3.2,47.65,62802.44,BTC-25DEC26,61690.21,0.00195,61684.85,25DEC26,135000,,C,BTC-25DEC26-135000-C,,
0.0003,0.0005,126.5,0.00039414,1782377223690,1.1,42.75,61684.54,BTC-10JUL26,61690.21,0.0004,61684.85,10JUL26,75000,,C,BTC-10JUL26-75000-C,,
0.0007,0.001,1279.7,0.00084914,1782377223690,5.1,40.43,61767.95,BTC-31JUL26,61690.21,0.00085,61684.85,31JUL26,81000,,C,BTC-31JUL26-81000-C,,
0.102,0.107,147.3,0.10415717,1782377223690,0.0,38.44,61935.63,BTC-28AUG26,61690.21,0.1045,61684.85,28AUG26,66000,,P,BTC-28AUG26-66000-P,,
,0.0001,957.1,0.0,1782377223690,0.0,108.85,61675.41,BTC-26JUN26,61690.21,,61684.85,26JUN26,135000,,C,BTC-26JUN26-135000-C,,
0.0016,0.002,1489.6,0.00180674,1782377223690,25.0,38.49,61767.29,BTC-31JUL26,61690.21,0.0018,61684.85,31JUL26,77000,,C,BTC-31JUL26-77000-C,,
0.604,0.736,0.0,0.66340558,1782377223690,0.0,42.38,62802.44,BTC-25DEC26,61690.21,0.67,61684.85,25DEC26,104000,,P,BTC-25DEC26-104000-P,,
0.129,0.1745,0.0,0.15697123,1782377223690,0.0,133.57,61675.41,BTC-26JUN26,61690.21,0.15175,61684.85,26JUN26,52000,,C,BTC-26JUN26-52000-C,,
0.254,0.3465,1.0,0.29717045,1782377223690,0.0,66.74,61682.91,BTC-3JUL26,61690.21,0.30025,61684.85,3JUL26,80000,,P,BTC-3JUL26-80000-P,,
,,0.0,0.21197099,1782377223690,0.0,44.19,64117.829999999994,SYN.BTC-25JUN27,61690.21,,61684.85,25JUN27,68000,,P,BTC-25JUN27-68000-P,,
0.374,0.383,548.5,0.37925587,1782377223690,0.0,41.02,62802.96,BTC-25DEC26,61690.21,0.3785,61684.85,25DEC26,85000,,P,BTC-25DEC26-85000-P,,
0.3605,0.369,47.0,0.36531127,1782377223690,0.0,41.02,62802.44,BTC-25DEC26,61690.21,0.36475,61684.85,25DEC26,84000,,P,BTC-25DEC26-84000-P,,
0.022,0.023,0.0,0.02323145,1782377223690,0.0,43.45,61712.34333333333,SYN.BTC-17JUL26,61690.21,0.0225,61684.85,17JUL26,59000,,P,BTC-17JUL26-59000-P,,
0.0555,0.061,215.1,0.05834551,1782377223690,0.8,35.57,61682.17,BTC-3JUL26,61690.21,0.05825,61684.85,3JUL26,65000,,P,BTC-3JUL26-65000-P,,
0.0005,0.0008,2121.0,0.00058356,1782377223690,6.3,44.11,61767.95,BTC-31JUL26,61690.21,0.00065,61684.85,31JUL26,85000,,C,BTC-31JUL26-85000-C,,
0.3085,0.4145,34.1,0.35695298,1782377223690,0.2,38.52,62170.32,BTC-25SEP26,61690.21,0.3615,61684.85,25SEP26,84000,,P,BTC-25SEP26-84000-P,,
1.742,1.951,0.0,1.83872138,1782377223690,0.0,50.87,63462.21,BTC-26MAR27,61690.21,1.8465,61684.85,26MAR27,180000,,P,BTC-26MAR27-180000-P,,
0.1215,0.133,0.0,0.12842821,1782377223690,0.0,43.7,64117.829999999994,SYN.BTC-25JUN27,61690.21,0.12725,61684.85,25JUN27,72000,,C,BTC-25JUN27-72000-C,,
4.3275,4.7135,0.0,4.51298844,1782377223690,0.0,125.23,61675.41,BTC-26JUN26,61690.21,4.5205,61684.85,26JUN26,340000,,P,BTC-26JUN26-340000-P,,
1.5855,1.7725,0.5,1.67542086,1782377223690,0.0,125.23,61675.41,BTC-26JUN26,61690.21,1.679,61684.85,26JUN26,165000,,P,BTC-26JUN26-165000-P,,
0.596,0.7135,0.1,0.6516073,1782377223690,0.0,59.08,61767.95,BTC-31JUL26,61690.21,0.65475,61684.85,31JUL26,102000,,P,BTC-31JUL26-102000-P,,
0.033,0.034,0.0,0.03372616,1782377223690,0.0,40.33,61712.34333333333,SYN.BTC-17JUL26,61690.21,0.0335,61684.85,17JUL26,61000,,P,BTC-17JUL26-61000-P,,
0.4825,0.5455,0.4,0.48983607,1782377223690,0.0,49.8,61767.95,BTC-31JUL26,61690.21,0.514,61684.85,31JUL26,92000,,P,BTC-31JUL26-92000-P,,
0.0014,0.0016,698.4,0.00151339,1782377223690,531.3,37.06,61684.92,BTC-10JUL26,61690.21,0.0015,61684.85,10JUL26,70000,,C,BTC-10JUL26-70000-C,,
0.009,0.01,43.1,0.00965101,1782377223690,56.9,33.7,61690.21,index_price,61690.21,0.0095,61684.85,28JUN26,62000,,C,BTC-28JUN26-62000-C,,
,,0.0,0.74466423,1782377223690,0.0,43.6,64117.829999999994,SYN.BTC-25JUN27,61690.21,,61684.85,25JUN27,110000,,P,BTC-25JUN27-110000-P,,
0.0001,0.0004,734.0,0.00021186,1782377223690,0.1,59.55,62169.58,BTC-25SEP26,61690.21,0.00025,61684.85,25SEP26,150000,,C,BTC-25SEP26-150000-C,,
0.959,1.101,68.7,1.02683398,1782377223690,5.7,100.71,61675.41,BTC-26JUN26,61690.21,1.03,61684.85,26JUN26,125000,,P,BTC-26JUN26-125000-P,,
1.565,1.7525,0.0,1.65425109,1782377223690,0.0,62.44,62170.32,BTC-25SEP26,61690.21,1.65875,61684.85,25SEP26,165000,,P,BTC-25SEP26-165000-P,,
0.1,0.1035,362.9,0.1020098,1782377223690,126.2,42.48,62170.32,BTC-25SEP26,61690.21,0.10175,61684.85,25SEP26,60000,,C,BTC-25SEP26-60000-C,,
0.058,0.064,0.0,0.06130758,1782377223690,0.0,61.66,61690.21,index_price,61690.21,0.061,61684.85,27JUN26,58000,,C,BTC-27JUN26-58000-C,,
0.71,0.838,116.4,0.7701568,1782377223690,0.0,46.56,62170.32,BTC-25SEP26,61690.21,0.774,61684.85,25SEP26,110000,,P,BTC-25SEP26-110000-P,,
4.954,5.3855,0.2,5.16157531,1782377223690,0.0,125.23,61675.41,BTC-26JUN26,61690.21,5.16975,61684.85,26JUN26,380000,,P,BTC-26JUN26-380000-P,,
0.038,0.039,234.3,0.03849734,1782377223690,6.3,38.44,61936.47,BTC-28AUG26,61690.21,0.0385,61684.85,28AUG26,66000,,C,BTC-28AUG26-66000-C,,
0.0021,0.0024,1513.6,0.00226423,1782377223690,10.1,46.61,62802.44,BTC-25DEC26,61690.21,0.00225,61684.85,25DEC26,130000,,C,BTC-25DEC26-130000-C,,
,0.0001,222.4,2.829e-05,1782377223690,0.0,74.74,62170.32,BTC-25SEP26,61690.21,,61684.85,25SEP26,240000,,C,BTC-25SEP26-240000-C,,
0.3535,0.412,31.6,0.36062996,1782377223690,0.0,43.28,61767.29,BTC-31JUL26,61690.21,0.38275,61684.85,31JUL26,84000,,P,BTC-31JUL26-84000-P,,
0.034,0.0355,118.7,0.03494022,1782377223690,2.1,42.09,63462.21,BTC-26MAR27,61690.21,0.03475,61684.85,26MAR27,92000,,C,BTC-26MAR27-92000-C,,
0.123,0.1345,0.0,0.12935768,1782377223690,0.0,45.96,64117.829999999994,SYN.BTC-25JUN27,61690.21,0.12875,61684.85,25JUN27,58000,,P,BTC-25JUN27-58000-P,,
0.627,0.7475,0.0,0.68403959,1782377223690,0.0,61.07,61767.29,BTC-31JUL26,61690.21,0.68725,61684.85,31JUL26,104000,,P,BTC-31JUL26-104000-P,,
0.4795,0.622,1.5,0.54151594,1782377223690,0.0,42.24,63462.21,BTC-26MAR27,61690.21,0.55075,61684.85,26MAR27,96000,,P,BTC-26MAR27-96000-P,,
0.083,0.087,205.9,0.08485533,1782377223690,0.0,39.42,61935.63,BTC-28AUG26,61690.21,0.085,61684.85,28AUG26,64000,,P,BTC-28AUG26-64000-P,,
0.023,0.0275,6.9,0.02523824,1782377223690,8.4,38.59,61690.21,index_price,61690.21,0.02525,61684.85,28JUN26,60500,,C,BTC-28JUN26-60500-C,,
0.788,0.921,90.3,0.85052182,1782377223690,0.0,49.12,62170.32,BTC-25SEP26,61690.21,0.8545,61684.85,25SEP26,115000,,P,BTC-25SEP26-115000-P,,
0.1115,0.1225,0.0,0.11855311,1782377223690,0.0,43.59,64117.829999999994,SYN.BTC-25JUN27,61690.21,0.117,61684.85,25JUN27,74000,,C,BTC-25JUN27-74000-C,,
0.0008,0.001,42.7,0.00087937,1782377223690,48.9,75.58,61690.21,index_price,61690.21,0.0009,61684.85,27JUN26,56000,,P,BTC-27JUN26-56000-P,,
0.1445,0.1555,0.0,0.15146854,1782377223690,0.0,44.19,64117.829999999994,SYN.BTC-25JUN27,61690.21,0.15,61684.85,25JUN27,68000,,C,BTC-25JUN27-68000-C,,
0.026,0.0315,605.6,0.02907181,1782377223690,116.8,50.84,61675.41,BTC-26JUN26,61690.21,0.02875,61684.85,26JUN26,60000,,C,BTC-26JUN26-60000-C,,
0.017,0.0175,2166.2,0.01754037,1782377223690,117.2,37.7,62170.32,BTC-25SEP26,61690.21,0.01725,61684.85,25SEP26,75000,,C,BTC-25SEP26-75000-C,,
0.0002,0.0004,0.3,0.00029326,1782377223690,0.3,57.48,61690.21,index_price,61690.21,0.0003,61684.85,28JUN26,69000,,C,BTC-28JUN26-69000-C,,
0.6435,0.7645,0.7,0.70022987,1782377223690,0.0,62.05,61767.95,BTC-31JUL26,61690.21,0.704,61684.85,31JUL26,105000,,P,BTC-31JUL26-105000-P,,
0.296,0.397,0.0,0.34276538,1782377223690,0.0,38.69,61935.63,BTC-28AUG26,61690.21,0.3465,61684.85,28AUG26,83000,,P,BTC-28AUG26-83000-P,,
0.043,0.0495,2.0,0.04622729,1782377223690,2.0,45.99,61690.21,index_price,61690.21,0.04625,61684.85,28JUN26,59000,,C,BTC-28JUN26-59000-C,,
0.0032,0.061,0.0,0.02771373,1782377223690,0.0,40.06,61671.758,SYN.BTC-29JUN26,61690.21,0.0321,61684.85,29JUN26,60500,,C,BTC-29JUN26-60500-C,,
,0.0001,554.4,0.0,1782377223690,0.0,125.23,61675.41,BTC-26JUN26,61690.21,,61684.85,26JUN26,190000,,C,BTC-26JUN26-190000-C,,
0.1625,0.167,332.8,0.16488494,1782377223690,0.0,43.84,63462.21,BTC-26MAR27,61690.21,0.16475,61684.85,26MAR27,65000,,P,BTC-26MAR27-65000-P,,
0.0205,0.0215,994.7,0.02113586,1782377223690,834.4,36.93,61768.43,BTC-31JUL26,61690.21,0.021,61684.85,31JUL26,66000,,C,BTC-31JUL26-66000-C,,
0.0003,0.0008,151.4,0.00043758,1782377223690,2.6,59.22,62802.44,BTC-25DEC26,61690.21,0.00055,61684.85,25DEC26,210000,,C,BTC-25DEC26-210000-C,,
0.015,0.016,231.9,0.01557313,1782377223690,0.2,41.14,62802.44,BTC-25DEC26,61690.21,0.0155,61684.85,25DEC26,92000,,C,BTC-25DEC26-92000-C,,
0.007,0.0075,643.1,0.00718058,1782377223690,126.9,52.51,61684.92,BTC-10JUL26,61690.21,0.00725,61684.85,10JUL26,55000,,P,BTC-10JUL26-55000-P,,
2.7305,3.0015,0.0,2.8605707,1782377223690,0.0,74.74,62170.32,BTC-25SEP26,61690.21,2.866,61684.85,25SEP26,240000,,P,BTC-25SEP26-240000-P,,
,0.0001,2814.7,0.0,1782377223690,0.0,95.92,61675.41,BTC-26JUN26,61690.21,,61684.85,26JUN26,120000,,C,BTC-26JUN26-120000-C,,
0.038,0.0395,401.2,0.03873922,1782377223690,78.3,42.09,63462.21,BTC-26MAR27,61690.21,0.03875,61684.85,26MAR27,90000,,C,BTC-26MAR27-90000-C,,
0.0002,0.0004,11.5,0.00029861,1782377223690,11.5,51.2,61690.21,index_price,61690.21,0.0003,61684.85,28JUN26,68000,,C,BTC-28JUN26-68000-C,,
0.0006,0.0009,225.9,0.00075572,1782377223690,19.2,40.58,61682.91,BTC-3JUL26,61690.21,0.00075,61684.85,3JUL26,69000,,C,BTC-3JUL26-69000-C,,
0.4775,0.591,147.7,0.53013098,1782377223690,0.0,41.57,62170.32,BTC-25SEP26,61690.21,0.53425,61684.85,25SEP26,95000,,P,BTC-25SEP26-95000-P,,
0.023,0.024,200.4,0.02397,1782377223690,1.0,41.02,62802.44,BTC-25DEC26,61690.21,0.0235,61684.85,25DEC26,86000,,C,BTC-25DEC26-86000-C,,
,,0.0,0.4645597,1782377223690,0.0,42.8,64117.829999999994,SYN.BTC-25JUN27,61690.21,,61684.85,25JUN27,90000,,P,BTC-25JUN27-90000-P,,
0.028,0.029,200.6,0.02866035,1782377223690,203.0,38.48,61684.92,BTC-10JUL26,61690.21,0.0285,61684.85,10JUL26,62000,,C,BTC-10JUL26-62000-C,,
0.0505,0.07,0.0,0.05458322,1782377223690,0.0,42.58,61690.21,index_price,61690.21,0.06025,61684.85,27JUN26,65000,,P,BTC-27JUN26-65000-P,,
0.0085,0.0095,2504.1,0.00894799,1782377223690,745.4,56.25,61767.95,BTC-31JUL26,61690.21,0.009,61684.85,31JUL26,50000,,P,BTC-31JUL26-50000-P,,
1.438,1.627,0.0,1.52449995,1782377223690,0.0,48.39,63461.01,BTC-26MAR27,61690.21,1.5325,61684.85,26MAR27,160000,,P,BTC-26MAR27-160000-P,,
0.0022,0.0025,10.6,0.00243539,1782377223690,10.6,32.29,61690.21,index_price,61690.21,0.00235,61684.85,28JUN26,63500,,C,BTC-28JUN26-63500-C,,
0.055,0.057,49.7,0.05619526,1782377223690,14.5,41.12,62801.47,BTC-25DEC26,61690.21,0.056,61684.85,25DEC26,74000,,C,BTC-25DEC26-74000-C,,
,0.0001,3219.0,3e-08,1782377223690,43.7,181.46,61675.41,BTC-26JUN26,61690.21,,61684.85,26JUN26,40000,,P,BTC-26JUN26-40000-P,,
0.1815,0.227,97.7,0.18593674,1782377223690,0.1,36.58,61767.95,BTC-31JUL26,61690.21,0.20425,61684.85,31JUL26,73000,,P,BTC-31JUL26-73000-P,,
0.0545,0.0555,521.7,0.05510838,1782377223690,27.5,43.73,62170.32,BTC-25SEP26,61690.21,0.055,61684.85,25SEP26,58000,,P,BTC-25SEP26-58000-P,,
0.0017,0.0019,446.7,0.001772,1782377223690,459.0,61.66,61690.21,index_price,61690.21,0.0018,61684.85,27JUN26,58000,,P,BTC-27JUN26-58000-P,,
0.2025,0.207,33.1,0.20471256,1782377223690,0.0,46.77,62802.44,BTC-25DEC26,61690.21,0.20475,61684.85,25DEC26,54000,,C,BTC-25DEC26-54000-C,,
3.7005,4.041,0.0,3.86440156,1782377223690,0.0,125.23,61675.41,BTC-26JUN26,61690.21,3.87075,61684.85,26JUN26,300000,,P,BTC-26JUN26-300000-P,,
0.0003,0.0009,948.9,0.00051593,1782377223690,0.0,58.06,62801.47,BTC-25DEC26,61690.21,0.0006,61684.85,25DEC26,200000,,C,BTC-25DEC26-200000-C,,
0.005,0.006,590.5,0.00546074,1782377223690,44.7,64.01,61767.95,BTC-31JUL26,61690.21,0.0055,61684.85,31JUL26,46000,,P,BTC-31JUL26-46000-P,,
0.3475,0.4455,29.9,0.39446178,1782377223690,0.0,90.59,61674.67,BTC-26JUN26,61690.21,0.3965,61684.85,26JUN26,86000,,P,BTC-26JUN26-86000-P,,
0.056,0.058,287.3,0.05717446,1782377223690,258.6,40.8,61767.95,BTC-31JUL26,61690.21,0.057,61684.85,31JUL26,61000,,C,BTC-31JUL26-61000-C,,
,0.0001,251.6,1.482e-05,1782377223690,0.0,85.42,62170.32,BTC-25SEP26,61690.21,,61684.85,25SEP26,320000,,C,BTC-25SEP26-320000-C,,
,,0.0,0.25131315,1782377223690,0.0,43.7,64117.829999999994,SYN.BTC-25JUN27,61690.21,,61684.85,25JUN27,72000,,P,BTC-25JUN27-72000-P,,
0.3125,0.318,49.2,0.31534288,1782377223690,0.0,52.77,62802.44,BTC-25DEC26,61690.21,0.31525,61684.85,25DEC26,45000,,C,BTC-25DEC26-45000-C,,
,0.0001,174.2,0.0,1782377223690,0.0,125.23,61674.67,BTC-26JUN26,61690.21,,61684.85,26JUN26,360000,,C,BTC-26JUN26-360000-C,,
0.0002,0.0005,2.2,0.00041954,1782377223690,2.2,40.61,61671.758,SYN.BTC-29JUN26,61690.21,0.00035,61684.85,29JUN26,67000,,C,BTC-29JUN26-67000-C,,
,0.0001,1809.5,5.5e-07,1782377223690,27.2,90.58,61675.41,BTC-26JUN26,61690.21,,61684.85,26JUN26,74000,,C,BTC-26JUN26-74000-C,,
0.1375,0.144,0.1,0.14058675,1782377223690,0.1,44.2,64117.829999999994,SYN.BTC-25JUN27,61690.21,0.14075,61684.85,25JUN27,70000,,C,BTC-25JUN27-70000-C,,
0.0018,0.002,40.3,0.00196843,1782377223690,36.8,36.89,61690.21,index_price,61690.21,0.0019,61684.85,27JUN26,63500,,C,BTC-27JUN26-63500-C,,
0.1665,0.172,301.1,0.16902233,1782377223690,0.2,42.07,62802.44,BTC-25DEC26,61690.21,0.16925,61684.85,25DEC26,68000,,P,BTC-25DEC26-68000-P,,
0.0004,0.0007,275.6,0.00048124,1782377223690,0.6,45.72,61767.29,BTC-31JUL26,61690.21,0.00055,61684.85,31JUL26,87000,,C,BTC-31JUL26-87000-C,,
0.5075,0.651,0.2,0.57045908,1782377223690,0.0,42.36,63462.21,BTC-26MAR27,61690.21,0.57925,61684.85,26MAR27,98000,,P,BTC-26MAR27-98000-P,,
0.771,0.9125,0.6,0.83542818,1782377223690,0.0,44.1,62802.44,BTC-25DEC26,61690.21,0.84175,61684.85,25DEC26,115000,,P,BTC-25DEC26-115000-P,,
0.561,0.677,0.1,0.61527808,1782377223690,0.0,47.3,61935.63,BTC-28AUG26,61690.21,0.619,61684.85,28AUG26,100000,,P,BTC-28AUG26-100000-P,,
0.0003,0.0005,259.4,0.00040053,1782377223690,8.8,48.1,61682.91,BTC-3JUL26,61690.21,0.0004,61684.85,3JUL26,72000,,C,BTC-3JUL26-72000-C,,
0.0002,0.0004,842.5,0.0002894,1782377223690,0.0,51.43,61767.95,BTC-31JUL26,61690.21,0.0003,61684.85,31JUL26,94000,,C,BTC-31JUL26-94000-C,,
,,0.0,0.31662726,1782377223690,0.0,43.22,64117.829999999994,SYN.BTC-25JUN27,61690.21,,61684.85,25JUN27,78000,,P,BTC-25JUN27-78000-P,,
0.0055,0.006,690.6,0.00576313,1782377223690,6.3,38.52,62169.58,BTC-25SEP26,61690.21,0.00575,61684.85,25SEP26,84000,,C,BTC-25SEP26-84000-C,,
0.6265,0.667,7.7,0.632496,1782377223690,0.0,42.17,62802.44,BTC-25DEC26,61690.21,0.64675,61684.85,25DEC26,102000,,P,BTC-25DEC26-102000-P,,
0.044,0.045,399.4,0.04478321,1782377223690,179.8,40.8,61767.95,BTC-31JUL26,61690.21,0.0445,61684.85,31JUL26,61000,,P,BTC-31JUL26-61000-P,,
0.017,0.025,0.0,0.0211834,1782377223690,0.0,44.32,64117.829999999994,SYN.BTC-25JUN27,61690.21,0.021,61684.85,25JUN27,120000,,C,BTC-25JUN27-120000-C,,
0.0001,0.0003,147.3,0.00012818,1782377223690,0.0,62.44,62170.32,BTC-25SEP26,61690.21,0.0002,61684.85,25SEP26,165000,,C,BTC-25SEP26-165000-C,,
0.53,0.6435,0.0,0.58308703,1782377223690,0.0,46.42,61935.63,BTC-28AUG26,61690.21,0.58675,61684.85,28AUG26,98000,,P,BTC-28AUG26-98000-P,,
0.105,0.109,674.5,0.10592073,1782377223690,0.9,39.67,62170.32,BTC-25SEP26,61690.21,0.107,61684.85,25SEP26,65000,,P,BTC-25SEP26-65000-P,,
0.018,0.019,392.5,0.01850784,1782377223690,64.4,40.29,61683.31,BTC-3JUL26,61690.21,0.0185,61684.85,3JUL26,61000,,P,BTC-3JUL26-61000-P,,
0.087,0.091,19.3,0.08952674,1782377223690,0.9,44.21,61767.95,BTC-31JUL26,61690.21,0.089,61684.85,31JUL26,58000,,C,BTC-31JUL26-58000-C,,
1.59,1.7885,0.1,1.68154187,1782377223690,0.0,49.65,63462.21,BTC-26MAR27,61690.21,1.68925,61684.85,26MAR27,170000,,P,BTC-26MAR27-170000-P,,
0.0475,0.0485,861.2,0.04801362,1782377223690,623.6,39.79,61767.29,BTC-31JUL26,61690.21,0.048,61684.85,31JUL26,62000,,C,BTC-31JUL26-62000-C,,
1.488,1.6695,0.6,1.57387451,1782377223690,0.0,62.44,62170.32,BTC-25SEP26,61690.21,1.57875,61684.85,25SEP26,160000,,P,BTC-25SEP26-160000-P,,
0.2915,0.3435,618.7,0.29587117,1782377223690,0.2,37.63,62170.32,BTC-25SEP26,61690.21,0.3175,61684.85,25SEP26,80000,,P,BTC-25SEP26-80000-P,,
0.1,0.144,0.0,0.12488129,1782377223690,0.0,89.34,61690.21,index_price,61690.21,0.122,61684.85,27JUN26,54000,,C,BTC-27JUN26-54000-C,,
,0.0001,4414.1,0.0,1782377223690,0.1,90.58,61675.41,BTC-26JUN26,61690.21,,61684.85,26JUN26,82000,,C,BTC-26JUN26-82000-C,,
,0.0002,739.8,9.561e-05,1782377223690,0.0,65.78,62170.32,BTC-25SEP26,61690.21,,61684.85,25SEP26,180000,,C,BTC-25SEP26-180000-C,,
0.3965,0.5365,14.0,0.45700279,1782377223690,0.0,42.09,63461.01,BTC-26MAR27,61690.21,0.4665,61684.85,26MAR27,90000,,P,BTC-26MAR27-90000-P,,
0.0845,0.087,40.4,0.08582371,1782377223690,0.3,46.88,63462.21,BTC-26MAR27,61690.21,0.08575,61684.85,26MAR27,54000,,P,BTC-26MAR27-54000-P,,
0.035,0.111,0.0,0.07083499,1782377223690,0.0,37.23,61671.758,SYN.BTC-29JUN26,61690.21,0.073,61684.85,29JUN26,66000,,P,BTC-29JUN26-66000-P,,
0.455,0.512,1500.5,0.45932047,1782377223690,68.6,90.6,61675.41,BTC-26JUN26,61690.21,0.4835,61684.85,26JUN26,90000,,P,BTC-26JUN26-90000-P,,
0.0011,0.0014,45.4,0.00128418,1782377223690,2.1,42.05,61935.63,BTC-28AUG26,61690.21,0.00125,61684.85,28AUG26,90000,,C,BTC-28AUG26-90000-C,,
0.1795,0.188,0.0,0.18410494,1782377223690,0.0,40.01,61684.54,BTC-10JUL26,61690.21,0.18375,61684.85,10JUL26,73000,,P,BTC-10JUL26-73000-P,,
0.0009,0.0012,7006.8,0.00103534,1782377223690,528.4,40.03,61767.29,BTC-31JUL26,61690.21,0.00105,61684.85,31JUL26,80000,,C,BTC-31JUL26-80000-C,,
0.1235,0.126,566.7,0.12452473,1782377223690,3.6,44.97,63462.21,BTC-26MAR27,61690.21,0.12475,61684.85,26MAR27,60000,,P,BTC-26MAR27-60000-P,,
2.4475,2.697,0.2,2.56722781,1782377223690,0.0,125.23,61675.41,BTC-26JUN26,61690.21,2.57225,61684.85,26JUN26,220000,,P,BTC-26JUN26-220000-P,,
0.0655,0.0685,286.8,0.06720329,1782377223690,139.5,41.88,61767.95,BTC-31JUL26,61690.21,0.067,61684.85,31JUL26,60000,,C,BTC-31JUL26-60000-C,,
0.104,0.1065,659.3,0.1053905,1782377223691,0.2,42.65,62802.44,BTC-25DEC26,61690.21,0.10525,61684.85,25DEC26,65000,,C,BTC-25DEC26-65000-C,,
0.112,0.116,35.0,0.11423898,1782377223691,0.9,46.59,61767.95,BTC-31JUL26,61690.21,0.114,61684.85,31JUL26,56000,,C,BTC-31JUL26-56000-C,,
0.0035,0.0039,20.6,0.00374361,1782377223691,20.6,43.34,61690.21,index_price,61690.21,0.0037,61684.85,28JUN26,59500,,P,BTC-28JUN26-59500-P,,
0.166,0.1705,0.0,0.16819004,1782377223691,0.0,48.59,61935.63,BTC-28AUG26,61690.21,0.16825,61684.85,28AUG26,53000,,C,BTC-28AUG26-53000-C,,
0.0004,0.0008,989.4,0.00056661,1782377223691,1.0,56.37,62802.44,BTC-25DEC26,61690.21,0.0006,61684.85,25DEC26,190000,,C,BTC-25DEC26-190000-C,,
0.6325,0.7555,104.5,0.68998295,1782377223691,0.0,44.93,62169.58,BTC-25SEP26,61690.21,0.694,61684.85,25SEP26,105000,,P,BTC-25SEP26-105000-P,,
0.038,0.039,1627.6,0.03862173,1782377223691,238.0,41.88,61767.95,BTC-31JUL26,61690.21,0.0385,61684.85,31JUL26,60000,,P,BTC-31JUL26-60000-P,,
2.5395,2.8005,0.0,2.66282674,1782377223691,0.0,61.92,62802.44,BTC-25DEC26,61690.21,2.67,61684.85,25DEC26,230000,,P,BTC-25DEC26-230000-P,,
0.025,0.026,1895.6,0.02555254,1782377223691,24.0,37.75,62170.32,BTC-25SEP26,61690.21,0.0255,61684.85,25SEP26,72000,,C,BTC-25SEP26-72000-C,,
1.0215,1.17,21.4,1.09149957,1782377223691,0.0,53.83,62170.32,BTC-25SEP26,61690.21,1.09575,61684.85,25SEP26,130000,,P,BTC-25SEP26-130000-P,,
0.157,0.1625,1524.1,0.15905011,1782377223691,0.0,38.12,62169.58,BTC-25SEP26,61690.21,0.15975,61684.85,25SEP26,70000,,P,BTC-25SEP26-70000-P,,
0.0001,0.0003,1069.9,0.00023977,1782377223691,28.6,58.24,61682.91,BTC-3JUL26,61690.21,0.0002,61684.85,3JUL26,76000,,C,BTC-3JUL26-76000-C,,
0.0037,0.0044,1897.6,0.00399717,1782377223691,0.7,47.27,63462.21,BTC-26MAR27,61690.21,0.00405,61684.85,26MAR27,150000,,C,BTC-26MAR27-150000-C,,
0.031,0.032,2114.5,0.03188662,1782377223691,7.6,52.77,62802.44,BTC-25DEC26,61690.21,0.0315,61684.85,25DEC26,45000,,P,BTC-25DEC26-45000-P,,
,0.0001,2503.4,0.0,1782377223691,0.0,95.7,61675.41,BTC-26JUN26,61690.21,,61684.85,26JUN26,115000,,C,BTC-26JUN26-115000-C,,
0.051,0.055,16.3,0.05359126,1782377223691,16.3,45.74,61683.31,BTC-3JUL26,61690.21,0.053,61684.85,3JUL26,59000,,C,BTC-3JUL26-59000-C,,
0.001,0.0012,1702.7,0.00109252,1782377223691,1039.3,38.78,61683.31,BTC-3JUL26,61690.21,0.0011,61684.85,3JUL26,68000,,C,BTC-3JUL26-68000-C,,
0.047,0.0505,13.1,0.04854874,1782377223691,16.4,41.59,61684.92,BTC-10JUL26,61690.21,0.04875,61684.85,10JUL26,60000,,C,BTC-10JUL26-60000-C,,
,,0.0,0.20859251,1782377223691,0.0,45.63,64117.829999999994,SYN.BTC-25JUN27,61690.21,,61684.85,25JUN27,60000,,C,BTC-25JUN27-60000-C,,
0.0855,0.1335,1564.4,0.10268636,1782377223691,222.3,76.55,61675.41,BTC-26JUN26,61690.21,0.1095,61684.85,26JUN26,68000,,P,BTC-26JUN26-68000-P,,
0.0043,0.0048,1431.7,0.00454599,1782377223691,735.6,43.88,61675.41,BTC-26JUN26,61690.21,0.00455,61684.85,26JUN26,61000,,P,BTC-26JUN26-61000-P,,
0.0175,0.0185,956.4,0.01791595,1782377223691,166.1,47.92,61767.95,BTC-31JUL26,61690.21,0.018,61684.85,31JUL26,55000,,P,BTC-31JUL26-55000-P,,
0.011,0.0115,0.1,0.01154151,1782377223691,0.1,35.72,61712.34333333333,SYN.BTC-17JUL26,61690.21,0.01125,61684.85,17JUL26,66000,,C,BTC-17JUL26-66000-C,,
0.0041,0.0044,281.0,0.00451384,1782377223691,45.1,35.57,61683.31,BTC-3JUL26,61690.21,0.00425,61684.85,3JUL26,65000,,C,BTC-3JUL26-65000-C,,
0.0095,0.079,0.0,0.04042523,1782377223691,0.0,33.66,61671.758,SYN.BTC-29JUN26,61690.21,0.04425,61684.85,29JUN26,64000,,P,BTC-29JUN26-64000-P,,
0.0012,0.0016,62.1,0.00140183,1782377223691,64.1,57.51,61690.21,index_price,61690.21,0.0014,61684.85,28JUN26,57000,,P,BTC-28JUN26-57000-P,,
4.014,4.3775,0.0,4.188695,1782377223691,0.0,125.23,61675.41,BTC-26JUN26,61690.21,4.19575,61684.85,26JUN26,320000,,P,BTC-26JUN26-320000-P,,
,0.0001,234.6,2.882e-05,1782377223691,0.0,70.5,62169.58,BTC-25SEP26,61690.21,,61684.85,25SEP26,220000,,C,BTC-25SEP26-220000-C,,
0.128,0.1335,0.0,0.13047139,1782377223691,0.0,55.07,61684.54,BTC-10JUL26,61690.21,0.13075,61684.85,10JUL26,54000,,C,BTC-10JUL26-54000-C,,
0.017,0.019,42.3,0.01810768,1782377223691,0.0,42.87,63462.21,BTC-26MAR27,61690.21,0.018,61684.85,26MAR27,106000,,C,BTC-26MAR27-106000-C,,
0.098,0.1745,0.0,0.13519074,1782377223691,0.0,71.53,61690.21,index_price,61690.21,0.13625,61684.85,27JUN26,70000,,P,BTC-27JUN26-70000-P,,
0.0036,0.0039,529.9,0.00377504,1782377223691,413.2,37.35,61936.47,BTC-28AUG26,61690.21,0.00375,61684.85,28AUG26,80000,,C,BTC-28AUG26-80000-C,,
0.0013,0.0015,3116.4,0.00143742,1782377223691,0.1,43.5,62170.32,BTC-25SEP26,61690.21,0.0014,61684.85,25SEP26,100000,,C,BTC-25SEP26-100000-C,,
0.025,0.027,78.6,0.02612763,1782377223691,0.1,42.36,63462.21,BTC-26MAR27,61690.21,0.026,61684.85,26MAR27,98000,,C,BTC-26MAR27-98000-C,,
0.0002,0.0005,274.5,0.00032779,1782377223691,0.1,49.8,61767.95,BTC-31JUL26,61690.21,0.00035,61684.85,31JUL26,92000,,C,BTC-31JUL26-92000-C,,
0.067,0.0675,4173.2,0.0671454,1782377223691,701.8,42.48,62169.58,BTC-25SEP26,61690.21,0.06725,61684.85,25SEP26,60000,,P,BTC-25SEP26-60000-P,,
0.2085,0.2145,334.3,0.2112296,1782377223691,15.2,41.29,62802.44,BTC-25DEC26,61690.21,0.2115,61684.85,25DEC26,72000,,P,BTC-25DEC26-72000-P,,
0.2135,0.2165,16.9,0.21506784,1782377223691,0.0,46.16,63462.21,BTC-26MAR27,61690.21,0.215,61684.85,26MAR27,56000,,C,BTC-26MAR27-56000-C,,
,0.0001,994.3,0.0,1782377223691,0.0,90.58,61675.41,BTC-26JUN26,61690.21,,61684.85,26JUN26,84000,,C,BTC-26JUN26-84000-C,,
0.0004,0.0006,33.1,0.00050799,1782377223691,32.4,41.15,61690.21,index_price,61690.21,0.0005,61684.85,28JUN26,66000,,C,BTC-28JUN26-66000-C,,
0.162,0.2445,1367.4,0.19988627,1782377223691,15.3,90.58,61675.41,BTC-26JUN26,61690.21,0.20325,61684.85,26JUN26,74000,,P,BTC-26JUN26-74000-P,,
0.0675,0.0685,569.3,0.06845382,1782377223691,79.6,40.69,61936.47,BTC-28AUG26,61690.21,0.068,61684.85,28AUG26,62000,,P,BTC-28AUG26-62000-P,,
0.0005,0.0007,2.8,0.00057661,1782377223691,2.8,74.68,61690.21,index_price,61690.21,0.0006,61684.85,28JUN26,54000,,P,BTC-28JUN26-54000-P,,
0.0038,0.0043,0.6,0.00454264,1782377223691,0.6,46.12,61671.294,SYN.BTC-29JUN26,61690.21,0.00405,61684.85,29JUN26,59000,,P,BTC-29JUN26-59000-P,,
0.299,0.396,29.5,0.34448377,1782377223691,0.0,42.22,61767.95,BTC-31JUL26,61690.21,0.3475,61684.85,31JUL26,83000,,P,BTC-31JUL26-83000-P,,
4.641,5.0495,0.3,4.83728188,1782377223691,0.0,125.23,61675.41,BTC-26JUN26,61690.21,4.84525,61684.85,26JUN26,360000,,P,BTC-26JUN26-360000-P,,
,0.0001,1222.2,0.0,1782377223691,0.0,125.23,61674.67,BTC-26JUN26,61690.21,,61684.85,26JUN26,160000,,C,BTC-26JUN26-160000-C,,
,0.0001,3044.4,5.93e-06,1782377223691,36.2,90.58,61674.67,BTC-26JUN26,61690.21,,61684.85,26JUN26,72000,,C,BTC-26JUN26-72000-C,,
0.1815,0.1855,39.6,0.18349067,1782377223691,0.0,45.82,62802.44,BTC-25DEC26,61690.21,0.1835,61684.85,25DEC26,56000,,C,BTC-25DEC26-56000-C,,
0.017,0.019,17.2,0.01864704,1782377223691,28.9,42.73,61690.21,index_price,61690.21,0.018,61684.85,27JUN26,61000,,C,BTC-27JUN26-61000-C,,
0.0004,0.0006,882.7,0.00052129,1782377223691,531.6,44.51,61675.41,BTC-26JUN26,61690.21,0.0005,61684.85,26JUN26,64000,,C,BTC-26JUN26-64000-C,,
0.0295,0.0305,175.9,0.02994338,1782377223691,120.4,48.52,62169.58,BTC-25SEP26,61690.21,0.03,61684.85,25SEP26,52000,,P,BTC-25SEP26-52000-P,,
0.343,0.481,1.7,0.40259747,1782377223691,0.0,42.01,63462.21,BTC-26MAR27,61690.21,0.412,61684.85,26MAR27,86000,,P,BTC-26MAR27-86000-P,,
0.0315,0.033,1051.6,0.03217395,1782377223691,31.2,54.58,63462.21,BTC-26MAR27,61690.21,0.03225,61684.85,26MAR27,40000,,P,BTC-26MAR27-40000-P,,
,0.0001,813.7,0.0,1782377223691,0.0,125.23,61675.41,BTC-26JUN26,61690.21,,61684.85,26JUN26,230000,,C,BTC-26JUN26-230000-C,,
0.04,0.069,10.7,0.06730387,1782377223691,10.8,48.81,61682.17,BTC-3JUL26,61690.21,0.0545,61684.85,3JUL26,58000,,C,BTC-3JUL26-58000-C,,
0.0095,0.0105,314.4,0.01005916,1782377223691,7.4,43.93,63462.21,BTC-26MAR27,61690.21,0.01,61684.85,26MAR27,120000,,C,BTC-26MAR27-120000-C,,
0.2055,0.297,249.4,0.24846041,1782377223691,0.0,38.49,61767.95,BTC-31JUL26,61690.21,0.25125,61684.85,31JUL26,77000,,P,BTC-31JUL26-77000-P,,
2.2915,2.529,0.0,2.40508109,1782377223691,0.0,125.23,61675.41,BTC-26JUN26,61690.21,2.41025,61684.85,26JUN26,210000,,P,BTC-26JUN26-210000-P,,
0.0085,0.0155,0.0,0.01159611,1782377223691,0.0,45.51,64117.829999999994,SYN.BTC-25JUN27,61690.21,0.012,61684.85,25JUN27,140000,,C,BTC-25JUN27-140000-C,,
,0.0001,764.4,5.273e-05,1782377223691,0.6,65.78,62169.58,BTC-25SEP26,61690.21,,61684.85,25SEP26,190000,,C,BTC-25SEP26-190000-C,,
0.0009,0.0013,0.1,0.00101784,1782377223691,0.1,62.98,61671.758,SYN.BTC-29JUN26,61690.21,0.0011,61684.85,29JUN26,55000,,P,BTC-29JUN26-55000-P,,
1.664,1.8565,1.9,1.75649422,1782377223691,0.0,125.23,61675.41,BTC-26JUN26,61690.21,1.76025,61684.85,26JUN26,170000,,P,BTC-26JUN26-170000-P,,
0.0965,0.0985,73.4,0.09753882,1782377223691,0.2,46.16,63462.21,BTC-26MAR27,61690.21,0.0975,61684.85,26MAR27,56000,,P,BTC-26MAR27-56000-P,,
0.0095,0.0105,321.7,0.01013995,1782377223691,135.3,45.74,61683.31,BTC-3JUL26,61690.21,0.01,61684.85,3JUL26,59000,,P,BTC-3JUL26-59000-P,,
,,0.0,0.2437124,1782377223691,0.0,46.81,64117.829999999994,SYN.BTC-25JUN27,61690.21,,61684.85,25JUN27,56000,,C,BTC-25JUN27-56000-C,,
0.067,0.068,189.7,0.06764143,1782377223691,20.6,40.19,62170.32,BTC-25SEP26,61690.21,0.0675,61684.85,25SEP26,64000,,C,BTC-25SEP26-64000-C,,
0.005,0.006,185.1,0.00564598,1782377223691,14.4,66.79,61935.63,BTC-28AUG26,61690.21,0.0055,61684.85,28AUG26,40000,,P,BTC-28AUG26-40000-P,,
0.237,0.263,0.0,0.2607066,1782377223691,0.0,64.01,61767.95,BTC-31JUL26,61690.21,0.25,61684.85,31JUL26,46000,,C,BTC-31JUL26-46000-C,,
0.1,0.1035,1.2,0.10170003,1782377223691,1.0,45.48,61767.95,BTC-31JUL26,61690.21,0.10175,61684.85,31JUL26,57000,,C,BTC-31JUL26-57000-C,,
0.471,0.579,1.3,0.52217829,1782377223691,0.0,51.43,61767.95,BTC-31JUL26,61690.21,0.525,61684.85,31JUL26,94000,,P,BTC-31JUL26-94000-P,,
2.42,2.6685,1.8,2.53885936,1782377223691,0.0,70.5,62169.58,BTC-25SEP26,61690.21,2.54425,61684.85,25SEP26,220000,,P,BTC-25SEP26-220000-P,,
0.2485,0.2535,259.9,0.25108917,1782377223691,0.0,49.06,62802.44,BTC-25DEC26,61690.21,0.251,61684.85,25DEC26,50000,,C,BTC-25DEC26-50000-C,,
0.1675,0.2015,0.0,0.18938139,1782377223691,0.0,94.78,61690.21,index_price,61690.21,0.1845,61684.85,28JUN26,50000,,C,BTC-28JUN26-50000-C,,
0.073,0.103,0.1,0.10096907,1782377223691,0.1,50.22,61683.8,BTC-10JUL26,61690.21,0.088,61684.85,10JUL26,56000,,C,BTC-10JUL26-56000-C,,
0.0725,0.0825,0.0,0.0784453,1782377223691,0.0,43.04,64117.829999999994,SYN.BTC-25JUN27,61690.21,0.0775,61684.85,25JUN27,84000,,C,BTC-25JUN27-84000-C,,
0.0205,0.0215,1324.1,0.02088858,1782377223691,538.3,46.59,61767.95,BTC-31JUL26,61690.21,0.021,61684.85,31JUL26,56000,,P,BTC-31JUL26-56000-P,,
0.0003,0.0006,384.5,0.00044195,1782377223691,2.1,46.55,61767.95,BTC-31JUL26,61690.21,0.00045,61684.85,31JUL26,88000,,C,BTC-31JUL26-88000-C,,
0.0085,0.0095,2175.7,0.00897667,1782377223691,281.4,62.4,62170.32,BTC-25SEP26,61690.21,0.009,61684.85,25SEP26,40000,,P,BTC-25SEP26-40000-P,,
3.3525,3.6685,0.0,3.50399034,1782377223691,0.0,81.51,62170.32,BTC-25SEP26,61690.21,3.5105,61684.85,25SEP26,280000,,P,BTC-25SEP26-280000-P,,
1.272,1.4365,4.6,1.35112742,1782377223691,0.0,117.95,61675.41,BTC-26JUN26,61690.21,1.35425,61684.85,26JUN26,145000,,P,BTC-26JUN26-145000-P,,
0.059,0.0605,593.4,0.05974664,1782377223691,9.6,38.85,61767.95,BTC-31JUL26,61690.21,0.05975,61684.85,31JUL26,63000,,P,BTC-31JUL26-63000-P,,
0.721,0.8475,46.2,0.78111862,1782377223691,45.0,64.91,61767.95,BTC-31JUL26,61690.21,0.78425,61684.85,31JUL26,110000,,P,BTC-31JUL26-110000-P,,
0.0002,0.0004,272.3,0.00028928,1782377223691,0.0,53.66,61767.95,BTC-31JUL26,61690.21,0.0003,61684.85,31JUL26,96000,,C,BTC-31JUL26-96000-C,,
0.0002,0.0004,337.0,0.00024768,1782377223691,0.0,59.08,61767.95,BTC-31JUL26,61690.21,0.0003,61684.85,31JUL26,102000,,C,BTC-31JUL26-102000-C,,
0.3465,0.396,4.1,0.35055996,1782377223691,0.0,42.09,63462.21,BTC-26MAR27,61690.21,0.37125,61684.85,26MAR27,82000,,P,BTC-26MAR27-82000-P,,
0.0002,0.0004,2.0,0.00026556,1782377223691,2.0,62.85,61690.21,index_price,61690.21,0.0003,61684.85,28JUN26,70000,,C,BTC-28JUN26-70000-C,,
0.111,0.1135,276.8,0.11264642,1782377223691,15.1,42.93,62802.96,BTC-25DEC26,61690.21,0.11225,61684.85,25DEC26,64000,,C,BTC-25DEC26-64000-C,,
0.4655,0.6075,0.6,0.52721253,1782377223691,0.0,42.21,63461.01,BTC-26MAR27,61690.21,0.5365,61684.85,26MAR27,95000,,P,BTC-26MAR27-95000-P,,
0.0001,0.0003,173.3,0.00018481,1782377223691,0.0,64.91,61767.29,BTC-31JUL26,61690.21,0.0002,61684.85,31JUL26,110000,,C,BTC-31JUL26-110000-C,,
0.012,0.013,1267.7,0.01269689,1782377223691,0.0,41.34,62802.44,BTC-25DEC26,61690.21,0.0125,61684.85,25DEC26,95000,,C,BTC-25DEC26-95000-C,,
0.878,1.015,0.9,0.94298096,1782377223691,0.4,71.81,61767.95,BTC-31JUL26,61690.21,0.9465,61684.85,31JUL26,120000,,P,BTC-31JUL26-120000-P,,
0.0135,0.015,85.5,0.01417877,1782377223691,8.3,38.56,61690.21,index_price,61690.21,0.01425,61684.85,27JUN26,62000,,P,BTC-27JUN26-62000-P,,
0.0018,0.0022,2275.0,0.00199961,1782377223691,2.2,41.57,62170.32,BTC-25SEP26,61690.21,0.002,61684.85,25SEP26,95000,,C,BTC-25SEP26-95000-C,,
0.0295,0.035,0.0,0.0316143,1782377223691,0.0,36.9,61690.21,index_price,61690.21,0.03225,61684.85,27JUN26,63500,,P,BTC-27JUN26-63500-P,,
0.439,0.4445,19.3,0.44248194,1782377223691,0.0,69.75,62170.32,BTC-25SEP26,61690.21,0.44175,61684.85,25SEP26,35000,,C,BTC-25SEP26-35000-C,,
,0.0001,556.0,0.0,1782377223691,0.0,125.23,61675.41,BTC-26JUN26,61690.21,,61684.85,26JUN26,240000,,C,BTC-26JUN26-240000-C,,
2.6935,2.965,0.0,2.82197386,1782377223691,0.0,62.1,62802.44,BTC-25DEC26,61690.21,2.82925,61684.85,25DEC26,240000,,P,BTC-25DEC26-240000-P,,
0.343,0.445,0.0,0.39043915,1782377223691,0.0,39.99,61935.63,BTC-28AUG26,61690.21,0.394,61684.85,28AUG26,86000,,P,BTC-28AUG26-86000-P,,
0.132,0.184,0.0,0.15708786,1782377223691,0.0,85.07,61690.21,index_price,61690.21,0.158,61684.85,28JUN26,52000,,C,BTC-28JUN26-52000-C,,
0.0055,0.006,41.9,0.00580119,1782377223691,15.3,45.44,61690.21,index_price,61690.21,0.00575,61684.85,27JUN26,60500,,P,BTC-27JUN26-60500-P,,
0.376,0.4035,23.4,0.39341398,1782377223691,0.0,41.02,62802.44,BTC-25DEC26,61690.21,0.38975,61684.85,25DEC26,86000,,P,BTC-25DEC26-86000-P,,
0.0065,0.007,492.0,0.00694502,1782377223691,183.9,35.54,61684.92,BTC-10JUL26,61690.21,0.00675,61684.85,10JUL26,66000,,C,BTC-10JUL26-66000-C,,
0.0042,0.0047,55.5,0.00448111,1782377223691,2.4,37.26,61935.63,BTC-28AUG26,61690.21,0.00445,61684.85,28AUG26,79000,,C,BTC-28AUG26-79000-C,,
,0.0002,1000.2,2.932e-05,1782377223691,0.0,65.78,62170.32,BTC-25SEP26,61690.21,,61684.85,25SEP26,200000,,C,BTC-25SEP26-200000-C,,
0.26,0.2695,4.1,0.26468428,1782377223691,0.0,37.09,61935.63,BTC-28AUG26,61690.21,0.26475,61684.85,28AUG26,78000,,P,BTC-28AUG26-78000-P,,
0.006,0.0065,49.0,0.00630646,1782377223691,51.7,38.59,61690.21,index_price,61690.21,0.00625,61684.85,28JUN26,60500,,P,BTC-28JUN26-60500-P,,
1.286,1.465,0.5,1.3677698,1782377223691,0.0,47.27,63461.01,BTC-26MAR27,61690.21,1.3755,61684.85,26MAR27,150000,,P,BTC-26MAR27-150000-P,,
0.0025,0.0028,0.5,0.00328366,1782377223691,0.5,51.53,61671.758,SYN.BTC-29JUN26,61690.21,0.00265,61684.85,29JUN26,58000,,P,BTC-29JUN26-58000-P,,
0.021,0.0215,184.7,0.02125493,1782377223691,104.2,41.59,61684.92,BTC-10JUL26,61690.21,0.02125,61684.85,10JUL26,60000,,P,BTC-10JUL26-60000-P,,
0.0012,0.0014,0.7,0.00142762,1782377223691,0.7,58.66,61671.758,SYN.BTC-29JUN26,61690.21,0.0013,61684.85,29JUN26,56000,,P,BTC-29JUN26-56000-P,,
0.014,0.015,1817.9,0.01470911,1782377223691,66.4,55.94,62170.32,BTC-25SEP26,61690.21,0.0145,61684.85,25SEP26,45000,,P,BTC-25SEP26-45000-P,,
0.0735,0.08,53.6,0.07695427,1782377223691,1.3,35.54,61683.8,BTC-10JUL26,61690.21,0.07675,61684.85,10JUL26,66000,,P,BTC-10JUL26-66000-P,,
0.014,0.0155,501.0,0.01500332,1782377223691,18.1,43.02,63462.21,BTC-26MAR27,61690.21,0.01475,61684.85,26MAR27,110000,,C,BTC-26MAR27-110000-C,,
0.0001,0.0004,487.7,0.00021504,1782377223691,0.1,57.62,62169.58,BTC-25SEP26,61690.21,0.00025,61684.85,25SEP26,145000,,C,BTC-25SEP26-145000-C,,
0.008,0.009,116.2,0.00848227,1782377223691,14.2,44.53,63462.21,BTC-26MAR27,61690.21,0.0085,61684.85,26MAR27,125000,,C,BTC-26MAR27-125000-C,,
1.3085,1.483,2.1,1.38981859,1782377223691,0.0,50.13,62801.47,BTC-25DEC26,61690.21,1.39575,61684.85,25DEC26,150000,,P,BTC-25DEC26-150000-P,,
,,0.0,0.8926583,1782377223691,0.0,44.32,64117.829999999994,SYN.BTC-25JUN27,61690.21,,61684.85,25JUN27,120000,,P,BTC-25JUN27-120000-P,,
0.0001,0.0003,829.7,0.00017957,1782377223691,0.1,62.44,62170.32,BTC-25SEP26,61690.21,0.0002,61684.85,25SEP26,160000,,C,BTC-25SEP26-160000-C,,
0.002,0.0024,0.0,0.00215305,1782377223691,0.0,71.5,61684.92,BTC-10JUL26,61690.21,0.0022,61684.85,10JUL26,48000,,P,BTC-10JUL26-48000-P,,
,,0.0,0.17486153,1782377223691,0.0,44.47,64117.829999999994,SYN.BTC-25JUN27,61690.21,,61684.85,25JUN27,64000,,P,BTC-25JUN27-64000-P,,
0.2865,0.3775,203.5,0.32960309,1782377223691,0.0,90.58,61675.41,BTC-26JUN26,61690.21,0.332,61684.85,26JUN26,82000,,P,BTC-26JUN26-82000-P,,
0.0455,0.05,0.0,0.0500047,1782377223691,0.0,42.85,64117.829999999994,SYN.BTC-25JUN27,61690.21,0.04775,61684.85,25JUN27,95000,,C,BTC-25JUN27-95000-C,,
0.19,0.1945,0.0,0.19241282,1782377223691,0.0,66.2,61683.8,BTC-10JUL26,61690.21,0.19225,61684.85,10JUL26,50000,,C,BTC-10JUL26-50000-C,,
0.0028,0.0032,40.3,0.00297275,1782377223691,47.1,45.99,61690.21,index_price,61690.21,0.003,61684.85,28JUN26,59000,,P,BTC-28JUN26-59000-P,,
0.01,0.011,206.5,0.01054426,1782377223691,0.0,41.7,62801.47,BTC-25DEC26,61690.21,0.0105,61684.85,25DEC26,98000,,C,BTC-25DEC26-98000-C,,
0.455,0.5625,0.5,0.50602443,1782377223691,0.0,50.94,61767.95,BTC-31JUL26,61690.21,0.50875,61684.85,31JUL26,93000,,P,BTC-31JUL26-93000-P,,
0.6645,0.8005,0.0,0.72578486,1782377223691,0.0,43.12,62801.47,BTC-25DEC26,61690.21,0.7325,61684.85,25DEC26,108000,,P,BTC-25DEC26-108000-P,,
,,0.0,0.2726293,1782377223691,0.0,43.59,64117.829999999994,SYN.BTC-25JUN27,61690.21,,61684.85,25JUN27,74000,,P,BTC-25JUN27-74000-P,,
0.4675,0.5775,0.0,0.51864452,1782377223691,0.0,43.81,61936.47,BTC-28AUG26,61690.21,0.5225,61684.85,28AUG26,94000,,P,BTC-28AUG26-94000-P,,
0.0043,0.0047,628.1,0.00450837,1782377223691,0.1,38.76,62169.58,BTC-25SEP26,61690.21,0.0045,61684.85,25SEP26,86000,,C,BTC-25SEP26-86000-C,,
0.0039,0.0044,2336.9,0.00419495,1782377223691,26.0,44.1,62802.44,BTC-25DEC26,61690.21,0.00415,61684.85,25DEC26,115000,,C,BTC-25DEC26-115000-C,,
0.0675,0.0705,924.4,0.06882085,1782377223691,4.5,38.16,61768.43,BTC-31JUL26,61690.21,0.069,61684.85,31JUL26,64000,,P,BTC-31JUL26-64000-P,,
0.0002,0.0004,83.1,0.00032584,1782377223691,1.0,50.94,61767.95,BTC-31JUL26,61690.21,0.0003,61684.85,31JUL26,93000,,C,BTC-31JUL26-93000-C,,
1.134,1.305,0.0,1.21151561,1782377223691,0.0,46.26,63462.21,BTC-26MAR27,61690.21,1.2195,61684.85,26MAR27,140000,,P,BTC-26MAR27-140000-P,,
0.306,0.314,927.0,0.31079286,1782377223691,20.8,41.02,62802.44,BTC-25DEC26,61690.21,0.31,61684.85,25DEC26,80000,,P,BTC-25DEC26-80000-P,,
0.0016,0.0445,0.0,0.01682021,1782377223691,0.0,37.05,61671.758,SYN.BTC-29JUN26,61690.21,0.02305,61684.85,29JUN26,61500,,C,BTC-29JUN26-61500-C,,
0.0445,0.0455,189.1,0.0450988,1782377223691,27.6,45.18,62170.32,BTC-25SEP26,61690.21,0.045,61684.85,25SEP26,56000,,P,BTC-25SEP26-56000-P,,
0.0165,0.0175,1078.6,0.01692945,1782377223691,42.8,52.18,61936.47,BTC-28AUG26,61690.21,0.017,61684.85,28AUG26,50000,,P,BTC-28AUG26-50000-P,,
0.076,0.0795,17.7,0.0780077,1782377223691,0.7,43.02,61767.95,BTC-31JUL26,61690.21,0.07775,61684.85,31JUL26,59000,,C,BTC-31JUL26-59000-C,,
0.2095,0.215,83.7,0.21248498,1782377223691,0.1,43.08,63461.01,BTC-26MAR27,61690.21,0.21225,61684.85,26MAR27,70000,,P,BTC-26MAR27-70000-P,,
0.0665,0.0765,0.0,0.07215874,1782377223691,0.0,42.96,64117.829999999994,SYN.BTC-25JUN27,61690.21,0.0715,61684.85,25JUN27,86000,,C,BTC-25JUN27-86000-C,,
0.0003,0.0005,0.0,0.00037832,1782377223691,0.0,96.4,61690.21,index_price,61690.21,0.0004,61684.85,27JUN26,53000,,P,BTC-27JUN26-53000-P,,
0.132,0.2025,0.2,0.16772289,1782377223691,1.2,48.1,61682.17,BTC-3JUL26,61690.21,0.16725,61684.85,3JUL26,72000,,P,BTC-3JUL26-72000-P,,
0.3455,0.4455,15.2,0.39291267,1782377223691,0.0,45.1,61767.95,BTC-31JUL26,61690.21,0.3955,61684.85,31JUL26,86000,,P,BTC-31JUL26-86000-P,,
0.0014,0.058,0.0,0.02213932,1782377223691,0.0,34.49,61671.758,SYN.BTC-29JUN26,61690.21,0.0297,61684.85,29JUN26,62500,,P,BTC-29JUN26-62500-P,,
0.146,0.149,34.8,0.14765781,1782377223691,30.1,44.02,63462.21,BTC-26MAR27,61690.21,0.1475,61684.85,26MAR27,64000,,C,BTC-26MAR27-64000-C,,
0.333,0.341,157.7,0.33770832,1782377223691,0.0,41.02,62802.96,BTC-25DEC26,61690.21,0.337,61684.85,25DEC26,82000,,P,BTC-25DEC26-82000-P,,
0.005,0.0055,241.0,0.00526833,1782377223691,6.9,37.09,61935.63,BTC-28AUG26,61690.21,0.00525,61684.85,28AUG26,78000,,C,BTC-28AUG26-78000-C,,
0.0705,0.152,0.0,0.10803043,1782377223691,0.0,35.58,61712.34333333333,SYN.BTC-17JUL26,61690.21,0.11125,61684.85,17JUL26,68000,,P,BTC-17JUL26-68000-P,,
0.0018,0.0021,3550.6,0.00195213,1782377223691,1636.4,50.84,61675.41,BTC-26JUN26,61690.21,0.00195,61684.85,26JUN26,60000,,P,BTC-26JUN26-60000-P,,
0.446,0.4555,590.6,0.45106109,1782377223691,5.5,41.09,62802.96,BTC-25DEC26,61690.21,0.45075,61684.85,25DEC26,90000,,P,BTC-25DEC26-90000-P,,
0.0002,0.0004,47.9,0.00028933,1782377223691,0.5,52.55,61767.95,BTC-31JUL26,61690.21,0.0003,61684.85,31JUL26,95000,,C,BTC-31JUL26-95000-C,,
0.0008,0.0012,44.1,0.0010221,1782377223692,0.0,42.71,61935.63,BTC-28AUG26,61690.21,0.001,61684.85,28AUG26,92000,,C,BTC-28AUG26-92000-C,,
0.2725,0.2805,15.9,0.27754717,1782377223692,0.0,48.47,63462.21,BTC-26MAR27,61690.21,0.2765,61684.85,26MAR27,50000,,C,BTC-26MAR27-50000-C,,
0.2215,0.3135,434.5,0.26430024,1782377223692,0.1,38.83,61767.95,BTC-31JUL26,61690.21,0.2675,61684.85,31JUL26,78000,,P,BTC-31JUL26-78000-P,,
0.0028,0.0032,329.3,0.00302869,1782377223692,270.9,66.2,61684.92,BTC-10JUL26,61690.21,0.003,61684.85,10JUL26,50000,,P,BTC-10JUL26-50000-P,,
0.2355,0.3325,0.0,0.28004342,1782377223692,0.0,37.26,61935.63,BTC-28AUG26,61690.21,0.284,61684.85,28AUG26,79000,,P,BTC-28AUG26-79000-P,,
,,0.0,1.19498349,1782377223692,0.0,45.51,64117.829999999994,SYN.BTC-25JUN27,61690.21,,61684.85,25JUN27,140000,,P,BTC-25JUN27-140000-P,,
0.0004,0.0007,0.0,0.00065308,1782377223692,0.0,37.23,61671.758,SYN.BTC-29JUN26,61690.21,0.00055,61684.85,29JUN26,66000,,C,BTC-29JUN26-66000-C,,
1.77,1.9765,0.0,1.86699246,1782377223692,0.0,55.29,62801.47,BTC-25DEC26,61690.21,1.87325,61684.85,25DEC26,180000,,P,BTC-25DEC26-180000-P,,
0.3735,0.478,0.0,0.42236644,1782377223692,0.0,40.83,61935.63,BTC-28AUG26,61690.21,0.42575,61684.85,28AUG26,88000,,P,BTC-28AUG26-88000-P,,
0.017,0.022,22.0,0.01911452,1782377223692,29.1,36.31,61690.21,index_price,61690.21,0.0195,61684.85,28JUN26,61000,,C,BTC-28JUN26-61000-C,,
,0.0001,1180.5,0.0,1782377223692,0.0,125.23,61675.41,BTC-26JUN26,61690.21,,61684.85,26JUN26,180000,,C,BTC-26JUN26-180000-C,,
0.5005,0.596,927.0,0.54039383,1782377223692,49.8,90.61,61675.41,BTC-26JUN26,61690.21,0.54825,61684.85,26JUN26,95000,,P,BTC-26JUN26-95000-P,,
0.534,0.647,0.1,0.5869373,1782377223692,0.0,55.79,61767.95,BTC-31JUL26,61690.21,0.5905,61684.85,31JUL26,98000,,P,BTC-31JUL26-98000-P,,
0.0105,0.011,0.0,0.01081389,1782377223692,0.0,50.0,61712.34333333333,SYN.BTC-17JUL26,61690.21,0.01075,61684.85,17JUL26,55000,,P,BTC-17JUL26-55000-P,,
0.498,0.61,0.0,0.55083345,1782377223692,0.0,44.94,61935.63,BTC-28AUG26,61690.21,0.554,61684.85,28AUG26,96000,,P,BTC-28AUG26-96000-P,,
0.0265,0.027,141.6,0.02680307,1782377223692,107.5,39.89,61684.92,BTC-10JUL26,61690.21,0.02675,61684.85,10JUL26,61000,,P,BTC-10JUL26-61000-P,,
0.0016,0.0021,140.7,0.00185234,1782377223692,15.2,39.99,61935.63,BTC-28AUG26,61690.21,0.00185,61684.85,28AUG26,86000,,C,BTC-28AUG26-86000-C,,
0.1025,0.1135,0.0,0.10861105,1782377223692,0.0,43.3,64117.829999999994,SYN.BTC-25JUN27,61690.21,0.108,61684.85,25JUN27,76000,,C,BTC-25JUN27-76000-C,,
0.023,0.028,201.6,0.02486491,1782377223692,100.9,36.7,61690.21,index_price,61690.21,0.0255,61684.85,27JUN26,63000,,P,BTC-27JUN26-63000-P,,
0.0022,0.0025,18.7,0.00238652,1782377223692,18.7,48.65,61690.21,index_price,61690.21,0.00235,61684.85,28JUN26,58500,,P,BTC-28JUN26-58500-P,,
0.014,0.015,2198.7,0.01444437,1782377223692,15.4,62.86,62802.44,BTC-25DEC26,61690.21,0.0145,61684.85,25DEC26,35000,,P,BTC-25DEC26-35000-P,,
0.179,0.247,212.5,0.21705604,1782377223692,0.0,37.79,61767.95,BTC-31JUL26,61690.21,0.213,61684.85,31JUL26,75000,,P,BTC-31JUL26-75000-P,,
1.3325,1.503,0.7,1.41305087,1782377223692,0.0,59.55,62170.32,BTC-25SEP26,61690.21,1.41775,61684.85,25SEP26,150000,,P,BTC-25SEP26-150000-P,,
0.0125,0.0135,0.0,0.0131959,1782377223692,0.0,48.46,61712.34333333333,SYN.BTC-17JUL26,61690.21,0.013,61684.85,17JUL26,56000,,P,BTC-17JUL26-56000-P,,
0.116,0.12,16.0,0.11809105,1782377223692,0.0,44.55,61936.47,BTC-28AUG26,61690.21,0.118,61684.85,28AUG26,57000,,C,BTC-28AUG26-57000-C,,
0.0645,0.0665,2033.1,0.06547138,1782377223692,7.6,48.47,63462.21,BTC-26MAR27,61690.21,0.0655,61684.85,26MAR27,50000,,P,BTC-26MAR27-50000-P,,
0.0018,0.0021,915.1,0.00193709,1782377223692,808.5,69.87,61682.17,BTC-3JUL26,61690.21,0.00195,61684.85,3JUL26,52000,,P,BTC-3JUL26-52000-P,,
0.0017,0.0023,877.8,0.0019508,1782377223692,0.0,52.26,63462.21,BTC-26MAR27,61690.21,0.002,61684.85,26MAR27,190000,,C,BTC-26MAR27-190000-C,,
0.0002,0.0003,3077.9,0.00020538,1782377223692,1056.1,98.98,61675.41,BTC-26JUN26,61690.21,0.00025,61684.85,26JUN26,55000,,P,BTC-26JUN26-55000-P,,
0.1905,0.281,457.3,0.2326183,1782377223692,0.0,37.86,61767.29,BTC-31JUL26,61690.21,0.23575,61684.85,31JUL26,76000,,P,BTC-31JUL26-76000-P,,
0.005,0.006,2652.2,0.00549477,1782377223692,103.1,43.52,62802.44,BTC-25DEC26,61690.21,0.0055,61684.85,25DEC26,110000,,C,BTC-25DEC26-110000-C,,
0.013,0.014,131.1,0.01344215,1782377223692,2.5,54.72,61936.47,BTC-28AUG26,61690.21,0.0135,61684.85,28AUG26,48000,,P,BTC-28AUG26-48000-P,,
0.0002,0.0003,504.8,0.00024763,1782377223692,0.0,61.07,61767.95,BTC-31JUL26,61690.21,0.00025,61684.85,31JUL26,104000,,C,BTC-31JUL26-104000-C,,
0.3695,0.4775,4.8,0.41928358,1782377223692,0.0,39.45,62169.58,BTC-25SEP26,61690.21,0.4235,61684.85,25SEP26,88000,,P,BTC-25SEP26-88000-P,,
2.7615,3.033,0.1,2.89152125,1782377223692,0.0,125.23,61675.41,BTC-26JUN26,61690.21,2.89725,61684.85,26JUN26,240000,,P,BTC-26JUN26-240000-P,,
0.029,0.064,7.1,0.03197498,1782377223692,7.1,41.31,61690.21,index_price,61690.21,0.0465,61684.85,28JUN26,60000,,C,BTC-28JUN26-60000-C,,
,0.0001,797.9,1.779e-05,1782377223692,65.6,90.58,61675.41,BTC-26JUN26,61690.21,,61684.85,26JUN26,71000,,C,BTC-26JUN26-71000-C,,
0.274,0.2805,19.6,0.27766893,1782377223692,0.1,42.42,63462.21,BTC-26MAR27,61690.21,0.27725,61684.85,26MAR27,76000,,P,BTC-26MAR27-76000-P,,
0.0145,0.015,875.7,0.01526133,1782377223692,48.1,37.56,62169.58,BTC-25SEP26,61690.21,0.01475,61684.85,25SEP26,76000,,C,BTC-25SEP26-76000-C,,
0.018,0.0745,0.0,0.04668212,1782377223692,0.0,39.92,61690.21,index_price,61690.21,0.04625,61684.85,27JUN26,64500,,P,BTC-27JUN26-64500-P,,
0.1145,0.163,0.0,0.14096217,1782377223692,0.0,79.44,61690.21,index_price,61690.21,0.13875,61684.85,28JUN26,53000,,C,BTC-28JUN26-53000-C,,
,0.0002,2261.8,8.867e-05,1782377223692,50.7,76.55,61674.67,BTC-26JUN26,61690.21,,61684.85,26JUN26,68000,,C,BTC-26JUN26-68000-C,,
0.0006,0.0009,1445.0,0.00074153,1782377223692,400.0,46.56,62170.32,BTC-25SEP26,61690.21,0.00075,61684.85,25SEP26,110000,,C,BTC-25SEP26-110000-C,,
0.031,0.0325,261.7,0.03199992,1782377223692,0.3,41.02,62801.47,BTC-25DEC26,61690.21,0.03175,61684.85,25DEC26,82000,,C,BTC-25DEC26-82000-C,,
,0.0001,2125.6,0.0,1782377223692,0.0,90.77,61674.67,BTC-26JUN26,61690.21,,61684.85,26JUN26,105000,,C,BTC-26JUN26-105000-C,,
0.007,0.008,1367.7,0.00761891,1782377223692,1173.6,35.58,61682.91,BTC-3JUL26,61690.21,0.0075,61684.85,3JUL26,64000,,C,BTC-3JUL26-64000-C,,
0.0135,0.0715,0.0,0.03937873,1782377223692,0.0,33.07,61690.21,index_price,61690.21,0.0425,61684.85,28JUN26,64000,,P,BTC-28JUN26-64000-P,,
0.0985,0.182,0.0,0.13753767,1782377223692,0.0,35.99,61712.34333333333,SYN.BTC-17JUL26,61690.21,0.14025,61684.85,17JUL26,70000,,P,BTC-17JUL26-70000-P,,
0.04,0.041,2895.3,0.04073878,1782377223692,8.3,45.96,62170.32,BTC-25SEP26,61690.21,0.0405,61684.85,25SEP26,55000,,P,BTC-25SEP26-55000-P,,
0.05,0.059,2502.0,0.05429435,1782377223692,179.9,54.48,61675.41,BTC-26JUN26,61690.21,0.0545,61684.85,26JUN26,65000,,P,BTC-26JUN26-65000-P,,
1.001,1.155,52.1,1.07235397,1782377223692,0.0,46.61,62802.44,BTC-25DEC26,61690.21,1.078,61684.85,25DEC26,130000,,P,BTC-25DEC26-130000-P,,
0.006,0.007,234.2,0.00653469,1782377223692,101.0,42.63,62801.47,BTC-25DEC26,61690.21,0.0065,61684.85,25DEC26,106000,,C,BTC-25DEC26-106000-C,,
0.53,0.533,268.4,0.53174718,1782377223692,0.0,69.07,62802.44,BTC-25DEC26,61690.21,0.5315,61684.85,25DEC26,30000,,C,BTC-25DEC26-30000-C,,
0.0875,0.094,13.5,0.09086968,1782377223692,0.0,35.49,61683.8,BTC-10JUL26,61690.21,0.09075,61684.85,10JUL26,67000,,P,BTC-10JUL26-67000-P,,
0.01,0.011,65.3,0.01032408,1782377223692,63.8,39.89,61690.21,index_price,61690.21,0.0105,61684.85,27JUN26,61500,,P,BTC-27JUN26-61500-P,,
0.0005,0.0009,922.5,0.00071436,1782377223692,0.1,55.29,62802.44,BTC-25DEC26,61690.21,0.0007,61684.85,25DEC26,180000,,C,BTC-25DEC26-180000-C,,
0.0595,0.1275,0.0,0.09339448,1782377223692,0.0,58.66,61671.758,SYN.BTC-29JUN26,61690.21,0.0935,61684.85,29JUN26,56000,,C,BTC-29JUN26-56000-C,,
0.111,0.117,426.4,0.11409394,1782377223692,0.0,36.16,61767.95,BTC-31JUL26,61690.21,0.114,61684.85,31JUL26,68000,,P,BTC-31JUL26-68000-P,,
0.207,0.2635,111.7,0.21031287,1782377223692,0.1,37.75,62169.58,BTC-25SEP26,61690.21,0.23525,61684.85,25SEP26,74000,,P,BTC-25SEP26-74000-P,,
0.634,0.768,0.1,0.69445401,1782377223692,0.0,42.63,62801.47,BTC-25DEC26,61690.21,0.701,61684.85,25DEC26,106000,,P,BTC-25DEC26-106000-P,,
0.3115,0.4125,0.3,0.35860723,1782377223692,0.0,39.08,61935.63,BTC-28AUG26,61690.21,0.362,61684.85,28AUG26,84000,,P,BTC-28AUG26-84000-P,,
0.3695,0.5085,4.4,0.42958338,1782377223692,0.0,42.05,63461.01,BTC-26MAR27,61690.21,0.439,61684.85,26MAR27,88000,,P,BTC-26MAR27-88000-P,,
2.604,2.865,6.4,2.72937453,1782377223692,0.0,125.23,61675.41,BTC-26JUN26,61690.21,2.7345,61684.85,26JUN26,230000,,P,BTC-26JUN26-230000-P,,
1.3505,1.5205,2.3,1.43220078,1782377223692,0.0,122.22,61675.41,BTC-26JUN26,61690.21,1.4355,61684.85,26JUN26,150000,,P,BTC-26JUN26-150000-P,,
,0.0001,1294.4,0.0,1782377223692,0.0,92.35,61674.67,BTC-26JUN26,61690.21,,61684.85,26JUN26,110000,,C,BTC-26JUN26-110000-C,,
0.0055,0.006,682.4,0.00575915,1782377223692,510.0,39.53,61675.41,BTC-26JUN26,61690.21,0.00575,61684.85,26JUN26,62000,,C,BTC-26JUN26-62000-C,,
0.0003,0.0006,169.0,0.00043488,1782377223692,0.0,47.73,61767.29,BTC-31JUL26,61690.21,0.00045,61684.85,31JUL26,89000,,C,BTC-31JUL26-89000-C,,
,0.0001,649.5,0.0,1782377223692,0.0,117.95,61675.41,BTC-26JUN26,61690.21,,61684.85,26JUN26,145000,,C,BTC-26JUN26-145000-C,,
,0.0001,198.4,0.0,1782377223692,0.0,125.23,61675.41,BTC-26JUN26,61690.21,,61684.85,26JUN26,260000,,C,BTC-26JUN26-260000-C,,
0.0003,0.0005,132.9,0.00040001,1782377223692,11.6,48.46,61690.21,index_price,61690.21,0.0004,61684.85,27JUN26,66000,,C,BTC-27JUN26-66000-C,,
0.024,0.025,315.6,0.02454755,1782377223692,41.8,45.48,61767.29,BTC-31JUL26,61690.21,0.0245,61684.85,31JUL26,57000,,P,BTC-31JUL26-57000-P,,
0.114,0.1165,657.1,0.11531288,1782377223692,24.9,43.49,62802.44,BTC-25DEC26,61690.21,0.11525,61684.85,25DEC26,62000,,P,BTC-25DEC26-62000-P,,
0.0002,0.0004,0.7,0.00027942,1782377223692,0.7,102.54,61690.21,index_price,61690.21,0.0003,61684.85,27JUN26,52000,,P,BTC-27JUN26-52000-P,,
0.288,0.2935,153.4,0.29085741,1782377223692,0.0,55.94,62170.32,BTC-25SEP26,61690.21,0.29075,61684.85,25SEP26,45000,,C,BTC-25SEP26-45000-C,,
0.0014,0.0015,604.7,0.00156694,1782377223692,480.6,39.53,61675.41,BTC-26JUN26,61690.21,0.00145,61684.85,26JUN26,63000,,C,BTC-26JUN26-63000-C,,
0.167,0.172,0.5,0.16979917,1782377223692,0.0,52.72,61767.95,BTC-31JUL26,61690.21,0.1695,61684.85,31JUL26,52000,,C,BTC-31JUL26-52000-C,,
0.0375,0.0385,85.1,0.03788511,1782377223692,88.0,39.89,61684.92,BTC-10JUL26,61690.21,0.038,61684.85,10JUL26,61000,,C,BTC-10JUL26-61000-C,,
0.0015,0.0021,476.0,0.001734,1782377223692,0.1,53.5,63462.21,BTC-26MAR27,61690.21,0.0018,61684.85,26MAR27,200000,,C,BTC-26MAR27-200000-C,,
0.502,0.613,0.1,0.55451013,1782377223692,0.0,53.66,61767.95,BTC-31JUL26,61690.21,0.5575,61684.85,31JUL26,96000,,P,BTC-31JUL26-96000-P,,
0.0032,0.0037,11.7,0.00340906,1782377223692,12.3,51.49,61690.21,index_price,61690.21,0.00345,61684.85,27JUN26,59500,,P,BTC-27JUN26-59500-P,,
,0.0001,4610.1,0.0,1782377223692,0.0,181.46,61675.41,BTC-26JUN26,61690.21,,61684.85,26JUN26,20000,,P,BTC-26JUN26-20000-P,,
0.131,0.178,18.1,0.13545194,1782377223692,0.1,42.62,61682.91,BTC-3JUL26,61690.21,0.1545,61684.85,3JUL26,70000,,P,BTC-3JUL26-70000-P,,
1.1555,1.3195,0.2,1.2310076,1782377223692,0.0,48.52,62802.44,BTC-25DEC26,61690.21,1.2375,61684.85,25DEC26,140000,,P,BTC-25DEC26-140000-P,,
0.9435,1.087,22.7,1.01113467,1782377223692,5.7,52.18,62170.32,BTC-25SEP26,61690.21,1.01525,61684.85,25SEP26,125000,,P,BTC-25SEP26-125000-P,,
0.0002,0.0004,126.5,0.00029761,1782377223692,7.2,54.65,61690.21,index_price,61690.21,0.0003,61684.85,27JUN26,67000,,C,BTC-27JUN26-67000-C,,
0.436,0.544,1.0,0.48648707,1782377223692,0.0,42.71,61935.63,BTC-28AUG26,61690.21,0.49,61684.85,28AUG26,92000,,P,BTC-28AUG26-92000-P,,
0.565,0.7105,0.0,0.62898262,1782377223692,0.0,42.56,63462.21,BTC-26MAR27,61690.21,0.63775,61684.85,26MAR27,102000,,P,BTC-26MAR27-102000-P,,
0.5245,0.64,0.1,0.57797538,1782377223692,0.0,42.56,62170.32,BTC-25SEP26,61690.21,0.58225,61684.85,25SEP26,98000,,P,BTC-25SEP26-98000-P,,
0.363,0.368,32.4,0.36555294,1782377223692,1.0,62.4,62170.32,BTC-25SEP26,61690.21,0.3655,61684.85,25SEP26,40000,,C,BTC-25SEP26-40000-C,,
,,0.0,0.60130329,1782377223692,0.0,43.14,64117.829999999994,SYN.BTC-25JUN27,61690.21,,61684.85,25JUN27,100000,,P,BTC-25JUN27-100000-P,,
0.0001,0.0003,322.7,0.00021023,1782377223692,0.1,61.44,62169.58,BTC-25SEP26,61690.21,0.0002,61684.85,25SEP26,155000,,C,BTC-25SEP26-155000-C,,
0.005,0.0055,20.0,0.00558239,1782377223692,18.1,37.37,61690.21,index_price,61690.21,0.00525,61684.85,27JUN26,62500,,C,BTC-27JUN26-62500-C,,
0.0031,0.0033,128.8,0.00332717,1782377223692,121.4,36.7,61690.21,index_price,61690.21,0.0032,61684.85,27JUN26,63000,,C,BTC-27JUN26-63000-C,,
0.002,0.0026,1.0,0.00267307,1782377223692,1.0,33.66,61671.294,SYN.BTC-29JUN26,61690.21,0.0023,61684.85,29JUN26,64000,,C,BTC-29JUN26-64000-C,,
0.0205,0.0945,0.0,0.05521593,1782377223692,0.0,34.96,61671.294,SYN.BTC-29JUN26,61690.21,0.0575,61684.85,29JUN26,65000,,P,BTC-29JUN26-65000-P,,
0.134,0.1395,653.9,0.13616884,1782377223692,0.1,38.6,62170.32,BTC-25SEP26,61690.21,0.13675,61684.85,25SEP26,68000,,P,BTC-25SEP26-68000-P,,
0.0295,0.031,141.7,0.030158,1782377223692,0.0,42.21,63462.21,BTC-26MAR27,61690.21,0.03025,61684.85,26MAR27,95000,,C,BTC-26MAR27-95000-C,,
0.0735,0.0755,1025.8,0.07475012,1782377223692,75.0,41.62,62802.44,BTC-25DEC26,61690.21,0.0745,61684.85,25DEC26,70000,,C,BTC-25DEC26-70000-C,,
0.009,0.01,1783.1,0.0094602,1782377223692,25.3,69.07,62801.47,BTC-25DEC26,61690.21,0.0095,61684.85,25DEC26,30000,,P,BTC-25DEC26-30000-P,,
,,0.0,0.53158899,1782377223692,0.0,42.85,64117.829999999994,SYN.BTC-25JUN27,61690.21,,61684.85,25JUN27,95000,,P,BTC-25JUN27-95000-P,,
0.029,0.03,52.1,0.02953377,1782377223692,48.8,40.29,61683.31,BTC-3JUL26,61690.21,0.0295,61684.85,3JUL26,61000,,C,BTC-3JUL26-61000-C,,
,,0.0,0.36419174,1782377223692,0.0,43.16,64117.829999999994,SYN.BTC-25JUN27,61690.21,,61684.85,25JUN27,82000,,P,BTC-25JUN27-82000-P,,
1.798,2.0025,7.3,1.89550242,1782377223695,0.0,65.78,62170.32,BTC-25SEP26,61690.21,1.90025,61684.85,25SEP26,180000,,P,BTC-25SEP26-180000-P,,
0.197,0.2445,132.6,0.20131724,1782377223695,0.0,36.91,61767.29,BTC-31JUL26,61690.21,0.22075,61684.85,31JUL26,74000,,P,BTC-31JUL26-74000-P,,
0.33,0.429,21.9,0.37671683,1782377223695,0.1,44.11,61767.95,BTC-31JUL26,61690.21,0.3795,61684.85,31JUL26,85000,,P,BTC-31JUL26-85000-P,,
0.0105,0.0115,7.6,0.01118269,1782377223695,7.6,34.79,61690.21,index_price,61690.21,0.011,61684.85,28JUN26,61500,,P,BTC-28JUN26-61500-P,,
0.0026,0.0029,48.2,0.00268699,1782377223695,14.4,54.75,61690.21,index_price,61690.21,0.00275,61684.85,27JUN26,59000,,P,BTC-27JUN26-59000-P,,
0.03,0.0745,0.2,0.05478717,1782377223695,0.2,36.08,61690.21,index_price,61690.21,0.05225,61684.85,28JUN26,65000,,P,BTC-28JUN26-65000-P,,
,0.0001,308.5,0.0,1782377223695,0.0,125.23,61675.41,BTC-26JUN26,61690.21,,61684.85,26JUN26,300000,,C,BTC-26JUN26-300000-C,,
0.0065,0.0075,826.6,0.00702468,1782377223695,1.5,42.63,62802.44,BTC-25DEC26,61690.21,0.007,61684.85,25DEC26,105000,,C,BTC-25DEC26-105000-C,,
0.0001,0.0003,19.2,0.00017743,1782377223695,19.2,94.78,61690.21,index_price,61690.21,0.0002,61684.85,28JUN26,50000,,P,BTC-28JUN26-50000-P,,
0.237,0.3295,173.5,0.28022137,1782377223695,0.0,39.24,61767.95,BTC-31JUL26,61690.21,0.28325,61684.85,31JUL26,79000,,P,BTC-31JUL26-79000-P,,
0.066,0.1445,0.0,0.10291958,1782377223695,0.0,44.45,61671.758,SYN.BTC-29JUN26,61690.21,0.10525,61684.85,29JUN26,68000,,P,BTC-29JUN26-68000-P,,
1.254,1.4195,0.2,1.33262607,1782377223695,0.0,57.62,62169.58,BTC-25SEP26,61690.21,1.33675,61684.85,25SEP26,145000,,P,BTC-25SEP26-145000-P,,
0.0275,0.099,0.0,0.05819368,1782377223695,0.0,36.85,61712.34333333333,SYN.BTC-17JUL26,61690.21,0.06325,61684.85,17JUL26,64000,,P,BTC-17JUL26-64000-P,,
0.0001,0.0002,29.7,0.00014669,1782377223695,7.8,71.53,61690.21,index_price,61690.21,0.00015,61684.85,27JUN26,70000,,C,BTC-27JUN26-70000-C,,
0.004,0.0043,126.0,0.00419057,1782377223695,74.0,60.56,61684.92,BTC-10JUL26,61690.21,0.00415,61684.85,10JUL26,52000,,P,BTC-10JUL26-52000-P,,
0.059,0.0625,19.1,0.06036475,1782377223695,19.4,43.47,61684.54,BTC-10JUL26,61690.21,0.06075,61684.85,10JUL26,59000,,C,BTC-10JUL26-59000-C,,
0.0005,0.0006,1658.6,0.00052864,1782377223695,426.8,83.11,61675.41,BTC-26JUN26,61690.21,0.00055,61684.85,26JUN26,57000,,P,BTC-26JUN26-57000-P,,
0.0205,0.0215,442.0,0.02089733,1782377223695,298.7,37.22,61684.92,BTC-10JUL26,61690.21,0.021,61684.85,10JUL26,63000,,C,BTC-10JUL26-63000-C,,
0.495,0.515,5.2,0.51039405,1782377223695,0.0,41.25,62802.44,BTC-25DEC26,61690.21,0.505,61684.85,25DEC26,94000,,P,BTC-25DEC26-94000-P,,
0.088,0.0925,479.1,0.08966258,1782377223695,27.1,36.93,61768.43,BTC-31JUL26,61690.21,0.09025,61684.85,31JUL26,66000,,P,BTC-31JUL26-66000-P,,
0.0495,0.0855,0.0,0.07708794,1782377223695,0.0,57.51,61690.21,index_price,61690.21,0.0675,61684.85,28JUN26,57000,,C,BTC-28JUN26-57000-C,,
0.157,0.1685,0.0,0.16409736,1782377223695,0.0,44.43,64117.829999999994,SYN.BTC-25JUN27,61690.21,0.16275,61684.85,25JUN27,66000,,C,BTC-25JUN27-66000-C,,
0.008,0.009,782.5,0.00887555,1782377223695,120.3,37.02,61935.63,BTC-28AUG26,61690.21,0.0085,61684.85,28AUG26,75000,,C,BTC-28AUG26-75000-C,,
,,0.0,0.19340855,1782377223695,0.0,44.43,64117.829999999994,SYN.BTC-25JUN27,61690.21,,61684.85,25JUN27,66000,,P,BTC-25JUN27-66000-P,,
0.013,0.014,110.1,0.01355993,1782377223695,0.0,41.25,62802.44,BTC-25DEC26,61690.21,0.0135,61684.85,25DEC26,94000,,C,BTC-25DEC26-94000-C,,
0.015,0.016,0.0,0.01580775,1782377223695,0.0,36.26,61712.34333333333,SYN.BTC-17JUL26,61690.21,0.0155,61684.85,17JUL26,65000,,C,BTC-17JUL26-65000-C,,
0.164,0.2105,0.0,0.18942933,1782377223695,0.0,116.25,61690.21,index_price,61690.21,0.18725,61684.85,27JUN26,50000,,C,BTC-27JUN26-50000-C,,
0.033,0.034,207.4,0.03379007,1782377223695,27.1,38.48,61684.92,BTC-10JUL26,61690.21,0.0335,61684.85,10JUL26,62000,,P,BTC-10JUL26-62000-P,,
0.014,0.015,668.9,0.01464928,1782377223695,41.3,37.01,61936.47,BTC-28AUG26,61690.21,0.0145,61684.85,28AUG26,72000,,C,BTC-28AUG26-72000-C,,
0.142,0.146,11.6,0.14430557,1782377223695,0.8,45.18,62170.32,BTC-25SEP26,61690.21,0.144,61684.85,25SEP26,56000,,C,BTC-25SEP26-56000-C,,
0.083,0.084,553.4,0.08373054,1782377223695,2.8,41.27,62169.58,BTC-25SEP26,61690.21,0.0835,61684.85,25SEP26,62000,,C,BTC-25SEP26-62000-C,,
0.028,0.029,862.8,0.02856457,1782377223695,55.3,44.21,61767.95,BTC-31JUL26,61690.21,0.0285,61684.85,31JUL26,58000,,P,BTC-31JUL26-58000-P,,
,,0.0,1.50255905,1782377223695,0.0,47.14,64117.829999999994,SYN.BTC-25JUN27,61690.21,,61684.85,25JUN27,160000,,P,BTC-25JUN27-160000-P,,
0.016,0.0175,1644.6,0.01667089,1782377223695,302.7,36.42,61767.95,BTC-31JUL26,61690.21,0.01675,61684.85,31JUL26,67000,,C,BTC-31JUL26-67000-C,,
0.0325,0.0335,1565.6,0.03305858,1782377223695,23.6,38.12,62170.32,BTC-25SEP26,61690.21,0.033,61684.85,25SEP26,70000,,C,BTC-25SEP26-70000-C,,
0.0355,0.104,0.0,0.06718284,1782377223695,0.0,43.45,61712.34333333333,SYN.BTC-17JUL26,61690.21,0.06975,61684.85,17JUL26,59000,,C,BTC-17JUL26-59000-C,,
3.0415,3.335,0.0,3.18228339,1782377223695,0.0,78.83,62170.32,BTC-25SEP26,61690.21,3.18825,61684.85,25SEP26,260000,,P,BTC-25SEP26-260000-P,,
,0.0001,176.0,0.0,1782377223695,0.0,125.23,61675.41,BTC-26JUN26,61690.21,,61684.85,26JUN26,165000,,C,BTC-26JUN26-165000-C,,
0.245,0.2605,3.2,0.24952223,1782377223695,0.0,37.02,61935.63,BTC-28AUG26,61690.21,0.25275,61684.85,28AUG26,77000,,P,BTC-28AUG26-77000-P,,
0.066,0.0755,1096.4,0.0703445,1782377223695,62.3,60.91,61675.41,BTC-26JUN26,61690.21,0.07075,61684.85,26JUN26,66000,,P,BTC-26JUN26-66000-P,,
0.049,0.051,21.4,0.04987942,1782377223695,0.2,42.01,63462.21,BTC-26MAR27,61690.21,0.05,61684.85,26MAR27,85000,,C,BTC-26MAR27-85000-C,,
0.005,0.0055,0.0,0.00595599,1782377223695,0.0,33.78,61671.294,SYN.BTC-29JUN26,61690.21,0.00525,61684.85,29JUN26,63000,,C,BTC-29JUN26-63000-C,,
0.125,0.13,10.0,0.12744905,1782377223695,0.0,47.92,61767.95,BTC-31JUL26,61690.21,0.1275,61684.85,31JUL26,55000,,C,BTC-31JUL26-55000-C,,
0.695,0.832,54.1,0.75704764,1782377223695,0.0,43.52,62802.44,BTC-25DEC26,61690.21,0.7635,61684.85,25DEC26,110000,,P,BTC-25DEC26-110000-P,,
0.113,0.117,91.2,0.11476324,1782377223695,0.2,37.99,61935.63,BTC-28AUG26,61690.21,0.115,61684.85,28AUG26,67000,,P,BTC-28AUG26-67000-P,,
0.074,0.076,42.8,0.0752089,1782377223695,1.0,47.67,63462.21,BTC-26MAR27,61690.21,0.075,61684.85,26MAR27,52000,,P,BTC-26MAR27-52000-P,,
0.0065,0.0685,0.0,0.0342843,1782377223695,0.0,42.63,61671.758,SYN.BTC-29JUN26,61690.21,0.0375,61684.85,29JUN26,60000,,C,BTC-29JUN26-60000-C,,
0.0505,0.1275,0.0,0.08681633,1782377223695,0.0,40.61,61671.758,SYN.BTC-29JUN26,61690.21,0.089,61684.85,29JUN26,67000,,P,BTC-29JUN26-67000-P,,
0.082,0.1205,0.0,0.08687301,1782377223695,0.0,46.59,61690.21,index_price,61690.21,0.10125,61684.85,28JUN26,67000,,P,BTC-28JUN26-67000-P,,
0.138,0.149,0.0,0.14432997,1782377223695,0.0,45.63,64117.829999999994,SYN.BTC-25JUN27,61690.21,0.1435,61684.85,25JUN27,60000,,P,BTC-25JUN27-60000-P,,
0.925,1.0745,8.4,0.99320083,1782377223695,0.0,45.75,62802.44,BTC-25DEC26,61690.21,0.99975,61684.85,25DEC26,125000,,P,BTC-25DEC26-125000-P,,
0.5645,0.6805,0.2,0.61927848,1782377223695,0.2,57.04,61767.29,BTC-31JUL26,61690.21,0.6225,61684.85,31JUL26,100000,,P,BTC-31JUL26-100000-P,,
0.0001,0.0003,200.0,0.00018617,1782377223695,23.6,66.36,61690.21,index_price,61690.21,0.0002,61684.85,27JUN26,69000,,C,BTC-27JUN26-69000-C,,
0.0625,0.1195,0.0,0.09291085,1782377223695,0.0,63.15,61690.21,index_price,61690.21,0.091,61684.85,28JUN26,56000,,C,BTC-28JUN26-56000-C,,
0.6585,0.781,0.0,0.71636637,1782377223695,0.0,63.01,61767.95,BTC-31JUL26,61690.21,0.71975,61684.85,31JUL26,106000,,P,BTC-31JUL26-106000-P,,
0.1705,0.199,0.0,0.17325285,1782377223695,0.0,91.42,61690.21,index_price,61690.21,0.18475,61684.85,28JUN26,51000,,C,BTC-28JUN26-51000-C,,
0.6825,0.8315,1.4,0.74843658,1782377223695,0.2,43.02,63462.21,BTC-26MAR27,61690.21,0.757,61684.85,26MAR27,110000,,P,BTC-26MAR27-110000-P,,
0.0155,0.016,462.5,0.0156322,1782377223695,121.2,49.63,61767.95,BTC-31JUL26,61690.21,0.01575,61684.85,31JUL26,54000,,P,BTC-31JUL26-54000-P,,
0.254,0.2575,0.1,0.25576772,1782377223695,0.0,47.67,63462.21,BTC-26MAR27,61690.21,0.25575,61684.85,26MAR27,52000,,C,BTC-26MAR27-52000-C,,
0.4005,0.5095,592.7,0.45075058,1782377223695,0.0,39.92,62170.32,BTC-25SEP26,61690.21,0.455,61684.85,25SEP26,90000,,P,BTC-25SEP26-90000-P,,
0.075,0.0855,0.0,0.08091867,1782377223695,0.0,48.21,64117.829999999994,SYN.BTC-25JUN27,61690.21,0.08025,61684.85,25JUN27,50000,,P,BTC-25JUN27-50000-P,,
3.974,4.335,0.1,4.14740469,1782377223695,0.0,85.42,62170.32,BTC-25SEP26,61690.21,4.1545,61684.85,25SEP26,320000,,P,BTC-25SEP26-320000-P,,
0.1195,0.122,37.8,0.12094823,1782377223695,0.4,43.31,63462.21,BTC-26MAR27,61690.21,0.12075,61684.85,26MAR27,68000,,C,BTC-26MAR27-68000-C,,
0.2675,0.362,114.0,0.31226404,1782377223695,0.0,40.43,61767.95,BTC-31JUL26,61690.21,0.31475,61684.85,31JUL26,81000,,P,BTC-31JUL26-81000-P,,
0.026,0.0915,0.0,0.05553872,1782377223695,0.0,41.62,61712.34333333333,SYN.BTC-17JUL26,61690.21,0.05875,61684.85,17JUL26,60000,,C,BTC-17JUL26-60000-C,,
0.041,0.0435,97.2,0.04223882,1782377223695,73.6,37.22,61684.92,BTC-10JUL26,61690.21,0.04225,61684.85,10JUL26,63000,,P,BTC-10JUL26-63000-P,,
0.3775,0.4795,2.0,0.42518899,1782377223695,0.0,46.55,61767.95,BTC-31JUL26,61690.21,0.4285,61684.85,31JUL26,88000,,P,BTC-31JUL26-88000-P,,
0.0005,0.0007,20.9,0.00060367,1782377223695,20.0,40.01,61684.92,BTC-10JUL26,61690.21,0.0006,61684.85,10JUL26,73000,,C,BTC-10JUL26-73000-C,,
0.002,0.0023,157.6,0.00219114,1782377223695,3.0,41.31,62170.32,BTC-25SEP26,61690.21,0.00215,61684.85,25SEP26,94000,,C,BTC-25SEP26-94000-C,,
0.0003,0.0005,251.7,0.00039821,1782377223695,251.8,46.59,61690.21,index_price,61690.21,0.0004,61684.85,28JUN26,67000,,C,BTC-28JUN26-67000-C,,
2.9175,3.201,0.0,3.05366797,1782377223695,0.0,125.23,61675.41,BTC-26JUN26,61690.21,3.05925,61684.85,26JUN26,250000,,P,BTC-26JUN26-250000-P,,
0.003,0.0034,506.2,0.00323449,1782377223695,333.6,36.91,61767.29,BTC-31JUL26,61690.21,0.0032,61684.85,31JUL26,74000,,C,BTC-31JUL26-74000-C,,
0.0115,0.0125,263.3,0.01205105,1782377223695,50.4,41.56,62802.44,BTC-25DEC26,61690.21,0.012,61684.85,25DEC26,96000,,C,BTC-25DEC26-96000-C,,
0.0555,0.094,71.1,0.06022826,1782377223695,0.0,70.97,61675.41,BTC-26JUN26,61690.21,0.07475,61684.85,26JUN26,58000,,C,BTC-26JUN26-58000-C,,
0.185,0.218,367.5,0.18929369,1782377223695,0.0,137.35,61675.41,BTC-26JUN26,61690.21,0.2015,61684.85,26JUN26,50000,,C,BTC-26JUN26-50000-C,,
0.025,0.054,0.0,0.04697612,1782377223695,0.0,34.37,61690.21,index_price,61690.21,0.0395,61684.85,28JUN26,64500,,P,BTC-28JUN26-64500-P,,
0.0024,0.0028,174.2,0.00261764,1782377223695,0.1,38.69,61935.63,BTC-28AUG26,61690.21,0.0026,61684.85,28AUG26,83000,,C,BTC-28AUG26-83000-C,,
0.086,0.087,287.0,0.08624513,1782377223695,11.0,42.07,62802.44,BTC-25DEC26,61690.21,0.0865,61684.85,25DEC26,68000,,C,BTC-25DEC26-68000-C,,
,,0.0,0.42083413,1782377223695,0.0,54.35,64117.829999999994,SYN.BTC-25JUN27,61690.21,,61684.85,25JUN27,40000,,C,BTC-25JUN27-40000-C,,
0.036,0.0425,0.2,0.03896021,1782377223695,0.2,37.9,61690.21,index_price,61690.21,0.03925,61684.85,27JUN26,64000,,P,BTC-27JUN26-64000-P,,
0.0095,0.0105,325.7,0.01051274,1782377223695,14.2,37.0,61936.47,BTC-28AUG26,61690.21,0.01,61684.85,28AUG26,74000,,C,BTC-28AUG26-74000-C,,
0.0001,0.0003,18.5,0.00017508,1782377223695,18.5,116.25,61690.21,index_price,61690.21,0.0002,61684.85,27JUN26,50000,,P,BTC-27JUN26-50000-P,,
0.462,0.5745,1.3,0.51423692,1782377223695,0.0,41.31,62169.58,BTC-25SEP26,61690.21,0.51825,61684.85,25SEP26,94000,,P,BTC-25SEP26-94000-P,,
0.0225,0.0245,498.7,0.02362475,1782377223695,22.1,42.39,63462.21,BTC-26MAR27,61690.21,0.0235,61684.85,26MAR27,100000,,C,BTC-26MAR27-100000-C,,
0.1895,0.1945,47.2,0.19252516,1782377223695,0.1,43.31,63462.21,BTC-26MAR27,61690.21,0.192,61684.85,26MAR27,68000,,P,BTC-26MAR27-68000-P,,
0.0195,0.0205,420.2,0.02004401,1782377223695,95.2,38.15,61683.31,BTC-3JUL26,61690.21,0.02,61684.85,3JUL26,62000,,C,BTC-3JUL26-62000-C,,
0.071,0.076,3.2,0.07324823,1782377223695,3.1,45.66,61684.54,BTC-10JUL26,61690.21,0.0735,61684.85,10JUL26,58000,,C,BTC-10JUL26-58000-C,,
0.0011,0.0014,199.3,0.0012065,1782377223695,355.8,37.9,61690.21,index_price,61690.21,0.00125,61684.85,27JUN26,64000,,C,BTC-27JUN26-64000-C,,
0.063,0.118,0.1,0.09284412,1782377223695,0.1,75.58,61690.21,index_price,61690.21,0.0905,61684.85,27JUN26,56000,,C,BTC-27JUN26-56000-C,,
0.05,0.0545,86.2,0.05233199,1782377223695,0.0,36.28,61684.54,BTC-10JUL26,61690.21,0.05225,61684.85,10JUL26,64000,,P,BTC-10JUL26-64000-P,,
3.3875,3.705,0.0,3.54010813,1782377223695,0.0,125.23,61675.41,BTC-26JUN26,61690.21,3.54625,61684.85,26JUN26,280000,,P,BTC-26JUN26-280000-P,,
,0.0001,691.0,0.0,1782377223695,0.0,125.23,61675.41,BTC-26JUN26,61690.21,,61684.85,26JUN26,220000,,C,BTC-26JUN26-220000-C,,
0.3485,0.3715,34.2,0.35141315,1782377223695,0.0,181.46,61675.41,BTC-26JUN26,61690.21,0.36,61684.85,26JUN26,40000,,C,BTC-26JUN26-40000-C,,
0.229,0.2775,1585.0,0.2323151,1782377223695,106.2,90.58,61674.67,BTC-26JUN26,61690.21,0.25325,61684.85,26JUN26,76000,,P,BTC-26JUN26-76000-P,,
0.0545,0.1225,0.0,0.08669692,1782377223695,0.0,54.65,61690.21,index_price,61690.21,0.0885,61684.85,27JUN26,67000,,P,BTC-27JUN26-67000-P,,
,0.0001,5743.2,0.0,1782377223695,0.0,90.6,61675.41,BTC-26JUN26,61690.21,,61684.85,26JUN26,90000,,C,BTC-26JUN26-90000-C,,
3.074,3.369,0.0,3.21581469,1782377223695,0.0,125.23,61675.41,BTC-26JUN26,61690.21,3.2215,61684.85,26JUN26,260000,,P,BTC-26JUN26-260000-P,,
0.0855,0.096,0.0,0.0926578,1782377223695,0.0,47.91,64117.829999999994,SYN.BTC-25JUN27,61690.21,0.09075,61684.85,25JUN27,52000,,P,BTC-25JUN27-52000-P,,
0.2495,0.295,635.7,0.2662054,1782377223695,0.1,37.37,62170.32,BTC-25SEP26,61690.21,0.27225,61684.85,25SEP26,78000,,P,BTC-25SEP26-78000-P,,
,0.0001,1498.6,0.0,1782377223695,0.0,103.99,61675.41,BTC-26JUN26,61690.21,,61684.85,26JUN26,130000,,C,BTC-26JUN26-130000-C,,
0.267,0.2765,46.4,0.27034441,1782377223695,0.0,175.31,61675.41,BTC-26JUN26,61690.21,0.27175,61684.85,26JUN26,45000,,C,BTC-26JUN26-45000-C,,
0.0325,0.0335,346.2,0.03295723,1782377223695,10.1,37.99,61935.63,BTC-28AUG26,61690.21,0.033,61684.85,28AUG26,67000,,C,BTC-28AUG26-67000-C,,
0.907,1.066,0.0,0.97829279,1782377223695,0.0,44.53,63462.21,BTC-26MAR27,61690.21,0.9865,61684.85,26MAR27,125000,,P,BTC-26MAR27-125000-P,,
0.0115,0.013,567.3,0.01226881,1782377223695,1.0,43.5,63462.21,BTC-26MAR27,61690.21,0.01225,61684.85,26MAR27,115000,,C,BTC-26MAR27-115000-C,,
0.0465,0.0485,103.0,0.04736783,1782377223695,2.8,42.01,63462.21,BTC-26MAR27,61690.21,0.0475,61684.85,26MAR27,86000,,C,BTC-26MAR27-86000-C,,
0.266,0.27,1.0,0.26819568,1782377223695,0.0,57.75,61936.47,BTC-28AUG26,61690.21,0.268,61684.85,28AUG26,46000,,C,BTC-28AUG26-46000-C,,
,,0.0,0.34051526,1782377223695,0.0,43.29,64117.829999999994,SYN.BTC-25JUN27,61690.21,,61684.85,25JUN27,80000,,P,BTC-25JUN27-80000-P,,
0.069,0.0705,936.1,0.06971748,1782377223695,82.7,46.28,62802.44,BTC-25DEC26,61690.21,0.06975,61684.85,25DEC26,55000,,P,BTC-25DEC26-55000-P,,
0.0014,0.0017,185.3,0.00158723,1782377223695,2.0,42.56,62169.58,BTC-25SEP26,61690.21,0.00155,61684.85,25SEP26,98000,,C,BTC-25SEP26-98000-C,,
0.379,0.4785,15.9,0.42689113,1782377223695,0.0,90.59,61675.41,BTC-26JUN26,61690.21,0.42875,61684.85,26JUN26,88000,,P,BTC-26JUN26-88000-P,,
0.029,0.035,12.5,0.03215302,1782377223695,12.5,32.29,61690.21,index_price,61690.21,0.032,61684.85,28JUN26,63500,,P,BTC-28JUN26-63500-P,,
0.0875,0.1185,0.0,0.11550579,1782377223695,0.0,52.51,61683.8,BTC-10JUL26,61690.21,0.103,61684.85,10JUL26,55000,,C,BTC-10JUL26-55000-C,,
0.555,0.673,272.4,0.60999676,1782377223695,0.1,43.5,62169.58,BTC-25SEP26,61690.21,0.614,61684.85,25SEP26,100000,,P,BTC-25SEP26-100000-P,,
0.0014,0.054,0.0,0.0217592,1782377223695,0.0,38.0,61671.758,SYN.BTC-29JUN26,61690.21,0.0277,61684.85,29JUN26,61000,,C,BTC-29JUN26-61000-C,,
0.051,0.052,162.4,0.05148828,1782377223695,0.1,39.42,61936.47,BTC-28AUG26,61690.21,0.0515,61684.85,28AUG26,64000,,C,BTC-28AUG26-64000-C,,
,0.0001,1024.4,0.0,1782377223695,0.0,125.23,61675.41,BTC-26JUN26,61690.21,,61684.85,26JUN26,200000,,C,BTC-26JUN26-200000-C,,
0.001,0.0013,58.1,0.00117915,1782377223695,0.0,43.8,62170.32,BTC-25SEP26,61690.21,0.00115,61684.85,25SEP26,102000,,C,BTC-25SEP26-102000-C,,
0.0165,0.0175,592.9,0.01720251,1782377223695,22.3,37.02,61936.47,BTC-28AUG26,61690.21,0.017,61684.85,28AUG26,71000,,C,BTC-28AUG26-71000-C,,
0.0205,0.0225,58.5,0.02161723,1782377223695,0.0,42.56,63462.21,BTC-26MAR27,61690.21,0.0215,61684.85,26MAR27,102000,,C,BTC-26MAR27-102000-C,,
0.28,0.2875,233.2,0.28431051,1782377223695,12.0,40.95,62802.96,BTC-25DEC26,61690.21,0.28375,61684.85,25DEC26,78000,,P,BTC-25DEC26-78000-P,,
0.0245,0.0255,727.8,0.02523078,1782377223695,12.8,38.15,61683.31,BTC-3JUL26,61690.21,0.025,61684.85,3JUL26,62000,,P,BTC-3JUL26-62000-P,,
0.1305,0.1675,7.3,0.16359405,1782377223695,0.2,37.02,61935.63,BTC-28AUG26,61690.21,0.149,61684.85,28AUG26,71000,,P,BTC-28AUG26-71000-P,,
0.0285,0.098,0.0,0.06282077,1782377223695,0.0,51.53,61671.758,SYN.BTC-29JUN26,61690.21,0.06325,61684.85,29JUN26,58000,,C,BTC-29JUN26-58000-C,,
0.088,0.125,3.5,0.11888272,1782377223695,0.0,84.34,61674.67,BTC-26JUN26,61690.21,0.1065,61684.85,26JUN26,69000,,P,BTC-26JUN26-69000-P,,
,,0.0,0.29387849,1782377223695,0.0,43.3,64117.829999999994,SYN.BTC-25JUN27,61690.21,,61684.85,25JUN27,76000,,P,BTC-25JUN27-76000-P,,
0.0735,0.079,0.0,0.07700533,1782377223696,0.0,68.98,61690.21,index_price,61690.21,0.07625,61684.85,27JUN26,57000,,C,BTC-27JUN26-57000-C,,
0.0085,0.009,3248.8,0.0090237,1782377223696,90.7,37.63,62170.32,BTC-25SEP26,61690.21,0.00875,61684.85,25SEP26,80000,,C,BTC-25SEP26-80000-C,,
0.176,0.263,0.2,0.21625154,1782377223696,0.0,56.34,61682.91,BTC-3JUL26,61690.21,0.2195,61684.85,3JUL26,75000,,P,BTC-3JUL26-75000-P,,
,0.0001,231.0,0.0,1782377223696,0.0,125.23,61675.41,BTC-26JUN26,61690.21,,61684.85,26JUN26,280000,,C,BTC-26JUN26-280000-C,,
0.094,0.1045,0.0,0.10016857,1782377223696,0.0,43.22,64117.829999999994,SYN.BTC-25JUN27,61690.21,0.09925,61684.85,25JUN27,78000,,C,BTC-25JUN27-78000-C,,
0.0315,0.0365,499.3,0.03407786,1782377223696,133.9,36.47,61683.31,BTC-3JUL26,61690.21,0.034,61684.85,3JUL26,63000,,P,BTC-3JUL26-63000-P,,
0.105,0.1085,121.0,0.10678367,1782377223696,0.0,43.69,61936.47,BTC-28AUG26,61690.21,0.10675,61684.85,28AUG26,58000,,C,BTC-28AUG26-58000-C,,
0.082,0.0915,145.5,0.08651817,1782377223696,0.8,69.82,61675.41,BTC-26JUN26,61690.21,0.08675,61684.85,26JUN26,67000,,P,BTC-26JUN26-67000-P,,
0.1665,0.1745,367.0,0.17090548,1782377223696,0.0,36.53,61767.95,BTC-31JUL26,61690.21,0.1705,61684.85,31JUL26,72000,,P,BTC-31JUL26-72000-P,,
,0.0002,2110.4,0.00013417,1782377223696,334.7,133.57,61675.41,BTC-26JUN26,61690.21,,61684.85,26JUN26,52000,,P,BTC-26JUN26-52000-P,,
0.043,0.048,352.8,0.04523723,1782377223696,1.8,35.58,61682.91,BTC-3JUL26,61690.21,0.0455,61684.85,3JUL26,64000,,P,BTC-3JUL26-64000-P,,
,,0.0,0.19332369,1782377223696,0.0,45.32,64117.829999999994,SYN.BTC-25JUN27,61690.21,,61684.85,25JUN27,62000,,C,BTC-25JUN27-62000-C,,
0.431,0.542,4.0,0.48242443,1782377223696,0.0,40.55,62170.32,BTC-25SEP26,61690.21,0.4865,61684.85,25SEP26,92000,,P,BTC-25SEP26-92000-P,,
0.0095,0.0755,0.0,0.04070314,1782377223696,0.0,43.65,61671.758,SYN.BTC-29JUN26,61690.21,0.0425,61684.85,29JUN26,59500,,C,BTC-29JUN26-59500-C,,
0.0155,0.0825,0.0,0.04786487,1782377223696,0.0,46.12,61671.758,SYN.BTC-29JUN26,61690.21,0.049,61684.85,29JUN26,59000,,C,BTC-29JUN26-59000-C,,
0.0048,0.0055,0.2,0.00548835,1782377223696,0.2,43.65,61671.294,SYN.BTC-29JUN26,61690.21,0.00515,61684.85,29JUN26,59500,,P,BTC-29JUN26-59500-P,,
0.006,0.0065,9.4,0.00619058,1782377223696,10.8,32.37,61690.21,index_price,61690.21,0.00625,61684.85,28JUN26,62500,,C,BTC-28JUN26-62500-C,,
0.1945,0.198,4.7,0.19653122,1782377223696,0.0,45.56,63462.21,BTC-26MAR27,61690.21,0.19625,61684.85,26MAR27,58000,,C,BTC-26MAR27-58000-C,,
0.031,0.0325,122.8,0.03167336,1782377223696,0.4,42.17,63462.21,BTC-26MAR27,61690.21,0.03175,61684.85,26MAR27,94000,,C,BTC-26MAR27-94000-C,,
0.0235,0.0245,30.1,0.02394699,1782377223696,10.8,48.59,61936.59,BTC-28AUG26,61690.21,0.024,61684.85,28AUG26,53000,,P,BTC-28AUG26-53000-P,,
0.0975,0.0995,47.3,0.09853945,1782377223696,4.9,42.79,63462.21,BTC-26MAR27,61690.21,0.0985,61684.85,26MAR27,72000,,C,BTC-26MAR27-72000-C,,
,,0.0,0.30113746,1782377223696,0.0,48.21,64117.829999999994,SYN.BTC-25JUN27,61690.21,,61684.85,25JUN27,50000,,C,BTC-25JUN27-50000-C,,
,0.0001,778.3,0.0,1782377223696,0.0,113.48,61675.41,BTC-26JUN26,61690.21,,61684.85,26JUN26,140000,,C,BTC-26JUN26-140000-C,,
0.138,0.1685,0.0,0.14098782,1782377223696,0.0,96.4,61690.21,index_price,61690.21,0.15325,61684.85,27JUN26,53000,,C,BTC-27JUN26-53000-C,,
0.1915,0.196,42.8,0.19392914,1782377223696,0.0,46.28,62802.96,BTC-25DEC26,61690.21,0.19375,61684.85,25DEC26,55000,,C,BTC-25DEC26-55000-C,,
0.191,0.2095,0.0,0.19349253,1782377223696,0.0,48.52,62169.58,BTC-25SEP26,61690.21,0.20025,61684.85,25SEP26,52000,,C,BTC-25SEP26-52000-C,,
0.4085,0.512,9.9,0.45747529,1782377223696,1.1,47.73,61767.95,BTC-31JUL26,61690.21,0.46025,61684.85,31JUL26,90000,,P,BTC-31JUL26-90000-P,,
0.0001,0.0004,0.0,0.00029006,1782377223696,0.0,49.6,61671.758,SYN.BTC-29JUN26,61690.21,0.00025,61684.85,29JUN26,69000,,C,BTC-29JUN26-69000-C,,
0.0002,0.0006,875.7,0.00026973,1782377223696,0.0,62.1,62802.44,BTC-25DEC26,61690.21,0.0004,61684.85,25DEC26,240000,,C,BTC-25DEC26-240000-C,,
0.109,0.1405,22.9,0.13801129,1782377223696,0.2,37.36,61935.63,BTC-28AUG26,61690.21,0.12475,61684.85,28AUG26,69000,,P,BTC-28AUG26-69000-P,,
0.0002,0.0004,446.7,0.0002476,1782377223696,0.0,62.05,61767.95,BTC-31JUL26,61690.21,0.0003,61684.85,31JUL26,105000,,C,BTC-31JUL26-105000-C,,
,0.0001,565.1,7.036e-05,1782377223696,75.5,84.34,61675.41,BTC-26JUN26,61690.21,,61684.85,26JUN26,69000,,C,BTC-26JUN26-69000-C,,
0.0005,0.0007,71.1,0.00061374,1782377223696,18.6,42.58,61690.21,index_price,61690.21,0.0006,61684.85,27JUN26,65000,,C,BTC-27JUN26-65000-C,,
0.171,0.176,103.1,0.17399644,1782377223696,0.0,43.7,63462.21,BTC-26MAR27,61690.21,0.1735,61684.85,26MAR27,66000,,P,BTC-26MAR27-66000-P,,
0.0075,0.008,1606.0,0.00764564,1782377223696,1826.3,48.81,61683.31,BTC-3JUL26,61690.21,0.00775,61684.85,3JUL26,58000,,P,BTC-3JUL26-58000-P,,
0.2115,0.2235,1839.3,0.21610054,1782377223696,291.0,90.58,61675.41,BTC-26JUN26,61690.21,0.2175,61684.85,26JUN26,75000,,P,BTC-26JUN26-75000-P,,
0.0515,0.053,1114.5,0.05224308,1782377223696,17.9,41.01,62802.96,BTC-25DEC26,61690.21,0.05225,61684.85,25DEC26,75000,,C,BTC-25DEC26-75000-C,,
0.0215,0.0225,384.6,0.0219214,1782377223696,3.4,58.6,63462.21,BTC-26MAR27,61690.21,0.022,61684.85,26MAR27,35000,,P,BTC-26MAR27-35000-P,,
0.5115,0.5145,71.8,0.51355984,1782377223696,13.0,181.46,61675.41,BTC-26JUN26,61690.21,0.513,61684.85,26JUN26,30000,,C,BTC-26JUN26-30000-C,,
0.0001,0.0005,0.0,0.00030792,1782377223696,0.0,44.45,61671.758,SYN.BTC-29JUN26,61690.21,0.0003,61684.85,29JUN26,68000,,C,BTC-29JUN26-68000-C,,
0.0048,0.0055,1518.2,0.00520622,1782377223696,185.6,36.53,61767.95,BTC-31JUL26,61690.21,0.00515,61684.85,31JUL26,72000,,C,BTC-31JUL26-72000-C,,
1.116,1.269,14.2,1.1889807,1782377223696,0.0,108.85,61675.41,BTC-26JUN26,61690.21,1.1925,61684.85,26JUN26,135000,,P,BTC-26JUN26-135000-P,,
0.06,0.0615,416.8,0.06128999,1782377223696,130.0,41.42,61936.47,BTC-28AUG26,61690.21,0.06075,61684.85,28AUG26,61000,,P,BTC-28AUG26-61000-P,,
0.015,0.016,437.6,0.015451,1782377223696,450.5,43.88,61675.41,BTC-26JUN26,61690.21,0.0155,61684.85,26JUN26,61000,,C,BTC-26JUN26-61000-C,,
0.0235,0.025,3291.1,0.02445086,1782377223696,571.8,50.49,62170.32,BTC-25SEP26,61690.21,0.02425,61684.85,25SEP26,50000,,P,BTC-25SEP26-50000-P,,
0.114,0.158,0.0,0.11943966,1782377223696,0.0,40.58,61682.17,BTC-3JUL26,61690.21,0.136,61684.85,3JUL26,69000,,P,BTC-3JUL26-69000-P,,
,0.0001,1605.1,4e-08,1782377223696,4.3,90.58,61675.41,BTC-26JUN26,61690.21,,61684.85,26JUN26,76000,,C,BTC-26JUN26-76000-C,,
0.1535,0.1585,121.7,0.1562008,1782377223696,0.2,44.02,63462.21,BTC-26MAR27,61690.21,0.156,61684.85,26MAR27,64000,,P,BTC-26MAR27-64000-P,,
0.076,0.077,114.9,0.07636277,1782377223696,113.6,41.42,61936.59,BTC-28AUG26,61690.21,0.0765,61684.85,28AUG26,61000,,C,BTC-28AUG26-61000-C,,
0.138,0.145,886.1,0.14166629,1782377223696,1.0,36.3,61767.95,BTC-31JUL26,61690.21,0.1415,61684.85,31JUL26,70000,,P,BTC-31JUL26-70000-P,,
0.757,0.909,0.0,0.8244945,1782377223696,0.0,43.5,63462.21,BTC-26MAR27,61690.21,0.833,61684.85,26MAR27,115000,,P,BTC-26MAR27-115000-P,,
0.469,0.4725,0.0,0.47037445,1782377223696,0.0,58.6,63461.01,BTC-26MAR27,61690.21,0.47075,61684.85,26MAR27,35000,,C,BTC-26MAR27-35000-C,,
0.097,0.108,0.0,0.10322968,1782377223696,0.0,46.99,64117.829999999994,SYN.BTC-25JUN27,61690.21,0.1025,61684.85,25JUN27,54000,,P,BTC-25JUN27-54000-P,,
0.0795,0.14,0.0,0.10882184,1782377223696,0.0,82.37,61690.21,index_price,61690.21,0.10975,61684.85,27JUN26,55000,,C,BTC-27JUN26-55000-C,,
1.1765,1.337,1.4,1.25222997,1782377223696,0.0,56.23,62170.32,BTC-25SEP26,61690.21,1.25675,61684.85,25SEP26,140000,,P,BTC-25SEP26-140000-P,,
0.0335,0.0705,0.0,0.06142274,1782377223696,0.0,51.43,61690.21,index_price,61690.21,0.052,61684.85,28JUN26,58000,,C,BTC-28JUN26-58000-C,,
0.0003,0.0005,1207.2,0.00034763,1782377223696,2.5,47.73,61767.29,BTC-31JUL26,61690.21,0.0004,61684.85,31JUL26,90000,,C,BTC-31JUL26-90000-C,,
0.0004,0.0006,33.0,0.0004867,1782377223696,33.1,89.34,61690.21,index_price,61690.21,0.0005,61684.85,27JUN26,54000,,P,BTC-27JUN26-54000-P,,
0.4245,0.5295,0.0,0.47364586,1782377223696,0.0,48.62,61767.95,BTC-31JUL26,61690.21,0.477,61684.85,31JUL26,91000,,P,BTC-31JUL26-91000-P,,
,0.0001,129.0,0.0,1782377223696,0.0,125.23,61675.41,BTC-26JUN26,61690.21,,61684.85,26JUN26,340000,,C,BTC-26JUN26-340000-C,,
0.0195,0.0205,129.6,0.02011932,1782377223696,62.3,37.02,61935.63,BTC-28AUG26,61690.21,0.02,61684.85,28AUG26,70000,,C,BTC-28AUG26-70000-C,,
0.653,0.8015,0.0,0.71851937,1782377223696,0.0,43.02,63462.21,BTC-26MAR27,61690.21,0.72725,61684.85,26MAR27,108000,,P,BTC-26MAR27-108000-P,,
0.0022,0.0026,631.8,0.00219422,1782377223696,0.9,50.87,63462.21,BTC-26MAR27,61690.21,0.0024,61684.85,26MAR27,180000,,C,BTC-26MAR27-180000-C,,
0.372,0.4215,5.8,0.37632332,1782377223696,0.0,42.05,63461.01,BTC-26MAR27,61690.21,0.39675,61684.85,26MAR27,84000,,P,BTC-26MAR27-84000-P,,
0.2305,0.2385,5.4,0.2345789,1782377223696,0.0,37.01,61935.63,BTC-28AUG26,61690.21,0.2345,61684.85,28AUG26,76000,,P,BTC-28AUG26-76000-P,,
0.0013,0.0016,1030.7,0.00145627,1782377223696,36.2,38.83,61767.95,BTC-31JUL26,61690.21,0.00145,61684.85,31JUL26,78000,,C,BTC-31JUL26-78000-C,,
0.036,0.041,17.6,0.03862302,1782377223696,17.6,51.49,61690.21,index_price,61690.21,0.0385,61684.85,27JUN26,59500,,C,BTC-27JUN26-59500-C,,
0.008,0.0085,2512.3,0.00834478,1782377223696,1723.6,36.3,61767.95,BTC-31JUL26,61690.21,0.00825,61684.85,31JUL26,70000,,C,BTC-31JUL26-70000-C,,
0.001,0.0012,1223.0,0.00106635,1782377223696,804.6,60.55,61674.67,BTC-26JUN26,61690.21,0.0011,61684.85,26JUN26,59000,,P,BTC-26JUN26-59000-P,,
0.0005,0.0006,1162.4,0.00057306,1782377223696,1.0,51.02,62170.32,BTC-25SEP26,61690.21,0.00055,61684.85,25SEP26,120000,,C,BTC-25SEP26-120000-C,,
0.023,0.026,110.2,0.02480798,1782377223696,110.8,45.44,61690.21,index_price,61690.21,0.0245,61684.85,27JUN26,60500,,C,BTC-27JUN26-60500-C,,
1.6425,1.836,0.0,1.73472018,1782377223696,0.0,65.61,62170.32,BTC-25SEP26,61690.21,1.73925,61684.85,25SEP26,170000,,P,BTC-25SEP26-170000-P,,
0.174,0.181,86.2,0.17718716,1782377223696,0.0,37.01,61935.63,BTC-28AUG26,61690.21,0.1775,61684.85,28AUG26,72000,,P,BTC-28AUG26-72000-P,,
,0.0001,4257.6,1.5e-07,1782377223696,14.6,90.58,61675.41,BTC-26JUN26,61690.21,,61684.85,26JUN26,75000,,C,BTC-26JUN26-75000-C,,
0.042,0.0435,70.3,0.04283677,1782377223696,0.1,42.05,63461.01,BTC-26MAR27,61690.21,0.04275,61684.85,26MAR27,88000,,C,BTC-26MAR27-88000-C,,
,0.0001,3939.3,4.64e-06,1782377223696,104.8,175.31,61675.41,BTC-26JUN26,61690.21,,61684.85,26JUN26,45000,,P,BTC-26JUN26-45000-P,,
0.2515,0.2575,41.3,0.25502769,1782377223696,0.2,42.61,63462.21,BTC-26MAR27,61690.21,0.2545,61684.85,26MAR27,74000,,P,BTC-26MAR27-74000-P,,
0.0024,0.003,250.4,0.00259956,1782377223696,1.4,49.65,63462.21,BTC-26MAR27,61690.21,0.0027,61684.85,26MAR27,170000,,C,BTC-26MAR27-170000-C,,
0.1875,0.1945,3.3,0.19111908,1782377223696,0.0,37.01,61935.63,BTC-28AUG26,61690.21,0.191,61684.85,28AUG26,73000,,P,BTC-28AUG26-73000-P,,
0.0135,0.014,978.4,0.01365624,1782377223696,327.2,42.92,61683.31,BTC-3JUL26,61690.21,0.01375,61684.85,3JUL26,60000,,P,BTC-3JUL26-60000-P,,
0.0875,0.09,45.3,0.08889986,1782377223696,9.2,42.61,63462.21,BTC-26MAR27,61690.21,0.08875,61684.85,26MAR27,74000,,C,BTC-26MAR27-74000-C,,
0.1305,0.134,141.3,0.13173085,1782377223696,1.4,42.93,62802.96,BTC-25DEC26,61690.21,0.13225,61684.85,25DEC26,64000,,P,BTC-25DEC26-64000-P,,
0.0021,0.0025,49.6,0.00231313,1782377223696,0.0,39.08,61935.63,BTC-28AUG26,61690.21,0.0023,61684.85,28AUG26,84000,,C,BTC-28AUG26-84000-C,,
0.233,0.237,0.0,0.23486884,1782377223696,0.0,46.88,63461.01,BTC-26MAR27,61690.21,0.235,61684.85,26MAR27,54000,,C,BTC-26MAR27-54000-C,,
,0.0001,2058.3,0.0,1782377223696,0.2,90.59,61675.41,BTC-26JUN26,61690.21,,61684.85,26JUN26,88000,,C,BTC-26JUN26-88000-C,,
0.2925,0.344,1771.3,0.29717375,1782377223696,699.6,90.58,61675.41,BTC-26JUN26,61690.21,0.31825,61684.85,26JUN26,80000,,P,BTC-26JUN26-80000-P,,
0.0715,0.143,0.0,0.10575994,1782377223696,0.0,48.46,61712.34333333333,SYN.BTC-17JUL26,61690.21,0.10725,61684.85,17JUL26,56000,,C,BTC-17JUL26-56000-C,,
0.0005,0.0009,2244.5,0.00067859,1782377223696,0.0,49.12,62169.58,BTC-25SEP26,61690.21,0.0007,61684.85,25SEP26,115000,,C,BTC-25SEP26-115000-C,,
0.084,0.0875,55.7,0.08574272,1782377223696,25.7,42.04,61935.63,BTC-28AUG26,61690.21,0.08575,61684.85,28AUG26,60000,,C,BTC-28AUG26-60000-C,,
0.0135,0.0145,66.0,0.0138997,1782377223696,69.1,34.79,61690.21,index_price,61690.21,0.014,61684.85,28JUN26,61500,,C,BTC-28JUN26-61500-C,,
,,0.0,0.38847773,1782377223696,0.0,43.04,64117.829999999994,SYN.BTC-25JUN27,61690.21,,61684.85,25JUN27,84000,,P,BTC-25JUN27-84000-P,,
0.8315,0.987,0.0,0.90107727,1782377223696,0.0,43.93,63461.01,BTC-26MAR27,61690.21,0.90925,61684.85,26MAR27,120000,,P,BTC-26MAR27-120000-P,,
0.017,0.0225,0.4,0.01968558,1782377223696,0.4,32.37,61690.21,index_price,61690.21,0.01975,61684.85,28JUN26,62500,,P,BTC-28JUN26-62500-P,,
0.0115,0.012,1131.6,0.01169079,1782377223696,38.0,52.72,61768.43,BTC-31JUL26,61690.21,0.01175,61684.85,31JUL26,52000,,P,BTC-31JUL26-52000-P,,
,0.0001,267.2,0.0,1782377223696,0.0,125.23,61675.41,BTC-26JUN26,61690.21,,61684.85,26JUN26,380000,,C,BTC-26JUN26-380000-C,,
0.594,0.74,0.0,0.65849681,1782377223696,0.0,42.62,63462.21,BTC-26MAR27,61690.21,0.667,61684.85,26MAR27,104000,,P,BTC-26MAR27-104000-P,,
0.0029,0.003,227.6,0.00308289,1782377223696,22.4,35.61,61684.92,BTC-10JUL26,61690.21,0.00295,61684.85,10JUL26,68000,,C,BTC-10JUL26-68000-C,,
0.0165,0.017,19.7,0.01688283,1782377223696,20.7,43.47,61684.92,BTC-10JUL26,61690.21,0.01675,61684.85,10JUL26,59000,,P,BTC-10JUL26-59000-P,,
0.0395,0.0975,0.4,0.0705844,1782377223696,0.6,48.46,61690.21,index_price,61690.21,0.0685,61684.85,27JUN26,66000,,P,BTC-27JUN26-66000-P,,
0.038,0.039,187.9,0.03843288,1782377223696,130.0,44.55,61936.59,BTC-28AUG26,61690.21,0.0385,61684.85,28AUG26,57000,,P,BTC-28AUG26-57000-P,,
0.4515,0.593,9.0,0.51297088,1782377223696,0.0,42.17,63462.21,BTC-26MAR27,61690.21,0.52225,61684.85,26MAR27,94000,,P,BTC-26MAR27-94000-P,,
0.0034,0.0037,1.1,0.00404101,1782377223696,1.1,33.66,61671.294,SYN.BTC-29JUN26,61690.21,0.00355,61684.85,29JUN26,63500,,C,BTC-29JUN26-63500-C,,
0.5505,0.607,301.4,0.60141423,1782377223696,34.2,41.7,62802.96,BTC-25DEC26,61690.21,0.57875,61684.85,25DEC26,100000,,P,BTC-25DEC26-100000-P,,
0.243,0.2495,888.1,0.24648264,1782377223696,0.0,41.01,62802.96,BTC-25DEC26,61690.21,0.24625,61684.85,25DEC26,75000,,P,BTC-25DEC26-75000-P,,
0.145,0.154,96.6,0.1503644,1782377223696,0.2,37.02,61935.63,BTC-28AUG26,61690.21,0.1495,61684.85,28AUG26,70000,,P,BTC-28AUG26-70000-P,,
0.0535,0.055,689.8,0.05452338,1782377223696,46.0,42.04,61936.47,BTC-28AUG26,61690.21,0.05425,61684.85,28AUG26,60000,,P,BTC-28AUG26-60000-P,,
0.0003,0.0006,1438.4,0.00037243,1782377223696,0.1,53.83,62170.32,BTC-25SEP26,61690.21,0.00045,61684.85,25SEP26,130000,,C,BTC-25SEP26-130000-C,,
0.079,0.081,416.5,0.08003326,1782377223696,2.0,42.42,63462.21,BTC-26MAR27,61690.21,0.08,61684.85,26MAR27,76000,,C,BTC-26MAR27-76000-C,,
0.4865,0.596,0.2,0.53832039,1782377223696,0.1,52.55,61767.95,BTC-31JUL26,61690.21,0.54125,61684.85,31JUL26,95000,,P,BTC-31JUL26-95000-P,,
,0.0001,2736.0,0.0,1782377223696,5.0,90.58,61675.41,BTC-26JUN26,61690.21,,61684.85,26JUN26,78000,,C,BTC-26JUN26-78000-C,,
0.1755,0.2625,0.1,0.21632084,1782377223696,0.0,42.75,61683.8,BTC-10JUL26,61690.21,0.219,61684.85,10JUL26,75000,,P,BTC-10JUL26-75000-P,,
0.0023,0.0028,493.1,0.00254984,1782377223696,0.1,40.55,62169.58,BTC-25SEP26,61690.21,0.00255,61684.85,25SEP26,92000,,C,BTC-25SEP26-92000-C,,
0.0004,0.0007,2261.1,0.0004355,1782377223696,0.0,52.18,62169.58,BTC-25SEP26,61690.21,0.00055,61684.85,25SEP26,125000,,C,BTC-25SEP26-125000-C,,
0.0002,0.0005,278.1,0.00032789,1782377223696,0.3,48.62,61767.95,BTC-31JUL26,61690.21,0.00035,61684.85,31JUL26,91000,,C,BTC-31JUL26-91000-C,,
0.8475,0.9925,35.5,0.91420337,1782377223696,0.0,44.92,62802.44,BTC-25DEC26,61690.21,0.92,61684.85,25DEC26,120000,,P,BTC-25DEC26-120000-P,,
2.134,2.3615,6.6,2.24293438,1782377223696,0.0,125.23,61675.41,BTC-26JUN26,61690.21,2.24775,61684.85,26JUN26,200000,,P,BTC-26JUN26-200000-P,,
,0.0001,196.8,0.0,1782377223696,0.0,125.23,61675.41,BTC-26JUN26,61690.21,,61684.85,26JUN26,210000,,C,BTC-26JUN26-210000-C,,
0.128,0.1315,6.8,0.13004802,1782377223696,0.0,45.56,61935.63,BTC-28AUG26,61690.21,0.12975,61684.85,28AUG26,56000,,C,BTC-28AUG26-56000-C,,
0.0055,0.0065,576.4,0.00593468,1782377223696,514.8,55.08,61684.92,BTC-10JUL26,61690.21,0.006,61684.85,10JUL26,54000,,P,BTC-10JUL26-54000-P,,
,,0.0,0.23228045,1782377223696,0.0,44.2,64117.829999999994,SYN.BTC-25JUN27,61690.21,,61684.85,25JUN27,70000,,P,BTC-25JUN27-70000-P,,
2.3865,2.6355,0.0,2.50359325,1782377223696,0.0,60.16,62802.44,BTC-25DEC26,61690.21,2.511,61684.85,25DEC26,220000,,P,BTC-25DEC26-220000-P,,
0.139,0.142,154.5,0.14058346,1782377223696,0.3,43.84,63462.21,BTC-26MAR27,61690.21,0.1405,61684.85,26MAR27,65000,,C,BTC-26MAR27-65000-C,,
0.0065,0.0075,1053.9,0.00700769,1782377223696,5.3,44.89,63462.21,BTC-26MAR27,61690.21,0.007,61684.85,26MAR27,130000,,C,BTC-26MAR27-130000-C,,
,0.0002,1347.6,0.00012915,1782377223696,1.0,65.78,62170.32,BTC-25SEP26,61690.21,,61684.85,25SEP26,175000,,C,BTC-25SEP26-175000-C,,
0.2015,0.209,3.3,0.20534332,1782377223696,0.0,37.0,61935.63,BTC-28AUG26,61690.21,0.20525,61684.85,28AUG26,74000,,P,BTC-28AUG26-74000-P,,
0.2075,0.2115,121.0,0.20961205,1782377223696,1.0,52.18,61936.47,BTC-28AUG26,61690.21,0.2095,61684.85,28AUG26,50000,,C,BTC-28AUG26-50000-C,,
0.0715,0.097,0.0,0.07629234,1782377223696,0.0,83.11,61675.41,BTC-26JUN26,61690.21,0.08425,61684.85,26JUN26,57000,,C,BTC-26JUN26-57000-C,,
0.1335,0.186,0.0,0.15710384,1782377223696,0.0,102.54,61690.21,index_price,61690.21,0.15975,61684.85,27JUN26,52000,,C,BTC-27JUN26-52000-C,,
0.052,0.0535,74.8,0.05261269,1782377223696,0.2,42.05,63462.21,BTC-26MAR27,61690.21,0.05275,61684.85,26MAR27,84000,,C,BTC-26MAR27-84000-C,,
0.0045,0.011,0.0,0.00725918,1782377223696,0.0,47.14,64117.829999999994,SYN.BTC-25JUN27,61690.21,0.00775,61684.85,25JUN27,160000,,C,BTC-25JUN27-160000-C,,
0.339,0.4455,11.6,0.3878694,1782377223696,0.0,38.76,62169.58,BTC-25SEP26,61690.21,0.39225,61684.85,25SEP26,86000,,P,BTC-25SEP26-86000-P,,
0.4415,0.5455,26.3,0.49174981,1782377223696,0.0,90.6,61675.41,BTC-26JUN26,61690.21,0.4935,61684.85,26JUN26,92000,,P,BTC-26JUN26-92000-P,,
0.042,0.043,687.6,0.04234849,1782377223696,11.3,38.6,62169.58,BTC-25SEP26,61690.21,0.0425,61684.85,25SEP26,68000,,C,BTC-25SEP26-68000-C,,
,0.0001,68.9,2.419e-05,1782377223696,0.0,81.51,62169.58,BTC-25SEP26,61690.21,,61684.85,25SEP26,280000,,C,BTC-25SEP26-280000-C,,
0.0002,0.0006,196.5,0.00036029,1782377223696,0.0,61.92,62802.44,BTC-25DEC26,61690.21,0.0004,61684.85,25DEC26,230000,,C,BTC-25DEC26-230000-C,,
0.881,0.9595,720.4,0.94576063,1782377223696,0.4,95.92,61675.41,BTC-26JUN26,61690.21,0.92025,61684.85,26JUN26,120000,,P,BTC-26JUN26-120000-P,,
1.508,1.6885,52.5,1.5943475,1782377223696,24.0,125.23,61675.41,BTC-26JUN26,61690.21,1.59825,61684.85,26JUN26,160000,,P,BTC-26JUN26-160000-P,,
0.191,0.2795,0.0,0.23241338,1782377223696,0.0,58.24,61682.17,BTC-3JUL26,61690.21,0.23525,61684.85,3JUL26,76000,,P,BTC-3JUL26-76000-P,,
0.0465,0.0475,1644.7,0.04726847,1782377223696,16.1,49.06,62802.44,BTC-25DEC26,61690.21,0.047,61684.85,25DEC26,50000,,P,BTC-25DEC26-50000-P,,
0.039,0.042,30.4,0.04089486,1782377223697,34.2,42.92,61683.31,BTC-3JUL26,61690.21,0.0405,61684.85,3JUL26,60000,,C,BTC-3JUL26-60000-C,,
0.0046,0.005,31.7,0.00493588,1782377223697,38.8,41.31,61690.21,index_price,61690.21,0.0048,61684.85,28JUN26,60000,,P,BTC-28JUN26-60000-P,,
0.044,0.045,875.4,0.0446895,1782377223697,37.9,38.93,61936.47,BTC-28AUG26,61690.21,0.0445,61684.85,28AUG26,65000,,C,BTC-28AUG26-65000-C,,
0.0001,0.0002,1054.3,0.00014408,1782377223697,0.0,71.81,61767.95,BTC-31JUL26,61690.21,0.00015,61684.85,31JUL26,120000,,C,BTC-31JUL26-120000-C,,
0.124,0.1295,56.0,0.12607861,1782377223697,0.0,37.64,61935.63,BTC-28AUG26,61690.21,0.12675,61684.85,28AUG26,68000,,P,BTC-28AUG26-68000-P,,
0.0065,0.0075,69.0,0.00745567,1782377223697,2.2,37.01,61935.63,BTC-28AUG26,61690.21,0.007,61684.85,28AUG26,76000,,C,BTC-28AUG26-76000-C,,
0.0395,0.0405,1040.3,0.03977048,1782377223697,203.8,38.85,61767.95,BTC-31JUL26,61690.21,0.04,61684.85,31JUL26,63000,,C,BTC-31JUL26-63000-C,,
0.0635,0.0655,1806.1,0.06457711,1782377223697,17.3,46.77,62801.47,BTC-25DEC26,61690.21,0.0645,61684.85,25DEC26,54000,,P,BTC-25DEC26-54000-P,,
0.475,0.515,4.5,0.48055971,1782377223697,0.0,41.14,62802.44,BTC-25DEC26,61690.21,0.495,61684.85,25DEC26,92000,,P,BTC-25DEC26-92000-P,,
0.5675,0.68,986.1,0.62146719,1782377223697,0.2,90.61,61675.41,BTC-26JUN26,61690.21,0.62375,61684.85,26JUN26,100000,,P,BTC-26JUN26-100000-P,,
0.333,0.391,0.0,0.35979165,1782377223697,0.0,66.79,61935.63,BTC-28AUG26,61690.21,0.362,61684.85,28AUG26,40000,,C,BTC-28AUG26-40000-C,,
0.2975,0.304,182.2,0.30110548,1782377223697,0.0,42.25,63462.21,BTC-26MAR27,61690.21,0.30075,61684.85,26MAR27,78000,,P,BTC-26MAR27-78000-P,,
0.0125,0.0135,0.1,0.01403517,1782377223697,0.1,37.05,61671.758,SYN.BTC-29JUN26,61690.21,0.013,61684.85,29JUN26,61500,,P,BTC-29JUN26-61500-P,,
0.1655,0.1795,0.0,0.16808384,1782377223697,0.0,46.73,62169.58,BTC-25SEP26,61690.21,0.1725,61684.85,25SEP26,54000,,C,BTC-25SEP26-54000-C,,
0.0055,0.0065,118.6,0.00601801,1782377223697,1.5,43.12,62802.44,BTC-25DEC26,61690.21,0.006,61684.85,25DEC26,108000,,C,BTC-25DEC26-108000-C,,
0.0995,0.1015,6223.2,0.10054998,1782377223697,35.8,44.2,62802.44,BTC-25DEC26,61690.21,0.1005,61684.85,25DEC26,60000,,P,BTC-25DEC26-60000-P,,
,,0.0,0.22481147,1782377223697,0.0,45.96,64117.829999999994,SYN.BTC-25JUN27,61690.21,,61684.85,25JUN27,58000,,C,BTC-25JUN27-58000-C,,
2.847,3.1305,10.0,2.98128971,1782377223697,0.0,65.12,62802.44,BTC-25DEC26,61690.21,2.98875,61684.85,25DEC26,250000,,P,BTC-25DEC26-250000-P,,
0.0048,0.0055,1282.2,0.00510835,1782377223697,112.5,38.66,62169.58,BTC-25SEP26,61690.21,0.00515,61684.85,25SEP26,85000,,C,BTC-25SEP26-85000-C,,
1.894,2.1135,0.9,1.9960628,1782377223697,0.0,52.26,63462.21,BTC-26MAR27,61690.21,2.00375,61684.85,26MAR27,190000,,P,BTC-26MAR27-190000-P,,
0.0008,0.0013,1224.8,0.0010394,1782377223697,0.9,52.08,62802.44,BTC-25DEC26,61690.21,0.00105,61684.85,25DEC26,160000,,C,BTC-25DEC26-160000-C,,
0.0825,0.156,0.0,0.11901531,1782377223697,0.0,66.36,61690.21,index_price,61690.21,0.11925,61684.85,27JUN26,69000,,P,BTC-27JUN26-69000-P,,
0.371,0.4535,4.3,0.4219974,1782377223697,0.0,41.02,62802.44,BTC-25DEC26,61690.21,0.41225,61684.85,25DEC26,88000,,P,BTC-25DEC26-88000-P,,
0.493,0.6075,1.0,0.54605239,1782377223697,0.0,41.86,62169.58,BTC-25SEP26,61690.21,0.55025,61684.85,25SEP26,96000,,P,BTC-25SEP26-96000-P,,
0.488,0.572,11.2,0.5407327,1782377223697,0.2,41.56,62801.47,BTC-25DEC26,61690.21,0.53,61684.85,25DEC26,96000,,P,BTC-25DEC26-96000-P,,
0.3615,0.462,8.1,0.40903798,1782377223697,0.0,45.72,61767.95,BTC-31JUL26,61690.21,0.41175,61684.85,31JUL26,87000,,P,BTC-31JUL26-87000-P,,
0.0985,0.1045,202.4,0.1014143,1782377223697,2.4,36.42,61767.95,BTC-31JUL26,61690.21,0.1015,61684.85,31JUL26,67000,,P,BTC-31JUL26-67000-P,,
0.0175,0.018,2318.6,0.01796929,1782377223697,12.2,41.09,62802.44,BTC-25DEC26,61690.21,0.01775,61684.85,25DEC26,90000,,C,BTC-25DEC26-90000-C,,
0.1325,0.135,19.2,0.13393649,1782377223697,3.1,43.7,63462.21,BTC-26MAR27,61690.21,0.13375,61684.85,26MAR27,66000,,C,BTC-26MAR27-66000-C,,
,,0.0,0.16025239,1782377223697,0.0,45.32,64117.829999999994,SYN.BTC-25JUN27,61690.21,,61684.85,25JUN27,62000,,P,BTC-25JUN27-62000-P,,
0.0075,0.0085,0.0,0.00871382,1782377223697,0.0,40.06,61671.758,SYN.BTC-29JUN26,61690.21,0.008,61684.85,29JUN26,60500,,P,BTC-29JUN26-60500-P,,
0.0009,0.0012,12.6,0.00104142,1782377223697,5.2,34.37,61690.21,index_price,61690.21,0.00105,61684.85,28JUN26,64500,,C,BTC-28JUN26-64500-C,,
2.0465,2.276,1.0,2.15343084,1782377223697,0.0,53.5,63462.21,BTC-26MAR27,61690.21,2.16125,61684.85,26MAR27,200000,,P,BTC-26MAR27-200000-P,,
0.332,0.3405,0.3,0.3370061,1782377223697,0.0,51.14,63462.21,BTC-26MAR27,61690.21,0.33625,61684.85,26MAR27,45000,,C,BTC-26MAR27-45000-C,,
0.003,0.0033,1868.3,0.00318825,1782377223697,11.0,77.63,62169.58,BTC-25SEP26,61690.21,0.00315,61684.85,25SEP26,30000,,P,BTC-25SEP26-30000-P,,
0.0395,0.0405,0.0,0.04069268,1782377223697,0.0,39.07,61712.34333333333,SYN.BTC-17JUL26,61690.21,0.04,61684.85,17JUL26,62000,,P,BTC-17JUL26-62000-P,,
0.0085,0.0095,84.5,0.00886341,1782377223697,7.2,38.56,61690.21,index_price,61690.21,0.009,61684.85,27JUN26,62000,,C,BTC-27JUN26-62000-C,,
,0.0001,3773.9,0.0,1782377223697,0.0,90.58,61675.41,BTC-26JUN26,61690.21,,61684.85,26JUN26,85000,,C,BTC-26JUN26-85000-C,,
0.0028,0.0036,857.9,0.00314248,1782377223697,4.9,48.39,63462.21,BTC-26MAR27,61690.21,0.0032,61684.85,26MAR27,160000,,C,BTC-26MAR27-160000-C,,
,0.0001,293.8,2.912e-05,1782377223697,0.0,78.83,62170.32,BTC-25SEP26,61690.21,,61684.85,25SEP26,260000,,C,BTC-25SEP26-260000-C,,
0.0505,0.0825,0.0,0.05374893,1782377223697,0.0,48.65,61690.21,index_price,61690.21,0.0665,61684.85,28JUN26,58500,,C,BTC-28JUN26-58500-C,,
0.124,0.131,216.0,0.1277041,1782377223697,0.0,36.3,61767.95,BTC-31JUL26,61690.21,0.1275,61684.85,31JUL26,69000,,P,BTC-31JUL26-69000-P,,
0.148,0.152,162.8,0.14972437,1782377223697,24.1,42.48,62802.44,BTC-25DEC26,61690.21,0.15,61684.85,25DEC26,66000,,P,BTC-25DEC26-66000-P,,
0.0065,0.007,2359.2,0.00694247,1782377223697,18.5,37.75,62169.58,BTC-25SEP26,61690.21,0.00675,61684.85,25SEP26,82000,,C,BTC-25SEP26-82000-C,,
0.085,0.1565,0.0,0.11958213,1782377223697,0.0,50.0,61712.34333333333,SYN.BTC-17JUL26,61690.21,0.12075,61684.85,17JUL26,55000,,C,BTC-17JUL26-55000-C,,
,0.0001,759.8,0.0,1782377223697,0.0,125.23,61674.67,BTC-26JUN26,61690.21,,61684.85,26JUN26,170000,,C,BTC-26JUN26-170000-C,,
0.4235,0.5645,0.2,0.48472077,1782377223697,0.0,42.09,63462.21,BTC-26MAR27,61690.21,0.494,61684.85,26MAR27,92000,,P,BTC-26MAR27-92000-P,,
0.061,0.066,117.1,0.06386379,1782377223697,26.0,35.54,61684.54,BTC-10JUL26,61690.21,0.0635,61684.85,10JUL26,65000,,P,BTC-10JUL26-65000-P,,
1.924,2.141,0.0,2.02608237,1782377223697,0.0,56.37,62802.44,BTC-25DEC26,61690.21,2.0325,61684.85,25DEC26,190000,,P,BTC-25DEC26-190000-P,,
0.0003,0.0005,1148.4,0.00039206,1782377223697,10.3,51.58,61682.91,BTC-3JUL26,61690.21,0.0004,61684.85,3JUL26,73000,,C,BTC-3JUL26-73000-C,,
0.4555,0.4585,77.6,0.45712993,1782377223697,0.0,62.86,62802.44,BTC-25DEC26,61690.21,0.457,61684.85,25DEC26,35000,,C,BTC-25DEC26-35000-C,,
1.463,1.6475,0.0,1.54884215,1782377223697,0.0,52.08,62802.44,BTC-25DEC26,61690.21,1.55525,61684.85,25DEC26,160000,,P,BTC-25DEC26-160000-P,,
0.0004,0.0007,169.4,0.00054624,1782377223697,17.3,45.1,61767.29,BTC-31JUL26,61690.21,0.00055,61684.85,31JUL26,86000,,C,BTC-31JUL26-86000-C,,
0.0031,0.0036,7205.6,0.00335131,1782377223697,322.3,44.92,62802.44,BTC-25DEC26,61690.21,0.00335,61684.85,25DEC26,120000,,C,BTC-25DEC26-120000-C,,
0.23,0.236,134.4,0.23315031,1782377223697,3.3,42.79,63461.01,BTC-26MAR27,61690.21,0.233,61684.85,26MAR27,72000,,P,BTC-26MAR27-72000-P,,
0.0009,0.0013,0.2,0.00124889,1782377223697,0.2,34.96,61671.758,SYN.BTC-29JUN26,61690.21,0.0011,61684.85,29JUN26,65000,,C,BTC-29JUN26-65000-C,,
0.102,0.106,6.5,0.1055199,1782377223697,2.5,35.61,61684.54,BTC-10JUL26,61690.21,0.104,61684.85,10JUL26,68000,,P,BTC-10JUL26-68000-P,,
,0.0001,4063.0,0.0,1782377223697,0.0,90.61,61675.41,BTC-26JUN26,61690.21,,61684.85,26JUN26,100000,,C,BTC-26JUN26-100000-C,,
0.3925,0.4955,5.9,0.44137224,1782377223697,0.0,47.73,61767.95,BTC-31JUL26,61690.21,0.444,61684.85,31JUL26,89000,,P,BTC-31JUL26-89000-P,,
0.0055,0.0715,0.0,0.03368573,1782377223697,0.0,33.66,61671.758,SYN.BTC-29JUN26,61690.21,0.0385,61684.85,29JUN26,63500,,P,BTC-29JUN26-63500-P,,
0.0006,0.0007,185.6,0.00064217,1782377223697,196.7,82.37,61690.21,index_price,61690.21,0.00065,61684.85,27JUN26,55000,,P,BTC-27JUN26-55000-P,,
0.017,0.021,8.4,0.01901189,1782377223697,7.8,37.37,61690.21,index_price,61690.21,0.019,61684.85,27JUN26,62500,,P,BTC-27JUN26-62500-P,,
0.013,0.014,318.8,0.01355565,1782377223697,161.4,45.66,61684.92,BTC-10JUL26,61690.21,0.0135,61684.85,10JUL26,58000,,P,BTC-10JUL26-58000-P,,
0.0009,0.0017,1631.4,0.00125352,1782377223697,0.5,50.13,62802.44,BTC-25DEC26,61690.21,0.0013,61684.85,25DEC26,150000,,C,BTC-25DEC26-150000-C,,
0.0003,0.0005,0.1,0.00041239,1782377223697,0.2,79.44,61690.21,index_price,61690.21,0.0004,61684.85,28JUN26,53000,,P,BTC-28JUN26-53000-P,,
,0.0001,858.3,0.0,1782377223697,0.0,90.6,61675.41,BTC-26JUN26,61690.21,,61684.85,26JUN26,92000,,C,BTC-26JUN26-92000-C,,
0.0815,0.1615,0.0,0.1191166,1782377223697,0.0,49.6,61671.758,SYN.BTC-29JUN26,61690.21,0.1215,61684.85,29JUN26,69000,,P,BTC-29JUN26-69000-P,,
0.1125,0.157,1.4,0.15125949,1782377223697,0.0,90.58,61675.41,BTC-26JUN26,61690.21,0.13475,61684.85,26JUN26,71000,,P,BTC-26JUN26-71000-P,,
0.0205,0.0215,0.0,0.021124,1782377223697,0.0,36.85,61712.34333333333,SYN.BTC-17JUL26,61690.21,0.021,61684.85,17JUL26,64000,,C,BTC-17JUL26-64000-C,,
0.1095,0.112,105.6,0.1105233,1782377223697,1.1,45.56,63462.21,BTC-26MAR27,61690.21,0.11075,61684.85,26MAR27,58000,,P,BTC-26MAR27-58000-P,,
0.011,0.0115,2606.6,0.01106881,1782377223697,693.5,39.53,61675.41,BTC-26JUN26,61690.21,0.01125,61684.85,26JUN26,62000,,P,BTC-26JUN26-62000-P,,
0.0285,0.0825,0.0,0.04892266,1782377223697,0.0,38.01,61712.34333333333,SYN.BTC-17JUL26,61690.21,0.0555,61684.85,17JUL26,63000,,P,BTC-17JUL26-63000-P,,
0.0265,0.0275,93.8,0.02695641,1782377223697,1.9,47.52,61936.47,BTC-28AUG26,61690.21,0.027,61684.85,28AUG26,54000,,P,BTC-28AUG26-54000-P,,
0.0033,0.0036,503.5,0.00347063,1782377223697,5.2,38.1,61935.63,BTC-28AUG26,61690.21,0.00345,61684.85,28AUG26,81000,,C,BTC-28AUG26-81000-C,,
0.0145,0.015,594.6,0.01475227,1782377223697,243.1,36.28,61684.92,BTC-10JUL26,61690.21,0.01475,61684.85,10JUL26,64000,,C,BTC-10JUL26-64000-C,,
0.0325,0.0335,786.9,0.03322402,1782377223697,576.4,43.02,61767.95,BTC-31JUL26,61690.21,0.033,61684.85,31JUL26,59000,,P,BTC-31JUL26-59000-P,,
0.035,0.0365,0.0,0.03603143,1782377223697,0.0,39.07,61712.34333333333,SYN.BTC-17JUL26,61690.21,0.03575,61684.85,17JUL26,62000,,C,BTC-17JUL26-62000-C,,
0.0006,0.001,4.4,0.00079157,1782377223697,0.0,44.09,61935.63,BTC-28AUG26,61690.21,0.0008,61684.85,28AUG26,95000,,C,BTC-28AUG26-95000-C,,
0.037,0.046,0.0,0.04174087,1782377223697,0.0,43.14,64117.829999999994,SYN.BTC-25JUN27,61690.21,0.0415,61684.85,25JUN27,100000,,C,BTC-25JUN27-100000-C,,
0.036,0.111,0.0,0.06908164,1782377223697,0.0,36.26,61712.34333333333,SYN.BTC-17JUL26,61690.21,0.0735,61684.85,17JUL26,65000,,P,BTC-17JUL26-65000-P,,
,0.0001,3838.7,0.0,1782377223697,0.0,90.61,61675.41,BTC-26JUN26,61690.21,,61684.85,26JUN26,95000,,C,BTC-26JUN26-95000-C,,
0.0035,0.004,650.4,0.00375136,1782377223697,53.0,39.45,62170.32,BTC-25SEP26,61690.21,0.00375,61684.85,25SEP26,88000,,C,BTC-25SEP26-88000-C,,
0.0975,0.0995,52.4,0.09876942,1782377223697,38.2,42.48,62802.96,BTC-25DEC26,61690.21,0.0985,61684.85,25DEC26,66000,,C,BTC-25DEC26-66000-C,,
0.0075,0.009,141.1,0.00827175,1782377223697,0.0,42.17,62802.44,BTC-25DEC26,61690.21,0.00825,61684.85,25DEC26,102000,,C,BTC-25DEC26-102000-C,,
0.0235,0.0245,165.9,0.02391254,1782377223697,5.3,37.36,61936.47,BTC-28AUG26,61690.21,0.024,61684.85,28AUG26,69000,,C,BTC-28AUG26-69000-C,,
0.0185,0.0205,53.6,0.01961445,1782377223697,0.0,42.62,63462.21,BTC-26MAR27,61690.21,0.0195,61684.85,26MAR27,104000,,C,BTC-26MAR27-104000-C,,
0.483,0.5935,0.0,0.53469562,1782377223697,0.0,44.09,61935.63,BTC-28AUG26,61690.21,0.53825,61684.85,28AUG26,95000,,P,BTC-28AUG26-95000-P,,
0.0007,0.0012,2380.7,0.00091838,1782377223697,1.2,54.16,62801.47,BTC-25DEC26,61690.21,0.00095,61684.85,25DEC26,170000,,C,BTC-25DEC26-170000-C,,
0.06,0.061,537.1,0.06035716,1782377223697,5.1,39.67,62170.32,BTC-25SEP26,61690.21,0.0605,61684.85,25SEP26,65000,,C,BTC-25SEP26-65000-C,,
0.9825,1.145,0.2,1.05561063,1782377223697,0.0,44.89,63462.21,BTC-26MAR27,61690.21,1.06375,61684.85,26MAR27,130000,,P,BTC-26MAR27-130000-P,,
0.3215,0.3285,139.4,0.325431,1782377223697,0.0,42.14,63462.21,BTC-26MAR27,61690.21,0.325,61684.85,26MAR27,80000,,P,BTC-26MAR27-80000-P,,
0.034,0.042,1945.7,0.03826029,1782377223697,40.5,44.51,61675.41,BTC-26JUN26,61690.21,0.038,61684.85,26JUN26,64000,,P,BTC-26JUN26-64000-P,,
0.0285,0.0335,41.4,0.03146834,1782377223698,45.5,48.16,61690.21,index_price,61690.21,0.031,61684.85,27JUN26,60000,,C,BTC-27JUN26-60000-C,,
0.067,0.068,698.8,0.06738025,1782377223698,335.9,40.69,61936.47,BTC-28AUG26,61690.21,0.0675,61684.85,28AUG26,62000,,C,BTC-28AUG26-62000-C,,
,0.0001,190.4,2.476e-05,1782377223698,15.7,84.97,62169.58,BTC-25SEP26,61690.21,,61684.85,25SEP26,300000,,C,BTC-25SEP26-300000-C,,
0.4,0.4045,69.2,0.40183459,1782377223698,0.0,54.58,63462.21,BTC-26MAR27,61690.21,0.40225,61684.85,26MAR27,40000,,C,BTC-26MAR27-40000-C,,
0.0095,0.0105,0.0,0.01086672,1782377223698,0.0,38.0,61671.294,SYN.BTC-29JUN26,61690.21,0.01,61684.85,29JUN26,61000,,P,BTC-29JUN26-61000-P,,
0.1705,0.182,0.0,0.17674159,1782377223698,0.0,44.47,64117.829999999994,SYN.BTC-25JUN27,61690.21,0.17625,61684.85,25JUN27,64000,,C,BTC-25JUN27-64000-C,,
0.0002,0.0005,162.0,0.00033274,1782377223698,0.1,55.59,62170.32,BTC-25SEP26,61690.21,0.00035,61684.85,25SEP26,135000,,C,BTC-25SEP26-135000-C,,
0.181,0.1875,281.3,0.18371526,1782377223698,9.1,37.75,62169.58,BTC-25SEP26,61690.21,0.18425,61684.85,25SEP26,72000,,P,BTC-25SEP26-72000-P,,
0.33,0.4675,0.6,0.38935058,1782377223698,0.0,42.01,63462.21,BTC-26MAR27,61690.21,0.39875,61684.85,26MAR27,85000,,P,BTC-26MAR27-85000-P,,
0.14,0.1445,5.0,0.14232926,1782377223698,0.0,46.51,61935.63,BTC-28AUG26,61690.21,0.14225,61684.85,28AUG26,55000,,C,BTC-28AUG26-55000-C,,
0.08,0.081,866.1,0.08103733,1782377223698,3.9,41.27,62170.32,BTC-25SEP26,61690.21,0.0805,61684.85,25SEP26,62000,,P,BTC-25SEP26-62000-P,,
0.0019,0.0023,2152.6,0.00215622,1782377223698,10.8,37.86,61768.43,BTC-31JUL26,61690.21,0.0021,61684.85,31JUL26,76000,,C,BTC-31JUL26-76000-C,,
0.0036,0.0039,301.2,0.00391352,1782377223698,306.4,32.1,61690.21,index_price,61690.21,0.00375,61684.85,28JUN26,63000,,C,BTC-28JUN26-63000-C,,
0.0405,0.0475,8.7,0.04440071,1782377223698,7.8,60.55,61675.41,BTC-26JUN26,61690.21,0.044,61684.85,26JUN26,59000,,C,BTC-26JUN26-59000-C,,
0.2235,0.2265,27.6,0.22482137,1782377223698,4.9,46.51,63462.21,BTC-26MAR27,61690.21,0.225,61684.85,26MAR27,55000,,C,BTC-26MAR27-55000-C,,
0.1615,0.1645,42.4,0.16303341,1782377223698,14.8,44.55,63462.21,BTC-26MAR27,61690.21,0.163,61684.85,26MAR27,62000,,C,BTC-26MAR27-62000-C,,
0.164,0.2035,0.0,0.17322797,1782377223698,0.0,107.35,61690.21,index_price,61690.21,0.18375,61684.85,27JUN26,51000,,C,BTC-27JUN26-51000-C,,
0.0003,0.0006,56.5,0.00043364,1782377223698,0.0,52.84,61935.63,BTC-28AUG26,61690.21,0.00045,61684.85,28AUG26,110000,,C,BTC-28AUG26-110000-C,,
0.205,0.2325,2.0,0.22982248,1782377223698,0.0,60.05,61767.95,BTC-31JUL26,61690.21,0.21875,61684.85,31JUL26,48000,,C,BTC-31JUL26-48000-C,,
0.0125,0.013,228.7,0.01267841,1782377223698,202.0,36.47,61683.31,BTC-3JUL26,61690.21,0.01275,61684.85,3JUL26,63000,,C,BTC-3JUL26-63000-C,,
,,0.0,1.34826753,1782377223698,0.0,46.19,64117.829999999994,SYN.BTC-25JUN27,61690.21,,61684.85,25JUN27,150000,,P,BTC-25JUN27-150000-P,,
0.8655,1.0045,172.3,0.93084427,1782377223698,0.0,51.02,62170.32,BTC-25SEP26,61690.21,0.935,61684.85,25SEP26,120000,,P,BTC-25SEP26-120000-P,,
0.0001,0.0003,0.0,0.00018864,1782377223698,0.0,107.35,61690.21,index_price,61690.21,0.0002,61684.85,27JUN26,51000,,P,BTC-27JUN26-51000-P,,
,,0.0,0.28168534,1782377223698,0.0,47.91,64117.829999999994,SYN.BTC-25JUN27,61690.21,,61684.85,25JUN27,52000,,C,BTC-25JUN27-52000-C,,
0.0007,0.0011,10.2,0.00088683,1782377223698,0.1,43.81,61935.63,BTC-28AUG26,61690.21,0.0009,61684.85,28AUG26,94000,,C,BTC-28AUG26-94000-C,,
0.131,0.1415,2072.4,0.13507547,1782377223698,520.0,90.3,61675.41,BTC-26JUN26,61690.21,0.13625,61684.85,26JUN26,70000,,P,BTC-26JUN26-70000-P,,
0.0002,0.0004,1096.8,0.00029074,1782377223698,66.8,56.34,61682.91,BTC-3JUL26,61690.21,0.0003,61684.85,3JUL26,75000,,C,BTC-3JUL26-75000-C,,
0.05,0.0565,0.0,0.05360458,1782377223698,0.0,58.26,61690.21,index_price,61690.21,0.05325,61684.85,27JUN26,58500,,C,BTC-27JUN26-58500-C,,
0.0003,0.0004,2785.5,0.00034068,1782377223698,1226.3,54.48,61675.41,BTC-26JUN26,61690.21,0.00035,61684.85,26JUN26,65000,,C,BTC-26JUN26-65000-C,,
0.2175,0.2225,30.7,0.22017119,1782377223698,0.3,50.49,62170.32,BTC-25SEP26,61690.21,0.22,61684.85,25SEP26,50000,,C,BTC-25SEP26-50000-C,,
0.0006,0.0009,12.5,0.00078305,1782377223698,0.0,44.94,61936.47,BTC-28AUG26,61690.21,0.00075,61684.85,28AUG26,96000,,C,BTC-28AUG26-96000-C,,
0.0027,0.0028,3155.1,0.00278463,1782377223698,997.3,37.79,61768.43,BTC-31JUL26,61690.21,0.00275,61684.85,31JUL26,75000,,C,BTC-31JUL26-75000-C,,
0.0016,0.002,257.1,0.00183542,1782377223698,1.3,41.86,62169.58,BTC-25SEP26,61690.21,0.0018,61684.85,25SEP26,96000,,C,BTC-25SEP26-96000-C,,
0.013,0.0145,62.3,0.01378503,1782377223698,0.2,43.18,63462.21,BTC-26MAR27,61690.21,0.01375,61684.85,26MAR27,112000,,C,BTC-26MAR27-112000-C,,
0.0575,0.059,287.8,0.05836426,1782377223698,21.4,42.09,63462.21,BTC-26MAR27,61690.21,0.05825,61684.85,26MAR27,82000,,C,BTC-26MAR27-82000-C,,
0.011,0.012,0.0,0.01234351,1782377223698,0.0,35.62,61671.294,SYN.BTC-29JUN26,61690.21,0.0115,61684.85,29JUN26,62000,,C,BTC-29JUN26-62000-C,,
,0.0001,2650.7,0.0,1782377223698,0.0,122.22,61675.41,BTC-26JUN26,61690.21,,61684.85,26JUN26,150000,,C,BTC-26JUN26-150000-C,,
0.0002,0.0003,373.6,0.00024752,1782377223698,20.0,64.91,61767.95,BTC-31JUL26,61690.21,0.00025,61684.85,31JUL26,108000,,C,BTC-31JUL26-108000-C,,
0.1535,0.158,84.3,0.15603114,1782377223698,0.0,45.96,62169.58,BTC-25SEP26,61690.21,0.15575,61684.85,25SEP26,55000,,C,BTC-25SEP26-55000-C,,
0.319,0.412,37.3,0.36203244,1782377223698,0.7,90.58,61675.41,BTC-26JUN26,61690.21,0.3655,61684.85,26JUN26,84000,,P,BTC-26JUN26-84000-P,,
0.013,0.0135,364.5,0.01315909,1782377223698,91.7,36.16,61768.43,BTC-31JUL26,61690.21,0.01325,61684.85,31JUL26,68000,,C,BTC-31JUL26-68000-C,,
0.0006,0.0009,81.1,0.00074445,1782377223698,85.1,36.08,61690.21,index_price,61690.21,0.00075,61684.85,28JUN26,65000,,C,BTC-28JUN26-65000-C,,
0.0002,0.0005,1463.5,0.00024775,1782377223698,0.1,57.04,61767.95,BTC-31JUL26,61690.21,0.00035,61684.85,31JUL26,100000,,C,BTC-31JUL26-100000-C,,
0.2315,0.2375,61.0,0.23452136,1782377223698,0.0,41.12,62802.96,BTC-25DEC26,61690.21,0.2345,61684.85,25DEC26,74000,,P,BTC-25DEC26-74000-P,,
0.094,0.099,0.0,0.0966442,1782377223698,0.0,55.43,61682.17,BTC-3JUL26,61690.21,0.0965,61684.85,3JUL26,56000,,C,BTC-3JUL26-56000-C,,
0.0195,0.02,519.6,0.01997896,1782377223698,44.9,37.75,62170.32,BTC-25SEP26,61690.21,0.01975,61684.85,25SEP26,74000,,C,BTC-25SEP26-74000-C,,
0.032,0.033,244.6,0.03267373,1782377223698,18.1,38.16,61768.43,BTC-31JUL26,61690.21,0.0325,61684.85,31JUL26,64000,,C,BTC-31JUL26-64000-C,,
,,0.0,0.26106598,1782377223698,0.0,46.99,64117.829999999994,SYN.BTC-25JUN27,61690.21,,61684.85,25JUN27,54000,,C,BTC-25JUN27-54000-C,,
0.0006,0.0007,2340.8,0.00067922,1782377223698,486.2,70.97,61675.41,BTC-26JUN26,61690.21,0.00065,61684.85,26JUN26,58000,,P,BTC-26JUN26-58000-P,,
0.027,0.0275,654.1,0.02771483,1782377223698,0.3,41.02,62802.44,BTC-25DEC26,61690.21,0.02725,61684.85,25DEC26,84000,,C,BTC-25DEC26-84000-C,,
0.1325,0.2025,0.0,0.16805435,1782377223698,0.0,38.65,61684.54,BTC-10JUL26,61690.21,0.1675,61684.85,10JUL26,72000,,P,BTC-10JUL26-72000-P,,
0.0019,0.0023,296.3,0.0021072,1782377223698,4.0,39.66,61935.63,BTC-28AUG26,61690.21,0.0021,61684.85,28AUG26,85000,,C,BTC-28AUG26-85000-C,,
0.234,0.2425,599.6,0.23776643,1782377223698,0.1,37.56,62169.58,BTC-25SEP26,61690.21,0.23825,61684.85,25SEP26,76000,,P,BTC-25SEP26-76000-P,,
0.0002,0.0004,7.0,0.00032203,1782377223698,7.0,85.07,61690.21,index_price,61690.21,0.0003,61684.85,28JUN26,52000,,P,BTC-28JUN26-52000-P,,
0.0006,0.0009,75.1,0.00074391,1782377223698,2.0,46.42,61935.63,BTC-28AUG26,61690.21,0.00075,61684.85,28AUG26,98000,,C,BTC-28AUG26-98000-C,,
0.0001,0.0002,89.8,0.0001456,1782377223698,2.0,66.74,61682.91,BTC-3JUL26,61690.21,0.00015,61684.85,3JUL26,80000,,C,BTC-3JUL26-80000-C,,
0.0665,0.1095,0.0,0.07076675,1782377223698,0.0,41.15,61690.21,index_price,61690.21,0.088,61684.85,28JUN26,66000,,P,BTC-28JUN26-66000-P,,
0.036,0.037,51.7,0.03670589,1782377223698,6.6,46.73,62170.32,BTC-25SEP26,61690.21,0.0365,61684.85,25SEP26,54000,,P,BTC-25SEP26-54000-P,,
0.0021,0.0024,0.6,0.00217626,1782377223698,0.6,58.26,61690.21,index_price,61690.21,0.00225,61684.85,27JUN26,58500,,P,BTC-27JUN26-58500-P,,
0.0005,0.0008,121.7,0.00064224,1782377223698,0.0,47.3,61935.63,BTC-28AUG26,61690.21,0.00065,61684.85,28AUG26,100000,,C,BTC-28AUG26-100000-C,,
0.048,0.0495,270.5,0.04869832,1782377223698,0.2,40.98,62802.44,BTC-25DEC26,61690.21,0.04875,61684.85,25DEC26,76000,,C,BTC-25DEC26-76000-C,,
0.0007,0.0009,9.4,0.00082065,1782377223698,7.1,39.92,61690.21,index_price,61690.21,0.0008,61684.85,27JUN26,64500,,C,BTC-27JUN26-64500-C,,
,,0.0,0.41338242,1782377223698,0.0,42.96,64117.829999999994,SYN.BTC-25JUN27,61690.21,,61684.85,25JUN27,86000,,P,BTC-25JUN27-86000-P,,
0.0009,0.0011,10.4,0.00100884,1782377223698,10.6,63.15,61690.21,index_price,61690.21,0.001,61684.85,28JUN26,56000,,P,BTC-28JUN26-56000-P,,
,0.0001,3112.0,0.0,1782377223698,0.0,181.46,61675.41,BTC-26JUN26,61690.21,,61684.85,26JUN26,30000,,P,BTC-26JUN26-30000-P,,
0.0027,0.0031,371.9,0.00295554,1782377223698,6.6,38.26,61935.63,BTC-28AUG26,61690.21,0.0029,61684.85,28AUG26,82000,,C,BTC-28AUG26-82000-C,,
0.007,0.008,62.6,0.0073338,1782377223698,0.0,42.38,62802.44,BTC-25DEC26,61690.21,0.0075,61684.85,25DEC26,104000,,C,BTC-25DEC26-104000-C,,
0.0535,0.0545,198.6,0.05382986,1782377223698,3.0,39.29,62170.32,BTC-25SEP26,61690.21,0.054,61684.85,25SEP26,66000,,C,BTC-25SEP26-66000-C,,
0.008,0.0085,0.6,0.00870948,1782377223698,0.6,34.49,61671.294,SYN.BTC-29JUN26,61690.21,0.00825,61684.85,29JUN26,62500,,C,BTC-29JUN26-62500-C,,
1.4095,1.587,0.1,1.4934772,1782377223698,0.0,61.44,62170.32,BTC-25SEP26,61690.21,1.49825,61684.85,25SEP26,155000,,P,BTC-25SEP26-155000-P,,
0.0008,0.0012,1120.7,0.00099565,1782377223698,5.0,44.93,62170.32,BTC-25SEP26,61690.21,0.001,61684.85,25SEP26,105000,,C,BTC-25SEP26-105000-C,,
0.006,0.007,1353.0,0.00654911,1782377223698,105.5,36.32,61767.95,BTC-31JUL26,61690.21,0.0065,61684.85,31JUL26,71000,,C,BTC-31JUL26-71000-C,,
0.02,0.021,2013.2,0.02070588,1782377223698,6.1,41.02,62802.44,BTC-25DEC26,61690.21,0.0205,61684.85,25DEC26,88000,,C,BTC-25DEC26-88000-C,,
0.046,0.1165,0.0,0.07912915,1782377223698,0.0,44.75,61712.34333333333,SYN.BTC-17JUL26,61690.21,0.08125,61684.85,17JUL26,58000,,C,BTC-17JUL26-58000-C,,
0.1095,0.1205,0.0,0.11706735,1782377223698,0.0,46.81,64117.829999999994,SYN.BTC-25JUN27,61690.21,0.115,61684.85,25JUN27,56000,,P,BTC-25JUN27-56000-P,,
0.0006,0.0009,571.2,0.0007656,1782377223698,21.5,38.65,61684.92,BTC-10JUL26,61690.21,0.00075,61684.85,10JUL26,72000,,C,BTC-10JUL26-72000-C,,
0.609,0.7555,0.0,0.67343926,1782377223698,0.0,42.72,63462.21,BTC-26MAR27,61690.21,0.68225,61684.85,26MAR27,105000,,P,BTC-26MAR27-105000-P,,
0.25,0.3485,1.0,0.29548372,1782377223698,0.1,37.35,61935.63,BTC-28AUG26,61690.21,0.29925,61684.85,28AUG26,80000,,P,BTC-28AUG26-80000-P,,
0.0012,0.0014,41.1,0.00125504,1782377223698,67.4,68.98,61690.21,index_price,61690.21,0.0013,61684.85,27JUN26,57000,,P,BTC-27JUN26-57000-P,,
0.1395,0.1435,1.4,0.14136131,1782377223698,0.0,49.63,61767.95,BTC-31JUL26,61690.21,0.1415,61684.85,31JUL26,54000,,C,BTC-31JUL26-54000-C,,
1.8205,2.0245,37.1,1.91864094,1782377223698,0.0,125.23,61675.41,BTC-26JUN26,61690.21,1.9225,61684.85,26JUN26,180000,,P,BTC-26JUN26-180000-P,,
0.0044,0.0048,450.1,0.00456081,1782377223698,297.9,55.43,61682.91,BTC-3JUL26,61690.21,0.0046,61684.85,3JUL26,56000,,P,BTC-3JUL26-56000-P,,
0.7235,0.848,856.0,0.78361391,1782377223698,94.0,92.35,61675.41,BTC-26JUN26,61690.21,0.78575,61684.85,26JUN26,110000,,P,BTC-26JUN26-110000-P,,
0.021,0.022,99.4,0.02141047,1782377223698,11.4,49.83,61936.47,BTC-28AUG26,61690.21,0.0215,61684.85,28AUG26,52000,,P,BTC-28AUG26-52000-P,,
0.3215,0.3635,194.7,0.32596113,1782377223698,0.0,37.75,62170.32,BTC-25SEP26,61690.21,0.3425,61684.85,25SEP26,82000,,P,BTC-25SEP26-82000-P,,
0.712,0.8625,0.0,0.77873526,1782377223698,0.0,43.18,63462.21,BTC-26MAR27,61690.21,0.78725,61684.85,26MAR27,112000,,P,BTC-26MAR27-112000-P,,
0.0007,0.0009,2858.5,0.00074777,1782377223698,0.0,41.22,61767.95,BTC-31JUL26,61690.21,0.0008,61684.85,31JUL26,82000,,C,BTC-31JUL26-82000-C,,
0.162,0.1655,40.9,0.1636197,1782377223698,0.2,44.97,62802.96,BTC-25DEC26,61690.21,0.16375,61684.85,25DEC26,58000,,C,BTC-25DEC26-58000-C,,
0.077,0.081,317.8,0.07879946,1782377223698,1.1,37.5,61767.95,BTC-31JUL26,61690.21,0.079,61684.85,31JUL26,65000,,P,BTC-31JUL26-65000-P,,
0.092,0.096,275.2,0.09420293,1782377223698,0.0,38.93,61936.47,BTC-28AUG26,61690.21,0.094,61684.85,28AUG26,65000,,P,BTC-28AUG26-65000-P,,
0.646,0.7645,307.7,0.70254055,1782377223698,0.0,90.77,61675.41,BTC-26JUN26,61690.21,0.70525,61684.85,26JUN26,105000,,P,BTC-26JUN26-105000-P,,
0.1445,0.2225,0.2,0.18392724,1782377223698,0.0,51.58,61682.91,BTC-3JUL26,61690.21,0.1835,61684.85,3JUL26,73000,,P,BTC-3JUL26-73000-P,,
0.1335,0.169,0.0,0.15887688,1782377223698,0.0,69.87,61682.91,BTC-3JUL26,61690.21,0.15125,61684.85,3JUL26,52000,,C,BTC-3JUL26-52000-C,,
,0.0001,1952.1,0.0,1782377223698,0.0,100.71,61675.41,BTC-26JUN26,61690.21,,61684.85,26JUN26,125000,,C,BTC-26JUN26-125000-C,,
0.335,0.428,2542.3,0.37824711,1782377223698,267.9,90.58,61675.41,BTC-26JUN26,61690.21,0.3815,61684.85,26JUN26,85000,,P,BTC-26JUN26-85000-P,,
0.6745,0.6765,102.6,0.67570656,1782377223698,0.0,181.46,61675.41,BTC-26JUN26,61690.21,0.6755,61684.85,26JUN26,20000,,C,BTC-26JUN26-20000-C,,
0.0013,0.0016,65.9,0.00155206,1782377223698,61.1,33.07,61690.21,index_price,61690.21,0.00145,61684.85,28JUN26,64000,,C,BTC-28JUN26-64000-C,,
0.114,0.1185,194.1,0.11547902,1782377223698,0.9,39.29,62170.32,BTC-25SEP26,61690.21,0.11625,61684.85,25SEP26,66000,,P,BTC-25SEP26-66000-P,,
0.056,0.0625,0.0,0.06095353,1782377223698,0.0,42.8,64117.829999999994,SYN.BTC-25JUN27,61690.21,0.05925,61684.85,25JUN27,90000,,C,BTC-25JUN27-90000-C,,
0.0255,0.026,1760.1,0.02578437,1782377223698,6.4,41.02,62802.44,BTC-25DEC26,61690.21,0.02575,61684.85,25DEC26,85000,,C,BTC-25DEC26-85000-C,,
0.5655,0.6015,0.7,0.57107344,1782377223698,0.0,41.7,62802.44,BTC-25DEC26,61690.21,0.5835,61684.85,25DEC26,98000,,P,BTC-25DEC26-98000-P,,
0.071,0.0725,184.7,0.07194372,1782377223698,9.1,42.25,63462.21,BTC-26MAR27,61690.21,0.07175,61684.85,26MAR27,78000,,C,BTC-26MAR27-78000-C,,
0.4045,0.511,0.5,0.45445643,1782377223698,0.0,42.05,61935.63,BTC-28AUG26,61690.21,0.45775,61684.85,28AUG26,90000,,P,BTC-28AUG26-90000-P,,
0.0001,0.0003,1486.6,0.00017615,1782377223698,144.1,60.91,61674.67,BTC-26JUN26,61690.21,0.0002,61684.85,26JUN26,66000,,C,BTC-26JUN26-66000-C,,
0.327,0.429,0.4,0.37454766,1782377223698,0.0,39.66,61935.63,BTC-28AUG26,61690.21,0.378,61684.85,28AUG26,85000,,P,BTC-28AUG26-85000-P,,
2.109,2.335,0.1,2.217148,1782377223698,0.0,65.78,62170.32,BTC-25SEP26,61690.21,2.222,61684.85,25SEP26,200000,,P,BTC-25SEP26-200000-P,,
1.037,1.184,106.2,1.10790734,1782377223698,0.0,103.99,61675.41,BTC-26JUN26,61690.21,1.1105,61684.85,26JUN26,130000,,P,BTC-26JUN26-130000-P,,
0.0275,0.0285,277.7,0.02812616,1782377223698,46.0,37.64,61936.47,BTC-28AUG26,61690.21,0.028,61684.85,28AUG26,68000,,C,BTC-28AUG26-68000-C,,
0.179,0.1835,0.0,0.18179978,1782377223698,0.0,49.83,61935.63,BTC-28AUG26,61690.21,0.18125,61684.85,28AUG26,52000,,C,BTC-28AUG26-52000-C,,
0.0075,0.008,17.3,0.00774764,1782377223698,23.6,42.73,61690.21,index_price,61690.21,0.00775,61684.85,27JUN26,61000,,P,BTC-27JUN26-61000-P,,
0.0415,0.043,227.7,0.04229315,1782377223698,24.4,40.95,62802.44,BTC-25DEC26,61690.21,0.04225,61684.85,25DEC26,78000,,C,BTC-25DEC26-78000-C,,
0.008,0.009,12.7,0.008288,1782377223698,13.7,36.3,61690.21,index_price,61690.21,0.0085,61684.85,28JUN26,61000,,P,BTC-28JUN26-61000-P,,
,0.0001,3769.6,2.728e-05,1782377223698,157.1,137.35,61675.41,BTC-26JUN26,61690.21,,61684.85,26JUN26,50000,,P,BTC-26JUN26-50000-P,,
0.324,0.43,454.5,0.37238379,1782377223698,0.0,38.66,62170.32,BTC-25SEP26,61690.21,0.377,61684.85,25SEP26,85000,,P,BTC-25SEP26-85000-P,,
0.1525,0.1915,0.0,0.15505313,1782377223698,0.0,47.52,61935.63,BTC-28AUG26,61690.21,0.172,61684.85,28AUG26,54000,,C,BTC-28AUG26-54000-C,,
0.0001,0.0004,42.3,0.00024757,1782377223698,0.0,63.01,61767.95,BTC-31JUL26,61690.21,0.00025,61684.85,31JUL26,106000,,C,BTC-31JUL26-106000-C,,
0.0515,0.052,947.7,0.05179603,1782377223698,363.8,39.79,61767.95,BTC-31JUL26,61690.21,0.05175,61684.85,31JUL26,62000,,P,BTC-31JUL26-62000-P,,
0.027,0.028,0.0,0.02779154,1782377223698,0.0,41.62,61712.34333333333,SYN.BTC-17JUL26,61690.21,0.0275,61684.85,17JUL26,60000,,P,BTC-17JUL26-60000-P,,
0.0145,0.0155,1.0,0.0150427,1782377223698,1.6,33.7,61690.21,index_price,61690.21,0.015,61684.85,28JUN26,62000,,P,BTC-28JUN26-62000-P,,
0.4725,0.5305,90.3,0.52540362,1782377223698,0.0,41.34,62802.44,BTC-25DEC26,61690.21,0.5015,61684.85,25DEC26,95000,,P,BTC-25DEC26-95000-P,,
