bid_price,ask_price,open_interest,mark_price,creation_timestamp_x,volume,mark_iv,underlying_price,underlying_index,estimated_delivery_price,mid_price,price_index,expiration_timestamp,strike,settlement_period,option_type,instrument_id
,0.0001,53.1,5.58e-06,1780406836159,8.0,59.12,68966.94,index_price,68966.94,,68968.38,4JUN26,79000,,C,BTC-4JUN26-79000-C
0.048,0.0495,72.6,0.04886145,1780406836159,0.3,46.8,70214.12,BTC-25DEC26,68966.94,0.04875,68968.38,25DEC26,56000,,P,BTC-25DEC26-56000-P
0.131,0.1325,2970.9,0.13187583,1780406836161,6.2,37.86,69613.04,BTC-25SEP26,68966.94,0.13175,68968.38,25SEP26,75000,,P,BTC-25SEP26-75000-P
0.2295,0.2385,0.2,0.23259996,1780406836161,0.0,68.53,68960.38,BTC-5JUN26,68966.94,0.234,68968.38,5JUN26,85000,,P,BTC-5JUN26-85000-P
0.0033,0.0037,1436.8,0.00345326,1780406836161,5.9,44.77,70209.59,BTC-25DEC26,68966.94,0.0035,68968.38,25DEC26,140000,,C,BTC-25DEC26-140000-C
0.012,0.013,2245.4,0.01261098,1780406836161,214.5,37.36,69613.04,BTC-25SEP26,68966.94,0.0125,68968.38,25SEP26,90000,,C,BTC-25SEP26-90000-C
0.1735,0.1755,148.1,0.17456597,1780406836161,1.7,41.6,70214.12,BTC-25DEC26,68966.94,0.1745,68968.38,25DEC26,76000,,P,BTC-25DEC26-76000-P
0.0003,0.0005,1202.3,0.00044036,1780406836161,0.1,58.35,70214.12,BTC-25DEC26,68966.94,0.0004,68968.38,25DEC26,250000,,C,BTC-25DEC26-250000-C
0.0185,0.0195,31.9,0.01901546,1780406836161,50.9,42.32,68960.38,BTC-5JUN26,68966.94,0.019,68968.38,5JUN26,69500,,P,BTC-5JUN26-69500-P
0.161,0.163,901.1,0.16190694,1780406836161,0.9,43.84,70869.32,BTC-26MAR27,68966.94,0.162,68968.38,26MAR27,70000,,C,BTC-26MAR27-70000-C
0.357,0.3675,7.6,0.36085243,1780406836161,0.0,47.43,69087.04,BTC-26JUN26,68966.94,0.36225,68968.38,26JUN26,94000,,P,BTC-26JUN26-94000-P
0.0007,0.0009,14.1,0.00079879,1780406836161,29.0,40.66,68966.94,index_price,68966.94,0.0008,68968.38,4JUN26,72000,,C,BTC-4JUN26-72000-C
,0.0001,264.7,8.94e-06,1780406836161,0.0,85.88,69087.04,BTC-26JUN26,68966.94,,68968.38,26JUN26,155000,,C,BTC-26JUN26-155000-C
0.0085,0.0095,25.1,0.00902852,1780406836161,13.3,37.1,69418.95,BTC-28AUG26,68966.94,0.009,68968.38,28AUG26,88000,,C,BTC-28AUG26-88000-C
0.191,0.1975,104.0,0.19360177,1780406836162,0.0,36.07,69251.44,BTC-31JUL26,68966.94,0.19425,68968.38,31JUL26,82000,,P,BTC-31JUL26-82000-P
0.0007,0.0008,1064.7,0.00070741,1780406836162,27.4,40.5,69087.04,BTC-26JUN26,68966.94,0.00075,68968.38,26JUN26,86000,,C,BTC-26JUN26-86000-C
0.055,0.0595,0.0,0.05788581,1780406836162,0.0,72.23,68966.94,index_price,68966.94,0.05725,68968.38,3JUN26,65000,,C,BTC-3JUN26-65000-C
0.02,0.021,78.4,0.02082028,1780406836162,54.1,41.71,68966.94,index_price,68966.94,0.0205,68968.38,4JUN26,70000,,P,BTC-4JUN26-70000-P
0.1655,0.171,375.9,0.16819113,1780406836162,6.2,35.96,69251.44,BTC-31JUL26,68966.94,0.16825,68968.38,31JUL26,80000,,P,BTC-31JUL26-80000-P
0.0735,0.0745,108.3,0.07404122,1780406836162,7.7,37.38,69251.44,BTC-31JUL26,68966.94,0.074,68968.38,31JUL26,71000,,P,BTC-31JUL26-71000-P
0.6545,0.6695,0.1,0.66120558,1780406836162,0.0,49.76,69251.44,BTC-31JUL26,68966.94,0.662,68968.38,31JUL26,115000,,P,BTC-31JUL26-115000-P
,0.0001,8.0,5.1e-07,1780406836162,0.0,59.32,68966.94,index_price,68966.94,,68968.38,4JUN26,81000,,C,BTC-4JUN26-81000-C
0.0905,0.0925,532.1,0.09179247,1780406836162,58.1,43.7,70214.12,BTC-25DEC26,68966.94,0.0915,68968.38,25DEC26,65000,,P,BTC-25DEC26-65000-P
0.0095,0.0105,0.6,0.00999438,1780406836162,0.6,46.71,68966.94,index_price,68966.94,0.01,68968.38,6JUN26,67500,,P,BTC-6JUN26-67500-P
0.017,0.018,125.1,0.01756902,1780406836162,145.1,42.71,68966.94,index_price,68966.94,0.0175,68968.38,6JUN26,69000,,P,BTC-6JUN26-69000-P
0.0075,0.0085,801.4,0.00801372,1780406836162,404.9,36.12,69251.44,BTC-31JUL26,68966.94,0.008,68968.38,31JUL26,83000,,C,BTC-31JUL26-83000-C
0.055,0.063,0.0,0.05886816,1780406836162,0.0,60.99,68966.94,index_price,68966.94,0.059,68968.38,4JUN26,65000,,C,BTC-4JUN26-65000-C
0.0625,0.0635,14.2,0.06269236,1780406836162,0.0,38.15,69251.44,BTC-31JUL26,68966.94,0.063,68968.38,31JUL26,69000,,C,BTC-31JUL26-69000-C
0.032,0.035,324.2,0.03352042,1780406836162,172.1,39.81,68960.38,BTC-5JUN26,68966.94,0.0335,68968.38,5JUN26,71000,,P,BTC-5JUN26-71000-P
0.038,0.039,12.1,0.038394,1780406836162,10.6,40.97,69418.95,BTC-28AUG26,68966.94,0.0385,68968.38,28AUG26,63000,,P,BTC-28AUG26-63000-P
0.58,0.5935,0.0,0.58587811,1780406836162,0.0,42.93,69418.95,BTC-28AUG26,68966.94,0.58675,68968.38,28AUG26,110000,,P,BTC-28AUG26-110000-P
0.444,0.446,53.2,0.44492714,1780406836162,0.0,57.66,70214.12,BTC-25DEC26,68966.94,0.445,68968.38,25DEC26,40000,,C,BTC-25DEC26-40000-C
0.9195,0.9355,0.6,0.92707783,1780406836162,0.0,44.32,70214.12,BTC-25DEC26,68966.94,0.9275,68968.38,25DEC26,135000,,P,BTC-25DEC26-135000-P
0.0575,0.061,24.9,0.05872755,1780406836162,0.9,55.3,68966.94,index_price,68966.94,0.05925,68968.38,3JUN26,73000,,P,BTC-3JUN26-73000-P
0.034,0.035,101.0,0.03469984,1780406836162,0.4,41.77,70869.32,BTC-26MAR27,68966.94,0.0345,68968.38,26MAR27,105000,,C,BTC-26MAR27-105000-C
0.4495,0.485,11.7,0.4543896,1780406836162,0.0,41.75,70864.79,BTC-26MAR27,68966.94,0.46725,68968.38,26MAR27,100000,,P,BTC-26MAR27-100000-P
0.0215,0.0225,16.9,0.02192421,1780406836162,0.9,43.96,69423.48,BTC-28AUG26,68966.94,0.022,68968.38,28AUG26,58000,,P,BTC-28AUG26-58000-P
0.0965,0.099,1.0,0.09769078,1780406836162,1.0,40.2,69251.44,BTC-31JUL26,68966.94,0.09775,68968.38,31JUL26,65000,,C,BTC-31JUL26-65000-C
0.185,0.192,0.0,0.18731913,1780406836162,0.0,36.52,69418.95,BTC-28AUG26,68966.94,0.1885,68968.38,28AUG26,81000,,P,BTC-28AUG26-81000-P
0.0345,0.0385,0.0,0.03680302,1780406836162,0.0,48.23,68966.94,index_price,68966.94,0.0365,68968.38,6JUN26,67000,,C,BTC-6JUN26-67000-C
,0.0001,135.9,0.0,1780406836162,0.0,99.84,69087.04,BTC-26JUN26,68966.94,,68968.38,26JUN26,320000,,C,BTC-26JUN26-320000-C
0.0002,0.0003,222.6,0.00024637,1780406836162,0.4,47.43,69087.04,BTC-26JUN26,68966.94,0.00025,68968.38,26JUN26,94000,,C,BTC-26JUN26-94000-C
0.958,1.1,23.1,1.02644294,1780406836162,0.0,75.63,69086.34,BTC-26JUN26,68966.94,1.029,68968.38,26JUN26,140000,,P,BTC-26JUN26-140000-P
0.058,0.0605,7.9,0.05906423,1780406836162,0.8,43.45,68966.94,index_price,68966.94,0.05925,68968.38,4JUN26,73000,,P,BTC-4JUN26-73000-P
0.0085,0.0095,681.0,0.00903054,1780406836162,14.0,43.44,70869.32,BTC-26MAR27,68966.94,0.009,68968.38,26MAR27,140000,,C,BTC-26MAR27-140000-C
1.168,1.325,1.8,1.24356148,1780406836162,0.0,85.88,69087.04,BTC-26JUN26,68966.94,1.2465,68968.38,26JUN26,155000,,P,BTC-26JUN26-155000-P
0.0002,0.0004,140.8,0.00031252,1780406836162,158.8,44.24,68966.94,index_price,68966.94,0.0003,68968.38,3JUN26,71500,,C,BTC-3JUN26-71500-C
0.1905,0.193,67.3,0.19198769,1780406836162,0.1,44.55,70214.12,BTC-25DEC26,68966.94,0.19175,68968.38,25DEC26,62000,,C,BTC-25DEC26-62000-C
0.0615,0.064,3227.8,0.06286141,1780406836162,340.7,36.69,69087.04,BTC-26JUN26,68966.94,0.06275,68968.38,26JUN26,72000,,P,BTC-26JUN26-72000-P
0.0024,0.0027,4997.7,0.00250357,1780406836162,994.5,36.6,69087.04,BTC-26JUN26,68966.94,0.00255,68968.38,26JUN26,80000,,C,BTC-26JUN26-80000-C
0.0001,0.0002,1333.1,0.00014485,1780406836162,3.7,52.01,69005.64,BTC-12JUN26,68966.94,0.00015,68968.38,12JUN26,86000,,C,BTC-12JUN26-86000-C
0.0435,0.0485,1.1,0.04713624,1780406836162,1.1,53.33,68960.38,BTC-5JUN26,68966.94,0.046,68968.38,5JUN26,66000,,C,BTC-5JUN26-66000-C
0.554,0.568,0.0,0.56029315,1780406836162,0.0,46.17,69251.44,BTC-31JUL26,68966.94,0.561,68968.38,31JUL26,108000,,P,BTC-31JUL26-108000-P
0.57,0.572,98.8,0.57115963,1780406836162,1.0,74.19,69613.04,BTC-25SEP26,68966.94,0.571,68968.38,25SEP26,30000,,C,BTC-25SEP26-30000-C
0.0365,0.0375,55.1,0.03710182,1780406836162,33.3,36.76,69251.44,BTC-31JUL26,68966.94,0.037,68968.38,31JUL26,73000,,C,BTC-31JUL26-73000-C
0.0295,0.031,42.1,0.03043191,1780406836162,1.0,41.79,70864.79,BTC-26MAR27,68966.94,0.03025,68968.38,26MAR27,108000,,C,BTC-26MAR27-108000-C
0.6605,0.67,289.9,0.66461588,1780406836162,1.0,63.2,69087.04,BTC-26JUN26,68966.94,0.66525,68968.38,26JUN26,115000,,P,BTC-26JUN26-115000-P
1.6575,1.8495,5.8,1.75016132,1780406836162,0.0,85.9,69087.04,BTC-26JUN26,68966.94,1.7535,68968.38,26JUN26,190000,,P,BTC-26JUN26-190000-P
0.0009,0.0011,86.2,0.00103058,1780406836162,92.5,66.65,68966.94,index_price,68966.94,0.001,68968.38,3JUN26,66000,,P,BTC-3JUN26-66000-P
0.0002,0.0006,352.6,0.00029113,1780406836162,0.0,55.52,69608.51,BTC-25SEP26,68966.94,0.0004,68968.38,25SEP26,170000,,C,BTC-25SEP26-170000-C
0.2095,0.212,137.5,0.21065361,1780406836162,0.0,45.2,70214.12,BTC-25DEC26,68966.94,0.21075,68968.38,25DEC26,60000,,C,BTC-25DEC26-60000-C
1.6375,1.8305,0.0,1.72972012,1780406836162,0.0,58.55,69608.51,BTC-25SEP26,68966.94,1.734,68968.38,25SEP26,190000,,P,BTC-25SEP26-190000-P
0.0011,0.0013,1112.6,0.00117794,1780406836162,4.1,40.77,69251.44,BTC-31JUL26,68966.94,0.0012,68968.38,31JUL26,98000,,C,BTC-31JUL26-98000-C
0.051,0.052,5.2,0.05144167,1780406836162,0.2,37.35,69423.48,BTC-28AUG26,68966.94,0.0515,68968.38,28AUG26,73000,,C,BTC-28AUG26-73000-C
0.008,0.009,393.1,0.00851744,1780406836162,515.0,45.25,69005.64,BTC-12JUN26,68966.94,0.0085,68968.38,12JUN26,65000,,P,BTC-12JUN26-65000-P
0.0475,0.0495,163.7,0.04864903,1780406836162,200.7,37.29,69024.71,BTC-19JUN26,68966.94,0.0485,68968.38,19JUN26,71000,,P,BTC-19JUN26-71000-P
,0.0001,200.1,0.0,1780406836162,0.0,90.33,69087.04,BTC-26JUN26,68966.94,,68968.38,26JUN26,250000,,C,BTC-26JUN26-250000-C
0.0635,0.065,1213.2,0.06412799,1780406836162,0.0,47.65,70869.32,BTC-26MAR27,68966.94,0.06425,68968.38,26MAR27,55000,,P,BTC-26MAR27-55000-P
0.007,0.0075,197.6,0.00706606,1780406836162,58.1,36.53,69251.44,BTC-31JUL26,68966.94,0.00725,68968.38,31JUL26,84000,,C,BTC-31JUL26-84000-C
0.188,0.1915,14.7,0.18912185,1780406836162,0.3,67.35,68960.38,BTC-5JUN26,68966.94,0.18975,68968.38,5JUN26,82000,,P,BTC-5JUN26-82000-P
0.1855,0.1925,1.0,0.18856277,1780406836162,0.0,44.81,69005.64,BTC-12JUN26,68966.94,0.189,68968.38,12JUN26,82000,,P,BTC-12JUN26-82000-P
0.1955,0.1985,29.2,0.19699016,1780406836162,0.0,44.17,69613.04,BTC-25SEP26,68966.94,0.197,68968.38,25SEP26,58000,,C,BTC-25SEP26-58000-C
,0.0001,97.4,4e-08,1780406836162,0.0,60.97,68966.94,index_price,68966.94,,68968.38,3JUN26,78000,,C,BTC-3JUN26-78000-C
0.131,0.136,2145.0,0.13329426,1780406836162,24.3,36.05,69087.04,BTC-26JUN26,68966.94,0.1335,68968.38,26JUN26,78000,,P,BTC-26JUN26-78000-P
0.524,0.5845,0.0,0.52906226,1780406836162,0.0,41.78,70869.32,BTC-26MAR27,68966.94,0.55425,68968.38,26MAR27,106000,,P,BTC-26MAR27-106000-P
0.029,0.0305,11.1,0.02989578,1780406836162,11.1,40.1,68966.94,index_price,68966.94,0.02975,68968.38,6JUN26,70500,,P,BTC-6JUN26-70500-P
0.0017,0.002,27.3,0.00186062,1780406836162,4.0,41.49,69418.95,BTC-28AUG26,68966.94,0.00185,68968.38,28AUG26,105000,,C,BTC-28AUG26-105000-C
3.1645,3.466,0.0,3.30982624,1780406836162,0.0,64.66,69613.04,BTC-25SEP26,68966.94,3.31525,68968.38,25SEP26,300000,,P,BTC-25SEP26-300000-P
0.112,0.1205,0.0,0.11645329,1780406836162,0.0,67.35,68966.94,index_price,68966.94,0.11625,68968.38,6JUN26,61000,,C,BTC-6JUN26-61000-C
1.89,2.105,0.0,1.99180141,1780406836162,0.0,54.18,70209.59,BTC-25DEC26,68966.94,1.9975,68968.38,25DEC26,210000,,P,BTC-25DEC26-210000-P
0.0033,0.0036,543.5,0.00343472,1780406836162,0.6,66.85,69608.51,BTC-25SEP26,68966.94,0.00345,68968.38,25SEP26,35000,,P,BTC-25SEP26-35000-P
0.0365,0.0445,0.0,0.04088644,1780406836162,0.0,39.63,68966.94,index_price,68966.94,0.0405,68968.38,6JUN26,71500,,P,BTC-6JUN26-71500-P
0.017,0.0175,83.5,0.01718887,1780406836162,42.4,41.62,69029.24,BTC-19JUN26,68966.94,0.01725,68968.38,19JUN26,66000,,P,BTC-19JUN26-66000-P
0.053,0.054,182.0,0.05363387,1780406836162,1.3,41.16,69613.04,BTC-25SEP26,68966.94,0.0535,68968.38,25SEP26,64000,,P,BTC-25SEP26-64000-P
0.9325,1.0145,12.5,0.94020532,1780406836162,0.0,47.62,69608.51,BTC-25SEP26,68966.94,0.9735,68968.38,25SEP26,135000,,P,BTC-25SEP26-135000-P
0.017,0.018,265.2,0.01747712,1780406836162,201.9,45.42,69418.95,BTC-28AUG26,68966.94,0.0175,68968.38,28AUG26,56000,,P,BTC-28AUG26-56000-P
0.073,0.074,5652.8,0.07333675,1780406836162,305.7,41.25,70214.12,BTC-25DEC26,68966.94,0.0735,68968.38,25DEC26,80000,,C,BTC-25DEC26-80000-C
0.507,0.518,107.9,0.51149896,1780406836162,0.0,40.5,70214.12,BTC-25DEC26,68966.94,0.5125,68968.38,25DEC26,105000,,P,BTC-25DEC26-105000-P
1.753,1.9575,0.0,1.84946467,1780406836162,0.0,52.79,70209.59,BTC-25DEC26,68966.94,1.85525,68968.38,25DEC26,200000,,P,BTC-25DEC26-200000-P
0.0003,0.0006,137.9,0.0004524,1780406836162,0.0,49.76,69251.44,BTC-31JUL26,68966.94,0.00045,68968.38,31JUL26,115000,,C,BTC-31JUL26-115000-C
0.004,0.0044,367.4,0.0042124,1780406836162,163.4,53.33,68961.07,BTC-5JUN26,68966.94,0.0042,68968.38,5JUN26,66000,,P,BTC-5JUN26-66000-P
0.062,0.128,0.0,0.08782614,1780406836162,0.0,51.19,68966.94,index_price,68966.94,0.095,68968.38,4JUN26,75000,,P,BTC-4JUN26-75000-P
0.026,0.027,217.4,0.02677283,1780406836162,254.9,39.68,69024.71,BTC-19JUN26,68966.94,0.0265,68968.38,19JUN26,68000,,P,BTC-19JUN26-68000-P
1.34,1.5175,0.0,1.42301683,1780406836162,0.0,49.64,70214.12,BTC-25DEC26,68966.94,1.42875,68968.38,25DEC26,170000,,P,BTC-25DEC26-170000-P
0.239,0.242,4.8,0.24063533,1780406836162,0.0,46.15,70869.32,BTC-26MAR27,68966.94,0.2405,68968.38,26MAR27,60000,,C,BTC-26MAR27-60000-C
0.1295,0.132,0.0,0.13085402,1780406836162,0.0,40.97,69418.95,BTC-28AUG26,68966.94,0.13075,68968.38,28AUG26,63000,,C,BTC-28AUG26-63000-C
,0.0001,657.0,3.86e-06,1780406836162,8.0,68.53,68960.38,BTC-5JUN26,68966.94,,68968.38,5JUN26,85000,,C,BTC-5JUN26-85000-C
0.074,0.0785,405.0,0.07622746,1780406836162,15.6,36.97,69010.17,BTC-12JUN26,68966.94,0.07625,68968.38,12JUN26,74000,,P,BTC-12JUN26-74000-P
0.1145,0.1155,1057.6,0.11488205,1780406836162,2.0,42.12,70214.12,BTC-25DEC26,68966.94,0.115,68968.38,25DEC26,72000,,C,BTC-25DEC26-72000-C
0.0405,0.041,2661.6,0.0406229,1780406836162,141.0,37.24,69613.04,BTC-25SEP26,68966.94,0.04075,68968.38,25SEP26,78000,,C,BTC-25SEP26-78000-C
0.014,0.015,26.3,0.01467706,1780406836162,36.0,44.18,68966.94,index_price,68966.94,0.0145,68968.38,6JUN26,68500,,P,BTC-6JUN26-68500-P
0.1005,0.106,298.5,0.10296818,1780406836162,1.0,37.56,69005.64,BTC-12JUN26,68966.94,0.10325,68968.38,12JUN26,76000,,P,BTC-12JUN26-76000-P
0.0145,0.015,3394.7,0.01465126,1780406836162,49.0,57.66,70214.12,BTC-25DEC26,68966.94,0.01475,68968.38,25DEC26,40000,,P,BTC-25DEC26-40000-P
0.0022,0.0026,134.5,0.00247113,1780406836162,96.1,37.12,69005.64,BTC-12JUN26,68966.94,0.0024,68968.38,12JUN26,75000,,C,BTC-12JUN26-75000-C
0.0041,0.0044,982.2,0.00425893,1780406836162,17.5,44.32,70214.12,BTC-25DEC26,68966.94,0.00425,68968.38,25DEC26,135000,,C,BTC-25DEC26-135000-C
0.0105,0.011,1286.7,0.01098599,1780406836162,57.6,35.97,69251.44,BTC-31JUL26,68966.94,0.01075,68968.38,31JUL26,81000,,C,BTC-31JUL26-81000-C
0.0525,0.0535,3.8,0.05289815,1780406836163,2.2,39.58,69423.48,BTC-28AUG26,68966.94,0.053,68968.38,28AUG26,66000,,P,BTC-28AUG26-66000-P
,0.0001,941.3,7.92e-06,1780406836163,0.0,71.79,69087.04,BTC-26JUN26,68966.94,,68968.38,26JUN26,135000,,C,BTC-26JUN26-135000-C
0.02,0.021,513.3,0.0204908,1780406836163,8.9,36.01,69251.44,BTC-31JUL26,68966.94,0.0205,68968.38,31JUL26,77000,,C,BTC-31JUL26-77000-C
0.0026,0.0029,1160.8,0.00273899,1780406836163,73.8,56.87,68961.07,BTC-5JUN26,68966.94,0.00275,68968.38,5JUN26,65000,,P,BTC-5JUN26-65000-P
0.0014,0.0017,472.9,0.00160509,1780406836163,312.5,37.56,69005.64,BTC-12JUN26,68966.94,0.00155,68968.38,12JUN26,76000,,C,BTC-12JUN26-76000-C
0.492,0.504,0.0,0.49816746,1780406836163,0.0,40.43,70214.12,BTC-25DEC26,68966.94,0.498,68968.38,25DEC26,104000,,P,BTC-25DEC26-104000-P
0.1035,0.108,250.2,0.10538322,1780406836163,0.1,36.49,69029.24,BTC-19JUN26,68966.94,0.10575,68968.38,19JUN26,76000,,P,BTC-19JUN26-76000-P
0.085,0.123,0.0,0.08761948,1780406836163,0.0,55.48,68966.94,index_price,68966.94,0.104,68968.38,3JUN26,75000,,P,BTC-3JUN26-75000-P
0.2625,0.267,546.0,0.26457113,1780406836163,0.0,40.65,70214.12,BTC-25DEC26,68966.94,0.26475,68968.38,25DEC26,85000,,P,BTC-25DEC26-85000-P
0.0002,0.0003,808.0,0.00024997,1780406836163,4.6,44.81,69005.64,BTC-12JUN26,68966.94,0.00025,68968.38,12JUN26,82000,,C,BTC-12JUN26-82000-C
0.251,0.256,47.0,0.25366236,1780406836163,0.0,40.7,70214.12,BTC-25DEC26,68966.94,0.2535,68968.38,25DEC26,84000,,P,BTC-25DEC26-84000-P
0.012,0.013,63.1,0.01265145,1780406836163,18.3,44.23,68966.94,index_price,68966.94,0.0125,68968.38,4JUN26,69000,,P,BTC-4JUN26-69000-P
0.0055,0.0065,1001.4,0.00603956,1780406836163,228.2,36.64,69251.44,BTC-31JUL26,68966.94,0.006,68968.38,31JUL26,85000,,C,BTC-31JUL26-85000-C
,0.0001,696.8,8.5e-07,1780406836163,0.0,72.07,68960.38,BTC-5JUN26,68966.94,,68968.38,5JUN26,88000,,C,BTC-5JUN26-88000-C
0.2265,0.2345,33.9,0.22941591,1780406836163,0.0,37.06,69613.04,BTC-25SEP26,68966.94,0.2305,68968.38,25SEP26,84000,,P,BTC-25SEP26-84000-P
1.4555,1.646,0.0,1.54335499,1780406836163,0.0,47.02,70869.32,BTC-26MAR27,68966.94,1.55075,68968.38,26MAR27,180000,,P,BTC-26MAR27-180000-P
3.755,4.0995,0.0,3.92134105,1780406836163,0.0,102.06,69087.04,BTC-26JUN26,68966.94,3.92725,68968.38,26JUN26,340000,,P,BTC-26JUN26-340000-P
0.0055,0.006,12.8,0.00562344,1780406836163,12.8,41.71,68966.94,index_price,68966.94,0.00575,68968.38,4JUN26,70000,,C,BTC-4JUN26-70000-C
1.308,1.475,0.5,1.38830059,1780406836163,0.0,85.89,69087.04,BTC-26JUN26,68966.94,1.3915,68968.38,26JUN26,165000,,P,BTC-26JUN26-165000-P
0.0765,0.081,0.2,0.0789793,1780406836163,0.1,47.07,69005.64,BTC-12JUN26,68966.94,0.07875,68968.38,12JUN26,64000,,C,BTC-12JUN26-64000-C
0.4685,0.4825,0.1,0.4739142,1780406836163,0.0,43.0,69246.91,BTC-31JUL26,68966.94,0.4755,68968.38,31JUL26,102000,,P,BTC-31JUL26-102000-P
0.327,0.3375,0.4,0.33088609,1780406836163,0.0,38.46,69251.44,BTC-31JUL26,68966.94,0.33225,68968.38,31JUL26,92000,,P,BTC-31JUL26-92000-P
0.0004,0.0007,759.1,0.00048234,1780406836163,0.0,51.2,69608.51,BTC-25SEP26,68966.94,0.00055,68968.38,25SEP26,150000,,C,BTC-25SEP26-150000-C
,0.0002,819.9,7.23e-06,1780406836163,6.1,67.85,68960.38,BTC-5JUN26,68966.94,,68968.38,5JUN26,84000,,C,BTC-5JUN26-84000-C
0.053,0.056,1.1,0.05489257,1780406836163,1.1,43.66,69005.64,BTC-12JUN26,68966.94,0.0545,68968.38,12JUN26,66000,,C,BTC-12JUN26-66000-C
0.804,0.8155,75.4,0.80932403,1780406836163,0.0,63.95,69087.04,BTC-26JUN26,68966.94,0.80975,68968.38,26JUN26,125000,,P,BTC-26JUN26-125000-P
0.0018,0.0021,0.8,0.00190739,1780406836163,0.8,61.02,68966.94,index_price,68966.94,0.00195,68968.38,6JUN26,63000,,P,BTC-6JUN26-63000-P
1.2905,1.4595,0.0,1.37074098,1780406836163,0.0,54.69,69613.04,BTC-25SEP26,68966.94,1.375,68968.38,25SEP26,165000,,P,BTC-25SEP26-165000-P
0.1735,0.176,233.3,0.17473777,1780406836163,1.0,43.04,69613.04,BTC-25SEP26,68966.94,0.17475,68968.38,25SEP26,60000,,C,BTC-25SEP26-60000-C
0.5775,0.589,116.7,0.58267537,1780406836163,0.0,40.74,69613.04,BTC-25SEP26,68966.94,0.58325,68968.38,25SEP26,110000,,P,BTC-25SEP26-110000-P
0.037,0.0405,43.6,0.03831414,1780406836163,25.6,40.61,68966.94,index_price,68966.94,0.03875,68968.38,4JUN26,71500,,P,BTC-4JUN26-71500-P
0.011,0.0115,164.8,0.0111158,1780406836163,58.8,36.39,69024.71,BTC-19JUN26,68966.94,0.01125,68968.38,19JUN26,73000,,C,BTC-19JUN26-73000-C
0.0041,0.0045,158.2,0.00431868,1780406836163,95.7,36.49,69024.71,BTC-19JUN26,68966.94,0.0043,68968.38,19JUN26,76000,,C,BTC-19JUN26-76000-C
0.0001,0.0002,7.0,0.00017953,1780406836163,0.8,47.88,69024.71,BTC-19JUN26,68966.94,0.00015,68968.38,19JUN26,90000,,C,BTC-19JUN26-90000-C
4.48,4.52,0.2,4.50032235,1780406836163,0.0,102.24,69087.04,BTC-26JUN26,68966.94,4.5,68968.38,26JUN26,380000,,P,BTC-26JUN26-380000-P
0.1015,0.103,0.0,0.10214199,1780406836163,0.0,39.58,69418.95,BTC-28AUG26,68966.94,0.10225,68968.38,28AUG26,66000,,C,BTC-28AUG26-66000-C
0.0046,0.0055,1507.4,0.00505369,1780406836163,1.9,43.52,70214.12,BTC-25DEC26,68966.94,0.00505,68968.38,25DEC26,130000,,C,BTC-25DEC26-130000-C
,0.0002,247.6,2.391e-05,1780406836163,0.9,61.2,69613.04,BTC-25SEP26,68966.94,,68968.38,25SEP26,240000,,C,BTC-25SEP26-240000-C
0.217,0.2235,31.5,0.22013795,1780406836163,0.0,36.53,69246.91,BTC-31JUL26,68966.94,0.22025,68968.38,31JUL26,84000,,P,BTC-31JUL26-84000-P
0.061,0.0625,66.2,0.06145643,1780406836163,0.0,41.78,70869.32,BTC-26MAR27,68966.94,0.06175,68968.38,26MAR27,92000,,C,BTC-26MAR27-92000-C
0.0002,0.0003,0.0,0.00024956,1780406836163,0.0,49.02,68966.94,index_price,68966.94,0.00025,68968.38,6JUN26,77000,,C,BTC-6JUN26-77000-C
0.0001,0.0002,458.3,0.00013663,1780406836163,4.9,63.53,68960.38,BTC-5JUN26,68966.94,0.00015,68968.38,5JUN26,79000,,C,BTC-5JUN26-79000-C
0.4965,0.511,0.0,0.50269519,1780406836163,0.0,44.11,69246.91,BTC-31JUL26,68966.94,0.50375,68968.38,31JUL26,104000,,P,BTC-31JUL26-104000-P
0.0395,0.0405,97.9,0.04026907,1780406836163,18.9,38.0,69024.71,BTC-19JUN26,68966.94,0.04,68968.38,19JUN26,70000,,P,BTC-19JUN26-70000-P
0.402,0.411,1.4,0.40608882,1780406836163,1.0,41.69,70869.32,BTC-26MAR27,68966.94,0.4065,68968.38,26MAR27,96000,,P,BTC-26MAR27-96000-P
0.0425,0.0435,60.2,0.04282826,1780406836163,1.3,40.49,69423.48,BTC-28AUG26,68966.94,0.043,68968.38,28AUG26,64000,,P,BTC-28AUG26-64000-P
0.1545,0.214,0.0,0.18923072,1780406836163,0.0,59.32,68966.94,index_price,68966.94,0.18425,68968.38,4JUN26,82000,,P,BTC-4JUN26-82000-P
0.6485,0.6605,91.7,0.6539493,1780406836163,0.0,42.23,69613.04,BTC-25SEP26,68966.94,0.6545,68968.38,25SEP26,115000,,P,BTC-25SEP26-115000-P
0.012,0.013,2.5,0.01251305,1780406836163,3.6,45.08,68960.38,BTC-5JUN26,68966.94,0.0125,68968.38,5JUN26,68500,,P,BTC-5JUN26-68500-P
0.137,0.141,440.2,0.13903941,1780406836163,5.4,48.91,69087.04,BTC-26JUN26,68966.94,0.139,68968.38,26JUN26,60000,,C,BTC-26JUN26-60000-C
0.054,0.055,1909.0,0.05442044,1780406836163,169.0,37.86,69613.04,BTC-25SEP26,68966.94,0.0545,68968.38,25SEP26,75000,,C,BTC-25SEP26-75000-C
0.5115,0.5245,0.0,0.51703825,1780406836163,0.0,44.24,69251.44,BTC-31JUL26,68966.94,0.518,68968.38,31JUL26,105000,,P,BTC-31JUL26-105000-P
0.209,0.217,0.0,0.21177173,1780406836163,0.0,36.56,69418.95,BTC-28AUG26,68966.94,0.213,68968.38,28AUG26,83000,,P,BTC-28AUG26-83000-P
,0.0001,554.4,1.4e-07,1780406836163,0.0,85.9,69087.04,BTC-26JUN26,68966.94,,68968.38,26JUN26,190000,,C,BTC-26JUN26-190000-C
0.115,0.1175,275.8,0.11593456,1780406836163,0.1,44.93,70869.32,BTC-26MAR27,68966.94,0.11625,68968.38,26MAR27,65000,,P,BTC-26MAR27-65000-P
0.0865,0.0895,100.8,0.08810523,1780406836163,0.0,39.62,69251.44,BTC-31JUL26,68966.94,0.088,68968.38,31JUL26,66000,,C,BTC-31JUL26-66000-C
0.0555,0.065,0.0,0.05997107,1780406836163,0.0,39.67,68966.94,index_price,68966.94,0.06025,68968.38,6JUN26,73000,,P,BTC-6JUN26-73000-P
0.0005,0.001,150.9,0.00074978,1780406836163,0.3,54.18,70214.12,BTC-25DEC26,68966.94,0.00075,68968.38,25DEC26,210000,,C,BTC-25DEC26-210000-C
0.034,0.0355,221.0,0.03477561,1780406836163,0.1,40.21,70214.12,BTC-25DEC26,68966.94,0.03475,68968.38,25DEC26,92000,,C,BTC-25DEC26-92000-C
2.3315,2.5735,0.0,2.44788118,1780406836163,0.0,61.2,69613.04,BTC-25SEP26,68966.94,2.4525,68968.38,25SEP26,240000,,P,BTC-25SEP26-240000-P
,0.0001,2755.6,1.677e-05,1780406836163,51.3,63.2,69087.04,BTC-26JUN26,68966.94,,68968.38,26JUN26,120000,,C,BTC-26JUN26-120000-C
0.0665,0.0685,297.3,0.06723358,1780406836163,199.3,41.85,70869.32,BTC-26MAR27,68966.94,0.0675,68968.38,26MAR27,90000,,C,BTC-26MAR27-90000-C
0.1015,0.104,404.3,0.10234135,1780406836163,19.0,51.54,68960.38,BTC-5JUN26,68966.94,0.10275,68968.38,5JUN26,76000,,P,BTC-5JUN26-76000-P
0.0495,0.0515,108.9,0.05047551,1780406836163,7.4,40.49,70214.12,BTC-25DEC26,68966.94,0.0505,68968.38,25DEC26,86000,,C,BTC-25DEC26-86000-C
0.369,0.378,151.5,0.37279439,1780406836163,0.0,38.06,69613.04,BTC-25SEP26,68966.94,0.3735,68968.38,25SEP26,95000,,P,BTC-25SEP26-95000-P
1.1835,1.3575,0.0,1.26308421,1780406836163,0.0,45.31,70864.79,BTC-26MAR27,68966.94,1.2705,68968.38,26MAR27,160000,,P,BTC-26MAR27-160000-P
0.102,0.104,27.2,0.10310369,1780406836163,0.1,41.89,70209.59,BTC-25DEC26,68966.94,0.103,68968.38,25DEC26,74000,,C,BTC-25DEC26-74000-C
0.0145,0.0155,254.9,0.01505195,1780406836163,276.0,36.77,69029.24,BTC-19JUN26,68966.94,0.015,68968.38,19JUN26,72000,,C,BTC-19JUN26-72000-C
0.0005,0.0007,1565.4,0.00050974,1780406836163,119.0,90.14,69087.04,BTC-26JUN26,68966.94,0.0006,68968.38,26JUN26,40000,,P,BTC-26JUN26-40000-P
0.09,0.093,103.0,0.09131906,1780406836163,74.9,36.76,69251.44,BTC-31JUL26,68966.94,0.0915,68968.38,31JUL26,73000,,P,BTC-31JUL26-73000-P
0.0295,0.031,604.1,0.03022233,1780406836163,2.6,44.17,69613.04,BTC-25SEP26,68966.94,0.03025,68968.38,25SEP26,58000,,P,BTC-25SEP26-58000-P
0.09,0.0945,2.0,0.09260047,1780406836163,0.0,36.47,69024.71,BTC-19JUN26,68966.94,0.09225,68968.38,19JUN26,75000,,P,BTC-19JUN26-75000-P
0.271,0.2745,9.8,0.27301715,1780406836163,0.0,47.75,70209.59,BTC-25DEC26,68966.94,0.27275,68968.38,25DEC26,54000,,C,BTC-25DEC26-54000-C
3.1955,3.4995,0.0,3.34235975,1780406836163,0.0,95.76,69087.04,BTC-26JUN26,68966.94,3.3475,68968.38,26JUN26,300000,,P,BTC-26JUN26-300000-P
0.0006,0.0011,942.4,0.00084407,1780406836163,0.0,52.79,70209.59,BTC-25DEC26,68966.94,0.00085,68968.38,25DEC26,200000,,C,BTC-25DEC26-200000-C
0.0055,0.006,533.5,0.00589616,1780406836163,371.3,36.94,69005.64,BTC-12JUN26,68966.94,0.00575,68968.38,12JUN26,73000,,C,BTC-12JUN26-73000-C
0.0001,0.0002,40.0,0.00011523,1780406836163,28.3,51.19,68966.94,index_price,68966.94,0.00015,68968.38,4JUN26,75000,,C,BTC-4JUN26-75000-C
0.0145,0.0155,2.9,0.01485873,1780406836163,2.9,43.56,68961.07,BTC-5JUN26,68966.94,0.015,68968.38,5JUN26,69000,,C,BTC-5JUN26-69000-C
0.243,0.2485,29.9,0.2455172,1780406836163,0.0,40.5,69086.34,BTC-26JUN26,68966.94,0.24575,68968.38,26JUN26,86000,,P,BTC-26JUN26-86000-P
0.0445,0.048,638.7,0.04590948,1780406836163,44.0,39.81,68961.07,BTC-5JUN26,68966.94,0.04625,68968.38,5JUN26,72000,,P,BTC-5JUN26-72000-P
,0.0001,248.8,4.06e-06,1780406836163,0.0,66.78,69613.04,BTC-25SEP26,68966.94,,68968.38,25SEP26,320000,,C,BTC-25SEP26-320000-C
0.3785,0.3815,48.3,0.38018353,1780406836163,0.0,53.23,70214.12,BTC-25DEC26,68966.94,0.38,68968.38,25DEC26,45000,,C,BTC-25DEC26-45000-C
,0.0002,100.6,5.166e-05,1780406836163,91.7,55.31,68966.94,index_price,68966.94,,68968.38,3JUN26,73500,,C,BTC-3JUN26-73500-C
,0.0001,174.2,0.0,1780406836163,0.5,102.24,69086.34,BTC-26JUN26,68966.94,,68968.38,26JUN26,360000,,C,BTC-26JUN26-360000-C
0.0007,0.0009,10.2,0.00078621,1780406836163,10.2,40.77,68966.94,index_price,68966.94,0.0008,68968.38,6JUN26,74000,,C,BTC-6JUN26-74000-C
0.012,0.013,889.7,0.01253746,1780406836163,201.7,36.03,69087.04,BTC-26JUN26,68966.94,0.0125,68968.38,26JUN26,74000,,C,BTC-26JUN26-74000-C
0.0505,0.0535,32.5,0.05153194,1780406836163,0.3,52.38,68966.94,index_price,68966.94,0.052,68968.38,3JUN26,72500,,P,BTC-3JUN26-72500-P
0.0185,0.0195,0.0,0.0191856,1780406836163,0.0,45.08,68960.38,BTC-5JUN26,68966.94,0.019,68968.38,5JUN26,68500,,C,BTC-5JUN26-68500-C
,0.0002,214.5,1.487e-05,1780406836163,43.8,67.68,68960.38,BTC-5JUN26,68966.94,,68968.38,5JUN26,83000,,C,BTC-5JUN26-83000-C
0.1105,0.112,272.0,0.11128754,1780406836163,2.7,43.06,70214.12,BTC-25DEC26,68966.94,0.11125,68968.38,25DEC26,68000,,P,BTC-25DEC26-68000-P
0.0043,0.0047,288.5,0.00444921,1780406836163,6.2,36.97,69246.91,BTC-31JUL26,68966.94,0.0045,68968.38,31JUL26,87000,,C,BTC-31JUL26-87000-C
0.6415,0.6545,1.7,0.64744312,1780406836163,0.0,41.44,70214.12,BTC-25DEC26,68966.94,0.648,68968.38,25DEC26,115000,,P,BTC-25DEC26-115000-P
0.4255,0.456,0.2,0.42987683,1780406836163,0.0,41.66,70869.32,BTC-26MAR27,68966.94,0.44075,68968.38,26MAR27,98000,,P,BTC-26MAR27-98000-P
0.439,0.448,0.1,0.44326848,1780406836163,0.1,39.89,69418.95,BTC-28AUG26,68966.94,0.4435,68968.38,28AUG26,100000,,P,BTC-28AUG26-100000-P
0.0165,0.019,117.7,0.01759642,1780406836163,133.0,42.34,68966.94,index_price,68966.94,0.01775,68968.38,3JUN26,70000,,P,BTC-3JUN26-70000-P
0.0016,0.002,818.9,0.00178237,1780406836163,17.2,39.12,69251.44,BTC-31JUL26,68966.94,0.0018,68968.38,31JUL26,94000,,C,BTC-31JUL26-94000-C
0.0225,0.023,688.5,0.02266587,1780406836163,0.3,37.06,69608.51,BTC-25SEP26,68966.94,0.02275,68968.38,25SEP26,84000,,C,BTC-25SEP26-84000-C
0.4655,0.4775,0.0,0.47174982,1780406836163,0.0,40.32,70214.12,BTC-25DEC26,68966.94,0.4715,68968.38,25DEC26,102000,,P,BTC-25DEC26-102000-P
0.002,0.0023,53.4,0.00224683,1780406836163,54.9,40.64,68966.94,index_price,68966.94,0.00215,68968.38,4JUN26,71000,,C,BTC-4JUN26-71000-C
0.0002,0.0005,131.1,0.00033911,1780406836163,0.0,54.69,69613.04,BTC-25SEP26,68966.94,0.00035,68968.38,25SEP26,165000,,C,BTC-25SEP26-165000-C
0.0325,0.0335,47.0,0.03292004,1780406836163,63.4,38.72,69024.71,BTC-19JUN26,68966.94,0.033,68968.38,19JUN26,69000,,P,BTC-19JUN26-69000-P
0.411,0.4195,0.0,0.41495735,1780406836163,0.0,39.27,69418.95,BTC-28AUG26,68966.94,0.41525,68968.38,28AUG26,98000,,P,BTC-28AUG26-98000-P
0.058,0.0595,639.5,0.05879435,1780406836163,11.3,40.77,69613.04,BTC-25SEP26,68966.94,0.05875,68968.38,25SEP26,65000,,P,BTC-25SEP26-65000-P
0.0024,0.0027,16.3,0.00255672,1780406836163,10.6,56.31,68966.94,index_price,68966.94,0.00255,68968.38,4JUN26,66000,,P,BTC-4JUN26-66000-P
0.0125,0.0135,1.0,0.01303139,1780406836163,1.0,51.02,68966.94,index_price,68966.94,0.013,68968.38,3JUN26,68500,,C,BTC-3JUN26-68500-C
0.175,0.1785,0.0,0.17709077,1780406836163,0.0,45.51,69251.44,BTC-31JUL26,68966.94,0.17675,68968.38,31JUL26,58000,,C,BTC-31JUL26-58000-C
1.319,1.5015,0.1,1.40302175,1780406836163,0.0,46.11,70869.32,BTC-26MAR27,68966.94,1.41025,68968.38,26MAR27,170000,,P,BTC-26MAR27-170000-P
0.1265,0.131,1.9,0.12941504,1780406836163,0.0,42.23,69246.91,BTC-31JUL26,68966.94,0.12875,68968.38,31JUL26,62000,,C,BTC-31JUL26-62000-C
1.221,1.385,0.6,1.29895634,1780406836163,0.0,53.65,69613.04,BTC-25SEP26,68966.94,1.303,68968.38,25SEP26,160000,,P,BTC-25SEP26-160000-P
0.181,0.185,718.4,0.18275577,1780406836163,14.0,37.09,69613.04,BTC-25SEP26,68966.94,0.183,68968.38,25SEP26,80000,,P,BTC-25SEP26-80000-P
0.109,0.154,0.0,0.11673078,1780406836163,0.0,52.61,68966.94,index_price,68966.94,0.1315,68968.38,4JUN26,77000,,P,BTC-4JUN26-77000-P
0.0014,0.0015,4431.0,0.00146394,1780406836163,1559.7,37.23,69087.04,BTC-26JUN26,68966.94,0.00145,68968.38,26JUN26,82000,,C,BTC-26JUN26-82000-C
0.0001,0.0004,749.7,0.00018884,1780406836163,0.0,56.38,69613.04,BTC-25SEP26,68966.94,0.00025,68968.38,25SEP26,180000,,C,BTC-25SEP26-180000-C
0.3335,0.341,14.0,0.33728289,1780406836163,0.0,41.85,70864.79,BTC-26MAR27,68966.94,0.33725,68968.38,26MAR27,90000,,P,BTC-26MAR27-90000-P
0.3,0.307,1671.6,0.30314084,1780406836163,17.9,44.46,69087.04,BTC-26JUN26,68966.94,0.3035,68968.38,26JUN26,90000,,P,BTC-26JUN26-90000-P
0.0065,0.0075,44.7,0.00702777,1780406836163,6.9,37.18,69418.95,BTC-28AUG26,68966.94,0.007,68968.38,28AUG26,90000,,C,BTC-28AUG26-90000-C
0.0125,0.013,5863.8,0.01288457,1780406836163,174.3,35.96,69246.91,BTC-31JUL26,68966.94,0.01275,68968.38,31JUL26,80000,,C,BTC-31JUL26-80000-C
2.077,2.3,0.2,2.18439715,1780406836163,0.0,86.38,69087.04,BTC-26JUN26,68966.94,2.1885,68968.38,26JUN26,220000,,P,BTC-26JUN26-220000-P
0.0865,0.0885,279.8,0.08733487,1780406836163,2.3,46.15,70869.32,BTC-26MAR27,68966.94,0.0875,68968.38,26MAR27,60000,,P,BTC-26MAR27-60000-P
0.0002,0.0003,58.4,0.00025537,1780406836163,34.9,45.17,68966.94,index_price,68966.94,0.00025,68968.38,4JUN26,73500,,C,BTC-4JUN26-73500-C
0.1495,0.154,8.0,0.15259201,1780406836163,0.0,43.78,69251.44,BTC-31JUL26,68966.94,0.15175,68968.38,31JUL26,60000,,C,BTC-31JUL26-60000-C
0.372,0.3845,0.1,0.37760741,1780406836164,0.0,72.07,68960.38,BTC-5JUN26,68966.94,0.37825,68968.38,5JUN26,95000,,P,BTC-5JUN26-95000-P
0.015,0.016,33.5,0.01544091,1780406836164,52.6,43.56,68960.38,BTC-5JUN26,68966.94,0.0155,68968.38,5JUN26,69000,,P,BTC-5JUN26-69000-P
0.165,0.167,218.2,0.16599078,1780406836164,0.5,43.7,70214.12,BTC-25DEC26,68966.94,0.166,68968.38,25DEC26,65000,,C,BTC-25DEC26-65000-C
0.0029,0.0032,161.7,0.00308553,1780406836164,109.5,36.62,69029.24,BTC-19JUN26,68966.94,0.00305,68968.38,19JUN26,77000,,C,BTC-19JUN26-77000-C
0.0515,0.054,20.9,0.05253118,1780406836164,0.0,39.84,68961.07,BTC-5JUN26,68966.94,0.05275,68968.38,5JUN26,72500,,P,BTC-5JUN26-72500-P
0.1995,0.2045,0.0,0.2026635,1780406836164,0.0,47.46,69251.44,BTC-31JUL26,68966.94,0.202,68968.38,31JUL26,56000,,C,BTC-31JUL26-56000-C
0.0008,0.0013,989.3,0.00104199,1780406836164,0.0,51.77,70214.12,BTC-25DEC26,68966.94,0.00105,68968.38,25DEC26,190000,,C,BTC-25DEC26-190000-C
0.5075,0.518,104.4,0.51205461,1780406836164,0.0,40.03,69608.51,BTC-25SEP26,68966.94,0.51275,68968.38,25SEP26,105000,,P,BTC-25SEP26-105000-P
0.019,0.0195,193.4,0.01907193,1780406836164,68.5,43.78,69251.44,BTC-31JUL26,68966.94,0.01925,68968.38,31JUL26,60000,,P,BTC-31JUL26-60000-P
0.0002,0.0003,605.2,0.00020562,1780406836164,37.4,55.76,68961.07,BTC-5JUN26,68966.94,0.00025,68968.38,5JUN26,77000,,C,BTC-5JUN26-77000-C
0.008,0.0085,3.4,0.00828431,1780406836164,3.4,48.23,68966.94,index_price,68966.94,0.00825,68968.38,6JUN26,67000,,P,BTC-6JUN26-67000-P
2.1655,2.399,0.0,2.27643024,1780406836164,0.0,55.89,70214.12,BTC-25DEC26,68966.94,2.28225,68968.38,25DEC26,230000,,P,BTC-25DEC26-230000-P
0.071,0.072,1594.6,0.07146242,1780406836164,12.4,38.56,69613.04,BTC-25SEP26,68966.94,0.0715,68968.38,25SEP26,72000,,C,BTC-25SEP26-72000-C
0.861,0.8775,21.9,0.86843402,1780406836164,0.0,45.7,69613.04,BTC-25SEP26,68966.94,0.86925,68968.38,25SEP26,130000,,P,BTC-25SEP26-130000-P
0.09,0.091,1493.4,0.09038795,1780406836164,80.0,39.1,69608.51,BTC-25SEP26,68966.94,0.0905,68968.38,25SEP26,70000,,P,BTC-25SEP26-70000-P
0.065,0.1315,0.0,0.0950282,1780406836164,0.0,51.23,68966.94,index_price,68966.94,0.09825,68968.38,4JUN26,75500,,P,BTC-4JUN26-75500-P
0.159,0.1625,97.7,0.16021322,1780406836164,0.1,67.13,68961.07,BTC-5JUN26,68966.94,0.16075,68968.38,5JUN26,80000,,P,BTC-5JUN26-80000-P
0.006,0.007,1771.5,0.00655847,1780406836164,0.0,44.13,70869.32,BTC-26MAR27,68966.94,0.0065,68968.38,26MAR27,150000,,C,BTC-26MAR27-150000-C
0.0205,0.0215,2160.1,0.02112316,1780406836164,2.5,53.23,70214.12,BTC-25DEC26,68966.94,0.021,68968.38,25DEC26,45000,,P,BTC-25DEC26-45000-P
,0.0001,2507.2,4.464e-05,1780406836164,1.0,63.2,69087.04,BTC-26JUN26,68966.94,,68968.38,26JUN26,115000,,C,BTC-26JUN26-115000-C
0.008,0.009,2.4,0.00837429,1780406836164,2.4,42.73,68966.94,index_price,68966.94,0.0085,68968.38,4JUN26,69500,,C,BTC-4JUN26-69500-C
0.0001,0.0003,137.1,0.0001815,1780406836164,2.4,48.31,69005.64,BTC-12JUN26,68966.94,0.0002,68968.38,12JUN26,84000,,C,BTC-12JUN26-84000-C
0.032,0.0325,2085.0,0.03233306,1780406836164,379.9,39.32,69087.04,BTC-26JUN26,68966.94,0.03225,68968.38,26JUN26,68000,,P,BTC-26JUN26-68000-P
0.0011,0.0014,54.6,0.00136308,1780406836164,64.1,40.61,68966.94,index_price,68966.94,0.00125,68968.38,4JUN26,71500,,C,BTC-4JUN26-71500-C
3.4755,3.7995,0.0,3.6318504,1780406836164,0.0,99.84,69087.04,BTC-26JUN26,68966.94,3.6375,68968.38,26JUN26,320000,,P,BTC-26JUN26-320000-P
,0.0002,278.7,3.394e-05,1780406836164,1.0,58.65,69608.51,BTC-25SEP26,68966.94,,68968.38,25SEP26,220000,,C,BTC-25SEP26-220000-C
0.0325,0.034,19.1,0.0332264,1780406836164,0.0,41.78,70869.32,BTC-26MAR27,68966.94,0.03325,68968.38,26MAR27,106000,,C,BTC-26MAR27-106000-C
0.0225,0.026,47.2,0.02361912,1780406836164,52.7,42.33,68966.94,index_price,68966.94,0.02425,68968.38,3JUN26,70500,,P,BTC-3JUN26-70500-P
0.0225,0.0235,116.4,0.02302407,1780406836164,102.3,36.5,69418.95,BTC-28AUG26,68966.94,0.023,68968.38,28AUG26,80000,,C,BTC-28AUG26-80000-C
0.005,0.0055,4075.4,0.00526752,1780406836164,17.9,38.95,69613.04,BTC-25SEP26,68966.94,0.00525,68968.38,25SEP26,100000,,C,BTC-25SEP26-100000-C
0.046,0.048,28.4,0.04693424,1780406836164,0.1,41.66,70869.32,BTC-26MAR27,68966.94,0.047,68968.38,26MAR27,98000,,C,BTC-26MAR27-98000-C
0.088,0.0965,0.0,0.09204668,1780406836164,0.0,49.38,69010.17,BTC-12JUN26,68966.94,0.09225,68968.38,12JUN26,63000,,C,BTC-12JUN26-63000-C
,0.0001,8.0,1.4e-07,1780406836164,0.0,59.32,68966.94,index_price,68966.94,,68968.38,4JUN26,82000,,C,BTC-4JUN26-82000-C
0.0022,0.0025,287.5,0.00228355,1780406836164,11.7,38.46,69251.44,BTC-31JUL26,68966.94,0.00235,68968.38,31JUL26,92000,,C,BTC-31JUL26-92000-C
,0.0001,22.8,4.9e-07,1780406836164,3.3,59.32,68966.94,index_price,68966.94,,68968.38,3JUN26,76500,,C,BTC-3JUN26-76500-C
0.036,0.0375,3456.4,0.03670209,1780406836164,52.5,43.04,69608.51,BTC-25SEP26,68966.94,0.03675,68968.38,25SEP26,60000,,P,BTC-25SEP26-60000-P
,0.0002,1166.5,2.914e-05,1780406836164,31.3,67.35,68960.38,BTC-5JUN26,68966.94,,68968.38,5JUN26,82000,,C,BTC-5JUN26-82000-C
0.139,0.1415,380.2,0.14038546,1780406836164,7.7,42.12,70214.12,BTC-25DEC26,68966.94,0.14025,68968.38,25DEC26,72000,,P,BTC-25DEC26-72000-P
0.2765,0.2795,1.0,0.27819164,1780406836164,0.0,47.36,70869.32,BTC-26MAR27,68966.94,0.278,68968.38,26MAR27,56000,,C,BTC-26MAR27-56000-C
0.001,0.0011,1118.9,0.00101387,1780406836164,204.6,38.93,69087.04,BTC-26JUN26,68966.94,0.00105,68968.38,26JUN26,84000,,C,BTC-26JUN26-84000-C
0.019,0.02,582.8,0.01971391,1780406836164,764.3,40.69,69010.17,BTC-12JUN26,68966.94,0.0195,68968.38,12JUN26,68000,,P,BTC-12JUN26-68000-P
0.0815,0.086,1465.2,0.08365287,1780406836164,37.7,36.03,69087.04,BTC-26JUN26,68966.94,0.08375,68968.38,26JUN26,74000,,P,BTC-26JUN26-74000-P
0.034,0.035,26.3,0.03440333,1780406836164,0.6,41.51,69418.95,BTC-28AUG26,68966.94,0.0345,68968.38,28AUG26,62000,,P,BTC-28AUG26-62000-P
0.204,0.21,31.4,0.20664428,1780406836164,0.0,36.12,69251.44,BTC-31JUL26,68966.94,0.207,68968.38,31JUL26,83000,,P,BTC-31JUL26-83000-P
4.035,4.3995,0.3,4.2108317,1780406836164,0.0,102.24,69087.04,BTC-26JUN26,68966.94,4.21725,68968.38,26JUN26,360000,,P,BTC-26JUN26-360000-P
0.0037,0.0041,4.1,0.00386728,1780406836164,4.2,54.26,68966.94,index_price,68966.94,0.0039,68968.38,6JUN26,65000,,P,BTC-6JUN26-65000-P
0.0205,0.021,2359.4,0.02069203,1780406836164,352.7,36.69,69087.04,BTC-26JUN26,68966.94,0.02075,68968.38,26JUN26,72000,,C,BTC-26JUN26-72000-C
,0.0001,1222.2,4.94e-06,1780406836164,0.0,85.89,69086.34,BTC-26JUN26,68966.94,,68968.38,26JUN26,160000,,C,BTC-26JUN26-160000-C
0.25,0.2525,39.7,0.25124768,1780406836164,0.0,46.8,70214.12,BTC-25DEC26,68966.94,0.25125,68968.38,25DEC26,56000,,C,BTC-25DEC26-56000-C
0.203,0.207,0.0,0.20497882,1780406836164,0.0,60.12,69024.71,BTC-19JUN26,68966.94,0.205,68968.38,19JUN26,55000,,C,BTC-19JUN26-55000-C
0.087,0.09,30.2,0.0890362,1780406836164,0.0,43.32,69087.04,BTC-26JUN26,68966.94,0.0885,68968.38,26JUN26,64000,,C,BTC-26JUN26-64000-C
0.2905,0.2975,2.3,0.29397836,1780406836164,0.0,42.01,70869.32,BTC-26MAR27,68966.94,0.294,68968.38,26MAR27,86000,,P,BTC-26MAR27-86000-P
0.022,0.023,864.8,0.02254131,1780406836164,3.8,55.01,70869.32,BTC-26MAR27,68966.94,0.0225,68968.38,26MAR27,40000,,P,BTC-26MAR27-40000-P
,0.0001,813.7,0.0,1780406836164,0.0,89.15,69087.04,BTC-26JUN26,68966.94,,68968.38,26JUN26,230000,,C,BTC-26JUN26-230000-C
0.018,0.019,268.3,0.01852811,1780406836164,0.0,42.18,70869.32,BTC-26MAR27,68966.94,0.0185,68968.38,26MAR27,120000,,C,BTC-26MAR27-120000-C
0.1305,0.135,272.5,0.13247337,1780406836164,0.7,36.01,69251.44,BTC-31JUL26,68966.94,0.13275,68968.38,31JUL26,77000,,P,BTC-31JUL26-77000-P
1.9375,2.1495,0.0,2.03965184,1780406836164,0.0,86.33,69087.04,BTC-26JUN26,68966.94,2.0435,68968.38,26JUN26,210000,,P,BTC-26JUN26-210000-P
,0.0001,57.2,2.9e-07,1780406836164,0.0,60.97,68966.94,index_price,68966.94,,68968.38,3JUN26,77000,,C,BTC-3JUN26-77000-C
0.0225,0.0235,2987.1,0.02320482,1780406836164,546.1,41.19,68960.38,BTC-5JUN26,68966.94,0.023,68968.38,5JUN26,70000,,P,BTC-5JUN26-70000-P
,0.0002,824.3,0.00016645,1780406836164,1.5,58.55,69608.51,BTC-25SEP26,68966.94,,68968.38,25SEP26,190000,,C,BTC-25SEP26-190000-C
0.1285,0.1375,0.0,0.13112063,1780406836164,0.0,60.97,68966.94,index_price,68966.94,0.133,68968.38,3JUN26,78000,,P,BTC-3JUN26-78000-P
0.0155,0.0165,13.2,0.01631973,1780406836164,13.9,42.73,68966.94,index_price,68966.94,0.016,68968.38,4JUN26,69500,,P,BTC-4JUN26-69500-P
1.3775,1.55,1.9,1.46067203,1780406836164,0.0,85.89,69087.04,BTC-26JUN26,68966.94,1.46375,68968.38,26JUN26,170000,,P,BTC-26JUN26-170000-P
0.0675,0.0695,62.2,0.06844455,1780406836164,0.0,47.36,70869.32,BTC-26MAR27,68966.94,0.0685,68968.38,26MAR27,56000,,P,BTC-26MAR27-56000-P
0.272,0.283,0.0,0.27610035,1780406836164,0.0,72.07,68960.38,BTC-5JUN26,68966.94,0.2775,68968.38,5JUN26,88000,,P,BTC-5JUN26-88000-P
0.133,0.135,52.9,0.13420527,1780406836164,0.0,41.16,69613.04,BTC-25SEP26,68966.94,0.134,68968.38,25SEP26,64000,,C,BTC-25SEP26-64000-C
0.0014,0.0017,29.5,0.00155094,1780406836164,36.8,60.99,68966.94,index_price,68966.94,0.00155,68968.38,4JUN26,65000,,P,BTC-4JUN26-65000-P
0.3555,0.3665,1.3,0.35926758,1780406836164,0.0,39.12,69251.44,BTC-31JUL26,68966.94,0.361,68968.38,31JUL26,94000,,P,BTC-31JUL26-94000-P
0.0001,0.0002,62.4,0.00014491,1780406836164,14.3,49.06,68966.94,index_price,68966.94,0.00015,68968.38,4JUN26,74500,,C,BTC-4JUN26-74500-C
0.0255,0.0265,17.4,0.02613068,1780406836164,16.4,38.0,69024.71,BTC-19JUN26,68966.94,0.026,68968.38,19JUN26,70000,,C,BTC-19JUN26-70000-C
0.0255,0.026,10.5,0.02573638,1780406836164,10.5,39.37,69005.64,BTC-12JUN26,68966.94,0.02575,68968.38,12JUN26,69000,,C,BTC-12JUN26-69000-C
0.081,0.0875,0.0,0.08373237,1780406836164,0.0,44.1,69024.71,BTC-19JUN26,68966.94,0.08425,68968.38,19JUN26,64000,,C,BTC-19JUN26-64000-C
0.0041,0.0044,15.4,0.0043067,1780406836164,15.2,51.78,68966.94,index_price,68966.94,0.00425,68968.38,4JUN26,67000,,P,BTC-4JUN26-67000-P
2.054,2.276,1.8,2.16056976,1780406836164,0.0,58.65,69608.51,BTC-25SEP26,68966.94,2.165,68968.38,25SEP26,220000,,P,BTC-25SEP26-220000-P
0.217,0.2205,13.8,0.21810221,1780406836164,0.0,67.85,68960.38,BTC-5JUN26,68966.94,0.21875,68968.38,5JUN26,84000,,P,BTC-5JUN26-84000-P
0.0025,0.0028,35.3,0.00271305,1780406836164,52.7,39.81,68960.38,BTC-5JUN26,68966.94,0.00265,68968.38,5JUN26,71500,,C,BTC-5JUN26-71500-C
0.317,0.3205,59.9,0.31888779,1780406836164,0.0,49.88,70214.12,BTC-25DEC26,68966.94,0.31875,68968.38,25DEC26,50000,,C,BTC-25DEC26-50000-C
0.0005,0.0006,370.1,0.00052342,1780406836164,69.8,40.32,69010.17,BTC-12JUN26,68966.94,0.00055,68968.38,12JUN26,79000,,C,BTC-12JUN26-79000-C
,0.0002,551.2,5.804e-05,1780406836164,7.9,67.26,68960.38,BTC-5JUN26,68966.94,,68968.38,5JUN26,81000,,C,BTC-5JUN26-81000-C
0.011,0.012,409.8,0.0113781,1780406836164,160.1,47.46,69251.44,BTC-31JUL26,68966.94,0.0115,68968.38,31JUL26,56000,,P,BTC-31JUL26-56000-P
0.0037,0.0041,393.8,0.00385846,1780406836164,28.9,37.21,69251.44,BTC-31JUL26,68966.94,0.0039,68968.38,31JUL26,88000,,C,BTC-31JUL26-88000-C
0.005,0.0055,2380.1,0.00543795,1780406836164,44.5,60.43,69613.04,BTC-25SEP26,68966.94,0.00525,68968.38,25SEP26,40000,,P,BTC-25SEP26-40000-P
2.8865,3.1685,0.0,3.02250686,1780406836164,0.0,63.11,69613.04,BTC-25SEP26,68966.94,3.0275,68968.38,25SEP26,280000,,P,BTC-25SEP26-280000-P
0.1145,0.12,130.6,0.11694568,1780406836164,2.0,38.42,69005.64,BTC-12JUN26,68966.94,0.11725,68968.38,12JUN26,77000,,P,BTC-12JUN26-77000-P
0.0007,0.0009,662.9,0.00081218,1780406836164,598.5,40.43,68960.38,BTC-5JUN26,68966.94,0.0008,68968.38,5JUN26,73000,,C,BTC-5JUN26-73000-C
1.028,1.175,4.6,1.09881602,1780406836164,0.0,79.3,69087.04,BTC-26JUN26,68966.94,1.1015,68968.38,26JUN26,145000,,P,BTC-26JUN26-145000-P
0.038,0.0415,29.2,0.03955192,1780406836164,30.2,39.81,68961.07,BTC-5JUN26,68966.94,0.03975,68968.38,5JUN26,71500,,P,BTC-5JUN26-71500-P
0.092,0.1285,0.0,0.09486805,1780406836164,0.0,55.59,68966.94,index_price,68966.94,0.11025,68968.38,3JUN26,75500,,P,BTC-3JUN26-75500-P
0.028,0.029,80.2,0.02815538,1780406836164,80.3,41.48,69251.44,BTC-31JUL26,68966.94,0.0285,68968.38,31JUL26,63000,,P,BTC-31JUL26-63000-P
0.5825,0.597,1.1,0.58911039,1780406836164,0.0,47.17,69251.44,BTC-31JUL26,68966.94,0.58975,68968.38,31JUL26,110000,,P,BTC-31JUL26-110000-P
0.0008,0.0009,274.0,0.00089833,1780406836164,12.1,43.0,69251.44,BTC-31JUL26,68966.94,0.00085,68968.38,31JUL26,102000,,C,BTC-31JUL26-102000-C
0.0013,0.0016,279.4,0.00144656,1780406836164,65.7,39.96,69251.44,BTC-31JUL26,68966.94,0.00145,68968.38,31JUL26,96000,,C,BTC-31JUL26-96000-C
0.214,0.224,0.0,0.21747754,1780406836164,0.0,48.31,69005.64,BTC-12JUN26,68966.94,0.219,68968.38,12JUN26,84000,,P,BTC-12JUN26-84000-P
0.2505,0.2565,3.7,0.25315587,1780406836164,0.1,42.25,70869.32,BTC-26MAR27,68966.94,0.2535,68968.38,26MAR27,82000,,P,BTC-26MAR27-82000-P
0.173,0.1755,12.7,0.1743556,1780406836164,0.0,43.96,70214.12,BTC-25DEC26,68966.94,0.17425,68968.38,25DEC26,64000,,C,BTC-25DEC26-64000-C
0.3905,0.399,0.4,0.39441184,1780406836164,0.0,41.74,70864.79,BTC-26MAR27,68966.94,0.39475,68968.38,26MAR27,95000,,P,BTC-26MAR27-95000-P
0.012,0.013,132.9,0.01269374,1780406836164,137.9,44.34,68966.94,index_price,68966.94,0.0125,68968.38,3JUN26,69500,,P,BTC-3JUN26-69500-P
0.0004,0.0008,130.6,0.00056386,1780406836164,0.8,47.17,69246.91,BTC-31JUL26,68966.94,0.0006,68968.38,31JUL26,110000,,C,BTC-31JUL26-110000-C
0.028,0.0295,1331.3,0.02898424,1780406836164,0.5,40.22,70214.12,BTC-25DEC26,68966.94,0.02875,68968.38,25DEC26,95000,,C,BTC-25DEC26-95000-C
0.726,0.7435,0.0,0.73332185,1780406836164,0.0,52.06,69251.44,BTC-31JUL26,68966.94,0.73475,68968.38,31JUL26,120000,,P,BTC-31JUL26-120000-P
0.0075,0.0085,2172.9,0.00801755,1780406836164,122.1,38.06,69613.04,BTC-25SEP26,68966.94,0.008,68968.38,25SEP26,95000,,C,BTC-25SEP26-95000-C
0.4995,0.5015,15.1,0.50062221,1780406836165,0.0,66.85,69613.04,BTC-25SEP26,68966.94,0.5005,68968.38,25SEP26,35000,,C,BTC-25SEP26-35000-C
,0.0001,556.1,0.0,1780406836165,0.0,89.88,69087.04,BTC-26JUN26,68966.94,,68968.38,26JUN26,240000,,C,BTC-26JUN26-240000-C
2.303,2.5465,0.0,2.41885029,1780406836165,0.0,57.47,70214.12,BTC-25DEC26,68966.94,2.42475,68968.38,25DEC26,240000,,P,BTC-25DEC26-240000-P
0.247,0.255,0.0,0.249955,1780406836165,0.0,36.58,69418.95,BTC-28AUG26,68966.94,0.251,68968.38,28AUG26,86000,,P,BTC-28AUG26-86000-P
0.273,0.277,23.4,0.27538237,1780406836165,0.0,40.49,70214.12,BTC-25DEC26,68966.94,0.275,68968.38,25DEC26,86000,,P,BTC-25DEC26-86000-P
0.025,0.0265,6.2,0.02581459,1780406836165,0.2,36.47,69418.95,BTC-28AUG26,68966.94,0.02575,68968.38,28AUG26,79000,,C,BTC-28AUG26-79000-C
,0.0002,1130.0,9.652e-05,1780406836165,0.4,58.55,69613.04,BTC-25SEP26,68966.94,,68968.38,25SEP26,200000,,C,BTC-25SEP26-200000-C
0.1505,0.155,3.6,0.15271842,1780406836165,0.0,36.55,69418.95,BTC-28AUG26,68966.94,0.15275,68968.38,28AUG26,78000,,P,BTC-28AUG26-78000-P
0.0685,0.077,0.0,0.07277553,1780406836165,0.0,65.64,68966.94,index_price,68966.94,0.07275,68968.38,4JUN26,64000,,C,BTC-4JUN26-64000-C
0.0075,0.0085,69.6,0.00812568,1780406836165,110.4,41.19,68960.38,BTC-5JUN26,68966.94,0.008,68968.38,5JUN26,70000,,C,BTC-5JUN26-70000-C
1.0475,1.214,1.6,1.12330733,1780406836165,1.6,44.13,70864.79,BTC-26MAR27,68966.94,1.13075,68968.38,26MAR27,150000,,P,BTC-26MAR27-150000-P
0.008,0.009,1648.7,0.00846483,1780406836165,306.0,54.58,69613.04,BTC-25SEP26,68966.94,0.0085,68968.38,25SEP26,45000,,P,BTC-25SEP26-45000-P
,0.0001,0.0,0.0,1780406836165,0.0,60.97,68966.94,index_price,68966.94,,68968.38,3JUN26,82000,,C,BTC-3JUN26-82000-C
0.027,0.0285,86.4,0.02787301,1780406836165,3.5,41.8,70869.32,BTC-26MAR27,68966.94,0.02775,68968.38,26MAR27,110000,,C,BTC-26MAR27-110000-C
0.0004,0.0008,477.8,0.0005805,1780406836165,0.0,50.23,69608.51,BTC-25SEP26,68966.94,0.0006,68968.38,25SEP26,145000,,C,BTC-25SEP26-145000-C
0.0145,0.0155,111.3,0.01508235,1780406836165,72.7,42.32,70869.32,BTC-26MAR27,68966.94,0.015,68968.38,26MAR27,125000,,C,BTC-26MAR27-125000-C
0.094,0.098,0.0,0.09602031,1780406836165,0.0,45.5,69029.24,BTC-19JUN26,68966.94,0.096,68968.38,19JUN26,63000,,C,BTC-19JUN26-63000-C
1.065,1.225,2.1,1.13912838,1780406836165,0.0,46.53,70209.59,BTC-25DEC26,68966.94,1.145,68968.38,25DEC26,150000,,P,BTC-25DEC26-150000-P
0.0002,0.0007,828.8,0.00038483,1780406836165,0.2,53.65,69613.04,BTC-25SEP26,68966.94,0.00045,68968.38,25SEP26,160000,,C,BTC-25SEP26-160000-C
0.041,0.046,0.0,0.04392854,1780406836165,0.0,66.65,68966.94,index_price,68966.94,0.0435,68968.38,3JUN26,66000,,C,BTC-3JUN26-66000-C
0.0013,0.0015,13.5,0.00134884,1780406836165,13.7,64.34,68966.94,index_price,68966.94,0.0014,68968.38,6JUN26,62000,,P,BTC-6JUN26-62000-P
0.186,0.1915,207.3,0.1883756,1780406836165,0.2,37.23,69087.04,BTC-26JUN26,68966.94,0.18875,68968.38,26JUN26,82000,,P,BTC-26JUN26-82000-P
0.0235,0.025,186.4,0.02415588,1780406836165,0.0,40.25,70209.59,BTC-25DEC26,68966.94,0.02425,68968.38,25DEC26,98000,,C,BTC-25DEC26-98000-C
0.341,0.352,0.0,0.34505609,1780406836165,0.0,38.78,69251.44,BTC-31JUL26,68966.94,0.3465,68968.38,31JUL26,93000,,P,BTC-31JUL26-93000-P
0.055,0.119,0.0,0.08797499,1780406836165,0.0,43.23,68966.94,index_price,68966.94,0.087,68968.38,6JUN26,75000,,P,BTC-6JUN26-75000-P
0.547,0.558,0.0,0.55177391,1780406836165,0.0,40.71,70209.59,BTC-25DEC26,68966.94,0.5525,68968.38,25DEC26,108000,,P,BTC-25DEC26-108000-P
0.016,0.017,0.0,0.01632031,1780406836165,0.0,46.1,68966.94,index_price,68966.94,0.0165,68968.38,4JUN26,68500,,C,BTC-4JUN26-68500-C
0.017,0.0195,0.0,0.01837947,1780406836165,0.0,54.43,68966.94,index_price,68966.94,0.01825,68968.38,3JUN26,68000,,C,BTC-3JUN26-68000-C
0.355,0.365,0.0,0.35878662,1780406836165,0.0,38.16,69423.48,BTC-28AUG26,68966.94,0.36,68968.38,28AUG26,94000,,P,BTC-28AUG26-94000-P
0.018,0.019,621.7,0.01860371,1780406836165,24.0,37.1,69608.51,BTC-25SEP26,68966.94,0.0185,68968.38,25SEP26,86000,,C,BTC-25SEP26-86000-C
0.009,0.01,2593.1,0.00948628,1780406836165,23.2,41.44,70214.12,BTC-25DEC26,68966.94,0.0095,68968.38,25DEC26,115000,,C,BTC-25DEC26-115000-C
0.0315,0.0325,525.8,0.03199706,1780406836165,21.1,40.8,69251.44,BTC-31JUL26,68966.94,0.032,68968.38,31JUL26,64000,,P,BTC-31JUL26-64000-P
0.0018,0.0022,95.3,0.00201221,1780406836165,8.0,38.78,69251.44,BTC-31JUL26,68966.94,0.002,68968.38,31JUL26,93000,,C,BTC-31JUL26-93000-C
0.9775,1.0725,0.0,0.98466281,1780406836165,0.0,43.44,70869.32,BTC-26MAR27,68966.94,1.025,68968.38,26MAR27,140000,,P,BTC-26MAR27-140000-P
0.0315,0.0405,0.0,0.03511745,1780406836165,0.0,39.64,68966.94,index_price,68966.94,0.036,68968.38,6JUN26,71000,,P,BTC-6JUN26-71000-P
0.085,0.0925,0.0,0.08842498,1780406836165,0.0,61.02,68966.94,index_price,68966.94,0.08875,68968.38,6JUN26,63000,,C,BTC-6JUN26-63000-C
0.21,0.2145,933.3,0.21278498,1780406836165,0.9,41.25,70214.12,BTC-25DEC26,68966.94,0.21225,68968.38,25DEC26,80000,,P,BTC-25DEC26-80000-P
0.0245,0.0255,135.6,0.02488503,1780406836165,1.3,45.47,69613.04,BTC-25SEP26,68966.94,0.025,68968.38,25SEP26,56000,,P,BTC-25SEP26-56000-P
0.1485,0.152,83.2,0.14972308,1780406836165,15.5,43.84,70864.79,BTC-26MAR27,68966.94,0.15025,68968.38,26MAR27,70000,,P,BTC-26MAR27-70000-P
0.065,0.0685,26.1,0.06621206,1780406836165,1.1,45.17,68966.94,index_price,68966.94,0.06675,68968.38,4JUN26,73500,,P,BTC-4JUN26-73500-P
0.244,0.251,15.2,0.24718943,1780406836165,0.0,36.89,69251.44,BTC-31JUL26,68966.94,0.2475,68968.38,31JUL26,86000,,P,BTC-31JUL26-86000-P
0.0011,0.0013,57.7,0.00126012,1780406836165,61.6,42.33,68966.94,index_price,68966.94,0.0012,68968.38,3JUN26,70500,,C,BTC-3JUN26-70500-C
0.2055,0.208,0.5,0.20665691,1780406836165,0.2,45.16,70869.32,BTC-26MAR27,68966.94,0.20675,68968.38,26MAR27,64000,,C,BTC-26MAR27-64000-C
0.2305,0.234,157.8,0.23266067,1780406836165,0.0,40.91,70209.59,BTC-25DEC26,68966.94,0.23225,68968.38,25DEC26,82000,,P,BTC-25DEC26-82000-P
0.0285,0.0295,16.4,0.0290975,1780406836165,1.5,36.55,69418.95,BTC-28AUG26,68966.94,0.029,68968.38,28AUG26,78000,,C,BTC-28AUG26-78000-C
0.0004,0.0005,722.9,0.00043045,1780406836165,31.9,42.68,68960.38,BTC-5JUN26,68966.94,0.00045,68968.38,5JUN26,74000,,C,BTC-5JUN26-74000-C
0.007,0.008,5074.2,0.00751136,1780406836165,1492.0,48.91,69087.04,BTC-26JUN26,68966.94,0.0075,68968.38,26JUN26,60000,,P,BTC-26JUN26-60000-P
0.3175,0.3255,596.1,0.32115334,1780406836165,0.0,40.23,70209.59,BTC-25DEC26,68966.94,0.3215,68968.38,25DEC26,90000,,P,BTC-25DEC26-90000-P
0.0015,0.0018,44.9,0.00161155,1780406836165,0.0,39.57,69251.44,BTC-31JUL26,68966.94,0.00165,68968.38,31JUL26,95000,,C,BTC-31JUL26-95000-C
0.0055,0.006,20.4,0.00574146,1780406836165,0.2,37.7,69418.95,BTC-28AUG26,68966.94,0.00575,68968.38,28AUG26,92000,,C,BTC-28AUG26-92000-C
0.3385,0.342,11.8,0.34045407,1780406836165,0.0,49.56,70869.32,BTC-26MAR27,68966.94,0.34025,68968.38,26MAR27,50000,,C,BTC-26MAR27-50000-C
0.13,0.1355,0.0,0.13229443,1780406836165,0.0,37.03,69024.71,BTC-19JUN26,68966.94,0.13275,68968.38,19JUN26,78000,,P,BTC-19JUN26-78000-P
0.1415,0.1475,491.3,0.14394121,1780406836165,1.2,35.9,69251.44,BTC-31JUL26,68966.94,0.1445,68968.38,31JUL26,78000,,P,BTC-31JUL26-78000-P
0.162,0.1685,0.0,0.1638409,1780406836165,0.0,36.47,69418.95,BTC-28AUG26,68966.94,0.16525,68968.38,28AUG26,79000,,P,BTC-28AUG26-79000-P
1.4775,1.664,0.0,1.5649968,1780406836165,0.0,50.38,70209.59,BTC-25DEC26,68966.94,1.57075,68968.38,25DEC26,180000,,P,BTC-25DEC26-180000-P
0.2735,0.2805,0.0,0.2767034,1780406836165,0.0,37.1,69418.95,BTC-28AUG26,68966.94,0.277,68968.38,28AUG26,88000,,P,BTC-28AUG26-88000-P
,0.0001,1180.5,4.6e-07,1780406836165,0.0,85.89,69087.04,BTC-26JUN26,68966.94,,68968.38,26JUN26,180000,,C,BTC-26JUN26-180000-C
0.372,0.38,982.9,0.37532694,1780406836165,25.4,48.85,69087.04,BTC-26JUN26,68966.94,0.376,68968.38,26JUN26,95000,,P,BTC-26JUN26-95000-P
0.4115,0.424,0.1,0.41642848,1780406836165,0.0,40.77,69251.44,BTC-31JUL26,68966.94,0.41775,68968.38,31JUL26,98000,,P,BTC-31JUL26-98000-P
0.383,0.393,0.0,0.38678577,1780406836165,0.0,38.7,69418.95,BTC-28AUG26,68966.94,0.388,68968.38,28AUG26,96000,,P,BTC-28AUG26-96000-P
0.0105,0.0115,104.3,0.01109091,1780406836165,57.3,36.58,69418.95,BTC-28AUG26,68966.94,0.011,68968.38,28AUG26,86000,,C,BTC-28AUG26-86000-C
0.1095,0.113,215.6,0.11078977,1780406836165,5.1,36.25,69251.44,BTC-31JUL26,68966.94,0.11125,68968.38,31JUL26,75000,,P,BTC-31JUL26-75000-P
0.0095,0.01,2110.5,0.00967755,1780406836165,0.1,62.2,70214.12,BTC-25DEC26,68966.94,0.00975,68968.38,25DEC26,35000,,P,BTC-25DEC26-35000-P
0.021,0.022,32.5,0.02149675,1780406836165,34.6,40.57,69024.71,BTC-19JUN26,68966.94,0.0215,68968.38,19JUN26,67000,,P,BTC-19JUN26-67000-P
0.031,0.032,0.0,0.03126323,1780406836165,0.0,46.71,68966.94,index_price,68966.94,0.0315,68968.38,6JUN26,67500,,C,BTC-6JUN26-67500-C
0.1565,0.1635,5.7,0.15973204,1780406836165,0.0,41.82,69005.64,BTC-12JUN26,68966.94,0.16,68968.38,12JUN26,80000,,P,BTC-12JUN26-80000-P
1.0825,1.2365,0.7,1.15539313,1780406836165,0.0,51.2,69613.04,BTC-25SEP26,68966.94,1.1595,68968.38,25SEP26,150000,,P,BTC-25SEP26-150000-P
0.0455,0.047,1918.9,0.04603702,1780406836165,8.3,49.56,70869.32,BTC-26MAR27,68966.94,0.04625,68968.38,26MAR27,50000,,P,BTC-26MAR27-50000-P
0.0865,0.0895,370.7,0.08789311,1780406836165,1.2,46.57,68961.07,BTC-5JUN26,68966.94,0.088,68968.38,5JUN26,75000,,P,BTC-5JUN26-75000-P
0.0025,0.003,173.0,0.00268647,1780406836165,0.4,47.95,70869.32,BTC-26MAR27,68966.94,0.00275,68968.38,26MAR27,190000,,C,BTC-26MAR27-190000-C
0.0032,0.0034,1800.7,0.00329889,1780406836165,284.8,57.19,69087.04,BTC-26JUN26,68966.94,0.0033,68968.38,26JUN26,55000,,P,BTC-26JUN26-55000-P
0.1195,0.1235,480.9,0.12141917,1780406836165,0.2,36.13,69246.91,BTC-31JUL26,68966.94,0.1215,68968.38,31JUL26,76000,,P,BTC-31JUL26-76000-P
0.0115,0.013,2880.7,0.0122393,1780406836165,3.2,40.95,70214.12,BTC-25DEC26,68966.94,0.01225,68968.38,25DEC26,110000,,C,BTC-25DEC26-110000-C
0.0007,0.0008,354.4,0.00079666,1780406836165,0.0,44.11,69251.44,BTC-31JUL26,68966.94,0.00075,68968.38,31JUL26,104000,,C,BTC-31JUL26-104000-C
0.2285,0.2385,0.0,0.23185315,1780406836165,0.0,42.69,69024.71,BTC-19JUN26,68966.94,0.2335,68968.38,19JUN26,85000,,P,BTC-19JUN26-85000-P
0.2765,0.285,4.7,0.27963347,1780406836165,0.0,37.29,69608.51,BTC-25SEP26,68966.94,0.28075,68968.38,25SEP26,88000,,P,BTC-25SEP26-88000-P
2.3565,2.5995,0.1,2.4738878,1780406836165,0.0,89.88,69087.04,BTC-26JUN26,68966.94,2.478,68968.38,26JUN26,240000,,P,BTC-26JUN26-240000-P
0.1335,0.1375,0.0,0.13534498,1780406836165,0.0,50.38,69024.71,BTC-19JUN26,68966.94,0.1355,68968.38,19JUN26,60000,,C,BTC-19JUN26-60000-C
0.1415,0.186,0.0,0.14562215,1780406836165,0.0,60.97,68966.94,index_price,68966.94,0.16375,68968.38,3JUN26,79000,,P,BTC-3JUN26-79000-P
0.1955,0.2005,14.3,0.19784058,1780406836165,0.0,42.93,70869.32,BTC-26MAR27,68966.94,0.198,68968.38,26MAR27,76000,,P,BTC-26MAR27-76000-P
0.0495,0.05,852.7,0.04942447,1780406836165,33.2,37.62,69608.51,BTC-25SEP26,68966.94,0.04975,68968.38,25SEP26,76000,,C,BTC-25SEP26-76000-C
0.158,0.1635,0.0,0.16028327,1780406836165,0.0,38.29,69029.24,BTC-19JUN26,68966.94,0.16075,68968.38,19JUN26,80000,,P,BTC-19JUN26-80000-P
0.0475,0.0485,1108.2,0.04806485,1780406836165,14.5,39.32,69087.04,BTC-26JUN26,68966.94,0.048,68968.38,26JUN26,68000,,C,BTC-26JUN26-68000-C
0.009,0.01,18.5,0.00976294,1780406836165,18.7,46.1,68966.94,index_price,68966.94,0.0095,68968.38,4JUN26,68500,,P,BTC-4JUN26-68500-P
0.0023,0.0025,1616.5,0.00240746,1780406836165,52.3,40.74,69613.04,BTC-25SEP26,68966.94,0.0024,68968.38,25SEP26,110000,,C,BTC-25SEP26-110000-C
0.064,0.0655,189.5,0.06472622,1780406836165,1.5,40.91,70209.59,BTC-25DEC26,68966.94,0.06475,68968.38,25DEC26,82000,,C,BTC-25DEC26-82000-C
0.0001,0.0002,1532.8,0.00015251,1780406836165,0.1,59.07,69086.34,BTC-26JUN26,68966.94,0.00015,68968.38,26JUN26,105000,,C,BTC-26JUN26-105000-C
,0.0002,34.0,1.425e-05,1780406836165,0.3,52.61,68966.94,index_price,68966.94,,68968.38,4JUN26,77000,,C,BTC-4JUN26-77000-C
0.057,0.06,702.0,0.05816572,1780406836165,77.7,36.77,69024.71,BTC-19JUN26,68966.94,0.0585,68968.38,19JUN26,72000,,P,BTC-19JUN26-72000-P
0.018,0.019,2888.5,0.01855384,1780406836165,563.5,42.15,69087.04,BTC-26JUN26,68966.94,0.0185,68968.38,26JUN26,65000,,P,BTC-26JUN26-65000-P
0.022,0.0225,2616.6,0.02240166,1780406836165,10.9,46.03,69613.04,BTC-25SEP26,68966.94,0.02225,68968.38,25SEP26,55000,,P,BTC-25SEP26-55000-P
0.85,0.864,52.1,0.85665708,1780406836165,0.0,43.52,70214.12,BTC-25DEC26,68966.94,0.857,68968.38,25DEC26,130000,,P,BTC-25DEC26-130000-P
0.0145,0.016,192.0,0.0151785,1780406836165,53.6,40.62,70209.59,BTC-25DEC26,68966.94,0.01525,68968.38,25DEC26,106000,,C,BTC-25DEC26-106000-C
0.578,0.5805,245.8,0.57872998,1780406836165,0.0,67.02,70214.12,BTC-25DEC26,68966.94,0.57925,68968.38,25DEC26,30000,,C,BTC-25DEC26-30000-C
0.0011,0.0015,919.4,0.00123826,1780406836165,5.2,50.38,70214.12,BTC-25DEC26,68966.94,0.0013,68968.38,25DEC26,180000,,C,BTC-25DEC26-180000-C
0.025,0.026,98.9,0.02565813,1780406836165,111.3,39.37,69005.64,BTC-12JUN26,68966.94,0.0255,68968.38,12JUN26,69000,,P,BTC-12JUN26-69000-P
0.052,0.053,304.7,0.0526317,1780406836165,13.0,38.62,69251.44,BTC-31JUL26,68966.94,0.0525,68968.38,31JUL26,68000,,P,BTC-31JUL26-68000-P
0.122,0.1235,107.7,0.12276122,1780406836165,2.3,38.06,69608.51,BTC-25SEP26,68966.94,0.12275,68968.38,25SEP26,74000,,P,BTC-25SEP26-74000-P
0.52,0.531,0.1,0.52494741,1780406836165,0.0,40.62,70209.59,BTC-25DEC26,68966.94,0.5255,68968.38,25DEC26,106000,,P,BTC-25DEC26-106000-P
0.2215,0.2295,0.0,0.22431156,1780406836165,0.0,36.57,69418.95,BTC-28AUG26,68966.94,0.2255,68968.38,28AUG26,84000,,P,BTC-28AUG26-84000-P
0.3125,0.319,0.2,0.31521935,1780406836165,0.0,41.88,70864.79,BTC-26MAR27,68966.94,0.31575,68968.38,26MAR27,88000,,P,BTC-26MAR27-88000-P
2.217,2.4495,6.4,2.32914248,1780406836165,0.0,89.15,69087.04,BTC-26JUN26,68966.94,2.33325,68968.38,26JUN26,230000,,P,BTC-26JUN26-230000-P
1.098,1.25,2.3,1.17118905,1780406836165,0.0,82.82,69087.04,BTC-26JUN26,68966.94,1.174,68968.38,26JUN26,150000,,P,BTC-26JUN26-150000-P
,0.0002,1313.6,9.378e-05,1780406836165,12.6,61.98,69086.34,BTC-26JUN26,68966.94,,68968.38,26JUN26,110000,,C,BTC-26JUN26-110000-C
0.111,0.115,12.3,0.11324748,1780406836165,0.5,45.92,69087.04,BTC-26JUN26,68966.94,0.113,68968.38,26JUN26,62000,,C,BTC-26JUN26-62000-C
0.0005,0.0007,18.2,0.00060832,1780406836165,17.3,41.8,68960.38,BTC-5JUN26,68966.94,0.0006,68968.38,5JUN26,73500,,C,BTC-5JUN26-73500-C
0.0032,0.0036,133.0,0.0033627,1780406836165,3.7,37.49,69246.91,BTC-31JUL26,68966.94,0.0034,68968.38,31JUL26,89000,,C,BTC-31JUL26-89000-C
,0.0001,651.0,8.81e-06,1780406836165,0.0,79.3,69087.04,BTC-26JUN26,68966.94,,68968.38,26JUN26,145000,,C,BTC-26JUN26-145000-C
,0.0001,198.4,0.0,1780406836165,0.0,91.06,69087.04,BTC-26JUN26,68966.94,,68968.38,26JUN26,260000,,C,BTC-26JUN26-260000-C
0.074,0.076,664.5,0.07506008,1780406836165,41.9,44.55,70214.12,BTC-25DEC26,68966.94,0.075,68968.38,25DEC26,62000,,P,BTC-25DEC26-62000-P
0.3605,0.3635,148.4,0.3619916,1780406836165,0.4,54.58,69613.04,BTC-25SEP26,68966.94,0.362,68968.38,25SEP26,45000,,C,BTC-25SEP26-45000-C
0.2285,0.238,0.0,0.23193824,1780406836166,0.0,49.78,69005.64,BTC-12JUN26,68966.94,0.23325,68968.38,12JUN26,85000,,P,BTC-12JUN26-85000-P
0.1395,0.184,0.0,0.14572774,1780406836166,0.0,59.12,68966.94,index_price,68966.94,0.16175,68968.38,4JUN26,79000,,P,BTC-4JUN26-79000-P
0.002,0.0024,311.0,0.00220189,1780406836166,11.4,48.71,70869.32,BTC-26MAR27,68966.94,0.0022,68968.38,26MAR27,200000,,C,BTC-26MAR27-200000-C
0.013,0.014,14.8,0.01342102,1780406836166,15.7,41.77,68966.94,index_price,68966.94,0.0135,68968.38,6JUN26,69500,,C,BTC-6JUN26-69500-C
0.3835,0.395,0.1,0.38781443,1780406836166,0.0,39.96,69251.44,BTC-31JUL26,68966.94,0.38925,68968.38,31JUL26,96000,,P,BTC-31JUL26-96000-P
,0.0001,4041.0,1.892e-05,1780406836166,36.1,144.1,69087.04,BTC-26JUN26,68966.94,,68968.38,26JUN26,20000,,P,BTC-26JUN26-20000-P
0.99,1.0665,0.2,0.99748768,1780406836166,0.0,44.77,70214.12,BTC-25DEC26,68966.94,1.02825,68968.38,25DEC26,140000,,P,BTC-25DEC26-140000-P
0.7895,0.8055,21.6,0.79685692,1780406836166,0.0,44.69,69613.04,BTC-25SEP26,68966.94,0.7975,68968.38,25SEP26,125000,,P,BTC-25SEP26-125000-P
0.171,0.178,0.1,0.17412499,1780406836166,0.0,43.11,69005.64,BTC-12JUN26,68966.94,0.1745,68968.38,12JUN26,81000,,P,BTC-12JUN26-81000-P
0.0245,0.0255,125.0,0.02521762,1780406836166,130.2,40.79,68966.94,index_price,68966.94,0.025,68968.38,6JUN26,70000,,P,BTC-6JUN26-70000-P
0.3275,0.3375,1.0,0.33103792,1780406836166,0.0,37.7,69418.95,BTC-28AUG26,68966.94,0.3325,68968.38,28AUG26,92000,,P,BTC-28AUG26-92000-P
0.474,0.5145,0.0,0.47896417,1780406836166,0.0,41.75,70869.32,BTC-26MAR27,68966.94,0.49425,68968.38,26MAR27,102000,,P,BTC-26MAR27-102000-P
0.12,0.1235,24.3,0.1215835,1780406836166,0.0,36.93,69418.95,BTC-28AUG26,68966.94,0.12175,68968.38,28AUG26,75000,,P,BTC-28AUG26-75000-P
0.0002,0.0003,1014.6,0.00025542,1780406836166,344.4,51.54,68960.38,BTC-5JUN26,68966.94,0.00025,68968.38,5JUN26,76000,,C,BTC-5JUN26-76000-C
0.205,0.2085,220.5,0.2071996,1780406836166,0.0,57.19,69087.04,BTC-26JUN26,68966.94,0.20675,68968.38,26JUN26,55000,,C,BTC-26JUN26-55000-C
0.0505,0.052,60.7,0.05136955,1780406836166,0.0,41.69,70869.32,BTC-26MAR27,68966.94,0.05125,68968.38,26MAR27,96000,,C,BTC-26MAR27-96000-C
0.41,0.419,0.1,0.41414769,1780406836166,0.0,38.66,69613.04,BTC-25SEP26,68966.94,0.4145,68968.38,25SEP26,98000,,P,BTC-25SEP26-98000-P
0.4295,0.432,31.4,0.43079507,1780406836166,0.0,60.43,69613.04,BTC-25SEP26,68966.94,0.43075,68968.38,25SEP26,40000,,C,BTC-25SEP26-40000-C
0.032,0.033,0.6,0.0327065,1780406836166,0.1,36.64,69418.95,BTC-28AUG26,68966.94,0.0325,68968.38,28AUG26,77000,,C,BTC-28AUG26-77000-C
0.0645,0.0685,7.1,0.06656217,1780406836166,4.1,45.25,69005.64,BTC-12JUN26,68966.94,0.0665,68968.38,12JUN26,65000,,C,BTC-12JUN26-65000-C
0.0003,0.0006,320.2,0.00039176,1780406836166,0.0,51.97,69608.51,BTC-25SEP26,68966.94,0.00045,68968.38,25SEP26,155000,,C,BTC-25SEP26-155000-C
0.197,0.2045,0.0,0.19944377,1780406836166,0.0,36.55,69423.48,BTC-28AUG26,68966.94,0.20075,68968.38,28AUG26,82000,,P,BTC-28AUG26-82000-P
0.032,0.033,3471.8,0.03244928,1780406836166,396.3,37.78,69087.04,BTC-26JUN26,68966.94,0.0325,68968.38,26JUN26,70000,,C,BTC-26JUN26-70000-C
0.011,0.0115,175.8,0.01133946,1780406836166,63.6,43.66,69005.64,BTC-12JUN26,68966.94,0.01125,68968.38,12JUN26,66000,,P,BTC-12JUN26-66000-P
0.124,0.1265,1082.9,0.12534974,1780406836166,500.8,42.59,70214.12,BTC-25DEC26,68966.94,0.12525,68968.38,25DEC26,70000,,P,BTC-25DEC26-70000-P
0.076,0.077,600.4,0.07654228,1780406836166,53.4,39.7,69613.04,BTC-25SEP26,68966.94,0.0765,68968.38,25SEP26,68000,,P,BTC-25SEP26-68000-P
0.0005,0.0007,102.1,0.00059236,1780406836166,194.8,42.5,68966.94,index_price,68966.94,0.0006,68968.38,3JUN26,71000,,C,BTC-3JUN26-71000-C
0.058,0.061,554.0,0.05939471,1780406836166,9.1,40.43,68960.38,BTC-5JUN26,68966.94,0.0595,68968.38,5JUN26,73000,,P,BTC-5JUN26-73000-P
0.0003,0.0005,1338.0,0.00040248,1780406836166,605.8,41.82,69010.17,BTC-12JUN26,68966.94,0.0004,68968.38,12JUN26,80000,,C,BTC-12JUN26-80000-C
0.0055,0.0065,623.5,0.00600301,1780406836166,2.7,42.63,70214.12,BTC-25DEC26,68966.94,0.006,68968.38,25DEC26,125000,,C,BTC-25DEC26-125000-C
0.053,0.0545,72.3,0.05380423,1780406836166,0.2,41.74,70869.32,BTC-26MAR27,68966.94,0.05375,68968.38,26MAR27,95000,,C,BTC-26MAR27-95000-C
0.1275,0.1295,1017.7,0.12833253,1780406836166,447.8,42.59,70214.12,BTC-25DEC26,68966.94,0.1285,68968.38,25DEC26,70000,,C,BTC-25DEC26-70000-C
0.0145,0.0155,207.9,0.01501923,1780406836166,35.0,35.9,69251.44,BTC-31JUL26,68966.94,0.015,68968.38,31JUL26,79000,,C,BTC-31JUL26-79000-C
0.006,0.0065,1626.0,0.00602307,1780406836166,5.8,67.02,70209.59,BTC-25DEC26,68966.94,0.00625,68968.38,25DEC26,30000,,P,BTC-25DEC26-30000-P
0.0005,0.0009,1116.8,0.00068347,1780406836166,0.3,49.05,69613.04,BTC-25SEP26,68966.94,0.0007,68968.38,25SEP26,140000,,C,BTC-25SEP26-140000-C
0.0205,0.022,2426.6,0.02135551,1780406836166,90.0,40.26,70209.59,BTC-25DEC26,68966.94,0.02125,68968.38,25DEC26,100000,,C,BTC-25DEC26-100000-C
0.041,0.0495,0.0,0.04537113,1780406836166,0.0,56.31,68966.94,index_price,68966.94,0.04525,68968.38,4JUN26,66000,,C,BTC-4JUN26-66000-C
1.4985,1.6815,7.3,1.58608179,1780406836166,0.0,56.38,69613.04,BTC-25SEP26,68966.94,1.59,68968.38,25SEP26,180000,,P,BTC-25SEP26-180000-P
0.0995,0.103,148.1,0.10078235,1780406836166,3.7,36.49,69246.91,BTC-31JUL26,68966.94,0.10125,68968.38,31JUL26,74000,,P,BTC-31JUL26-74000-P
0.2305,0.2375,21.8,0.23355278,1780406836166,5.1,36.64,69251.44,BTC-31JUL26,68966.94,0.234,68968.38,31JUL26,85000,,P,BTC-31JUL26-85000-P
0.097,0.0995,85.0,0.09805617,1780406836166,0.0,45.61,70869.32,BTC-26MAR27,68966.94,0.09825,68968.38,26MAR27,62000,,P,BTC-26MAR27-62000-P
0.0665,0.0705,110.8,0.06871727,1780406836166,5.5,36.39,69024.71,BTC-19JUN26,68966.94,0.0685,68968.38,19JUN26,73000,,P,BTC-19JUN26-73000-P
0.2025,0.206,6.2,0.20360871,1780406836166,0.0,67.68,68960.38,BTC-5JUN26,68966.94,0.20425,68968.38,5JUN26,83000,,P,BTC-5JUN26-83000-P
0.465,0.4765,0.4,0.46980168,1780406836166,0.0,39.29,69613.04,BTC-25SEP26,68966.94,0.47075,68968.38,25SEP26,102000,,P,BTC-25SEP26-102000-P
,0.0001,308.5,0.0,1780406836166,0.0,95.76,69087.04,BTC-26JUN26,68966.94,,68968.38,26JUN26,300000,,C,BTC-26JUN26-300000-C
0.0595,0.062,0.0,0.06100124,1780406836166,0.0,41.62,69024.71,BTC-19JUN26,68966.94,0.06075,68968.38,19JUN26,66000,,C,BTC-19JUN26-66000-C
,0.0001,13.3,1.222e-05,1780406836166,1.5,57.43,68966.94,index_price,68966.94,,68968.38,4JUN26,78000,,C,BTC-4JUN26-78000-C
0.027,0.03,14.2,0.02800647,1780406836166,17.7,40.17,68960.38,BTC-5JUN26,68966.94,0.0285,68968.38,5JUN26,70500,,P,BTC-5JUN26-70500-P
0.0001,0.0003,73.1,0.00016985,1780406836166,117.9,52.38,68966.94,index_price,68966.94,0.0002,68968.38,3JUN26,72500,,C,BTC-3JUN26-72500-C
0.0715,0.0785,0.0,0.07472233,1780406836166,0.0,57.63,68966.94,index_price,68966.94,0.075,68968.38,6JUN26,64000,,C,BTC-6JUN26-64000-C
0.0155,0.0165,829.0,0.01597314,1780406836166,26.4,40.5,70214.12,BTC-25DEC26,68966.94,0.016,68968.38,25DEC26,105000,,C,BTC-25DEC26-105000-C
,0.0001,33.5,3.704e-05,1780406836166,16.0,51.3,68966.94,index_price,68966.94,,68968.38,4JUN26,76000,,C,BTC-4JUN26-76000-C
0.011,0.0115,14.7,0.01118688,1780406836166,14.7,42.32,68960.38,BTC-5JUN26,68966.94,0.01125,68968.38,5JUN26,69500,,C,BTC-5JUN26-69500-C
0.056,0.0575,129.3,0.0566373,1780406836166,2.5,45.99,70214.12,BTC-25DEC26,68966.94,0.05675,68968.38,25DEC26,58000,,P,BTC-25DEC26-58000-P
0.1535,0.1595,172.9,0.15588446,1780406836166,0.0,35.9,69251.44,BTC-31JUL26,68966.94,0.1565,68968.38,31JUL26,79000,,P,BTC-31JUL26-79000-P
0.098,0.1065,0.0,0.10236616,1780406836166,0.0,64.34,68966.94,index_price,68966.94,0.10225,68968.38,6JUN26,62000,,C,BTC-6JUN26-62000-C
0.0325,0.0335,1656.6,0.03312636,1780406836166,168.6,38.44,69005.64,BTC-12JUN26,68966.94,0.033,68968.38,12JUN26,70000,,P,BTC-12JUN26-70000-P
1.013,1.1625,0.2,1.08366093,1780406836166,0.0,50.23,69608.51,BTC-25SEP26,68966.94,1.08775,68968.38,25SEP26,145000,,P,BTC-25SEP26-145000-P
0.0048,0.0055,505.3,0.00501871,1780406836166,505.4,49.38,69005.64,BTC-12JUN26,68966.94,0.00515,68968.38,12JUN26,63000,,P,BTC-12JUN26-63000-P
0.1285,0.134,70.4,0.13109813,1780406836166,0.0,39.36,69005.64,BTC-12JUN26,68966.94,0.13125,68968.38,12JUN26,78000,,P,BTC-12JUN26-78000-P
0.51,0.5195,0.0,0.51442724,1780406836166,0.0,41.49,69418.95,BTC-28AUG26,68966.94,0.51475,68968.38,28AUG26,105000,,P,BTC-28AUG26-105000-P
,0.0001,1131.0,4.494e-05,1780406836166,28.0,54.83,69005.64,BTC-12JUN26,68966.94,,68968.38,12JUN26,90000,,C,BTC-12JUN26-90000-C
0.3655,0.3735,5.2,0.369648,1780406836166,0.0,40.21,70214.12,BTC-25DEC26,68966.94,0.3695,68968.38,25DEC26,94000,,P,BTC-25DEC26-94000-P
0.041,0.042,289.2,0.04123314,1780406836166,56.1,39.62,69251.44,BTC-31JUL26,68966.94,0.0415,68968.38,31JUL26,66000,,P,BTC-31JUL26-66000-P
0.0005,0.0009,226.6,0.00070147,1780406836166,0.0,55.74,70209.59,BTC-25DEC26,68966.94,0.0007,68968.38,25DEC26,220000,,C,BTC-25DEC26-220000-C
0.067,0.133,0.0,0.10228032,1780406836166,0.0,45.22,68966.94,index_price,68966.94,0.1,68968.38,6JUN26,76000,,P,BTC-6JUN26-76000-P
0.1045,0.1065,924.2,0.10511998,1780406836166,1.1,42.48,70869.32,BTC-26MAR27,68966.94,0.1055,68968.38,26MAR27,80000,,C,BTC-26MAR27-80000-C
1.4295,1.6075,0.2,1.51427864,1780406836166,0.0,55.57,69613.04,BTC-25SEP26,68966.94,1.5185,68968.38,25SEP26,175000,,P,BTC-25SEP26-175000-P
0.0405,0.0415,1.7,0.04117877,1780406836166,0.7,36.93,69418.95,BTC-28AUG26,68966.94,0.041,68968.38,28AUG26,75000,,C,BTC-28AUG26-75000-C
0.03,0.0315,75.4,0.03079632,1780406836166,0.8,40.21,70214.12,BTC-25DEC26,68966.94,0.03075,68968.38,25DEC26,94000,,C,BTC-25DEC26-94000-C
0.017,0.0175,0.7,0.01708829,1780406836166,0.7,42.71,68966.94,index_price,68966.94,0.01725,68968.38,6JUN26,69000,,C,BTC-6JUN26-69000-C
0.0565,0.058,113.9,0.0572599,1780406836166,114.0,37.6,69418.95,BTC-28AUG26,68966.94,0.05725,68968.38,28AUG26,72000,,C,BTC-28AUG26-72000-C
0.2185,0.222,9.2,0.220385,1780406836166,1.0,45.47,69613.04,BTC-25SEP26,68966.94,0.22025,68968.38,25SEP26,56000,,C,BTC-25SEP26-56000-C
0.1525,0.155,14.3,0.15374882,1780406836166,1.0,42.03,69608.51,BTC-25SEP26,68966.94,0.15375,68968.38,25SEP26,62000,,C,BTC-25SEP26-62000-C
0.0145,0.015,390.4,0.01468803,1780406836166,317.2,45.51,69251.44,BTC-31JUL26,68966.94,0.01475,68968.38,31JUL26,58000,,P,BTC-31JUL26-58000-P
,0.0001,32.9,1.32e-06,1780406836166,29.0,55.59,68966.94,index_price,68966.94,,68968.38,3JUN26,75500,,C,BTC-3JUN26-75500-C
0.078,0.08,0.0,0.07910759,1780406836166,0.0,39.12,69246.91,BTC-31JUL26,68966.94,0.079,68968.38,31JUL26,67000,,C,BTC-31JUL26-67000-C
0.084,0.0855,1276.3,0.08476291,1780406836166,133.6,39.1,69613.04,BTC-25SEP26,68966.94,0.08475,68968.38,25SEP26,70000,,C,BTC-25SEP26-70000-C
2.609,2.871,0.0,2.73518865,1780406836166,0.0,61.4,69613.04,BTC-25SEP26,68966.94,2.74,68968.38,25SEP26,260000,,P,BTC-25SEP26-260000-P
,0.0001,176.0,2.73e-06,1780406836166,0.0,85.89,69087.04,BTC-26JUN26,68966.94,,68968.38,26JUN26,165000,,C,BTC-26JUN26-165000-C
0.14,0.1445,3.8,0.14192202,1780406836166,0.5,36.64,69418.95,BTC-28AUG26,68966.94,0.14225,68968.38,28AUG26,77000,,P,BTC-28AUG26-77000-P
0.1475,0.2015,0.0,0.1602267,1780406836166,0.0,59.23,68966.94,index_price,68966.94,0.1745,68968.38,4JUN26,80000,,P,BTC-4JUN26-80000-P
0.0045,0.0048,994.0,0.00460646,1780406836166,940.6,50.38,69024.71,BTC-19JUN26,68966.94,0.00465,68968.38,19JUN26,60000,,P,BTC-19JUN26-60000-P
0.022,0.0225,1320.7,0.02243525,1780406836166,247.6,41.17,69087.04,BTC-26JUN26,68966.94,0.02225,68968.38,26JUN26,66000,,P,BTC-26JUN26-66000-P
0.574,0.5855,53.3,0.57898063,1780406836166,0.0,40.95,70209.59,BTC-25DEC26,68966.94,0.57975,68968.38,25DEC26,110000,,P,BTC-25DEC26-110000-P
0.058,0.0595,1.5,0.05865028,1780406836166,0.8,39.19,69418.95,BTC-28AUG26,68966.94,0.05875,68968.38,28AUG26,67000,,P,BTC-28AUG26-67000-P
0.0004,0.0006,87.8,0.00048631,1780406836166,86.6,72.23,68966.94,index_price,68966.94,0.0005,68968.38,3JUN26,65000,,P,BTC-3JUN26-65000-P
0.1445,0.148,86.8,0.14572595,1780406836166,0.1,63.53,68960.38,BTC-5JUN26,68966.94,0.14625,68968.38,5JUN26,79000,,P,BTC-5JUN26-79000-P
0.008,0.0085,30.1,0.00832505,1780406836166,31.4,46.97,68966.94,index_price,68966.94,0.00825,68968.38,3JUN26,69000,,C,BTC-3JUN26-69000-C
0.78,0.794,8.5,0.78639088,1780406836166,0.0,42.63,70214.12,BTC-25DEC26,68966.94,0.787,68968.38,25DEC26,125000,,P,BTC-25DEC26-125000-P
0.4395,0.4525,0.0,0.44510984,1780406836166,0.0,41.62,69246.91,BTC-31JUL26,68966.94,0.446,68968.38,31JUL26,100000,,P,BTC-31JUL26-100000-P
0.0026,0.0028,108.2,0.00270446,1780406836166,108.5,57.63,68966.94,index_price,68966.94,0.0027,68968.38,6JUN26,64000,,P,BTC-6JUN26-64000-P
0.044,0.0465,28.8,0.04500126,1780406836166,42.0,40.66,68966.94,index_price,68966.94,0.04525,68968.38,4JUN26,72000,,P,BTC-4JUN26-72000-P
0.525,0.5385,0.0,0.53141958,1780406836166,0.0,44.59,69246.91,BTC-31JUL26,68966.94,0.53175,68968.38,31JUL26,106000,,P,BTC-31JUL26-106000-P
0.5745,0.5935,1.2,0.58015551,1780406836166,0.0,41.8,70869.32,BTC-26MAR27,68966.94,0.584,68968.38,26MAR27,110000,,P,BTC-26MAR27-110000-P
0.302,0.3095,597.8,0.30555746,1780406836166,1.2,37.36,69613.04,BTC-25SEP26,68966.94,0.30575,68968.38,25SEP26,90000,,P,BTC-25SEP26-90000-P
3.442,3.764,0.1,3.59714708,1780406836166,0.0,66.78,69613.04,BTC-25SEP26,68966.94,3.603,68968.38,25SEP26,320000,,P,BTC-25SEP26-320000-P
0.178,0.1845,110.8,0.18073389,1780406836166,0.0,35.97,69251.44,BTC-31JUL26,68966.94,0.18125,68968.38,31JUL26,81000,,P,BTC-31JUL26-81000-P
0.175,0.1775,7.2,0.1760799,1780406836166,0.1,44.29,70869.32,BTC-26MAR27,68966.94,0.17625,68968.38,26MAR27,68000,,C,BTC-26MAR27-68000-C
0.2715,0.281,2.0,0.27469567,1780406836166,0.0,37.21,69251.44,BTC-31JUL26,68966.94,0.27625,68968.38,31JUL26,88000,,P,BTC-31JUL26-88000-P
0.1155,0.119,250.7,0.11679271,1780406836166,1.5,55.76,68960.38,BTC-5JUN26,68966.94,0.11725,68968.38,5JUN26,77000,,P,BTC-5JUN26-77000-P
0.008,0.009,154.3,0.00853552,1780406836166,16.0,37.67,69613.04,BTC-25SEP26,68966.94,0.0085,68968.38,25SEP26,94000,,C,BTC-25SEP26-94000-C
0.104,0.141,0.0,0.10948683,1780406836166,0.0,51.68,68966.94,index_price,68966.94,0.1225,68968.38,4JUN26,76500,,P,BTC-4JUN26-76500-P
2.4965,2.7495,0.0,2.61863312,1780406836166,0.0,90.33,69087.04,BTC-26JUN26,68966.94,2.623,68968.38,26JUN26,250000,,P,BTC-26JUN26-250000-P
0.0003,0.0004,40.8,0.00035895,1780406836166,43.0,43.45,68966.94,index_price,68966.94,0.00035,68968.38,4JUN26,73000,,C,BTC-4JUN26-73000-C
0.0008,0.0011,22.2,0.0009555,1780406836166,22.4,65.64,68966.94,index_price,68966.94,0.00095,68968.38,4JUN26,64000,,P,BTC-4JUN26-64000-P
0.032,0.0325,96.8,0.03212378,1780406836166,27.8,36.49,69246.91,BTC-31JUL26,68966.94,0.03225,68968.38,31JUL26,74000,,C,BTC-31JUL26-74000-C
0.0265,0.028,209.4,0.02727884,1780406836166,0.0,40.23,70214.12,BTC-25DEC26,68966.94,0.02725,68968.38,25DEC26,96000,,C,BTC-25DEC26-96000-C
0.1635,0.1675,10.6,0.16581929,1780406836166,0.2,52.06,69087.04,BTC-26JUN26,68966.94,0.1655,68968.38,26JUN26,58000,,C,BTC-26JUN26-58000-C
,0.0001,257.0,1.7e-07,1780406836166,0.0,72.07,68960.38,BTC-5JUN26,68966.94,,68968.38,5JUN26,90000,,C,BTC-5JUN26-90000-C
0.276,0.2795,339.5,0.27792508,1780406836166,0.0,67.07,69087.04,BTC-26JUN26,68966.94,0.27775,68968.38,26JUN26,50000,,C,BTC-26JUN26-50000-C
0.0205,0.0215,167.2,0.02115161,1780406836166,183.3,41.77,68966.94,index_price,68966.94,0.021,68968.38,6JUN26,69500,,P,BTC-6JUN26-69500-P
0.0155,0.0165,73.4,0.01612383,1780406836166,50.2,36.56,69418.95,BTC-28AUG26,68966.94,0.016,68968.38,28AUG26,83000,,C,BTC-28AUG26-83000-C
0.1415,0.1435,184.3,0.14275654,1780406836166,0.4,43.06,70214.12,BTC-25DEC26,68966.94,0.1425,68968.38,25DEC26,68000,,C,BTC-25DEC26-68000-C
0.0455,0.0465,143.4,0.04610303,1780406836166,30.5,37.14,69423.48,BTC-28AUG26,68966.94,0.046,68968.38,28AUG26,74000,,C,BTC-28AUG26-74000-C
0.355,0.3635,1.3,0.35894628,1780406836166,0.0,37.67,69608.51,BTC-25SEP26,68966.94,0.35925,68968.38,25SEP26,94000,,P,BTC-25SEP26-94000-P
0.0425,0.044,201.5,0.04322369,1780406836166,2.8,41.75,70869.32,BTC-26MAR27,68966.94,0.04325,68968.38,26MAR27,100000,,C,BTC-26MAR27-100000-C
0.1345,0.137,48.2,0.13567272,1780406836166,0.0,44.29,70869.32,BTC-26MAR27,68966.94,0.13575,68968.38,26MAR27,68000,,P,BTC-26MAR27-68000-P
2.9165,3.1995,0.0,3.0528691,1780406836166,0.0,91.37,69087.04,BTC-26JUN26,68966.94,3.058,68968.38,26JUN26,280000,,P,BTC-26JUN26-280000-P
,0.0001,691.0,1e-08,1780406836166,0.0,86.38,69087.04,BTC-26JUN26,68966.94,,68968.38,26JUN26,220000,,C,BTC-26JUN26-220000-C
0.42,0.4225,33.0,0.42152844,1780406836166,0.0,90.14,69087.04,BTC-26JUN26,68966.94,0.42125,68968.38,26JUN26,40000,,C,BTC-26JUN26-40000-C
0.105,0.11,1748.3,0.10755464,1780406836166,14.7,36.04,69087.04,BTC-26JUN26,68966.94,0.1075,68968.38,26JUN26,76000,,P,BTC-26JUN26-76000-P
0.0002,0.0004,499.0,0.00029858,1780406836166,457.0,46.57,68960.38,BTC-5JUN26,68966.94,0.0003,68968.38,5JUN26,75000,,C,BTC-5JUN26-75000-C
0.0003,0.0005,5577.2,0.00043292,1780406836166,663.7,44.46,69087.04,BTC-26JUN26,68966.94,0.0004,68968.38,26JUN26,90000,,C,BTC-26JUN26-90000-C
2.6365,2.8995,0.0,2.76337845,1780406836166,0.0,91.06,69087.04,BTC-26JUN26,68966.94,2.768,68968.38,26JUN26,260000,,P,BTC-26JUN26-260000-P
0.1595,0.1635,668.1,0.16117651,1780406836166,2.8,37.24,69613.04,BTC-25SEP26,68966.94,0.1615,68968.38,25SEP26,78000,,P,BTC-25SEP26-78000-P
,0.0001,1510.4,8.1e-06,1780406836166,0.0,68.16,69087.04,BTC-26JUN26,68966.94,,68968.38,26JUN26,130000,,C,BTC-26JUN26-130000-C
0.008,0.0085,232.4,0.00820561,1780406836166,11.0,36.36,69024.71,BTC-19JUN26,68966.94,0.00825,68968.38,19JUN26,74000,,C,BTC-19JUN26-74000-C
0.3465,0.351,5.8,0.34952759,1780406836166,0.0,77.88,69087.04,BTC-26JUN26,68966.94,0.34875,68968.38,26JUN26,45000,,C,BTC-26JUN26-45000-C
0.0002,0.0004,209.9,0.00030381,1780406836166,65.1,43.11,69005.64,BTC-12JUN26,68966.94,0.0003,68968.38,12JUN26,81000,,C,BTC-12JUN26-81000-C
0.093,0.0945,0.9,0.09348872,1780406836166,0.9,39.19,69418.95,BTC-28AUG26,68966.94,0.09375,68968.38,28AUG26,67000,,C,BTC-28AUG26-67000-C
0.0055,0.006,5.1,0.00562061,1780406836166,5.1,51.09,68966.94,index_price,68966.94,0.00575,68968.38,6JUN26,66000,,P,BTC-6JUN26-66000-P
0.0495,0.052,0.0,0.05082143,1780406836166,0.0,40.57,69024.71,BTC-19JUN26,68966.94,0.05075,68968.38,19JUN26,67000,,C,BTC-19JUN26-67000-C
0.7735,0.794,0.0,0.77903974,1780406836166,0.0,42.32,70869.32,BTC-26MAR27,68966.94,0.78375,68968.38,26MAR27,125000,,P,BTC-26MAR27-125000-P
0.022,0.023,529.9,0.02261041,1780406836166,1.2,41.95,70869.32,BTC-26MAR27,68966.94,0.0225,68968.38,26MAR27,115000,,C,BTC-26MAR27-115000-C
0.0665,0.1345,0.0,0.10225076,1780406836166,0.0,51.3,68966.94,index_price,68966.94,0.1005,68968.38,4JUN26,76000,,P,BTC-4JUN26-76000-P
0.114,0.154,0.0,0.11661934,1780406836166,0.0,60.97,68966.94,index_price,68966.94,0.134,68968.38,3JUN26,77000,,P,BTC-3JUN26-77000-P
0.0795,0.0815,41.8,0.08037568,1780406836166,1.1,42.01,70869.32,BTC-26MAR27,68966.94,0.0805,68968.38,26MAR27,86000,,C,BTC-26MAR27-86000-C
0.0028,0.0032,190.5,0.00295791,1780406836166,210.5,53.49,69005.64,BTC-12JUN26,68966.94,0.003,68968.38,12JUN26,61000,,P,BTC-12JUN26-61000-P
0.0445,0.046,1086.2,0.04532513,1780406836166,2.7,47.23,70214.12,BTC-25DEC26,68966.94,0.04525,68968.38,25DEC26,55000,,P,BTC-25DEC26-55000-P
0.006,0.0065,178.8,0.00627264,1780406836166,1.1,38.66,69608.51,BTC-25SEP26,68966.94,0.00625,68968.38,25SEP26,98000,,C,BTC-25SEP26-98000-C
0.2705,0.281,16.0,0.27430769,1780406836166,1.0,42.52,69087.04,BTC-26JUN26,68966.94,0.27575,68968.38,26JUN26,88000,,P,BTC-26JUN26-88000-P
0.4375,0.4465,271.9,0.44187471,1780406836166,0.0,38.95,69608.51,BTC-25SEP26,68966.94,0.442,68968.38,25SEP26,100000,,P,BTC-25SEP26-100000-P
0.1195,0.122,0.0,0.12088289,1780406836166,0.0,40.49,69418.95,BTC-28AUG26,68966.94,0.12075,68968.38,28AUG26,64000,,C,BTC-28AUG26-64000-C
,0.0001,1024.4,5e-08,1780406836166,0.0,85.97,69087.04,BTC-26JUN26,68966.94,,68968.38,26JUN26,200000,,C,BTC-26JUN26-200000-C
0.063,0.064,0.4,0.06356114,1780406836167,0.4,37.87,69423.48,BTC-28AUG26,68966.94,0.0635,68968.38,28AUG26,71000,,C,BTC-28AUG26-71000-C
0.0043,0.0047,54.3,0.00446235,1780406836167,0.0,39.29,69613.04,BTC-25SEP26,68966.94,0.0045,68968.38,25SEP26,102000,,C,BTC-25SEP26-102000-C
0.039,0.04,45.1,0.03957494,1780406836167,0.0,41.75,70869.32,BTC-26MAR27,68966.94,0.0395,68968.38,26MAR27,102000,,C,BTC-26MAR27-102000-C
0.0505,0.054,17.5,0.05194828,1780406836167,1.5,41.44,68966.94,index_price,68966.94,0.05225,68968.38,4JUN26,72500,,P,BTC-4JUN26-72500-P
0.1915,0.1945,245.5,0.19305795,1780406836167,2.5,41.36,70209.59,BTC-25DEC26,68966.94,0.193,68968.38,25DEC26,78000,,P,BTC-25DEC26-78000-P
0.086,0.087,3.8,0.08634428,1780406836167,0.7,37.87,69418.95,BTC-28AUG26,68966.94,0.0865,68968.38,28AUG26,71000,,P,BTC-28AUG26-71000-P
0.001,0.0012,578.9,0.00109098,1780406836167,47.5,38.42,69005.64,BTC-12JUN26,68966.94,0.0011,68968.38,12JUN26,77000,,C,BTC-12JUN26-77000-C
0.0335,0.034,2773.6,0.03347002,1780406836167,176.3,37.09,69613.04,BTC-25SEP26,68966.94,0.03375,68968.38,25SEP26,80000,,C,BTC-25SEP26-80000-C
0.0043,0.0045,47.1,0.0044846,1780406836167,62.6,54.43,68966.94,index_price,68966.94,0.0044,68968.38,3JUN26,68000,,P,BTC-3JUN26-68000-P
,0.0001,231.0,0.0,1780406836167,0.0,91.37,69087.04,BTC-26JUN26,68966.94,,68968.38,26JUN26,280000,,C,BTC-26JUN26-280000-C
0.185,0.188,0.0,0.18641122,1780406836167,0.0,43.96,69418.95,BTC-28AUG26,68966.94,0.1865,68968.38,28AUG26,58000,,C,BTC-28AUG26-58000-C
0.0815,0.083,409.7,0.08243688,1780406836167,60.1,37.08,69251.44,BTC-31JUL26,68966.94,0.08225,68968.38,31JUL26,72000,,P,BTC-31JUL26-72000-P
0.3285,0.3385,4.0,0.33220806,1780406836167,0.0,37.65,69613.04,BTC-25SEP26,68966.94,0.3335,68968.38,25SEP26,92000,,P,BTC-25SEP26-92000-P
0.258,0.2605,0.5,0.25893737,1780406836167,0.0,46.71,70869.32,BTC-26MAR27,68966.94,0.25925,68968.38,26MAR27,58000,,C,BTC-26MAR27-58000-C
0.1105,0.161,0.0,0.13116259,1780406836167,0.0,51.82,68966.94,index_price,68966.94,0.13575,68968.38,6JUN26,78000,,P,BTC-6JUN26-78000-P
0.0555,0.057,41.5,0.05616565,1780406836167,5.2,41.72,70869.32,BTC-26MAR27,68966.94,0.05625,68968.38,26MAR27,94000,,C,BTC-26MAR27-94000-C
0.148,0.15,20.6,0.14884182,1780406836167,2.3,43.5,70869.32,BTC-26MAR27,68966.94,0.149,68968.38,26MAR27,72000,,C,BTC-26MAR27-72000-C
,0.0001,789.5,8.39e-06,1780406836167,0.0,75.63,69087.04,BTC-26JUN26,68966.94,,68968.38,26JUN26,140000,,C,BTC-26JUN26-140000-C
0.2605,0.2635,30.3,0.26195446,1780406836167,0.0,47.23,70214.12,BTC-25DEC26,68966.94,0.262,68968.38,25DEC26,55000,,C,BTC-25DEC26-55000-C
0.299,0.309,2.5,0.30267428,1780406836167,0.0,37.82,69251.44,BTC-31JUL26,68966.94,0.304,68968.38,31JUL26,90000,,P,BTC-31JUL26-90000-P
0.071,0.072,16.4,0.07150888,1780406836167,0.1,38.46,69423.48,BTC-28AUG26,68966.94,0.0715,68968.38,28AUG26,69000,,P,BTC-28AUG26-69000-P
0.0003,0.0008,878.5,0.00050557,1780406836167,0.0,57.47,70214.12,BTC-25DEC26,68966.94,0.00055,68968.38,25DEC26,240000,,C,BTC-25DEC26-240000-C
0.0006,0.0008,393.0,0.00069839,1780406836167,0.2,44.24,69251.44,BTC-31JUL26,68966.94,0.0007,68968.38,31JUL26,105000,,C,BTC-31JUL26-105000-C
0.121,0.1235,81.6,0.12224752,1780406836167,0.1,44.69,70869.32,BTC-26MAR27,68966.94,0.12225,68968.38,26MAR27,66000,,P,BTC-26MAR27-66000-P
0.0055,0.0065,200.5,0.00602362,1780406836167,104.7,36.47,69024.71,BTC-19JUN26,68966.94,0.006,68968.38,19JUN26,75000,,C,BTC-19JUN26-75000-C
0.0935,0.097,2229.6,0.0953368,1780406836167,47.2,36.03,69087.04,BTC-26JUN26,68966.94,0.09525,68968.38,26JUN26,75000,,P,BTC-26JUN26-75000-P
0.1415,0.207,0.0,0.17472828,1780406836167,0.0,59.32,68966.94,index_price,68966.94,0.17425,68968.38,4JUN26,81000,,P,BTC-4JUN26-81000-P
0.0965,0.0985,1089.9,0.0974411,1780406836167,17.6,41.73,70209.59,BTC-25DEC26,68966.94,0.0975,68968.38,25DEC26,75000,,C,BTC-25DEC26-75000-C
0.1165,0.1215,0.0,0.11863776,1780406836167,0.0,36.62,69024.71,BTC-19JUN26,68966.94,0.119,68968.38,19JUN26,77000,,P,BTC-19JUN26-77000-P
0.0035,0.004,364.6,0.00384762,1780406836167,252.9,36.97,69005.64,BTC-12JUN26,68966.94,0.00375,68968.38,12JUN26,74000,,C,BTC-12JUN26-74000-C
0.0001,0.0002,51.3,0.00011468,1780406836167,74.8,55.3,68966.94,index_price,68966.94,0.00015,68968.38,3JUN26,73000,,C,BTC-3JUN26-73000-C
0.565,0.567,68.9,0.56591202,1780406836167,0.0,116.73,69087.04,BTC-26JUN26,68966.94,0.566,68968.38,26JUN26,30000,,C,BTC-26JUN26-30000-C
,0.0001,58.7,5.8e-07,1780406836167,20.0,56.42,68966.94,index_price,68966.94,,68968.38,3JUN26,76000,,C,BTC-3JUN26-76000-C
0.0425,0.043,146.1,0.04266098,1780406836167,135.5,37.08,69251.44,BTC-31JUL26,68966.94,0.04275,68968.38,31JUL26,72000,,C,BTC-31JUL26-72000-C
0.0034,0.0037,32.9,0.00354281,1780406836167,44.9,40.64,68966.94,index_price,68966.94,0.00355,68968.38,4JUN26,70500,,C,BTC-4JUN26-70500-C
0.01,0.0105,26.0,0.01023718,1780406836167,26.0,40.79,68966.94,index_price,68966.94,0.01025,68968.38,6JUN26,70000,,C,BTC-6JUN26-70000-C
0.947,1.025,14.2,0.95406981,1780406836167,0.0,71.79,69087.04,BTC-26JUN26,68966.94,0.986,68968.38,26JUN26,135000,,P,BTC-26JUN26-135000-P
0.0305,0.0315,0.0,0.0308439,1780406836167,0.0,42.11,69418.95,BTC-28AUG26,68966.94,0.031,68968.38,28AUG26,61000,,P,BTC-28AUG26-61000-P
0.0135,0.0145,2882.1,0.0137507,1780406836167,314.3,49.95,69613.04,BTC-25SEP26,68966.94,0.014,68968.38,25SEP26,50000,,P,BTC-25SEP26-50000-P
0.0055,0.006,549.3,0.00567675,1780406836167,550.4,40.17,68960.38,BTC-5JUN26,68966.94,0.00575,68968.38,5JUN26,70500,,C,BTC-5JUN26-70500-C
0.007,0.0075,1025.4,0.0074803,1780406836167,235.0,36.04,69087.04,BTC-26JUN26,68966.94,0.00725,68968.38,26JUN26,76000,,C,BTC-26JUN26-76000-C
0.1065,0.1415,0.0,0.10936876,1780406836167,0.0,59.32,68966.94,index_price,68966.94,0.124,68968.38,3JUN26,76500,,P,BTC-3JUN26-76500-P
0.1085,0.111,95.2,0.10980309,1780406836167,0.0,45.16,70869.32,BTC-26MAR27,68966.94,0.10975,68968.38,26MAR27,64000,,P,BTC-26MAR27-64000-P
0.15,0.1545,0.0,0.15211472,1780406836167,0.0,42.11,69418.95,BTC-28AUG26,68966.94,0.15225,68968.38,28AUG26,61000,,C,BTC-28AUG26-61000-C
0.066,0.0665,807.0,0.06626944,1780406836167,37.1,37.73,69251.44,BTC-31JUL26,68966.94,0.06625,68968.38,31JUL26,70000,,P,BTC-31JUL26-70000-P
0.64,0.6635,0.0,0.6454512,1780406836167,0.0,41.95,70869.32,BTC-26MAR27,68966.94,0.65175,68968.38,26MAR27,115000,,P,BTC-26MAR27-115000-P
0.0285,0.0325,0.0,0.03052431,1780406836167,0.0,60.4,68966.94,index_price,68966.94,0.0305,68968.38,3JUN26,67000,,C,BTC-3JUN26-67000-C
0.069,0.079,0.0,0.07376555,1780406836167,0.0,40.77,68966.94,index_price,68966.94,0.074,68968.38,6JUN26,74000,,P,BTC-6JUN26-74000-P
0.9435,1.0885,1.4,1.01193354,1780406836167,0.0,49.05,69613.04,BTC-25SEP26,68966.94,1.016,68968.38,25SEP26,140000,,P,BTC-25SEP26-140000-P
0.0785,0.0825,198.5,0.08029476,1780406836167,0.0,36.36,69024.71,BTC-19JUN26,68966.94,0.0805,68968.38,19JUN26,74000,,P,BTC-19JUN26-74000-P
0.0028,0.0031,1213.1,0.0029544,1780406836167,23.1,37.82,69246.91,BTC-31JUL26,68966.94,0.00295,68968.38,31JUL26,90000,,C,BTC-31JUL26-90000-C
0.0235,0.0245,42.1,0.02399128,1780406836167,31.9,46.57,68960.38,BTC-5JUN26,68966.94,0.024,68968.38,5JUN26,68000,,C,BTC-5JUN26-68000-C
0.3115,0.3235,0.0,0.31673707,1780406836167,0.0,38.09,69251.44,BTC-31JUL26,68966.94,0.3175,68968.38,31JUL26,91000,,P,BTC-31JUL26-91000-P
,0.0001,129.0,0.0,1780406836167,0.0,102.06,69087.04,BTC-26JUN26,68966.94,,68968.38,26JUN26,340000,,C,BTC-26JUN26-340000-C
0.0695,0.071,4.1,0.07030086,1780406836167,4.3,38.15,69418.95,BTC-28AUG26,68966.94,0.07025,68968.38,28AUG26,70000,,C,BTC-28AUG26-70000-C
0.549,0.5605,0.0,0.55449109,1780406836167,0.0,41.79,70869.32,BTC-26MAR27,68966.94,0.55475,68968.38,26MAR27,108000,,P,BTC-26MAR27-108000-P
0.003,0.0035,300.6,0.00325636,1780406836167,0.4,47.02,70869.32,BTC-26MAR27,68966.94,0.00325,68968.38,26MAR27,180000,,C,BTC-26MAR27-180000-C
0.27,0.277,5.8,0.27331753,1780406836167,0.0,42.14,70864.79,BTC-26MAR27,68966.94,0.2735,68968.38,26MAR27,84000,,P,BTC-26MAR27-84000-P
0.13,0.134,5.5,0.13154213,1780406836167,0.0,36.77,69418.95,BTC-28AUG26,68966.94,0.132,68968.38,28AUG26,76000,,P,BTC-28AUG26-76000-P
0.0085,0.0095,144.2,0.00883003,1780406836167,158.7,37.04,69005.64,BTC-12JUN26,68966.94,0.009,68968.38,12JUN26,72000,,C,BTC-12JUN26-72000-C
0.017,0.018,523.1,0.01751731,1780406836167,418.3,35.9,69251.44,BTC-31JUL26,68966.94,0.0175,68968.38,31JUL26,78000,,C,BTC-31JUL26-78000-C
0.055,0.056,39.1,0.0553762,1780406836167,22.1,37.73,69251.44,BTC-31JUL26,68966.94,0.0555,68968.38,31JUL26,70000,,C,BTC-31JUL26-70000-C
0.0013,0.0016,1187.9,0.00140443,1780406836167,1.3,43.45,69613.04,BTC-25SEP26,68966.94,0.00145,68968.38,25SEP26,120000,,C,BTC-25SEP26-120000-C
0.0195,0.0205,221.0,0.02002295,1780406836167,242.1,37.29,69029.24,BTC-19JUN26,68966.94,0.02,68968.38,19JUN26,71000,,C,BTC-19JUN26-71000-C
1.36,1.5335,0.0,1.44252336,1780406836167,0.0,55.52,69613.04,BTC-25SEP26,68966.94,1.44675,68968.38,25SEP26,170000,,P,BTC-25SEP26-170000-P
0.094,0.095,85.0,0.09444844,1780406836167,4.0,37.6,69423.48,BTC-28AUG26,68966.94,0.0945,68968.38,28AUG26,72000,,P,BTC-28AUG26-72000-P
0.009,0.01,2912.4,0.00973712,1780406836167,986.7,36.03,69087.04,BTC-26JUN26,68966.94,0.0095,68968.38,26JUN26,75000,,C,BTC-26JUN26-75000-C
0.073,0.0745,23.8,0.07339335,1780406836167,0.2,41.88,70864.79,BTC-26MAR27,68966.94,0.07375,68968.38,26MAR27,88000,,C,BTC-26MAR27-88000-C
0.0255,0.027,100.0,0.02613353,1780406836167,100.0,45.38,68966.94,index_price,68966.94,0.02625,68968.38,6JUN26,68000,,C,BTC-6JUN26-68000-C
0.0009,0.001,1815.9,0.00088155,1780406836167,79.1,77.88,69087.04,BTC-26JUN26,68966.94,0.00095,68968.38,26JUN26,45000,,P,BTC-26JUN26-45000-P
,0.0001,207.0,3.11e-06,1780406836167,3.0,71.06,68960.38,BTC-5JUN26,68966.94,,68968.38,5JUN26,86000,,C,BTC-5JUN26-86000-C
0.1795,0.1835,72.2,0.18094689,1780406836167,0.0,43.2,70869.32,BTC-26MAR27,68966.94,0.1815,68968.38,26MAR27,74000,,P,BTC-26MAR27-74000-P
0.0038,0.0043,179.0,0.00403971,1780406836167,2.1,46.11,70869.32,BTC-26MAR27,68966.94,0.00405,68968.38,26MAR27,170000,,C,BTC-26MAR27-170000-C
0.1025,0.1035,4.2,0.1030356,1780406836167,1.2,37.35,69423.48,BTC-28AUG26,68966.94,0.103,68968.38,28AUG26,73000,,P,BTC-28AUG26-73000-P
0.1355,0.1375,11.5,0.13668412,1780406836167,0.3,43.2,70869.32,BTC-26MAR27,68966.94,0.1365,68968.38,26MAR27,74000,,C,BTC-26MAR27-74000-C
0.085,0.0865,95.8,0.08591419,1780406836167,2.0,43.96,70214.12,BTC-25DEC26,68966.94,0.08575,68968.38,25DEC26,64000,,P,BTC-25DEC26-64000-P
0.0135,0.0145,25.3,0.01425826,1780406836167,18.6,36.57,69418.95,BTC-28AUG26,68966.94,0.014,68968.38,28AUG26,84000,,C,BTC-28AUG26-84000-C
0.085,0.09,0.0,0.0876369,1780406836167,0.0,64.31,68960.38,BTC-5JUN26,68966.94,0.0875,68968.38,5JUN26,63000,,C,BTC-5JUN26-63000-C
0.0004,0.0006,2022.5,0.00054883,1780406836167,620.1,42.52,69087.04,BTC-26JUN26,68966.94,0.0005,68968.38,26JUN26,88000,,C,BTC-26JUN26-88000-C
0.0011,0.0013,21.5,0.00120867,1780406836167,21.5,64.31,68961.07,BTC-5JUN26,68966.94,0.0012,68968.38,5JUN26,63000,,P,BTC-5JUN26-63000-P
0.2995,0.3105,0.0,0.30407175,1780406836167,0.0,47.88,69024.71,BTC-19JUN26,68966.94,0.305,68968.38,19JUN26,90000,,P,BTC-19JUN26-90000-P
0.158,0.163,2504.4,0.16046617,1780406836167,1028.1,36.6,69087.04,BTC-26JUN26,68966.94,0.1605,68968.38,26JUN26,80000,,P,BTC-26JUN26-80000-P
0.006,0.0065,9.4,0.0063873,1780406836167,9.5,51.02,68966.94,index_price,68966.94,0.00625,68968.38,3JUN26,68500,,P,BTC-3JUN26-68500-P
0.243,0.253,0.0,0.24642413,1780406836167,0.0,52.01,69005.64,BTC-12JUN26,68966.94,0.248,68968.38,12JUN26,86000,,P,BTC-12JUN26-86000-P
0.0028,0.0031,12.5,0.00300758,1780406836167,15.5,39.63,68966.94,index_price,68966.94,0.00295,68968.38,6JUN26,72000,,C,BTC-6JUN26-72000-C
0.0017,0.0021,2445.7,0.00185103,1780406836167,222.7,42.23,69608.51,BTC-25SEP26,68966.94,0.0019,68968.38,25SEP26,115000,,C,BTC-25SEP26-115000-C
0.1615,0.1645,3.0,0.16314091,1780406836167,0.0,42.64,69418.95,BTC-28AUG26,68966.94,0.163,68968.38,28AUG26,60000,,C,BTC-28AUG26-60000-C
0.706,0.746,0.0,0.71192719,1780406836167,0.0,42.18,70869.32,BTC-26MAR27,68966.94,0.726,68968.38,26MAR27,120000,,P,BTC-26MAR27-120000-P
0.0001,0.0002,741.8,0.00015165,1780406836167,416.5,59.04,68960.38,BTC-5JUN26,68966.94,0.00015,68968.38,5JUN26,78000,,C,BTC-5JUN26-78000-C
0.0115,0.0125,23.0,0.01211453,1780406836167,23.0,45.38,68966.94,index_price,68966.94,0.012,68968.38,6JUN26,68000,,P,BTC-6JUN26-68000-P
0.0085,0.009,299.8,0.00874486,1780406836167,272.6,45.5,69024.71,BTC-19JUN26,68966.94,0.00875,68968.38,19JUN26,63000,,P,BTC-19JUN26-63000-P
0.033,0.0335,5.2,0.03326934,1780406836167,5.5,38.72,69024.71,BTC-19JUN26,68966.94,0.03325,68968.38,19JUN26,69000,,C,BTC-19JUN26-69000-C
0.1715,0.178,4.0,0.17464962,1780406836167,0.0,67.26,68960.38,BTC-5JUN26,68966.94,0.17475,68968.38,5JUN26,81000,,P,BTC-5JUN26-81000-P
0.006,0.007,643.8,0.00644295,1780406836167,526.7,47.07,69005.64,BTC-12JUN26,68966.94,0.0065,68968.38,12JUN26,64000,,P,BTC-12JUN26-64000-P
,0.0001,266.9,0.0,1780406836167,0.0,102.24,69087.04,BTC-26JUN26,68966.94,,68968.38,26JUN26,380000,,C,BTC-26JUN26-380000-C
0.4985,0.518,0.0,0.50386095,1780406836167,0.0,41.76,70869.32,BTC-26MAR27,68966.94,0.50825,68968.38,26MAR27,104000,,P,BTC-26MAR27-104000-P
0.0016,0.002,263.6,0.00181957,1780406836167,286.3,39.81,68960.38,BTC-5JUN26,68966.94,0.0018,68968.38,5JUN26,72000,,C,BTC-5JUN26-72000-C
0.378,0.3875,9.0,0.3826616,1780406836167,0.0,41.72,70869.32,BTC-26MAR27,68966.94,0.38275,68968.38,26MAR27,94000,,P,BTC-26MAR27-94000-P
0.0039,0.0043,25.1,0.00415641,1780406836167,25.4,39.63,68966.94,index_price,68966.94,0.0041,68968.38,6JUN26,71500,,C,BTC-6JUN26-71500-C
0.4415,0.451,258.1,0.44566581,1780406836167,0.3,40.26,70214.12,BTC-25DEC26,68966.94,0.44625,68968.38,25DEC26,100000,,P,BTC-25DEC26-100000-P
0.1645,0.167,895.3,0.16567382,1780406836167,5.0,41.73,70214.12,BTC-25DEC26,68966.94,0.16575,68968.38,25DEC26,75000,,P,BTC-25DEC26-75000-P
0.078,0.0795,87.3,0.07867861,1780406836167,31.4,38.15,69418.95,BTC-28AUG26,68966.94,0.07875,68968.38,28AUG26,70000,,P,BTC-28AUG26-70000-P
0.027,0.028,8.2,0.02746469,1780406836167,6.1,42.64,69418.95,BTC-28AUG26,68966.94,0.0275,68968.38,28AUG26,60000,,P,BTC-28AUG26-60000-P
0.029,0.0325,129.4,0.03020214,1780406836167,44.0,42.5,68966.94,index_price,68966.94,0.03075,68968.38,3JUN26,71000,,P,BTC-3JUN26-71000-P
0.0007,0.001,1428.8,0.00084467,1780406836167,0.0,45.7,69613.04,BTC-25SEP26,68966.94,0.00085,68968.38,25SEP26,130000,,C,BTC-25SEP26-130000-C
0.1245,0.1265,309.0,0.12535449,1780406836167,103.5,42.93,70869.32,BTC-26MAR27,68966.94,0.1255,68968.38,26MAR27,76000,,C,BTC-26MAR27-76000-C
0.3685,0.3805,0.0,0.37353809,1780406836167,0.0,39.57,69246.91,BTC-31JUL26,68966.94,0.3745,68968.38,31JUL26,95000,,P,BTC-31JUL26-95000-P
0.0085,0.0095,522.8,0.00893173,1780406836167,530.1,46.97,68966.94,index_price,68966.94,0.009,68968.38,3JUN26,69000,,P,BTC-3JUN26-69000-P
0.004,0.0044,2574.2,0.00427153,1780406836167,187.9,36.05,69087.04,BTC-26JUN26,68966.94,0.0042,68968.38,26JUN26,78000,,C,BTC-26JUN26-78000-C
0.01,0.011,463.1,0.01052945,1780406836167,2.8,37.65,69608.51,BTC-25SEP26,68966.94,0.0105,68968.38,25SEP26,92000,,C,BTC-25SEP26-92000-C
0.0011,0.0013,2268.1,0.00109793,1780406836167,15.6,44.69,69608.51,BTC-25SEP26,68966.94,0.0012,68968.38,25SEP26,125000,,C,BTC-25SEP26-125000-C
0.0245,0.0305,0.0,0.02677572,1780406836167,0.0,50.01,68966.94,index_price,68966.94,0.0275,68968.38,4JUN26,67500,,C,BTC-4JUN26-67500-C
0.0115,0.0125,6.5,0.01195742,1780406836167,6.5,44.23,68966.94,index_price,68966.94,0.012,68968.38,4JUN26,69000,,C,BTC-4JUN26-69000-C
0.0024,0.0029,276.0,0.00257586,1780406836167,0.5,38.09,69251.44,BTC-31JUL26,68966.94,0.00265,68968.38,31JUL26,91000,,C,BTC-31JUL26-91000-C
0.71,0.7235,18.9,0.7166817,1780406836167,0.0,42.04,70214.12,BTC-25DEC26,68966.94,0.71675,68968.38,25DEC26,120000,,P,BTC-25DEC26-120000-P
1.7975,2.0,6.6,1.89490654,1780406836167,0.0,85.97,69087.04,BTC-26JUN26,68966.94,1.89875,68968.38,26JUN26,200000,,P,BTC-26JUN26-200000-P
,0.0001,197.1,2e-08,1780406836167,0.0,86.33,69087.04,BTC-26JUN26,68966.94,,68968.38,26JUN26,210000,,C,BTC-26JUN26-210000-C
0.209,0.2125,0.0,0.21077492,1780406836167,0.0,45.42,69418.95,BTC-28AUG26,68966.94,0.21075,68968.38,28AUG26,56000,,C,BTC-28AUG26-56000-C
2.028,2.2525,0.0,2.13418413,1780406836167,0.0,55.74,70214.12,BTC-25DEC26,68966.94,2.14025,68968.38,25DEC26,220000,,P,BTC-25DEC26-220000-P
0.197,0.2,1.0,0.19867672,1780406836167,0.0,44.93,70869.32,BTC-26MAR27,68966.94,0.1985,68968.38,26MAR27,65000,,C,BTC-26MAR27-65000-C
0.012,0.013,676.6,0.01254857,1780406836167,0.3,42.62,70869.32,BTC-26MAR27,68966.94,0.0125,68968.38,26MAR27,130000,,C,BTC-26MAR27-130000-C
0.0425,0.045,0.0,0.04414391,1780406836167,0.0,42.26,69005.64,BTC-12JUN26,68966.94,0.04375,68968.38,12JUN26,67000,,C,BTC-12JUN26-67000-C
0.0001,0.0004,1447.9,0.00021605,1780406836167,1.0,55.57,69613.04,BTC-25SEP26,68966.94,0.00025,68968.38,25SEP26,175000,,C,BTC-25SEP26-175000-C
0.0425,0.051,0.0,0.04698747,1780406836167,0.0,39.63,68966.94,index_price,68966.94,0.04675,68968.38,6JUN26,72000,,P,BTC-6JUN26-72000-P
0.0021,0.0024,92.4,0.0022545,1780406836167,28.0,37.03,69024.71,BTC-19JUN26,68966.94,0.00225,68968.38,19JUN26,78000,,C,BTC-19JUN26-78000-C
0.1105,0.114,3.3,0.11210236,1780406836167,0.2,37.14,69418.95,BTC-28AUG26,68966.94,0.11225,68968.38,28AUG26,74000,,P,BTC-28AUG26-74000-P
0.0007,0.0009,1185.9,0.00079542,1780406836167,566.7,40.17,69024.71,BTC-19JUN26,68966.94,0.0008,68968.38,19JUN26,82000,,C,BTC-19JUN26-82000-C
0.087,0.089,73.8,0.08793817,1780406836167,0.3,42.14,70869.32,BTC-26MAR27,68966.94,0.088,68968.38,26MAR27,84000,,C,BTC-26MAR27-84000-C
,0.0001,47.9,0.0,1780406836167,0.0,60.97,68966.94,index_price,68966.94,,68968.38,3JUN26,79000,,C,BTC-3JUN26-79000-C
0.251,0.2595,11.6,0.2540859,1780406836168,0.0,37.1,69608.51,BTC-25SEP26,68966.94,0.25525,68968.38,25SEP26,86000,,P,BTC-25SEP26-86000-P
0.021,0.022,0.0,0.0212864,1780406836168,0.0,48.0,68966.94,index_price,68966.94,0.0215,68968.38,4JUN26,68000,,C,BTC-4JUN26-68000-C
0.0019,0.0022,3.2,0.00213605,1780406836168,3.2,39.64,68966.94,index_price,68966.94,0.00205,68968.38,6JUN26,72500,,C,BTC-6JUN26-72500-C
0.3285,0.3365,26.3,0.33201654,1780406836168,0.0,46.54,69087.04,BTC-26JUN26,68966.94,0.3325,68968.38,26JUN26,92000,,P,BTC-26JUN26-92000-P
0.0001,0.0003,23.4,0.00017252,1780406836168,2.1,46.46,68966.94,index_price,68966.94,0.0002,68968.38,4JUN26,74000,,C,BTC-4JUN26-74000-C
0.099,0.1005,361.8,0.09964939,1780406836168,0.0,39.7,69608.51,BTC-25SEP26,68966.94,0.09975,68968.38,25SEP26,68000,,C,BTC-25SEP26-68000-C
,0.0001,68.7,6.72e-06,1780406836168,0.0,63.11,69608.51,BTC-25SEP26,68966.94,,68968.38,25SEP26,280000,,C,BTC-25SEP26-280000-C
0.0004,0.0008,187.3,0.00051656,1780406836168,0.0,55.89,70214.12,BTC-25DEC26,68966.94,0.0006,68968.38,25DEC26,230000,,C,BTC-25DEC26-230000-C
0.7325,0.742,722.5,0.73697625,1780406836168,0.0,63.2,69087.04,BTC-26JUN26,68966.94,0.73725,68968.38,26JUN26,120000,,P,BTC-26JUN26-120000-P
1.238,1.4,52.5,1.31593014,1780406836168,0.0,85.89,69087.04,BTC-26JUN26,68966.94,1.319,68968.38,26JUN26,160000,,P,BTC-26JUN26-160000-P
0.049,0.058,0.0,0.0533658,1780406836168,0.0,39.64,68966.94,index_price,68966.94,0.0535,68968.38,6JUN26,72500,,P,BTC-6JUN26-72500-P
0.0305,0.032,1506.8,0.03104294,1780406836168,1.1,49.88,70214.12,BTC-25DEC26,68966.94,0.03125,68968.38,25DEC26,50000,,P,BTC-25DEC26-50000-P
,0.0002,91.9,2.204e-05,1780406836168,54.5,55.32,68966.94,index_price,68966.94,,68968.38,3JUN26,74000,,C,BTC-3JUN26-74000-C
0.1715,0.1785,0.0,0.17462524,1780406836168,0.0,60.97,68966.94,index_price,68966.94,0.175,68968.38,3JUN26,81000,,P,BTC-3JUN26-81000-P
0.11,0.1125,0.0,0.111304,1780406836168,0.0,40.03,69418.95,BTC-28AUG26,68966.94,0.11125,68968.38,28AUG26,65000,,C,BTC-28AUG26-65000-C
0.0002,0.0006,201.0,0.00036201,1780406836168,1.2,52.06,69251.44,BTC-31JUL26,68966.94,0.0004,68968.38,31JUL26,120000,,C,BTC-31JUL26-120000-C
0.0645,0.0655,1.7,0.06490438,1780406836168,0.5,38.85,69418.95,BTC-28AUG26,68966.94,0.065,68968.38,28AUG26,68000,,P,BTC-28AUG26-68000-P
0.0725,0.076,414.7,0.07351412,1780406836168,13.4,42.68,68960.38,BTC-5JUN26,68966.94,0.07425,68968.38,5JUN26,74000,,P,BTC-5JUN26-74000-P
0.1155,0.12,0.0,0.11835146,1780406836168,0.0,41.48,69251.44,BTC-31JUL26,68966.94,0.11775,68968.38,31JUL26,63000,,C,BTC-31JUL26-63000-C
0.036,0.037,5.4,0.036732,1780406836168,0.1,36.77,69418.95,BTC-28AUG26,68966.94,0.0365,68968.38,28AUG26,76000,,C,BTC-28AUG26-76000-C
0.0415,0.043,1756.9,0.04214471,1780406836168,2.8,47.75,70214.12,BTC-25DEC26,68966.94,0.04225,68968.38,25DEC26,54000,,P,BTC-25DEC26-54000-P
0.341,0.349,4.5,0.34514108,1780406836168,0.0,40.21,70214.12,BTC-25DEC26,68966.94,0.345,68968.38,25DEC26,92000,,P,BTC-25DEC26-92000-P
0.444,0.4525,988.1,0.44761095,1780406836168,7.0,53.13,69087.04,BTC-26JUN26,68966.94,0.44825,68968.38,26JUN26,100000,,P,BTC-26JUN26-100000-P
0.213,0.2185,179.6,0.21550186,1780406836168,5.2,42.68,70869.32,BTC-26MAR27,68966.94,0.21575,68968.38,26MAR27,78000,,P,BTC-26MAR27-78000-P
0.0013,0.0017,45.3,0.00149146,1780406836168,56.3,39.67,68966.94,index_price,68966.94,0.0015,68968.38,6JUN26,73000,,C,BTC-6JUN26-73000-C
0.013,0.014,91.6,0.01351879,1780406836168,0.0,40.71,70214.12,BTC-25DEC26,68966.94,0.0135,68968.38,25DEC26,108000,,C,BTC-25DEC26-108000-C
0.0645,0.066,6526.2,0.06523979,1780406836168,43.6,45.2,70214.12,BTC-25DEC26,68966.94,0.06525,68968.38,25DEC26,60000,,P,BTC-25DEC26-60000-P
2.4405,2.694,10.0,2.56121611,1780406836168,0.0,58.35,70214.12,BTC-25DEC26,68966.94,2.56725,68968.38,25DEC26,250000,,P,BTC-25DEC26-250000-P
0.02,0.021,864.3,0.02055796,1780406836168,179.7,37.09,69608.51,BTC-25SEP26,68966.94,0.0205,68968.38,25SEP26,85000,,C,BTC-25SEP26-85000-C
0.0135,0.014,146.3,0.01373682,1780406836168,83.2,42.83,69029.24,BTC-19JUN26,68966.94,0.01375,68968.38,19JUN26,65000,,P,BTC-19JUN26-65000-P
0.0105,0.0115,21.2,0.01094461,1780406836168,22.6,44.1,69024.71,BTC-19JUN26,68966.94,0.011,68968.38,19JUN26,64000,,P,BTC-19JUN26-64000-P
0.0305,0.034,20.0,0.03194648,1780406836168,17.9,40.64,68966.94,index_price,68966.94,0.03225,68968.38,4JUN26,71000,,P,BTC-4JUN26-71000-P
1.5915,1.7905,0.9,1.68390169,1780406836168,0.0,47.95,70869.32,BTC-26MAR27,68966.94,1.691,68968.38,26MAR27,190000,,P,BTC-26MAR27-190000-P
0.064,0.0685,0.1,0.06645076,1780406836168,0.1,41.8,68961.07,BTC-5JUN26,68966.94,0.06625,68968.38,5JUN26,73500,,P,BTC-5JUN26-73500-P
0.0018,0.0022,1206.7,0.00199775,1780406836168,10.5,47.83,70214.12,BTC-25DEC26,68966.94,0.002,68968.38,25DEC26,160000,,C,BTC-25DEC26-160000-C
0.041,0.042,2.0,0.04160982,1780406836168,2.0,39.68,69024.71,BTC-19JUN26,68966.94,0.0415,68968.38,19JUN26,68000,,C,BTC-19JUN26-68000-C
0.295,0.3005,3.4,0.29765551,1780406836168,0.0,40.24,70214.12,BTC-25DEC26,68966.94,0.29775,68968.38,25DEC26,88000,,P,BTC-25DEC26-88000-P
0.0095,0.0105,1158.3,0.01006817,1780406836168,1418.0,46.57,68960.38,BTC-5JUN26,68966.94,0.01,68968.38,5JUN26,68000,,P,BTC-5JUN26-68000-P
0.0335,0.0345,4.0,0.03428379,1780406836168,4.2,40.69,69005.64,BTC-12JUN26,68966.94,0.034,68968.38,12JUN26,68000,,C,BTC-12JUN26-68000-C
0.3905,0.3995,0.6,0.39461673,1780406836168,0.0,40.23,70209.59,BTC-25DEC26,68966.94,0.395,68968.38,25DEC26,96000,,P,BTC-25DEC26-96000-P
0.3825,0.3915,1.0,0.38651557,1780406836168,0.0,38.25,69608.51,BTC-25SEP26,68966.94,0.387,68968.38,25SEP26,96000,,P,BTC-25SEP26-96000-P
0.2575,0.2645,8.1,0.2608451,1780406836168,0.0,36.97,69251.44,BTC-31JUL26,68966.94,0.261,68968.38,31JUL26,87000,,P,BTC-31JUL26-87000-P
0.0465,0.0475,140.0,0.04667684,1780406836168,24.3,39.12,69251.44,BTC-31JUL26,68966.94,0.047,68968.38,31JUL26,67000,,P,BTC-31JUL26-67000-P
0.2435,0.253,0.3,0.24710035,1780406836168,0.0,71.06,68960.38,BTC-5JUN26,68966.94,0.24825,68968.38,5JUN26,86000,,P,BTC-5JUN26-86000-P
0.0385,0.04,2363.6,0.03927408,1780406836168,57.1,40.23,70214.12,BTC-25DEC26,68966.94,0.03925,68968.38,25DEC26,90000,,C,BTC-25DEC26-90000-C
0.189,0.192,3.6,0.19087802,1780406836168,0.0,44.69,70869.32,BTC-26MAR27,68966.94,0.1905,68968.38,26MAR27,66000,,C,BTC-26MAR27-66000-C
0.0004,0.0006,15.1,0.0004944,1780406836168,10.3,41.44,68966.94,index_price,68966.94,0.0005,68968.38,4JUN26,72500,,C,BTC-4JUN26-72500-C
1.7275,1.9355,1.0,1.8245337,1780406836168,0.0,48.71,70869.32,BTC-26MAR27,68966.94,1.8315,68968.38,26MAR27,200000,,P,BTC-26MAR27-200000-P
0.0021,0.0022,1747.0,0.00214179,1780406836168,48.9,74.19,69608.51,BTC-25SEP26,68966.94,0.00215,68968.38,25SEP26,30000,,P,BTC-25SEP26-30000-P
0.0007,0.001,3776.0,0.00084819,1780406836168,3185.3,39.74,69087.04,BTC-26JUN26,68966.94,0.00085,68968.38,26JUN26,85000,,C,BTC-26JUN26-85000-C
0.065,0.068,19.1,0.0659153,1780406836168,1.4,55.31,68966.94,index_price,68966.94,0.0665,68968.38,3JUN26,73500,,P,BTC-3JUN26-73500-P
,0.0001,291.3,9.95e-06,1780406836168,1.0,61.4,69613.04,BTC-25SEP26,68966.94,,68968.38,25SEP26,260000,,C,BTC-25SEP26-260000-C
0.0049,0.0055,830.9,0.00521875,1780406836168,5.0,45.31,70869.32,BTC-26MAR27,68966.94,0.0052,68968.38,26MAR27,160000,,C,BTC-26MAR27-160000-C
0.048,0.112,0.0,0.08060441,1780406836168,0.0,49.06,68966.94,index_price,68966.94,0.08,68968.38,4JUN26,74500,,P,BTC-4JUN26-74500-P
0.0585,0.06,176.4,0.05914427,1780406836168,87.2,38.15,69251.44,BTC-31JUL26,68966.94,0.05925,68968.38,31JUL26,69000,,P,BTC-31JUL26-69000-P
0.097,0.0985,129.9,0.09790919,1780406836168,0.2,43.44,70214.12,BTC-25DEC26,68966.94,0.09775,68968.38,25DEC26,66000,,P,BTC-25DEC26-66000-P
0.0275,0.028,1654.7,0.02752864,1780406836168,222.6,37.03,69608.51,BTC-25SEP26,68966.94,0.02775,68968.38,25SEP26,82000,,C,BTC-25SEP26-82000-C
0.1425,0.149,5.0,0.14536136,1780406836168,0.9,40.32,69005.64,BTC-12JUN26,68966.94,0.14575,68968.38,12JUN26,79000,,P,BTC-12JUN26-79000-P
0.041,0.0435,399.3,0.04196093,1780406836168,50.0,37.58,69005.64,BTC-12JUN26,68966.94,0.04225,68968.38,12JUN26,71000,,P,BTC-12JUN26-71000-P
,0.0001,759.8,1.51e-06,1780406836168,0.0,85.89,69086.34,BTC-26JUN26,68966.94,,68968.38,26JUN26,170000,,C,BTC-26JUN26-170000-C
0.356,0.3635,0.2,0.35972906,1780406836168,0.0,41.78,70869.32,BTC-26MAR27,68966.94,0.35975,68968.38,26MAR27,92000,,P,BTC-26MAR27-92000-P
0.0145,0.0155,20.0,0.01508241,1780406836168,20.0,42.26,69005.64,BTC-12JUN26,68966.94,0.015,68968.38,12JUN26,67000,,P,BTC-12JUN26-67000-P
1.615,1.811,0.0,1.70723155,1780406836168,0.0,51.77,70214.12,BTC-25DEC26,68966.94,1.713,68968.38,25DEC26,190000,,P,BTC-25DEC26-190000-P
0.51,0.5125,68.7,0.51116895,1780406836168,0.0,62.2,70214.12,BTC-25DEC26,68966.94,0.51125,68968.38,25DEC26,35000,,C,BTC-25DEC26-35000-C
1.2025,1.371,0.0,1.28089423,1780406836168,0.0,47.83,70214.12,BTC-25DEC26,68966.94,1.28675,68968.38,25DEC26,160000,,P,BTC-25DEC26-160000-P
0.005,0.0055,107.0,0.00523488,1780406836168,12.1,36.89,69246.91,BTC-31JUL26,68966.94,0.00525,68968.38,31JUL26,86000,,C,BTC-31JUL26-86000-C
0.007,0.008,7096.4,0.00750934,1780406836168,56.4,42.04,70214.12,BTC-25DEC26,68966.94,0.0075,68968.38,25DEC26,120000,,C,BTC-25DEC26-120000-C
0.0003,0.0004,0.0,0.00030155,1780406836168,0.0,45.22,68966.94,index_price,68966.94,0.00035,68968.38,6JUN26,76000,,C,BTC-6JUN26-76000-C
0.164,0.167,141.2,0.16488127,1780406836168,16.4,43.5,70864.79,BTC-26MAR27,68966.94,0.1655,68968.38,26MAR27,72000,,P,BTC-26MAR27-72000-P
0.0001,0.0002,3746.6,0.0001577,1780406836168,7.4,53.13,69087.04,BTC-26JUN26,68966.94,0.00015,68968.38,26JUN26,100000,,C,BTC-26JUN26-100000-C
0.0001,0.0003,0.0,0.00018437,1780406836168,0.0,51.82,68966.94,index_price,68966.94,0.0002,68968.38,6JUN26,78000,,C,BTC-6JUN26-78000-C
0.285,0.295,5.9,0.28864125,1780406836168,0.0,37.49,69251.44,BTC-31JUL26,68966.94,0.29,68968.38,31JUL26,89000,,P,BTC-31JUL26-89000-P
0.0026,0.0028,1561.3,0.00266293,1780406836168,9.6,46.53,70214.12,BTC-25DEC26,68966.94,0.0027,68968.38,25DEC26,150000,,C,BTC-25DEC26-150000-C
0.0003,0.0004,817.9,0.00035955,1780406836168,7.3,46.54,69087.04,BTC-26JUN26,68966.94,0.00035,68968.38,26JUN26,92000,,C,BTC-26JUN26-92000-C
0.0765,0.0785,49.8,0.0774136,1780406836168,0.1,46.71,70869.32,BTC-26MAR27,68966.94,0.0775,68968.38,26MAR27,58000,,P,BTC-26MAR27-58000-P
0.0105,0.011,1574.4,0.0106685,1780406836168,473.7,45.92,69087.04,BTC-26JUN26,68966.94,0.01075,68968.38,26JUN26,62000,,P,BTC-26JUN26-62000-P
,0.0001,5.1,1.74e-06,1780406836168,4.0,59.23,68966.94,index_price,68966.94,,68968.38,4JUN26,80000,,C,BTC-4JUN26-80000-C
0.0135,0.0145,36.0,0.01393645,1780406836168,17.7,47.02,69418.95,BTC-28AUG26,68966.94,0.014,68968.38,28AUG26,54000,,P,BTC-28AUG26-54000-P
0.0195,0.021,365.0,0.02048202,1780406836168,370.1,36.52,69418.95,BTC-28AUG26,68966.94,0.02025,68968.38,28AUG26,81000,,C,BTC-28AUG26-81000-C
0.004,0.0044,0.5,0.004244,1780406836168,0.5,38.41,69418.95,BTC-28AUG26,68966.94,0.0042,68968.38,28AUG26,95000,,C,BTC-28AUG26-95000-C
0.0002,0.0003,3826.1,0.00024636,1780406836168,36.9,48.85,69087.04,BTC-26JUN26,68966.94,0.00025,68968.38,26JUN26,95000,,C,BTC-26JUN26-95000-C
0.0008,0.0011,0.2,0.00093625,1780406836168,0.2,67.35,68966.94,index_price,68966.94,0.00095,68968.38,6JUN26,61000,,P,BTC-6JUN26-61000-P
0.015,0.016,343.1,0.01541914,1780406836168,0.1,37.29,69613.04,BTC-25SEP26,68966.94,0.0155,68968.38,25SEP26,88000,,C,BTC-25SEP26-88000-C
0.1565,0.159,15.9,0.15786439,1780406836168,0.1,43.44,70214.12,BTC-25DEC26,68966.94,0.15775,68968.38,25DEC26,66000,,C,BTC-25DEC26-66000-C
0.0185,0.0195,59.8,0.01895331,1780406836168,1.0,40.32,70214.12,BTC-25DEC26,68966.94,0.019,68968.38,25DEC26,102000,,C,BTC-25DEC26-102000-C
,0.0002,39.4,9.06e-06,1780406836168,29.8,55.41,68966.94,index_price,68966.94,,68968.38,3JUN26,74500,,C,BTC-3JUN26-74500-C
0.077,0.078,2.0,0.07753653,1780406836168,1.0,38.46,69423.48,BTC-28AUG26,68966.94,0.0775,68968.38,28AUG26,69000,,C,BTC-28AUG26-69000-C
0.0355,0.037,15.8,0.03624841,1780406836168,0.9,41.76,70869.32,BTC-26MAR27,68966.94,0.03625,68968.38,26MAR27,104000,,C,BTC-26MAR27-104000-C
0.3675,0.377,0.0,0.37275666,1780406836168,0.0,38.41,69418.95,BTC-28AUG26,68966.94,0.37225,68968.38,28AUG26,95000,,P,BTC-28AUG26-95000-P
0.0016,0.0018,2188.5,0.00168932,1780406836168,1.3,49.64,70209.59,BTC-25DEC26,68966.94,0.0017,68968.38,25DEC26,170000,,C,BTC-25DEC26-170000-C
0.0001,0.0002,681.7,0.00015058,1780406836168,89.9,49.78,69005.64,BTC-12JUN26,68966.94,0.00015,68968.38,12JUN26,85000,,C,BTC-12JUN26-85000-C
0.124,0.126,423.2,0.12499967,1780406836168,1.0,40.77,69613.04,BTC-25SEP26,68966.94,0.125,68968.38,25SEP26,65000,,C,BTC-25SEP26-65000-C
0.841,0.8575,0.2,0.84706425,1780406836168,0.0,42.62,70869.32,BTC-26MAR27,68966.94,0.84925,68968.38,26MAR27,130000,,P,BTC-26MAR27-130000-P
0.015,0.0155,999.7,0.01540851,1780406836168,189.7,43.32,69087.04,BTC-26JUN26,68966.94,0.01525,68968.38,26JUN26,64000,,P,BTC-26JUN26-64000-P
0.2315,0.237,135.5,0.2340527,1780406836168,0.0,42.48,70869.32,BTC-26MAR27,68966.94,0.23425,68968.38,26MAR27,80000,,P,BTC-26MAR27-80000-P
0.1395,0.1425,0.0,0.14126875,1780406836168,0.0,41.51,69418.95,BTC-28AUG26,68966.94,0.141,68968.38,28AUG26,62000,,C,BTC-28AUG26-62000-C
0.0625,0.0655,255.4,0.06378438,1780406836168,20.2,36.94,69005.64,BTC-12JUN26,68966.94,0.064,68968.38,12JUN26,73000,,P,BTC-12JUN26-73000-P
,0.0001,174.0,4.66e-06,1780406836168,0.0,64.66,69608.51,BTC-25SEP26,68966.94,,68968.38,25SEP26,300000,,C,BTC-25SEP26-300000-C
0.4565,0.46,20.1,0.45807495,1780406836168,0.0,55.01,70869.32,BTC-26MAR27,68966.94,0.45825,68968.38,26MAR27,40000,,C,BTC-26MAR27-40000-C
0.0995,0.1375,0.0,0.10211809,1780406836169,0.0,56.42,68966.94,index_price,68966.94,0.1185,68968.38,3JUN26,76000,,P,BTC-3JUN26-76000-P
0.0007,0.001,161.5,0.00078561,1780406836169,1.1,47.62,69613.04,BTC-25SEP26,68966.94,0.00085,68968.38,25SEP26,135000,,C,BTC-25SEP26-135000-C
0.1055,0.1065,282.0,0.1058196,1780406836169,16.1,38.56,69608.51,BTC-25SEP26,68966.94,0.106,68968.38,25SEP26,72000,,P,BTC-25SEP26-72000-P
0.044,0.045,820.5,0.04444528,1780406836169,3.7,42.03,69613.04,BTC-25SEP26,68966.94,0.0445,68968.38,25SEP26,62000,,P,BTC-25SEP26-62000-P
0.0125,0.0135,384.1,0.01305595,1780406836169,387.4,37.58,69010.17,BTC-12JUN26,68966.94,0.013,68968.38,12JUN26,71000,,C,BTC-12JUN26-71000-C
0.0235,0.0245,128.5,0.02387794,1780406836169,16.2,36.13,69246.91,BTC-31JUL26,68966.94,0.024,68968.38,31JUL26,76000,,C,BTC-31JUL26-76000-C
,0.0001,122.8,3.52e-06,1780406836169,112.5,55.48,68966.94,index_price,68966.94,,68968.38,3JUN26,75000,,C,BTC-3JUN26-75000-C
0.285,0.2895,0.0,0.28798674,1780406836169,0.0,47.65,70869.32,BTC-26MAR27,68966.94,0.28725,68968.38,26MAR27,55000,,C,BTC-26MAR27-55000-C
0.222,0.2245,2.2,0.22313331,1780406836169,0.0,45.61,70869.32,BTC-26MAR27,68966.94,0.22325,68968.38,26MAR27,62000,,C,BTC-26MAR27-62000-C
0.0011,0.0014,40.9,0.0012845,1780406836169,0.8,42.93,69418.95,BTC-28AUG26,68966.94,0.00125,68968.38,28AUG26,110000,,C,BTC-28AUG26-110000-C
0.0055,0.006,10.5,0.00563728,1780406836169,10.5,39.64,68966.94,index_price,68966.94,0.00575,68968.38,6JUN26,71000,,C,BTC-6JUN26-71000-C
0.3005,0.3125,0.0,0.30511385,1780406836169,0.0,72.07,68961.07,BTC-5JUN26,68966.94,0.3065,68968.38,5JUN26,90000,,P,BTC-5JUN26-90000-P
0.0001,0.0003,159.0,0.00019203,1780406836169,197.8,47.09,68966.94,index_price,68966.94,0.0002,68968.38,3JUN26,72000,,C,BTC-3JUN26-72000-C
0.7195,0.7325,173.8,0.72533306,1780406836169,0.0,43.45,69613.04,BTC-25SEP26,68966.94,0.726,68968.38,25SEP26,120000,,P,BTC-25SEP26-120000-P
0.0011,0.0013,149.9,0.00119034,1780406836169,131.4,39.84,68960.38,BTC-5JUN26,68966.94,0.0012,68968.38,5JUN26,72500,,C,BTC-5JUN26-72500-C
0.0045,0.0048,9.0,0.00467936,1780406836169,5.0,38.16,69418.95,BTC-28AUG26,68966.94,0.00465,68968.38,28AUG26,94000,,C,BTC-28AUG26-94000-C
0.045,0.046,2979.2,0.04566655,1780406836169,666.7,37.78,69087.04,BTC-26JUN26,68966.94,0.0455,68968.38,26JUN26,70000,,P,BTC-26JUN26-70000-P
0.0001,0.0002,1428.5,0.00011217,1780406836169,107.9,67.13,68960.38,BTC-5JUN26,68966.94,0.00015,68968.38,5JUN26,80000,,C,BTC-5JUN26-80000-C
0.0016,0.002,340.9,0.00180185,1780406836169,222.1,60.12,69024.71,BTC-19JUN26,68966.94,0.0018,68968.38,19JUN26,55000,,P,BTC-19JUN26-55000-P
0.0765,0.0785,654.6,0.07770324,1780406836169,22.0,42.15,69087.04,BTC-26JUN26,68966.94,0.0775,68968.38,26JUN26,65000,,C,BTC-26JUN26-65000-C
0.294,0.297,32.6,0.2954471,1780406836169,0.0,49.95,69613.04,BTC-25SEP26,68966.94,0.2955,68968.38,25SEP26,50000,,C,BTC-25SEP26-50000-C
0.0037,0.004,3.5,0.00386772,1780406836169,0.6,38.7,69418.95,BTC-28AUG26,68966.94,0.00385,68968.38,28AUG26,96000,,C,BTC-28AUG26-96000-C
0.027,0.028,99.0,0.02768987,1780406836169,89.8,36.25,69246.91,BTC-31JUL26,68966.94,0.0275,68968.38,31JUL26,75000,,C,BTC-31JUL26-75000-C
,0.0001,0.0,0.0,1780406836169,0.0,60.97,68966.94,index_price,68966.94,,68968.38,3JUN26,81000,,C,BTC-3JUN26-81000-C
0.2995,0.3115,0.1,0.30429069,1780406836169,0.0,54.83,69005.64,BTC-12JUN26,68966.94,0.3055,68968.38,12JUN26,90000,,P,BTC-12JUN26-90000-P
0.007,0.008,263.8,0.00737267,1780406836169,11.1,38.25,69608.51,BTC-25SEP26,68966.94,0.0075,68968.38,25SEP26,96000,,C,BTC-25SEP26-96000-C
0.025,0.026,28.7,0.02562137,1780406836169,2.0,41.86,70869.32,BTC-26MAR27,68966.94,0.0255,68968.38,26MAR27,112000,,C,BTC-26MAR27-112000-C
0.0955,0.0975,171.8,0.09599983,1780406836169,13.5,42.25,70869.32,BTC-26MAR27,68966.94,0.0965,68968.38,26MAR27,82000,,C,BTC-26MAR27-82000-C
0.186,0.193,0.0,0.18912678,1780406836169,0.0,60.97,68966.94,index_price,68966.94,0.1895,68968.38,3JUN26,82000,,P,BTC-3JUN26-82000-P
0.0008,0.0009,1582.7,0.00075181,1780406836169,1035.3,39.36,69005.64,BTC-12JUN26,68966.94,0.00085,68968.38,12JUN26,78000,,C,BTC-12JUN26-78000-C
,0.0001,2651.1,9.18e-06,1780406836169,0.0,82.82,69087.04,BTC-26JUN26,68966.94,,68968.38,26JUN26,150000,,C,BTC-26JUN26-150000-C
0.0005,0.0008,260.8,0.00062929,1780406836169,0.0,46.17,69251.44,BTC-31JUL26,68966.94,0.00065,68968.38,31JUL26,108000,,C,BTC-31JUL26-108000-C
0.2305,0.2335,82.1,0.2322677,1780406836169,0.0,46.03,69608.51,BTC-25SEP26,68966.94,0.232,68968.38,25SEP26,55000,,C,BTC-25SEP26-55000-C
0.214,0.2205,38.5,0.2168746,1780406836169,0.0,38.93,69087.04,BTC-26JUN26,68966.94,0.21725,68968.38,26JUN26,84000,,P,BTC-26JUN26-84000-P
0.1175,0.1215,0.0,0.11896912,1780406836169,0.0,53.49,69010.17,BTC-12JUN26,68966.94,0.1195,68968.38,12JUN26,61000,,C,BTC-12JUN26-61000-C
0.07,0.0715,2.0,0.07062112,1780406836169,1.1,38.62,69251.44,BTC-31JUL26,68966.94,0.07075,68968.38,31JUL26,68000,,C,BTC-31JUL26-68000-C
0.0009,0.0011,196.5,0.00097664,1780406836169,1.0,41.62,69251.44,BTC-31JUL26,68966.94,0.001,68968.38,31JUL26,100000,,C,BTC-31JUL26-100000-C
0.1555,0.158,61.8,0.15709331,1780406836169,11.5,41.89,70214.12,BTC-25DEC26,68966.94,0.15675,68968.38,25DEC26,74000,,P,BTC-25DEC26-74000-P
0.059,0.0605,469.5,0.0596719,1780406836169,100.6,38.06,69613.04,BTC-25SEP26,68966.94,0.05975,68968.38,25SEP26,74000,,C,BTC-25SEP26-74000-C
0.1065,0.109,3.0,0.10775181,1780406836169,0.0,40.8,69251.44,BTC-31JUL26,68966.94,0.10775,68968.38,31JUL26,64000,,C,BTC-31JUL26-64000-C
0.1185,0.1705,0.0,0.13123156,1780406836169,0.0,57.43,68966.94,index_price,68966.94,0.1445,68968.38,4JUN26,78000,,P,BTC-4JUN26-78000-P
0.005,0.0055,852.3,0.00534218,1780406836169,171.3,52.06,69087.04,BTC-26JUN26,68966.94,0.00525,68968.38,26JUN26,58000,,P,BTC-26JUN26-58000-P
0.0875,0.092,215.2,0.08934259,1780406836169,1.4,37.12,69005.64,BTC-12JUN26,68966.94,0.08975,68968.38,12JUN26,75000,,P,BTC-12JUN26-75000-P
0.13,0.1335,223.8,0.13123984,1780406836169,15.0,59.04,68960.38,BTC-5JUN26,68966.94,0.13175,68968.38,5JUN26,78000,,P,BTC-5JUN26-78000-P
0.0075,0.008,103.9,0.00766547,1780406836169,103.9,40.1,68966.94,index_price,68966.94,0.00775,68968.38,6JUN26,70500,,C,BTC-6JUN26-70500-C
0.058,0.0625,4.1,0.06016449,1780406836169,4.1,56.87,68960.38,BTC-5JUN26,68966.94,0.06025,68968.38,5JUN26,65000,,C,BTC-5JUN26-65000-C
,0.0001,203.9,0.0,1780406836169,0.0,60.97,68966.94,index_price,68966.94,,68968.38,3JUN26,80000,,C,BTC-3JUN26-80000-C
0.0565,0.058,603.8,0.05724171,1780406836169,2.2,40.7,70214.12,BTC-25DEC26,68966.94,0.05725,68968.38,25DEC26,84000,,C,BTC-25DEC26-84000-C
0.186,0.1925,0.0,0.18878611,1780406836169,0.0,40.17,69029.24,BTC-19JUN26,68966.94,0.18925,68968.38,19JUN26,82000,,P,BTC-19JUN26-82000-P
0.012,0.013,231.4,0.01258606,1780406836169,229.1,36.58,69418.95,BTC-28AUG26,68966.94,0.0125,68968.38,28AUG26,85000,,C,BTC-28AUG26-85000-C
0.14,0.143,640.7,0.14124594,1780406836169,16.3,37.62,69608.51,BTC-25SEP26,68966.94,0.1415,68968.38,25SEP26,76000,,P,BTC-25SEP26-76000-P
0.003,0.0034,4.5,0.0032285,1780406836169,1.2,39.27,69418.95,BTC-28AUG26,68966.94,0.0032,68968.38,28AUG26,98000,,C,BTC-28AUG26-98000-C
0.157,0.1645,0.0,0.16012369,1780406836169,0.0,60.97,68966.94,index_price,68966.94,0.16075,68968.38,3JUN26,80000,,P,BTC-3JUN26-80000-P
0.0575,0.0655,0.0,0.06138544,1780406836169,0.0,54.26,68966.94,index_price,68966.94,0.0615,68968.38,6JUN26,65000,,C,BTC-6JUN26-65000-C
,0.0002,4.3,2.171e-05,1780406836169,1.1,51.68,68966.94,index_price,68966.94,,68968.38,4JUN26,76500,,C,BTC-4JUN26-76500-C
0.0025,0.0029,68.8,0.00272884,1780406836169,34.5,39.89,69418.95,BTC-28AUG26,68966.94,0.0027,68968.38,28AUG26,100000,,C,BTC-28AUG26-100000-C
0.091,0.093,277.3,0.09209014,1780406836169,4.0,41.6,70214.12,BTC-25DEC26,68966.94,0.092,68968.38,25DEC26,76000,,C,BTC-25DEC26-76000-C
0.0023,0.0026,77.1,0.00248819,1780406836169,79.4,42.34,68966.94,index_price,68966.94,0.00245,68968.38,3JUN26,70000,,C,BTC-3JUN26-70000-C
0.007,0.008,81.2,0.00747762,1780406836169,25.2,48.0,68966.94,index_price,68966.94,0.0075,68968.38,4JUN26,68000,,P,BTC-4JUN26-68000-P
0.0001,0.0002,8.6,6.589e-05,1780406836169,7.0,51.23,68966.94,index_price,68966.94,0.00015,68968.38,4JUN26,75500,,C,BTC-4JUN26-75500-C
0.002,0.0022,63.2,0.0021279,1780406836169,71.3,60.4,68966.94,index_price,68966.94,0.0021,68968.38,3JUN26,67000,,P,BTC-3JUN26-67000-P
0.0001,0.0002,2563.8,0.000148,1780406836169,223.3,116.73,69087.04,BTC-26JUN26,68966.94,0.00015,68968.38,26JUN26,30000,,P,BTC-26JUN26-30000-P
0.0175,0.0185,259.9,0.01820126,1780406836169,137.2,36.55,69418.95,BTC-28AUG26,68966.94,0.018,68968.38,28AUG26,82000,,C,BTC-28AUG26-82000-C
0.0165,0.0175,59.2,0.01688475,1780406836169,1.5,40.43,70214.12,BTC-25DEC26,68966.94,0.017,68968.38,25DEC26,104000,,C,BTC-25DEC26-104000-C
0.0185,0.019,5.5,0.018713,1780406836169,7.7,38.44,69005.64,BTC-12JUN26,68966.94,0.01875,68968.38,12JUN26,70000,,C,BTC-12JUN26-70000-C
0.115,0.117,79.7,0.11617177,1780406836169,0.0,40.4,69613.04,BTC-25SEP26,68966.94,0.116,68968.38,25SEP26,66000,,C,BTC-25SEP26-66000-C
1.1515,1.3105,0.1,1.22713291,1780406836169,0.0,51.97,69613.04,BTC-25SEP26,68966.94,1.231,68968.38,25SEP26,155000,,P,BTC-25SEP26-155000-P
0.0035,0.0038,1039.5,0.00361706,1780406836169,1.0,40.03,69613.04,BTC-25SEP26,68966.94,0.00365,68968.38,25SEP26,105000,,C,BTC-25SEP26-105000-C
0.0485,0.0495,103.9,0.04870665,1780406836169,99.4,37.38,69251.44,BTC-31JUL26,68966.94,0.049,68968.38,31JUL26,71000,,C,BTC-31JUL26-71000-C
0.044,0.0445,1740.0,0.04426245,1780406836169,15.8,40.24,70214.12,BTC-25DEC26,68966.94,0.04425,68968.38,25DEC26,88000,,C,BTC-25DEC26-88000-C
0.036,0.0395,77.9,0.03717307,1780406836169,56.8,44.24,68966.94,index_price,68966.94,0.03775,68968.38,3JUN26,71500,,P,BTC-3JUN26-71500-P
0.0012,0.0014,1396.0,0.00126797,1780406836169,1079.5,38.29,69024.71,BTC-19JUN26,68966.94,0.0013,68968.38,19JUN26,80000,,C,BTC-19JUN26-80000-C
0.07,0.0735,1.0,0.07203688,1780406836169,0.0,42.83,69024.71,BTC-19JUN26,68966.94,0.07175,68968.38,19JUN26,65000,,C,BTC-19JUN26-65000-C
0.5115,0.522,0.0,0.51642404,1780406836169,0.0,41.77,70869.32,BTC-26MAR27,68966.94,0.51675,68968.38,26MAR27,105000,,P,BTC-26MAR27-105000-P
0.173,0.18,0.5,0.17545578,1780406836169,0.0,36.5,69418.95,BTC-28AUG26,68966.94,0.1765,68968.38,28AUG26,80000,,P,BTC-28AUG26-80000-P
0.0505,0.0545,280.5,0.05222663,1780406836169,25.4,37.04,69005.64,BTC-12JUN26,68966.94,0.0525,68968.38,12JUN26,72000,,P,BTC-12JUN26-72000-P
0.021,0.0215,1.0,0.0214462,1780406836169,1.0,44.18,68966.94,index_price,68966.94,0.02125,68968.38,6JUN26,68500,,C,BTC-6JUN26-68500-C
1.5175,1.7,37.1,1.60541631,1780406836169,0.0,85.89,69087.04,BTC-26JUN26,68966.94,1.60875,68968.38,26JUN26,180000,,P,BTC-26JUN26-180000-P
0.0003,0.0005,1054.4,0.00039939,1780406836169,14.7,42.69,69024.71,BTC-19JUN26,68966.94,0.0004,68968.38,19JUN26,85000,,C,BTC-19JUN26-85000-C
0.0047,0.005,96.0,0.00483629,1780406836169,98.3,44.34,68966.94,index_price,68966.94,0.00485,68968.38,3JUN26,69500,,C,BTC-3JUN26-69500-C
0.0037,0.004,119.7,0.00393821,1780406836169,140.0,39.81,68961.07,BTC-5JUN26,68966.94,0.00385,68968.38,5JUN26,71000,,C,BTC-5JUN26-71000-C
0.5875,0.5975,929.2,0.59229235,1780406836169,0.0,61.98,69087.04,BTC-26JUN26,68966.94,0.5925,68968.38,26JUN26,110000,,P,BTC-26JUN26-110000-P
0.011,0.012,1.8,0.01134272,1780406836169,1.8,49.02,69423.48,BTC-28AUG26,68966.94,0.0115,68968.38,28AUG26,52000,,P,BTC-28AUG26-52000-P
0.203,0.21,196.8,0.20554654,1780406836169,2.3,37.03,69613.04,BTC-25SEP26,68966.94,0.2065,68968.38,25SEP26,82000,,P,BTC-25SEP26-82000-P
0.6005,0.6255,0.0,0.60612718,1780406836169,0.0,41.86,70869.32,BTC-26MAR27,68966.94,0.613,68968.38,26MAR27,112000,,P,BTC-26MAR27-112000-P
0.0705,0.082,0.6,0.07313646,1780406836169,1.0,55.32,68966.94,index_price,68966.94,0.07625,68968.38,3JUN26,74000,,P,BTC-3JUN26-74000-P
0.009,0.01,1243.2,0.00941254,1780406836169,105.9,36.07,69251.44,BTC-31JUL26,68966.94,0.0095,68968.38,31JUL26,82000,,C,BTC-31JUL26-82000-C
0.229,0.2315,39.6,0.23053733,1780406836169,0.0,45.99,70214.12,BTC-25DEC26,68966.94,0.23025,68968.38,25DEC26,58000,,C,BTC-25DEC26-58000-C
0.036,0.037,96.3,0.03637737,1780406836169,8.0,40.2,69251.44,BTC-31JUL26,68966.94,0.0365,68968.38,31JUL26,65000,,P,BTC-31JUL26-65000-P
0.047,0.0485,31.2,0.04765476,1780406836169,18.4,40.03,69418.95,BTC-28AUG26,68966.94,0.04775,68968.38,28AUG26,65000,,P,BTC-28AUG26-65000-P
0.5155,0.525,310.9,0.51997842,1780406836169,0.0,59.07,69087.04,BTC-26JUN26,68966.94,0.52025,68968.38,26JUN26,105000,,P,BTC-26JUN26-105000-P
0.078,0.107,0.2,0.08037425,1780406836169,0.2,55.41,68966.94,index_price,68966.94,0.0925,68968.38,3JUN26,74500,,P,BTC-3JUN26-74500-P
,0.0001,1944.0,7.47e-06,1780406836169,0.0,63.95,69087.04,BTC-26JUN26,68966.94,,68968.38,26JUN26,125000,,C,BTC-26JUN26-125000-C
0.228,0.235,2850.2,0.23119428,1780406836169,5.3,39.74,69087.04,BTC-26JUN26,68966.94,0.2315,68968.38,26JUN26,85000,,P,BTC-26JUN26-85000-P
0.71,0.711,103.6,0.71052827,1780406836169,0.2,144.1,69087.04,BTC-26JUN26,68966.94,0.7105,68968.38,26JUN26,20000,,C,BTC-26JUN26-20000-C
0.072,0.0755,14.2,0.07338061,1780406836169,0.4,46.46,68966.94,index_price,68966.94,0.07375,68968.38,4JUN26,74000,,P,BTC-4JUN26-74000-P
0.0635,0.065,189.6,0.06433252,1780406836169,15.5,40.4,69613.04,BTC-25SEP26,68966.94,0.06425,68968.38,25SEP26,66000,,P,BTC-25SEP26-66000-P
0.0535,0.0545,1666.7,0.05390738,1780406836169,43.1,40.65,70209.59,BTC-25DEC26,68966.94,0.054,68968.38,25DEC26,85000,,C,BTC-25DEC26-85000-C
0.4155,0.4245,0.7,0.41997998,1780406836169,0.0,40.25,70214.12,BTC-25DEC26,68966.94,0.42,68968.38,25DEC26,98000,,P,BTC-25DEC26-98000-P
0.3,0.3075,0.5,0.30351344,1780406836169,0.1,37.18,69418.95,BTC-28AUG26,68966.94,0.30375,68968.38,28AUG26,90000,,P,BTC-28AUG26-90000-P
0.114,0.116,55.8,0.11479245,1780406836169,34.3,42.68,70869.32,BTC-26MAR27,68966.94,0.115,68968.38,26MAR27,78000,,C,BTC-26MAR27-78000-C
0.066,0.068,457.5,0.06711611,1780406836169,2.0,41.17,69087.04,BTC-26JUN26,68966.94,0.067,68968.38,26JUN26,66000,,C,BTC-26JUN26-66000-C
0.234,0.2425,0.4,0.23704475,1780406836169,0.0,36.58,69418.95,BTC-28AUG26,68966.94,0.23825,68968.38,28AUG26,85000,,P,BTC-28AUG26-85000-P
1.7765,1.9785,0.1,1.87331091,1780406836169,0.0,58.55,69613.04,BTC-25SEP26,68966.94,1.8775,68968.38,25SEP26,200000,,P,BTC-25SEP26-200000-P
0.085,0.086,1.0,0.08533742,1780406836169,1.1,38.85,69423.48,BTC-28AUG26,68966.94,0.0855,68968.38,28AUG26,68000,,C,BTC-28AUG26-68000-C
0.8765,0.887,106.4,0.88169732,1780406836169,4.3,68.16,69087.04,BTC-26JUN26,68966.94,0.88175,68968.38,26JUN26,130000,,P,BTC-26JUN26-130000-P
0.0004,0.0006,0.0,0.00049593,1780406836169,0.0,43.23,68966.94,index_price,68966.94,0.0005,68968.38,6JUN26,75000,,C,BTC-6JUN26-75000-C
0.26,0.2645,0.0,0.2622621,1780406836169,0.0,49.02,69418.95,BTC-28AUG26,68966.94,0.26225,68968.38,28AUG26,52000,,C,BTC-28AUG26-52000-C
0.0255,0.028,25.7,0.02599106,1780406836169,20.4,40.64,68966.94,index_price,68966.94,0.02675,68968.38,4JUN26,70500,,P,BTC-4JUN26-70500-P
0.005,0.006,0.0,0.00571554,1780406836169,0.0,50.01,68966.94,index_price,68966.94,0.0055,68968.38,4JUN26,67500,,P,BTC-4JUN26-67500-P
0.0815,0.083,211.1,0.08209592,1780406836169,0.1,41.36,70214.12,BTC-25DEC26,68966.94,0.08225,68968.38,25DEC26,78000,,C,BTC-25DEC26-78000-C
0.0016,0.0017,2461.1,0.0016517,1780406836169,11.9,67.07,69087.04,BTC-26JUN26,68966.94,0.00165,68968.38,26JUN26,50000,,P,BTC-26JUN26-50000-P
0.239,0.2455,491.8,0.24167407,1780406836169,0.0,37.09,69613.04,BTC-25SEP26,68966.94,0.24225,68968.38,25SEP26,85000,,P,BTC-25SEP26-85000-P
0.043,0.0465,58.7,0.04430335,1780406836169,9.6,47.09,68966.94,index_price,68966.94,0.04475,68968.38,3JUN26,72000,,P,BTC-3JUN26-72000-P
0.2345,0.2375,0.0,0.23604504,1780406836169,0.0,47.02,69418.95,BTC-28AUG26,68966.94,0.236,68968.38,28AUG26,54000,,C,BTC-28AUG26-54000-C
,0.0001,290.8,0.0,1780406836169,0.0,72.07,68960.38,BTC-5JUN26,68966.94,,68968.38,5JUN26,95000,,C,BTC-5JUN26-95000-C
0.0005,0.0008,42.8,0.00063839,1780406836169,0.0,44.59,69251.44,BTC-31JUL26,68966.94,0.00065,68968.38,31JUL26,106000,,C,BTC-31JUL26-106000-C
0.0445,0.052,0.0,0.04863904,1780406836169,0.0,51.09,68966.94,index_price,68966.94,0.04825,68968.38,6JUN26,66000,,C,BTC-6JUN26-66000-C
0.0245,0.0255,504.2,0.02477762,1780406836169,109.6,42.23,69251.44,BTC-31JUL26,68966.94,0.025,68968.38,31JUL26,62000,,P,BTC-31JUL26-62000-P
0.1095,0.1385,0.0,0.11672805,1780406836169,0.0,49.02,68966.94,index_price,68966.94,0.124,68968.38,6JUN26,77000,,P,BTC-6JUN26-77000-P
0.029,0.0365,0.0,0.03261829,1780406836169,0.0,51.78,68966.94,index_price,68966.94,0.03275,68968.38,4JUN26,67000,,C,BTC-4JUN26-67000-C
0.378,0.3875,90.5,0.38207903,1780406836169,0.0,40.22,70214.12,BTC-25DEC26,68966.94,0.38275,68968.38,25DEC26,95000,,P,BTC-25DEC26-95000-P
