bid_price,ask_price,open_interest,mark_price,creation_timestamp_x,volume,mark_iv,underlying_price,underlying_index,estimated_delivery_price,mid_price,price_index,expiration_timestamp,strike,settlement_period,option_type,instrument_id
0.229,0.2385,0.2,0.23213105,1780406847430,0.0,68.54,68992.62,BTC-5JUN26,68991.54,0.23375,68999.11,5JUN26,85000,,P,BTC-5JUN26-85000-P
0.131,0.1325,2970.9,0.13156245,1780406847430,6.2,37.86,69638.08,BTC-25SEP26,68991.54,0.13175,68999.11,25SEP26,75000,,P,BTC-25SEP26-75000-P
0.0033,0.0037,1436.8,0.00346537,1780406847430,5.9,44.77,70239.56,BTC-25DEC26,68991.54,0.0035,68999.11,25DEC26,140000,,C,BTC-25DEC26-140000-C
0.012,0.013,2245.4,0.01266126,1780406847430,214.5,37.36,69638.08,BTC-25SEP26,68991.54,0.0125,68999.11,25SEP26,90000,,C,BTC-25SEP26-90000-C
0.173,0.1755,148.1,0.17425707,1780406847430,1.7,41.6,70239.27,BTC-25DEC26,68991.54,0.17425,68999.11,25DEC26,76000,,P,BTC-25DEC26-76000-P
0.0003,0.0005,1202.3,0.00044165,1780406847430,0.1,58.35,70239.27,BTC-25DEC26,68991.54,0.0004,68999.11,25DEC26,250000,,C,BTC-25DEC26-250000-C
0.018,0.019,31.9,0.01873335,1780406847430,50.9,42.32,68992.82,BTC-5JUN26,68991.54,0.0185,68999.11,5JUN26,69500,,P,BTC-5JUN26-69500-P
0.161,0.163,901.1,0.16206705,1780406847430,0.9,43.84,70895.91,BTC-26MAR27,68991.54,0.162,68999.11,26MAR27,70000,,C,BTC-26MAR27-70000-C
0.357,0.3675,7.6,0.36036563,1780406847430,0.0,47.42,69117.61,BTC-26JUN26,68991.54,0.36225,68999.11,26JUN26,94000,,P,BTC-26JUN26-94000-P
0.0007,0.0009,14.1,0.00082917,1780406847430,29.0,40.66,68991.54,index_price,68991.54,0.0008,68999.11,4JUN26,72000,,C,BTC-4JUN26-72000-C
,0.0001,264.7,9e-06,1780406847430,0.0,85.88,69117.61,BTC-26JUN26,68991.54,,68999.11,26JUN26,155000,,C,BTC-26JUN26-155000-C
0.0085,0.0095,25.1,0.00906178,1780406847430,13.3,37.1,69450.37,BTC-28AUG26,68991.54,0.009,68999.11,28AUG26,88000,,C,BTC-28AUG26-88000-C
0.191,0.1975,104.0,0.19321627,1780406847430,0.0,36.07,69276.88,BTC-31JUL26,68991.54,0.19425,68999.11,31JUL26,82000,,P,BTC-31JUL26-82000-P
0.0007,0.0008,1064.7,0.00071299,1780406847430,27.4,40.49,69117.61,BTC-26JUN26,68991.54,0.00075,68999.11,26JUN26,86000,,C,BTC-26JUN26-86000-C
0.055,0.06,0.0,0.05828543,1780406847430,0.0,72.24,68991.54,index_price,68991.54,0.0575,68999.11,3JUN26,65000,,C,BTC-3JUN26-65000-C
0.02,0.021,78.4,0.02048956,1780406847430,54.1,41.71,68991.54,index_price,68991.54,0.0205,68999.11,4JUN26,70000,,P,BTC-4JUN26-70000-P
0.1655,0.171,375.9,0.16782927,1780406847430,6.2,35.96,69276.88,BTC-31JUL26,68991.54,0.16825,68999.11,31JUL26,80000,,P,BTC-31JUL26-80000-P
0.0735,0.0745,108.3,0.07381968,1780406847430,7.7,37.38,69276.88,BTC-31JUL26,68991.54,0.074,68999.11,31JUL26,71000,,P,BTC-31JUL26-71000-P
0.6545,0.6695,0.1,0.66059985,1780406847430,0.0,49.75,69276.88,BTC-31JUL26,68991.54,0.662,68999.11,31JUL26,115000,,P,BTC-31JUL26-115000-P
,0.0001,8.0,5.3e-07,1780406847430,0.0,59.32,68991.54,index_price,68991.54,,68999.11,4JUN26,81000,,C,BTC-4JUN26-81000-C
0.0905,0.0925,532.1,0.09160126,1780406847430,58.1,43.7,70239.56,BTC-25DEC26,68991.54,0.0915,68999.11,25DEC26,65000,,P,BTC-25DEC26-65000-P
0.0095,0.0105,0.6,0.00987562,1780406847430,0.6,46.71,68991.83,index_price,68991.54,0.01,68999.11,6JUN26,67500,,P,BTC-6JUN26-67500-P
0.017,0.018,125.1,0.01737877,1780406847430,145.1,42.72,68991.83,index_price,68991.54,0.0175,68999.11,6JUN26,69000,,P,BTC-6JUN26-69000-P
0.0075,0.0085,801.4,0.00805476,1780406847430,404.9,36.12,69276.88,BTC-31JUL26,68991.54,0.008,68999.11,31JUL26,83000,,C,BTC-31JUL26-83000-C
0.055,0.063,0.0,0.0592711,1780406847430,0.0,60.99,68991.54,index_price,68991.54,0.059,68999.11,4JUN26,65000,,C,BTC-4JUN26-65000-C
0.0625,0.0635,14.2,0.06287077,1780406847430,0.0,38.15,69276.88,BTC-31JUL26,68991.54,0.063,68999.11,31JUL26,69000,,C,BTC-31JUL26-69000-C
0.032,0.035,324.2,0.03312796,1780406847430,172.1,39.8,68992.82,BTC-5JUN26,68991.54,0.0335,68999.11,5JUN26,71000,,P,BTC-5JUN26-71000-P
0.038,0.039,12.1,0.03829075,1780406847430,10.6,40.97,69450.37,BTC-28AUG26,68991.54,0.0385,68999.11,28AUG26,63000,,P,BTC-28AUG26-63000-P
0.58,0.5935,0.0,0.58534977,1780406847430,0.0,42.92,69450.66,BTC-28AUG26,68991.54,0.58675,68999.11,28AUG26,110000,,P,BTC-28AUG26-110000-P
0.444,0.446,53.2,0.4451357,1780406847430,0.0,57.66,70239.27,BTC-25DEC26,68991.54,0.445,68999.11,25DEC26,40000,,C,BTC-25DEC26-40000-C
0.9195,0.9355,0.6,0.92626549,1780406847430,0.0,44.32,70239.27,BTC-25DEC26,68991.54,0.9275,68999.11,25DEC26,135000,,P,BTC-25DEC26-135000-P
0.057,0.06,24.9,0.05826755,1780406847430,0.9,55.34,68991.54,index_price,68991.54,0.0585,68999.11,3JUN26,73000,,P,BTC-3JUN26-73000-P
0.034,0.0355,101.0,0.03475988,1780406847430,0.4,41.77,70895.91,BTC-26MAR27,68991.54,0.03475,68999.11,26MAR27,105000,,C,BTC-26MAR27-105000-C
0.4495,0.484,11.7,0.45382534,1780406847430,0.0,41.75,70895.91,BTC-26MAR27,68991.54,0.46675,68999.11,26MAR27,100000,,P,BTC-26MAR27-100000-P
0.0215,0.0225,16.9,0.0218613,1780406847430,0.9,43.96,69450.37,BTC-28AUG26,68991.54,0.022,68999.11,28AUG26,58000,,P,BTC-28AUG26-58000-P
0.0965,0.099,1.0,0.09790895,1780406847430,1.0,40.2,69276.88,BTC-31JUL26,68991.54,0.09775,68999.11,31JUL26,65000,,C,BTC-31JUL26-65000-C
0.185,0.192,0.0,0.18699236,1780406847430,0.0,36.52,69450.66,BTC-28AUG26,68991.54,0.1885,68999.11,28AUG26,81000,,P,BTC-28AUG26-81000-P
0.0345,0.0385,0.0,0.03706445,1780406847430,0.0,48.24,68991.83,index_price,68991.54,0.0365,68999.11,6JUN26,67000,,C,BTC-6JUN26-67000-C
,0.0001,135.9,0.0,1780406847430,0.0,99.84,69117.61,BTC-26JUN26,68991.54,,68999.11,26JUN26,320000,,C,BTC-26JUN26-320000-C
0.0002,0.0003,222.6,0.00024841,1780406847430,0.4,47.42,69117.61,BTC-26JUN26,68991.54,0.00025,68999.11,26JUN26,94000,,C,BTC-26JUN26-94000-C
0.958,1.1,23.1,1.02571496,1780406847430,0.0,75.63,69117.9,BTC-26JUN26,68991.54,1.029,68999.11,26JUN26,140000,,P,BTC-26JUN26-140000-P
0.0575,0.0605,7.9,0.05858436,1780406847430,0.8,43.44,68991.54,index_price,68991.54,0.059,68999.11,4JUN26,73000,,P,BTC-4JUN26-73000-P
0.0085,0.0095,681.0,0.00904905,1780406847430,14.0,43.44,70895.91,BTC-26MAR27,68991.54,0.009,68999.11,26MAR27,140000,,C,BTC-26MAR27-140000-C
1.1675,1.325,1.8,1.24275549,1780406847430,0.0,85.88,69117.61,BTC-26JUN26,68991.54,1.24625,68999.11,26JUN26,155000,,P,BTC-26JUN26-155000-P
0.0002,0.0004,140.8,0.00032961,1780406847430,158.8,44.23,68991.54,index_price,68991.54,0.0003,68999.11,3JUN26,71500,,C,BTC-3JUN26-71500-C
0.191,0.1935,67.3,0.19220738,1780406847430,0.1,44.55,70239.27,BTC-25DEC26,68991.54,0.19225,68999.11,25DEC26,62000,,C,BTC-25DEC26-62000-C
0.0615,0.064,3227.8,0.06259824,1780406847430,340.7,36.69,69117.61,BTC-26JUN26,68991.54,0.06275,68999.11,26JUN26,72000,,P,BTC-26JUN26-72000-P
0.0024,0.0027,4997.7,0.00252622,1780406847430,994.5,36.6,69117.61,BTC-26JUN26,68991.54,0.00255,68999.11,26JUN26,80000,,C,BTC-26JUN26-80000-C
0.0001,0.0002,1333.1,0.00014716,1780406847430,3.7,52.01,69035.95,BTC-12JUN26,68991.54,0.00015,68999.11,12JUN26,86000,,C,BTC-12JUN26-86000-C
0.0435,0.049,1.1,0.04743604,1780406847430,1.1,53.33,68992.62,BTC-5JUN26,68991.54,0.04625,68999.11,5JUN26,66000,,C,BTC-5JUN26-66000-C
0.57,0.572,98.8,0.57133904,1780406847430,1.0,74.19,69638.08,BTC-25SEP26,68991.54,0.571,68999.11,25SEP26,30000,,C,BTC-25SEP26-30000-C
0.554,0.568,0.0,0.55972616,1780406847430,0.0,46.17,69276.88,BTC-31JUL26,68991.54,0.561,68999.11,31JUL26,108000,,P,BTC-31JUL26-108000-P
0.037,0.038,55.1,0.03722835,1780406847430,33.3,36.76,69276.88,BTC-31JUL26,68991.54,0.0375,68999.11,31JUL26,73000,,C,BTC-31JUL26-73000-C
0.0295,0.031,42.1,0.03048558,1780406847430,1.0,41.79,70895.91,BTC-26MAR27,68991.54,0.03025,68999.11,26MAR27,108000,,C,BTC-26MAR27-108000-C
0.6605,0.67,289.9,0.6640182,1780406847430,1.0,63.2,69117.61,BTC-26JUN26,68991.54,0.66525,68999.11,26JUN26,115000,,P,BTC-26JUN26-115000-P
1.657,1.8495,5.8,1.74917326,1780406847430,0.0,85.9,69117.61,BTC-26JUN26,68991.54,1.75325,68999.11,26JUN26,190000,,P,BTC-26JUN26-190000-P
0.0009,0.0011,86.2,0.00099752,1780406847430,92.5,66.65,68991.54,index_price,68991.54,0.001,68999.11,3JUN26,66000,,P,BTC-3JUN26-66000-P
0.0002,0.0006,352.6,0.00029241,1780406847430,0.0,55.52,69638.37,BTC-25SEP26,68991.54,0.0004,68999.11,25SEP26,170000,,C,BTC-25SEP26-170000-C
0.2095,0.212,137.5,0.21088131,1780406847430,0.0,45.2,70239.27,BTC-25DEC26,68991.54,0.21075,68999.11,25DEC26,60000,,C,BTC-25DEC26-60000-C
1.6375,1.8305,0.0,1.72854538,1780406847430,0.0,58.55,69638.37,BTC-25SEP26,68991.54,1.734,68999.11,25SEP26,190000,,P,BTC-25SEP26-190000-P
0.0011,0.0013,1112.6,0.00118541,1780406847430,4.1,40.77,69276.88,BTC-31JUL26,68991.54,0.0012,68999.11,31JUL26,98000,,C,BTC-31JUL26-98000-C
0.051,0.052,5.2,0.05156787,1780406847430,0.2,37.35,69450.66,BTC-28AUG26,68991.54,0.0515,68999.11,28AUG26,73000,,C,BTC-28AUG26-73000-C
0.008,0.009,393.1,0.0084269,1780406847430,515.0,45.25,69035.95,BTC-12JUN26,68991.54,0.0085,68999.11,12JUN26,65000,,P,BTC-12JUN26-65000-P
0.0475,0.049,163.7,0.04842387,1780406847430,200.7,37.29,69056.15,BTC-19JUN26,68991.54,0.04825,68999.11,19JUN26,71000,,P,BTC-19JUN26-71000-P
,0.0001,200.1,0.0,1780406847430,0.0,90.33,69117.61,BTC-26JUN26,68991.54,,68999.11,26JUN26,250000,,C,BTC-26JUN26-250000-C
0.0635,0.065,1213.2,0.0640294,1780406847430,0.0,47.66,70895.91,BTC-26MAR27,68991.54,0.06425,68999.11,26MAR27,55000,,P,BTC-26MAR27-55000-P
0.007,0.0075,197.6,0.00710528,1780406847430,58.1,36.54,69276.88,BTC-31JUL26,68991.54,0.00725,68999.11,31JUL26,84000,,C,BTC-31JUL26-84000-C
0.1875,0.1905,14.7,0.18867024,1780406847430,0.3,67.39,68992.62,BTC-5JUN26,68991.54,0.189,68999.11,5JUN26,82000,,P,BTC-5JUN26-82000-P
0.1855,0.1925,1.0,0.18804347,1780406847430,0.0,44.8,69035.95,BTC-12JUN26,68991.54,0.189,68999.11,12JUN26,82000,,P,BTC-12JUN26-82000-P
0.1955,0.1985,29.2,0.19725385,1780406847430,0.0,44.18,69638.08,BTC-25SEP26,68991.54,0.197,68999.11,25SEP26,58000,,C,BTC-25SEP26-58000-C
,0.0001,97.4,4e-08,1780406847430,0.0,60.97,68991.54,index_price,68991.54,,68999.11,3JUN26,78000,,C,BTC-3JUN26-78000-C
0.1305,0.135,2145.0,0.13290599,1780406847430,24.3,36.03,69117.61,BTC-26JUN26,68991.54,0.13275,68999.11,26JUN26,78000,,P,BTC-26JUN26-78000-P
0.524,0.5845,0.0,0.52856198,1780406847430,0.0,41.78,70895.91,BTC-26MAR27,68991.54,0.55425,68999.11,26MAR27,106000,,P,BTC-26MAR27-106000-P
0.029,0.03,11.1,0.02962501,1780406847430,11.1,40.11,68991.83,index_price,68991.54,0.0295,68999.11,6JUN26,70500,,P,BTC-6JUN26-70500-P
0.0017,0.002,27.3,0.00186833,1780406847430,4.0,41.49,69450.37,BTC-28AUG26,68991.54,0.00185,68999.11,28AUG26,105000,,C,BTC-28AUG26-105000-C
3.164,3.4655,0.0,3.30797023,1780406847430,0.0,64.66,69638.08,BTC-25SEP26,68991.54,3.31475,68999.11,25SEP26,300000,,P,BTC-25SEP26-300000-P
0.112,0.1205,0.0,0.11677178,1780406847430,0.0,67.37,68991.83,index_price,68991.54,0.11625,68999.11,6JUN26,61000,,C,BTC-6JUN26-61000-C
1.89,2.105,0.0,1.99051892,1780406847431,0.0,54.18,70239.56,BTC-25DEC26,68991.54,1.9975,68999.11,25DEC26,210000,,P,BTC-25DEC26-210000-P
0.0033,0.0036,543.5,0.00342436,1780406847431,0.6,66.85,69638.37,BTC-25SEP26,68991.54,0.00345,68999.11,25SEP26,35000,,P,BTC-25SEP26-35000-P
0.0365,0.0445,0.0,0.0405703,1780406847431,0.0,39.64,68991.83,index_price,68991.54,0.0405,68999.11,6JUN26,71500,,P,BTC-6JUN26-71500-P
0.0165,0.0175,83.5,0.01708337,1780406847431,42.4,41.61,69056.15,BTC-19JUN26,68991.54,0.017,68999.11,19JUN26,66000,,P,BTC-19JUN26-66000-P
0.053,0.054,182.0,0.05347399,1780406847431,1.3,41.16,69638.08,BTC-25SEP26,68991.54,0.0535,68999.11,25SEP26,64000,,P,BTC-25SEP26-64000-P
0.9325,1.0145,12.5,0.93937379,1780406847431,0.0,47.62,69638.37,BTC-25SEP26,68991.54,0.9735,68999.11,25SEP26,135000,,P,BTC-25SEP26-135000-P
0.017,0.018,265.2,0.01742524,1780406847431,201.9,45.42,69450.37,BTC-28AUG26,68991.54,0.0175,68999.11,28AUG26,56000,,P,BTC-28AUG26-56000-P
0.073,0.074,5652.8,0.07347519,1780406847431,305.7,41.25,70239.27,BTC-25DEC26,68991.54,0.0735,68999.11,25DEC26,80000,,C,BTC-25DEC26-80000-C
0.507,0.518,107.9,0.51090183,1780406847431,0.0,40.5,70239.27,BTC-25DEC26,68991.54,0.5125,68999.11,25DEC26,105000,,P,BTC-25DEC26-105000-P
1.753,1.9575,0.0,1.84824377,1780406847431,0.0,52.78,70239.56,BTC-25DEC26,68991.54,1.85525,68999.11,25DEC26,200000,,P,BTC-25DEC26-200000-P
0.0003,0.0006,137.9,0.00045442,1780406847431,0.0,49.75,69276.88,BTC-31JUL26,68991.54,0.00045,68999.11,31JUL26,115000,,C,BTC-31JUL26-115000-C
0.004,0.0043,367.4,0.00413093,1780406847431,163.4,53.33,68992.82,BTC-5JUN26,68991.54,0.00415,68999.11,5JUN26,66000,,P,BTC-5JUN26-66000-P
0.0635,0.1275,0.0,0.08732359,1780406847431,0.0,51.22,68991.54,index_price,68991.54,0.0955,68999.11,4JUN26,75000,,P,BTC-4JUN26-75000-P
0.026,0.027,217.4,0.02662326,1780406847431,254.9,39.68,69056.15,BTC-19JUN26,68991.54,0.0265,68999.11,19JUN26,68000,,P,BTC-19JUN26-68000-P
0.239,0.242,4.8,0.24082264,1780406847431,0.0,46.15,70895.91,BTC-26MAR27,68991.54,0.2405,68999.11,26MAR27,60000,,C,BTC-26MAR27-60000-C
1.34,1.5175,0.0,1.42198245,1780406847431,0.0,49.64,70239.27,BTC-25DEC26,68991.54,1.42875,68999.11,25DEC26,170000,,P,BTC-25DEC26-170000-P
0.1295,0.132,0.0,0.13105607,1780406847431,0.0,40.97,69450.66,BTC-28AUG26,68991.54,0.13075,68999.11,28AUG26,63000,,C,BTC-28AUG26-63000-C
,0.0001,657.0,3.96e-06,1780406847431,8.0,68.54,68992.62,BTC-5JUN26,68991.54,,68999.11,5JUN26,85000,,C,BTC-5JUN26-85000-C
0.074,0.0785,405.0,0.07581161,1780406847431,15.6,36.97,69035.66,BTC-12JUN26,68991.54,0.07625,68999.11,12JUN26,74000,,P,BTC-12JUN26-74000-P
0.1145,0.1155,1057.6,0.11506129,1780406847431,2.0,42.12,70239.27,BTC-25DEC26,68991.54,0.115,68999.11,25DEC26,72000,,C,BTC-25DEC26-72000-C
0.0405,0.041,2661.6,0.04074892,1780406847431,141.0,37.25,69638.08,BTC-25SEP26,68991.54,0.04075,68999.11,25SEP26,78000,,C,BTC-25SEP26-78000-C
0.014,0.015,26.3,0.01447026,1780406847431,36.0,44.18,68991.83,index_price,68991.54,0.0145,68999.11,6JUN26,68500,,P,BTC-6JUN26-68500-P
0.1005,0.105,298.5,0.102509,1780406847431,1.0,37.56,69035.95,BTC-12JUN26,68991.54,0.10275,68999.11,12JUN26,76000,,P,BTC-12JUN26-76000-P
0.014,0.015,3394.7,0.01461519,1780406847431,49.0,57.66,70239.27,BTC-25DEC26,68991.54,0.0145,68999.11,25DEC26,40000,,P,BTC-25DEC26-40000-P
0.0022,0.0026,134.5,0.00250951,1780406847431,96.1,37.12,69035.95,BTC-12JUN26,68991.54,0.0024,68999.11,12JUN26,75000,,C,BTC-12JUN26-75000-C
0.0041,0.0044,982.2,0.00427223,1780406847431,17.5,44.32,70239.27,BTC-25DEC26,68991.54,0.00425,68999.11,25DEC26,135000,,C,BTC-25DEC26-135000-C
0.0105,0.011,1286.7,0.01103947,1780406847431,57.6,35.97,69276.88,BTC-31JUL26,68991.54,0.01075,68999.11,31JUL26,81000,,C,BTC-31JUL26-81000-C
0.0525,0.0535,3.8,0.05276305,1780406847431,2.2,39.58,69450.37,BTC-28AUG26,68991.54,0.053,68999.11,28AUG26,66000,,P,BTC-28AUG26-66000-P
,0.0001,941.3,7.99e-06,1780406847431,0.0,71.79,69117.61,BTC-26JUN26,68991.54,,68999.11,26JUN26,135000,,C,BTC-26JUN26-135000-C
0.02,0.021,513.3,0.02057548,1780406847431,8.9,36.01,69276.88,BTC-31JUL26,68991.54,0.0205,68999.11,31JUL26,77000,,C,BTC-31JUL26-77000-C
0.0025,0.0028,1160.8,0.00268414,1780406847431,73.8,56.87,68992.82,BTC-5JUN26,68991.54,0.00265,68999.11,5JUN26,65000,,P,BTC-5JUN26-65000-P
0.0015,0.0017,472.9,0.00163122,1780406847431,312.5,37.56,69035.95,BTC-12JUN26,68991.54,0.0016,68999.11,12JUN26,76000,,C,BTC-12JUN26-76000-C
0.492,0.504,0.0,0.49758049,1780406847431,0.0,40.43,70239.27,BTC-25DEC26,68991.54,0.498,68999.11,25DEC26,104000,,P,BTC-25DEC26-104000-P
0.103,0.108,250.2,0.1050537,1780406847431,0.1,36.49,69056.15,BTC-19JUN26,68991.54,0.1055,68999.11,19JUN26,76000,,P,BTC-19JUN26-76000-P
0.085,0.123,0.0,0.0871406,1780406847431,0.0,55.51,68991.54,index_price,68991.54,0.104,68999.11,3JUN26,75000,,P,BTC-3JUN26-75000-P
0.262,0.267,546.0,0.26416272,1780406847431,0.0,40.65,70239.27,BTC-25DEC26,68991.54,0.2645,68999.11,25DEC26,85000,,P,BTC-25DEC26-85000-P
0.0002,0.0003,808.0,0.00025429,1780406847431,4.6,44.8,69035.95,BTC-12JUN26,68991.54,0.00025,68999.11,12JUN26,82000,,C,BTC-12JUN26-82000-C
0.251,0.256,47.0,0.25326561,1780406847431,0.0,40.7,70239.27,BTC-25DEC26,68991.54,0.2535,68999.11,25DEC26,84000,,P,BTC-25DEC26-84000-P
0.012,0.013,63.1,0.01241355,1780406847431,18.3,44.23,68991.54,index_price,68991.54,0.0125,68999.11,4JUN26,69000,,P,BTC-4JUN26-69000-P
0.0055,0.0065,1001.4,0.00607238,1780406847431,228.2,36.64,69276.88,BTC-31JUL26,68991.54,0.006,68999.11,31JUL26,85000,,C,BTC-31JUL26-85000-C
,0.0001,696.8,8.7e-07,1780406847431,0.0,72.07,68992.62,BTC-5JUN26,68991.54,,68999.11,5JUN26,88000,,C,BTC-5JUN26-88000-C
0.2265,0.2345,33.9,0.22897539,1780406847431,0.0,37.06,69638.08,BTC-25SEP26,68991.54,0.2305,68999.11,25SEP26,84000,,P,BTC-25SEP26-84000-P
1.4555,1.646,0.0,1.54241407,1780406847431,0.0,47.02,70895.91,BTC-26MAR27,68991.54,1.55075,68999.11,26MAR27,180000,,P,BTC-26MAR27-180000-P
3.7545,4.0995,0.0,3.91957294,1780406847431,0.0,102.06,69117.61,BTC-26JUN26,68991.54,3.927,68999.11,26JUN26,340000,,P,BTC-26JUN26-340000-P
0.0055,0.006,12.8,0.00576651,1780406847431,12.8,41.71,68991.54,index_price,68991.54,0.00575,68999.11,4JUN26,70000,,C,BTC-4JUN26-70000-C
1.3075,1.475,0.5,1.38744255,1780406847431,0.0,85.89,69117.61,BTC-26JUN26,68991.54,1.39125,68999.11,26JUN26,165000,,P,BTC-26JUN26-165000-P
0.0765,0.081,0.2,0.07931916,1780406847431,0.1,47.07,69035.95,BTC-12JUN26,68991.54,0.07875,68999.11,12JUN26,64000,,C,BTC-12JUN26-64000-C
0.4685,0.4815,0.1,0.47338032,1780406847431,0.0,43.0,69276.88,BTC-31JUL26,68991.54,0.475,68999.11,31JUL26,102000,,P,BTC-31JUL26-102000-P
0.327,0.3375,0.4,0.33041357,1780406847431,0.0,38.46,69276.88,BTC-31JUL26,68991.54,0.33225,68999.11,31JUL26,92000,,P,BTC-31JUL26-92000-P
0.0004,0.0007,759.1,0.00048443,1780406847431,0.0,51.2,69638.37,BTC-25SEP26,68991.54,0.00055,68999.11,25SEP26,150000,,C,BTC-25SEP26-150000-C
,0.0002,819.9,7.45e-06,1780406847431,6.1,67.87,68992.62,BTC-5JUN26,68991.54,,68999.11,5JUN26,84000,,C,BTC-5JUN26-84000-C
0.053,0.0565,1.1,0.05519865,1780406847431,1.1,43.66,69035.95,BTC-12JUN26,68991.54,0.05475,68999.11,12JUN26,66000,,C,BTC-12JUN26-66000-C
0.804,0.8155,75.4,0.80867406,1780406847431,0.0,63.95,69117.61,BTC-26JUN26,68991.54,0.80975,68999.11,26JUN26,125000,,P,BTC-26JUN26-125000-P
0.0017,0.002,0.8,0.00187607,1780406847431,0.8,61.03,68991.83,index_price,68991.54,0.00185,68999.11,6JUN26,63000,,P,BTC-6JUN26-63000-P
1.29,1.4595,0.0,1.36972136,1780406847431,0.0,54.68,69638.08,BTC-25SEP26,68991.54,1.37475,68999.11,25SEP26,165000,,P,BTC-25SEP26-165000-P
0.174,0.176,233.3,0.17499622,1780406847431,1.0,43.04,69638.08,BTC-25SEP26,68991.54,0.175,68999.11,25SEP26,60000,,C,BTC-25SEP26-60000-C
0.5775,0.589,116.7,0.58200618,1780406847431,0.0,40.74,69638.08,BTC-25SEP26,68991.54,0.58325,68999.11,25SEP26,110000,,P,BTC-25SEP26-110000-P
0.0365,0.0395,43.6,0.03787793,1780406847431,25.6,40.61,68991.54,index_price,68991.54,0.038,68999.11,4JUN26,71500,,P,BTC-4JUN26-71500-P
0.011,0.0115,164.8,0.01119465,1780406847431,58.8,36.39,69056.15,BTC-19JUN26,68991.54,0.01125,68999.11,19JUN26,73000,,C,BTC-19JUN26-73000-C
0.0041,0.0045,158.2,0.00435561,1780406847431,95.7,36.49,69055.86,BTC-19JUN26,68991.54,0.0043,68999.11,19JUN26,76000,,C,BTC-19JUN26-76000-C
0.0001,0.0002,7.0,0.00018131,1780406847431,0.8,47.88,69056.15,BTC-19JUN26,68991.54,0.00015,68999.11,19JUN26,90000,,C,BTC-19JUN26-90000-C
4.48,4.5205,0.2,4.49834623,1780406847431,0.0,102.24,69117.61,BTC-26JUN26,68991.54,4.50025,68999.11,26JUN26,380000,,P,BTC-26JUN26-380000-P
0.1015,0.103,0.0,0.10232672,1780406847431,0.0,39.58,69450.66,BTC-28AUG26,68991.54,0.10225,68999.11,28AUG26,66000,,C,BTC-28AUG26-66000-C
0.0046,0.0055,1507.4,0.00506929,1780406847431,1.9,43.52,70239.27,BTC-25DEC26,68991.54,0.00505,68999.11,25DEC26,130000,,C,BTC-25DEC26-130000-C
,0.0002,247.6,2.403e-05,1780406847431,0.9,61.2,69638.08,BTC-25SEP26,68991.54,,68999.11,25SEP26,240000,,C,BTC-25SEP26-240000-C
0.217,0.2235,31.5,0.21973325,1780406847431,0.0,36.54,69277.17,BTC-31JUL26,68991.54,0.22025,68999.11,31JUL26,84000,,P,BTC-31JUL26-84000-P
0.061,0.0625,66.2,0.06157554,1780406847431,0.0,41.78,70895.91,BTC-26MAR27,68991.54,0.06175,68999.11,26MAR27,92000,,C,BTC-26MAR27-92000-C
0.0002,0.0003,0.0,0.00025477,1780406847431,0.0,49.02,68991.83,index_price,68991.54,0.00025,68999.11,6JUN26,77000,,C,BTC-6JUN26-77000-C
0.0001,0.0002,458.3,0.00013964,1780406847431,4.9,63.54,68992.62,BTC-5JUN26,68991.54,0.00015,68999.11,5JUN26,79000,,C,BTC-5JUN26-79000-C
0.4965,0.511,0.0,0.50215013,1780406847431,0.0,44.11,69277.17,BTC-31JUL26,68991.54,0.50375,68999.11,31JUL26,104000,,P,BTC-31JUL26-104000-P
0.0395,0.0405,97.9,0.04006916,1780406847431,18.9,37.99,69056.15,BTC-19JUN26,68991.54,0.04,68999.11,19JUN26,70000,,P,BTC-19JUN26-70000-P
0.402,0.411,1.4,0.40566316,1780406847431,1.0,41.69,70895.91,BTC-26MAR27,68991.54,0.4065,68999.11,26MAR27,96000,,P,BTC-26MAR27-96000-P
0.0425,0.0435,60.2,0.04271638,1780406847431,1.3,40.5,69450.66,BTC-28AUG26,68991.54,0.043,68999.11,28AUG26,64000,,P,BTC-28AUG26-64000-P
0.156,0.2115,0.0,0.18867572,1780406847431,0.0,59.32,68991.54,index_price,68991.54,0.18375,68999.11,4JUN26,82000,,P,BTC-4JUN26-82000-P
0.6485,0.6605,91.7,0.65324761,1780406847431,0.0,42.23,69638.08,BTC-25SEP26,68991.54,0.6545,68999.11,25SEP26,115000,,P,BTC-25SEP26-115000-P
0.012,0.0125,2.5,0.01230886,1780406847431,3.6,45.09,68992.82,BTC-5JUN26,68991.54,0.01225,68999.11,5JUN26,68500,,P,BTC-5JUN26-68500-P
0.1375,0.141,440.2,0.1393091,1780406847431,5.4,48.91,69117.61,BTC-26JUN26,68991.54,0.13925,68999.11,26JUN26,60000,,C,BTC-26JUN26-60000-C
0.0545,0.055,1909.0,0.05457106,1780406847431,169.0,37.86,69638.08,BTC-25SEP26,68991.54,0.05475,68999.11,25SEP26,75000,,C,BTC-25SEP26-75000-C
0.5115,0.5245,0.0,0.51648737,1780406847431,0.0,44.24,69276.88,BTC-31JUL26,68991.54,0.518,68999.11,31JUL26,105000,,P,BTC-31JUL26-105000-P
0.209,0.217,0.0,0.21142298,1780406847431,0.0,36.56,69450.66,BTC-28AUG26,68991.54,0.213,68999.11,28AUG26,83000,,P,BTC-28AUG26-83000-P
,0.0001,554.4,1.4e-07,1780406847431,0.0,85.9,69117.61,BTC-26JUN26,68991.54,,68999.11,26JUN26,190000,,C,BTC-26JUN26-190000-C
0.1145,0.117,275.8,0.11576669,1780406847431,0.1,44.93,70895.91,BTC-26MAR27,68991.54,0.11575,68999.11,26MAR27,65000,,P,BTC-26MAR27-65000-P
0.0865,0.0895,100.8,0.08831803,1780406847431,0.0,39.63,69276.88,BTC-31JUL26,68991.54,0.088,68999.11,31JUL26,66000,,C,BTC-31JUL26-66000-C
0.0555,0.0645,0.0,0.05960679,1780406847431,0.0,39.67,68991.83,index_price,68991.54,0.06,68999.11,6JUN26,73000,,P,BTC-6JUN26-73000-P
0.0005,0.001,150.9,0.00075161,1780406847431,0.3,54.18,70239.27,BTC-25DEC26,68991.54,0.00075,68999.11,25DEC26,210000,,C,BTC-25DEC26-210000-C
0.034,0.0355,221.0,0.03485728,1780406847431,0.1,40.21,70239.27,BTC-25DEC26,68991.54,0.03475,68999.11,25DEC26,92000,,C,BTC-25DEC26-92000-C
2.331,2.573,0.0,2.44639647,1780406847431,0.0,61.2,69638.08,BTC-25SEP26,68991.54,2.452,68999.11,25SEP26,240000,,P,BTC-25SEP26-240000-P
,0.0001,2755.6,1.691e-05,1780406847431,51.3,63.2,69117.61,BTC-26JUN26,68991.54,,68999.11,26JUN26,120000,,C,BTC-26JUN26-120000-C
0.0665,0.0685,297.3,0.06733564,1780406847431,199.3,41.85,70895.91,BTC-26MAR27,68991.54,0.0675,68999.11,26MAR27,90000,,C,BTC-26MAR27-90000-C
0.101,0.1035,404.3,0.10192781,1780406847431,19.0,51.54,68992.82,BTC-5JUN26,68991.54,0.10225,68999.11,5JUN26,76000,,P,BTC-5JUN26-76000-P
0.369,0.378,151.5,0.37224039,1780406847431,0.0,38.06,69638.08,BTC-25SEP26,68991.54,0.3735,68999.11,25SEP26,95000,,P,BTC-25SEP26-95000-P
0.05,0.0515,108.9,0.05058589,1780406847431,7.4,40.49,70239.27,BTC-25DEC26,68991.54,0.05075,68999.11,25DEC26,86000,,C,BTC-25DEC26-86000-C
1.1835,1.358,0.0,1.26225258,1780406847431,0.0,45.31,70896.2,BTC-26MAR27,68991.54,1.27075,68999.11,26MAR27,160000,,P,BTC-26MAR27-160000-P
0.1025,0.104,27.2,0.10326851,1780406847431,0.1,41.88,70239.56,BTC-25DEC26,68991.54,0.10325,68999.11,25DEC26,74000,,C,BTC-25DEC26-74000-C
0.015,0.0155,254.9,0.015148,1780406847431,276.0,36.77,69056.15,BTC-19JUN26,68991.54,0.01525,68999.11,19JUN26,72000,,C,BTC-19JUN26-72000-C
0.0005,0.0007,1565.4,0.00051745,1780406847431,119.0,90.36,69117.61,BTC-26JUN26,68991.54,0.0006,68999.11,26JUN26,40000,,P,BTC-26JUN26-40000-P
0.0895,0.093,103.0,0.09105979,1780406847431,74.9,36.76,69276.88,BTC-31JUL26,68991.54,0.09125,68999.11,31JUL26,73000,,P,BTC-31JUL26-73000-P
0.0295,0.0305,604.1,0.03012719,1780406847431,2.6,44.18,69638.08,BTC-25SEP26,68991.54,0.03,68999.11,25SEP26,58000,,P,BTC-25SEP26-58000-P
0.09,0.0945,2.0,0.09228712,1780406847431,0.0,36.47,69056.15,BTC-19JUN26,68991.54,0.09225,68999.11,19JUN26,75000,,P,BTC-19JUN26-75000-P
0.271,0.2745,9.8,0.27325497,1780406847431,0.0,47.75,70239.56,BTC-25DEC26,68991.54,0.27275,68999.11,25DEC26,54000,,C,BTC-25DEC26-54000-C
3.195,3.4995,0.0,3.34079965,1780406847431,0.0,95.76,69117.61,BTC-26JUN26,68991.54,3.34725,68999.11,26JUN26,300000,,P,BTC-26JUN26-300000-P
0.0006,0.0011,942.4,0.00084633,1780406847431,0.0,52.78,70239.56,BTC-25DEC26,68991.54,0.00085,68999.11,25DEC26,200000,,C,BTC-25DEC26-200000-C
0.0055,0.0065,533.5,0.00597602,1780406847431,371.3,36.94,69035.95,BTC-12JUN26,68991.54,0.006,68999.11,12JUN26,73000,,C,BTC-12JUN26-73000-C
0.0001,0.0002,40.0,0.00012032,1780406847431,28.3,51.22,68991.54,index_price,68991.54,0.00015,68999.11,4JUN26,75000,,C,BTC-4JUN26-75000-C
0.0145,0.0155,2.9,0.0150973,1780406847431,2.9,43.57,68992.82,BTC-5JUN26,68991.54,0.015,68999.11,5JUN26,69000,,C,BTC-5JUN26-69000-C
0.044,0.047,638.7,0.04554437,1780406847431,44.0,39.81,68992.62,BTC-5JUN26,68991.54,0.0455,68999.11,5JUN26,72000,,P,BTC-5JUN26-72000-P
0.2425,0.2485,29.9,0.24507556,1780406847431,0.0,40.49,69117.9,BTC-26JUN26,68991.54,0.2455,68999.11,26JUN26,86000,,P,BTC-26JUN26-86000-P
,0.0001,248.8,4.08e-06,1780406847431,0.0,66.78,69638.08,BTC-25SEP26,68991.54,,68999.11,25SEP26,320000,,C,BTC-25SEP26-320000-C
0.3785,0.3815,48.3,0.38040691,1780406847431,0.0,53.23,70239.27,BTC-25DEC26,68991.54,0.38,68999.11,25DEC26,45000,,C,BTC-25DEC26-45000-C
,0.0002,100.6,5.479e-05,1780406847431,91.7,55.34,68991.54,index_price,68991.54,,68999.11,3JUN26,73500,,C,BTC-3JUN26-73500-C
,0.0001,174.2,0.0,1780406847431,0.5,102.24,69117.9,BTC-26JUN26,68991.54,,68999.11,26JUN26,360000,,C,BTC-26JUN26-360000-C
0.0007,0.0009,10.2,0.00080348,1780406847431,10.2,40.77,68991.83,index_price,68991.54,0.0008,68999.11,6JUN26,74000,,C,BTC-6JUN26-74000-C
0.012,0.013,889.7,0.01260692,1780406847431,201.7,36.01,69117.61,BTC-26JUN26,68991.54,0.0125,68999.11,26JUN26,74000,,C,BTC-26JUN26-74000-C
0.05,0.0525,32.5,0.05107736,1780406847431,0.3,52.38,68991.54,index_price,68991.54,0.05125,68999.11,3JUN26,72500,,P,BTC-3JUN26-72500-P
0.019,0.02,0.0,0.01945121,1780406847431,0.0,45.09,68992.82,BTC-5JUN26,68991.54,0.0195,68999.11,5JUN26,68500,,C,BTC-5JUN26-68500-C
,0.0002,214.5,1.531e-05,1780406847431,43.8,67.71,68992.62,BTC-5JUN26,68991.54,,68999.11,5JUN26,83000,,C,BTC-5JUN26-83000-C
0.1105,0.1115,272.0,0.11107095,1780406847431,2.7,43.06,70239.27,BTC-25DEC26,68991.54,0.111,68999.11,25DEC26,68000,,P,BTC-25DEC26-68000-P
0.0043,0.0047,288.5,0.00447389,1780406847431,6.2,36.97,69277.17,BTC-31JUL26,68991.54,0.0045,68999.11,31JUL26,87000,,C,BTC-31JUL26-87000-C
0.4255,0.455,0.2,0.42933215,1780406847431,0.0,41.66,70895.91,BTC-26MAR27,68991.54,0.44025,68999.11,26MAR27,98000,,P,BTC-26MAR27-98000-P
0.6415,0.6545,1.7,0.64676837,1780406847431,0.0,41.44,70239.27,BTC-25DEC26,68991.54,0.648,68999.11,25DEC26,115000,,P,BTC-25DEC26-115000-P
0.439,0.448,0.1,0.44279477,1780406847431,0.1,39.88,69450.66,BTC-28AUG26,68991.54,0.4435,68999.11,28AUG26,100000,,P,BTC-28AUG26-100000-P
0.016,0.019,117.7,0.01724728,1780406847431,133.0,42.33,68991.54,index_price,68991.54,0.0175,68999.11,3JUN26,70000,,P,BTC-3JUN26-70000-P
0.0016,0.002,818.9,0.00179314,1780406847431,17.2,39.12,69276.88,BTC-31JUL26,68991.54,0.0018,68999.11,31JUL26,94000,,C,BTC-31JUL26-94000-C
0.0225,0.023,688.5,0.02274504,1780406847431,0.3,37.06,69638.37,BTC-25SEP26,68991.54,0.02275,68999.11,25SEP26,84000,,C,BTC-25SEP26-84000-C
0.4655,0.4775,0.0,0.47117824,1780406847431,0.0,40.32,70239.27,BTC-25DEC26,68991.54,0.4715,68999.11,25DEC26,102000,,P,BTC-25DEC26-102000-P
0.002,0.0024,53.4,0.00231832,1780406847431,54.9,40.64,68991.54,index_price,68991.54,0.0022,68999.11,4JUN26,71000,,C,BTC-4JUN26-71000-C
0.0002,0.0005,131.1,0.00034031,1780406847431,0.0,54.68,69638.08,BTC-25SEP26,68991.54,0.00035,68999.11,25SEP26,165000,,C,BTC-25SEP26-165000-C
0.0325,0.033,47.0,0.03275127,1780406847431,63.4,38.72,69056.15,BTC-19JUN26,68991.54,0.03275,68999.11,19JUN26,69000,,P,BTC-19JUN26-69000-P
0.411,0.4195,0.0,0.41449536,1780406847431,0.0,39.27,69450.66,BTC-28AUG26,68991.54,0.41525,68999.11,28AUG26,98000,,P,BTC-28AUG26-98000-P
0.058,0.0595,639.5,0.05862397,1780406847431,11.3,40.77,69638.08,BTC-25SEP26,68991.54,0.05875,68999.11,25SEP26,65000,,P,BTC-25SEP26-65000-P
0.0024,0.0027,16.3,0.00249677,1780406847431,10.6,56.31,68991.54,index_price,68991.54,0.00255,68999.11,4JUN26,66000,,P,BTC-4JUN26-66000-P
0.0125,0.0135,1.0,0.0132977,1780406847431,1.0,51.02,68991.54,index_price,68991.54,0.013,68999.11,3JUN26,68500,,C,BTC-3JUN26-68500-C
0.175,0.1785,0.0,0.17734127,1780406847431,0.0,45.51,69276.88,BTC-31JUL26,68991.54,0.17675,68999.11,31JUL26,58000,,C,BTC-31JUL26-58000-C
1.319,1.5015,0.1,1.40213561,1780406847431,0.0,46.11,70895.91,BTC-26MAR27,68991.54,1.41025,68999.11,26MAR27,170000,,P,BTC-26MAR27-170000-P
0.1265,0.131,1.9,0.12965479,1780406847431,0.0,42.24,69277.17,BTC-31JUL26,68991.54,0.12875,68999.11,31JUL26,62000,,C,BTC-31JUL26-62000-C
1.221,1.385,0.6,1.29796762,1780406847431,0.0,53.65,69638.08,BTC-25SEP26,68991.54,1.303,68999.11,25SEP26,160000,,P,BTC-25SEP26-160000-P
0.1805,0.185,718.4,0.18236942,1780406847431,14.0,37.09,69638.08,BTC-25SEP26,68991.54,0.18275,68999.11,25SEP26,80000,,P,BTC-25SEP26-80000-P
0.11,0.154,0.0,0.11621038,1780406847431,0.0,52.64,68991.54,index_price,68991.54,0.132,68999.11,4JUN26,77000,,P,BTC-4JUN26-77000-P
0.0014,0.0015,4431.0,0.00147453,1780406847431,1559.7,37.22,69117.61,BTC-26JUN26,68991.54,0.00145,68999.11,26JUN26,82000,,C,BTC-26JUN26-82000-C
0.0001,0.0004,749.7,0.00018971,1780406847431,0.0,56.38,69638.08,BTC-25SEP26,68991.54,0.00025,68999.11,25SEP26,180000,,C,BTC-25SEP26-180000-C
0.3335,0.341,14.0,0.3369109,1780406847431,0.0,41.85,70896.2,BTC-26MAR27,68991.54,0.33725,68999.11,26MAR27,90000,,P,BTC-26MAR27-90000-P
0.2995,0.307,1671.6,0.30267106,1780406847431,17.9,44.39,69117.61,BTC-26JUN26,68991.54,0.30325,68999.11,26JUN26,90000,,P,BTC-26JUN26-90000-P
0.0065,0.0075,44.7,0.00705458,1780406847432,6.9,37.18,69450.37,BTC-28AUG26,68991.54,0.007,68999.11,28AUG26,90000,,C,BTC-28AUG26-90000-C
0.0125,0.013,5863.8,0.0129455,1780406847432,174.3,35.96,69276.88,BTC-31JUL26,68991.54,0.01275,68999.11,31JUL26,80000,,C,BTC-31JUL26-80000-C
0.0865,0.0885,279.8,0.08720615,1780406847432,2.3,46.15,70895.91,BTC-26MAR27,68991.54,0.0875,68999.11,26MAR27,60000,,P,BTC-26MAR27-60000-P
2.0765,2.2995,0.2,2.18325308,1780406847432,0.0,86.38,69117.61,BTC-26JUN26,68991.54,2.188,68999.11,26JUN26,220000,,P,BTC-26JUN26-220000-P
0.0002,0.0003,58.4,0.00026549,1780406847432,34.9,45.17,68991.54,index_price,68991.54,0.00025,68999.11,4JUN26,73500,,C,BTC-4JUN26-73500-C
0.1495,0.1545,8.0,0.15283997,1780406847432,0.0,43.78,69276.88,BTC-31JUL26,68991.54,0.152,68999.11,31JUL26,60000,,C,BTC-31JUL26-60000-C
0.372,0.3845,0.1,0.37708322,1780406847432,0.0,72.07,68992.62,BTC-5JUN26,68991.54,0.37825,68999.11,5JUN26,95000,,P,BTC-5JUN26-95000-P
0.015,0.0155,33.5,0.01520209,1780406847432,52.6,43.57,68992.82,BTC-5JUN26,68991.54,0.01525,68999.11,5JUN26,69000,,P,BTC-5JUN26-69000-P
0.165,0.1675,218.2,0.16619709,1780406847432,0.5,43.7,70239.27,BTC-25DEC26,68991.54,0.16625,68999.11,25DEC26,65000,,C,BTC-25DEC26-65000-C
0.003,0.0033,161.7,0.00311411,1780406847432,109.5,36.62,69056.15,BTC-19JUN26,68991.54,0.00315,68999.11,19JUN26,77000,,C,BTC-19JUN26-77000-C
0.051,0.054,20.9,0.05215075,1780406847432,0.0,39.83,68992.62,BTC-5JUN26,68991.54,0.0525,68999.11,5JUN26,72500,,P,BTC-5JUN26-72500-P
0.1995,0.2045,0.0,0.20291596,1780406847432,0.0,47.46,69276.88,BTC-31JUL26,68991.54,0.202,68999.11,31JUL26,56000,,C,BTC-31JUL26-56000-C
0.0008,0.0013,989.3,0.00104505,1780406847432,0.0,51.77,70239.27,BTC-25DEC26,68991.54,0.00105,68999.11,25DEC26,190000,,C,BTC-25DEC26-190000-C
0.5075,0.518,104.4,0.51142138,1780406847432,0.0,40.03,69638.37,BTC-25SEP26,68991.54,0.51275,68999.11,25SEP26,105000,,P,BTC-25SEP26-105000-P
0.019,0.0195,193.4,0.0190028,1780406847432,68.5,43.78,69276.88,BTC-31JUL26,68991.54,0.01925,68999.11,31JUL26,60000,,P,BTC-31JUL26-60000-P
0.0002,0.0003,605.2,0.00021083,1780406847432,37.4,55.77,68992.62,BTC-5JUN26,68991.54,0.00025,68999.11,5JUN26,77000,,C,BTC-5JUN26-77000-C
0.008,0.0085,3.4,0.00818324,1780406847432,3.4,48.24,68991.83,index_price,68991.54,0.00825,68999.11,6JUN26,67000,,P,BTC-6JUN26-67000-P
2.1655,2.399,0.0,2.27502508,1780406847432,0.0,55.88,70239.27,BTC-25DEC26,68991.54,2.28225,68999.11,25DEC26,230000,,P,BTC-25DEC26-230000-P
0.071,0.072,1594.6,0.07163879,1780406847432,12.4,38.56,69638.08,BTC-25SEP26,68991.54,0.0715,68999.11,25SEP26,72000,,C,BTC-25SEP26-72000-C
0.861,0.8775,21.9,0.86763375,1780406847432,0.0,45.7,69638.08,BTC-25SEP26,68991.54,0.86925,68999.11,25SEP26,130000,,P,BTC-25SEP26-130000-P
0.0895,0.0905,1493.4,0.09015074,1780406847432,80.0,39.1,69638.37,BTC-25SEP26,68991.54,0.09,68999.11,25SEP26,70000,,P,BTC-25SEP26-70000-P
0.0665,0.1305,0.0,0.0945207,1780406847432,0.0,51.29,68991.54,index_price,68991.54,0.0985,68999.11,4JUN26,75500,,P,BTC-4JUN26-75500-P
0.1585,0.1615,97.7,0.15976415,1780406847432,0.1,67.17,68992.62,BTC-5JUN26,68991.54,0.16,68999.11,5JUN26,80000,,P,BTC-5JUN26-80000-P
0.006,0.007,1771.5,0.00657147,1780406847432,0.0,44.12,70895.91,BTC-26MAR27,68991.54,0.0065,68999.11,26MAR27,150000,,C,BTC-26MAR27-150000-C
0.0205,0.0215,2160.1,0.02107133,1780406847432,2.5,53.23,70239.27,BTC-25DEC26,68991.54,0.021,68999.11,25DEC26,45000,,P,BTC-25DEC26-45000-P
,0.0001,2507.2,4.5e-05,1780406847432,1.0,63.2,69117.61,BTC-26JUN26,68991.54,,68999.11,26JUN26,115000,,C,BTC-26JUN26-115000-C
0.008,0.009,2.4,0.00855956,1780406847432,2.4,42.74,68991.54,index_price,68991.54,0.0085,68999.11,4JUN26,69500,,C,BTC-4JUN26-69500-C
0.0001,0.0003,137.1,0.00018456,1780406847432,2.4,48.31,69035.95,BTC-12JUN26,68991.54,0.0002,68999.11,12JUN26,84000,,C,BTC-12JUN26-84000-C
0.0315,0.0325,2085.0,0.03210723,1780406847432,379.9,39.3,69117.61,BTC-26JUN26,68991.54,0.032,68999.11,26JUN26,68000,,P,BTC-26JUN26-68000-P
0.0011,0.0015,54.6,0.00141081,1780406847432,64.1,40.61,68991.54,index_price,68991.54,0.0013,68999.11,4JUN26,71500,,C,BTC-4JUN26-71500-C
3.4745,3.7995,0.0,3.6301863,1780406847432,0.0,99.84,69117.61,BTC-26JUN26,68991.54,3.637,68999.11,26JUN26,320000,,P,BTC-26JUN26-320000-P
,0.0002,278.7,3.411e-05,1780406847432,1.0,58.65,69638.37,BTC-25SEP26,68991.54,,68999.11,25SEP26,220000,,C,BTC-25SEP26-220000-C
0.0325,0.034,19.1,0.03328445,1780406847432,0.0,41.78,70895.91,BTC-26MAR27,68991.54,0.03325,68999.11,26MAR27,106000,,C,BTC-26MAR27-106000-C
0.022,0.025,47.2,0.02322599,1780406847432,52.7,42.32,68991.54,index_price,68991.54,0.0235,68999.11,3JUN26,70500,,P,BTC-3JUN26-70500-P
0.0225,0.0235,116.4,0.02309561,1780406847432,102.3,36.5,69450.37,BTC-28AUG26,68991.54,0.023,68999.11,28AUG26,80000,,C,BTC-28AUG26-80000-C
0.005,0.0055,4075.4,0.00529069,1780406847432,17.9,38.95,69638.08,BTC-25SEP26,68991.54,0.00525,68999.11,25SEP26,100000,,C,BTC-25SEP26-100000-C
0.046,0.048,28.4,0.04701045,1780406847432,0.1,41.66,70895.91,BTC-26MAR27,68991.54,0.047,68999.11,26MAR27,98000,,C,BTC-26MAR27-98000-C
0.089,0.0965,0.0,0.09239682,1780406847432,0.0,49.39,69035.66,BTC-12JUN26,68991.54,0.09275,68999.11,12JUN26,63000,,C,BTC-12JUN26-63000-C
,0.0001,8.0,1.4e-07,1780406847432,0.0,59.32,68991.54,index_price,68991.54,,68999.11,4JUN26,82000,,C,BTC-4JUN26-82000-C
0.0022,0.0025,287.5,0.00229723,1780406847432,11.7,38.46,69276.88,BTC-31JUL26,68991.54,0.00235,68999.11,31JUL26,92000,,C,BTC-31JUL26-92000-C
,0.0001,22.8,5.2e-07,1780406847432,3.3,59.32,68991.54,index_price,68991.54,,68999.11,3JUN26,76500,,C,BTC-3JUN26-76500-C
0.036,0.037,3456.4,0.03658933,1780406847432,52.5,43.04,69638.37,BTC-25SEP26,68991.54,0.0365,68999.11,25SEP26,60000,,P,BTC-25SEP26-60000-P
,0.0002,1166.5,2.999e-05,1780406847432,31.3,67.39,68992.62,BTC-5JUN26,68991.54,,68999.11,5JUN26,82000,,C,BTC-5JUN26-82000-C
0.139,0.1415,380.2,0.14012437,1780406847432,7.7,42.12,70239.56,BTC-25DEC26,68991.54,0.14025,68999.11,25DEC26,72000,,P,BTC-25DEC26-72000-P
0.2765,0.2795,1.0,0.27838066,1780406847432,0.0,47.36,70895.91,BTC-26MAR27,68991.54,0.278,68999.11,26MAR27,56000,,C,BTC-26MAR27-56000-C
0.001,0.0011,1118.9,0.00102139,1780406847432,204.6,38.92,69117.61,BTC-26JUN26,68991.54,0.00105,68999.11,26JUN26,84000,,C,BTC-26JUN26-84000-C
0.019,0.02,582.8,0.01952708,1780406847432,764.3,40.68,69035.66,BTC-12JUN26,68991.54,0.0195,68999.11,12JUN26,68000,,P,BTC-12JUN26-68000-P
0.0815,0.085,1465.2,0.0833375,1780406847432,37.7,36.01,69117.61,BTC-26JUN26,68991.54,0.08325,68999.11,26JUN26,74000,,P,BTC-26JUN26-74000-P
0.034,0.035,26.3,0.0343093,1780406847432,0.6,41.51,69450.37,BTC-28AUG26,68991.54,0.0345,68999.11,28AUG26,62000,,P,BTC-28AUG26-62000-P
0.204,0.21,31.4,0.20624667,1780406847432,0.0,36.12,69276.88,BTC-31JUL26,68991.54,0.207,68999.11,31JUL26,83000,,P,BTC-31JUL26-83000-P
4.034,4.3995,0.3,4.20895958,1780406847432,0.0,102.24,69117.61,BTC-26JUN26,68991.54,4.21675,68999.11,26JUN26,360000,,P,BTC-26JUN26-360000-P
0.0037,0.004,4.1,0.00380371,1780406847432,4.2,54.26,68991.83,index_price,68991.54,0.00385,68999.11,6JUN26,65000,,P,BTC-6JUN26-65000-P
,0.0001,1222.2,4.97e-06,1780406847432,0.0,85.89,69117.9,BTC-26JUN26,68991.54,,68999.11,26JUN26,160000,,C,BTC-26JUN26-160000-C
0.0205,0.021,2359.4,0.02080632,1780406847432,352.7,36.69,69117.61,BTC-26JUN26,68991.54,0.02075,68999.11,26JUN26,72000,,C,BTC-26JUN26-72000-C
0.2505,0.2525,39.7,0.25147946,1780406847432,0.0,46.8,70239.27,BTC-25DEC26,68991.54,0.2515,68999.11,25DEC26,56000,,C,BTC-25DEC26-56000-C
0.203,0.207,0.0,0.20523214,1780406847432,0.0,60.12,69056.15,BTC-19JUN26,68991.54,0.205,68999.11,19JUN26,55000,,C,BTC-19JUN26-55000-C
0.087,0.0905,30.2,0.08927484,1780406847432,0.0,43.32,69117.61,BTC-26JUN26,68991.54,0.08875,68999.11,26JUN26,64000,,C,BTC-26JUN26-64000-C
0.2905,0.2975,2.3,0.29363635,1780406847432,0.0,42.01,70895.91,BTC-26MAR27,68991.54,0.294,68999.11,26MAR27,86000,,P,BTC-26MAR27-86000-P
0.022,0.023,864.8,0.02250504,1780406847432,3.8,55.01,70895.91,BTC-26MAR27,68991.54,0.0225,68999.11,26MAR27,40000,,P,BTC-26MAR27-40000-P
,0.0001,813.7,0.0,1780406847432,0.0,89.15,69117.61,BTC-26JUN26,68991.54,,68999.11,26JUN26,230000,,C,BTC-26JUN26-230000-C
0.018,0.019,268.3,0.01856345,1780406847432,0.0,42.18,70895.91,BTC-26MAR27,68991.54,0.0185,68999.11,26MAR27,120000,,C,BTC-26MAR27-120000-C
0.1305,0.135,272.5,0.13215111,1780406847432,0.7,36.01,69276.88,BTC-31JUL26,68991.54,0.13275,68999.11,31JUL26,77000,,P,BTC-31JUL26-77000-P
1.9365,2.1495,0.0,2.03855977,1780406847432,0.0,86.33,69117.61,BTC-26JUN26,68991.54,2.043,68999.11,26JUN26,210000,,P,BTC-26JUN26-210000-P
,0.0001,57.2,3.1e-07,1780406847432,0.0,60.97,68991.54,index_price,68991.54,,68999.11,3JUN26,77000,,C,BTC-3JUN26-77000-C
0.022,0.0235,2987.1,0.02288331,1780406847432,546.1,41.18,68992.82,BTC-5JUN26,68991.54,0.02275,68999.11,5JUN26,70000,,P,BTC-5JUN26-70000-P
,0.0002,824.3,0.0001672,1780406847432,1.5,58.55,69638.37,BTC-25SEP26,68991.54,,68999.11,25SEP26,190000,,C,BTC-25SEP26-190000-C
0.1285,0.137,0.0,0.13062233,1780406847432,0.0,60.97,68991.54,index_price,68991.54,0.13275,68999.11,3JUN26,78000,,P,BTC-3JUN26-78000-P
0.0155,0.0165,13.2,0.01603459,1780406847432,13.9,42.74,68991.54,index_price,68991.54,0.016,68999.11,4JUN26,69500,,P,BTC-4JUN26-69500-P
1.3775,1.55,1.9,1.45978799,1780406847432,0.0,85.89,69117.61,BTC-26JUN26,68991.54,1.46375,68999.11,26JUN26,170000,,P,BTC-26JUN26-170000-P
0.0675,0.0695,62.2,0.0683386,1780406847432,0.0,47.36,70895.91,BTC-26MAR27,68991.54,0.0685,68999.11,26MAR27,56000,,P,BTC-26MAR27-56000-P
0.272,0.283,0.0,0.2756148,1780406847432,0.0,72.07,68992.62,BTC-5JUN26,68991.54,0.2775,68999.11,5JUN26,88000,,P,BTC-5JUN26-88000-P
0.133,0.1355,52.9,0.13444134,1780406847432,0.0,41.16,69638.08,BTC-25SEP26,68991.54,0.13425,68999.11,25SEP26,64000,,C,BTC-25SEP26-64000-C
0.0014,0.0017,29.5,0.00151393,1780406847432,36.8,60.99,68991.54,index_price,68991.54,0.00155,68999.11,4JUN26,65000,,P,BTC-4JUN26-65000-P
0.3555,0.3665,1.3,0.35878157,1780406847432,0.0,39.12,69276.88,BTC-31JUL26,68991.54,0.361,68999.11,31JUL26,94000,,P,BTC-31JUL26-94000-P
0.0001,0.0002,62.4,0.00015063,1780406847432,14.3,49.06,68991.54,index_price,68991.54,0.00015,68999.11,4JUN26,74500,,C,BTC-4JUN26-74500-C
0.026,0.0265,17.4,0.02626829,1780406847432,16.4,37.99,69056.15,BTC-19JUN26,68991.54,0.02625,68999.11,19JUN26,70000,,C,BTC-19JUN26-70000-C
0.0255,0.026,10.5,0.02594981,1780406847432,10.5,39.37,69035.95,BTC-12JUN26,68991.54,0.02575,68999.11,12JUN26,69000,,C,BTC-12JUN26-69000-C
0.081,0.0875,0.0,0.08397335,1780406847432,0.0,44.1,69056.15,BTC-19JUN26,68991.54,0.08425,68999.11,19JUN26,64000,,C,BTC-19JUN26-64000-C
0.0041,0.0044,15.4,0.00420877,1780406847432,15.2,51.78,68991.54,index_price,68991.54,0.00425,68999.11,4JUN26,67000,,P,BTC-4JUN26-67000-P
0.2165,0.2195,13.8,0.21763893,1780406847432,0.0,67.87,68992.62,BTC-5JUN26,68991.54,0.218,68999.11,5JUN26,84000,,P,BTC-5JUN26-84000-P
2.0535,2.2755,1.8,2.15920884,1780406847432,0.0,58.65,69638.37,BTC-25SEP26,68991.54,2.1645,68999.11,25SEP26,220000,,P,BTC-25SEP26-220000-P
0.0025,0.0028,35.3,0.00278334,1780406847432,52.7,39.8,68992.82,BTC-5JUN26,68991.54,0.00265,68999.11,5JUN26,71500,,C,BTC-5JUN26-71500-C
0.317,0.3205,59.9,0.3191267,1780406847432,0.0,49.89,70239.27,BTC-25DEC26,68991.54,0.31875,68999.11,25DEC26,50000,,C,BTC-25DEC26-50000-C
0.0005,0.0006,370.1,0.00053351,1780406847432,69.8,40.33,69035.95,BTC-12JUN26,68991.54,0.00055,68999.11,12JUN26,79000,,C,BTC-12JUN26-79000-C
,0.0002,551.2,5.965e-05,1780406847432,7.9,67.3,68992.62,BTC-5JUN26,68991.54,,68999.11,5JUN26,81000,,C,BTC-5JUN26-81000-C
0.011,0.0115,409.8,0.0113346,1780406847432,160.1,47.46,69276.88,BTC-31JUL26,68991.54,0.01125,68999.11,31JUL26,56000,,P,BTC-31JUL26-56000-P
0.0037,0.0041,393.8,0.00388072,1780406847432,28.9,37.21,69276.88,BTC-31JUL26,68991.54,0.0039,68999.11,31JUL26,88000,,C,BTC-31JUL26-88000-C
0.005,0.0055,2380.1,0.00542081,1780406847432,44.5,60.43,69638.08,BTC-25SEP26,68991.54,0.00525,68999.11,25SEP26,40000,,P,BTC-25SEP26-40000-P
2.8855,3.168,0.0,3.02077459,1780406847432,0.0,63.11,69638.08,BTC-25SEP26,68991.54,3.02675,68999.11,25SEP26,280000,,P,BTC-25SEP26-280000-P
0.1145,0.119,130.6,0.11647213,1780406847432,2.0,38.42,69035.95,BTC-12JUN26,68991.54,0.11675,68999.11,12JUN26,77000,,P,BTC-12JUN26-77000-P
0.0007,0.0009,662.9,0.00083746,1780406847432,598.5,40.42,68992.82,BTC-5JUN26,68991.54,0.0008,68999.11,5JUN26,73000,,C,BTC-5JUN26-73000-C
1.0275,1.175,4.6,1.09806204,1780406847432,0.0,79.3,69117.61,BTC-26JUN26,68991.54,1.10125,68999.11,26JUN26,145000,,P,BTC-26JUN26-145000-P
0.0375,0.0405,29.2,0.03912381,1780406847432,30.2,39.8,68992.82,BTC-5JUN26,68991.54,0.039,68999.11,5JUN26,71500,,P,BTC-5JUN26-71500-P
0.092,0.1285,0.0,0.09438582,1780406847432,0.0,55.62,68991.54,index_price,68991.54,0.11025,68999.11,3JUN26,75500,,P,BTC-3JUN26-75500-P
0.028,0.0285,80.2,0.02805626,1780406847432,80.3,41.49,69276.88,BTC-31JUL26,68991.54,0.02825,68999.11,31JUL26,63000,,P,BTC-31JUL26-63000-P
0.5825,0.597,1.1,0.5885325,1780406847432,0.0,47.17,69276.88,BTC-31JUL26,68991.54,0.58975,68999.11,31JUL26,110000,,P,BTC-31JUL26-110000-P
0.0008,0.0009,274.0,0.00090351,1780406847432,12.1,43.0,69276.88,BTC-31JUL26,68991.54,0.00085,68999.11,31JUL26,102000,,C,BTC-31JUL26-102000-C
0.0013,0.0016,279.4,0.00145512,1780406847432,65.7,39.96,69276.88,BTC-31JUL26,68991.54,0.00145,68999.11,31JUL26,96000,,C,BTC-31JUL26-96000-C
0.214,0.224,0.0,0.21694421,1780406847432,0.0,48.31,69035.95,BTC-12JUN26,68991.54,0.219,68999.11,12JUN26,84000,,P,BTC-12JUN26-84000-P
0.2505,0.2565,3.7,0.2528557,1780406847432,0.1,42.25,70895.91,BTC-26MAR27,68991.54,0.2535,68999.11,26MAR27,82000,,P,BTC-26MAR27-82000-P
0.173,0.1755,12.7,0.17456784,1780406847432,0.0,43.96,70239.27,BTC-25DEC26,68991.54,0.17425,68999.11,25DEC26,64000,,C,BTC-25DEC26-64000-C
0.3905,0.399,0.4,0.39399274,1780406847432,0.0,41.74,70896.2,BTC-26MAR27,68991.54,0.39475,68999.11,26MAR27,95000,,P,BTC-26MAR27-95000-P
0.0115,0.013,132.9,0.01240768,1780406847432,137.9,44.35,68991.54,index_price,68991.54,0.01225,68999.11,3JUN26,69500,,P,BTC-3JUN26-69500-P
0.0004,0.0008,130.6,0.00056731,1780406847432,0.8,47.17,69276.88,BTC-31JUL26,68991.54,0.0006,68999.11,31JUL26,110000,,C,BTC-31JUL26-110000-C
0.028,0.0295,1331.3,0.02905499,1780406847432,0.5,40.22,70239.27,BTC-25DEC26,68991.54,0.02875,68999.11,25DEC26,95000,,C,BTC-25DEC26-95000-C
0.726,0.742,0.0,0.73268959,1780406847432,0.0,52.06,69276.88,BTC-31JUL26,68991.54,0.734,68999.11,31JUL26,120000,,P,BTC-31JUL26-120000-P
0.0075,0.0085,2172.9,0.0080513,1780406847432,122.1,38.06,69638.08,BTC-25SEP26,68991.54,0.008,68999.11,25SEP26,95000,,C,BTC-25SEP26-95000-C
0.4995,0.5015,15.1,0.50082838,1780406847432,0.0,66.85,69638.08,BTC-25SEP26,68991.54,0.5005,68999.11,25SEP26,35000,,C,BTC-25SEP26-35000-C
,0.0001,556.1,0.0,1780406847432,0.0,89.88,69117.61,BTC-26JUN26,68991.54,,68999.11,26JUN26,240000,,C,BTC-26JUN26-240000-C
2.303,2.5465,0.0,2.41738406,1780406847432,0.0,57.47,70239.27,BTC-25DEC26,68991.54,2.42475,68999.11,25DEC26,240000,,P,BTC-25DEC26-240000-P
0.247,0.255,0.0,0.24957735,1780406847432,0.0,36.58,69450.66,BTC-28AUG26,68991.54,0.251,68999.11,28AUG26,86000,,P,BTC-28AUG26-86000-P
0.273,0.277,23.4,0.27496679,1780406847432,0.0,40.49,70239.27,BTC-25DEC26,68991.54,0.275,68999.11,25DEC26,86000,,P,BTC-25DEC26-86000-P
0.0255,0.0265,6.2,0.02589593,1780406847432,0.2,36.47,69450.37,BTC-28AUG26,68991.54,0.026,68999.11,28AUG26,79000,,C,BTC-28AUG26-79000-C
,0.0002,1130.0,9.698e-05,1780406847432,0.4,58.55,69638.08,BTC-25SEP26,68991.54,,68999.11,25SEP26,200000,,C,BTC-25SEP26-200000-C
0.1505,0.155,3.6,0.15242391,1780406847432,0.0,36.55,69450.66,BTC-28AUG26,68991.54,0.15275,68999.11,28AUG26,78000,,P,BTC-28AUG26-78000-P
0.0685,0.077,0.0,0.07318553,1780406847432,0.0,65.64,68991.54,index_price,68991.54,0.07275,68999.11,4JUN26,64000,,C,BTC-4JUN26-64000-C
0.008,0.0085,69.6,0.00828425,1780406847432,110.4,41.18,68992.82,BTC-5JUN26,68991.54,0.00825,68999.11,5JUN26,70000,,C,BTC-5JUN26-70000-C
1.0475,1.214,1.6,1.12253024,1780406847432,1.6,44.12,70896.2,BTC-26MAR27,68991.54,1.13075,68999.11,26MAR27,150000,,P,BTC-26MAR27-150000-P
0.008,0.009,1648.7,0.0084375,1780406847432,306.0,54.59,69638.08,BTC-25SEP26,68991.54,0.0085,68999.11,25SEP26,45000,,P,BTC-25SEP26-45000-P
,0.0001,0.0,0.0,1780406847432,0.0,60.97,68991.54,index_price,68991.54,,68999.11,3JUN26,82000,,C,BTC-3JUN26-82000-C
0.027,0.0285,86.4,0.02792253,1780406847432,3.5,41.8,70895.91,BTC-26MAR27,68991.54,0.02775,68999.11,26MAR27,110000,,C,BTC-26MAR27-110000-C
0.0004,0.0008,477.8,0.00058306,1780406847432,0.0,50.23,69638.37,BTC-25SEP26,68991.54,0.0006,68999.11,25SEP26,145000,,C,BTC-25SEP26-145000-C
0.0145,0.0155,111.3,0.01511084,1780406847432,72.7,42.31,70895.91,BTC-26MAR27,68991.54,0.015,68999.11,26MAR27,125000,,C,BTC-26MAR27-125000-C
0.094,0.098,0.0,0.09626806,1780406847432,0.0,45.5,69055.86,BTC-19JUN26,68991.54,0.096,68999.11,19JUN26,63000,,C,BTC-19JUN26-63000-C
1.065,1.225,2.1,1.13821942,1780406847432,0.0,46.53,70239.56,BTC-25DEC26,68991.54,1.145,68999.11,25DEC26,150000,,P,BTC-25DEC26-150000-P
0.0002,0.0007,828.8,0.000386,1780406847432,0.2,53.65,69638.08,BTC-25SEP26,68991.54,0.00045,68999.11,25SEP26,160000,,C,BTC-25SEP26-160000-C
0.041,0.046,0.0,0.04431712,1780406847432,0.0,66.65,68991.54,index_price,68991.54,0.0435,68999.11,3JUN26,66000,,C,BTC-3JUN26-66000-C
0.0013,0.0015,13.5,0.00133064,1780406847432,13.7,64.34,68991.83,index_price,68991.54,0.0014,68999.11,6JUN26,62000,,P,BTC-6JUN26-62000-P
0.1855,0.1915,207.3,0.18795976,1780406847432,0.2,37.22,69117.61,BTC-26JUN26,68991.54,0.1885,68999.11,26JUN26,82000,,P,BTC-26JUN26-82000-P
0.0235,0.025,186.4,0.02422003,1780406847432,0.0,40.25,70239.56,BTC-25DEC26,68991.54,0.02425,68999.11,25DEC26,98000,,C,BTC-25DEC26-98000-C
0.341,0.352,0.0,0.34457651,1780406847432,0.0,38.78,69276.88,BTC-31JUL26,68991.54,0.3465,68999.11,31JUL26,93000,,P,BTC-31JUL26-93000-P
0.0565,0.1175,0.0,0.08758,1780406847432,0.0,43.23,68991.83,index_price,68991.54,0.087,68999.11,6JUN26,75000,,P,BTC-6JUN26-75000-P
0.547,0.558,0.0,0.5511516,1780406847432,0.0,40.71,70239.56,BTC-25DEC26,68991.54,0.5525,68999.11,25DEC26,108000,,P,BTC-25DEC26-108000-P
0.016,0.017,0.0,0.01658897,1780406847432,0.0,46.1,68991.54,index_price,68991.54,0.0165,68999.11,4JUN26,68500,,C,BTC-4JUN26-68500-C
0.0175,0.0195,0.0,0.01868805,1780406847432,0.0,54.43,68991.54,index_price,68991.54,0.0185,68999.11,3JUN26,68000,,C,BTC-3JUN26-68000-C
0.355,0.365,0.0,0.35835049,1780406847432,0.0,38.16,69450.37,BTC-28AUG26,68991.54,0.36,68999.11,28AUG26,94000,,P,BTC-28AUG26-94000-P
0.0185,0.019,621.7,0.01867121,1780406847432,24.0,37.1,69638.37,BTC-25SEP26,68991.54,0.01875,68999.11,25SEP26,86000,,C,BTC-25SEP26-86000-C
0.009,0.01,2593.1,0.00951484,1780406847432,23.2,41.44,70239.27,BTC-25DEC26,68991.54,0.0095,68999.11,25DEC26,115000,,C,BTC-25DEC26-115000-C
0.0315,0.0325,525.8,0.03188204,1780406847432,21.1,40.8,69276.88,BTC-31JUL26,68991.54,0.032,68999.11,31JUL26,64000,,P,BTC-31JUL26-64000-P
0.0018,0.0022,95.3,0.00202412,1780406847432,8.0,38.78,69276.88,BTC-31JUL26,68991.54,0.002,68999.11,31JUL26,93000,,C,BTC-31JUL26-93000-C
0.9775,1.0725,0.0,0.98394391,1780406847432,0.0,43.44,70895.91,BTC-26MAR27,68991.54,1.025,68999.11,26MAR27,140000,,P,BTC-26MAR27-140000-P
0.0315,0.039,0.0,0.03475014,1780406847432,0.0,39.64,68991.83,index_price,68991.54,0.03525,68999.11,6JUN26,71000,,P,BTC-6JUN26-71000-P
0.085,0.0925,0.0,0.08874083,1780406847432,0.0,61.02,68991.83,index_price,68991.54,0.08875,68999.11,6JUN26,63000,,C,BTC-6JUN26-63000-C
0.21,0.2145,933.3,0.21243416,1780406847432,0.9,41.25,70239.27,BTC-25DEC26,68991.54,0.21225,68999.11,25DEC26,80000,,P,BTC-25DEC26-80000-P
0.0245,0.0255,135.6,0.02480743,1780406847432,1.3,45.47,69638.08,BTC-25SEP26,68991.54,0.025,68999.11,25SEP26,56000,,P,BTC-25SEP26-56000-P
0.1485,0.152,83.2,0.14951448,1780406847432,15.5,43.84,70895.91,BTC-26MAR27,68991.54,0.15025,68999.11,26MAR27,70000,,P,BTC-26MAR27-70000-P
0.0645,0.0675,26.1,0.0657247,1780406847432,1.1,45.17,68991.54,index_price,68991.54,0.066,68999.11,4JUN26,73500,,P,BTC-4JUN26-73500-P
0.244,0.251,15.2,0.24676311,1780406847432,0.0,36.89,69276.88,BTC-31JUL26,68991.54,0.2475,68999.11,31JUL26,86000,,P,BTC-31JUL26-86000-P
0.0011,0.0013,57.7,0.00131738,1780406847432,61.6,42.32,68991.54,index_price,68991.54,0.0012,68999.11,3JUN26,70500,,C,BTC-3JUN26-70500-C
0.2055,0.208,0.5,0.20683299,1780406847432,0.2,45.16,70895.91,BTC-26MAR27,68991.54,0.20675,68999.11,26MAR27,64000,,C,BTC-26MAR27-64000-C
0.2305,0.234,157.8,0.23228621,1780406847432,0.0,40.91,70239.56,BTC-25DEC26,68991.54,0.23225,68999.11,25DEC26,82000,,P,BTC-25DEC26-82000-P
0.0285,0.0295,16.4,0.02918098,1780406847432,1.5,36.55,69450.37,BTC-28AUG26,68991.54,0.029,68999.11,28AUG26,78000,,C,BTC-28AUG26-78000-C
0.0004,0.0006,722.9,0.00044273,1780406847432,31.9,42.7,68992.62,BTC-5JUN26,68991.54,0.0005,68999.11,5JUN26,74000,,C,BTC-5JUN26-74000-C
0.007,0.008,5074.2,0.00746904,1780406847432,1492.0,48.91,69117.61,BTC-26JUN26,68991.54,0.0075,68999.11,26JUN26,60000,,P,BTC-26JUN26-60000-P
0.3175,0.3255,596.1,0.32069239,1780406847432,0.0,40.23,70239.56,BTC-25DEC26,68991.54,0.3215,68999.11,25DEC26,90000,,P,BTC-25DEC26-90000-P
0.0015,0.0018,44.9,0.00162183,1780406847432,0.0,39.57,69276.88,BTC-31JUL26,68991.54,0.00165,68999.11,31JUL26,95000,,C,BTC-31JUL26-95000-C
0.0055,0.006,20.4,0.00576463,1780406847432,0.2,37.7,69450.37,BTC-28AUG26,68991.54,0.00575,68999.11,28AUG26,92000,,C,BTC-28AUG26-92000-C
0.3385,0.342,11.8,0.34064692,1780406847432,0.0,49.57,70895.91,BTC-26MAR27,68991.54,0.34025,68999.11,26MAR27,50000,,C,BTC-26MAR27-50000-C
0.1295,0.1345,0.0,0.13193948,1780406847432,0.0,37.03,69056.15,BTC-19JUN26,68991.54,0.132,68999.11,19JUN26,78000,,P,BTC-19JUN26-78000-P
0.1415,0.1475,491.3,0.14360384,1780406847432,1.2,35.9,69276.88,BTC-31JUL26,68991.54,0.1445,68999.11,31JUL26,78000,,P,BTC-31JUL26-78000-P
0.162,0.1685,0.0,0.16353942,1780406847432,0.0,36.47,69450.66,BTC-28AUG26,68991.54,0.16525,68999.11,28AUG26,79000,,P,BTC-28AUG26-79000-P
1.4775,1.664,0.0,1.56389991,1780406847432,0.0,50.38,70239.56,BTC-25DEC26,68991.54,1.57075,68999.11,25DEC26,180000,,P,BTC-25DEC26-180000-P
0.2735,0.2805,0.0,0.27631022,1780406847432,0.0,37.1,69450.66,BTC-28AUG26,68991.54,0.277,68999.11,28AUG26,88000,,P,BTC-28AUG26-88000-P
,0.0001,1180.5,4.6e-07,1780406847432,0.0,85.89,69117.61,BTC-26JUN26,68991.54,,68999.11,26JUN26,180000,,C,BTC-26JUN26-180000-C
0.372,0.378,982.9,0.37483489,1780406847432,25.4,48.84,69117.61,BTC-26JUN26,68991.54,0.375,68999.11,26JUN26,95000,,P,BTC-26JUN26-95000-P
0.4115,0.424,0.1,0.41591803,1780406847432,0.0,40.77,69276.88,BTC-31JUL26,68991.54,0.41775,68999.11,31JUL26,98000,,P,BTC-31JUL26-98000-P
0.383,0.393,0.0,0.3863365,1780406847432,0.0,38.7,69450.66,BTC-28AUG26,68991.54,0.388,68999.11,28AUG26,96000,,P,BTC-28AUG26-96000-P
0.0105,0.0115,104.3,0.01113001,1780406847432,57.3,36.58,69450.37,BTC-28AUG26,68991.54,0.011,68999.11,28AUG26,86000,,C,BTC-28AUG26-86000-C
0.0095,0.01,2110.5,0.00965702,1780406847432,0.1,62.2,70239.27,BTC-25DEC26,68991.54,0.00975,68999.11,25DEC26,35000,,P,BTC-25DEC26-35000-P
0.109,0.113,215.6,0.1104966,1780406847432,5.1,36.25,69276.88,BTC-31JUL26,68991.54,0.111,68999.11,31JUL26,75000,,P,BTC-31JUL26-75000-P
0.021,0.022,32.5,0.02137492,1780406847432,34.6,40.58,69055.86,BTC-19JUN26,68991.54,0.0215,68999.11,19JUN26,67000,,P,BTC-19JUN26-67000-P
0.031,0.0325,0.0,0.03150968,1780406847432,0.0,46.71,68991.83,index_price,68991.54,0.03175,68999.11,6JUN26,67500,,C,BTC-6JUN26-67500-C
0.1565,0.1635,5.7,0.15922813,1780406847432,0.0,41.82,69035.95,BTC-12JUN26,68991.54,0.16,68999.11,12JUN26,80000,,P,BTC-12JUN26-80000-P
1.0825,1.2365,0.7,1.1544672,1780406847433,0.0,51.2,69638.08,BTC-25SEP26,68991.54,1.1595,68999.11,25SEP26,150000,,P,BTC-25SEP26-150000-P
0.0455,0.047,1918.9,0.04596651,1780406847433,8.3,49.57,70895.91,BTC-26MAR27,68991.54,0.04625,68999.11,26MAR27,50000,,P,BTC-26MAR27-50000-P
0.0865,0.0895,370.7,0.08737822,1780406847433,1.2,46.56,68992.82,BTC-5JUN26,68991.54,0.088,68999.11,5JUN26,75000,,P,BTC-5JUN26-75000-P
0.0025,0.003,173.0,0.00269387,1780406847433,0.4,47.95,70895.91,BTC-26MAR27,68991.54,0.00275,68999.11,26MAR27,190000,,C,BTC-26MAR27-190000-C
0.0032,0.0034,1800.7,0.00328711,1780406847433,284.8,57.22,69117.61,BTC-26JUN26,68991.54,0.0033,68999.11,26JUN26,55000,,P,BTC-26JUN26-55000-P
0.1195,0.1235,480.9,0.12111453,1780406847433,0.2,36.13,69277.17,BTC-31JUL26,68991.54,0.1215,68999.11,31JUL26,76000,,P,BTC-31JUL26-76000-P
0.0115,0.013,2880.7,0.01227477,1780406847433,3.2,40.95,70239.27,BTC-25DEC26,68991.54,0.01225,68999.11,25DEC26,110000,,C,BTC-25DEC26-110000-C
0.0007,0.0008,354.4,0.00080123,1780406847433,0.0,44.11,69276.88,BTC-31JUL26,68991.54,0.00075,68999.11,31JUL26,104000,,C,BTC-31JUL26-104000-C
0.2285,0.2385,0.0,0.23144725,1780406847433,0.0,42.68,69056.15,BTC-19JUN26,68991.54,0.2335,68999.11,19JUN26,85000,,P,BTC-19JUN26-85000-P
0.2765,0.285,4.7,0.27915013,1780406847433,0.0,37.3,69638.37,BTC-25SEP26,68991.54,0.28075,68999.11,25SEP26,88000,,P,BTC-25SEP26-88000-P
2.356,2.5995,0.1,2.47263972,1780406847433,0.0,89.88,69117.61,BTC-26JUN26,68991.54,2.47775,68999.11,26JUN26,240000,,P,BTC-26JUN26-240000-P
0.1335,0.1375,0.0,0.13560473,1780406847433,0.0,50.39,69056.15,BTC-19JUN26,68991.54,0.1355,68999.11,19JUN26,60000,,C,BTC-19JUN26-60000-C
0.1415,0.186,0.0,0.14511745,1780406847433,0.0,60.97,68991.54,index_price,68991.54,0.16375,68999.11,3JUN26,79000,,P,BTC-3JUN26-79000-P
0.1955,0.2005,14.3,0.19758353,1780406847433,0.0,42.93,70895.91,BTC-26MAR27,68991.54,0.198,68999.11,26MAR27,76000,,P,BTC-26MAR27-76000-P
0.0495,0.05,852.7,0.04956715,1780406847433,33.2,37.62,69638.37,BTC-25SEP26,68991.54,0.04975,68999.11,25SEP26,76000,,C,BTC-25SEP26-76000-C
0.1575,0.1625,0.0,0.15991081,1780406847433,0.0,38.3,69056.15,BTC-19JUN26,68991.54,0.16,68999.11,19JUN26,80000,,P,BTC-19JUN26-80000-P
0.0475,0.0485,1108.2,0.04823514,1780406847433,14.5,39.3,69117.9,BTC-26JUN26,68991.54,0.048,68999.11,26JUN26,68000,,C,BTC-26JUN26-68000-C
0.009,0.01,18.5,0.00956796,1780406847433,18.7,46.1,68991.54,index_price,68991.54,0.0095,68999.11,4JUN26,68500,,P,BTC-4JUN26-68500-P
0.0023,0.0025,1616.5,0.00241882,1780406847433,52.3,40.74,69638.08,BTC-25SEP26,68991.54,0.0024,68999.11,25SEP26,110000,,C,BTC-25SEP26-110000-C
0.064,0.0655,189.5,0.06485326,1780406847433,1.5,40.91,70239.56,BTC-25DEC26,68991.54,0.06475,68999.11,25DEC26,82000,,C,BTC-25DEC26-82000-C
0.0001,0.0002,1532.8,0.00015244,1780406847433,0.1,59.02,69117.9,BTC-26JUN26,68991.54,0.00015,68999.11,26JUN26,105000,,C,BTC-26JUN26-105000-C
,0.0002,34.0,1.502e-05,1780406847433,0.3,52.64,68991.54,index_price,68991.54,,68999.11,4JUN26,77000,,C,BTC-4JUN26-77000-C
0.0565,0.06,702.0,0.05791461,1780406847433,77.7,36.77,69056.15,BTC-19JUN26,68991.54,0.05825,68999.11,19JUN26,72000,,P,BTC-19JUN26-72000-P
0.022,0.0225,2616.6,0.02232826,1780406847433,10.9,46.03,69638.08,BTC-25SEP26,68991.54,0.02225,68999.11,25SEP26,55000,,P,BTC-25SEP26-55000-P
0.018,0.0185,2888.5,0.01845384,1780406847433,563.5,42.15,69117.61,BTC-26JUN26,68991.54,0.01825,68999.11,26JUN26,65000,,P,BTC-26JUN26-65000-P
0.85,0.864,52.1,0.85587762,1780406847433,0.0,43.52,70239.27,BTC-25DEC26,68991.54,0.857,68999.11,25DEC26,130000,,P,BTC-25DEC26-130000-P
0.0145,0.016,192.0,0.01522248,1780406847433,53.6,40.62,70239.56,BTC-25DEC26,68991.54,0.01525,68999.11,25DEC26,106000,,C,BTC-25DEC26-106000-C
0.578,0.5805,245.8,0.57889935,1780406847433,0.0,67.02,70239.27,BTC-25DEC26,68991.54,0.57925,68999.11,25DEC26,30000,,C,BTC-25DEC26-30000-C
0.0011,0.0015,919.4,0.00124222,1780406847433,5.2,50.38,70239.27,BTC-25DEC26,68991.54,0.0013,68999.11,25DEC26,180000,,C,BTC-25DEC26-180000-C
0.025,0.026,98.9,0.02543095,1780406847433,111.3,39.37,69035.95,BTC-12JUN26,68991.54,0.0255,68999.11,12JUN26,69000,,P,BTC-12JUN26-69000-P
0.052,0.053,304.7,0.05245869,1780406847433,13.0,38.62,69276.88,BTC-31JUL26,68991.54,0.0525,68999.11,31JUL26,68000,,P,BTC-31JUL26-68000-P
0.122,0.1235,107.7,0.12246544,1780406847433,2.3,38.06,69638.37,BTC-25SEP26,68991.54,0.12275,68999.11,25SEP26,74000,,P,BTC-25SEP26-74000-P
0.52,0.531,0.1,0.52434312,1780406847433,0.0,40.62,70239.56,BTC-25DEC26,68991.54,0.5255,68999.11,25DEC26,106000,,P,BTC-25DEC26-106000-P
0.2215,0.2295,0.0,0.22395272,1780406847433,0.0,36.57,69450.66,BTC-28AUG26,68991.54,0.2255,68999.11,28AUG26,84000,,P,BTC-28AUG26-84000-P
0.3125,0.319,0.2,0.31486573,1780406847433,0.0,41.88,70896.2,BTC-26MAR27,68991.54,0.31575,68999.11,26MAR27,88000,,P,BTC-26MAR27-88000-P
2.2165,2.4495,6.4,2.32794641,1780406847433,0.0,89.15,69117.61,BTC-26JUN26,68991.54,2.333,68999.11,26JUN26,230000,,P,BTC-26JUN26-230000-P
1.0975,1.25,2.3,1.17040907,1780406847433,0.0,82.82,69117.61,BTC-26JUN26,68991.54,1.17375,68999.11,26JUN26,150000,,P,BTC-26JUN26-150000-P
,0.0002,1313.6,9.45e-05,1780406847433,12.6,61.98,69117.9,BTC-26JUN26,68991.54,,68999.11,26JUN26,110000,,C,BTC-26JUN26-110000-C
0.1115,0.115,12.3,0.11352368,1780406847433,0.5,45.95,69117.61,BTC-26JUN26,68991.54,0.11325,68999.11,26JUN26,62000,,C,BTC-26JUN26-62000-C
0.0005,0.0007,18.2,0.00062361,1780406847433,17.3,41.79,68992.82,BTC-5JUN26,68991.54,0.0006,68999.11,5JUN26,73500,,C,BTC-5JUN26-73500-C
0.0032,0.0036,133.0,0.00338237,1780406847433,3.7,37.49,69277.17,BTC-31JUL26,68991.54,0.0034,68999.11,31JUL26,89000,,C,BTC-31JUL26-89000-C
,0.0001,651.0,8.87e-06,1780406847433,0.0,79.3,69117.61,BTC-26JUN26,68991.54,,68999.11,26JUN26,145000,,C,BTC-26JUN26-145000-C
,0.0001,198.4,0.0,1780406847433,0.0,91.06,69117.61,BTC-26JUN26,68991.54,,68999.11,26JUN26,260000,,C,BTC-26JUN26-260000-C
0.074,0.0755,664.5,0.07490058,1780406847433,41.9,44.55,70239.27,BTC-25DEC26,68991.54,0.07475,68999.11,25DEC26,62000,,P,BTC-25DEC26-62000-P
0.3605,0.3635,148.4,0.36224266,1780406847433,0.4,54.59,69638.08,BTC-25SEP26,68991.54,0.362,68999.11,25SEP26,45000,,C,BTC-25SEP26-45000-C
0.2285,0.238,0.0,0.23139783,1780406847433,0.0,49.78,69035.95,BTC-12JUN26,68991.54,0.23325,68999.11,12JUN26,85000,,P,BTC-12JUN26-85000-P
0.1405,0.184,0.0,0.14519327,1780406847433,0.0,59.12,68991.54,index_price,68991.54,0.16225,68999.11,4JUN26,79000,,P,BTC-4JUN26-79000-P
0.002,0.0024,311.0,0.00220682,1780406847433,11.4,48.7,70895.91,BTC-26MAR27,68991.54,0.0022,68999.11,26MAR27,200000,,C,BTC-26MAR27-200000-C
0.013,0.014,14.8,0.01361968,1780406847433,15.7,41.78,68991.83,index_price,68991.54,0.0135,68999.11,6JUN26,69500,,C,BTC-6JUN26-69500-C
0.3835,0.395,0.1,0.38719314,1780406847433,0.0,39.96,69276.88,BTC-31JUL26,68991.54,0.38925,68999.11,31JUL26,96000,,P,BTC-31JUL26-96000-P
,0.0001,4041.0,1.884e-05,1780406847433,36.1,144.1,69117.61,BTC-26JUN26,68991.54,,68999.11,26JUN26,20000,,P,BTC-26JUN26-20000-P
0.99,1.0655,0.2,0.99664357,1780406847433,0.0,44.77,70239.27,BTC-25DEC26,68991.54,1.02775,68999.11,25DEC26,140000,,P,BTC-25DEC26-140000-P
0.7895,0.8055,21.6,0.79608876,1780406847433,0.0,44.69,69638.08,BTC-25SEP26,68991.54,0.7975,68999.11,25SEP26,125000,,P,BTC-25SEP26-125000-P
0.171,0.178,0.1,0.17361283,1780406847433,0.0,43.11,69035.95,BTC-12JUN26,68991.54,0.1745,68999.11,12JUN26,81000,,P,BTC-12JUN26-81000-P
0.024,0.0255,125.0,0.02497158,1780406847433,130.2,40.79,68991.83,index_price,68991.54,0.02475,68999.11,6JUN26,70000,,P,BTC-6JUN26-70000-P
0.3275,0.3375,1.0,0.33061527,1780406847433,0.0,37.7,69450.66,BTC-28AUG26,68991.54,0.3325,68999.11,28AUG26,92000,,P,BTC-28AUG26-92000-P
0.474,0.5145,0.0,0.47849316,1780406847433,0.0,41.75,70895.91,BTC-26MAR27,68991.54,0.49425,68999.11,26MAR27,102000,,P,BTC-26MAR27-102000-P
0.12,0.1235,24.3,0.12132523,1780406847433,0.0,36.93,69450.66,BTC-28AUG26,68991.54,0.12175,68999.11,28AUG26,75000,,P,BTC-28AUG26-75000-P
0.0002,0.0003,1014.6,0.00026124,1780406847433,344.4,51.54,68992.62,BTC-5JUN26,68991.54,0.00025,68999.11,5JUN26,76000,,C,BTC-5JUN26-76000-C
0.2055,0.2085,220.5,0.20747384,1780406847433,0.0,57.22,69117.61,BTC-26JUN26,68991.54,0.207,68999.11,26JUN26,55000,,C,BTC-26JUN26-55000-C
0.0505,0.052,60.7,0.05144954,1780406847433,0.0,41.69,70895.91,BTC-26MAR27,68991.54,0.05125,68999.11,26MAR27,96000,,C,BTC-26MAR27-96000-C
0.41,0.419,0.1,0.41356839,1780406847433,0.0,38.66,69638.08,BTC-25SEP26,68991.54,0.4145,68999.11,25SEP26,98000,,P,BTC-25SEP26-98000-P
0.4295,0.432,31.4,0.4310254,1780406847433,0.0,60.43,69638.08,BTC-25SEP26,68991.54,0.43075,68999.11,25SEP26,40000,,C,BTC-25SEP26-40000-C
0.0325,0.0335,0.6,0.03279495,1780406847433,0.1,36.64,69450.66,BTC-28AUG26,68991.54,0.033,68999.11,28AUG26,77000,,C,BTC-28AUG26-77000-C
0.0645,0.0685,7.1,0.0668867,1780406847433,4.1,45.25,69035.95,BTC-12JUN26,68991.54,0.0665,68999.11,12JUN26,65000,,C,BTC-12JUN26-65000-C
0.0003,0.0006,320.2,0.00039303,1780406847433,0.0,51.97,69638.37,BTC-25SEP26,68991.54,0.00045,68999.11,25SEP26,155000,,C,BTC-25SEP26-155000-C
0.197,0.2045,0.0,0.19910552,1780406847433,0.0,36.55,69450.66,BTC-28AUG26,68991.54,0.20075,68999.11,28AUG26,82000,,P,BTC-28AUG26-82000-P
0.032,0.033,3471.8,0.03264016,1780406847433,396.3,37.77,69117.61,BTC-26JUN26,68991.54,0.0325,68999.11,26JUN26,70000,,C,BTC-26JUN26-70000-C
0.011,0.0115,175.8,0.01122408,1780406847433,63.6,43.66,69035.95,BTC-12JUN26,68991.54,0.01125,68999.11,12JUN26,66000,,P,BTC-12JUN26-66000-P
0.124,0.126,1082.9,0.12511031,1780406847433,500.8,42.59,70239.27,BTC-25DEC26,68991.54,0.125,68999.11,25DEC26,70000,,P,BTC-25DEC26-70000-P
0.076,0.077,600.4,0.07633326,1780406847433,53.4,39.71,69638.08,BTC-25SEP26,68991.54,0.0765,68999.11,25SEP26,68000,,P,BTC-25SEP26-68000-P
0.0005,0.0007,102.1,0.00062295,1780406847433,194.8,42.5,68991.54,index_price,68991.54,0.0006,68999.11,3JUN26,71000,,C,BTC-3JUN26-71000-C
0.058,0.061,554.0,0.05901215,1780406847433,9.1,40.42,68992.62,BTC-5JUN26,68991.54,0.0595,68999.11,5JUN26,73000,,P,BTC-5JUN26-73000-P
0.0003,0.0005,1338.0,0.00040941,1780406847433,605.8,41.82,69035.66,BTC-12JUN26,68991.54,0.0004,68999.11,12JUN26,80000,,C,BTC-12JUN26-80000-C
0.0055,0.0065,623.5,0.0060215,1780406847433,2.7,42.63,70239.27,BTC-25DEC26,68991.54,0.006,68999.11,25DEC26,125000,,C,BTC-25DEC26-125000-C
0.053,0.0545,72.3,0.05388552,1780406847433,0.2,41.74,70896.2,BTC-26MAR27,68991.54,0.05375,68999.11,26MAR27,95000,,C,BTC-26MAR27-95000-C
0.1275,0.1295,1017.7,0.12852121,1780406847433,447.8,42.59,70239.27,BTC-25DEC26,68991.54,0.1285,68999.11,25DEC26,70000,,C,BTC-25DEC26-70000-C
0.0145,0.0155,207.9,0.01508568,1780406847433,35.0,35.9,69276.88,BTC-31JUL26,68991.54,0.015,68999.11,31JUL26,79000,,C,BTC-31JUL26-79000-C
0.006,0.0065,1626.0,0.00600897,1780406847433,5.8,67.02,70239.56,BTC-25DEC26,68991.54,0.00625,68999.11,25DEC26,30000,,P,BTC-25DEC26-30000-P
0.0005,0.0009,1116.8,0.00068655,1780406847433,0.3,49.05,69638.08,BTC-25SEP26,68991.54,0.0007,68999.11,25SEP26,140000,,C,BTC-25SEP26-140000-C
0.0205,0.022,2426.6,0.0214134,1780406847433,90.0,40.26,70239.56,BTC-25DEC26,68991.54,0.02125,68999.11,25DEC26,100000,,C,BTC-25DEC26-100000-C
0.041,0.0495,0.0,0.0457579,1780406847433,0.0,56.31,68991.54,index_price,68991.54,0.04525,68999.11,4JUN26,66000,,C,BTC-4JUN26-66000-C
1.4985,1.6815,7.3,1.58496904,1780406847433,0.0,56.38,69638.08,BTC-25SEP26,68991.54,1.59,68999.11,25SEP26,180000,,P,BTC-25SEP26-180000-P
0.099,0.102,148.1,0.10050568,1780406847433,3.7,36.49,69277.17,BTC-31JUL26,68991.54,0.1005,68999.11,31JUL26,74000,,P,BTC-31JUL26-74000-P
0.2305,0.2375,21.8,0.23313639,1780406847433,5.1,36.64,69276.88,BTC-31JUL26,68991.54,0.234,68999.11,31JUL26,85000,,P,BTC-31JUL26-85000-P
0.097,0.099,85.0,0.09791419,1780406847433,0.0,45.61,70895.91,BTC-26MAR27,68991.54,0.098,68999.11,26MAR27,62000,,P,BTC-26MAR27-62000-P
0.0665,0.0705,110.8,0.06844413,1780406847433,5.5,36.39,69056.15,BTC-19JUN26,68991.54,0.0685,68999.11,19JUN26,73000,,P,BTC-19JUN26-73000-P
0.202,0.205,6.2,0.20315117,1780406847433,0.0,67.71,68992.62,BTC-5JUN26,68991.54,0.2035,68999.11,5JUN26,83000,,P,BTC-5JUN26-83000-P
0.465,0.4765,0.4,0.46919175,1780406847433,0.0,39.29,69638.08,BTC-25SEP26,68991.54,0.47075,68999.11,25SEP26,102000,,P,BTC-25SEP26-102000-P
,0.0001,308.5,0.0,1780406847433,0.0,95.76,69117.61,BTC-26JUN26,68991.54,,68999.11,26JUN26,300000,,C,BTC-26JUN26-300000-C
0.0595,0.0625,0.0,0.06121398,1780406847433,0.0,41.61,69056.15,BTC-19JUN26,68991.54,0.061,68999.11,19JUN26,66000,,C,BTC-19JUN26-66000-C
,0.0001,13.3,1.274e-05,1780406847433,1.5,57.43,68991.54,index_price,68991.54,,68999.11,4JUN26,78000,,C,BTC-4JUN26-78000-C
0.027,0.03,14.2,0.02771917,1780406847433,17.7,40.17,68992.62,BTC-5JUN26,68991.54,0.0285,68999.11,5JUN26,70500,,P,BTC-5JUN26-70500-P
0.0001,0.0002,73.1,0.00017843,1780406847433,117.9,52.38,68991.54,index_price,68991.54,0.00015,68999.11,3JUN26,72500,,C,BTC-3JUN26-72500-C
0.0715,0.0785,0.0,0.075033,1780406847433,0.0,57.63,68991.83,index_price,68991.54,0.075,68999.11,6JUN26,64000,,C,BTC-6JUN26-64000-C
0.0155,0.0165,829.0,0.01601817,1780406847433,26.4,40.5,70239.27,BTC-25DEC26,68991.54,0.016,68999.11,25DEC26,105000,,C,BTC-25DEC26-105000-C
,0.0001,33.5,3.914e-05,1780406847433,16.0,51.37,68991.54,index_price,68991.54,,68999.11,4JUN26,76000,,C,BTC-4JUN26-76000-C
0.011,0.012,14.7,0.01138142,1780406847433,14.7,42.32,68992.82,BTC-5JUN26,68991.54,0.0115,68999.11,5JUN26,69500,,C,BTC-5JUN26-69500-C
0.0555,0.0575,129.3,0.05651297,1780406847433,2.5,45.99,70239.27,BTC-25DEC26,68991.54,0.0565,68999.11,25DEC26,58000,,P,BTC-25DEC26-58000-P
0.1535,0.1595,172.9,0.1555334,1780406847433,0.0,35.9,69276.88,BTC-31JUL26,68991.54,0.1565,68999.11,31JUL26,79000,,P,BTC-31JUL26-79000-P
0.098,0.1065,0.0,0.1027614,1780406847433,0.0,64.35,68991.83,index_price,68991.54,0.10225,68999.11,6JUN26,62000,,C,BTC-6JUN26-62000-C
0.0325,0.033,1656.6,0.03285381,1780406847433,168.6,38.43,69035.95,BTC-12JUN26,68991.54,0.03275,68999.11,12JUN26,70000,,P,BTC-12JUN26-70000-P
1.013,1.1625,0.2,1.08276641,1780406847433,0.0,50.23,69638.37,BTC-25SEP26,68991.54,1.08775,68999.11,25SEP26,145000,,P,BTC-25SEP26-145000-P
0.0048,0.0055,505.3,0.00496655,1780406847433,505.4,49.39,69035.95,BTC-12JUN26,68991.54,0.00515,68999.11,12JUN26,63000,,P,BTC-12JUN26-63000-P
0.128,0.134,70.4,0.13061315,1780406847433,0.0,39.36,69035.95,BTC-12JUN26,68991.54,0.131,68999.11,12JUN26,78000,,P,BTC-12JUN26-78000-P
0.51,0.5195,0.0,0.51392612,1780406847433,0.0,41.49,69450.66,BTC-28AUG26,68991.54,0.51475,68999.11,28AUG26,105000,,P,BTC-28AUG26-105000-P
,0.0001,1131.0,4.571e-05,1780406847433,28.0,54.83,69035.95,BTC-12JUN26,68991.54,,68999.11,12JUN26,90000,,C,BTC-12JUN26-90000-C
0.3655,0.3735,5.2,0.36914757,1780406847433,0.0,40.21,70239.27,BTC-25DEC26,68991.54,0.3695,68999.11,25DEC26,94000,,P,BTC-25DEC26-94000-P
0.041,0.042,289.2,0.04109715,1780406847433,56.1,39.63,69276.88,BTC-31JUL26,68991.54,0.0415,68999.11,31JUL26,66000,,P,BTC-31JUL26-66000-P
0.0006,0.0009,226.6,0.00070316,1780406847433,0.0,55.74,70239.56,BTC-25DEC26,68991.54,0.00075,68999.11,25DEC26,220000,,C,BTC-25DEC26-220000-C
0.068,0.1315,0.0,0.10187673,1780406847433,0.0,45.23,68991.83,index_price,68991.54,0.09975,68999.11,6JUN26,76000,,P,BTC-6JUN26-76000-P
0.1045,0.1065,924.2,0.10525556,1780406847433,1.1,42.48,70895.91,BTC-26MAR27,68991.54,0.1055,68999.11,26MAR27,80000,,C,BTC-26MAR27-80000-C
1.4285,1.6075,0.2,1.51319688,1780406847433,0.0,55.57,69638.08,BTC-25SEP26,68991.54,1.518,68999.11,25SEP26,175000,,P,BTC-25SEP26-175000-P
,0.0001,53.1,5.83e-06,1780406847433,8.0,59.12,68991.54,index_price,68991.54,,68999.11,4JUN26,79000,,C,BTC-4JUN26-79000-C
0.048,0.0495,72.6,0.04875074,1780406847433,0.3,46.8,70239.27,BTC-25DEC26,68991.54,0.04875,68999.11,25DEC26,56000,,P,BTC-25DEC26-56000-P
0.0405,0.042,1.7,0.04128394,1780406847433,0.7,36.93,69450.37,BTC-28AUG26,68991.54,0.04125,68999.11,28AUG26,75000,,C,BTC-28AUG26-75000-C
0.03,0.0315,75.4,0.03087077,1780406847433,0.8,40.21,70239.27,BTC-25DEC26,68991.54,0.03075,68999.11,25DEC26,94000,,C,BTC-25DEC26-94000-C
0.017,0.0175,0.7,0.01727137,1780406847433,0.7,42.72,68991.83,index_price,68991.54,0.01725,68999.11,6JUN26,69000,,C,BTC-6JUN26-69000-C
0.057,0.058,113.9,0.05739495,1780406847433,114.0,37.6,69450.66,BTC-28AUG26,68991.54,0.0575,68999.11,28AUG26,72000,,C,BTC-28AUG26-72000-C
0.2185,0.222,9.2,0.22065387,1780406847433,1.0,45.47,69638.08,BTC-25SEP26,68991.54,0.22025,68999.11,25SEP26,56000,,C,BTC-25SEP26-56000-C
0.1525,0.155,14.3,0.1539992,1780406847433,1.0,42.03,69638.37,BTC-25SEP26,68991.54,0.15375,68999.11,25SEP26,62000,,C,BTC-25SEP26-62000-C
0.0145,0.015,390.4,0.01463201,1780406847433,317.2,45.51,69276.88,BTC-31JUL26,68991.54,0.01475,68999.11,31JUL26,58000,,P,BTC-31JUL26-58000-P
,0.0001,32.9,1.42e-06,1780406847433,29.0,55.62,68991.54,index_price,68991.54,,68999.11,3JUN26,75500,,C,BTC-3JUN26-75500-C
0.078,0.0805,0.0,0.07930876,1780406847433,0.0,39.12,69277.17,BTC-31JUL26,68991.54,0.07925,68999.11,31JUL26,67000,,C,BTC-31JUL26-67000-C
0.0845,0.0855,1276.3,0.08495878,1780406847433,133.6,39.1,69638.08,BTC-25SEP26,68991.54,0.085,68999.11,25SEP26,70000,,C,BTC-25SEP26-70000-C
2.608,2.8705,0.0,2.73358014,1780406847433,0.0,61.4,69638.08,BTC-25SEP26,68991.54,2.73925,68999.11,25SEP26,260000,,P,BTC-25SEP26-260000-P
,0.0001,176.0,2.75e-06,1780406847433,0.0,85.89,69117.61,BTC-26JUN26,68991.54,,68999.11,26JUN26,165000,,C,BTC-26JUN26-165000-C
0.14,0.1435,3.8,0.14163734,1780406847433,0.5,36.64,69450.66,BTC-28AUG26,68991.54,0.14175,68999.11,28AUG26,77000,,P,BTC-28AUG26-77000-P
0.1495,0.2015,0.0,0.1596853,1780406847433,0.0,59.23,68991.54,index_price,68991.54,0.1755,68999.11,4JUN26,80000,,P,BTC-4JUN26-80000-P
0.0045,0.0048,994.0,0.00457691,1780406847433,940.6,50.39,69055.86,BTC-19JUN26,68991.54,0.00465,68999.11,19JUN26,60000,,P,BTC-19JUN26-60000-P
0.022,0.0225,1320.7,0.02228441,1780406847433,247.6,41.17,69117.61,BTC-26JUN26,68991.54,0.02225,68999.11,26JUN26,66000,,P,BTC-26JUN26-66000-P
0.574,0.5855,53.3,0.57834336,1780406847433,0.0,40.95,70239.56,BTC-25DEC26,68991.54,0.57975,68999.11,25DEC26,110000,,P,BTC-25DEC26-110000-P
0.058,0.059,1.5,0.05850104,1780406847433,0.8,39.19,69450.37,BTC-28AUG26,68991.54,0.0585,68999.11,28AUG26,67000,,P,BTC-28AUG26-67000-P
0.0004,0.0006,87.8,0.00047067,1780406847433,86.6,72.24,68991.54,index_price,68991.54,0.0005,68999.11,3JUN26,65000,,P,BTC-3JUN26-65000-P
0.144,0.147,86.8,0.14529306,1780406847433,0.1,63.54,68992.62,BTC-5JUN26,68991.54,0.1455,68999.11,5JUN26,79000,,P,BTC-5JUN26-79000-P
0.008,0.009,30.1,0.00853825,1780406847433,31.4,46.96,68991.54,index_price,68991.54,0.0085,68999.11,3JUN26,69000,,C,BTC-3JUN26-69000-C
0.78,0.794,8.5,0.78564489,1780406847433,0.0,42.63,70239.27,BTC-25DEC26,68991.54,0.787,68999.11,25DEC26,125000,,P,BTC-25DEC26-125000-P
0.4395,0.4525,0.0,0.44458765,1780406847433,0.0,41.62,69277.17,BTC-31JUL26,68991.54,0.446,68999.11,31JUL26,100000,,P,BTC-31JUL26-100000-P
0.0025,0.0028,108.2,0.00266885,1780406847433,108.5,57.63,68991.83,index_price,68991.54,0.00265,68999.11,6JUN26,64000,,P,BTC-6JUN26-64000-P
0.0435,0.0465,28.8,0.04454431,1780406847433,42.0,40.66,68991.54,index_price,68991.54,0.045,68999.11,4JUN26,72000,,P,BTC-4JUN26-72000-P
0.525,0.5385,0.0,0.53086313,1780406847433,0.0,44.59,69277.17,BTC-31JUL26,68991.54,0.53175,68999.11,31JUL26,106000,,P,BTC-31JUL26-106000-P
0.5745,0.5925,1.2,0.57962563,1780406847433,0.0,41.8,70895.91,BTC-26MAR27,68991.54,0.5835,68999.11,26MAR27,110000,,P,BTC-26MAR27-110000-P
0.302,0.3095,597.8,0.30505092,1780406847433,1.2,37.36,69638.08,BTC-25SEP26,68991.54,0.30575,68999.11,25SEP26,90000,,P,BTC-25SEP26-90000-P
3.4415,3.7635,0.1,3.59516733,1780406847433,0.0,66.78,69638.08,BTC-25SEP26,68991.54,3.6025,68999.11,25SEP26,320000,,P,BTC-25SEP26-320000-P
0.175,0.1775,7.2,0.17624701,1780406847433,0.1,44.29,70895.91,BTC-26MAR27,68991.54,0.17625,68999.11,26MAR27,68000,,C,BTC-26MAR27-68000-C
0.178,0.1845,110.8,0.18035929,1780406847433,0.0,35.97,69276.88,BTC-31JUL26,68991.54,0.18125,68999.11,31JUL26,81000,,P,BTC-31JUL26-81000-P
0.2715,0.281,2.0,0.27425287,1780406847433,0.0,37.21,69276.88,BTC-31JUL26,68991.54,0.27625,68999.11,31JUL26,88000,,P,BTC-31JUL26-88000-P
0.115,0.118,250.7,0.11627102,1780406847433,1.5,55.78,68992.82,BTC-5JUN26,68991.54,0.1165,68999.11,5JUN26,77000,,P,BTC-5JUN26-77000-P
0.0085,0.009,154.3,0.00857256,1780406847433,16.0,37.67,69638.08,BTC-25SEP26,68991.54,0.00875,68999.11,25SEP26,94000,,C,BTC-25SEP26-94000-C
0.104,0.141,0.0,0.10897029,1780406847433,0.0,51.74,68991.54,index_price,68991.54,0.1225,68999.11,4JUN26,76500,,P,BTC-4JUN26-76500-P
2.496,2.7495,0.0,2.61733305,1780406847433,0.0,90.33,69117.61,BTC-26JUN26,68991.54,2.62275,68999.11,26JUN26,250000,,P,BTC-26JUN26-250000-P
0.0003,0.0005,40.8,0.00037317,1780406847433,43.0,43.44,68991.54,index_price,68991.54,0.0004,68999.11,4JUN26,73000,,C,BTC-4JUN26-73000-C
0.0008,0.0011,22.2,0.00093232,1780406847433,22.4,65.64,68991.54,index_price,68991.54,0.00095,68999.11,4JUN26,64000,,P,BTC-4JUN26-64000-P
0.032,0.033,96.8,0.03223819,1780406847433,27.8,36.49,69276.88,BTC-31JUL26,68991.54,0.0325,68999.11,31JUL26,74000,,C,BTC-31JUL26-74000-C
0.0265,0.028,209.4,0.02734651,1780406847433,0.0,40.23,70239.27,BTC-25DEC26,68991.54,0.02725,68999.11,25DEC26,96000,,C,BTC-25DEC26-96000-C
0.164,0.1675,10.6,0.1660805,1780406847433,0.2,52.04,69117.61,BTC-26JUN26,68991.54,0.16575,68999.11,26JUN26,58000,,C,BTC-26JUN26-58000-C
,0.0001,257.0,1.8e-07,1780406847433,0.0,72.07,68992.62,BTC-5JUN26,68991.54,,68999.11,5JUN26,90000,,C,BTC-5JUN26-90000-C
0.276,0.2795,339.5,0.27818215,1780406847433,0.0,67.12,69117.61,BTC-26JUN26,68991.54,0.27775,68999.11,26JUN26,50000,,C,BTC-26JUN26-50000-C
0.0205,0.0215,167.2,0.02088182,1780406847433,183.3,41.78,68991.83,index_price,68991.54,0.021,68999.11,6JUN26,69500,,P,BTC-6JUN26-69500-P
0.0155,0.0165,73.4,0.01617729,1780406847433,50.2,36.56,69450.37,BTC-28AUG26,68991.54,0.016,68999.11,28AUG26,83000,,C,BTC-28AUG26-83000-C
0.142,0.144,184.3,0.14295582,1780406847433,0.4,43.06,70239.27,BTC-25DEC26,68991.54,0.143,68999.11,25DEC26,68000,,C,BTC-25DEC26-68000-C
0.0455,0.0465,143.4,0.04621749,1780406847433,30.5,37.14,69450.66,BTC-28AUG26,68991.54,0.046,68999.11,28AUG26,74000,,C,BTC-28AUG26-74000-C
0.355,0.3635,1.3,0.35840177,1780406847433,0.0,37.67,69638.37,BTC-25SEP26,68991.54,0.35925,68999.11,25SEP26,94000,,P,BTC-25SEP26-94000-P
0.0425,0.044,201.5,0.04329451,1780406847433,2.8,41.75,70895.91,BTC-26MAR27,68991.54,0.04325,68999.11,26MAR27,100000,,C,BTC-26MAR27-100000-C
0.134,0.137,48.2,0.13548165,1780406847433,0.0,44.29,70895.91,BTC-26MAR27,68991.54,0.1355,68999.11,26MAR27,68000,,P,BTC-26MAR27-68000-P
2.9155,3.1995,0.0,3.05141301,1780406847433,0.0,91.37,69117.61,BTC-26JUN26,68991.54,3.0575,68999.11,26JUN26,280000,,P,BTC-26JUN26-280000-P
,0.0001,691.0,1e-08,1780406847433,0.0,86.38,69117.61,BTC-26JUN26,68991.54,,68999.11,26JUN26,220000,,C,BTC-26JUN26-220000-C
0.42,0.4225,33.0,0.42174416,1780406847433,0.0,90.36,69117.61,BTC-26JUN26,68991.54,0.42125,68999.11,26JUN26,40000,,C,BTC-26JUN26-40000-C
0.105,0.109,1748.3,0.1071084,1780406847433,14.7,36.02,69117.61,BTC-26JUN26,68991.54,0.107,68999.11,26JUN26,76000,,P,BTC-26JUN26-76000-P
0.0002,0.0004,499.0,0.00030594,1780406847433,457.0,46.56,68992.62,BTC-5JUN26,68991.54,0.0003,68999.11,5JUN26,75000,,C,BTC-5JUN26-75000-C
0.0003,0.0005,5577.2,0.00043117,1780406847434,663.7,44.39,69117.61,BTC-26JUN26,68991.54,0.0004,68999.11,26JUN26,90000,,C,BTC-26JUN26-90000-C
2.636,2.8995,0.0,2.76202637,1780406847434,0.0,91.06,69117.61,BTC-26JUN26,68991.54,2.76775,68999.11,26JUN26,260000,,P,BTC-26JUN26-260000-P
0.1595,0.1625,668.1,0.16081996,1780406847434,2.8,37.25,69638.08,BTC-25SEP26,68991.54,0.161,68999.11,25SEP26,78000,,P,BTC-25SEP26-78000-P
,0.0001,1510.4,8.16e-06,1780406847434,0.0,68.16,69117.61,BTC-26JUN26,68991.54,,68999.11,26JUN26,130000,,C,BTC-26JUN26-130000-C
0.008,0.0085,232.4,0.00826828,1780406847434,11.0,36.36,69056.15,BTC-19JUN26,68991.54,0.00825,68999.11,19JUN26,74000,,C,BTC-19JUN26-74000-C
0.3465,0.351,5.8,0.34976558,1780406847434,0.0,77.98,69117.61,BTC-26JUN26,68991.54,0.34875,68999.11,26JUN26,45000,,C,BTC-26JUN26-45000-C
0.0002,0.0004,209.9,0.00030889,1780406847434,65.1,43.11,69035.95,BTC-12JUN26,68991.54,0.0003,68999.11,12JUN26,81000,,C,BTC-12JUN26-81000-C
0.093,0.0945,0.9,0.09366416,1780406847434,0.9,39.19,69450.66,BTC-28AUG26,68991.54,0.09375,68999.11,28AUG26,67000,,C,BTC-28AUG26-67000-C
0.005,0.006,5.1,0.00555082,1780406847434,5.1,51.1,68991.83,index_price,68991.54,0.0055,68999.11,6JUN26,66000,,P,BTC-6JUN26-66000-P
0.0495,0.052,0.0,0.05102265,1780406847434,0.0,40.58,69055.86,BTC-19JUN26,68991.54,0.05075,68999.11,19JUN26,67000,,C,BTC-19JUN26-67000-C
0.7735,0.794,0.0,0.77840982,1780406847434,0.0,42.31,70895.91,BTC-26MAR27,68991.54,0.78375,68999.11,26MAR27,125000,,P,BTC-26MAR27-125000-P
0.022,0.023,529.9,0.02265059,1780406847434,1.2,41.95,70895.91,BTC-26MAR27,68991.54,0.0225,68999.11,26MAR27,115000,,C,BTC-26MAR27-115000-C
0.0675,0.133,0.0,0.10173845,1780406847434,0.0,51.37,68991.54,index_price,68991.54,0.10025,68999.11,4JUN26,76000,,P,BTC-4JUN26-76000-P
0.114,0.154,0.0,0.11612744,1780406847434,0.0,60.97,68991.54,index_price,68991.54,0.134,68999.11,3JUN26,77000,,P,BTC-3JUN26-77000-P
0.0795,0.0815,41.8,0.08048665,1780406847434,1.1,42.01,70895.91,BTC-26MAR27,68991.54,0.0805,68999.11,26MAR27,86000,,C,BTC-26MAR27-86000-C
0.0028,0.0031,190.5,0.00292568,1780406847434,210.5,53.5,69035.95,BTC-12JUN26,68991.54,0.00295,68999.11,12JUN26,61000,,P,BTC-12JUN26-61000-P
0.0445,0.046,1086.2,0.04522223,1780406847434,2.7,47.23,70239.27,BTC-25DEC26,68991.54,0.04525,68999.11,25DEC26,55000,,P,BTC-25DEC26-55000-P
0.006,0.0065,178.8,0.00629965,1780406847434,1.1,38.66,69638.37,BTC-25SEP26,68991.54,0.00625,68999.11,25SEP26,98000,,C,BTC-25SEP26-98000-C
0.2705,0.281,16.0,0.27384755,1780406847434,1.0,42.44,69117.61,BTC-26JUN26,68991.54,0.27575,68999.11,26JUN26,88000,,P,BTC-26JUN26-88000-P
0.4375,0.4465,271.9,0.4412792,1780406847434,0.0,38.95,69638.37,BTC-25SEP26,68991.54,0.442,68999.11,25SEP26,100000,,P,BTC-25SEP26-100000-P
0.1195,0.122,0.0,0.12108115,1780406847434,0.0,40.5,69450.66,BTC-28AUG26,68991.54,0.12075,68999.11,28AUG26,64000,,C,BTC-28AUG26-64000-C
,0.0001,1024.4,5e-08,1780406847436,0.0,85.97,69117.61,BTC-26JUN26,68991.54,,68999.11,26JUN26,200000,,C,BTC-26JUN26-200000-C
0.063,0.0645,0.4,0.06370216,1780406847436,0.4,37.87,69450.37,BTC-28AUG26,68991.54,0.06375,68999.11,28AUG26,71000,,C,BTC-28AUG26-71000-C
0.0043,0.0047,54.3,0.00448346,1780406847436,0.0,39.29,69638.08,BTC-25SEP26,68991.54,0.0045,68999.11,25SEP26,102000,,C,BTC-25SEP26-102000-C
0.039,0.04,45.1,0.03964119,1780406847436,0.0,41.75,70895.91,BTC-26MAR27,68991.54,0.0395,68999.11,26MAR27,102000,,C,BTC-26MAR27-102000-C
0.0505,0.053,17.5,0.05147726,1780406847436,1.5,41.44,68991.54,index_price,68991.54,0.05175,68999.11,4JUN26,72500,,P,BTC-4JUN26-72500-P
0.191,0.194,245.5,0.19273088,1780406847436,2.5,41.36,70239.56,BTC-25DEC26,68991.54,0.1925,68999.11,25DEC26,78000,,P,BTC-25DEC26-78000-P
0.0855,0.087,3.8,0.08614124,1780406847436,0.7,37.87,69450.66,BTC-28AUG26,68991.54,0.08625,68999.11,28AUG26,71000,,P,BTC-28AUG26-71000-P
0.001,0.0012,578.9,0.00110912,1780406847436,47.5,38.42,69035.95,BTC-12JUN26,68991.54,0.0011,68999.11,12JUN26,77000,,C,BTC-12JUN26-77000-C
0.0335,0.034,2773.6,0.03357861,1780406847436,176.3,37.09,69638.08,BTC-25SEP26,68991.54,0.03375,68999.11,25SEP26,80000,,C,BTC-25SEP26-80000-C
0.0043,0.0045,47.1,0.00435876,1780406847436,62.6,54.43,68991.54,index_price,68991.54,0.0044,68999.11,3JUN26,68000,,P,BTC-3JUN26-68000-P
,0.0001,231.0,0.0,1780406847436,0.0,91.37,69117.61,BTC-26JUN26,68991.54,,68999.11,26JUN26,280000,,C,BTC-26JUN26-280000-C
0.185,0.188,0.0,0.18662937,1780406847436,0.0,43.96,69450.66,BTC-28AUG26,68991.54,0.1865,68999.11,28AUG26,58000,,C,BTC-28AUG26-58000-C
0.0815,0.0825,409.7,0.08219765,1780406847436,60.1,37.08,69276.88,BTC-31JUL26,68991.54,0.082,68999.11,31JUL26,72000,,P,BTC-31JUL26-72000-P
0.3285,0.3385,4.0,0.33168145,1780406847436,0.0,37.65,69638.08,BTC-25SEP26,68991.54,0.3335,68999.11,25SEP26,92000,,P,BTC-25SEP26-92000-P
0.258,0.2605,0.5,0.25912542,1780406847436,0.0,46.71,70895.91,BTC-26MAR27,68991.54,0.25925,68999.11,26MAR27,58000,,C,BTC-26MAR27-58000-C
0.1125,0.16,0.0,0.13074433,1780406847436,0.0,51.82,68991.83,index_price,68991.54,0.13625,68999.11,6JUN26,78000,,P,BTC-6JUN26-78000-P
0.0555,0.057,41.5,0.05625256,1780406847436,5.2,41.72,70895.91,BTC-26MAR27,68991.54,0.05625,68999.11,26MAR27,94000,,C,BTC-26MAR27-94000-C
0.148,0.15,20.6,0.14899613,1780406847436,2.3,43.5,70895.91,BTC-26MAR27,68991.54,0.149,68999.11,26MAR27,72000,,C,BTC-26MAR27-72000-C
,0.0001,789.5,8.45e-06,1780406847436,0.0,75.63,69117.61,BTC-26JUN26,68991.54,,68999.11,26JUN26,140000,,C,BTC-26JUN26-140000-C
0.2605,0.2635,30.3,0.26218794,1780406847436,0.0,47.23,70239.27,BTC-25DEC26,68991.54,0.262,68999.11,25DEC26,55000,,C,BTC-25DEC26-55000-C
0.299,0.309,2.5,0.30221626,1780406847436,0.0,37.83,69276.88,BTC-31JUL26,68991.54,0.304,68999.11,31JUL26,90000,,P,BTC-31JUL26-90000-P
0.071,0.072,16.4,0.0713351,1780406847436,0.1,38.46,69450.37,BTC-28AUG26,68991.54,0.0715,68999.11,28AUG26,69000,,P,BTC-28AUG26-69000-P
0.0003,0.0008,878.5,0.00050713,1780406847436,0.0,57.47,70239.27,BTC-25DEC26,68991.54,0.00055,68999.11,25DEC26,240000,,C,BTC-25DEC26-240000-C
0.0006,0.0008,393.0,0.00070242,1780406847436,0.2,44.24,69276.88,BTC-31JUL26,68991.54,0.0007,68999.11,31JUL26,105000,,C,BTC-31JUL26-105000-C
0.121,0.1235,81.6,0.12207249,1780406847436,0.1,44.69,70895.91,BTC-26MAR27,68991.54,0.12225,68999.11,26MAR27,66000,,P,BTC-26MAR27-66000-P
0.0055,0.0065,200.5,0.0060719,1780406847436,104.7,36.47,69055.86,BTC-19JUN26,68991.54,0.006,68999.11,19JUN26,75000,,C,BTC-19JUN26-75000-C
0.0935,0.097,2229.6,0.09499505,1780406847436,47.2,36.02,69117.61,BTC-26JUN26,68991.54,0.09525,68999.11,26JUN26,75000,,P,BTC-26JUN26-75000-P
0.143,0.2055,0.0,0.17418006,1780406847436,0.0,59.32,68991.54,index_price,68991.54,0.17425,68999.11,4JUN26,81000,,P,BTC-4JUN26-81000-P
0.0965,0.0985,1089.9,0.09760425,1780406847436,17.6,41.73,70239.27,BTC-25DEC26,68991.54,0.0975,68999.11,25DEC26,75000,,C,BTC-25DEC26-75000-C
0.116,0.1205,0.0,0.11829507,1780406847436,0.0,36.62,69056.15,BTC-19JUN26,68991.54,0.11825,68999.11,19JUN26,77000,,P,BTC-19JUN26-77000-P
0.0035,0.004,364.6,0.0039043,1780406847436,252.9,36.97,69035.95,BTC-12JUN26,68991.54,0.00375,68999.11,12JUN26,74000,,C,BTC-12JUN26-74000-C
0.0001,0.0002,51.3,0.00012105,1780406847436,74.8,55.34,68991.54,index_price,68991.54,0.00015,68999.11,3JUN26,73000,,C,BTC-3JUN26-73000-C
0.5655,0.567,68.9,0.56606691,1780406847436,0.0,116.7,69117.61,BTC-26JUN26,68991.54,0.56625,68999.11,26JUN26,30000,,C,BTC-26JUN26-30000-C
,0.0001,58.7,6.3e-07,1780406847436,20.0,56.43,68991.54,index_price,68991.54,,68999.11,3JUN26,76000,,C,BTC-3JUN26-76000-C
0.0425,0.0435,146.1,0.04280225,1780406847436,135.5,37.08,69276.88,BTC-31JUL26,68991.54,0.043,68999.11,31JUL26,72000,,C,BTC-31JUL26-72000-C
0.0034,0.0038,32.9,0.00364498,1780406847436,44.9,40.64,68991.54,index_price,68991.54,0.0036,68999.11,4JUN26,70500,,C,BTC-4JUN26-70500-C
0.01,0.011,26.0,0.01036987,1780406847436,26.0,40.79,68991.83,index_price,68991.54,0.0105,68999.11,6JUN26,70000,,C,BTC-6JUN26-70000-C
0.947,1.025,14.2,0.95336783,1780406847436,0.0,71.79,69117.61,BTC-26JUN26,68991.54,0.986,68999.11,26JUN26,135000,,P,BTC-26JUN26-135000-P
0.0305,0.0315,0.0,0.0307599,1780406847436,0.0,42.12,69450.37,BTC-28AUG26,68991.54,0.031,68999.11,28AUG26,61000,,P,BTC-28AUG26-61000-P
0.0135,0.014,2882.1,0.01370711,1780406847436,314.3,49.96,69638.08,BTC-25SEP26,68991.54,0.01375,68999.11,25SEP26,50000,,P,BTC-25SEP26-50000-P
0.0055,0.006,549.3,0.00580315,1780406847436,550.4,40.17,68992.82,BTC-5JUN26,68991.54,0.00575,68999.11,5JUN26,70500,,C,BTC-5JUN26-70500-C
0.007,0.0075,1025.4,0.00752631,1780406847436,235.0,36.02,69117.61,BTC-26JUN26,68991.54,0.00725,68999.11,26JUN26,76000,,C,BTC-26JUN26-76000-C
0.1065,0.1415,0.0,0.10888007,1780406847436,0.0,59.32,68991.54,index_price,68991.54,0.124,68999.11,3JUN26,76500,,P,BTC-3JUN26-76500-P
0.1085,0.111,95.2,0.10964207,1780406847436,0.0,45.16,70895.91,BTC-26MAR27,68991.54,0.10975,68999.11,26MAR27,64000,,P,BTC-26MAR27-64000-P
0.1505,0.1545,0.0,0.15232632,1780406847436,0.0,42.12,69450.66,BTC-28AUG26,68991.54,0.1525,68999.11,28AUG26,61000,,C,BTC-28AUG26-61000-C
0.0655,0.0665,807.0,0.06606613,1780406847436,37.1,37.73,69276.88,BTC-31JUL26,68991.54,0.066,68999.11,31JUL26,70000,,P,BTC-31JUL26-70000-P
0.64,0.6625,0.0,0.64488565,1780406847436,0.0,41.95,70895.91,BTC-26MAR27,68991.54,0.65125,68999.11,26MAR27,115000,,P,BTC-26MAR27-115000-P
0.0285,0.0325,0.0,0.03088748,1780406847436,0.0,60.39,68991.54,index_price,68991.54,0.0305,68999.11,3JUN26,67000,,C,BTC-3JUN26-67000-C
0.0685,0.0785,0.0,0.07338243,1780406847436,0.0,40.77,68991.83,index_price,68991.54,0.0735,68999.11,6JUN26,74000,,P,BTC-6JUN26-74000-P
0.9435,1.0885,1.4,1.01107047,1780406847436,0.0,49.05,69638.08,BTC-25SEP26,68991.54,1.016,68999.11,25SEP26,140000,,P,BTC-25SEP26-140000-P
0.078,0.0825,198.5,0.08000063,1780406847436,0.0,36.36,69056.15,BTC-19JUN26,68991.54,0.08025,68999.11,19JUN26,74000,,P,BTC-19JUN26-74000-P
0.0028,0.0031,1213.1,0.00297202,1780406847436,23.1,37.83,69277.17,BTC-31JUL26,68991.54,0.00295,68999.11,31JUL26,90000,,C,BTC-31JUL26-90000-C
0.024,0.025,42.1,0.0242861,1780406847436,31.9,46.57,68992.82,BTC-5JUN26,68991.54,0.0245,68999.11,5JUN26,68000,,C,BTC-5JUN26-68000-C
0.3115,0.3235,0.0,0.31627245,1780406847436,0.0,38.09,69276.88,BTC-31JUL26,68991.54,0.3175,68999.11,31JUL26,91000,,P,BTC-31JUL26-91000-P
,0.0001,129.0,0.0,1780406847436,0.0,102.06,69117.61,BTC-26JUN26,68991.54,,68999.11,26JUN26,340000,,C,BTC-26JUN26-340000-C
0.07,0.071,4.1,0.07045071,1780406847436,4.3,38.15,69450.66,BTC-28AUG26,68991.54,0.0705,68999.11,28AUG26,70000,,C,BTC-28AUG26-70000-C
0.549,0.5605,0.0,0.5539759,1780406847436,0.0,41.79,70895.91,BTC-26MAR27,68991.54,0.55475,68999.11,26MAR27,108000,,P,BTC-26MAR27-108000-P
0.003,0.0035,300.6,0.00326355,1780406847436,0.4,47.02,70895.91,BTC-26MAR27,68991.54,0.00325,68999.11,26MAR27,180000,,C,BTC-26MAR27-180000-C
0.27,0.277,5.8,0.27299145,1780406847437,0.0,42.14,70895.91,BTC-26MAR27,68991.54,0.2735,68999.11,26MAR27,84000,,P,BTC-26MAR27-84000-P
0.13,0.133,5.5,0.13127091,1780406847437,0.0,36.77,69450.66,BTC-28AUG26,68991.54,0.1315,68999.11,28AUG26,76000,,P,BTC-28AUG26-76000-P
0.0085,0.0095,144.2,0.00893975,1780406847437,158.7,37.05,69035.95,BTC-12JUN26,68991.54,0.009,68999.11,12JUN26,72000,,C,BTC-12JUN26-72000-C
0.017,0.018,523.1,0.01759216,1780406847437,418.3,35.9,69276.88,BTC-31JUL26,68991.54,0.0175,68999.11,31JUL26,78000,,C,BTC-31JUL26-78000-C
0.055,0.056,39.1,0.05554283,1780406847437,22.1,37.73,69276.88,BTC-31JUL26,68991.54,0.0555,68999.11,31JUL26,70000,,C,BTC-31JUL26-70000-C
0.0013,0.0016,1187.9,0.00141108,1780406847437,1.3,43.45,69638.08,BTC-25SEP26,68991.54,0.00145,68999.11,25SEP26,120000,,C,BTC-25SEP26-120000-C
0.0195,0.0205,221.0,0.02014013,1780406847437,242.1,37.29,69055.86,BTC-19JUN26,68991.54,0.02,68999.11,19JUN26,71000,,C,BTC-19JUN26-71000-C
1.36,1.5335,0.0,1.44147288,1780406847437,0.0,55.52,69638.08,BTC-25SEP26,68991.54,1.44675,68999.11,25SEP26,170000,,P,BTC-25SEP26-170000-P
0.0935,0.095,85.0,0.09423458,1780406847437,4.0,37.6,69450.37,BTC-28AUG26,68991.54,0.09425,68999.11,28AUG26,72000,,P,BTC-28AUG26-72000-P
0.0095,0.01,2912.4,0.00979514,1780406847437,986.7,36.02,69117.61,BTC-26JUN26,68991.54,0.00975,68999.11,26JUN26,75000,,C,BTC-26JUN26-75000-C
0.073,0.0745,23.8,0.07350325,1780406847437,0.2,41.88,70896.2,BTC-26MAR27,68991.54,0.07375,68999.11,26MAR27,88000,,C,BTC-26MAR27-88000-C
0.026,0.027,100.0,0.0263599,1780406847437,100.0,45.38,68991.83,index_price,68991.54,0.0265,68999.11,6JUN26,68000,,C,BTC-6JUN26-68000-C
0.0009,0.001,1815.9,0.00088553,1780406847437,79.1,77.98,69117.61,BTC-26JUN26,68991.54,0.00095,68999.11,26JUN26,45000,,P,BTC-26JUN26-45000-P
,0.0001,207.0,3.19e-06,1780406847437,3.0,71.06,68992.62,BTC-5JUN26,68991.54,,68999.11,5JUN26,86000,,C,BTC-5JUN26-86000-C
0.1795,0.1835,72.2,0.18070538,1780406847437,0.0,43.2,70895.91,BTC-26MAR27,68991.54,0.1815,68999.11,26MAR27,74000,,P,BTC-26MAR27-74000-P
0.0038,0.0043,179.0,0.00404901,1780406847437,2.1,46.11,70895.91,BTC-26MAR27,68991.54,0.00405,68999.11,26MAR27,170000,,C,BTC-26MAR27-170000-C
0.102,0.1035,4.2,0.10280805,1780406847437,1.2,37.35,69450.66,BTC-28AUG26,68991.54,0.10275,68999.11,28AUG26,73000,,P,BTC-28AUG26-73000-P
0.136,0.138,11.5,0.13683239,1780406847437,0.3,43.2,70895.91,BTC-26MAR27,68991.54,0.137,68999.11,26MAR27,74000,,C,BTC-26MAR27-74000-C
0.085,0.0865,95.8,0.08573502,1780406847437,2.0,43.96,70239.27,BTC-25DEC26,68991.54,0.08575,68999.11,25DEC26,64000,,P,BTC-25DEC26-64000-P
0.0135,0.0145,25.3,0.01430648,1780406847437,18.6,36.57,69450.66,BTC-28AUG26,68991.54,0.014,68999.11,28AUG26,84000,,C,BTC-28AUG26-84000-C
0.085,0.09,0.0,0.08796508,1780406847437,0.0,64.31,68992.62,BTC-5JUN26,68991.54,0.0875,68999.11,5JUN26,63000,,C,BTC-5JUN26-63000-C
0.0004,0.0006,2022.5,0.00054632,1780406847437,620.1,42.44,69117.61,BTC-26JUN26,68991.54,0.0005,68999.11,26JUN26,88000,,C,BTC-26JUN26-88000-C
0.001,0.0013,21.5,0.00118402,1780406847437,21.5,64.31,68992.82,BTC-5JUN26,68991.54,0.00115,68999.11,5JUN26,63000,,P,BTC-5JUN26-63000-P
0.2995,0.3105,0.0,0.30363958,1780406847437,0.0,47.88,69056.15,BTC-19JUN26,68991.54,0.305,68999.11,19JUN26,90000,,P,BTC-19JUN26-90000-P
0.1575,0.163,2504.4,0.1600728,1780406847437,1028.1,36.6,69117.61,BTC-26JUN26,68991.54,0.16025,68999.11,26JUN26,80000,,P,BTC-26JUN26-80000-P
0.006,0.0065,9.4,0.00621599,1780406847437,9.5,51.02,68991.54,index_price,68991.54,0.00625,68999.11,3JUN26,68500,,P,BTC-3JUN26-68500-P
0.243,0.253,0.0,0.24587728,1780406847437,0.0,52.01,69035.95,BTC-12JUN26,68991.54,0.248,68999.11,12JUN26,86000,,P,BTC-12JUN26-86000-P
0.0028,0.0031,12.5,0.0030758,1780406847437,15.5,39.64,68991.83,index_price,68991.54,0.00295,68999.11,6JUN26,72000,,C,BTC-6JUN26-72000-C
0.0017,0.0021,2445.7,0.00186082,1780406847437,222.7,42.23,69638.37,BTC-25SEP26,68991.54,0.0019,68999.11,25SEP26,115000,,C,BTC-25SEP26-115000-C
0.1615,0.1645,3.0,0.16335337,1780406847437,0.0,42.64,69450.66,BTC-28AUG26,68991.54,0.163,68999.11,28AUG26,60000,,C,BTC-28AUG26-60000-C
0.706,0.744,0.0,0.7111888,1780406847437,0.0,42.18,70895.91,BTC-26MAR27,68991.54,0.725,68999.11,26MAR27,120000,,P,BTC-26MAR27-120000-P
0.0001,0.0002,741.8,0.0001548,1780406847437,416.5,59.03,68992.62,BTC-5JUN26,68991.54,0.00015,68999.11,5JUN26,78000,,C,BTC-5JUN26-78000-C
0.0115,0.0125,23.0,0.01197299,1780406847437,23.0,45.38,68991.83,index_price,68991.54,0.012,68999.11,6JUN26,68000,,P,BTC-6JUN26-68000-P
0.0085,0.009,299.8,0.00868884,1780406847437,272.6,45.5,69056.15,BTC-19JUN26,68991.54,0.00875,68999.11,19JUN26,63000,,P,BTC-19JUN26-63000-P
0.033,0.034,5.2,0.03343327,1780406847437,5.5,38.72,69056.15,BTC-19JUN26,68991.54,0.0335,68999.11,19JUN26,69000,,C,BTC-19JUN26-69000-C
0.1715,0.178,4.0,0.17420429,1780406847437,0.0,67.3,68992.62,BTC-5JUN26,68991.54,0.17475,68999.11,5JUN26,81000,,P,BTC-5JUN26-81000-P
0.006,0.007,643.8,0.00637413,1780406847437,526.7,47.07,69035.95,BTC-12JUN26,68991.54,0.0065,68999.11,12JUN26,64000,,P,BTC-12JUN26-64000-P
,0.0001,266.9,0.0,1780406847437,0.0,102.24,69117.61,BTC-26JUN26,68991.54,,68999.11,26JUN26,380000,,C,BTC-26JUN26-380000-C
0.4985,0.518,0.0,0.50337472,1780406847437,0.0,41.76,70895.91,BTC-26MAR27,68991.54,0.50825,68999.11,26MAR27,104000,,P,BTC-26MAR27-104000-P
0.0016,0.002,263.6,0.00187036,1780406847437,286.3,39.81,68992.82,BTC-5JUN26,68991.54,0.0018,68999.11,5JUN26,72000,,C,BTC-5JUN26-72000-C
0.378,0.3875,9.0,0.38225339,1780406847437,0.0,41.72,70895.91,BTC-26MAR27,68991.54,0.38275,68999.11,26MAR27,94000,,P,BTC-26MAR27-94000-P
0.004,0.0043,25.1,0.0042445,1780406847437,25.4,39.64,68991.83,index_price,68991.54,0.00415,68999.11,6JUN26,71500,,C,BTC-6JUN26-71500-C
0.4415,0.451,258.1,0.44511211,1780406847437,0.3,40.26,70239.27,BTC-25DEC26,68991.54,0.44625,68999.11,25DEC26,100000,,P,BTC-25DEC26-100000-P
0.164,0.1665,895.3,0.16537829,1780406847437,5.0,41.73,70239.27,BTC-25DEC26,68991.54,0.16525,68999.11,25DEC26,75000,,P,BTC-25DEC26-75000-P
0.078,0.0795,87.3,0.07848924,1780406847437,31.4,38.15,69450.37,BTC-28AUG26,68991.54,0.07875,68999.11,28AUG26,70000,,P,BTC-28AUG26-70000-P
0.027,0.028,8.2,0.0273864,1780406847437,6.1,42.64,69450.66,BTC-28AUG26,68991.54,0.0275,68999.11,28AUG26,60000,,P,BTC-28AUG26-60000-P
0.0285,0.0315,129.4,0.02977913,1780406847437,44.0,42.5,68991.54,index_price,68991.54,0.03,68999.11,3JUN26,71000,,P,BTC-3JUN26-71000-P
0.0007,0.001,1428.8,0.00084868,1780406847437,0.0,45.7,69638.08,BTC-25SEP26,68991.54,0.00085,68999.11,25SEP26,130000,,C,BTC-25SEP26-130000-C
0.1245,0.1265,309.0,0.12549775,1780406847437,103.5,42.93,70895.91,BTC-26MAR27,68991.54,0.1255,68999.11,26MAR27,76000,,C,BTC-26MAR27-76000-C
0.3685,0.3805,0.0,0.37304631,1780406847437,0.0,39.57,69277.17,BTC-31JUL26,68991.54,0.3745,68999.11,31JUL26,95000,,P,BTC-31JUL26-95000-P
0.008,0.009,522.8,0.00870412,1780406847437,530.1,46.96,68991.54,index_price,68991.54,0.0085,68999.11,3JUN26,69000,,P,BTC-3JUN26-69000-P
0.004,0.0044,2574.2,0.00430526,1780406847437,187.9,36.03,69117.61,BTC-26JUN26,68991.54,0.0042,68999.11,26JUN26,78000,,C,BTC-26JUN26-78000-C
0.01,0.011,463.1,0.01057202,1780406847437,2.8,37.65,69638.37,BTC-25SEP26,68991.54,0.0105,68999.11,25SEP26,92000,,C,BTC-25SEP26-92000-C
0.0011,0.0013,2268.1,0.00110312,1780406847437,15.6,44.69,69638.37,BTC-25SEP26,68991.54,0.0012,68999.11,25SEP26,125000,,C,BTC-25SEP26-125000-C
0.0245,0.0305,0.0,0.02711138,1780406847437,0.0,50.03,68991.54,index_price,68991.54,0.0275,68999.11,4JUN26,67500,,C,BTC-4JUN26-67500-C
0.012,0.0125,6.5,0.01218654,1780406847437,6.5,44.23,68991.54,index_price,68991.54,0.01225,68999.11,4JUN26,69000,,C,BTC-4JUN26-69000-C
0.0024,0.0029,276.0,0.00259216,1780406847437,0.5,38.09,69276.88,BTC-31JUL26,68991.54,0.00265,68999.11,31JUL26,91000,,C,BTC-31JUL26-91000-C
0.71,0.7235,18.9,0.71597045,1780406847437,0.0,42.04,70239.27,BTC-25DEC26,68991.54,0.71675,68999.11,25DEC26,120000,,P,BTC-25DEC26-120000-P
1.797,2.0,6.6,1.89386648,1780406847437,0.0,85.97,69117.61,BTC-26JUN26,68991.54,1.8985,68999.11,26JUN26,200000,,P,BTC-26JUN26-200000-P
,0.0001,197.1,2e-08,1780406847437,0.0,86.33,69117.61,BTC-26JUN26,68991.54,,68999.11,26JUN26,210000,,C,BTC-26JUN26-210000-C
0.209,0.2125,0.0,0.21099442,1780406847437,0.0,45.42,69450.66,BTC-28AUG26,68991.54,0.21075,68999.11,28AUG26,56000,,C,BTC-28AUG26-56000-C
2.028,2.2525,0.0,2.13284034,1780406847437,0.0,55.74,70239.27,BTC-25DEC26,68991.54,2.14025,68999.11,25DEC26,220000,,P,BTC-25DEC26-220000-P
0.197,0.2,1.0,0.19885122,1780406847437,0.0,44.93,70895.91,BTC-26MAR27,68991.54,0.1985,68999.11,26MAR27,65000,,C,BTC-26MAR27-65000-C
0.012,0.013,676.6,0.01257332,1780406847437,0.3,42.62,70895.91,BTC-26MAR27,68991.54,0.0125,68999.11,26MAR27,130000,,C,BTC-26MAR27-130000-C
0.0425,0.0455,0.0,0.04441295,1780406847437,0.0,42.24,69035.95,BTC-12JUN26,68991.54,0.044,68999.11,12JUN26,67000,,C,BTC-12JUN26-67000-C
0.0001,0.0004,1447.9,0.00021698,1780406847437,1.0,55.57,69638.08,BTC-25SEP26,68991.54,0.00025,68999.11,25SEP26,175000,,C,BTC-25SEP26-175000-C
0.0425,0.051,0.0,0.04665268,1780406847437,0.0,39.64,68991.83,index_price,68991.54,0.04675,68999.11,6JUN26,72000,,P,BTC-6JUN26-72000-P
0.0021,0.0024,92.4,0.00227565,1780406847437,28.0,37.03,69056.15,BTC-19JUN26,68991.54,0.00225,68999.11,19JUN26,78000,,C,BTC-19JUN26-78000-C
0.1105,0.114,3.3,0.11185822,1780406847437,0.2,37.14,69450.66,BTC-28AUG26,68991.54,0.11225,68999.11,28AUG26,74000,,P,BTC-28AUG26-74000-P
0.0007,0.0009,1185.9,0.00080348,1780406847437,566.7,40.17,69056.15,BTC-19JUN26,68991.54,0.0008,68999.11,19JUN26,82000,,C,BTC-19JUN26-82000-C
0.0875,0.089,73.8,0.08805454,1780406847437,0.3,42.14,70895.91,BTC-26MAR27,68991.54,0.08825,68999.11,26MAR27,84000,,C,BTC-26MAR27-84000-C
,0.0001,47.9,0.0,1780406847437,0.0,60.97,68991.54,index_price,68991.54,,68999.11,3JUN26,79000,,C,BTC-3JUN26-79000-C
0.251,0.2595,11.6,0.25362133,1780406847437,0.0,37.1,69638.37,BTC-25SEP26,68991.54,0.25525,68999.11,25SEP26,86000,,P,BTC-25SEP26-86000-P
0.021,0.0225,0.0,0.0215908,1780406847437,0.0,48.01,68991.54,index_price,68991.54,0.02175,68999.11,4JUN26,68000,,C,BTC-4JUN26-68000-C
0.0019,0.0022,3.2,0.00218771,1780406847437,3.2,39.64,68991.83,index_price,68991.54,0.00205,68999.11,6JUN26,72500,,C,BTC-6JUN26-72500-C
0.3285,0.3345,26.3,0.33142024,1780406847437,0.0,46.51,69117.61,BTC-26JUN26,68991.54,0.3315,68999.11,26JUN26,92000,,P,BTC-26JUN26-92000-P
0.0001,0.0003,23.4,0.00017977,1780406847437,2.1,46.46,68991.54,index_price,68991.54,0.0002,68999.11,4JUN26,74000,,C,BTC-4JUN26-74000-C
0.0995,0.1005,361.8,0.09986107,1780406847437,0.0,39.71,69638.37,BTC-25SEP26,68991.54,0.1,68999.11,25SEP26,68000,,C,BTC-25SEP26-68000-C
,0.0001,68.7,6.75e-06,1780406847437,0.0,63.11,69638.37,BTC-25SEP26,68991.54,,68999.11,25SEP26,280000,,C,BTC-25SEP26-280000-C
0.0004,0.0008,187.3,0.00051803,1780406847437,0.0,55.88,70239.27,BTC-25DEC26,68991.54,0.0006,68999.11,25DEC26,230000,,C,BTC-25DEC26-230000-C
0.7325,0.7415,722.5,0.73633678,1780406847437,0.0,63.2,69117.61,BTC-26JUN26,68991.54,0.737,68999.11,26JUN26,120000,,P,BTC-26JUN26-120000-P
1.2375,1.4,52.5,1.31509812,1780406847437,0.0,85.89,69117.61,BTC-26JUN26,68991.54,1.31875,68999.11,26JUN26,160000,,P,BTC-26JUN26-160000-P
0.0485,0.058,0.0,0.053015,1780406847437,0.0,39.64,68991.83,index_price,68991.54,0.05325,68999.11,6JUN26,72500,,P,BTC-6JUN26-72500-P
0.0305,0.0315,1506.8,0.03097606,1780406847437,1.1,49.89,70239.27,BTC-25DEC26,68991.54,0.031,68999.11,25DEC26,50000,,P,BTC-25DEC26-50000-P
,0.0002,91.9,2.349e-05,1780406847437,54.5,55.35,68991.54,index_price,68991.54,,68999.11,3JUN26,74000,,C,BTC-3JUN26-74000-C
0.1715,0.1785,0.0,0.17410776,1780406847437,0.0,60.97,68991.54,index_price,68991.54,0.175,68999.11,3JUN26,81000,,P,BTC-3JUN26-81000-P
0.11,0.1125,0.0,0.11149435,1780406847437,0.0,40.03,69450.66,BTC-28AUG26,68991.54,0.11125,68999.11,28AUG26,65000,,C,BTC-28AUG26-65000-C
0.0002,0.0006,201.0,0.00036393,1780406847437,1.2,52.06,69276.88,BTC-31JUL26,68991.54,0.0004,68999.11,31JUL26,120000,,C,BTC-31JUL26-120000-C
0.064,0.0655,1.7,0.06474341,1780406847437,0.5,38.85,69450.37,BTC-28AUG26,68991.54,0.06475,68999.11,28AUG26,68000,,P,BTC-28AUG26-68000-P
0.072,0.075,414.7,0.07302181,1780406847437,13.4,42.7,68992.82,BTC-5JUN26,68991.54,0.0735,68999.11,5JUN26,74000,,P,BTC-5JUN26-74000-P
0.1155,0.12,0.0,0.11858529,1780406847437,0.0,41.49,69276.88,BTC-31JUL26,68991.54,0.11775,68999.11,31JUL26,63000,,C,BTC-31JUL26-63000-C
0.036,0.0375,5.4,0.03682908,1780406847437,0.1,36.77,69450.66,BTC-28AUG26,68991.54,0.03675,68999.11,28AUG26,76000,,C,BTC-28AUG26-76000-C
0.0415,0.043,1756.9,0.04205228,1780406847437,2.8,47.75,70239.56,BTC-25DEC26,68991.54,0.04225,68999.11,25DEC26,54000,,P,BTC-25DEC26-54000-P
0.341,0.349,4.5,0.3446601,1780406847437,0.0,40.21,70239.27,BTC-25DEC26,68991.54,0.345,68999.11,25DEC26,92000,,P,BTC-25DEC26-92000-P
0.444,0.4505,988.1,0.44696017,1780406847437,7.0,53.05,69117.61,BTC-26JUN26,68991.54,0.44725,68999.11,26JUN26,100000,,P,BTC-26JUN26-100000-P
0.213,0.2185,179.6,0.21522926,1780406847437,5.2,42.68,70895.91,BTC-26MAR27,68991.54,0.21575,68999.11,26MAR27,78000,,P,BTC-26MAR27-78000-P
0.0013,0.0017,45.3,0.00152214,1780406847437,56.3,39.67,68991.83,index_price,68991.54,0.0015,68999.11,6JUN26,73000,,C,BTC-6JUN26-73000-C
0.013,0.014,91.6,0.01355698,1780406847437,0.0,40.71,70239.27,BTC-25DEC26,68991.54,0.0135,68999.11,25DEC26,108000,,C,BTC-25DEC26-108000-C
0.0645,0.066,6526.2,0.06510055,1780406847437,43.6,45.2,70239.27,BTC-25DEC26,68991.54,0.06525,68999.11,25DEC26,60000,,P,BTC-25DEC26-60000-P
2.4405,2.694,10.0,2.55968844,1780406847437,0.0,58.35,70239.27,BTC-25DEC26,68991.54,2.56725,68999.11,25DEC26,250000,,P,BTC-25DEC26-250000-P
0.02,0.021,864.3,0.0206314,1780406847437,179.7,37.08,69638.37,BTC-25SEP26,68991.54,0.0205,68999.11,25SEP26,85000,,C,BTC-25SEP26-85000-C
0.0135,0.014,146.3,0.01365321,1780406847437,83.2,42.83,69056.15,BTC-19JUN26,68991.54,0.01375,68999.11,19JUN26,65000,,P,BTC-19JUN26-65000-P
0.0105,0.0115,21.2,0.01087701,1780406847437,22.6,44.1,69055.86,BTC-19JUN26,68991.54,0.011,68999.11,19JUN26,64000,,P,BTC-19JUN26-64000-P
0.03,0.033,20.0,0.03153741,1780406847437,17.9,40.64,68991.54,index_price,68991.54,0.0315,68999.11,4JUN26,71000,,P,BTC-4JUN26-71000-P
1.5915,1.7905,0.9,1.68290831,1780406847437,0.0,47.95,70895.91,BTC-26MAR27,68991.54,1.691,68999.11,26MAR27,190000,,P,BTC-26MAR27-190000-P
0.064,0.0685,0.1,0.06605115,1780406847437,0.1,41.79,68992.62,BTC-5JUN26,68991.54,0.06625,68999.11,5JUN26,73500,,P,BTC-5JUN26-73500-P
0.0018,0.0022,1206.7,0.00200415,1780406847437,10.5,47.83,70239.27,BTC-25DEC26,68991.54,0.002,68999.11,25DEC26,160000,,C,BTC-25DEC26-160000-C
0.041,0.042,2.0,0.04178812,1780406847437,2.0,39.68,69056.15,BTC-19JUN26,68991.54,0.0415,68999.11,19JUN26,68000,,C,BTC-19JUN26-68000-C
0.295,0.3005,3.4,0.297218,1780406847437,0.0,40.24,70239.27,BTC-25DEC26,68991.54,0.29775,68999.11,25DEC26,88000,,P,BTC-25DEC26-88000-P
0.0095,0.0105,1158.3,0.00989662,1780406847437,1418.0,46.57,68992.82,BTC-5JUN26,68991.54,0.01,68999.11,5JUN26,68000,,P,BTC-5JUN26-68000-P
0.0335,0.0355,4.0,0.03453118,1780406847437,4.2,40.68,69035.95,BTC-12JUN26,68991.54,0.0345,68999.11,12JUN26,68000,,C,BTC-12JUN26-68000-C
0.3825,0.3915,1.0,0.38595608,1780406847437,0.0,38.25,69638.37,BTC-25SEP26,68991.54,0.387,68999.11,25SEP26,96000,,P,BTC-25SEP26-96000-P
0.3905,0.3995,0.6,0.39409728,1780406847437,0.0,40.23,70239.56,BTC-25DEC26,68991.54,0.395,68999.11,25DEC26,96000,,P,BTC-25DEC26-96000-P
0.2575,0.2645,8.1,0.26040999,1780406847437,0.0,36.97,69276.88,BTC-31JUL26,68991.54,0.261,68999.11,31JUL26,87000,,P,BTC-31JUL26-87000-P
0.0465,0.047,140.0,0.04652392,1780406847437,24.3,39.12,69276.88,BTC-31JUL26,68991.54,0.04675,68999.11,31JUL26,67000,,P,BTC-31JUL26-67000-P
0.2435,0.253,0.3,0.24662589,1780406847438,0.0,71.06,68992.62,BTC-5JUN26,68991.54,0.24825,68999.11,5JUN26,86000,,P,BTC-5JUN26-86000-P
0.0385,0.04,2363.6,0.03936354,1780406847438,57.1,40.23,70239.27,BTC-25DEC26,68991.54,0.03925,68999.11,25DEC26,90000,,C,BTC-25DEC26-90000-C
0.189,0.1925,3.6,0.19105063,1780406847438,0.0,44.69,70895.91,BTC-26MAR27,68991.54,0.19075,68999.11,26MAR27,66000,,C,BTC-26MAR27-66000-C
0.0004,0.0006,15.1,0.0005141,1780406847438,10.3,41.44,68991.54,index_price,68991.54,0.0005,68999.11,4JUN26,72500,,C,BTC-4JUN26-72500-C
1.7275,1.935,1.0,1.82348519,1780406847438,0.0,48.7,70895.91,BTC-26MAR27,68991.54,1.83125,68999.11,26MAR27,200000,,P,BTC-26MAR27-200000-P
0.0021,0.0022,1747.0,0.00213559,1780406847438,48.9,74.19,69638.37,BTC-25SEP26,68991.54,0.00215,68999.11,25SEP26,30000,,P,BTC-25SEP26-30000-P
0.0007,0.001,3776.0,0.00085461,1780406847438,3185.3,39.73,69117.61,BTC-26JUN26,68991.54,0.00085,68999.11,26JUN26,85000,,C,BTC-26JUN26-85000-C
0.0645,0.0675,19.1,0.06544887,1780406847438,1.4,55.34,68991.54,index_price,68991.54,0.066,68999.11,3JUN26,73500,,P,BTC-3JUN26-73500-P
0.0049,0.0055,830.9,0.00522988,1780406847438,5.0,45.31,70895.91,BTC-26MAR27,68991.54,0.0052,68999.11,26MAR27,160000,,C,BTC-26MAR27-160000-C
,0.0001,291.3,1e-05,1780406847438,1.0,61.4,69638.08,BTC-25SEP26,68991.54,,68999.11,25SEP26,260000,,C,BTC-25SEP26-260000-C
0.0495,0.1105,0.0,0.08010587,1780406847438,0.0,49.06,68991.54,index_price,68991.54,0.08,68999.11,4JUN26,74500,,P,BTC-4JUN26-74500-P
0.0585,0.06,176.4,0.05895802,1780406847438,87.2,38.15,69276.88,BTC-31JUL26,68991.54,0.05925,68999.11,31JUL26,69000,,P,BTC-31JUL26-69000-P
0.0965,0.0985,129.9,0.0977105,1780406847438,0.2,43.44,70239.27,BTC-25DEC26,68991.54,0.0975,68999.11,25DEC26,66000,,P,BTC-25DEC26-66000-P
0.0275,0.028,1654.7,0.02762167,1780406847438,222.6,37.03,69638.37,BTC-25SEP26,68991.54,0.02775,68999.11,25SEP26,82000,,C,BTC-25SEP26-82000-C
0.1425,0.149,5.0,0.14486699,1780406847438,0.9,40.33,69035.95,BTC-12JUN26,68991.54,0.14575,68999.11,12JUN26,79000,,P,BTC-12JUN26-79000-P
0.0405,0.043,399.3,0.04164622,1780406847438,50.0,37.58,69035.95,BTC-12JUN26,68991.54,0.04175,68999.11,12JUN26,71000,,P,BTC-12JUN26-71000-P
,0.0001,759.8,1.52e-06,1780406847438,0.0,85.89,69117.9,BTC-26JUN26,68991.54,,68999.11,26JUN26,170000,,C,BTC-26JUN26-170000-C
0.356,0.3635,0.2,0.35934143,1780406847438,0.0,41.78,70895.91,BTC-26MAR27,68991.54,0.35975,68999.11,26MAR27,92000,,P,BTC-26MAR27-92000-P
0.0145,0.0155,20.0,0.01492362,1780406847438,20.0,42.24,69035.95,BTC-12JUN26,68991.54,0.015,68999.11,12JUN26,67000,,P,BTC-12JUN26-67000-P
1.615,1.811,0.0,1.70607262,1780406847438,0.0,51.77,70239.27,BTC-25DEC26,68991.54,1.713,68999.11,25DEC26,190000,,P,BTC-25DEC26-190000-P
0.5105,0.5125,68.7,0.51136247,1780406847438,0.0,62.2,70239.27,BTC-25DEC26,68991.54,0.5115,68999.11,25DEC26,35000,,C,BTC-25DEC26-35000-C
1.2025,1.371,0.0,1.2799221,1780406847438,0.0,47.83,70239.27,BTC-25DEC26,68991.54,1.28675,68999.11,25DEC26,160000,,P,BTC-25DEC26-160000-P
0.005,0.0055,107.0,0.00526306,1780406847438,12.1,36.89,69276.88,BTC-31JUL26,68991.54,0.00525,68999.11,31JUL26,86000,,C,BTC-31JUL26-86000-C
0.007,0.008,7096.4,0.00753199,1780406847438,56.4,42.04,70239.27,BTC-25DEC26,68991.54,0.0075,68999.11,25DEC26,120000,,C,BTC-25DEC26-120000-C
0.0003,0.0004,0.0,0.00030915,1780406847438,0.0,45.23,68991.83,index_price,68991.54,0.00035,68999.11,6JUN26,76000,,C,BTC-6JUN26-76000-C
0.1635,0.167,141.2,0.16465635,1780406847438,16.4,43.5,70895.91,BTC-26MAR27,68991.54,0.16525,68999.11,26MAR27,72000,,P,BTC-26MAR27-72000-P
0.0001,0.0002,3746.6,0.00015711,1780406847438,7.4,53.06,69117.61,BTC-26JUN26,68991.54,0.00015,68999.11,26JUN26,100000,,C,BTC-26JUN26-100000-C
0.0001,0.0003,0.0,0.00018813,1780406847438,0.0,51.82,68991.83,index_price,68991.54,0.0002,68999.11,6JUN26,78000,,C,BTC-6JUN26-78000-C
0.285,0.295,5.9,0.28819057,1780406847438,0.0,37.49,69276.88,BTC-31JUL26,68991.54,0.29,68999.11,31JUL26,89000,,P,BTC-31JUL26-89000-P
0.0026,0.0028,1561.3,0.00267135,1780406847438,9.6,46.53,70239.27,BTC-25DEC26,68991.54,0.0027,68999.11,25DEC26,150000,,C,BTC-25DEC26-150000-C
0.0003,0.0004,817.9,0.00036095,1780406847438,7.3,46.51,69117.61,BTC-26JUN26,68991.54,0.00035,68999.11,26JUN26,92000,,C,BTC-26JUN26-92000-C
0.0765,0.0785,49.8,0.07729615,1780406847438,0.1,46.71,70895.91,BTC-26MAR27,68991.54,0.0775,68999.11,26MAR27,58000,,P,BTC-26MAR27-58000-P
0.0105,0.011,1574.4,0.01062227,1780406847438,473.7,45.95,69117.61,BTC-26JUN26,68991.54,0.01075,68999.11,26JUN26,62000,,P,BTC-26JUN26-62000-P
,0.0001,5.1,1.82e-06,1780406847438,4.0,59.23,68991.54,index_price,68991.54,,68999.11,4JUN26,80000,,C,BTC-4JUN26-80000-C
0.0135,0.0145,36.0,0.01389553,1780406847438,17.7,47.02,69450.37,BTC-28AUG26,68991.54,0.014,68999.11,28AUG26,54000,,P,BTC-28AUG26-54000-P
0.02,0.021,365.0,0.02054778,1780406847438,370.1,36.52,69450.37,BTC-28AUG26,68991.54,0.0205,68999.11,28AUG26,81000,,C,BTC-28AUG26-81000-C
0.0041,0.0044,0.5,0.00426064,1780406847438,0.5,38.41,69450.37,BTC-28AUG26,68991.54,0.00425,68999.11,28AUG26,95000,,C,BTC-28AUG26-95000-C
0.0002,0.0003,3826.1,0.00024834,1780406847438,36.9,48.84,69117.61,BTC-26JUN26,68991.54,0.00025,68999.11,26JUN26,95000,,C,BTC-26JUN26-95000-C
0.0008,0.0011,0.2,0.0009247,1780406847438,0.2,67.37,68991.83,index_price,68991.54,0.00095,68999.11,6JUN26,61000,,P,BTC-6JUN26-61000-P
0.015,0.016,343.1,0.01548023,1780406847438,0.1,37.3,69638.08,BTC-25SEP26,68991.54,0.0155,68999.11,25SEP26,88000,,C,BTC-25SEP26-88000-C
0.1565,0.159,15.9,0.15806935,1780406847438,0.1,43.44,70239.27,BTC-25DEC26,68991.54,0.15775,68999.11,25DEC26,66000,,C,BTC-25DEC26-66000-C
0.0185,0.0195,59.8,0.01900554,1780406847438,1.0,40.32,70239.27,BTC-25DEC26,68991.54,0.019,68999.11,25DEC26,102000,,C,BTC-25DEC26-102000-C
,0.0002,39.4,9.7e-06,1780406847438,29.8,55.44,68991.54,index_price,68991.54,,68999.11,3JUN26,74500,,C,BTC-3JUN26-74500-C
0.077,0.0785,2.0,0.07769712,1780406847438,1.0,38.46,69450.66,BTC-28AUG26,68991.54,0.07775,68999.11,28AUG26,69000,,C,BTC-28AUG26-69000-C
0.0355,0.037,15.8,0.03630997,1780406847438,0.9,41.76,70895.91,BTC-26MAR27,68991.54,0.03625,68999.11,26MAR27,104000,,C,BTC-26MAR27-104000-C
0.3675,0.377,0.0,0.37231293,1780406847438,0.0,38.41,69450.66,BTC-28AUG26,68991.54,0.37225,68999.11,28AUG26,95000,,P,BTC-28AUG26-95000-P
0.0016,0.0018,2188.5,0.00169463,1780406847438,1.3,49.64,70239.56,BTC-25DEC26,68991.54,0.0017,68999.11,25DEC26,170000,,C,BTC-25DEC26-170000-C
0.0001,0.0002,681.7,0.00015295,1780406847438,89.9,49.78,69035.95,BTC-12JUN26,68991.54,0.00015,68999.11,12JUN26,85000,,C,BTC-12JUN26-85000-C
0.124,0.126,423.2,0.12523143,1780406847438,1.0,40.77,69638.08,BTC-25SEP26,68991.54,0.125,68999.11,25SEP26,65000,,C,BTC-25SEP26-65000-C
0.841,0.8555,0.2,0.84640426,1780406847438,0.0,42.62,70895.91,BTC-26MAR27,68991.54,0.84825,68999.11,26MAR27,130000,,P,BTC-26MAR27-130000-P
0.2315,0.237,135.5,0.23376691,1780406847438,0.0,42.48,70895.91,BTC-26MAR27,68991.54,0.23425,68999.11,26MAR27,80000,,P,BTC-26MAR27-80000-P
0.015,0.0155,999.7,0.0153121,1780406847438,189.7,43.32,69117.61,BTC-26JUN26,68991.54,0.01525,68999.11,26JUN26,64000,,P,BTC-26JUN26-64000-P
0.1395,0.1425,0.0,0.14147517,1780406847438,0.0,41.51,69450.66,BTC-28AUG26,68991.54,0.141,68999.11,28AUG26,62000,,C,BTC-28AUG26-62000-C
0.062,0.0655,255.4,0.0633981,1780406847438,20.2,36.94,69035.95,BTC-12JUN26,68991.54,0.06375,68999.11,12JUN26,73000,,P,BTC-12JUN26-73000-P
,0.0001,174.0,4.69e-06,1780406847438,0.0,64.66,69638.37,BTC-25SEP26,68991.54,,68999.11,25SEP26,300000,,C,BTC-25SEP26-300000-C
0.4565,0.46,20.1,0.45824936,1780406847438,0.0,55.01,70895.91,BTC-26MAR27,68991.54,0.45825,68999.11,26MAR27,40000,,C,BTC-26MAR27-40000-C
0.0995,0.1375,0.0,0.10163261,1780406847438,0.0,56.43,68991.54,index_price,68991.54,0.1185,68999.11,3JUN26,76000,,P,BTC-3JUN26-76000-P
0.0007,0.001,161.5,0.0007893,1780406847438,1.1,47.62,69638.08,BTC-25SEP26,68991.54,0.00085,68999.11,25SEP26,135000,,C,BTC-25SEP26-135000-C
0.105,0.1065,282.0,0.10555052,1780406847438,16.1,38.56,69638.37,BTC-25SEP26,68991.54,0.10575,68999.11,25SEP26,72000,,P,BTC-25SEP26-72000-P
0.044,0.045,820.5,0.04431208,1780406847438,3.7,42.03,69638.08,BTC-25SEP26,68991.54,0.0445,68999.11,25SEP26,62000,,P,BTC-25SEP26-62000-P
0.013,0.0135,384.1,0.01319461,1780406847438,387.4,37.58,69035.66,BTC-12JUN26,68991.54,0.01325,68999.11,12JUN26,71000,,C,BTC-12JUN26-71000-C
0.0235,0.0245,128.5,0.02397494,1780406847438,16.2,36.13,69276.88,BTC-31JUL26,68991.54,0.024,68999.11,31JUL26,76000,,C,BTC-31JUL26-76000-C
,0.0001,122.8,3.79e-06,1780406847438,112.5,55.51,68991.54,index_price,68991.54,,68999.11,3JUN26,75000,,C,BTC-3JUN26-75000-C
0.285,0.2895,0.0,0.28817785,1780406847438,0.0,47.66,70895.91,BTC-26MAR27,68991.54,0.28725,68999.11,26MAR27,55000,,C,BTC-26MAR27-55000-C
0.222,0.2245,2.2,0.2233179,1780406847438,0.0,45.61,70895.91,BTC-26MAR27,68991.54,0.22325,68999.11,26MAR27,62000,,C,BTC-26MAR27-62000-C
0.0011,0.0014,40.9,0.00128922,1780406847438,0.8,42.92,69450.66,BTC-28AUG26,68991.54,0.00125,68999.11,28AUG26,110000,,C,BTC-28AUG26-110000-C
0.0055,0.006,10.5,0.00572657,1780406847438,10.5,39.64,68991.83,index_price,68991.54,0.00575,68999.11,6JUN26,71000,,C,BTC-6JUN26-71000-C
0.3005,0.3125,0.0,0.30460533,1780406847438,0.0,72.07,68992.62,BTC-5JUN26,68991.54,0.3065,68999.11,5JUN26,90000,,P,BTC-5JUN26-90000-P
0.0001,0.0003,159.0,0.00020235,1780406847438,197.8,47.08,68991.54,index_price,68991.54,0.0002,68999.11,3JUN26,72000,,C,BTC-3JUN26-72000-C
0.7195,0.7325,173.8,0.72459729,1780406847438,0.0,43.45,69638.08,BTC-25SEP26,68991.54,0.726,68999.11,25SEP26,120000,,P,BTC-25SEP26-120000-P
0.0011,0.0013,149.9,0.00121882,1780406847438,131.4,39.83,68992.82,BTC-5JUN26,68991.54,0.0012,68999.11,5JUN26,72500,,C,BTC-5JUN26-72500-C
0.0045,0.0049,9.0,0.00469875,1780406847438,5.0,38.16,69450.66,BTC-28AUG26,68991.54,0.0047,68999.11,28AUG26,94000,,C,BTC-28AUG26-94000-C
0.045,0.046,2979.2,0.04540226,1780406847438,666.7,37.77,69117.61,BTC-26JUN26,68991.54,0.0455,68999.11,26JUN26,70000,,P,BTC-26JUN26-70000-P
0.0001,0.0002,1428.5,0.00011512,1780406847438,107.9,67.17,68992.62,BTC-5JUN26,68991.54,0.00015,68999.11,5JUN26,80000,,C,BTC-5JUN26-80000-C
0.0016,0.002,340.9,0.00178997,1780406847438,222.1,60.12,69056.15,BTC-19JUN26,68991.54,0.0018,68999.11,19JUN26,55000,,P,BTC-19JUN26-55000-P
0.077,0.079,654.6,0.07794724,1780406847438,22.0,42.15,69117.61,BTC-26JUN26,68991.54,0.078,68999.11,26JUN26,65000,,C,BTC-26JUN26-65000-C
0.294,0.297,32.6,0.29571286,1780406847438,0.0,49.96,69638.08,BTC-25SEP26,68991.54,0.2955,68999.11,25SEP26,50000,,C,BTC-25SEP26-50000-C
0.0037,0.004,3.5,0.00388365,1780406847438,0.6,38.7,69450.37,BTC-28AUG26,68991.54,0.00385,68999.11,28AUG26,96000,,C,BTC-28AUG26-96000-C
0.0275,0.0285,99.0,0.02779306,1780406847438,89.8,36.25,69276.88,BTC-31JUL26,68991.54,0.028,68999.11,31JUL26,75000,,C,BTC-31JUL26-75000-C
,0.0001,0.0,0.0,1780406847438,0.0,60.97,68991.54,index_price,68991.54,,68999.11,3JUN26,81000,,C,BTC-3JUN26-81000-C
0.2995,0.3115,0.1,0.30371676,1780406847438,0.0,54.83,69035.95,BTC-12JUN26,68991.54,0.3055,68999.11,12JUN26,90000,,P,BTC-12JUN26-90000-P
0.007,0.008,263.8,0.0074071,1780406847438,11.1,38.25,69638.37,BTC-25SEP26,68991.54,0.0075,68999.11,25SEP26,96000,,C,BTC-25SEP26-96000-C
0.025,0.0265,28.7,0.02566664,1780406847438,2.0,41.86,70895.91,BTC-26MAR27,68991.54,0.02575,68999.11,26MAR27,112000,,C,BTC-26MAR27-112000-C
0.0955,0.0975,171.8,0.09613157,1780406847438,13.5,42.25,70895.91,BTC-26MAR27,68991.54,0.0965,68999.11,26MAR27,82000,,C,BTC-26MAR27-82000-C
0.186,0.193,0.0,0.18860292,1780406847438,0.0,60.97,68991.54,index_price,68991.54,0.1895,68999.11,3JUN26,82000,,P,BTC-3JUN26-82000-P
0.0008,0.0009,1582.7,0.00076491,1780406847438,1035.3,39.36,69035.95,BTC-12JUN26,68991.54,0.00085,68999.11,12JUN26,78000,,C,BTC-12JUN26-78000-C
,0.0001,2651.1,9.24e-06,1780406847438,0.0,82.82,69117.61,BTC-26JUN26,68991.54,,68999.11,26JUN26,150000,,C,BTC-26JUN26-150000-C
0.0005,0.0008,260.8,0.00063307,1780406847438,0.0,46.17,69276.88,BTC-31JUL26,68991.54,0.00065,68999.11,31JUL26,108000,,C,BTC-31JUL26-108000-C
0.2305,0.234,82.1,0.23253457,1780406847438,0.0,46.03,69638.37,BTC-25SEP26,68991.54,0.23225,68999.11,25SEP26,55000,,C,BTC-25SEP26-55000-C
0.2135,0.2205,38.5,0.21644529,1780406847438,0.0,38.92,69117.61,BTC-26JUN26,68991.54,0.217,68999.11,26JUN26,84000,,P,BTC-26JUN26-84000-P
0.1175,0.1215,0.0,0.11932641,1780406847438,0.0,53.5,69035.66,BTC-12JUN26,68991.54,0.1195,68999.11,12JUN26,61000,,C,BTC-12JUN26-61000-C
0.0705,0.0715,2.0,0.07080748,1780406847438,1.1,38.62,69276.88,BTC-31JUL26,68991.54,0.071,68999.11,31JUL26,68000,,C,BTC-31JUL26-68000-C
0.0009,0.0011,196.5,0.00098293,1780406847438,1.0,41.62,69276.88,BTC-31JUL26,68991.54,0.001,68999.11,31JUL26,100000,,C,BTC-31JUL26-100000-C
0.1555,0.158,61.8,0.15680556,1780406847438,11.5,41.88,70239.27,BTC-25DEC26,68991.54,0.15675,68999.11,25DEC26,74000,,P,BTC-25DEC26-74000-P
0.0595,0.0605,469.5,0.05983394,1780406847438,100.6,38.06,69638.08,BTC-25SEP26,68991.54,0.06,68999.11,25SEP26,74000,,C,BTC-25SEP26-74000-C
0.1065,0.109,3.0,0.10797502,1780406847438,0.0,40.8,69276.88,BTC-31JUL26,68991.54,0.10775,68999.11,31JUL26,64000,,C,BTC-31JUL26-64000-C
0.1205,0.1705,0.0,0.13070414,1780406847438,0.0,57.43,68991.54,index_price,68991.54,0.1455,68999.11,4JUN26,78000,,P,BTC-4JUN26-78000-P
0.005,0.0055,852.3,0.00530176,1780406847438,171.3,52.04,69117.61,BTC-26JUN26,68991.54,0.00525,68999.11,26JUN26,58000,,P,BTC-26JUN26-58000-P
0.087,0.092,215.2,0.08890205,1780406847438,1.4,37.12,69035.95,BTC-12JUN26,68991.54,0.0895,68999.11,12JUN26,75000,,P,BTC-12JUN26-75000-P
0.1295,0.1325,223.8,0.1308126,1780406847438,15.0,59.03,68992.62,BTC-5JUN26,68991.54,0.131,68999.11,5JUN26,78000,,P,BTC-5JUN26-78000-P
0.0075,0.008,103.9,0.00780335,1780406847438,103.9,40.11,68991.83,index_price,68991.54,0.00775,68999.11,6JUN26,70500,,C,BTC-6JUN26-70500-C
0.058,0.0625,4.1,0.0604797,1780406847438,4.1,56.87,68992.62,BTC-5JUN26,68991.54,0.06025,68999.11,5JUN26,65000,,C,BTC-5JUN26-65000-C
,0.0001,203.9,0.0,1780406847438,0.0,60.97,68991.54,index_price,68991.54,,68999.11,3JUN26,80000,,C,BTC-3JUN26-80000-C
0.0565,0.058,603.8,0.05735869,1780406847438,2.2,40.7,70239.27,BTC-25DEC26,68991.54,0.05725,68999.11,25DEC26,84000,,C,BTC-25DEC26-84000-C
0.1855,0.1925,0.0,0.18839879,1780406847438,0.0,40.17,69055.86,BTC-19JUN26,68991.54,0.189,68999.11,19JUN26,82000,,P,BTC-19JUN26-82000-P
0.012,0.013,231.4,0.0126296,1780406847438,229.1,36.58,69450.37,BTC-28AUG26,68991.54,0.0125,68999.11,28AUG26,85000,,C,BTC-28AUG26-85000-C
0.1395,0.142,640.7,0.14091842,1780406847440,16.3,37.62,69638.37,BTC-25SEP26,68991.54,0.14075,68999.11,25SEP26,76000,,P,BTC-25SEP26-76000-P
0.003,0.0034,4.5,0.00324142,1780406847440,1.2,39.27,69450.37,BTC-28AUG26,68991.54,0.0032,68999.11,28AUG26,98000,,C,BTC-28AUG26-98000-C
0.157,0.1645,0.0,0.15961261,1780406847440,0.0,60.97,68991.54,index_price,68991.54,0.16075,68999.11,3JUN26,80000,,P,BTC-3JUN26-80000-P
0.0575,0.0655,0.0,0.06168607,1780406847440,0.0,54.26,68991.83,index_price,68991.54,0.0615,68999.11,6JUN26,65000,,C,BTC-6JUN26-65000-C
,0.0002,4.3,2.296e-05,1780406847440,1.1,51.74,68991.54,index_price,68991.54,,68999.11,4JUN26,76500,,C,BTC-4JUN26-76500-C
0.0025,0.0029,68.8,0.00273972,1780406847440,34.5,39.88,69450.37,BTC-28AUG26,68991.54,0.0027,68999.11,28AUG26,100000,,C,BTC-28AUG26-100000-C
0.0915,0.093,277.3,0.09224604,1780406847440,4.0,41.6,70239.27,BTC-25DEC26,68991.54,0.09225,68999.11,25DEC26,76000,,C,BTC-25DEC26-76000-C
0.0023,0.0026,77.1,0.00258625,1780406847440,79.4,42.33,68991.54,index_price,68991.54,0.00245,68999.11,3JUN26,70000,,C,BTC-3JUN26-70000-C
0.007,0.0075,81.2,0.00732177,1780406847440,25.2,48.01,68991.54,index_price,68991.54,0.00725,68999.11,4JUN26,68000,,P,BTC-4JUN26-68000-P
0.0001,0.0002,8.6,6.941e-05,1780406847440,7.0,51.29,68991.54,index_price,68991.54,0.00015,68999.11,4JUN26,75500,,C,BTC-4JUN26-75500-C
0.0019,0.0022,63.2,0.00206304,1780406847440,71.3,60.39,68991.54,index_price,68991.54,0.00205,68999.11,3JUN26,67000,,P,BTC-3JUN26-67000-P
0.0001,0.0002,2563.8,0.00014688,1780406847440,223.3,116.7,69117.61,BTC-26JUN26,68991.54,0.00015,68999.11,26JUN26,30000,,P,BTC-26JUN26-30000-P
0.0175,0.0185,259.9,0.01826038,1780406847440,137.2,36.55,69450.66,BTC-28AUG26,68991.54,0.018,68999.11,28AUG26,82000,,C,BTC-28AUG26-82000-C
0.0165,0.0175,59.2,0.01693382,1780406847440,1.5,40.43,70239.27,BTC-25DEC26,68991.54,0.017,68999.11,25DEC26,104000,,C,BTC-25DEC26-104000-C
0.0185,0.019,5.5,0.01888744,1780406847440,7.7,38.43,69035.66,BTC-12JUN26,68991.54,0.01875,68999.11,12JUN26,70000,,C,BTC-12JUN26-70000-C
0.115,0.117,79.7,0.11639616,1780406847440,0.0,40.4,69638.08,BTC-25SEP26,68991.54,0.116,68999.11,25SEP26,66000,,C,BTC-25SEP26-66000-C
1.1515,1.3105,0.1,1.22617523,1780406847440,0.0,51.97,69638.08,BTC-25SEP26,68991.54,1.231,68999.11,25SEP26,155000,,P,BTC-25SEP26-155000-P
0.0035,0.0038,1039.5,0.00363344,1780406847440,1.0,40.03,69638.08,BTC-25SEP26,68991.54,0.00365,68999.11,25SEP26,105000,,C,BTC-25SEP26-105000-C
0.0485,0.0495,103.9,0.04886033,1780406847440,99.4,37.38,69276.88,BTC-31JUL26,68991.54,0.049,68999.11,31JUL26,71000,,C,BTC-31JUL26-71000-C
0.044,0.045,1740.0,0.04436313,1780406847440,15.8,40.24,70239.27,BTC-25DEC26,68991.54,0.0445,68999.11,25DEC26,88000,,C,BTC-25DEC26-88000-C
0.0355,0.0385,77.9,0.03673338,1780406847440,56.8,44.23,68991.54,index_price,68991.54,0.037,68999.11,3JUN26,71500,,P,BTC-3JUN26-71500-P
0.0012,0.0014,1396.0,0.00128124,1780406847440,1079.5,38.3,69056.15,BTC-19JUN26,68991.54,0.0013,68999.11,19JUN26,80000,,C,BTC-19JUN26-80000-C
0.07,0.0735,1.0,0.07226668,1780406847440,0.0,42.83,69056.15,BTC-19JUN26,68991.54,0.07175,68999.11,19JUN26,65000,,C,BTC-19JUN26-65000-C
0.5115,0.522,0.0,0.51593102,1780406847440,0.0,41.77,70895.91,BTC-26MAR27,68991.54,0.51675,68999.11,26MAR27,105000,,P,BTC-26MAR27-105000-P
0.173,0.18,0.5,0.17513964,1780406847440,0.0,36.5,69450.66,BTC-28AUG26,68991.54,0.1765,68999.11,28AUG26,80000,,P,BTC-28AUG26-80000-P
0.0505,0.0545,280.5,0.05187659,1780406847440,25.4,37.05,69035.95,BTC-12JUN26,68991.54,0.0525,68999.11,12JUN26,72000,,P,BTC-12JUN26-72000-P
0.021,0.022,1.0,0.0217011,1780406847440,1.0,44.18,68991.83,index_price,68991.54,0.0215,68999.11,6JUN26,68500,,C,BTC-6JUN26-68500-C
1.517,1.7,37.1,1.60448026,1780406847440,0.0,85.89,69117.61,BTC-26JUN26,68991.54,1.6085,68999.11,26JUN26,180000,,P,BTC-26JUN26-180000-P
0.0003,0.0005,1054.4,0.00040334,1780406847440,14.7,42.68,69056.15,BTC-19JUN26,68991.54,0.0004,68999.11,19JUN26,85000,,C,BTC-19JUN26-85000-C
0.0048,0.0055,96.0,0.00499423,1780406847440,98.3,44.35,68991.54,index_price,68991.54,0.00515,68999.11,3JUN26,69500,,C,BTC-3JUN26-69500-C
0.0038,0.0041,119.7,0.00403462,1780406847440,140.0,39.8,68992.82,BTC-5JUN26,68991.54,0.00395,68999.11,5JUN26,71000,,C,BTC-5JUN26-71000-C
0.5875,0.5975,929.2,0.59172104,1780406847440,0.0,61.98,69117.61,BTC-26JUN26,68991.54,0.5925,68999.11,26JUN26,110000,,P,BTC-26JUN26-110000-P
0.011,0.0115,1.8,0.01131167,1780406847440,1.8,49.02,69450.37,BTC-28AUG26,68991.54,0.01125,68999.11,28AUG26,52000,,P,BTC-28AUG26-52000-P
0.203,0.21,196.8,0.20513226,1780406847440,2.3,37.03,69638.08,BTC-25SEP26,68991.54,0.2065,68999.11,25SEP26,82000,,P,BTC-25SEP26-82000-P
0.6005,0.6235,0.0,0.60558253,1780406847440,0.0,41.86,70895.91,BTC-26MAR27,68991.54,0.612,68999.11,26MAR27,112000,,P,BTC-26MAR27-112000-P
0.0705,0.0795,0.6,0.07266515,1780406847440,1.0,55.35,68991.54,index_price,68991.54,0.075,68999.11,3JUN26,74000,,P,BTC-3JUN26-74000-P
0.009,0.01,1243.2,0.00946041,1780406847440,105.9,36.07,69276.88,BTC-31JUL26,68991.54,0.0095,68999.11,31JUL26,82000,,C,BTC-31JUL26-82000-C
0.2295,0.232,39.6,0.23076771,1780406847440,0.0,45.99,70239.27,BTC-25DEC26,68991.54,0.23075,68999.11,25DEC26,58000,,C,BTC-25DEC26-58000-C
0.036,0.037,96.3,0.03625201,1780406847440,8.0,40.2,69276.88,BTC-31JUL26,68991.54,0.0365,68999.11,31JUL26,65000,,P,BTC-31JUL26-65000-P
0.047,0.048,31.2,0.04753012,1780406847440,18.4,40.03,69450.37,BTC-28AUG26,68991.54,0.0475,68999.11,28AUG26,65000,,P,BTC-28AUG26-65000-P
0.5155,0.525,310.9,0.51943232,1780406847440,0.0,59.02,69117.61,BTC-26JUN26,68991.54,0.52025,68999.11,26JUN26,105000,,P,BTC-26JUN26-105000-P
0.078,0.107,0.2,0.07989894,1780406847440,0.2,55.44,68991.54,index_price,68991.54,0.0925,68999.11,3JUN26,74500,,P,BTC-3JUN26-74500-P
,0.0001,1944.0,7.54e-06,1780406847440,0.0,63.95,69117.61,BTC-26JUN26,68991.54,,68999.11,26JUN26,125000,,C,BTC-26JUN26-125000-C
0.228,0.235,2850.2,0.23074784,1780406847440,5.3,39.73,69117.61,BTC-26JUN26,68991.54,0.2315,68999.11,26JUN26,85000,,P,BTC-26JUN26-85000-P
0.71,0.711,103.6,0.7106322,1780406847440,0.2,144.1,69117.61,BTC-26JUN26,68991.54,0.7105,68999.11,26JUN26,20000,,C,BTC-26JUN26-20000-C
0.0715,0.0745,14.2,0.072887,1780406847440,0.4,46.46,68991.54,index_price,68991.54,0.073,68999.11,4JUN26,74000,,P,BTC-4JUN26-74000-P
0.0635,0.065,189.6,0.06414858,1780406847440,15.5,40.4,69638.08,BTC-25SEP26,68991.54,0.06425,68999.11,25SEP26,66000,,P,BTC-25SEP26-66000-P
0.0535,0.0545,1666.7,0.05401881,1780406847440,43.1,40.65,70239.56,BTC-25DEC26,68991.54,0.054,68999.11,25DEC26,85000,,C,BTC-25DEC26-85000-C
0.4155,0.4245,0.7,0.41944478,1780406847440,0.0,40.25,70239.27,BTC-25DEC26,68991.54,0.42,68999.11,25DEC26,98000,,P,BTC-25DEC26-98000-P
0.3,0.3075,0.5,0.30310412,1780406847440,0.1,37.18,69450.66,BTC-28AUG26,68991.54,0.30375,68999.11,28AUG26,90000,,P,BTC-28AUG26-90000-P
0.114,0.116,55.8,0.1149307,1780406847440,34.3,42.68,70895.91,BTC-26MAR27,68991.54,0.115,68999.11,26MAR27,78000,,C,BTC-26MAR27-78000-C
0.066,0.068,457.5,0.06739442,1780406847440,2.0,41.17,69117.61,BTC-26JUN26,68991.54,0.067,68999.11,26JUN26,66000,,C,BTC-26JUN26-66000-C
0.234,0.2425,0.4,0.23667639,1780406847440,0.0,36.58,69450.66,BTC-28AUG26,68991.54,0.23825,68999.11,28AUG26,85000,,P,BTC-28AUG26-85000-P
1.776,1.9785,0.1,1.872074,1780406847440,0.0,58.55,69638.08,BTC-25SEP26,68991.54,1.87725,68999.11,25SEP26,200000,,P,BTC-25SEP26-200000-P
0.085,0.086,1.0,0.08550598,1780406847440,1.1,38.85,69450.66,BTC-28AUG26,68991.54,0.0855,68999.11,28AUG26,68000,,C,BTC-28AUG26-68000-C
0.8765,0.887,106.4,0.88102135,1780406847440,4.3,68.16,69117.61,BTC-26JUN26,68991.54,0.88175,68999.11,26JUN26,130000,,P,BTC-26JUN26-130000-P
0.0004,0.0006,0.0,0.00050674,1780406847440,0.0,43.23,68991.83,index_price,68991.54,0.0005,68999.11,6JUN26,75000,,C,BTC-6JUN26-75000-C
0.2605,0.265,0.0,0.26248304,1780406847440,0.0,49.02,69450.66,BTC-28AUG26,68991.54,0.26275,68999.11,28AUG26,52000,,C,BTC-28AUG26-52000-C
0.025,0.028,25.4,0.02561605,1780406847440,20.7,40.64,68991.54,index_price,68991.54,0.0265,68999.11,4JUN26,70500,,P,BTC-4JUN26-70500-P
0.005,0.006,0.0,0.00559433,1780406847440,0.0,50.03,68991.54,index_price,68991.54,0.0055,68999.11,4JUN26,67500,,P,BTC-4JUN26-67500-P
0.0815,0.083,211.1,0.08224588,1780406847440,0.1,41.36,70239.27,BTC-25DEC26,68991.54,0.08225,68999.11,25DEC26,78000,,C,BTC-25DEC26-78000-C
0.0016,0.0017,2461.1,0.00164876,1780406847440,11.9,67.12,69117.61,BTC-26JUN26,68991.54,0.00165,68999.11,26JUN26,50000,,P,BTC-26JUN26-50000-P
0.239,0.2455,491.8,0.24122163,1780406847440,0.0,37.08,69638.08,BTC-25SEP26,68991.54,0.24225,68999.11,25SEP26,85000,,P,BTC-25SEP26-85000-P
0.0425,0.0455,58.7,0.0438537,1780406847440,9.6,47.08,68991.54,index_price,68991.54,0.044,68999.11,3JUN26,72000,,P,BTC-3JUN26-72000-P
0.2345,0.2375,0.0,0.23626581,1780406847440,0.0,47.02,69450.66,BTC-28AUG26,68991.54,0.236,68999.11,28AUG26,54000,,C,BTC-28AUG26-54000-C
,0.0001,290.8,0.0,1780406847440,0.0,72.07,68992.62,BTC-5JUN26,68991.54,,68999.11,5JUN26,95000,,C,BTC-5JUN26-95000-C
0.0005,0.0008,42.8,0.00064213,1780406847440,0.0,44.59,69276.88,BTC-31JUL26,68991.54,0.00065,68999.11,31JUL26,106000,,C,BTC-31JUL26-106000-C
0.0445,0.052,0.0,0.04892635,1780406847440,0.0,51.1,68991.83,index_price,68991.54,0.04825,68999.11,6JUN26,66000,,C,BTC-6JUN26-66000-C
0.0245,0.025,504.2,0.02468971,1780406847440,109.6,42.24,69276.88,BTC-31JUL26,68991.54,0.02475,68999.11,31JUL26,62000,,P,BTC-31JUL26-62000-P
0.111,0.1375,0.0,0.11631666,1780406847440,0.0,49.02,68991.83,index_price,68991.54,0.12425,68999.11,6JUN26,77000,,P,BTC-6JUN26-77000-P
0.029,0.0365,0.0,0.03297385,1780406847440,0.0,51.78,68991.54,index_price,68991.54,0.03275,68999.11,4JUN26,67000,,C,BTC-4JUN26-67000-C
0.378,0.3875,90.5,0.38156877,1780406847440,0.0,40.22,70239.27,BTC-25DEC26,68991.54,0.38275,68999.11,25DEC26,95000,,P,BTC-25DEC26-95000-P
