bid_price,ask_price,open_interest,mark_price,creation_timestamp_x,volume,mark_iv,underlying_price,underlying_index,estimated_delivery_price,mid_price,price_index,expiration_timestamp,strike,settlement_period,option_type,instrument_id
0.2295,0.2385,0.2,0.23247989,1780406840792,0.0,68.53,68973.91,BTC-5JUN26,68982.19,0.234,68983.51,5JUN26,85000,,P,BTC-5JUN26-85000-P
0.131,0.1325,2970.9,0.1317483,1780406840792,6.2,37.86,69628.66,BTC-25SEP26,68982.19,0.13175,68983.51,25SEP26,75000,,P,BTC-25SEP26-75000-P
0.0033,0.0037,1436.8,0.00345816,1780406840792,5.9,44.77,70221.42,BTC-25DEC26,68982.19,0.0035,68983.51,25DEC26,140000,,C,BTC-25DEC26-140000-C
0.012,0.013,2245.4,0.01263159,1780406840792,214.5,37.36,69628.66,BTC-25SEP26,68982.19,0.0125,68983.51,25SEP26,90000,,C,BTC-25SEP26-90000-C
0.173,0.1755,148.1,0.17444342,1780406840792,1.7,41.6,70229.46,BTC-25DEC26,68982.19,0.17425,68983.51,25DEC26,76000,,P,BTC-25DEC26-76000-P
0.0003,0.0005,1202.3,0.00044087,1780406840792,0.1,58.35,70229.46,BTC-25DEC26,68982.19,0.0004,68983.51,25DEC26,250000,,C,BTC-25DEC26-250000-C
0.0185,0.0195,31.9,0.01895587,1780406840792,50.9,42.32,68973.91,BTC-5JUN26,68982.19,0.019,68983.51,5JUN26,69500,,P,BTC-5JUN26-69500-P
0.161,0.163,901.1,0.1619506,1780406840792,0.9,43.84,70877.35,BTC-26MAR27,68982.19,0.162,68983.51,26MAR27,70000,,C,BTC-26MAR27-70000-C
0.357,0.3675,7.6,0.36076343,1780406840792,0.0,47.43,69099.81,BTC-26JUN26,68982.19,0.36225,68983.51,26JUN26,94000,,P,BTC-26JUN26-94000-P
0.0007,0.0009,14.1,0.00081163,1780406840792,29.0,40.66,68982.19,index_price,68982.19,0.0008,68983.51,4JUN26,72000,,C,BTC-4JUN26-72000-C
,0.0001,264.7,8.95e-06,1780406840792,0.0,85.88,69099.81,BTC-26JUN26,68982.19,,68983.51,26JUN26,155000,,C,BTC-26JUN26-155000-C
0.0085,0.0095,25.1,0.0090379,1780406840792,13.3,37.1,69423.43,BTC-28AUG26,68982.19,0.009,68983.51,28AUG26,88000,,C,BTC-28AUG26-88000-C
0.191,0.1975,104.0,0.1935004,1780406840792,0.0,36.07,69259.19,BTC-31JUL26,68982.19,0.19425,68983.51,31JUL26,82000,,P,BTC-31JUL26-82000-P
0.0007,0.0008,1064.7,0.00070898,1780406840792,27.4,40.5,69099.81,BTC-26JUN26,68982.19,0.00075,68983.51,26JUN26,86000,,C,BTC-26JUN26-86000-C
0.055,0.0595,0.0,0.05794608,1780406840792,0.0,72.24,68974.53,index_price,68982.19,0.05725,68983.51,3JUN26,65000,,C,BTC-3JUN26-65000-C
0.02,0.021,78.4,0.0206797,1780406840792,54.1,41.71,68982.19,index_price,68982.19,0.0205,68983.51,4JUN26,70000,,P,BTC-4JUN26-70000-P
0.1655,0.171,375.9,0.16809599,1780406840792,6.2,35.96,69259.19,BTC-31JUL26,68982.19,0.16825,68983.51,31JUL26,80000,,P,BTC-31JUL26-80000-P
0.0735,0.0745,108.3,0.07398237,1780406840792,7.7,37.38,69259.19,BTC-31JUL26,68982.19,0.074,68983.51,31JUL26,71000,,P,BTC-31JUL26-71000-P
0.6545,0.6695,0.1,0.66104588,1780406840792,0.0,49.75,69259.19,BTC-31JUL26,68982.19,0.662,68983.51,31JUL26,115000,,P,BTC-31JUL26-115000-P
,0.0001,8.0,5.2e-07,1780406840792,0.0,59.32,68982.19,index_price,68982.19,,68983.51,4JUN26,81000,,C,BTC-4JUN26-81000-C
0.0905,0.0925,532.1,0.09171564,1780406840792,58.1,43.7,70221.42,BTC-25DEC26,68982.19,0.0915,68983.51,25DEC26,65000,,P,BTC-25DEC26-65000-P
0.0095,0.0105,0.6,0.00993237,1780406840792,0.6,46.71,68982.19,index_price,68982.19,0.01,68983.51,6JUN26,67500,,P,BTC-6JUN26-67500-P
0.017,0.018,125.1,0.01746984,1780406840792,145.1,42.72,68982.19,index_price,68982.19,0.0175,68983.51,6JUN26,69000,,P,BTC-6JUN26-69000-P
0.0075,0.0085,801.4,0.00802466,1780406840792,404.9,36.12,69259.19,BTC-31JUL26,68982.19,0.008,68983.51,31JUL26,83000,,C,BTC-31JUL26-83000-C
0.055,0.063,0.0,0.05903941,1780406840792,0.0,60.99,68982.19,index_price,68982.19,0.059,68983.51,4JUN26,65000,,C,BTC-4JUN26-65000-C
0.0625,0.0635,14.2,0.06273964,1780406840792,0.0,38.15,69259.19,BTC-31JUL26,68982.19,0.063,68983.51,31JUL26,69000,,C,BTC-31JUL26-69000-C
0.032,0.035,324.2,0.03343918,1780406840792,172.1,39.81,68973.91,BTC-5JUN26,68982.19,0.0335,68983.51,5JUN26,71000,,P,BTC-5JUN26-71000-P
0.038,0.039,12.1,0.03836481,1780406840792,10.6,40.97,69431.64,BTC-28AUG26,68982.19,0.0385,68983.51,28AUG26,63000,,P,BTC-28AUG26-63000-P
0.58,0.5935,0.0,0.58572896,1780406840792,0.0,42.93,69423.43,BTC-28AUG26,68982.19,0.58675,68983.51,28AUG26,110000,,P,BTC-28AUG26-110000-P
0.444,0.446,53.2,0.44501046,1780406840792,0.0,57.66,70229.46,BTC-25DEC26,68982.19,0.445,68983.51,25DEC26,40000,,C,BTC-25DEC26-40000-C
0.9195,0.9355,0.6,0.92675455,1780406840792,0.0,44.32,70229.46,BTC-25DEC26,68982.19,0.9275,68983.51,25DEC26,135000,,P,BTC-25DEC26-135000-P
0.0575,0.06,24.9,0.0586583,1780406840792,0.9,55.31,68974.53,index_price,68982.19,0.05875,68983.51,3JUN26,73000,,P,BTC-3JUN26-73000-P
0.034,0.0355,101.0,0.03471582,1780406840792,0.4,41.77,70877.35,BTC-26MAR27,68982.19,0.03475,68983.51,26MAR27,105000,,C,BTC-26MAR27-105000-C
0.4495,0.485,11.7,0.4542667,1780406840792,0.0,41.75,70869.14,BTC-26MAR27,68982.19,0.46725,68983.51,26MAR27,100000,,P,BTC-26MAR27-100000-P
0.0215,0.0225,16.9,0.02190644,1780406840792,0.9,43.96,69423.43,BTC-28AUG26,68982.19,0.022,68983.51,28AUG26,58000,,P,BTC-28AUG26-58000-P
0.0965,0.099,1.0,0.09774833,1780406840792,1.0,40.2,69259.19,BTC-31JUL26,68982.19,0.09775,68983.51,31JUL26,65000,,C,BTC-31JUL26-65000-C
0.185,0.192,0.0,0.18722667,1780406840792,0.0,36.52,69423.43,BTC-28AUG26,68982.19,0.1885,68983.51,28AUG26,81000,,P,BTC-28AUG26-81000-P
0.0345,0.0385,0.0,0.03693991,1780406840792,0.0,48.24,68982.19,index_price,68982.19,0.0365,68983.51,6JUN26,67000,,C,BTC-6JUN26-67000-C
,0.0001,135.9,0.0,1780406840792,0.0,99.84,69099.81,BTC-26JUN26,68982.19,,68983.51,26JUN26,320000,,C,BTC-26JUN26-320000-C
0.0002,0.0003,222.6,0.00024691,1780406840792,0.4,47.43,69099.81,BTC-26JUN26,68982.19,0.00025,68983.51,26JUN26,94000,,C,BTC-26JUN26-94000-C
0.958,1.1,23.1,1.02626669,1780406840792,0.0,75.63,69091.6,BTC-26JUN26,68982.19,1.029,68983.51,26JUN26,140000,,P,BTC-26JUN26-140000-P
0.0575,0.0605,7.9,0.05885994,1780406840792,0.8,43.44,68982.19,index_price,68982.19,0.059,68983.51,4JUN26,73000,,P,BTC-4JUN26-73000-P
0.0085,0.0095,681.0,0.00903548,1780406840792,14.0,43.44,70877.35,BTC-26MAR27,68982.19,0.009,68983.51,26MAR27,140000,,C,BTC-26MAR27-140000-C
1.168,1.325,1.8,1.24336634,1780406840792,0.0,85.88,69099.81,BTC-26JUN26,68982.19,1.2465,68983.51,26JUN26,155000,,P,BTC-26JUN26-155000-P
0.0002,0.0005,140.8,0.00031486,1780406840792,158.8,44.23,68974.53,index_price,68982.19,0.00035,68983.51,3JUN26,71500,,C,BTC-3JUN26-71500-C
0.191,0.1935,67.3,0.19207512,1780406840792,0.1,44.55,70229.46,BTC-25DEC26,68982.19,0.19225,68983.51,25DEC26,62000,,C,BTC-25DEC26-62000-C
0.0615,0.064,3227.8,0.06279849,1780406840792,340.7,36.69,69099.81,BTC-26JUN26,68982.19,0.06275,68983.51,26JUN26,72000,,P,BTC-26JUN26-72000-P
0.0024,0.0027,4997.7,0.00250763,1780406840792,994.5,36.6,69099.81,BTC-26JUN26,68982.19,0.00255,68983.51,26JUN26,80000,,C,BTC-26JUN26-80000-C
0.0001,0.0002,1333.1,0.00014583,1780406840792,3.7,52.01,69018.59,BTC-12JUN26,68982.19,0.00015,68983.51,12JUN26,86000,,C,BTC-12JUN26-86000-C
0.0435,0.0485,1.1,0.04721284,1780406840792,1.1,53.33,68973.91,BTC-5JUN26,68982.19,0.046,68983.51,5JUN26,66000,,C,BTC-5JUN26-66000-C
0.57,0.572,98.8,0.5712328,1780406840792,1.0,74.19,69628.66,BTC-25SEP26,68982.19,0.571,68983.51,25SEP26,30000,,C,BTC-25SEP26-30000-C
0.554,0.568,0.0,0.56014372,1780406840792,0.0,46.17,69259.19,BTC-31JUL26,68982.19,0.561,68983.51,31JUL26,108000,,P,BTC-31JUL26-108000-P
0.0365,0.0375,55.1,0.03713468,1780406840792,33.3,36.76,69259.19,BTC-31JUL26,68982.19,0.037,68983.51,31JUL26,73000,,C,BTC-31JUL26-73000-C
0.0295,0.031,42.1,0.03044647,1780406840792,1.0,41.79,70877.35,BTC-26MAR27,68982.19,0.03025,68983.51,26MAR27,108000,,C,BTC-26MAR27-108000-C
0.6605,0.67,289.9,0.66447117,1780406840792,1.0,63.2,69099.81,BTC-26JUN26,68982.19,0.66525,68983.51,26JUN26,115000,,P,BTC-26JUN26-115000-P
1.6575,1.8495,5.8,1.7499221,1780406840792,0.0,85.9,69099.81,BTC-26JUN26,68982.19,1.7535,68983.51,26JUN26,190000,,P,BTC-26JUN26-190000-P
0.0009,0.0011,86.2,0.00102537,1780406840792,92.5,66.65,68974.53,index_price,68982.19,0.001,68983.51,3JUN26,66000,,P,BTC-3JUN26-66000-P
0.0002,0.0006,352.6,0.00029165,1780406840792,0.0,55.52,69621.0,BTC-25SEP26,68982.19,0.0004,68983.51,25SEP26,170000,,C,BTC-25SEP26-170000-C
0.2095,0.212,137.5,0.21074389,1780406840792,0.0,45.2,70229.46,BTC-25DEC26,68982.19,0.21075,68983.51,25DEC26,60000,,C,BTC-25DEC26-60000-C
1.6375,1.8305,0.0,1.72924093,1780406840792,0.0,58.55,69621.0,BTC-25SEP26,68982.19,1.734,68983.51,25SEP26,190000,,P,BTC-25SEP26-190000-P
0.0011,0.0013,1112.6,0.00117996,1780406840792,4.1,40.77,69259.19,BTC-31JUL26,68982.19,0.0012,68983.51,31JUL26,98000,,C,BTC-31JUL26-98000-C
0.051,0.052,5.2,0.05147762,1780406840792,0.2,37.35,69431.64,BTC-28AUG26,68982.19,0.0515,68983.51,28AUG26,73000,,C,BTC-28AUG26-73000-C
0.008,0.009,393.1,0.00847872,1780406840792,515.0,45.25,69018.59,BTC-12JUN26,68982.19,0.0085,68983.51,12JUN26,65000,,P,BTC-12JUN26-65000-P
0.0475,0.049,163.7,0.04858685,1780406840792,200.7,37.29,69037.69,BTC-19JUN26,68982.19,0.04825,68983.51,19JUN26,71000,,P,BTC-19JUN26-71000-P
,0.0001,200.1,0.0,1780406840792,0.0,90.33,69099.81,BTC-26JUN26,68982.19,,68983.51,26JUN26,250000,,C,BTC-26JUN26-250000-C
0.0635,0.065,1213.2,0.06410145,1780406840792,0.0,47.66,70877.35,BTC-26MAR27,68982.19,0.06425,68983.51,26MAR27,55000,,P,BTC-26MAR27-55000-P
0.007,0.0075,197.6,0.00707676,1780406840792,58.1,36.53,69259.19,BTC-31JUL26,68982.19,0.00725,68983.51,31JUL26,84000,,C,BTC-31JUL26-84000-C
0.1875,0.1905,14.7,0.18900624,1780406840792,0.3,67.37,68973.91,BTC-5JUN26,68982.19,0.189,68983.51,5JUN26,82000,,P,BTC-5JUN26-82000-P
0.1855,0.1925,1.0,0.18834267,1780406840792,0.0,44.81,69018.59,BTC-12JUN26,68982.19,0.189,68983.51,12JUN26,82000,,P,BTC-12JUN26-82000-P
0.1955,0.1985,29.2,0.19709748,1780406840792,0.0,44.17,69628.66,BTC-25SEP26,68982.19,0.197,68983.51,25SEP26,58000,,C,BTC-25SEP26-58000-C
,0.0001,97.4,4e-08,1780406840792,0.0,60.97,68974.53,index_price,68982.19,,68983.51,3JUN26,78000,,C,BTC-3JUN26-78000-C
0.1305,0.136,2145.0,0.13319495,1780406840792,24.3,36.05,69099.81,BTC-26JUN26,68982.19,0.13325,68983.51,26JUN26,78000,,P,BTC-26JUN26-78000-P
0.524,0.5845,0.0,0.52892736,1780406840792,0.0,41.78,70877.35,BTC-26MAR27,68982.19,0.55425,68983.51,26MAR27,106000,,P,BTC-26MAR27-106000-P
0.029,0.03,11.1,0.02975448,1780406840792,11.1,40.11,68982.19,index_price,68982.19,0.0295,68983.51,6JUN26,70500,,P,BTC-6JUN26-70500-P
0.0017,0.002,27.3,0.00186278,1780406840792,4.0,41.49,69423.43,BTC-28AUG26,68982.19,0.00185,68983.51,28AUG26,105000,,C,BTC-28AUG26-105000-C
3.164,3.4655,0.0,3.30906916,1780406840792,0.0,64.66,69628.66,BTC-25SEP26,68982.19,3.31475,68983.51,25SEP26,300000,,P,BTC-25SEP26-300000-P
0.112,0.1205,0.0,0.11661904,1780406840792,0.0,67.35,68982.19,index_price,68982.19,0.11625,68983.51,6JUN26,61000,,C,BTC-6JUN26-61000-C
1.89,2.105,0.0,1.99129091,1780406840792,0.0,54.18,70221.42,BTC-25DEC26,68982.19,1.9975,68983.51,25DEC26,210000,,P,BTC-25DEC26-210000-P
0.0033,0.0036,543.5,0.00343048,1780406840792,0.6,66.85,69621.0,BTC-25SEP26,68982.19,0.00345,68983.51,25SEP26,35000,,P,BTC-25SEP26-35000-P
0.0365,0.0445,0.0,0.04072117,1780406840792,0.0,39.63,68982.19,index_price,68982.19,0.0405,68983.51,6JUN26,71500,,P,BTC-6JUN26-71500-P
0.0165,0.0175,83.5,0.0171589,1780406840792,42.4,41.62,69045.35,BTC-19JUN26,68982.19,0.017,68983.51,19JUN26,66000,,P,BTC-19JUN26-66000-P
0.053,0.054,182.0,0.0535682,1780406840792,1.3,41.16,69628.66,BTC-25SEP26,68982.19,0.0535,68983.51,25SEP26,64000,,P,BTC-25SEP26-64000-P
0.9325,1.0145,12.5,0.93986614,1780406840792,0.0,47.62,69621.0,BTC-25SEP26,68982.19,0.9735,68983.51,25SEP26,135000,,P,BTC-25SEP26-135000-P
0.017,0.018,265.2,0.0174624,1780406840792,201.9,45.42,69431.64,BTC-28AUG26,68982.19,0.0175,68983.51,28AUG26,56000,,P,BTC-28AUG26-56000-P
0.073,0.074,5652.8,0.0733918,1780406840792,305.7,41.25,70229.46,BTC-25DEC26,68982.19,0.0735,68983.51,25DEC26,80000,,C,BTC-25DEC26-80000-C
0.507,0.518,107.9,0.51126143,1780406840792,0.0,40.5,70229.46,BTC-25DEC26,68982.19,0.5125,68983.51,25DEC26,105000,,P,BTC-25DEC26-105000-P
1.753,1.9575,0.0,1.84897875,1780406840792,0.0,52.79,70221.42,BTC-25DEC26,68982.19,1.85525,68983.51,25DEC26,200000,,P,BTC-25DEC26-200000-P
0.0003,0.0006,137.9,0.00045289,1780406840792,0.0,49.75,69259.19,BTC-31JUL26,68982.19,0.00045,68983.51,31JUL26,115000,,C,BTC-31JUL26-115000-C
0.004,0.0044,367.4,0.00419764,1780406840792,163.4,53.33,68973.91,BTC-5JUN26,68982.19,0.0042,68983.51,5JUN26,66000,,P,BTC-5JUN26-66000-P
0.0625,0.128,0.0,0.08761231,1780406840792,0.0,51.2,68982.19,index_price,68982.19,0.09525,68983.51,4JUN26,75000,,P,BTC-4JUN26-75000-P
0.026,0.027,217.4,0.02673094,1780406840792,254.9,39.68,69045.35,BTC-19JUN26,68982.19,0.0265,68983.51,19JUN26,68000,,P,BTC-19JUN26-68000-P
0.239,0.242,4.8,0.240686,1780406840792,0.0,46.15,70877.35,BTC-26MAR27,68982.19,0.2405,68983.51,26MAR27,60000,,C,BTC-26MAR27-60000-C
1.34,1.5175,0.0,1.42260517,1780406840792,0.0,49.64,70229.46,BTC-25DEC26,68982.19,1.42875,68983.51,25DEC26,170000,,P,BTC-25DEC26-170000-P
0.1295,0.132,0.0,0.13091099,1780406840792,0.0,40.97,69423.43,BTC-28AUG26,68982.19,0.13075,68983.51,28AUG26,63000,,C,BTC-28AUG26-63000-C
,0.0001,657.0,3.89e-06,1780406840792,8.0,68.53,68973.91,BTC-5JUN26,68982.19,,68983.51,5JUN26,85000,,C,BTC-5JUN26-85000-C
0.074,0.0785,405.0,0.07605125,1780406840792,15.6,36.97,69026.25,BTC-12JUN26,68982.19,0.07625,68983.51,12JUN26,74000,,P,BTC-12JUN26-74000-P
0.1145,0.1155,1057.6,0.11495315,1780406840793,2.0,42.12,70229.46,BTC-25DEC26,68982.19,0.115,68983.51,25DEC26,72000,,C,BTC-25DEC26-72000-C
0.0405,0.041,2661.6,0.04067471,1780406840793,141.0,37.25,69628.66,BTC-25SEP26,68982.19,0.04075,68983.51,25SEP26,78000,,C,BTC-25SEP26-78000-C
0.014,0.015,26.3,0.01458999,1780406840793,36.0,44.18,68982.19,index_price,68982.19,0.0145,68983.51,6JUN26,68500,,P,BTC-6JUN26-68500-P
0.1005,0.106,298.5,0.10277353,1780406840793,1.0,37.56,69018.59,BTC-12JUN26,68982.19,0.10325,68983.51,12JUN26,76000,,P,BTC-12JUN26-76000-P
0.014,0.015,3394.7,0.01463722,1780406840793,49.0,57.66,70229.46,BTC-25DEC26,68982.19,0.0145,68983.51,25DEC26,40000,,P,BTC-25DEC26-40000-P
0.0022,0.0026,134.5,0.0024874,1780406840793,96.1,37.12,69026.25,BTC-12JUN26,68982.19,0.0024,68983.51,12JUN26,75000,,C,BTC-12JUN26-75000-C
0.0041,0.0044,982.2,0.00426423,1780406840793,17.5,44.32,70229.46,BTC-25DEC26,68982.19,0.00425,68983.51,25DEC26,135000,,C,BTC-25DEC26-135000-C
0.0105,0.011,1286.7,0.01100028,1780406840793,57.6,35.97,69259.19,BTC-31JUL26,68982.19,0.01075,68983.51,31JUL26,81000,,C,BTC-31JUL26-81000-C
0.0525,0.0535,3.8,0.0528599,1780406840793,2.2,39.58,69431.64,BTC-28AUG26,68982.19,0.053,68983.51,28AUG26,66000,,P,BTC-28AUG26-66000-P
,0.0001,941.3,7.94e-06,1780406840793,0.0,71.79,69099.81,BTC-26JUN26,68982.19,,68983.51,26JUN26,135000,,C,BTC-26JUN26-135000-C
0.02,0.021,513.3,0.02051325,1780406840793,8.9,36.01,69250.98,BTC-31JUL26,68982.19,0.0205,68983.51,31JUL26,77000,,C,BTC-31JUL26-77000-C
0.0025,0.0029,1160.8,0.00272677,1780406840793,73.8,56.87,68973.91,BTC-5JUN26,68982.19,0.0027,68983.51,5JUN26,65000,,P,BTC-5JUN26-65000-P
0.0015,0.0017,472.9,0.00161614,1780406840793,312.5,37.56,69018.59,BTC-12JUN26,68982.19,0.0016,68983.51,12JUN26,76000,,C,BTC-12JUN26-76000-C
0.492,0.504,0.0,0.4979341,1780406840793,0.0,40.43,70229.46,BTC-25DEC26,68982.19,0.498,68983.51,25DEC26,104000,,P,BTC-25DEC26-104000-P
0.103,0.108,250.2,0.10529207,1780406840793,0.1,36.49,69037.69,BTC-19JUN26,68982.19,0.1055,68983.51,19JUN26,76000,,P,BTC-19JUN26-76000-P
0.085,0.123,0.0,0.08754727,1780406840793,0.0,55.49,68974.53,index_price,68982.19,0.104,68983.51,3JUN26,75000,,P,BTC-3JUN26-75000-P
0.262,0.267,546.0,0.26440879,1780406840793,0.0,40.65,70229.46,BTC-25DEC26,68982.19,0.2645,68983.51,25DEC26,85000,,P,BTC-25DEC26-85000-P
0.0002,0.0003,808.0,0.0002518,1780406840793,4.6,44.81,69018.59,BTC-12JUN26,68982.19,0.00025,68983.51,12JUN26,82000,,C,BTC-12JUN26-82000-C
0.251,0.256,47.0,0.25350473,1780406840793,0.0,40.7,70229.46,BTC-25DEC26,68982.19,0.2535,68983.51,25DEC26,84000,,P,BTC-25DEC26-84000-P
0.012,0.013,63.1,0.01254924,1780406840793,18.3,44.23,68982.19,index_price,68982.19,0.0125,68983.51,4JUN26,69000,,P,BTC-4JUN26-69000-P
0.0055,0.0065,1001.4,0.00604837,1780406840793,228.2,36.64,69259.19,BTC-31JUL26,68982.19,0.006,68983.51,31JUL26,85000,,C,BTC-31JUL26-85000-C
,0.0001,696.8,8.6e-07,1780406840793,0.0,72.07,68973.91,BTC-5JUN26,68982.19,,68983.51,5JUN26,88000,,C,BTC-5JUN26-88000-C
0.2265,0.2345,33.9,0.22923634,1780406840793,0.0,37.06,69628.66,BTC-25SEP26,68982.19,0.2305,68983.51,25SEP26,84000,,P,BTC-25SEP26-84000-P
1.4555,1.646,0.0,1.54310101,1780406840793,0.0,47.02,70877.35,BTC-26MAR27,68982.19,1.55075,68983.51,26MAR27,180000,,P,BTC-26MAR27-180000-P
3.755,4.0995,0.0,3.92091297,1780406840793,0.0,102.06,69099.81,BTC-26JUN26,68982.19,3.92725,68983.51,26JUN26,340000,,P,BTC-26JUN26-340000-P
0.0055,0.006,12.8,0.00568445,1780406840793,12.8,41.71,68982.19,index_price,68982.19,0.00575,68983.51,4JUN26,70000,,C,BTC-4JUN26-70000-C
1.308,1.475,0.5,1.38809285,1780406840793,0.0,85.89,69099.81,BTC-26JUN26,68982.19,1.3915,68983.51,26JUN26,165000,,P,BTC-26JUN26-165000-P
0.0765,0.081,0.2,0.07912313,1780406840793,0.1,47.07,69018.59,BTC-12JUN26,68982.19,0.07875,68983.51,12JUN26,64000,,C,BTC-12JUN26-64000-C
0.4685,0.4825,0.1,0.47377347,1780406840793,0.0,43.0,69250.98,BTC-31JUL26,68982.19,0.4755,68983.51,31JUL26,102000,,P,BTC-31JUL26-102000-P
0.327,0.3375,0.4,0.3307616,1780406840793,0.0,38.46,69259.19,BTC-31JUL26,68982.19,0.33225,68983.51,31JUL26,92000,,P,BTC-31JUL26-92000-P
0.0004,0.0007,759.1,0.00048319,1780406840793,0.0,51.2,69621.0,BTC-25SEP26,68982.19,0.00055,68983.51,25SEP26,150000,,C,BTC-25SEP26-150000-C
,0.0002,819.9,7.3e-06,1780406840793,6.1,67.86,68973.91,BTC-5JUN26,68982.19,,68983.51,5JUN26,84000,,C,BTC-5JUN26-84000-C
0.053,0.0565,1.1,0.05502307,1780406840793,1.1,43.66,69018.59,BTC-12JUN26,68982.19,0.05475,68983.51,12JUN26,66000,,C,BTC-12JUN26-66000-C
0.804,0.8155,75.4,0.80916667,1780406840793,0.0,63.95,69099.81,BTC-26JUN26,68982.19,0.80975,68983.51,26JUN26,125000,,P,BTC-26JUN26-125000-P
0.0018,0.0021,0.8,0.00189424,1780406840793,0.8,61.02,68982.19,index_price,68982.19,0.00195,68983.51,6JUN26,63000,,P,BTC-6JUN26-63000-P
1.2905,1.4595,0.0,1.37032506,1780406840793,0.0,54.69,69628.66,BTC-25SEP26,68982.19,1.375,68983.51,25SEP26,165000,,P,BTC-25SEP26-165000-P
0.1735,0.176,233.3,0.17484293,1780406840793,1.0,43.04,69628.66,BTC-25SEP26,68982.19,0.17475,68983.51,25SEP26,60000,,C,BTC-25SEP26-60000-C
0.5775,0.589,116.7,0.58240242,1780406840793,0.0,40.74,69628.66,BTC-25SEP26,68982.19,0.58325,68983.51,25SEP26,110000,,P,BTC-25SEP26-110000-P
0.037,0.0405,43.6,0.03812842,1780406840793,25.6,40.61,68982.19,index_price,68982.19,0.03875,68983.51,4JUN26,71500,,P,BTC-4JUN26-71500-P
0.011,0.0115,164.8,0.01113706,1780406840793,58.8,36.39,69037.69,BTC-19JUN26,68982.19,0.01125,68983.51,19JUN26,73000,,C,BTC-19JUN26-73000-C
0.0041,0.0045,158.2,0.00432881,1780406840793,95.7,36.49,69037.69,BTC-19JUN26,68982.19,0.0043,68983.51,19JUN26,76000,,C,BTC-19JUN26-76000-C
0.0001,0.0002,7.0,0.00018002,1780406840793,0.8,47.88,69037.69,BTC-19JUN26,68982.19,0.00015,68983.51,19JUN26,90000,,C,BTC-19JUN26-90000-C
4.48,4.52,0.2,4.49984391,1780406840793,0.0,102.24,69099.81,BTC-26JUN26,68982.19,4.5,68983.51,26JUN26,380000,,P,BTC-26JUN26-380000-P
0.1015,0.103,0.0,0.10219399,1780406840793,0.0,39.58,69423.43,BTC-28AUG26,68982.19,0.10225,68983.51,28AUG26,66000,,C,BTC-28AUG26-66000-C
0.0046,0.0055,1507.4,0.00505991,1780406840793,1.9,43.52,70229.46,BTC-25DEC26,68982.19,0.00505,68983.51,25DEC26,130000,,C,BTC-25DEC26-130000-C
,0.0002,247.6,2.396e-05,1780406840793,0.9,61.2,69628.66,BTC-25SEP26,68982.19,,68983.51,25SEP26,240000,,C,BTC-25SEP26-240000-C
0.217,0.2235,31.5,0.22003164,1780406840793,0.0,36.53,69250.98,BTC-31JUL26,68982.19,0.22025,68983.51,31JUL26,84000,,P,BTC-31JUL26-84000-P
0.061,0.0625,66.2,0.06148335,1780406840793,0.0,41.78,70877.35,BTC-26MAR27,68982.19,0.06175,68983.51,26MAR27,92000,,C,BTC-26MAR27-92000-C
0.0002,0.0003,0.0,0.00025229,1780406840793,0.0,49.02,68982.19,index_price,68982.19,0.00025,68983.51,6JUN26,77000,,C,BTC-6JUN26-77000-C
0.0001,0.0002,458.3,0.00013743,1780406840793,4.9,63.54,68973.91,BTC-5JUN26,68982.19,0.00015,68983.51,5JUN26,79000,,C,BTC-5JUN26-79000-C
0.4965,0.511,0.0,0.50255152,1780406840793,0.0,44.11,69250.98,BTC-31JUL26,68982.19,0.50375,68983.51,31JUL26,104000,,P,BTC-31JUL26-104000-P
0.0395,0.0405,97.9,0.04021281,1780406840793,18.9,37.99,69037.69,BTC-19JUN26,68982.19,0.04,68983.51,19JUN26,70000,,P,BTC-19JUN26-70000-P
0.402,0.411,1.4,0.40597339,1780406840793,1.0,41.69,70877.35,BTC-26MAR27,68982.19,0.4065,68983.51,26MAR27,96000,,P,BTC-26MAR27-96000-P
0.0425,0.0435,60.2,0.04279674,1780406840793,1.3,40.49,69431.64,BTC-28AUG26,68982.19,0.043,68983.51,28AUG26,64000,,P,BTC-28AUG26-64000-P
0.155,0.2135,0.0,0.18899457,1780406840793,0.0,59.32,68982.19,index_price,68982.19,0.18425,68983.51,4JUN26,82000,,P,BTC-4JUN26-82000-P
0.6485,0.6605,91.7,0.65366314,1780406840793,0.0,42.23,69628.66,BTC-25SEP26,68982.19,0.6545,68983.51,25SEP26,115000,,P,BTC-25SEP26-115000-P
0.012,0.013,2.5,0.01247051,1780406840793,3.6,45.08,68973.91,BTC-5JUN26,68982.19,0.0125,68983.51,5JUN26,68500,,P,BTC-5JUN26-68500-P
0.137,0.141,440.2,0.13910405,1780406840793,5.4,48.9,69099.81,BTC-26JUN26,68982.19,0.139,68983.51,26JUN26,60000,,C,BTC-26JUN26-60000-C
0.054,0.055,1909.0,0.05448218,1780406840793,169.0,37.86,69628.66,BTC-25SEP26,68982.19,0.0545,68983.51,25SEP26,75000,,C,BTC-25SEP26-75000-C
0.5115,0.5245,0.0,0.51689304,1780406840793,0.0,44.24,69259.19,BTC-31JUL26,68982.19,0.518,68983.51,31JUL26,105000,,P,BTC-31JUL26-105000-P
0.209,0.217,0.0,0.211673,1780406840793,0.0,36.56,69423.43,BTC-28AUG26,68982.19,0.213,68983.51,28AUG26,83000,,P,BTC-28AUG26-83000-P
,0.0001,554.4,1.4e-07,1780406840793,0.0,85.9,69099.81,BTC-26JUN26,68982.19,,68983.51,26JUN26,190000,,C,BTC-26JUN26-190000-C
0.1145,0.1175,275.8,0.11589154,1780406840793,0.1,44.93,70877.35,BTC-26MAR27,68982.19,0.116,68983.51,26MAR27,65000,,P,BTC-26MAR27-65000-P
0.0865,0.0895,100.8,0.08814897,1780406840793,0.0,39.62,69259.19,BTC-31JUL26,68982.19,0.088,68983.51,31JUL26,66000,,C,BTC-31JUL26-66000-C
0.0555,0.0645,0.0,0.0597807,1780406840793,0.0,39.67,68982.19,index_price,68982.19,0.06,68983.51,6JUN26,73000,,P,BTC-6JUN26-73000-P
0.0005,0.001,150.9,0.00075042,1780406840793,0.3,54.18,70229.46,BTC-25DEC26,68982.19,0.00075,68983.51,25DEC26,210000,,C,BTC-25DEC26-210000-C
0.034,0.0355,221.0,0.03480825,1780406840793,0.1,40.21,70229.46,BTC-25DEC26,68982.19,0.03475,68983.51,25DEC26,92000,,C,BTC-25DEC26-92000-C
2.331,2.573,0.0,2.44727556,1780406840793,0.0,61.2,69628.66,BTC-25SEP26,68982.19,2.452,68983.51,25SEP26,240000,,P,BTC-25SEP26-240000-P
,0.0001,2755.6,1.68e-05,1780406840793,51.3,63.2,69099.81,BTC-26JUN26,68982.19,,68983.51,26JUN26,120000,,C,BTC-26JUN26-120000-C
0.0665,0.0685,297.3,0.06726182,1780406840793,199.3,41.85,70877.35,BTC-26MAR27,68982.19,0.0675,68983.51,26MAR27,90000,,C,BTC-26MAR27-90000-C
0.101,0.104,404.3,0.10223542,1780406840793,19.0,51.54,68973.91,BTC-5JUN26,68982.19,0.1025,68983.51,5JUN26,76000,,P,BTC-5JUN26-76000-P
0.369,0.378,151.5,0.37256845,1780406840793,0.0,38.06,69628.66,BTC-25SEP26,68982.19,0.3735,68983.51,25SEP26,95000,,P,BTC-25SEP26-95000-P
0.0495,0.0515,108.9,0.05051871,1780406840793,7.4,40.49,70229.46,BTC-25DEC26,68982.19,0.0505,68983.51,25DEC26,86000,,C,BTC-25DEC26-86000-C
1.1835,1.358,0.0,1.2628597,1780406840793,0.0,45.31,70869.14,BTC-26MAR27,68982.19,1.27075,68983.51,26MAR27,160000,,P,BTC-26MAR27-160000-P
0.102,0.104,27.2,0.10316947,1780406840793,0.1,41.89,70229.46,BTC-25DEC26,68982.19,0.103,68983.51,25DEC26,74000,,C,BTC-25DEC26-74000-C
0.0145,0.0155,254.9,0.0150784,1780406840793,276.0,36.77,69037.69,BTC-19JUN26,68982.19,0.015,68983.51,19JUN26,72000,,C,BTC-19JUN26-72000-C
0.0005,0.0007,1565.4,0.00050994,1780406840793,119.0,90.16,69099.81,BTC-26JUN26,68982.19,0.0006,68983.51,26JUN26,40000,,P,BTC-26JUN26-40000-P
0.09,0.093,103.0,0.09125022,1780406840793,74.9,36.76,69259.19,BTC-31JUL26,68982.19,0.0915,68983.51,31JUL26,73000,,P,BTC-31JUL26-73000-P
0.0295,0.031,604.1,0.03018328,1780406840793,2.6,44.17,69628.66,BTC-25SEP26,68982.19,0.03025,68983.51,25SEP26,58000,,P,BTC-25SEP26-58000-P
0.09,0.0945,2.0,0.09251377,1780406840793,0.0,36.47,69037.69,BTC-19JUN26,68982.19,0.09225,68983.51,19JUN26,75000,,P,BTC-19JUN26-75000-P
0.271,0.2745,9.8,0.27311169,1780406840793,0.0,47.75,70221.42,BTC-25DEC26,68982.19,0.27275,68983.51,25DEC26,54000,,C,BTC-25DEC26-54000-C
3.196,3.4995,0.0,3.34198203,1780406840793,0.0,95.76,69099.81,BTC-26JUN26,68982.19,3.34775,68983.51,26JUN26,300000,,P,BTC-26JUN26-300000-P
0.0006,0.0011,942.4,0.00084495,1780406840793,0.0,52.79,70221.42,BTC-25DEC26,68982.19,0.00085,68983.51,25DEC26,200000,,C,BTC-25DEC26-200000-C
0.0055,0.0065,533.5,0.00593007,1780406840793,371.3,36.94,69018.59,BTC-12JUN26,68982.19,0.006,68983.51,12JUN26,73000,,C,BTC-12JUN26-73000-C
0.0001,0.0002,40.0,0.0001174,1780406840793,28.3,51.2,68982.19,index_price,68982.19,0.00015,68983.51,4JUN26,75000,,C,BTC-4JUN26-75000-C
0.0145,0.0155,2.9,0.01491156,1780406840793,2.9,43.56,68973.91,BTC-5JUN26,68982.19,0.015,68983.51,5JUN26,69000,,C,BTC-5JUN26-69000-C
0.0445,0.048,638.7,0.04580952,1780406840793,44.0,39.81,68973.91,BTC-5JUN26,68982.19,0.04625,68983.51,5JUN26,72000,,P,BTC-5JUN26-72000-P
0.2425,0.2485,29.9,0.2454105,1780406840793,0.0,40.5,69099.81,BTC-26JUN26,68982.19,0.2455,68983.51,26JUN26,86000,,P,BTC-26JUN26-86000-P
,0.0001,248.8,4.07e-06,1780406840793,0.0,66.78,69628.66,BTC-25SEP26,68982.19,,68983.51,25SEP26,320000,,C,BTC-25SEP26-320000-C
0.3785,0.3815,48.3,0.38027214,1780406840793,0.0,53.23,70229.46,BTC-25DEC26,68982.19,0.38,68983.51,25DEC26,45000,,C,BTC-25DEC26-45000-C
,0.0002,100.6,5.219e-05,1780406840793,91.7,55.32,68974.53,index_price,68982.19,,68983.51,3JUN26,73500,,C,BTC-3JUN26-73500-C
,0.0001,174.2,0.0,1780406840793,0.5,102.24,69091.6,BTC-26JUN26,68982.19,,68983.51,26JUN26,360000,,C,BTC-26JUN26-360000-C
0.0007,0.0009,10.2,0.00079525,1780406840793,10.2,40.77,68982.19,index_price,68982.19,0.0008,68983.51,6JUN26,74000,,C,BTC-6JUN26-74000-C
0.012,0.013,889.7,0.0125519,1780406840793,201.7,36.03,69099.81,BTC-26JUN26,68982.19,0.0125,68983.51,26JUN26,74000,,C,BTC-26JUN26-74000-C
0.05,0.0535,32.5,0.05146347,1780406840793,0.3,52.38,68974.53,index_price,68982.19,0.05175,68983.51,3JUN26,72500,,P,BTC-3JUN26-72500-P
0.019,0.02,0.0,0.01923985,1780406840793,0.0,45.08,68973.91,BTC-5JUN26,68982.19,0.0195,68983.51,5JUN26,68500,,C,BTC-5JUN26-68500-C
,0.0002,214.5,1.5e-05,1780406840793,43.8,67.69,68973.91,BTC-5JUN26,68982.19,,68983.51,5JUN26,83000,,C,BTC-5JUN26-83000-C
0.1105,0.112,272.0,0.11120075,1780406840793,2.7,43.06,70229.46,BTC-25DEC26,68982.19,0.11125,68983.51,25DEC26,68000,,P,BTC-25DEC26-68000-P
0.0043,0.0046,288.5,0.00445603,1780406840793,6.2,36.97,69259.19,BTC-31JUL26,68982.19,0.00445,68983.51,31JUL26,87000,,C,BTC-31JUL26-87000-C
0.4255,0.456,0.2,0.42975832,1780406840793,0.0,41.66,70877.35,BTC-26MAR27,68982.19,0.44075,68983.51,26MAR27,98000,,P,BTC-26MAR27-98000-P
0.6415,0.6545,1.7,0.64717465,1780406840793,0.0,41.44,70229.46,BTC-25DEC26,68982.19,0.648,68983.51,25DEC26,115000,,P,BTC-25DEC26-115000-P
0.439,0.448,0.1,0.44313477,1780406840793,0.1,39.88,69423.43,BTC-28AUG26,68982.19,0.4435,68983.51,28AUG26,100000,,P,BTC-28AUG26-100000-P
0.016,0.019,117.7,0.01754363,1780406840793,133.0,42.34,68974.53,index_price,68982.19,0.0175,68983.51,3JUN26,70000,,P,BTC-3JUN26-70000-P
0.0016,0.002,818.9,0.00178524,1780406840793,17.2,39.12,69259.19,BTC-31JUL26,68982.19,0.0018,68983.51,31JUL26,94000,,C,BTC-31JUL26-94000-C
0.0225,0.023,688.5,0.02269828,1780406840793,0.3,37.06,69621.0,BTC-25SEP26,68982.19,0.02275,68983.51,25SEP26,84000,,C,BTC-25SEP26-84000-C
0.4655,0.4775,0.0,0.4715225,1780406840793,0.0,40.32,70229.46,BTC-25DEC26,68982.19,0.4715,68983.51,25DEC26,102000,,P,BTC-25DEC26-102000-P
0.002,0.0024,53.4,0.00227709,1780406840793,54.9,40.64,68982.19,index_price,68982.19,0.0022,68983.51,4JUN26,71000,,C,BTC-4JUN26-71000-C
0.0002,0.0005,131.1,0.00033959,1780406840793,0.0,54.69,69628.66,BTC-25SEP26,68982.19,0.00035,68983.51,25SEP26,165000,,C,BTC-25SEP26-165000-C
0.0325,0.0335,47.0,0.0328738,1780406840793,63.4,38.72,69037.69,BTC-19JUN26,68982.19,0.033,68983.51,19JUN26,69000,,P,BTC-19JUN26-69000-P
0.411,0.4195,0.0,0.41482695,1780406840793,0.0,39.27,69423.43,BTC-28AUG26,68982.19,0.41525,68983.51,28AUG26,98000,,P,BTC-28AUG26-98000-P
0.058,0.0595,639.5,0.05872434,1780406840793,11.3,40.77,69628.66,BTC-25SEP26,68982.19,0.05875,68983.51,25SEP26,65000,,P,BTC-25SEP26-65000-P
0.0024,0.0027,16.3,0.00253091,1780406840793,10.6,56.31,68982.19,index_price,68982.19,0.00255,68983.51,4JUN26,66000,,P,BTC-4JUN26-66000-P
0.0125,0.0135,1.0,0.01307065,1780406840793,1.0,51.02,68974.53,index_price,68982.19,0.013,68983.51,3JUN26,68500,,C,BTC-3JUN26-68500-C
0.175,0.1785,0.0,0.17715683,1780406840793,0.0,45.51,69259.19,BTC-31JUL26,68982.19,0.17675,68983.51,31JUL26,58000,,C,BTC-31JUL26-58000-C
1.319,1.5015,0.1,1.40278259,1780406840793,0.0,46.11,70877.35,BTC-26MAR27,68982.19,1.41025,68983.51,26MAR27,170000,,P,BTC-26MAR27-170000-P
0.1265,0.131,1.9,0.12947869,1780406840793,0.0,42.24,69250.98,BTC-31JUL26,68982.19,0.12875,68983.51,31JUL26,62000,,C,BTC-31JUL26-62000-C
1.221,1.385,0.6,1.29855301,1780406840793,0.0,53.65,69628.66,BTC-25SEP26,68982.19,1.303,68983.51,25SEP26,160000,,P,BTC-25SEP26-160000-P
0.181,0.185,718.4,0.18259846,1780406840793,14.0,37.09,69628.66,BTC-25SEP26,68982.19,0.183,68983.51,25SEP26,80000,,P,BTC-25SEP26-80000-P
0.11,0.154,0.0,0.11650935,1780406840793,0.0,52.62,68982.19,index_price,68982.19,0.132,68983.51,4JUN26,77000,,P,BTC-4JUN26-77000-P
0.0014,0.0015,4431.0,0.00146709,1780406840793,1559.7,37.23,69099.81,BTC-26JUN26,68982.19,0.00145,68983.51,26JUN26,82000,,C,BTC-26JUN26-82000-C
0.0001,0.0004,749.7,0.0001892,1780406840793,0.0,56.38,69628.66,BTC-25SEP26,68982.19,0.00025,68983.51,25SEP26,180000,,C,BTC-25SEP26-180000-C
0.3335,0.341,14.0,0.33718319,1780406840793,0.0,41.85,70869.14,BTC-26MAR27,68982.19,0.33725,68983.51,26MAR27,90000,,P,BTC-26MAR27-90000-P
0.3,0.307,1671.6,0.30302806,1780406840793,17.9,44.46,69099.81,BTC-26JUN26,68982.19,0.3035,68983.51,26JUN26,90000,,P,BTC-26JUN26-90000-P
0.0065,0.0075,44.7,0.00703531,1780406840793,6.9,37.18,69423.43,BTC-28AUG26,68982.19,0.007,68983.51,28AUG26,90000,,C,BTC-28AUG26-90000-C
0.0125,0.013,5863.8,0.01290087,1780406840793,174.3,35.96,69259.19,BTC-31JUL26,68982.19,0.01275,68983.51,31JUL26,80000,,C,BTC-31JUL26-80000-C
0.0865,0.0885,279.8,0.08730024,1780406840793,2.3,46.15,70877.35,BTC-26MAR27,68982.19,0.0875,68983.51,26MAR27,60000,,P,BTC-26MAR27-60000-P
2.077,2.2995,0.2,2.18412016,1780406840793,0.0,86.38,69099.81,BTC-26JUN26,68982.19,2.18825,68983.51,26JUN26,220000,,P,BTC-26JUN26-220000-P
0.0002,0.0003,58.4,0.00025962,1780406840793,34.9,45.17,68982.19,index_price,68982.19,0.00025,68983.51,4JUN26,73500,,C,BTC-4JUN26-73500-C
0.1495,0.154,8.0,0.15265763,1780406840793,0.0,43.78,69259.19,BTC-31JUL26,68982.19,0.15175,68983.51,31JUL26,60000,,C,BTC-31JUL26-60000-C
0.372,0.3845,0.1,0.37747318,1780406840793,0.0,72.07,68973.91,BTC-5JUN26,68982.19,0.37825,68983.51,5JUN26,95000,,P,BTC-5JUN26-95000-P
0.015,0.0155,33.5,0.01539208,1780406840793,52.6,43.56,68973.91,BTC-5JUN26,68982.19,0.01525,68983.51,5JUN26,69000,,P,BTC-5JUN26-69000-P
0.165,0.167,218.2,0.16607216,1780406840793,0.5,43.7,70229.46,BTC-25DEC26,68982.19,0.166,68983.51,25DEC26,65000,,C,BTC-25DEC26-65000-C
0.003,0.0033,161.7,0.00309312,1780406840793,109.5,36.62,69037.69,BTC-19JUN26,68982.19,0.00315,68983.51,19JUN26,77000,,C,BTC-19JUN26-77000-C
0.051,0.054,20.9,0.05242703,1780406840793,0.0,39.84,68973.91,BTC-5JUN26,68982.19,0.0525,68983.51,5JUN26,72500,,P,BTC-5JUN26-72500-P
0.1995,0.2045,0.0,0.20273051,1780406840793,0.0,47.46,69259.19,BTC-31JUL26,68982.19,0.202,68983.51,31JUL26,56000,,C,BTC-31JUL26-56000-C
0.0008,0.0013,989.3,0.0010432,1780406840793,0.0,51.77,70229.46,BTC-25DEC26,68982.19,0.00105,68983.51,25DEC26,190000,,C,BTC-25DEC26-190000-C
0.5075,0.518,104.4,0.51179633,1780406840793,0.0,40.03,69621.0,BTC-25SEP26,68982.19,0.51275,68983.51,25SEP26,105000,,P,BTC-25SEP26-105000-P
0.019,0.0195,193.4,0.01905397,1780406840793,68.5,43.78,69259.19,BTC-31JUL26,68982.19,0.01925,68983.51,31JUL26,60000,,P,BTC-31JUL26-60000-P
0.0002,0.0003,605.2,0.00020684,1780406840793,37.4,55.76,68973.91,BTC-5JUN26,68982.19,0.00025,68983.51,5JUN26,77000,,C,BTC-5JUN26-77000-C
0.008,0.0085,3.4,0.00823182,1780406840793,3.4,48.24,68982.19,index_price,68982.19,0.00825,68983.51,6JUN26,67000,,P,BTC-6JUN26-67000-P
2.1655,2.399,0.0,2.27587101,1780406840793,0.0,55.89,70229.46,BTC-25DEC26,68982.19,2.28225,68983.51,25DEC26,230000,,P,BTC-25DEC26-230000-P
0.071,0.072,1594.6,0.07153435,1780406840793,12.4,38.56,69628.66,BTC-25SEP26,68982.19,0.0715,68983.51,25SEP26,72000,,C,BTC-25SEP26-72000-C
0.861,0.8775,21.9,0.86810759,1780406840793,0.0,45.7,69628.66,BTC-25SEP26,68982.19,0.86925,68983.51,25SEP26,130000,,P,BTC-25SEP26-130000-P
0.0895,0.091,1493.4,0.09029163,1780406840793,80.0,39.1,69621.0,BTC-25SEP26,68982.19,0.09025,68983.51,25SEP26,70000,,P,BTC-25SEP26-70000-P
0.0655,0.131,0.0,0.09481227,1780406840793,0.0,51.26,68982.19,index_price,68982.19,0.09825,68983.51,4JUN26,75500,,P,BTC-4JUN26-75500-P
0.1585,0.1615,97.7,0.16009045,1780406840793,0.1,67.15,68973.91,BTC-5JUN26,68982.19,0.16,68983.51,5JUN26,80000,,P,BTC-5JUN26-80000-P
0.006,0.007,1771.5,0.00656185,1780406840793,0.0,44.13,70877.35,BTC-26MAR27,68982.19,0.0065,68983.51,26MAR27,150000,,C,BTC-26MAR27-150000-C
0.0205,0.0215,2160.1,0.02110224,1780406840793,2.5,53.23,70229.46,BTC-25DEC26,68982.19,0.021,68983.51,25DEC26,45000,,P,BTC-25DEC26-45000-P
,0.0001,2507.2,4.473e-05,1780406840793,1.0,63.2,69099.81,BTC-26JUN26,68982.19,,68983.51,26JUN26,115000,,C,BTC-26JUN26-115000-C
0.008,0.009,2.4,0.00845332,1780406840793,2.4,42.74,68982.19,index_price,68982.19,0.0085,68983.51,4JUN26,69500,,C,BTC-4JUN26-69500-C
0.0001,0.0003,137.1,0.0001828,1780406840793,2.4,48.31,69018.59,BTC-12JUN26,68982.19,0.0002,68983.51,12JUN26,84000,,C,BTC-12JUN26-84000-C
0.0315,0.0325,2085.0,0.03229363,1780406840793,379.9,39.32,69099.81,BTC-26JUN26,68982.19,0.032,68983.51,26JUN26,68000,,P,BTC-26JUN26-68000-P
0.0011,0.0015,54.6,0.00138327,1780406840793,64.1,40.61,68982.19,index_price,68982.19,0.0013,68983.51,4JUN26,71500,,C,BTC-4JUN26-71500-C
3.4755,3.7995,0.0,3.6314475,1780406840793,0.0,99.84,69099.81,BTC-26JUN26,68982.19,3.6375,68983.51,26JUN26,320000,,P,BTC-26JUN26-320000-P
,0.0002,278.7,3.401e-05,1780406840793,1.0,58.65,69621.0,BTC-25SEP26,68982.19,,68983.51,25SEP26,220000,,C,BTC-25SEP26-220000-C
0.0325,0.034,19.1,0.0332422,1780406840793,0.0,41.78,70877.35,BTC-26MAR27,68982.19,0.03325,68983.51,26MAR27,106000,,C,BTC-26MAR27-106000-C
0.022,0.025,47.2,0.02355974,1780406840793,52.7,42.33,68974.53,index_price,68982.19,0.0235,68983.51,3JUN26,70500,,P,BTC-3JUN26-70500-P
0.0225,0.0235,116.4,0.02304434,1780406840793,102.3,36.5,69431.64,BTC-28AUG26,68982.19,0.023,68983.51,28AUG26,80000,,C,BTC-28AUG26-80000-C
0.005,0.0055,4075.4,0.005277,1780406840793,17.9,38.95,69628.66,BTC-25SEP26,68982.19,0.00525,68983.51,25SEP26,100000,,C,BTC-25SEP26-100000-C
0.046,0.048,28.4,0.04695506,1780406840793,0.1,41.66,70877.35,BTC-26MAR27,68982.19,0.047,68983.51,26MAR27,98000,,C,BTC-26MAR27-98000-C
0.088,0.0965,0.0,0.09219497,1780406840793,0.0,49.38,69026.25,BTC-12JUN26,68982.19,0.09225,68983.51,12JUN26,63000,,C,BTC-12JUN26-63000-C
,0.0001,8.0,1.4e-07,1780406840793,0.0,59.32,68982.19,index_price,68982.19,,68983.51,4JUN26,82000,,C,BTC-4JUN26-82000-C
0.0022,0.0025,287.5,0.00228721,1780406840793,11.7,38.46,69259.19,BTC-31JUL26,68982.19,0.00235,68983.51,31JUL26,92000,,C,BTC-31JUL26-92000-C
,0.0001,22.8,4.9e-07,1780406840793,3.3,59.32,68974.53,index_price,68982.19,,68983.51,3JUN26,76500,,C,BTC-3JUN26-76500-C
0.036,0.0375,3456.4,0.03665583,1780406840793,52.5,43.04,69621.0,BTC-25SEP26,68982.19,0.03675,68983.51,25SEP26,60000,,P,BTC-25SEP26-60000-P
,0.0002,1166.5,2.939e-05,1780406840793,31.3,67.37,68973.91,BTC-5JUN26,68982.19,,68983.51,5JUN26,82000,,C,BTC-5JUN26-82000-C
0.139,0.1415,380.2,0.14028132,1780406840794,7.7,42.12,70221.42,BTC-25DEC26,68982.19,0.14025,68983.51,25DEC26,72000,,P,BTC-25DEC26-72000-P
0.2765,0.2795,1.0,0.27824259,1780406840794,0.0,47.36,70877.35,BTC-26MAR27,68982.19,0.278,68983.51,26MAR27,56000,,C,BTC-26MAR27-56000-C
0.001,0.0011,1118.9,0.00101608,1780406840794,204.6,38.93,69099.81,BTC-26JUN26,68982.19,0.00105,68983.51,26JUN26,84000,,C,BTC-26JUN26-84000-C
0.019,0.02,582.8,0.01963394,1780406840794,764.3,40.68,69026.25,BTC-12JUN26,68982.19,0.0195,68983.51,12JUN26,68000,,P,BTC-12JUN26-68000-P
0.0815,0.086,1465.2,0.08359692,1780406840794,37.7,36.03,69099.81,BTC-26JUN26,68982.19,0.08375,68983.51,26JUN26,74000,,P,BTC-26JUN26-74000-P
0.034,0.035,26.3,0.03437675,1780406840794,0.6,41.51,69431.64,BTC-28AUG26,68982.19,0.0345,68983.51,28AUG26,62000,,P,BTC-28AUG26-62000-P
0.204,0.21,31.4,0.20653959,1780406840794,0.0,36.12,69259.19,BTC-31JUL26,68982.19,0.207,68983.51,31JUL26,83000,,P,BTC-31JUL26-83000-P
4.035,4.3995,0.3,4.21037844,1780406840794,0.0,102.24,69099.81,BTC-26JUN26,68982.19,4.21725,68983.51,26JUN26,360000,,P,BTC-26JUN26-360000-P
0.0037,0.004,4.1,0.00384056,1780406840794,4.2,54.26,68982.19,index_price,68982.19,0.00385,68983.51,6JUN26,65000,,P,BTC-6JUN26-65000-P
,0.0001,1222.2,4.95e-06,1780406840794,0.0,85.89,69091.6,BTC-26JUN26,68982.19,,68983.51,26JUN26,160000,,C,BTC-26JUN26-160000-C
0.0205,0.021,2359.4,0.0207228,1780406840794,352.7,36.69,69099.81,BTC-26JUN26,68982.19,0.02075,68983.51,26JUN26,72000,,C,BTC-26JUN26-72000-C
0.25,0.2525,39.7,0.2513395,1780406840794,0.0,46.8,70229.46,BTC-25DEC26,68982.19,0.25125,68983.51,25DEC26,56000,,C,BTC-25DEC26-56000-C
0.203,0.207,0.0,0.20504878,1780406840794,0.0,60.12,69037.69,BTC-19JUN26,68982.19,0.205,68983.51,19JUN26,55000,,C,BTC-19JUN26-55000-C
0.087,0.0905,30.2,0.08909525,1780406840794,0.0,43.32,69099.81,BTC-26JUN26,68982.19,0.08875,68983.51,26JUN26,64000,,C,BTC-26JUN26-64000-C
0.2905,0.2975,2.3,0.29388647,1780406840794,0.0,42.01,70877.35,BTC-26MAR27,68982.19,0.294,68983.51,26MAR27,86000,,P,BTC-26MAR27-86000-P
0.022,0.023,864.8,0.02253162,1780406840794,3.8,55.01,70877.35,BTC-26MAR27,68982.19,0.0225,68983.51,26MAR27,40000,,P,BTC-26MAR27-40000-P
,0.0001,813.7,0.0,1780406840794,0.0,89.15,69099.81,BTC-26JUN26,68982.19,,68983.51,26JUN26,230000,,C,BTC-26JUN26-230000-C
0.018,0.019,268.3,0.01853763,1780406840794,0.0,42.18,70877.35,BTC-26MAR27,68982.19,0.0185,68983.51,26MAR27,120000,,C,BTC-26MAR27-120000-C
0.1305,0.135,272.5,0.13238855,1780406840794,0.7,36.01,69259.19,BTC-31JUL26,68982.19,0.13275,68983.51,31JUL26,77000,,P,BTC-31JUL26-77000-P
1.9375,2.1495,0.0,2.03938744,1780406840794,0.0,86.33,69099.81,BTC-26JUN26,68982.19,2.0435,68983.51,26JUN26,210000,,P,BTC-26JUN26-210000-P
,0.0001,57.2,2.9e-07,1780406840794,0.0,60.97,68974.53,index_price,68982.19,,68983.51,3JUN26,77000,,C,BTC-3JUN26-77000-C
0.0225,0.0235,2987.1,0.02313743,1780406840794,546.1,41.18,68973.91,BTC-5JUN26,68982.19,0.023,68983.51,5JUN26,70000,,P,BTC-5JUN26-70000-P
,0.0002,824.3,0.00016676,1780406840794,1.5,58.55,69621.0,BTC-25SEP26,68982.19,,68983.51,25SEP26,190000,,C,BTC-25SEP26-190000-C
0.1285,0.1375,0.0,0.13104549,1780406840794,0.0,60.97,68974.53,index_price,68982.19,0.133,68983.51,3JUN26,78000,,P,BTC-3JUN26-78000-P
0.0155,0.0165,13.2,0.0161986,1780406840794,13.9,42.74,68982.19,index_price,68982.19,0.016,68983.51,4JUN26,69500,,P,BTC-4JUN26-69500-P
1.3775,1.55,1.9,1.46045799,1780406840794,0.0,85.89,69099.81,BTC-26JUN26,68982.19,1.46375,68983.51,26JUN26,170000,,P,BTC-26JUN26-170000-P
0.0675,0.0695,62.2,0.06841588,1780406840794,0.0,47.36,70877.35,BTC-26MAR27,68982.19,0.0685,68983.51,26MAR27,56000,,P,BTC-26MAR27-56000-P
0.272,0.283,0.0,0.27597601,1780406840794,0.0,72.07,68973.91,BTC-5JUN26,68982.19,0.2775,68983.51,5JUN26,88000,,P,BTC-5JUN26-88000-P
0.133,0.135,52.9,0.13430111,1780406840794,0.0,41.16,69628.66,BTC-25SEP26,68982.19,0.134,68983.51,25SEP26,64000,,C,BTC-25SEP26-64000-C
0.0014,0.0017,29.5,0.001535,1780406840794,36.8,60.99,68982.19,index_price,68982.19,0.00155,68983.51,4JUN26,65000,,P,BTC-4JUN26-65000-P
0.3555,0.3665,1.3,0.35913951,1780406840794,0.0,39.12,69259.19,BTC-31JUL26,68982.19,0.361,68983.51,31JUL26,94000,,P,BTC-31JUL26-94000-P
0.0001,0.0002,62.4,0.00014733,1780406840794,14.3,49.06,68982.19,index_price,68982.19,0.00015,68983.51,4JUN26,74500,,C,BTC-4JUN26-74500-C
0.0255,0.0265,17.4,0.02616771,1780406840794,16.4,37.99,69037.69,BTC-19JUN26,68982.19,0.026,68983.51,19JUN26,70000,,C,BTC-19JUN26-70000-C
0.0255,0.026,10.5,0.02582554,1780406840794,10.5,39.37,69018.59,BTC-12JUN26,68982.19,0.02575,68983.51,12JUN26,69000,,C,BTC-12JUN26-69000-C
0.081,0.0875,0.0,0.08379904,1780406840794,0.0,44.1,69045.35,BTC-19JUN26,68982.19,0.08425,68983.51,19JUN26,64000,,C,BTC-19JUN26-64000-C
0.0041,0.0044,15.4,0.00426453,1780406840794,15.2,51.78,68982.19,index_price,68982.19,0.00425,68983.51,4JUN26,67000,,P,BTC-4JUN26-67000-P
0.2165,0.2195,13.8,0.21798358,1780406840794,0.0,67.86,68973.91,BTC-5JUN26,68982.19,0.218,68983.51,5JUN26,84000,,P,BTC-5JUN26-84000-P
2.0535,2.2755,1.8,2.16001463,1780406840794,0.0,58.65,69621.0,BTC-25SEP26,68982.19,2.1645,68983.51,25SEP26,220000,,P,BTC-25SEP26-220000-P
0.0025,0.0028,35.3,0.00272414,1780406840794,52.7,39.81,68974.36,BTC-5JUN26,68982.19,0.00265,68983.51,5JUN26,71500,,C,BTC-5JUN26-71500-C
0.317,0.3205,59.9,0.31898295,1780406840794,0.0,49.89,70229.46,BTC-25DEC26,68982.19,0.31875,68983.51,25DEC26,50000,,C,BTC-25DEC26-50000-C
0.0005,0.0006,370.1,0.00052765,1780406840794,69.8,40.33,69018.59,BTC-12JUN26,68982.19,0.00055,68983.51,12JUN26,79000,,C,BTC-12JUN26-79000-C
,0.0002,551.2,5.851e-05,1780406840794,7.9,67.27,68973.91,BTC-5JUN26,68982.19,,68983.51,5JUN26,81000,,C,BTC-5JUN26-81000-C
0.011,0.012,409.8,0.0113671,1780406840794,160.1,47.46,69259.19,BTC-31JUL26,68982.19,0.0115,68983.51,31JUL26,56000,,P,BTC-31JUL26-56000-P
0.0037,0.0041,393.8,0.00386443,1780406840794,28.9,37.21,69259.19,BTC-31JUL26,68982.19,0.0039,68983.51,31JUL26,88000,,C,BTC-31JUL26-88000-C
0.005,0.0055,2380.1,0.00543092,1780406840794,44.5,60.43,69628.66,BTC-25SEP26,68982.19,0.00525,68983.51,25SEP26,40000,,P,BTC-25SEP26-40000-P
2.886,3.168,0.0,3.02180025,1780406840794,0.0,63.11,69628.66,BTC-25SEP26,68982.19,3.027,68983.51,25SEP26,280000,,P,BTC-25SEP26-280000-P
0.1145,0.12,130.6,0.11674497,1780406840794,2.0,38.42,69018.59,BTC-12JUN26,68982.19,0.11725,68983.51,12JUN26,77000,,P,BTC-12JUN26-77000-P
0.0007,0.0009,662.9,0.00081729,1780406840794,598.5,40.43,68973.91,BTC-5JUN26,68982.19,0.0008,68983.51,5JUN26,73000,,C,BTC-5JUN26-73000-C
1.028,1.175,4.6,1.09863347,1780406840794,0.0,79.3,69099.81,BTC-26JUN26,68982.19,1.1015,68983.51,26JUN26,145000,,P,BTC-26JUN26-145000-P
0.038,0.0415,29.2,0.03945703,1780406840794,30.2,39.81,68973.91,BTC-5JUN26,68982.19,0.03975,68983.51,5JUN26,71500,,P,BTC-5JUN26-71500-P
0.092,0.1285,0.0,0.09479533,1780406840794,0.0,55.6,68974.53,index_price,68982.19,0.11025,68983.51,3JUN26,75500,,P,BTC-3JUN26-75500-P
0.028,0.0285,80.2,0.02813074,1780406840794,80.3,41.48,69259.19,BTC-31JUL26,68982.19,0.02825,68983.51,31JUL26,63000,,P,BTC-31JUL26-63000-P
0.5825,0.597,1.1,0.5889581,1780406840794,0.0,47.17,69259.19,BTC-31JUL26,68982.19,0.58975,68983.51,31JUL26,110000,,P,BTC-31JUL26-110000-P
0.0008,0.0009,274.0,0.00089969,1780406840794,12.1,43.0,69259.19,BTC-31JUL26,68982.19,0.00085,68983.51,31JUL26,102000,,C,BTC-31JUL26-102000-C
0.0013,0.0016,279.4,0.00144882,1780406840794,65.7,39.96,69259.19,BTC-31JUL26,68982.19,0.00145,68983.51,31JUL26,96000,,C,BTC-31JUL26-96000-C
0.214,0.224,0.0,0.21725149,1780406840794,0.0,48.31,69018.59,BTC-12JUN26,68982.19,0.219,68983.51,12JUN26,84000,,P,BTC-12JUN26-84000-P
0.2505,0.2565,3.7,0.25307608,1780406840794,0.1,42.25,70877.35,BTC-26MAR27,68982.19,0.2535,68983.51,26MAR27,82000,,P,BTC-26MAR27-82000-P
0.173,0.1755,12.7,0.17443941,1780406840794,0.0,43.96,70229.46,BTC-25DEC26,68982.19,0.17425,68983.51,25DEC26,64000,,C,BTC-25DEC26-64000-C
0.3905,0.399,0.4,0.39429872,1780406840794,0.0,41.74,70869.14,BTC-26MAR27,68982.19,0.39475,68983.51,26MAR27,95000,,P,BTC-26MAR27-95000-P
0.012,0.013,132.9,0.01264994,1780406840794,137.9,44.33,68974.53,index_price,68982.19,0.0125,68983.51,3JUN26,69500,,P,BTC-3JUN26-69500-P
0.0004,0.0008,130.6,0.0005648,1780406840794,0.8,47.17,69250.98,BTC-31JUL26,68982.19,0.0006,68983.51,31JUL26,110000,,C,BTC-31JUL26-110000-C
0.028,0.0295,1331.3,0.02901251,1780406840794,0.5,40.22,70229.46,BTC-25DEC26,68982.19,0.02875,68983.51,25DEC26,95000,,C,BTC-25DEC26-95000-C
0.726,0.7435,0.0,0.7331552,1780406840794,0.0,52.06,69259.19,BTC-31JUL26,68982.19,0.73475,68983.51,31JUL26,120000,,P,BTC-31JUL26-120000-P
0.0075,0.0085,2172.9,0.00803136,1780406840794,122.1,38.06,69628.66,BTC-25SEP26,68982.19,0.008,68983.51,25SEP26,95000,,C,BTC-25SEP26-95000-C
0.4995,0.5015,15.1,0.50070629,1780406840794,0.0,66.85,69628.66,BTC-25SEP26,68982.19,0.5005,68983.51,25SEP26,35000,,C,BTC-25SEP26-35000-C
,0.0001,556.1,0.0,1780406840794,0.0,89.88,69099.81,BTC-26JUN26,68982.19,,68983.51,26JUN26,240000,,C,BTC-26JUN26-240000-C
2.303,2.5465,0.0,2.41826676,1780406840794,0.0,57.47,70229.46,BTC-25DEC26,68982.19,2.42475,68983.51,25DEC26,240000,,P,BTC-25DEC26-240000-P
0.247,0.255,0.0,0.24984822,1780406840794,0.0,36.58,69423.43,BTC-28AUG26,68982.19,0.251,68983.51,28AUG26,86000,,P,BTC-28AUG26-86000-P
0.273,0.277,23.4,0.27521625,1780406840794,0.0,40.49,70229.46,BTC-25DEC26,68982.19,0.275,68983.51,25DEC26,86000,,P,BTC-25DEC26-86000-P
0.0255,0.0265,6.2,0.02583712,1780406840794,0.2,36.47,69431.64,BTC-28AUG26,68982.19,0.026,68983.51,28AUG26,79000,,C,BTC-28AUG26-79000-C
,0.0002,1130.0,9.671e-05,1780406840794,0.4,58.55,69628.66,BTC-25SEP26,68982.19,,68983.51,25SEP26,200000,,C,BTC-25SEP26-200000-C
0.1505,0.155,3.6,0.1526353,1780406840794,0.0,36.55,69423.43,BTC-28AUG26,68982.19,0.15275,68983.51,28AUG26,78000,,P,BTC-28AUG26-78000-P
0.0685,0.077,0.0,0.07294985,1780406840794,0.0,65.63,68982.19,index_price,68982.19,0.07275,68983.51,4JUN26,64000,,C,BTC-4JUN26-64000-C
0.008,0.0085,69.6,0.00815719,1780406840794,110.4,41.18,68973.91,BTC-5JUN26,68982.19,0.00825,68983.51,5JUN26,70000,,C,BTC-5JUN26-70000-C
1.0475,1.214,1.6,1.12309746,1780406840794,1.6,44.13,70869.14,BTC-26MAR27,68982.19,1.13075,68983.51,26MAR27,150000,,P,BTC-26MAR27-150000-P
0.008,0.009,1648.7,0.00845363,1780406840794,306.0,54.59,69628.66,BTC-25SEP26,68982.19,0.0085,68983.51,25SEP26,45000,,P,BTC-25SEP26-45000-P
,0.0001,0.0,0.0,1780406840794,0.0,60.97,68974.53,index_price,68982.19,,68983.51,3JUN26,82000,,C,BTC-3JUN26-82000-C
0.027,0.0285,86.4,0.02788639,1780406840794,3.5,41.8,70877.35,BTC-26MAR27,68982.19,0.02775,68983.51,26MAR27,110000,,C,BTC-26MAR27-110000-C
0.0004,0.0008,477.8,0.00058154,1780406840794,0.0,50.23,69621.0,BTC-25SEP26,68982.19,0.0006,68983.51,25SEP26,145000,,C,BTC-25SEP26-145000-C
0.0145,0.0155,111.3,0.0150899,1780406840794,72.7,42.32,70877.35,BTC-26MAR27,68982.19,0.015,68983.51,26MAR27,125000,,C,BTC-26MAR27-125000-C
0.094,0.098,0.0,0.09608868,1780406840794,0.0,45.5,69045.35,BTC-19JUN26,68982.19,0.096,68983.51,19JUN26,63000,,C,BTC-19JUN26-63000-C
1.065,1.225,2.1,1.13876664,1780406840794,0.0,46.53,70221.42,BTC-25DEC26,68982.19,1.145,68983.51,25DEC26,150000,,P,BTC-25DEC26-150000-P
0.0002,0.0007,828.8,0.00038528,1780406840794,0.2,53.65,69628.66,BTC-25SEP26,68982.19,0.00045,68983.51,25SEP26,160000,,C,BTC-25SEP26-160000-C
0.041,0.046,0.0,0.04398691,1780406840794,0.0,66.65,68974.53,index_price,68982.19,0.0435,68983.51,3JUN26,66000,,C,BTC-3JUN26-66000-C
0.0013,0.0015,13.5,0.00133925,1780406840794,13.7,64.34,68982.19,index_price,68982.19,0.0014,68983.51,6JUN26,62000,,P,BTC-6JUN26-62000-P
0.1855,0.1915,207.3,0.18829992,1780406840794,0.2,37.23,69099.81,BTC-26JUN26,68982.19,0.1885,68983.51,26JUN26,82000,,P,BTC-26JUN26-82000-P
0.0235,0.025,186.4,0.02418166,1780406840794,0.0,40.25,70221.42,BTC-25DEC26,68982.19,0.02425,68983.51,25DEC26,98000,,C,BTC-25DEC26-98000-C
0.341,0.352,0.0,0.3449297,1780406840794,0.0,38.78,69259.19,BTC-31JUL26,68982.19,0.3465,68983.51,31JUL26,93000,,P,BTC-31JUL26-93000-P
0.0555,0.1185,0.0,0.08776865,1780406840794,0.0,43.23,68982.19,index_price,68982.19,0.087,68983.51,6JUN26,75000,,P,BTC-6JUN26-75000-P
0.547,0.558,0.0,0.55152629,1780406840794,0.0,40.71,70221.42,BTC-25DEC26,68982.19,0.5525,68983.51,25DEC26,108000,,P,BTC-25DEC26-108000-P
0.016,0.017,0.0,0.01643511,1780406840794,0.0,46.1,68982.19,index_price,68982.19,0.0165,68983.51,4JUN26,68500,,C,BTC-4JUN26-68500-C
0.017,0.0195,0.0,0.01842545,1780406840794,0.0,54.43,68974.53,index_price,68982.19,0.01825,68983.51,3JUN26,68000,,C,BTC-3JUN26-68000-C
0.355,0.365,0.0,0.35866348,1780406840794,0.0,38.16,69431.64,BTC-28AUG26,68982.19,0.36,68983.51,28AUG26,94000,,P,BTC-28AUG26-94000-P
0.018,0.019,621.7,0.01863132,1780406840794,24.0,37.1,69621.0,BTC-25SEP26,68982.19,0.0185,68983.51,25SEP26,86000,,C,BTC-25SEP26-86000-C
0.009,0.01,2593.1,0.00949771,1780406840794,23.2,41.44,70229.46,BTC-25DEC26,68982.19,0.0095,68983.51,25DEC26,115000,,C,BTC-25DEC26-115000-C
0.0315,0.0325,525.8,0.03196653,1780406840794,21.1,40.8,69259.19,BTC-31JUL26,68982.19,0.032,68983.51,31JUL26,64000,,P,BTC-31JUL26-64000-P
0.0018,0.0022,95.3,0.00201537,1780406840794,8.0,38.78,69259.19,BTC-31JUL26,68982.19,0.002,68983.51,31JUL26,93000,,C,BTC-31JUL26-93000-C
0.9775,1.0725,0.0,0.98446871,1780406840794,0.0,43.44,70877.35,BTC-26MAR27,68982.19,1.025,68983.51,26MAR27,140000,,P,BTC-26MAR27-140000-P
0.0315,0.04,0.0,0.03496329,1780406840794,0.0,39.64,68982.19,index_price,68982.19,0.03575,68983.51,6JUN26,71000,,P,BTC-6JUN26-71000-P
0.085,0.0925,0.0,0.08858991,1780406840794,0.0,61.02,68982.19,index_price,68982.19,0.08875,68983.51,6JUN26,63000,,C,BTC-6JUN26-63000-C
0.21,0.2145,933.3,0.21264532,1780406840794,0.9,41.25,70229.46,BTC-25DEC26,68982.19,0.21225,68983.51,25DEC26,80000,,P,BTC-25DEC26-80000-P
0.0245,0.0255,135.6,0.02485328,1780406840794,1.3,45.47,69628.66,BTC-25SEP26,68982.19,0.025,68983.51,25SEP26,56000,,P,BTC-25SEP26-56000-P
0.1485,0.152,83.2,0.14966722,1780406840794,15.5,43.84,70877.35,BTC-26MAR27,68982.19,0.15025,68983.51,26MAR27,70000,,P,BTC-26MAR27-70000-P
0.0645,0.0675,26.1,0.06600464,1780406840794,1.1,45.17,68982.19,index_price,68982.19,0.066,68983.51,4JUN26,73500,,P,BTC-4JUN26-73500-P
0.244,0.251,15.2,0.24707712,1780406840794,0.0,36.89,69259.19,BTC-31JUL26,68982.19,0.2475,68983.51,31JUL26,86000,,P,BTC-31JUL26-86000-P
0.0011,0.0013,57.7,0.00126866,1780406840794,61.6,42.33,68974.53,index_price,68982.19,0.0012,68983.51,3JUN26,70500,,C,BTC-3JUN26-70500-C
0.2055,0.208,0.5,0.20670441,1780406840794,0.2,45.16,70877.35,BTC-26MAR27,68982.19,0.20675,68983.51,26MAR27,64000,,C,BTC-26MAR27-64000-C
0.2305,0.234,157.8,0.23251195,1780406840794,0.0,40.91,70221.42,BTC-25DEC26,68982.19,0.23225,68983.51,25DEC26,82000,,P,BTC-25DEC26-82000-P
0.0285,0.0295,16.4,0.02912104,1780406840794,1.5,36.55,69431.64,BTC-28AUG26,68982.19,0.029,68983.51,28AUG26,78000,,C,BTC-28AUG26-78000-C
0.0004,0.0006,722.9,0.00043343,1780406840794,31.9,42.68,68973.91,BTC-5JUN26,68982.19,0.0005,68983.51,5JUN26,74000,,C,BTC-5JUN26-74000-C
0.007,0.008,5074.2,0.00750045,1780406840794,1492.0,48.9,69099.81,BTC-26JUN26,68982.19,0.0075,68983.51,26JUN26,60000,,P,BTC-26JUN26-60000-P
0.3175,0.3255,596.1,0.32097005,1780406840794,0.0,40.23,70221.42,BTC-25DEC26,68982.19,0.3215,68983.51,25DEC26,90000,,P,BTC-25DEC26-90000-P
0.0015,0.0018,44.9,0.00161434,1780406840794,0.0,39.57,69259.19,BTC-31JUL26,68982.19,0.00165,68983.51,31JUL26,95000,,C,BTC-31JUL26-95000-C
0.0055,0.006,20.4,0.00574805,1780406840794,0.2,37.7,69423.43,BTC-28AUG26,68982.19,0.00575,68983.51,28AUG26,92000,,C,BTC-28AUG26-92000-C
0.3385,0.342,11.8,0.34050643,1780406840794,0.0,49.56,70877.35,BTC-26MAR27,68982.19,0.34025,68983.51,26MAR27,50000,,C,BTC-26MAR27-50000-C
0.13,0.1345,0.0,0.13219631,1780406840794,0.0,37.03,69037.69,BTC-19JUN26,68982.19,0.13225,68983.51,19JUN26,78000,,P,BTC-19JUN26-78000-P
0.1415,0.1475,491.3,0.14385234,1780406840794,1.2,35.9,69259.19,BTC-31JUL26,68982.19,0.1445,68983.51,31JUL26,78000,,P,BTC-31JUL26-78000-P
0.162,0.1685,0.0,0.16375541,1780406840794,0.0,36.47,69423.43,BTC-28AUG26,68982.19,0.16525,68983.51,28AUG26,79000,,P,BTC-28AUG26-79000-P
1.4775,1.664,0.0,1.56456026,1780406840794,0.0,50.38,70221.42,BTC-25DEC26,68982.19,1.57075,68983.51,25DEC26,180000,,P,BTC-25DEC26-180000-P
0.2735,0.2805,0.0,0.27659245,1780406840794,0.0,37.1,69423.43,BTC-28AUG26,68982.19,0.277,68983.51,28AUG26,88000,,P,BTC-28AUG26-88000-P
,0.0001,1180.5,4.6e-07,1780406840794,0.0,85.89,69099.81,BTC-26JUN26,68982.19,,68983.51,26JUN26,180000,,C,BTC-26JUN26-180000-C
0.372,0.38,982.9,0.37520786,1780406840794,25.4,48.85,69099.81,BTC-26JUN26,68982.19,0.376,68983.51,26JUN26,95000,,P,BTC-26JUN26-95000-P
0.4115,0.424,0.1,0.41629399,1780406840794,0.0,40.77,69259.19,BTC-31JUL26,68982.19,0.41775,68983.51,31JUL26,98000,,P,BTC-31JUL26-98000-P
0.383,0.393,0.0,0.38665892,1780406840794,0.0,38.7,69423.43,BTC-28AUG26,68982.19,0.388,68983.51,28AUG26,96000,,P,BTC-28AUG26-96000-P
0.0105,0.0115,104.3,0.01110173,1780406840794,57.3,36.58,69423.43,BTC-28AUG26,68982.19,0.011,68983.51,28AUG26,86000,,C,BTC-28AUG26-86000-C
0.0095,0.01,2110.5,0.00966942,1780406840794,0.1,62.2,70229.46,BTC-25DEC26,68982.19,0.00975,68983.51,25DEC26,35000,,P,BTC-25DEC26-35000-P
0.109,0.113,215.6,0.11071153,1780406840794,5.1,36.25,69259.19,BTC-31JUL26,68982.19,0.111,68983.51,31JUL26,75000,,P,BTC-31JUL26-75000-P
0.021,0.022,32.5,0.02146284,1780406840794,34.6,40.57,69037.69,BTC-19JUN26,68982.19,0.0215,68983.51,19JUN26,67000,,P,BTC-19JUN26-67000-P
0.031,0.0325,0.0,0.03139201,1780406840794,0.0,46.71,68982.19,index_price,68982.19,0.03175,68983.51,6JUN26,67500,,C,BTC-6JUN26-67500-C
0.1565,0.1635,5.7,0.15951846,1780406840794,0.0,41.82,69018.59,BTC-12JUN26,68982.19,0.16,68983.51,12JUN26,80000,,P,BTC-12JUN26-80000-P
1.0825,1.2365,0.7,1.15501543,1780406840794,0.0,51.2,69628.66,BTC-25SEP26,68982.19,1.1595,68983.51,25SEP26,150000,,P,BTC-25SEP26-150000-P
0.0455,0.047,1918.9,0.0460183,1780406840794,8.3,49.56,70877.35,BTC-26MAR27,68982.19,0.04625,68983.51,26MAR27,50000,,P,BTC-26MAR27-50000-P
0.0865,0.0895,370.7,0.08777925,1780406840794,1.2,46.57,68973.91,BTC-5JUN26,68982.19,0.088,68983.51,5JUN26,75000,,P,BTC-5JUN26-75000-P
0.0025,0.003,173.0,0.00268859,1780406840794,0.4,47.95,70877.35,BTC-26MAR27,68982.19,0.00275,68983.51,26MAR27,190000,,C,BTC-26MAR27-190000-C
0.0032,0.0034,1800.7,0.00329466,1780406840794,284.8,57.19,69099.81,BTC-26JUN26,68982.19,0.0033,68983.51,26JUN26,55000,,P,BTC-26JUN26-55000-P
0.1195,0.1235,480.9,0.12133926,1780406840794,0.2,36.13,69250.98,BTC-31JUL26,68982.19,0.1215,68983.51,31JUL26,76000,,P,BTC-31JUL26-76000-P
0.0115,0.013,2880.7,0.01225349,1780406840794,3.2,40.95,70229.46,BTC-25DEC26,68982.19,0.01225,68983.51,25DEC26,110000,,C,BTC-25DEC26-110000-C
0.0007,0.0008,354.4,0.00079786,1780406840794,0.0,44.11,69259.19,BTC-31JUL26,68982.19,0.00075,68983.51,31JUL26,104000,,C,BTC-31JUL26-104000-C
0.2285,0.2385,0.0,0.23174094,1780406840794,0.0,42.69,69037.69,BTC-19JUN26,68982.19,0.2335,68983.51,19JUN26,85000,,P,BTC-19JUN26-85000-P
0.2765,0.285,4.7,0.27943652,1780406840794,0.0,37.3,69621.0,BTC-25SEP26,68982.19,0.28075,68983.51,25SEP26,88000,,P,BTC-25SEP26-88000-P
2.3565,2.5995,0.1,2.47358563,1780406840794,0.0,89.88,69099.81,BTC-26JUN26,68982.19,2.478,68983.51,26JUN26,240000,,P,BTC-26JUN26-240000-P
0.1335,0.1375,0.0,0.13541688,1780406840795,0.0,50.38,69037.69,BTC-19JUN26,68982.19,0.1355,68983.51,19JUN26,60000,,C,BTC-19JUN26-60000-C
0.1415,0.186,0.0,0.14554604,1780406840795,0.0,60.97,68974.53,index_price,68982.19,0.16375,68983.51,3JUN26,79000,,P,BTC-3JUN26-79000-P
0.1955,0.2005,14.3,0.19778661,1780406840795,0.0,42.93,70877.35,BTC-26MAR27,68982.19,0.198,68983.51,26MAR27,76000,,P,BTC-26MAR27-76000-P
0.0495,0.05,852.7,0.04948277,1780406840795,33.2,37.62,69628.66,BTC-25SEP26,68982.19,0.04975,68983.51,25SEP26,76000,,C,BTC-25SEP26-76000-C
0.1575,0.1635,0.0,0.16018045,1780406840795,0.0,38.29,69037.69,BTC-19JUN26,68982.19,0.1605,68983.51,19JUN26,80000,,P,BTC-19JUN26-80000-P
0.0475,0.0485,1108.2,0.04811104,1780406840795,14.5,39.32,69099.81,BTC-26JUN26,68982.19,0.048,68983.51,26JUN26,68000,,C,BTC-26JUN26-68000-C
0.009,0.01,18.5,0.00968046,1780406840795,18.7,46.1,68982.19,index_price,68982.19,0.0095,68983.51,4JUN26,68500,,P,BTC-4JUN26-68500-P
0.0023,0.0025,1616.5,0.00241211,1780406840795,52.3,40.74,69628.66,BTC-25SEP26,68982.19,0.0024,68983.51,25SEP26,110000,,C,BTC-25SEP26-110000-C
0.064,0.0655,189.5,0.06477709,1780406840795,1.5,40.91,70221.42,BTC-25DEC26,68982.19,0.06475,68983.51,25DEC26,82000,,C,BTC-25DEC26-82000-C
0.0001,0.0002,1532.8,0.0001527,1780406840795,0.1,59.07,69091.6,BTC-26JUN26,68982.19,0.00015,68983.51,26JUN26,105000,,C,BTC-26JUN26-105000-C
,0.0002,34.0,1.457e-05,1780406840795,0.3,52.62,68982.19,index_price,68982.19,,68983.51,4JUN26,77000,,C,BTC-4JUN26-77000-C
0.057,0.06,702.0,0.05809622,1780406840795,77.7,36.77,69037.69,BTC-19JUN26,68982.19,0.0585,68983.51,19JUN26,72000,,P,BTC-19JUN26-72000-P
0.022,0.0225,2616.6,0.02237148,1780406840795,10.9,46.03,69628.66,BTC-25SEP26,68982.19,0.02225,68983.51,25SEP26,55000,,P,BTC-25SEP26-55000-P
0.018,0.019,2888.5,0.01853458,1780406840795,563.5,42.15,69099.81,BTC-26JUN26,68982.19,0.0185,68983.51,26JUN26,65000,,P,BTC-26JUN26-65000-P
0.85,0.864,52.1,0.85634688,1780406840795,0.0,43.52,70229.46,BTC-25DEC26,68982.19,0.857,68983.51,25DEC26,130000,,P,BTC-25DEC26-130000-P
0.0145,0.016,192.0,0.01519617,1780406840795,53.6,40.62,70221.42,BTC-25DEC26,68982.19,0.01525,68983.51,25DEC26,106000,,C,BTC-25DEC26-106000-C
0.578,0.5805,245.8,0.57879732,1780406840795,0.0,67.02,70229.46,BTC-25DEC26,68982.19,0.57925,68983.51,25DEC26,30000,,C,BTC-25DEC26-30000-C
0.0011,0.0015,919.4,0.00123984,1780406840795,5.2,50.38,70229.46,BTC-25DEC26,68982.19,0.0013,68983.51,25DEC26,180000,,C,BTC-25DEC26-180000-C
0.025,0.026,98.9,0.02556054,1780406840795,111.3,39.37,69018.59,BTC-12JUN26,68982.19,0.0255,68983.51,12JUN26,69000,,P,BTC-12JUN26-69000-P
0.052,0.053,304.7,0.05258667,1780406840795,13.0,38.62,69259.19,BTC-31JUL26,68982.19,0.0525,68983.51,31JUL26,68000,,P,BTC-31JUL26-68000-P
0.122,0.1235,107.7,0.12263994,1780406840795,2.3,38.06,69621.0,BTC-25SEP26,68982.19,0.12275,68983.51,25SEP26,74000,,P,BTC-25SEP26-74000-P
0.52,0.531,0.1,0.52470709,1780406840795,0.0,40.62,70221.42,BTC-25DEC26,68982.19,0.5255,68983.51,25DEC26,106000,,P,BTC-25DEC26-106000-P
0.2215,0.2295,0.0,0.22420998,1780406840795,0.0,36.57,69423.43,BTC-28AUG26,68982.19,0.2255,68983.51,28AUG26,84000,,P,BTC-28AUG26-84000-P
0.3125,0.319,0.2,0.3151248,1780406840795,0.0,41.88,70869.14,BTC-26MAR27,68982.19,0.31575,68983.51,26MAR27,88000,,P,BTC-26MAR27-88000-P
2.217,2.4495,6.4,2.32885289,1780406840795,0.0,89.15,69099.81,BTC-26JUN26,68982.19,2.33325,68983.51,26JUN26,230000,,P,BTC-26JUN26-230000-P
1.098,1.25,2.3,1.17100021,1780406840795,0.0,82.82,69099.81,BTC-26JUN26,68982.19,1.174,68983.51,26JUN26,150000,,P,BTC-26JUN26-150000-P
,0.0002,1313.6,9.395e-05,1780406840795,12.6,61.98,69091.6,BTC-26JUN26,68982.19,,68983.51,26JUN26,110000,,C,BTC-26JUN26-110000-C
0.111,0.115,12.3,0.11331133,1780406840795,0.5,45.93,69099.81,BTC-26JUN26,68982.19,0.113,68983.51,26JUN26,62000,,C,BTC-26JUN26-62000-C
0.0005,0.0007,18.2,0.00061131,1780406840795,17.3,41.8,68973.91,BTC-5JUN26,68982.19,0.0006,68983.51,5JUN26,73500,,C,BTC-5JUN26-73500-C
0.0032,0.0036,133.0,0.00336798,1780406840795,3.7,37.49,69259.19,BTC-31JUL26,68982.19,0.0034,68983.51,31JUL26,89000,,C,BTC-31JUL26-89000-C
,0.0001,651.0,8.83e-06,1780406840795,0.0,79.3,69099.81,BTC-26JUN26,68982.19,,68983.51,26JUN26,145000,,C,BTC-26JUN26-145000-C
,0.0001,198.4,0.0,1780406840795,0.0,91.06,69099.81,BTC-26JUN26,68982.19,,68983.51,26JUN26,260000,,C,BTC-26JUN26-260000-C
0.074,0.0755,664.5,0.0749966,1780406840795,41.9,44.55,70229.46,BTC-25DEC26,68982.19,0.07475,68983.51,25DEC26,62000,,P,BTC-25DEC26-62000-P
0.3605,0.3635,148.4,0.36209396,1780406840795,0.4,54.59,69628.66,BTC-25SEP26,68982.19,0.362,68983.51,25SEP26,45000,,C,BTC-25SEP26-45000-C
0.2285,0.238,0.0,0.23170919,1780406840795,0.0,49.78,69018.59,BTC-12JUN26,68982.19,0.23325,68983.51,12JUN26,85000,,P,BTC-12JUN26-85000-P
0.1395,0.184,0.0,0.14550032,1780406840795,0.0,59.12,68982.19,index_price,68982.19,0.16175,68983.51,4JUN26,79000,,P,BTC-4JUN26-79000-P
0.002,0.0024,311.0,0.00220321,1780406840795,11.4,48.7,70877.35,BTC-26MAR27,68982.19,0.0022,68983.51,26MAR27,200000,,C,BTC-26MAR27-200000-C
0.013,0.014,14.8,0.01350399,1780406840795,15.7,41.77,68982.19,index_price,68982.19,0.0135,68983.51,6JUN26,69500,,C,BTC-6JUN26-69500-C
0.3835,0.395,0.1,0.38768297,1780406840795,0.0,39.96,69259.19,BTC-31JUL26,68982.19,0.38925,68983.51,31JUL26,96000,,P,BTC-31JUL26-96000-P
,0.0001,4041.0,1.89e-05,1780406840795,36.1,144.1,69099.81,BTC-26JUN26,68982.19,,68983.51,26JUN26,20000,,P,BTC-26JUN26-20000-P
0.99,1.0655,0.2,0.99715182,1780406840795,0.0,44.77,70229.46,BTC-25DEC26,68982.19,1.02775,68983.51,25DEC26,140000,,P,BTC-25DEC26-140000-P
0.7895,0.8055,21.6,0.79654359,1780406840795,0.0,44.69,69628.66,BTC-25SEP26,68982.19,0.7975,68983.51,25SEP26,125000,,P,BTC-25SEP26-125000-P
0.171,0.178,0.1,0.17390791,1780406840795,0.0,43.11,69018.59,BTC-12JUN26,68982.19,0.1745,68983.51,12JUN26,81000,,P,BTC-12JUN26-81000-P
0.0245,0.0255,125.0,0.02508937,1780406840795,130.2,40.79,68982.19,index_price,68982.19,0.025,68983.51,6JUN26,70000,,P,BTC-6JUN26-70000-P
0.3275,0.3375,1.0,0.33091871,1780406840795,0.0,37.7,69423.43,BTC-28AUG26,68982.19,0.3325,68983.51,28AUG26,92000,,P,BTC-28AUG26-92000-P
0.474,0.5145,0.0,0.47883718,1780406840795,0.0,41.75,70877.35,BTC-26MAR27,68982.19,0.49425,68983.51,26MAR27,102000,,P,BTC-26MAR27-102000-P
0.12,0.1235,24.3,0.12151036,1780406840795,0.0,36.93,69423.43,BTC-28AUG26,68982.19,0.12175,68983.51,28AUG26,75000,,P,BTC-28AUG26-75000-P
0.0002,0.0003,1014.6,0.00025687,1780406840795,344.4,51.54,68973.91,BTC-5JUN26,68982.19,0.00025,68983.51,5JUN26,76000,,C,BTC-5JUN26-76000-C
0.205,0.2085,220.5,0.20726462,1780406840795,0.0,57.19,69099.81,BTC-26JUN26,68982.19,0.20675,68983.51,26JUN26,55000,,C,BTC-26JUN26-55000-C
0.0505,0.052,60.7,0.05139061,1780406840795,0.0,41.69,70877.35,BTC-26MAR27,68982.19,0.05125,68983.51,26MAR27,96000,,C,BTC-26MAR27-96000-C
0.41,0.419,0.1,0.41391142,1780406840795,0.0,38.66,69628.66,BTC-25SEP26,68982.19,0.4145,68983.51,25SEP26,98000,,P,BTC-25SEP26-98000-P
0.4295,0.432,31.4,0.43088899,1780406840795,0.0,60.43,69628.66,BTC-25SEP26,68982.19,0.43075,68983.51,25SEP26,40000,,C,BTC-25SEP26-40000-C
0.032,0.033,0.6,0.03273125,1780406840795,0.1,36.64,69431.64,BTC-28AUG26,68982.19,0.0325,68983.51,28AUG26,77000,,C,BTC-28AUG26-77000-C
0.0645,0.0685,7.1,0.06669937,1780406840795,4.1,45.25,69018.59,BTC-12JUN26,68982.19,0.0665,68983.51,12JUN26,65000,,C,BTC-12JUN26-65000-C
0.0003,0.0006,320.2,0.00039226,1780406840795,0.0,51.97,69621.0,BTC-25SEP26,68982.19,0.00045,68983.51,25SEP26,155000,,C,BTC-25SEP26-155000-C
0.197,0.2045,0.0,0.19934801,1780406840795,0.0,36.55,69423.43,BTC-28AUG26,68982.19,0.20075,68983.51,28AUG26,82000,,P,BTC-28AUG26-82000-P
0.032,0.033,3471.8,0.03248721,1780406840795,396.3,37.78,69099.81,BTC-26JUN26,68982.19,0.0325,68983.51,26JUN26,70000,,C,BTC-26JUN26-70000-C
0.011,0.0115,175.8,0.01129133,1780406840795,63.6,43.66,69026.25,BTC-12JUN26,68982.19,0.01125,68983.51,12JUN26,66000,,P,BTC-12JUN26-66000-P
0.124,0.126,1082.9,0.12525564,1780406840795,500.8,42.59,70229.46,BTC-25DEC26,68982.19,0.125,68983.51,25DEC26,70000,,P,BTC-25DEC26-70000-P
0.076,0.077,600.4,0.07645686,1780406840795,53.4,39.7,69628.66,BTC-25SEP26,68982.19,0.0765,68983.51,25SEP26,68000,,P,BTC-25SEP26-68000-P
0.0005,0.0007,102.1,0.00059692,1780406840795,194.8,42.5,68974.53,index_price,68982.19,0.0006,68983.51,3JUN26,71000,,C,BTC-3JUN26-71000-C
0.058,0.061,554.0,0.05931688,1780406840795,9.1,40.43,68973.91,BTC-5JUN26,68982.19,0.0595,68983.51,5JUN26,73000,,P,BTC-5JUN26-73000-P
0.0003,0.0005,1338.0,0.00040542,1780406840795,605.8,41.82,69026.25,BTC-12JUN26,68982.19,0.0004,68983.51,12JUN26,80000,,C,BTC-12JUN26-80000-C
0.0055,0.0065,623.5,0.00601038,1780406840795,2.7,42.63,70229.46,BTC-25DEC26,68982.19,0.006,68983.51,25DEC26,125000,,C,BTC-25DEC26-125000-C
0.053,0.0545,72.3,0.05382618,1780406840795,0.2,41.74,70869.14,BTC-26MAR27,68982.19,0.05375,68983.51,26MAR27,95000,,C,BTC-26MAR27-95000-C
0.1275,0.1295,1017.7,0.12840881,1780406840795,447.8,42.59,70229.46,BTC-25DEC26,68982.19,0.1285,68983.51,25DEC26,70000,,C,BTC-25DEC26-70000-C
0.0145,0.0155,207.9,0.01503679,1780406840795,35.0,35.9,69259.19,BTC-31JUL26,68982.19,0.015,68983.51,31JUL26,79000,,C,BTC-31JUL26-79000-C
0.006,0.0065,1626.0,0.00601739,1780406840795,5.8,67.02,70221.42,BTC-25DEC26,68982.19,0.00625,68983.51,25DEC26,30000,,P,BTC-25DEC26-30000-P
0.0005,0.0009,1116.8,0.00068473,1780406840795,0.3,49.05,69628.66,BTC-25SEP26,68982.19,0.0007,68983.51,25SEP26,140000,,C,BTC-25SEP26-140000-C
0.0205,0.022,2426.6,0.02137876,1780406840795,90.0,40.26,70221.42,BTC-25DEC26,68982.19,0.02125,68983.51,25DEC26,100000,,C,BTC-25DEC26-100000-C
0.041,0.0495,0.0,0.04553539,1780406840795,0.0,56.31,68982.19,index_price,68982.19,0.04525,68983.51,4JUN26,66000,,C,BTC-4JUN26-66000-C
1.4985,1.6815,7.3,1.58562789,1780406840795,0.0,56.38,69628.66,BTC-25SEP26,68982.19,1.59,68983.51,25SEP26,180000,,P,BTC-25SEP26-180000-P
0.0995,0.103,148.1,0.10070944,1780406840795,3.7,36.49,69250.98,BTC-31JUL26,68982.19,0.10125,68983.51,31JUL26,74000,,P,BTC-31JUL26-74000-P
0.2305,0.2375,21.8,0.23344319,1780406840795,5.1,36.64,69259.19,BTC-31JUL26,68982.19,0.234,68983.51,31JUL26,85000,,P,BTC-31JUL26-85000-P
0.097,0.0995,85.0,0.09802689,1780406840795,0.0,45.61,70877.35,BTC-26MAR27,68982.19,0.09825,68983.51,26MAR27,62000,,P,BTC-26MAR27-62000-P
0.0665,0.0705,110.8,0.06864124,1780406840795,5.5,36.39,69037.69,BTC-19JUN26,68982.19,0.0685,68983.51,19JUN26,73000,,P,BTC-19JUN26-73000-P
0.202,0.205,6.2,0.20349156,1780406840795,0.0,67.69,68973.91,BTC-5JUN26,68982.19,0.2035,68983.51,5JUN26,83000,,P,BTC-5JUN26-83000-P
0.465,0.4765,0.4,0.46955296,1780406840795,0.0,39.29,69628.66,BTC-25SEP26,68982.19,0.47075,68983.51,25SEP26,102000,,P,BTC-25SEP26-102000-P
,0.0001,308.5,0.0,1780406840795,0.0,95.76,69099.81,BTC-26JUN26,68982.19,,68983.51,26JUN26,300000,,C,BTC-26JUN26-300000-C
0.0595,0.062,0.0,0.06105923,1780406840795,0.0,41.62,69037.69,BTC-19JUN26,68982.19,0.06075,68983.51,19JUN26,66000,,C,BTC-19JUN26-66000-C
,0.0001,13.3,1.243e-05,1780406840795,1.5,57.43,68982.19,index_price,68982.19,,68983.51,4JUN26,78000,,C,BTC-4JUN26-78000-C
0.027,0.03,14.2,0.02793321,1780406840795,17.7,40.17,68973.91,BTC-5JUN26,68982.19,0.0285,68983.51,5JUN26,70500,,P,BTC-5JUN26-70500-P
0.0001,0.0002,73.1,0.00017122,1780406840795,117.9,52.38,68974.53,index_price,68982.19,0.00015,68983.51,3JUN26,72500,,C,BTC-3JUN26-72500-C
0.0715,0.0785,0.0,0.0748845,1780406840795,0.0,57.63,68982.19,index_price,68982.19,0.075,68983.51,6JUN26,64000,,C,BTC-6JUN26-64000-C
0.0155,0.0165,829.0,0.01599118,1780406840795,26.4,40.5,70229.46,BTC-25DEC26,68982.19,0.016,68983.51,25DEC26,105000,,C,BTC-25DEC26-105000-C
,0.0001,33.5,3.794e-05,1780406840795,16.0,51.33,68982.19,index_price,68982.19,,68983.51,4JUN26,76000,,C,BTC-4JUN26-76000-C
0.011,0.0115,14.7,0.01122549,1780406840795,14.7,42.32,68973.91,BTC-5JUN26,68982.19,0.01125,68983.51,5JUN26,69500,,C,BTC-5JUN26-69500-C
0.0555,0.0575,129.3,0.05658853,1780406840795,2.5,45.99,70229.46,BTC-25DEC26,68982.19,0.0565,68983.51,25DEC26,58000,,P,BTC-25DEC26-58000-P
0.1535,0.1595,172.9,0.15579197,1780406840795,0.0,35.9,69259.19,BTC-31JUL26,68982.19,0.1565,68983.51,31JUL26,79000,,P,BTC-31JUL26-79000-P
0.098,0.1065,0.0,0.10253181,1780406840795,0.0,64.34,68982.19,index_price,68982.19,0.10225,68983.51,6JUN26,62000,,C,BTC-6JUN26-62000-C
0.0325,0.0335,1656.6,0.03301034,1780406840795,168.6,38.43,69018.59,BTC-12JUN26,68982.19,0.033,68983.51,12JUN26,70000,,P,BTC-12JUN26-70000-P
1.013,1.1625,0.2,1.08329605,1780406840795,0.0,50.23,69621.0,BTC-25SEP26,68982.19,1.08775,68983.51,25SEP26,145000,,P,BTC-25SEP26-145000-P
0.0048,0.0055,505.3,0.00499649,1780406840795,505.4,49.38,69026.25,BTC-12JUN26,68982.19,0.00515,68983.51,12JUN26,63000,,P,BTC-12JUN26-63000-P
0.1285,0.134,70.4,0.13089258,1780406840795,0.0,39.36,69018.59,BTC-12JUN26,68982.19,0.13125,68983.51,12JUN26,78000,,P,BTC-12JUN26-78000-P
0.51,0.5195,0.0,0.51428582,1780406840795,0.0,41.49,69431.64,BTC-28AUG26,68982.19,0.51475,68983.51,28AUG26,105000,,P,BTC-28AUG26-105000-P
,0.0001,1131.0,4.526e-05,1780406840795,28.0,54.83,69018.59,BTC-12JUN26,68982.19,,68983.51,12JUN26,90000,,C,BTC-12JUN26-90000-C
0.3655,0.3735,5.2,0.36944897,1780406840795,0.0,40.21,70229.46,BTC-25DEC26,68982.19,0.3695,68983.51,25DEC26,94000,,P,BTC-25DEC26-94000-P
0.041,0.042,289.2,0.04119763,1780406840795,56.1,39.62,69259.19,BTC-31JUL26,68982.19,0.0415,68983.51,31JUL26,66000,,P,BTC-31JUL26-66000-P
0.0005,0.0009,226.6,0.00070212,1780406840795,0.0,55.74,70221.42,BTC-25DEC26,68982.19,0.0007,68983.51,25DEC26,220000,,C,BTC-25DEC26-220000-C
0.0675,0.1325,0.0,0.10206946,1780406840795,0.0,45.22,68982.19,index_price,68982.19,0.1,68983.51,6JUN26,76000,,P,BTC-6JUN26-76000-P
0.1045,0.1065,924.2,0.10515757,1780406840795,1.1,42.48,70877.35,BTC-26MAR27,68982.19,0.1055,68983.51,26MAR27,80000,,C,BTC-26MAR27-80000-C
1.4295,1.6075,0.2,1.51383738,1780406840795,0.0,55.57,69628.66,BTC-25SEP26,68982.19,1.5185,68983.51,25SEP26,175000,,P,BTC-25SEP26-175000-P
,0.0001,53.1,5.69e-06,1780406840795,8.0,59.12,68982.19,index_price,68982.19,,68983.51,4JUN26,79000,,C,BTC-4JUN26-79000-C
0.048,0.0495,72.6,0.04881697,1780406840795,0.3,46.8,70229.46,BTC-25DEC26,68982.19,0.04875,68983.51,25DEC26,56000,,P,BTC-25DEC26-56000-P
0.0405,0.0415,1.7,0.04120818,1780406840795,0.7,36.93,69431.64,BTC-28AUG26,68982.19,0.041,68983.51,28AUG26,75000,,C,BTC-28AUG26-75000-C
0.03,0.0315,75.4,0.03082608,1780406840795,0.8,40.21,70229.46,BTC-25DEC26,68982.19,0.03075,68983.51,25DEC26,94000,,C,BTC-25DEC26-94000-C
0.017,0.0175,0.7,0.01718415,1780406840795,0.7,42.72,68982.19,index_price,68982.19,0.01725,68983.51,6JUN26,69000,,C,BTC-6JUN26-69000-C
0.0565,0.058,113.9,0.05729849,1780406840795,114.0,37.6,69431.64,BTC-28AUG26,68982.19,0.05725,68983.51,28AUG26,72000,,C,BTC-28AUG26-72000-C
0.2185,0.222,9.2,0.22049457,1780406840795,1.0,45.47,69628.66,BTC-25SEP26,68982.19,0.22025,68983.51,25SEP26,56000,,C,BTC-25SEP26-56000-C
0.1525,0.155,14.3,0.15385068,1780406840795,1.0,42.03,69621.0,BTC-25SEP26,68982.19,0.15375,68983.51,25SEP26,62000,,C,BTC-25SEP26-62000-C
0.0145,0.015,390.4,0.01467329,1780406840795,317.2,45.51,69259.19,BTC-31JUL26,68982.19,0.01475,68983.51,31JUL26,58000,,P,BTC-31JUL26-58000-P
,0.0001,32.9,1.34e-06,1780406840795,29.0,55.6,68974.53,index_price,68982.19,,68983.51,3JUN26,75500,,C,BTC-3JUN26-75500-C
0.078,0.0805,0.0,0.07916178,1780406840795,0.0,39.12,69259.19,BTC-31JUL26,68982.19,0.07925,68983.51,31JUL26,67000,,C,BTC-31JUL26-67000-C
0.0845,0.0855,1276.3,0.08484325,1780406840795,133.6,39.1,69628.66,BTC-25SEP26,68982.19,0.085,68983.51,25SEP26,70000,,C,BTC-25SEP26-70000-C
2.6085,2.8705,0.0,2.73453253,1780406840795,0.0,61.4,69628.66,BTC-25SEP26,68982.19,2.7395,68983.51,25SEP26,260000,,P,BTC-25SEP26-260000-P
,0.0001,176.0,2.73e-06,1780406840795,0.0,85.89,69099.81,BTC-26JUN26,68982.19,,68983.51,26JUN26,165000,,C,BTC-26JUN26-165000-C
0.14,0.1445,3.8,0.14184149,1780406840795,0.5,36.64,69423.43,BTC-28AUG26,68982.19,0.14225,68983.51,28AUG26,77000,,P,BTC-28AUG26-77000-P
0.1475,0.2015,0.0,0.15999634,1780406840795,0.0,59.23,68982.19,index_price,68982.19,0.1745,68983.51,4JUN26,80000,,P,BTC-4JUN26-80000-P
0.0045,0.0048,994.0,0.0045984,1780406840795,940.6,50.38,69037.69,BTC-19JUN26,68982.19,0.00465,68983.51,19JUN26,60000,,P,BTC-19JUN26-60000-P
0.022,0.0225,1320.7,0.02240565,1780406840795,247.6,41.17,69099.81,BTC-26JUN26,68982.19,0.02225,68983.51,26JUN26,66000,,P,BTC-26JUN26-66000-P
0.574,0.5855,53.3,0.57872708,1780406840795,0.0,40.95,70221.42,BTC-25DEC26,68982.19,0.57975,68983.51,25DEC26,110000,,P,BTC-25DEC26-110000-P
0.058,0.0595,1.5,0.05860823,1780406840795,0.8,39.19,69423.43,BTC-28AUG26,68982.19,0.05875,68983.51,28AUG26,67000,,P,BTC-28AUG26-67000-P
0.0004,0.0006,87.8,0.00048395,1780406840795,86.6,72.24,68974.53,index_price,68982.19,0.0005,68983.51,3JUN26,65000,,P,BTC-3JUN26-65000-P
0.144,0.147,86.8,0.14561513,1780406840795,0.1,63.54,68973.91,BTC-5JUN26,68982.19,0.1455,68983.51,5JUN26,79000,,P,BTC-5JUN26-79000-P
0.008,0.009,30.1,0.00835635,1780406840795,31.4,46.96,68974.53,index_price,68982.19,0.0085,68983.51,3JUN26,69000,,C,BTC-3JUN26-69000-C
0.78,0.794,8.5,0.78609401,1780406840795,0.0,42.63,70229.46,BTC-25DEC26,68982.19,0.787,68983.51,25DEC26,125000,,P,BTC-25DEC26-125000-P
0.4395,0.4525,0.0,0.44497225,1780406840795,0.0,41.62,69250.98,BTC-31JUL26,68982.19,0.446,68983.51,31JUL26,100000,,P,BTC-31JUL26-100000-P
0.0026,0.0028,108.2,0.00268572,1780406840796,108.5,57.63,68982.19,index_price,68982.19,0.0027,68983.51,6JUN26,64000,,P,BTC-6JUN26-64000-P
0.0435,0.0465,28.8,0.04480675,1780406840796,42.0,40.66,68982.19,index_price,68982.19,0.045,68983.51,4JUN26,72000,,P,BTC-4JUN26-72000-P
0.525,0.5385,0.0,0.53127291,1780406840796,0.0,44.59,69250.98,BTC-31JUL26,68982.19,0.53175,68983.51,31JUL26,106000,,P,BTC-31JUL26-106000-P
0.5745,0.5935,1.2,0.5800125,1780406840796,0.0,41.8,70877.35,BTC-26MAR27,68982.19,0.584,68983.51,26MAR27,110000,,P,BTC-26MAR27-110000-P
0.302,0.3095,597.8,0.30535094,1780406840796,1.2,37.36,69628.66,BTC-25SEP26,68982.19,0.30575,68983.51,25SEP26,90000,,P,BTC-25SEP26-90000-P
3.4415,3.7635,0.1,3.59633953,1780406840796,0.0,66.78,69628.66,BTC-25SEP26,68982.19,3.6025,68983.51,25SEP26,320000,,P,BTC-25SEP26-320000-P
0.175,0.1775,7.2,0.17612562,1780406840796,0.1,44.29,70877.35,BTC-26MAR27,68982.19,0.17625,68983.51,26MAR27,68000,,C,BTC-26MAR27-68000-C
0.178,0.1845,110.8,0.18063534,1780406840796,0.0,35.97,69259.19,BTC-31JUL26,68982.19,0.18125,68983.51,31JUL26,81000,,P,BTC-31JUL26-81000-P
0.2715,0.281,2.0,0.27457907,1780406840796,0.0,37.21,69259.19,BTC-31JUL26,68982.19,0.27625,68983.51,31JUL26,88000,,P,BTC-31JUL26-88000-P
0.1155,0.118,250.7,0.1166851,1780406840796,1.5,55.76,68973.91,BTC-5JUN26,68982.19,0.11675,68983.51,5JUN26,77000,,P,BTC-5JUN26-77000-P
0.008,0.009,154.3,0.00855004,1780406840796,16.0,37.67,69628.66,BTC-25SEP26,68982.19,0.0085,68983.51,25SEP26,94000,,C,BTC-25SEP26-94000-C
0.104,0.141,0.0,0.10926705,1780406840796,0.0,51.71,68982.19,index_price,68982.19,0.1225,68983.51,4JUN26,76500,,P,BTC-4JUN26-76500-P
2.4965,2.7495,0.0,2.61831836,1780406840796,0.0,90.33,69099.81,BTC-26JUN26,68982.19,2.623,68983.51,26JUN26,250000,,P,BTC-26JUN26-250000-P
0.0003,0.0004,40.8,0.00036489,1780406840796,43.0,43.44,68982.19,index_price,68982.19,0.00035,68983.51,4JUN26,73000,,C,BTC-4JUN26-73000-C
0.0008,0.0011,22.2,0.00094551,1780406840796,22.4,65.63,68982.19,index_price,68982.19,0.00095,68983.51,4JUN26,64000,,P,BTC-4JUN26-64000-P
0.032,0.0325,96.8,0.03215395,1780406840796,27.8,36.49,69259.19,BTC-31JUL26,68982.19,0.03225,68983.51,31JUL26,74000,,C,BTC-31JUL26-74000-C
0.0265,0.028,209.4,0.02730588,1780406840796,0.0,40.23,70229.46,BTC-25DEC26,68982.19,0.02725,68983.51,25DEC26,96000,,C,BTC-25DEC26-96000-C
0.1635,0.1675,10.6,0.1658837,1780406840796,0.2,52.06,69099.81,BTC-26JUN26,68982.19,0.1655,68983.51,26JUN26,58000,,C,BTC-26JUN26-58000-C
,0.0001,257.0,1.7e-07,1780406840796,0.0,72.07,68973.91,BTC-5JUN26,68982.19,,68983.51,5JUN26,90000,,C,BTC-5JUN26-90000-C
0.276,0.2795,339.5,0.27798623,1780406840796,0.0,67.07,69099.81,BTC-26JUN26,68982.19,0.27775,68983.51,26JUN26,50000,,C,BTC-26JUN26-50000-C
0.0205,0.0215,167.2,0.02103813,1780406840796,183.3,41.77,68982.19,index_price,68982.19,0.021,68983.51,6JUN26,69500,,P,BTC-6JUN26-69500-P
0.0155,0.0165,73.4,0.01613859,1780406840796,50.2,36.56,69423.43,BTC-28AUG26,68982.19,0.016,68983.51,28AUG26,83000,,C,BTC-28AUG26-83000-C
0.1415,0.1435,184.3,0.14283526,1780406840796,0.4,43.06,70229.46,BTC-25DEC26,68982.19,0.1425,68983.51,25DEC26,68000,,C,BTC-25DEC26-68000-C
0.0455,0.0465,143.4,0.04613536,1780406840796,30.5,37.14,69423.43,BTC-28AUG26,68982.19,0.046,68983.51,28AUG26,74000,,C,BTC-28AUG26-74000-C
0.355,0.3635,1.3,0.35872358,1780406840796,0.0,37.67,69621.0,BTC-25SEP26,68982.19,0.35925,68983.51,25SEP26,94000,,P,BTC-25SEP26-94000-P
0.0425,0.044,201.5,0.04324296,1780406840796,2.8,41.75,70877.35,BTC-26MAR27,68982.19,0.04325,68983.51,26MAR27,100000,,C,BTC-26MAR27-100000-C
0.1345,0.137,48.2,0.13562176,1780406840796,0.0,44.29,70877.35,BTC-26MAR27,68982.19,0.13575,68983.51,26MAR27,68000,,P,BTC-26MAR27-68000-P
2.9165,3.1995,0.0,3.05251656,1780406840796,0.0,91.37,69099.81,BTC-26JUN26,68982.19,3.058,68983.51,26JUN26,280000,,P,BTC-26JUN26-280000-P
,0.0001,691.0,1e-08,1780406840796,0.0,86.38,69099.81,BTC-26JUN26,68982.19,,68983.51,26JUN26,220000,,C,BTC-26JUN26-220000-C
0.42,0.4225,33.0,0.421579,1780406840796,0.0,90.16,69099.81,BTC-26JUN26,68982.19,0.42125,68983.51,26JUN26,40000,,C,BTC-26JUN26-40000-C
0.105,0.11,1748.3,0.10746343,1780406840796,14.7,36.04,69091.6,BTC-26JUN26,68982.19,0.1075,68983.51,26JUN26,76000,,P,BTC-26JUN26-76000-P
0.0002,0.0004,499.0,0.00030042,1780406840796,457.0,46.57,68973.91,BTC-5JUN26,68982.19,0.0003,68983.51,5JUN26,75000,,C,BTC-5JUN26-75000-C
0.0003,0.0005,5577.2,0.00043345,1780406840796,663.7,44.46,69099.81,BTC-26JUN26,68982.19,0.0004,68983.51,26JUN26,90000,,C,BTC-26JUN26-90000-C
2.6365,2.8995,0.0,2.76305109,1780406840796,0.0,91.06,69099.81,BTC-26JUN26,68982.19,2.768,68983.51,26JUN26,260000,,P,BTC-26JUN26-260000-P
0.1595,0.1635,668.1,0.16103148,1780406840796,2.8,37.25,69628.66,BTC-25SEP26,68982.19,0.1615,68983.51,25SEP26,78000,,P,BTC-25SEP26-78000-P
,0.0001,1510.4,8.11e-06,1780406840796,0.0,68.16,69099.81,BTC-26JUN26,68982.19,,68983.51,26JUN26,130000,,C,BTC-26JUN26-130000-C
0.008,0.0085,232.4,0.0082226,1780406840796,11.0,36.36,69037.69,BTC-19JUN26,68982.19,0.00825,68983.51,19JUN26,74000,,C,BTC-19JUN26-74000-C
0.3465,0.351,5.8,0.34958379,1780406840796,0.0,77.88,69099.81,BTC-26JUN26,68982.19,0.34875,68983.51,26JUN26,45000,,C,BTC-26JUN26-45000-C
0.0002,0.0004,209.9,0.00030596,1780406840796,65.1,43.11,69018.59,BTC-12JUN26,68982.19,0.0003,68983.51,12JUN26,81000,,C,BTC-12JUN26-81000-C
0.093,0.0945,0.9,0.09353829,1780406840796,0.9,39.19,69431.64,BTC-28AUG26,68982.19,0.09375,68983.51,28AUG26,67000,,C,BTC-28AUG26-67000-C
0.0055,0.006,5.1,0.00558377,1780406840796,5.1,51.09,68982.19,index_price,68982.19,0.00575,68983.51,6JUN26,66000,,P,BTC-6JUN26-66000-P
0.0495,0.052,0.0,0.05087681,1780406840796,0.0,40.57,69037.69,BTC-19JUN26,68982.19,0.05075,68983.51,19JUN26,67000,,C,BTC-19JUN26-67000-C
0.7735,0.794,0.0,0.77886957,1780406840796,0.0,42.32,70877.35,BTC-26MAR27,68982.19,0.78375,68983.51,26MAR27,125000,,P,BTC-26MAR27-125000-P
0.022,0.023,529.9,0.02262103,1780406840796,1.2,41.95,70877.35,BTC-26MAR27,68982.19,0.0225,68983.51,26MAR27,115000,,C,BTC-26MAR27-115000-C
0.067,0.134,0.0,0.10203278,1780406840796,0.0,51.33,68982.19,index_price,68982.19,0.1005,68983.51,4JUN26,76000,,P,BTC-4JUN26-76000-P
0.114,0.154,0.0,0.11654516,1780406840796,0.0,60.97,68974.53,index_price,68982.19,0.134,68983.51,3JUN26,77000,,P,BTC-3JUN26-77000-P
0.0795,0.0815,41.8,0.08040606,1780406840796,1.1,42.01,70877.35,BTC-26MAR27,68982.19,0.0805,68983.51,26MAR27,86000,,C,BTC-26MAR27-86000-C
0.0028,0.0032,190.5,0.00294418,1780406840796,210.5,53.5,69018.59,BTC-12JUN26,68982.19,0.003,68983.51,12JUN26,61000,,P,BTC-12JUN26-61000-P
0.0445,0.046,1086.2,0.04528382,1780406840796,2.7,47.23,70229.46,BTC-25DEC26,68982.19,0.04525,68983.51,25DEC26,55000,,P,BTC-25DEC26-55000-P
0.006,0.0065,178.8,0.00628369,1780406840796,1.1,38.66,69621.0,BTC-25SEP26,68982.19,0.00625,68983.51,25SEP26,98000,,C,BTC-25SEP26-98000-C
0.2705,0.281,16.0,0.27419755,1780406840796,1.0,42.51,69099.81,BTC-26JUN26,68982.19,0.27575,68983.51,26JUN26,88000,,P,BTC-26JUN26-88000-P
0.4375,0.4465,271.9,0.44163183,1780406840796,0.0,38.95,69621.0,BTC-25SEP26,68982.19,0.442,68983.51,25SEP26,100000,,P,BTC-25SEP26-100000-P
0.1195,0.122,0.0,0.12093888,1780406840796,0.0,40.49,69431.64,BTC-28AUG26,68982.19,0.12075,68983.51,28AUG26,64000,,C,BTC-28AUG26-64000-C
,0.0001,1024.4,5e-08,1780406840799,0.0,85.97,69099.81,BTC-26JUN26,68982.19,,68983.51,26JUN26,200000,,C,BTC-26JUN26-200000-C
0.063,0.064,0.4,0.06360083,1780406840799,0.4,37.87,69431.64,BTC-28AUG26,68982.19,0.0635,68983.51,28AUG26,71000,,C,BTC-28AUG26-71000-C
0.0043,0.0047,54.3,0.00447104,1780406840799,0.0,39.29,69628.66,BTC-25SEP26,68982.19,0.0045,68983.51,25SEP26,102000,,C,BTC-25SEP26-102000-C
0.039,0.04,45.1,0.03959297,1780406840799,0.0,41.75,70877.35,BTC-26MAR27,68982.19,0.0395,68983.51,26MAR27,102000,,C,BTC-26MAR27-102000-C
0.0505,0.054,17.5,0.05174783,1780406840799,1.5,41.44,68982.19,index_price,68982.19,0.05225,68983.51,4JUN26,72500,,P,BTC-4JUN26-72500-P
0.1915,0.194,245.5,0.19292831,1780406840799,2.5,41.36,70229.46,BTC-25DEC26,68982.19,0.19275,68983.51,25DEC26,78000,,P,BTC-25DEC26-78000-P
0.086,0.087,3.8,0.08628688,1780406840799,0.7,37.87,69431.64,BTC-28AUG26,68982.19,0.0865,68983.51,28AUG26,71000,,P,BTC-28AUG26-71000-P
0.001,0.0012,578.9,0.00109867,1780406840799,47.5,38.42,69018.59,BTC-12JUN26,68982.19,0.0011,68983.51,12JUN26,77000,,C,BTC-12JUN26-77000-C
0.0335,0.034,2773.6,0.03351459,1780406840799,176.3,37.09,69628.66,BTC-25SEP26,68982.19,0.03375,68983.51,25SEP26,80000,,C,BTC-25SEP26-80000-C
0.0043,0.0045,47.1,0.00446508,1780406840799,62.6,54.43,68974.53,index_price,68982.19,0.0044,68983.51,3JUN26,68000,,P,BTC-3JUN26-68000-P
,0.0001,231.0,0.0,1780406840799,0.0,91.37,69099.81,BTC-26JUN26,68982.19,,68983.51,26JUN26,280000,,C,BTC-26JUN26-280000-C
0.185,0.188,0.0,0.18647276,1780406840799,0.0,43.96,69431.64,BTC-28AUG26,68982.19,0.1865,68983.51,28AUG26,58000,,C,BTC-28AUG26-58000-C
0.0815,0.0825,409.7,0.08237302,1780406840799,60.1,37.08,69259.19,BTC-31JUL26,68982.19,0.082,68983.51,31JUL26,72000,,P,BTC-31JUL26-72000-P
0.3285,0.3385,4.0,0.33199331,1780406840799,0.0,37.65,69628.66,BTC-25SEP26,68982.19,0.3335,68983.51,25SEP26,92000,,P,BTC-25SEP26-92000-P
0.258,0.2605,0.5,0.2589881,1780406840799,0.0,46.71,70877.35,BTC-26MAR27,68982.19,0.25925,68983.51,26MAR27,58000,,C,BTC-26MAR27-58000-C
0.1105,0.1605,0.0,0.13094408,1780406840799,0.0,51.82,68982.19,index_price,68982.19,0.1355,68983.51,6JUN26,78000,,P,BTC-6JUN26-78000-P
0.0555,0.057,41.5,0.05618941,1780406840799,5.2,41.72,70877.35,BTC-26MAR27,68982.19,0.05625,68983.51,26MAR27,94000,,C,BTC-26MAR27-94000-C
0.148,0.15,20.6,0.14888344,1780406840799,2.3,43.5,70877.35,BTC-26MAR27,68982.19,0.149,68983.51,26MAR27,72000,,C,BTC-26MAR27-72000-C
,0.0001,789.5,8.4e-06,1780406840799,0.0,75.63,69099.81,BTC-26JUN26,68982.19,,68983.51,26JUN26,140000,,C,BTC-26JUN26-140000-C
0.2605,0.2635,30.3,0.26204702,1780406840799,0.0,47.23,70229.46,BTC-25DEC26,68982.19,0.262,68983.51,25DEC26,55000,,C,BTC-25DEC26-55000-C
0.299,0.309,2.5,0.30255366,1780406840799,0.0,37.82,69259.19,BTC-31JUL26,68982.19,0.304,68983.51,31JUL26,90000,,P,BTC-31JUL26-90000-P
0.071,0.072,16.4,0.07145927,1780406840799,0.1,38.46,69431.64,BTC-28AUG26,68982.19,0.0715,68983.51,28AUG26,69000,,P,BTC-28AUG26-69000-P
0.0003,0.0008,878.5,0.00050619,1780406840799,0.0,57.47,70229.46,BTC-25DEC26,68982.19,0.00055,68983.51,25DEC26,240000,,C,BTC-25DEC26-240000-C
0.0006,0.0008,393.0,0.00069917,1780406840799,0.2,44.24,69259.19,BTC-31JUL26,68982.19,0.0007,68983.51,31JUL26,105000,,C,BTC-31JUL26-105000-C
0.121,0.1235,81.6,0.12219998,1780406840799,0.1,44.69,70877.35,BTC-26MAR27,68982.19,0.12225,68983.51,26MAR27,66000,,P,BTC-26MAR27-66000-P
0.0055,0.0065,200.5,0.00603687,1780406840799,104.7,36.47,69037.69,BTC-19JUN26,68982.19,0.006,68983.51,19JUN26,75000,,C,BTC-19JUN26-75000-C
0.0935,0.097,2229.6,0.09525036,1780406840799,47.2,36.03,69099.81,BTC-26JUN26,68982.19,0.09525,68983.51,26JUN26,75000,,P,BTC-26JUN26-75000-P
0.142,0.2065,0.0,0.17449502,1780406840799,0.0,59.32,68982.19,index_price,68982.19,0.17425,68983.51,4JUN26,81000,,P,BTC-4JUN26-81000-P
0.0965,0.0985,1089.9,0.09750646,1780406840799,17.6,41.73,70229.46,BTC-25DEC26,68982.19,0.0975,68983.51,25DEC26,75000,,C,BTC-25DEC26-75000-C
0.1165,0.1215,0.0,0.11854273,1780406840799,0.0,36.62,69037.69,BTC-19JUN26,68982.19,0.119,68983.51,19JUN26,77000,,P,BTC-19JUN26-77000-P
0.0035,0.004,364.6,0.00387169,1780406840799,252.9,36.97,69018.59,BTC-12JUN26,68982.19,0.00375,68983.51,12JUN26,74000,,C,BTC-12JUN26-74000-C
0.0001,0.0002,51.3,0.00011576,1780406840799,74.8,55.31,68974.53,index_price,68982.19,0.00015,68983.51,3JUN26,73000,,C,BTC-3JUN26-73000-C
0.565,0.567,68.9,0.5659496,1780406840799,0.0,116.73,69099.81,BTC-26JUN26,68982.19,0.566,68983.51,26JUN26,30000,,C,BTC-26JUN26-30000-C
,0.0001,58.7,5.9e-07,1780406840799,20.0,56.42,68974.53,index_price,68982.19,,68983.51,3JUN26,76000,,C,BTC-3JUN26-76000-C
0.0425,0.0435,146.1,0.04269741,1780406840799,135.5,37.08,69259.19,BTC-31JUL26,68982.19,0.043,68983.51,31JUL26,72000,,C,BTC-31JUL26-72000-C
0.0034,0.0038,32.9,0.00358608,1780406840799,44.9,40.64,68982.19,index_price,68982.19,0.0036,68983.51,4JUN26,70500,,C,BTC-4JUN26-70500-C
0.01,0.0105,26.0,0.01030679,1780406840799,26.0,40.79,68982.19,index_price,68982.19,0.01025,68983.51,6JUN26,70000,,C,BTC-6JUN26-70000-C
0.947,1.025,14.2,0.95389985,1780406840799,0.0,71.79,69099.81,BTC-26JUN26,68982.19,0.986,68983.51,26JUN26,135000,,P,BTC-26JUN26-135000-P
0.0305,0.0315,0.0,0.03082028,1780406840799,0.0,42.11,69431.64,BTC-28AUG26,68982.19,0.031,68983.51,28AUG26,61000,,P,BTC-28AUG26-61000-P
0.0135,0.014,2882.1,0.01373396,1780406840799,314.3,49.96,69628.66,BTC-25SEP26,68982.19,0.01375,68983.51,25SEP26,50000,,P,BTC-25SEP26-50000-P
0.0055,0.006,549.3,0.00569787,1780406840799,550.4,40.17,68973.91,BTC-5JUN26,68982.19,0.00575,68983.51,5JUN26,70500,,C,BTC-5JUN26-70500-C
0.007,0.0075,1025.4,0.00749129,1780406840799,235.0,36.04,69099.81,BTC-26JUN26,68982.19,0.00725,68983.51,26JUN26,76000,,C,BTC-26JUN26-76000-C
0.1065,0.1415,0.0,0.10929507,1780406840799,0.0,59.32,68974.53,index_price,68982.19,0.124,68983.51,3JUN26,76500,,P,BTC-3JUN26-76500-P
0.1085,0.111,95.2,0.10975961,1780406840799,0.0,45.16,70877.35,BTC-26MAR27,68982.19,0.10975,68983.51,26MAR27,64000,,P,BTC-26MAR27-64000-P
0.1505,0.1545,0.0,0.15217451,1780406840799,0.0,42.11,69431.64,BTC-28AUG26,68982.19,0.1525,68983.51,28AUG26,61000,,C,BTC-28AUG26-61000-C
0.0655,0.0665,807.0,0.06621697,1780406840799,37.1,37.73,69259.19,BTC-31JUL26,68982.19,0.066,68983.51,31JUL26,70000,,P,BTC-31JUL26-70000-P
0.64,0.6625,0.0,0.64529833,1780406840799,0.0,41.95,70877.35,BTC-26MAR27,68982.19,0.65125,68983.51,26MAR27,115000,,P,BTC-26MAR27-115000-P
0.0285,0.0325,0.0,0.03057889,1780406840799,0.0,60.39,68974.53,index_price,68982.19,0.0305,68983.51,3JUN26,67000,,C,BTC-3JUN26-67000-C
0.069,0.0785,0.0,0.07356541,1780406840799,0.0,40.77,68982.19,index_price,68982.19,0.07375,68983.51,6JUN26,74000,,P,BTC-6JUN26-74000-P
0.9435,1.0885,1.4,1.01158149,1780406840799,0.0,49.05,69628.66,BTC-25SEP26,68982.19,1.016,68983.51,25SEP26,140000,,P,BTC-25SEP26-140000-P
0.0785,0.0825,198.5,0.08021314,1780406840799,0.0,36.36,69037.69,BTC-19JUN26,68982.19,0.0805,68983.51,19JUN26,74000,,P,BTC-19JUN26-74000-P
0.0028,0.0031,1213.1,0.00295915,1780406840799,23.1,37.82,69250.98,BTC-31JUL26,68982.19,0.00295,68983.51,31JUL26,90000,,C,BTC-31JUL26-90000-C
0.0235,0.0245,42.1,0.02405145,1780406840799,31.9,46.57,68973.91,BTC-5JUN26,68982.19,0.024,68983.51,5JUN26,68000,,C,BTC-5JUN26-68000-C
0.3115,0.3235,0.0,0.31661477,1780406840799,0.0,38.09,69259.19,BTC-31JUL26,68982.19,0.3175,68983.51,31JUL26,91000,,P,BTC-31JUL26-91000-P
,0.0001,129.0,0.0,1780406840799,0.0,102.06,69099.81,BTC-26JUN26,68982.19,,68983.51,26JUN26,340000,,C,BTC-26JUN26-340000-C
0.0695,0.071,4.1,0.07034315,1780406840799,4.3,38.15,69431.64,BTC-28AUG26,68982.19,0.07025,68983.51,28AUG26,70000,,C,BTC-28AUG26-70000-C
0.549,0.5605,0.0,0.5543521,1780406840799,0.0,41.79,70877.35,BTC-26MAR27,68982.19,0.55475,68983.51,26MAR27,108000,,P,BTC-26MAR27-108000-P
0.003,0.0035,300.6,0.00325828,1780406840799,0.4,47.02,70877.35,BTC-26MAR27,68982.19,0.00325,68983.51,26MAR27,180000,,C,BTC-26MAR27-180000-C
0.27,0.277,5.8,0.27322969,1780406840799,0.0,42.14,70877.35,BTC-26MAR27,68982.19,0.2735,68983.51,26MAR27,84000,,P,BTC-26MAR27-84000-P
0.13,0.134,5.5,0.13146494,1780406840799,0.0,36.77,69423.43,BTC-28AUG26,68982.19,0.132,68983.51,28AUG26,76000,,P,BTC-28AUG26-76000-P
0.0085,0.0095,144.2,0.00887681,1780406840799,158.7,37.04,69018.59,BTC-12JUN26,68982.19,0.009,68983.51,12JUN26,72000,,C,BTC-12JUN26-72000-C
0.017,0.018,523.1,0.01753709,1780406840799,418.3,35.9,69259.19,BTC-31JUL26,68982.19,0.0175,68983.51,31JUL26,78000,,C,BTC-31JUL26-78000-C
0.055,0.056,39.1,0.05542124,1780406840799,22.1,37.73,69259.19,BTC-31JUL26,68982.19,0.0555,68983.51,31JUL26,70000,,C,BTC-31JUL26-70000-C
0.0013,0.0016,1187.9,0.00140715,1780406840799,1.3,43.45,69628.66,BTC-25SEP26,68982.19,0.00145,68983.51,25SEP26,120000,,C,BTC-25SEP26-120000-C
0.0195,0.0205,221.0,0.02005538,1780406840799,242.1,37.29,69045.35,BTC-19JUN26,68982.19,0.02,68983.51,19JUN26,71000,,C,BTC-19JUN26-71000-C
1.36,1.5335,0.0,1.44209486,1780406840799,0.0,55.52,69628.66,BTC-25SEP26,68982.19,1.44675,68983.51,25SEP26,170000,,P,BTC-25SEP26-170000-P
0.0935,0.095,85.0,0.09438858,1780406840799,4.0,37.6,69423.43,BTC-28AUG26,68982.19,0.09425,68983.51,28AUG26,72000,,P,BTC-28AUG26-72000-P
0.009,0.01,2912.4,0.00975485,1780406840799,986.7,36.03,69099.81,BTC-26JUN26,68982.19,0.0095,68983.51,26JUN26,75000,,C,BTC-26JUN26-75000-C
0.073,0.0745,23.8,0.07341872,1780406840799,0.2,41.88,70877.35,BTC-26MAR27,68982.19,0.07375,68983.51,26MAR27,88000,,C,BTC-26MAR27-88000-C
0.026,0.027,100.0,0.02625046,1780406840799,100.0,45.38,68982.19,index_price,68982.19,0.0265,68983.51,6JUN26,68000,,C,BTC-6JUN26-68000-C
0.0009,0.001,1815.9,0.00088109,1780406840799,79.1,77.88,69099.81,BTC-26JUN26,68982.19,0.00095,68983.51,26JUN26,45000,,P,BTC-26JUN26-45000-P
,0.0001,207.0,3.13e-06,1780406840799,3.0,71.06,68973.91,BTC-5JUN26,68982.19,,68983.51,5JUN26,86000,,C,BTC-5JUN26-86000-C
0.1795,0.1835,72.2,0.18088144,1780406840799,0.0,43.2,70877.35,BTC-26MAR27,68982.19,0.1815,68983.51,26MAR27,74000,,P,BTC-26MAR27-74000-P
0.0038,0.0043,179.0,0.00404224,1780406840799,2.1,46.11,70877.35,BTC-26MAR27,68982.19,0.00405,68983.51,26MAR27,170000,,C,BTC-26MAR27-170000-C
0.102,0.1035,4.2,0.10297174,1780406840799,1.2,37.35,69431.64,BTC-28AUG26,68982.19,0.10275,68983.51,28AUG26,73000,,P,BTC-28AUG26-73000-P
0.1355,0.138,11.5,0.13672387,1780406840799,0.3,43.2,70877.35,BTC-26MAR27,68982.19,0.13675,68983.51,26MAR27,74000,,C,BTC-26MAR27-74000-C
0.085,0.0865,95.8,0.08584223,1780406840799,2.0,43.96,70229.46,BTC-25DEC26,68982.19,0.08575,68983.51,25DEC26,64000,,P,BTC-25DEC26-64000-P
0.0135,0.0145,25.3,0.01427155,1780406840799,18.6,36.57,69431.64,BTC-28AUG26,68982.19,0.014,68983.51,28AUG26,84000,,C,BTC-28AUG26-84000-C
0.085,0.09,0.0,0.08772091,1780406840799,0.0,64.31,68973.91,BTC-5JUN26,68982.19,0.0875,68983.51,5JUN26,63000,,C,BTC-5JUN26-63000-C
0.0004,0.0006,2022.5,0.00054949,1780406840799,620.1,42.51,69099.81,BTC-26JUN26,68982.19,0.0005,68983.51,26JUN26,88000,,C,BTC-26JUN26-88000-C
0.0011,0.0013,21.5,0.00120312,1780406840799,21.5,64.31,68973.91,BTC-5JUN26,68982.19,0.0012,68983.51,5JUN26,63000,,P,BTC-5JUN26-63000-P
0.2995,0.3105,0.0,0.3039523,1780406840799,0.0,47.88,69037.69,BTC-19JUN26,68982.19,0.305,68983.51,19JUN26,90000,,P,BTC-19JUN26-90000-P
0.158,0.163,2504.4,0.16037081,1780406840799,1028.1,36.6,69099.81,BTC-26JUN26,68982.19,0.1605,68983.51,26JUN26,80000,,P,BTC-26JUN26-80000-P
0.006,0.0065,9.4,0.00636057,1780406840799,9.5,51.02,68974.53,index_price,68982.19,0.00625,68983.51,3JUN26,68500,,P,BTC-3JUN26-68500-P
0.243,0.253,0.0,0.24619235,1780406840799,0.0,52.01,69018.59,BTC-12JUN26,68982.19,0.248,68983.51,12JUN26,86000,,P,BTC-12JUN26-86000-P
0.0028,0.0031,12.5,0.0030361,1780406840799,15.5,39.64,68982.19,index_price,68982.19,0.00295,68983.51,6JUN26,72000,,C,BTC-6JUN26-72000-C
0.0017,0.0021,2445.7,0.00185508,1780406840799,222.7,42.23,69621.0,BTC-25SEP26,68982.19,0.0019,68983.51,25SEP26,115000,,C,BTC-25SEP26-115000-C
0.1615,0.1645,3.0,0.16320074,1780406840799,0.0,42.64,69423.43,BTC-28AUG26,68982.19,0.163,68983.51,28AUG26,60000,,C,BTC-28AUG26-60000-C
0.706,0.746,0.0,0.71176611,1780406840799,0.0,42.18,70869.14,BTC-26MAR27,68982.19,0.726,68983.51,26MAR27,120000,,P,BTC-26MAR27-120000-P
0.0001,0.0002,741.8,0.00015243,1780406840799,416.5,59.03,68973.91,BTC-5JUN26,68982.19,0.00015,68983.51,5JUN26,78000,,C,BTC-5JUN26-78000-C
0.0115,0.0125,23.0,0.01203926,1780406840799,23.0,45.38,68982.19,index_price,68982.19,0.012,68983.51,6JUN26,68000,,P,BTC-6JUN26-68000-P
0.0085,0.009,299.8,0.00872928,1780406840799,272.6,45.5,69037.69,BTC-19JUN26,68982.19,0.00875,68983.51,19JUN26,63000,,P,BTC-19JUN26-63000-P
0.033,0.034,5.2,0.03331505,1780406840799,5.5,38.72,69037.69,BTC-19JUN26,68982.19,0.0335,68983.51,19JUN26,69000,,C,BTC-19JUN26-69000-C
0.1715,0.178,4.0,0.17453564,1780406840799,0.0,67.27,68973.91,BTC-5JUN26,68982.19,0.17475,68983.51,5JUN26,81000,,P,BTC-5JUN26-81000-P
0.006,0.007,643.8,0.00641356,1780406840799,526.7,47.07,69018.59,BTC-12JUN26,68982.19,0.0065,68983.51,12JUN26,64000,,P,BTC-12JUN26-64000-P
,0.0001,266.9,0.0,1780406840799,0.0,102.24,69099.81,BTC-26JUN26,68982.19,,68983.51,26JUN26,380000,,C,BTC-26JUN26-380000-C
0.4985,0.518,0.0,0.5037298,1780406840799,0.0,41.76,70877.35,BTC-26MAR27,68982.19,0.50825,68983.51,26MAR27,104000,,P,BTC-26MAR27-104000-P
0.0016,0.002,263.6,0.00182762,1780406840799,286.3,39.81,68974.36,BTC-5JUN26,68982.19,0.0018,68983.51,5JUN26,72000,,C,BTC-5JUN26-72000-C
0.378,0.3875,9.0,0.38255172,1780406840799,0.0,41.72,70877.35,BTC-26MAR27,68982.19,0.38275,68983.51,26MAR27,94000,,P,BTC-26MAR27-94000-P
0.004,0.0043,25.1,0.00419325,1780406840799,25.4,39.63,68982.19,index_price,68982.19,0.00415,68983.51,6JUN26,71500,,C,BTC-6JUN26-71500-C
0.4415,0.451,258.1,0.44544566,1780406840799,0.3,40.26,70229.46,BTC-25DEC26,68982.19,0.44625,68983.51,25DEC26,100000,,P,BTC-25DEC26-100000-P
0.1645,0.1665,895.3,0.16555664,1780406840799,5.0,41.73,70229.46,BTC-25DEC26,68982.19,0.1655,68983.51,25DEC26,75000,,P,BTC-25DEC26-75000-P
0.078,0.0795,87.3,0.07862518,1780406840799,31.4,38.15,69431.64,BTC-28AUG26,68982.19,0.07875,68983.51,28AUG26,70000,,P,BTC-28AUG26-70000-P
0.027,0.028,8.2,0.02744248,1780406840799,6.1,42.64,69431.64,BTC-28AUG26,68982.19,0.0275,68983.51,28AUG26,60000,,P,BTC-28AUG26-60000-P
0.029,0.0315,129.4,0.03013829,1780406840799,44.0,42.5,68974.53,index_price,68982.19,0.03025,68983.51,3JUN26,71000,,P,BTC-3JUN26-71000-P
0.0007,0.001,1428.8,0.00084631,1780406840799,0.0,45.7,69628.66,BTC-25SEP26,68982.19,0.00085,68983.51,25SEP26,130000,,C,BTC-25SEP26-130000-C
0.1245,0.1265,309.0,0.12539368,1780406840799,103.5,42.93,70877.35,BTC-26MAR27,68982.19,0.1255,68983.51,26MAR27,76000,,C,BTC-26MAR27-76000-C
0.3685,0.3805,0.0,0.37340855,1780406840799,0.0,39.57,69250.98,BTC-31JUL26,68982.19,0.3745,68983.51,31JUL26,95000,,P,BTC-31JUL26-95000-P
0.0085,0.009,522.8,0.00889656,1780406840799,530.1,46.96,68974.53,index_price,68982.19,0.00875,68983.51,3JUN26,69000,,P,BTC-3JUN26-69000-P
0.004,0.0044,2574.2,0.00427747,1780406840799,187.9,36.05,69099.81,BTC-26JUN26,68982.19,0.0042,68983.51,26JUN26,78000,,C,BTC-26JUN26-78000-C
0.01,0.011,463.1,0.01054686,1780406840799,2.8,37.65,69621.0,BTC-25SEP26,68982.19,0.0105,68983.51,25SEP26,92000,,C,BTC-25SEP26-92000-C
0.0011,0.0013,2268.1,0.00110005,1780406840799,15.6,44.69,69621.0,BTC-25SEP26,68982.19,0.0012,68983.51,25SEP26,125000,,C,BTC-25SEP26-125000-C
0.0245,0.0305,0.0,0.02691695,1780406840799,0.0,50.01,68982.19,index_price,68982.19,0.0275,68983.51,4JUN26,67500,,C,BTC-4JUN26-67500-C
0.012,0.0125,6.5,0.01205392,1780406840799,6.5,44.23,68982.19,index_price,68982.19,0.01225,68983.51,4JUN26,69000,,C,BTC-4JUN26-69000-C
0.0024,0.0029,276.0,0.00258032,1780406840799,0.5,38.09,69259.19,BTC-31JUL26,68982.19,0.00265,68983.51,31JUL26,91000,,C,BTC-31JUL26-91000-C
0.71,0.7235,18.9,0.71639866,1780406840799,0.0,42.04,70229.46,BTC-25DEC26,68982.19,0.71675,68983.51,25DEC26,120000,,P,BTC-25DEC26-120000-P
1.7975,2.0,6.6,1.89465473,1780406840799,0.0,85.97,69099.81,BTC-26JUN26,68982.19,1.89875,68983.51,26JUN26,200000,,P,BTC-26JUN26-200000-P
,0.0001,197.1,2e-08,1780406840799,0.0,86.33,69099.81,BTC-26JUN26,68982.19,,68983.51,26JUN26,210000,,C,BTC-26JUN26-210000-C
0.209,0.2125,0.0,0.21083677,1780406840799,0.0,45.42,69423.43,BTC-28AUG26,68982.19,0.21075,68983.51,28AUG26,56000,,C,BTC-28AUG26-56000-C
2.028,2.2525,0.0,2.1336493,1780406840799,0.0,55.74,70229.46,BTC-25DEC26,68982.19,2.14025,68983.51,25DEC26,220000,,P,BTC-25DEC26-220000-P
0.197,0.2,1.0,0.19872611,1780406840799,0.0,44.93,70877.35,BTC-26MAR27,68982.19,0.1985,68983.51,26MAR27,65000,,C,BTC-26MAR27-65000-C
0.012,0.013,676.6,0.01255518,1780406840799,0.3,42.62,70877.35,BTC-26MAR27,68982.19,0.0125,68983.51,26MAR27,130000,,C,BTC-26MAR27-130000-C
0.0425,0.045,0.0,0.04425938,1780406840799,0.0,42.25,69018.59,BTC-12JUN26,68982.19,0.04375,68983.51,12JUN26,67000,,C,BTC-12JUN26-67000-C
0.0001,0.0004,1447.9,0.00021643,1780406840799,1.0,55.57,69628.66,BTC-25SEP26,68982.19,0.00025,68983.51,25SEP26,175000,,C,BTC-25SEP26-175000-C
0.0425,0.051,0.0,0.04681247,1780406840799,0.0,39.64,68982.19,index_price,68982.19,0.04675,68983.51,6JUN26,72000,,P,BTC-6JUN26-72000-P
0.0021,0.0024,92.4,0.00226034,1780406840799,28.0,37.03,69037.69,BTC-19JUN26,68982.19,0.00225,68983.51,19JUN26,78000,,C,BTC-19JUN26-78000-C
0.1105,0.114,3.3,0.1120335,1780406840799,0.2,37.14,69431.64,BTC-28AUG26,68982.19,0.11225,68983.51,28AUG26,74000,,P,BTC-28AUG26-74000-P
0.0007,0.0009,1185.9,0.00079766,1780406840799,566.7,40.17,69037.69,BTC-19JUN26,68982.19,0.0008,68983.51,19JUN26,82000,,C,BTC-19JUN26-82000-C
0.087,0.089,73.8,0.08796975,1780406840799,0.3,42.14,70877.35,BTC-26MAR27,68982.19,0.088,68983.51,26MAR27,84000,,C,BTC-26MAR27-84000-C
,0.0001,47.9,0.0,1780406840799,0.0,60.97,68974.53,index_price,68982.19,,68983.51,3JUN26,79000,,C,BTC-3JUN26-79000-C
0.251,0.2595,11.6,0.25389647,1780406840799,0.0,37.1,69621.0,BTC-25SEP26,68982.19,0.25525,68983.51,25SEP26,86000,,P,BTC-25SEP26-86000-P
0.021,0.022,0.0,0.02141572,1780406840799,0.0,48.0,68982.19,index_price,68982.19,0.0215,68983.51,4JUN26,68000,,C,BTC-4JUN26-68000-C
0.0019,0.0022,3.2,0.00215764,1780406840799,3.2,39.64,68982.19,index_price,68982.19,0.00205,68983.51,6JUN26,72500,,C,BTC-6JUN26-72500-C
0.3285,0.3365,26.3,0.33192948,1780406840799,0.0,46.54,69099.81,BTC-26JUN26,68982.19,0.3325,68983.51,26JUN26,92000,,P,BTC-26JUN26-92000-P
0.0001,0.0003,23.4,0.0001756,1780406840799,2.1,46.46,68982.19,index_price,68982.19,0.0002,68983.51,4JUN26,74000,,C,BTC-4JUN26-74000-C
0.099,0.1005,361.8,0.09973557,1780406840799,0.0,39.7,69621.0,BTC-25SEP26,68982.19,0.09975,68983.51,25SEP26,68000,,C,BTC-25SEP26-68000-C
,0.0001,68.7,6.73e-06,1780406840799,0.0,63.11,69621.0,BTC-25SEP26,68982.19,,68983.51,25SEP26,280000,,C,BTC-25SEP26-280000-C
0.0004,0.0008,187.3,0.00051714,1780406840800,0.0,55.89,70229.46,BTC-25DEC26,68982.19,0.0006,68983.51,25DEC26,230000,,C,BTC-25DEC26-230000-C
0.7325,0.742,722.5,0.73680962,1780406840800,0.0,63.2,69099.81,BTC-26JUN26,68982.19,0.73725,68983.51,26JUN26,120000,,P,BTC-26JUN26-120000-P
1.238,1.4,52.5,1.3157287,1780406840800,0.0,85.89,69099.81,BTC-26JUN26,68982.19,1.319,68983.51,26JUN26,160000,,P,BTC-26JUN26-160000-P
0.0485,0.058,0.0,0.05318246,1780406840800,0.0,39.64,68982.19,index_price,68982.19,0.05325,68983.51,6JUN26,72500,,P,BTC-6JUN26-72500-P
0.0305,0.032,1506.8,0.0310164,1780406840800,1.1,49.89,70229.46,BTC-25DEC26,68982.19,0.03125,68983.51,25DEC26,50000,,P,BTC-25DEC26-50000-P
,0.0002,91.9,2.229e-05,1780406840800,54.5,55.33,68974.53,index_price,68982.19,,68983.51,3JUN26,74000,,C,BTC-3JUN26-74000-C
0.1715,0.1785,0.0,0.1745472,1780406840800,0.0,60.97,68974.53,index_price,68982.19,0.175,68983.51,3JUN26,81000,,P,BTC-3JUN26-81000-P
0.11,0.1125,0.0,0.11135774,1780406840800,0.0,40.03,69423.43,BTC-28AUG26,68982.19,0.11125,68983.51,28AUG26,65000,,C,BTC-28AUG26-65000-C
0.0002,0.0006,201.0,0.00036252,1780406840800,1.2,52.06,69259.19,BTC-31JUL26,68982.19,0.0004,68983.51,31JUL26,120000,,C,BTC-31JUL26-120000-C
0.0645,0.0655,1.7,0.06485935,1780406840800,0.5,38.85,69431.64,BTC-28AUG26,68982.19,0.065,68983.51,28AUG26,68000,,P,BTC-28AUG26-68000-P
0.072,0.075,414.7,0.07341254,1780406840800,13.4,42.68,68973.91,BTC-5JUN26,68982.19,0.0735,68983.51,5JUN26,74000,,P,BTC-5JUN26-74000-P
0.1155,0.12,0.0,0.11841459,1780406840800,0.0,41.48,69259.19,BTC-31JUL26,68982.19,0.11775,68983.51,31JUL26,63000,,C,BTC-31JUL26-63000-C
0.036,0.037,5.4,0.03675874,1780406840800,0.1,36.77,69431.64,BTC-28AUG26,68982.19,0.0365,68983.51,28AUG26,76000,,C,BTC-28AUG26-76000-C
0.0415,0.043,1756.9,0.04210782,1780406840800,2.8,47.75,70221.42,BTC-25DEC26,68982.19,0.04225,68983.51,25DEC26,54000,,P,BTC-25DEC26-54000-P
0.341,0.349,4.5,0.3449498,1780406840800,0.0,40.21,70229.46,BTC-25DEC26,68982.19,0.345,68983.51,25DEC26,92000,,P,BTC-25DEC26-92000-P
0.444,0.4525,988.1,0.44751591,1780406840800,7.0,53.12,69099.81,BTC-26JUN26,68982.19,0.44825,68983.51,26JUN26,100000,,P,BTC-26JUN26-100000-P
0.213,0.2185,179.6,0.21542892,1780406840800,5.2,42.68,70877.35,BTC-26MAR27,68982.19,0.21575,68983.51,26MAR27,78000,,P,BTC-26MAR27-78000-P
0.0013,0.0017,45.3,0.00150743,1780406840800,56.3,39.67,68982.19,index_price,68982.19,0.0015,68983.51,6JUN26,73000,,C,BTC-6JUN26-73000-C
0.013,0.014,91.6,0.01353404,1780406840800,0.0,40.71,70229.46,BTC-25DEC26,68982.19,0.0135,68983.51,25DEC26,108000,,C,BTC-25DEC26-108000-C
0.0645,0.066,6526.2,0.06518403,1780406840800,43.6,45.2,70229.46,BTC-25DEC26,68982.19,0.06525,68983.51,25DEC26,60000,,P,BTC-25DEC26-60000-P
2.4405,2.694,10.0,2.56060812,1780406840800,0.0,58.35,70229.46,BTC-25DEC26,68982.19,2.56725,68983.51,25DEC26,250000,,P,BTC-25DEC26-250000-P
0.02,0.021,864.3,0.02058801,1780406840800,179.7,37.09,69621.0,BTC-25SEP26,68982.19,0.0205,68983.51,25SEP26,85000,,C,BTC-25SEP26-85000-C
0.0135,0.014,146.3,0.01371358,1780406840800,83.2,42.83,69037.69,BTC-19JUN26,68982.19,0.01375,68983.51,19JUN26,65000,,P,BTC-19JUN26-65000-P
0.0105,0.0115,21.2,0.01092599,1780406840800,22.6,44.1,69037.69,BTC-19JUN26,68982.19,0.011,68983.51,19JUN26,64000,,P,BTC-19JUN26-64000-P
0.0305,0.034,20.0,0.03177227,1780406840800,17.9,40.64,68982.19,index_price,68982.19,0.03225,68983.51,4JUN26,71000,,P,BTC-4JUN26-71000-P
1.5915,1.7905,0.9,1.68363369,1780406840800,0.0,47.95,70877.35,BTC-26MAR27,68982.19,1.691,68983.51,26MAR27,190000,,P,BTC-26MAR27-190000-P
0.064,0.0685,0.1,0.06634143,1780406840800,0.1,41.8,68973.91,BTC-5JUN26,68982.19,0.06625,68983.51,5JUN26,73500,,P,BTC-5JUN26-73500-P
0.0018,0.0022,1206.7,0.00200031,1780406840800,10.5,47.83,70229.46,BTC-25DEC26,68982.19,0.002,68983.51,25DEC26,160000,,C,BTC-25DEC26-160000-C
0.041,0.042,2.0,0.04165856,1780406840800,2.0,39.68,69037.69,BTC-19JUN26,68982.19,0.0415,68983.51,19JUN26,68000,,C,BTC-19JUN26-68000-C
0.295,0.3005,3.4,0.29748174,1780406840800,0.0,40.24,70229.46,BTC-25DEC26,68982.19,0.29775,68983.51,25DEC26,88000,,P,BTC-25DEC26-88000-P
0.0095,0.0105,1158.3,0.01003956,1780406840800,1418.0,46.57,68973.91,BTC-5JUN26,68982.19,0.01,68983.51,5JUN26,68000,,P,BTC-5JUN26-68000-P
0.0335,0.035,4.0,0.03438786,1780406840800,4.2,40.68,69018.59,BTC-12JUN26,68982.19,0.03425,68983.51,12JUN26,68000,,C,BTC-12JUN26-68000-C
0.3825,0.3915,1.0,0.38628754,1780406840800,0.0,38.25,69621.0,BTC-25SEP26,68982.19,0.387,68983.51,25SEP26,96000,,P,BTC-25SEP26-96000-P
0.3905,0.3995,0.6,0.3944101,1780406840800,0.0,40.23,70221.42,BTC-25DEC26,68982.19,0.395,68983.51,25DEC26,96000,,P,BTC-25DEC26-96000-P
0.2575,0.2645,8.1,0.26073073,1780406840800,0.0,36.97,69259.19,BTC-31JUL26,68982.19,0.261,68983.51,31JUL26,87000,,P,BTC-31JUL26-87000-P
0.0465,0.047,140.0,0.0466377,1780406840800,24.3,39.12,69259.19,BTC-31JUL26,68982.19,0.04675,68983.51,31JUL26,67000,,P,BTC-31JUL26-67000-P
0.2435,0.253,0.3,0.24697885,1780406840800,0.0,71.06,68973.91,BTC-5JUN26,68982.19,0.24825,68983.51,5JUN26,86000,,P,BTC-5JUN26-86000-P
0.0385,0.04,2363.6,0.03930984,1780406840800,57.1,40.23,70229.46,BTC-25DEC26,68982.19,0.03925,68983.51,25DEC26,90000,,C,BTC-25DEC26-90000-C
0.189,0.1925,3.6,0.19092431,1780406840800,0.0,44.69,70877.35,BTC-26MAR27,68982.19,0.19075,68983.51,26MAR27,66000,,C,BTC-26MAR27-66000-C
0.0004,0.0006,15.1,0.00050275,1780406840800,10.3,41.44,68982.19,index_price,68982.19,0.0005,68983.51,4JUN26,72500,,C,BTC-4JUN26-72500-C
1.7275,1.935,1.0,1.82425068,1780406840800,0.0,48.7,70877.35,BTC-26MAR27,68982.19,1.83125,68983.51,26MAR27,200000,,P,BTC-26MAR27-200000-P
0.0021,0.0022,1747.0,0.00213925,1780406840800,48.9,74.19,69621.0,BTC-25SEP26,68982.19,0.00215,68983.51,25SEP26,30000,,P,BTC-25SEP26-30000-P
0.0007,0.001,3776.0,0.00085006,1780406840800,3185.3,39.74,69099.81,BTC-26JUN26,68982.19,0.00085,68983.51,26JUN26,85000,,C,BTC-26JUN26-85000-C
0.0645,0.068,19.1,0.06584502,1780406840800,1.4,55.32,68974.53,index_price,68982.19,0.06625,68983.51,3JUN26,73500,,P,BTC-3JUN26-73500-P
0.0049,0.0055,830.9,0.00522173,1780406840800,5.0,45.31,70877.35,BTC-26MAR27,68982.19,0.0052,68983.51,26MAR27,160000,,C,BTC-26MAR27-160000-C
,0.0001,291.3,9.97e-06,1780406840800,1.0,61.4,69628.66,BTC-25SEP26,68982.19,,68983.51,25SEP26,260000,,C,BTC-25SEP26-260000-C
0.0485,0.1115,0.0,0.08039228,1780406840800,0.0,49.06,68982.19,index_price,68982.19,0.08,68983.51,4JUN26,74500,,P,BTC-4JUN26-74500-P
0.0585,0.06,176.4,0.05909543,1780406840800,87.2,38.15,69259.19,BTC-31JUL26,68982.19,0.05925,68983.51,31JUL26,69000,,P,BTC-31JUL26-69000-P
0.097,0.0985,129.9,0.09782942,1780406840800,0.2,43.44,70229.46,BTC-25DEC26,68982.19,0.09775,68983.51,25DEC26,66000,,P,BTC-25DEC26-66000-P
0.0275,0.028,1654.7,0.02756677,1780406840800,222.6,37.03,69621.0,BTC-25SEP26,68982.19,0.02775,68983.51,25SEP26,82000,,C,BTC-25SEP26-82000-C
0.1425,0.149,5.0,0.14515177,1780406840800,0.9,40.33,69018.59,BTC-12JUN26,68982.19,0.14575,68983.51,12JUN26,79000,,P,BTC-12JUN26-79000-P
0.0405,0.043,399.3,0.04182767,1780406840800,50.0,37.58,69018.59,BTC-12JUN26,68982.19,0.04175,68983.51,12JUN26,71000,,P,BTC-12JUN26-71000-P
,0.0001,759.8,1.51e-06,1780406840800,0.0,85.89,69091.6,BTC-26JUN26,68982.19,,68983.51,26JUN26,170000,,C,BTC-26JUN26-170000-C
0.356,0.3635,0.2,0.35962518,1780406840800,0.0,41.78,70877.35,BTC-26MAR27,68982.19,0.35975,68983.51,26MAR27,92000,,P,BTC-26MAR27-92000-P
0.0145,0.0155,20.0,0.01501655,1780406840800,20.0,42.25,69018.59,BTC-12JUN26,68982.19,0.015,68983.51,12JUN26,67000,,P,BTC-12JUN26-67000-P
1.615,1.811,0.0,1.70677031,1780406840800,0.0,51.77,70229.46,BTC-25DEC26,68982.19,1.713,68983.51,25DEC26,190000,,P,BTC-25DEC26-190000-P
0.5105,0.5125,68.7,0.511246,1780406840800,0.0,62.2,70229.46,BTC-25DEC26,68982.19,0.5115,68983.51,25DEC26,35000,,C,BTC-25DEC26-35000-C
1.2025,1.371,0.0,1.28050735,1780406840800,0.0,47.83,70229.46,BTC-25DEC26,68982.19,1.28675,68983.51,25DEC26,160000,,P,BTC-25DEC26-160000-P
0.005,0.0055,107.0,0.00524237,1780406840800,12.1,36.89,69259.19,BTC-31JUL26,68982.19,0.00525,68983.51,31JUL26,86000,,C,BTC-31JUL26-86000-C
0.007,0.008,7096.4,0.00751838,1780406840800,56.4,42.04,70229.46,BTC-25DEC26,68982.19,0.0075,68983.51,25DEC26,120000,,C,BTC-25DEC26-120000-C
0.0003,0.0004,0.0,0.00030551,1780406840800,0.0,45.22,68982.19,index_price,68982.19,0.00035,68983.51,6JUN26,76000,,C,BTC-6JUN26-76000-C
0.164,0.167,141.2,0.16482053,1780406840800,16.4,43.5,70877.35,BTC-26MAR27,68982.19,0.1655,68983.51,26MAR27,72000,,P,BTC-26MAR27-72000-P
0.0001,0.0002,3746.6,0.00015788,1780406840800,7.4,53.12,69099.81,BTC-26JUN26,68982.19,0.00015,68983.51,26JUN26,100000,,C,BTC-26JUN26-100000-C
0.0001,0.0003,0.0,0.00018634,1780406840800,0.0,51.82,68982.19,index_price,68982.19,0.0002,68983.51,6JUN26,78000,,C,BTC-6JUN26-78000-C
0.285,0.295,5.9,0.28852255,1780406840800,0.0,37.49,69259.19,BTC-31JUL26,68982.19,0.29,68983.51,31JUL26,89000,,P,BTC-31JUL26-89000-P
0.0026,0.0028,1561.3,0.00266629,1780406840800,9.6,46.53,70229.46,BTC-25DEC26,68982.19,0.0027,68983.51,25DEC26,150000,,C,BTC-25DEC26-150000-C
0.0003,0.0004,817.9,0.00036021,1780406840800,7.3,46.54,69099.81,BTC-26JUN26,68982.19,0.00035,68983.51,26JUN26,92000,,C,BTC-26JUN26-92000-C
0.0765,0.0785,49.8,0.07738187,1780406840800,0.1,46.71,70877.35,BTC-26MAR27,68982.19,0.0775,68983.51,26MAR27,58000,,P,BTC-26MAR27-58000-P
0.0105,0.011,1574.4,0.01065428,1780406840800,473.7,45.93,69099.81,BTC-26JUN26,68982.19,0.01075,68983.51,26JUN26,62000,,P,BTC-26JUN26-62000-P
,0.0001,5.1,1.77e-06,1780406840800,4.0,59.23,68982.19,index_price,68982.19,,68983.51,4JUN26,80000,,C,BTC-4JUN26-80000-C
0.0135,0.0145,36.0,0.01392491,1780406840800,17.7,47.02,69431.64,BTC-28AUG26,68982.19,0.014,68983.51,28AUG26,54000,,P,BTC-28AUG26-54000-P
0.02,0.021,365.0,0.02050032,1780406840800,370.1,36.52,69431.64,BTC-28AUG26,68982.19,0.0205,68983.51,28AUG26,81000,,C,BTC-28AUG26-81000-C
0.004,0.0044,0.5,0.00424861,1780406840800,0.5,38.41,69423.43,BTC-28AUG26,68982.19,0.0042,68983.51,28AUG26,95000,,C,BTC-28AUG26-95000-C
0.0002,0.0003,3826.1,0.00024688,1780406840800,36.9,48.85,69099.81,BTC-26JUN26,68982.19,0.00025,68983.51,26JUN26,95000,,C,BTC-26JUN26-95000-C
0.0009,0.0011,0.2,0.00092958,1780406840800,0.2,67.35,68982.19,index_price,68982.19,0.001,68983.51,6JUN26,61000,,P,BTC-6JUN26-61000-P
0.015,0.016,343.1,0.01544427,1780406840800,0.1,37.3,69628.66,BTC-25SEP26,68982.19,0.0155,68983.51,25SEP26,88000,,C,BTC-25SEP26-88000-C
0.1565,0.159,15.9,0.15794526,1780406840800,0.1,43.44,70229.46,BTC-25DEC26,68982.19,0.15775,68983.51,25DEC26,66000,,C,BTC-25DEC26-66000-C
0.0185,0.0195,59.8,0.01897426,1780406840800,1.0,40.32,70229.46,BTC-25DEC26,68982.19,0.019,68983.51,25DEC26,102000,,C,BTC-25DEC26-102000-C
,0.0002,39.4,9.17e-06,1780406840800,29.8,55.43,68974.53,index_price,68982.19,,68983.51,3JUN26,74500,,C,BTC-3JUN26-74500-C
0.077,0.078,2.0,0.07758127,1780406840800,1.0,38.46,69431.64,BTC-28AUG26,68982.19,0.0775,68983.51,28AUG26,69000,,C,BTC-28AUG26-69000-C
0.0355,0.037,15.8,0.03626511,1780406840800,0.9,41.76,70877.35,BTC-26MAR27,68982.19,0.03625,68983.51,26MAR27,104000,,C,BTC-26MAR27-104000-C
0.3675,0.377,0.0,0.37263136,1780406840800,0.0,38.41,69423.43,BTC-28AUG26,68982.19,0.37225,68983.51,28AUG26,95000,,P,BTC-28AUG26-95000-P
0.0016,0.0018,2188.5,0.00169144,1780406840800,1.3,49.64,70221.42,BTC-25DEC26,68982.19,0.0017,68983.51,25DEC26,170000,,C,BTC-25DEC26-170000-C
0.0001,0.0002,681.7,0.00015158,1780406840800,89.9,49.78,69018.59,BTC-12JUN26,68982.19,0.00015,68983.51,12JUN26,85000,,C,BTC-12JUN26-85000-C
0.124,0.126,423.2,0.1250937,1780406840800,1.0,40.77,69628.66,BTC-25SEP26,68982.19,0.125,68983.51,25SEP26,65000,,C,BTC-25SEP26-65000-C
0.841,0.8565,0.2,0.84688603,1780406840800,0.0,42.62,70877.35,BTC-26MAR27,68982.19,0.84875,68983.51,26MAR27,130000,,P,BTC-26MAR27-130000-P
0.2315,0.237,135.5,0.23397656,1780406840800,0.0,42.48,70877.35,BTC-26MAR27,68982.19,0.23425,68983.51,26MAR27,80000,,P,BTC-26MAR27-80000-P
0.015,0.0155,999.7,0.01538971,1780406840800,189.7,43.32,69099.81,BTC-26JUN26,68982.19,0.01525,68983.51,26JUN26,64000,,P,BTC-26JUN26-64000-P
0.1395,0.1425,0.0,0.14132695,1780406840800,0.0,41.51,69423.43,BTC-28AUG26,68982.19,0.141,68983.51,28AUG26,62000,,C,BTC-28AUG26-62000-C
0.062,0.0655,255.4,0.06362072,1780406840800,20.2,36.94,69018.59,BTC-12JUN26,68982.19,0.06375,68983.51,12JUN26,73000,,P,BTC-12JUN26-73000-P
,0.0001,174.0,4.67e-06,1780406840800,0.0,64.66,69621.0,BTC-25SEP26,68982.19,,68983.51,25SEP26,300000,,C,BTC-25SEP26-300000-C
0.4565,0.46,20.1,0.45812213,1780406840800,0.0,55.01,70877.35,BTC-26MAR27,68982.19,0.45825,68983.51,26MAR27,40000,,C,BTC-26MAR27-40000-C
0.0995,0.1375,0.0,0.10204488,1780406840800,0.0,56.42,68974.53,index_price,68982.19,0.1185,68983.51,3JUN26,76000,,P,BTC-3JUN26-76000-P
0.0007,0.001,161.5,0.00078712,1780406840800,1.1,47.62,69628.66,BTC-25SEP26,68982.19,0.00085,68983.51,25SEP26,135000,,C,BTC-25SEP26-135000-C
0.105,0.1065,282.0,0.10570983,1780406840800,16.1,38.56,69621.0,BTC-25SEP26,68982.19,0.10575,68983.51,25SEP26,72000,,P,BTC-25SEP26-72000-P
0.044,0.045,820.5,0.04439067,1780406840800,3.7,42.03,69628.66,BTC-25SEP26,68982.19,0.0445,68983.51,25SEP26,62000,,P,BTC-25SEP26-62000-P
0.0125,0.0135,384.1,0.01311485,1780406840800,387.4,37.58,69026.25,BTC-12JUN26,68982.19,0.013,68983.51,12JUN26,71000,,C,BTC-12JUN26-71000-C
0.0235,0.0245,128.5,0.0239039,1780406840800,16.2,36.13,69259.19,BTC-31JUL26,68982.19,0.024,68983.51,31JUL26,76000,,C,BTC-31JUL26-76000-C
,0.0001,122.8,3.57e-06,1780406840800,112.5,55.49,68974.53,index_price,68982.19,,68983.51,3JUN26,75000,,C,BTC-3JUN26-75000-C
0.285,0.2895,0.0,0.2880384,1780406840800,0.0,47.66,70877.35,BTC-26MAR27,68982.19,0.28725,68983.51,26MAR27,55000,,C,BTC-26MAR27-55000-C
0.222,0.2245,2.2,0.22318335,1780406840800,0.0,45.61,70877.35,BTC-26MAR27,68982.19,0.22325,68983.51,26MAR27,62000,,C,BTC-26MAR27-62000-C
0.0011,0.0014,40.9,0.00128577,1780406840800,0.8,42.93,69423.43,BTC-28AUG26,68982.19,0.00125,68983.51,28AUG26,110000,,C,BTC-28AUG26-110000-C
0.0055,0.006,10.5,0.00568381,1780406840800,10.5,39.64,68982.19,index_price,68982.19,0.00575,68983.51,6JUN26,71000,,C,BTC-6JUN26-71000-C
0.3005,0.3125,0.0,0.30497477,1780406840800,0.0,72.07,68973.91,BTC-5JUN26,68982.19,0.3065,68983.51,5JUN26,90000,,P,BTC-5JUN26-90000-P
0.0001,0.0003,159.0,0.00019352,1780406840800,197.8,47.09,68974.53,index_price,68982.19,0.0002,68983.51,3JUN26,72000,,C,BTC-3JUN26-72000-C
0.7195,0.7325,173.8,0.72503294,1780406840800,0.0,43.45,69628.66,BTC-25SEP26,68982.19,0.726,68983.51,25SEP26,120000,,P,BTC-25SEP26-120000-P
0.0011,0.0013,149.9,0.0011975,1780406840800,131.4,39.84,68973.91,BTC-5JUN26,68982.19,0.0012,68983.51,5JUN26,72500,,C,BTC-5JUN26-72500-C
0.0045,0.0049,9.0,0.00468475,1780406840800,5.0,38.16,69431.64,BTC-28AUG26,68982.19,0.0047,68983.51,28AUG26,94000,,C,BTC-28AUG26-94000-C
0.045,0.046,2979.2,0.04561635,1780406840800,666.7,37.78,69099.81,BTC-26JUN26,68982.19,0.0455,68983.51,26JUN26,70000,,P,BTC-26JUN26-70000-P
0.0001,0.0002,1428.5,0.00011303,1780406840800,107.9,67.15,68973.91,BTC-5JUN26,68982.19,0.00015,68983.51,5JUN26,80000,,C,BTC-5JUN26-80000-C
0.0016,0.002,340.9,0.0017985,1780406840800,222.1,60.12,69037.69,BTC-19JUN26,68982.19,0.0018,68983.51,19JUN26,55000,,P,BTC-19JUN26-55000-P
0.077,0.0785,654.6,0.0777658,1780406840800,22.0,42.15,69099.81,BTC-26JUN26,68982.19,0.07775,68983.51,26JUN26,65000,,C,BTC-26JUN26-65000-C
0.294,0.297,32.6,0.29555655,1780406840800,0.0,49.96,69628.66,BTC-25SEP26,68982.19,0.2955,68983.51,25SEP26,50000,,C,BTC-25SEP26-50000-C
0.0037,0.004,3.5,0.00387214,1780406840800,0.6,38.7,69431.64,BTC-28AUG26,68982.19,0.00385,68983.51,28AUG26,96000,,C,BTC-28AUG26-96000-C
0.0275,0.028,99.0,0.0277161,1780406840800,89.8,36.25,69259.19,BTC-31JUL26,68982.19,0.02775,68983.51,31JUL26,75000,,C,BTC-31JUL26-75000-C
,0.0001,0.0,0.0,1780406840800,0.0,60.97,68974.53,index_price,68982.19,,68983.51,3JUN26,81000,,C,BTC-3JUN26-81000-C
0.2995,0.3115,0.1,0.30404744,1780406840800,0.0,54.83,69018.59,BTC-12JUN26,68982.19,0.3055,68983.51,12JUN26,90000,,P,BTC-12JUN26-90000-P
0.007,0.008,263.8,0.00738691,1780406840800,11.1,38.25,69621.0,BTC-25SEP26,68982.19,0.0075,68983.51,25SEP26,96000,,C,BTC-25SEP26-96000-C
0.025,0.026,28.7,0.02563313,1780406840800,2.0,41.86,70877.35,BTC-26MAR27,68982.19,0.0255,68983.51,26MAR27,112000,,C,BTC-26MAR27-112000-C
0.0955,0.0975,171.8,0.09603662,1780406840800,13.5,42.25,70877.35,BTC-26MAR27,68982.19,0.0965,68983.51,26MAR27,82000,,C,BTC-26MAR27-82000-C
0.186,0.193,0.0,0.18904778,1780406840800,0.0,60.97,68974.53,index_price,68982.19,0.1895,68983.51,3JUN26,82000,,P,BTC-3JUN26-82000-P
0.0008,0.0009,1582.7,0.00075737,1780406840800,1035.3,39.36,69018.59,BTC-12JUN26,68982.19,0.00085,68983.51,12JUN26,78000,,C,BTC-12JUN26-78000-C
,0.0001,2651.1,9.19e-06,1780406840800,0.0,82.82,69099.81,BTC-26JUN26,68982.19,,68983.51,26JUN26,150000,,C,BTC-26JUN26-150000-C
0.0005,0.0008,260.8,0.00063031,1780406840800,0.0,46.17,69259.19,BTC-31JUL26,68982.19,0.00065,68983.51,31JUL26,108000,,C,BTC-31JUL26-108000-C
0.2305,0.2335,82.1,0.23237633,1780406840800,0.0,46.03,69621.0,BTC-25SEP26,68982.19,0.232,68983.51,25SEP26,55000,,C,BTC-25SEP26-55000-C
0.214,0.2205,38.5,0.21677105,1780406840800,0.0,38.93,69099.81,BTC-26JUN26,68982.19,0.21725,68983.51,26JUN26,84000,,P,BTC-26JUN26-84000-P
0.1175,0.1215,0.0,0.11912048,1780406840800,0.0,53.5,69026.25,BTC-12JUN26,68982.19,0.1195,68983.51,12JUN26,61000,,C,BTC-12JUN26-61000-C
0.0705,0.0715,2.0,0.07067082,1780406840800,1.1,38.62,69259.19,BTC-31JUL26,68982.19,0.071,68983.51,31JUL26,68000,,C,BTC-31JUL26-68000-C
0.0009,0.0011,196.5,0.00097835,1780406840801,1.0,41.62,69259.19,BTC-31JUL26,68982.19,0.001,68983.51,31JUL26,100000,,C,BTC-31JUL26-100000-C
0.1555,0.158,61.8,0.15697897,1780406840801,11.5,41.89,70221.42,BTC-25DEC26,68982.19,0.15675,68983.51,25DEC26,74000,,P,BTC-25DEC26-74000-P
0.059,0.0605,469.5,0.05973736,1780406840801,100.6,38.06,69628.66,BTC-25SEP26,68982.19,0.05975,68983.51,25SEP26,74000,,C,BTC-25SEP26-74000-C
0.1065,0.109,3.0,0.10781044,1780406840801,0.0,40.8,69259.19,BTC-31JUL26,68982.19,0.10775,68983.51,31JUL26,64000,,C,BTC-31JUL26-64000-C
0.119,0.1705,0.0,0.13100714,1780406840801,0.0,57.43,68982.19,index_price,68982.19,0.14475,68983.51,4JUN26,78000,,P,BTC-4JUN26-78000-P
0.005,0.0055,852.3,0.00533356,1780406840801,171.3,52.06,69099.81,BTC-26JUN26,68982.19,0.00525,68983.51,26JUN26,58000,,P,BTC-26JUN26-58000-P
0.0875,0.092,215.2,0.08915587,1780406840801,1.4,37.12,69018.59,BTC-12JUN26,68982.19,0.08975,68983.51,12JUN26,75000,,P,BTC-12JUN26-75000-P
0.13,0.1325,223.8,0.13113041,1780406840801,15.0,59.03,68973.91,BTC-5JUN26,68982.19,0.13125,68983.51,5JUN26,78000,,P,BTC-5JUN26-78000-P
0.0075,0.008,103.9,0.00772344,1780406840801,103.9,40.11,68982.19,index_price,68982.19,0.00775,68983.51,6JUN26,70500,,C,BTC-6JUN26-70500-C
0.058,0.0625,4.1,0.06024512,1780406840801,4.1,56.87,68973.91,BTC-5JUN26,68982.19,0.06025,68983.51,5JUN26,65000,,C,BTC-5JUN26-65000-C
,0.0001,203.9,0.0,1780406840801,0.0,60.97,68974.53,index_price,68982.19,,68983.51,3JUN26,80000,,C,BTC-3JUN26-80000-C
0.0565,0.058,603.8,0.05728853,1780406840801,2.2,40.7,70229.46,BTC-25DEC26,68982.19,0.05725,68983.51,25DEC26,84000,,C,BTC-25DEC26-84000-C
0.186,0.1925,0.0,0.18867907,1780406840801,0.0,40.17,69045.35,BTC-19JUN26,68982.19,0.18925,68983.51,19JUN26,82000,,P,BTC-19JUN26-82000-P
0.012,0.013,231.4,0.01259813,1780406840801,229.1,36.58,69423.43,BTC-28AUG26,68982.19,0.0125,68983.51,28AUG26,85000,,C,BTC-28AUG26-85000-C
0.14,0.1425,640.7,0.14111244,1780406840801,16.3,37.62,69621.0,BTC-25SEP26,68982.19,0.14125,68983.51,25SEP26,76000,,P,BTC-25SEP26-76000-P
0.003,0.0034,4.5,0.00323211,1780406840801,1.2,39.27,69423.43,BTC-28AUG26,68982.19,0.0032,68983.51,28AUG26,98000,,C,BTC-28AUG26-98000-C
0.157,0.1645,0.0,0.16004662,1780406840801,0.0,60.97,68974.53,index_price,68982.19,0.16075,68983.51,3JUN26,80000,,P,BTC-3JUN26-80000-P
0.0575,0.0655,0.0,0.06154244,1780406840801,0.0,54.26,68982.19,index_price,68982.19,0.0615,68983.51,6JUN26,65000,,C,BTC-6JUN26-65000-C
,0.0002,4.3,2.224e-05,1780406840801,1.1,51.71,68982.19,index_price,68982.19,,68983.51,4JUN26,76500,,C,BTC-4JUN26-76500-C
0.0025,0.0029,68.8,0.00273187,1780406840801,34.5,39.88,69423.43,BTC-28AUG26,68982.19,0.0027,68983.51,28AUG26,100000,,C,BTC-28AUG26-100000-C
0.091,0.093,277.3,0.09215257,1780406840801,4.0,41.6,70229.46,BTC-25DEC26,68982.19,0.092,68983.51,25DEC26,76000,,C,BTC-25DEC26-76000-C
0.0023,0.0026,77.1,0.00250284,1780406840801,79.4,42.34,68974.53,index_price,68982.19,0.00245,68983.51,3JUN26,70000,,C,BTC-3JUN26-70000-C
0.007,0.0075,81.2,0.00741111,1780406840801,25.2,48.0,68982.19,index_price,68982.19,0.00725,68983.51,4JUN26,68000,,P,BTC-4JUN26-68000-P
0.0001,0.0002,8.6,6.739e-05,1780406840801,7.0,51.26,68982.19,index_price,68982.19,0.00015,68983.51,4JUN26,75500,,C,BTC-4JUN26-75500-C
0.002,0.0022,63.2,0.00211793,1780406840801,71.3,60.39,68974.53,index_price,68982.19,0.0021,68983.51,3JUN26,67000,,P,BTC-3JUN26-67000-P
0.0001,0.0002,2563.8,0.0001478,1780406840801,223.3,116.73,69099.81,BTC-26JUN26,68982.19,0.00015,68983.51,26JUN26,30000,,P,BTC-26JUN26-30000-P
0.0175,0.0185,259.9,0.01821763,1780406840801,137.2,36.55,69423.43,BTC-28AUG26,68982.19,0.018,68983.51,28AUG26,82000,,C,BTC-28AUG26-82000-C
0.0165,0.0175,59.2,0.01690452,1780406840801,1.5,40.43,70229.46,BTC-25DEC26,68982.19,0.017,68983.51,25DEC26,104000,,C,BTC-25DEC26-104000-C
0.0185,0.019,5.5,0.01878642,1780406840801,7.7,38.43,69018.59,BTC-12JUN26,68982.19,0.01875,68983.51,12JUN26,70000,,C,BTC-12JUN26-70000-C
0.115,0.117,79.7,0.11626272,1780406840801,0.0,40.4,69628.66,BTC-25SEP26,68982.19,0.116,68983.51,25SEP26,66000,,C,BTC-25SEP26-66000-C
1.1515,1.3105,0.1,1.22674224,1780406840801,0.0,51.97,69628.66,BTC-25SEP26,68982.19,1.231,68983.51,25SEP26,155000,,P,BTC-25SEP26-155000-P
0.0035,0.0038,1039.5,0.00362376,1780406840801,1.0,40.03,69628.66,BTC-25SEP26,68982.19,0.00365,68983.51,25SEP26,105000,,C,BTC-25SEP26-105000-C
0.0485,0.0495,103.9,0.04874669,1780406840801,99.4,37.38,69259.19,BTC-31JUL26,68982.19,0.049,68983.51,31JUL26,71000,,C,BTC-31JUL26-71000-C
0.044,0.0445,1740.0,0.04430287,1780406840801,15.8,40.24,70229.46,BTC-25DEC26,68982.19,0.04425,68983.51,25DEC26,88000,,C,BTC-25DEC26-88000-C
0.036,0.0385,77.9,0.03710653,1780406840801,56.8,44.23,68974.53,index_price,68982.19,0.03725,68983.51,3JUN26,71500,,P,BTC-3JUN26-71500-P
0.0012,0.0014,1396.0,0.00127176,1780406840801,1079.5,38.29,69037.69,BTC-19JUN26,68982.19,0.0013,68983.51,19JUN26,80000,,C,BTC-19JUN26-80000-C
0.07,0.0735,1.0,0.07210027,1780406840801,0.0,42.83,69037.69,BTC-19JUN26,68982.19,0.07175,68983.51,19JUN26,65000,,C,BTC-19JUN26-65000-C
0.5115,0.522,0.0,0.51629075,1780406840801,0.0,41.77,70877.35,BTC-26MAR27,68982.19,0.51675,68983.51,26MAR27,105000,,P,BTC-26MAR27-105000-P
0.173,0.18,0.5,0.17536666,1780406840801,0.0,36.5,69423.43,BTC-28AUG26,68982.19,0.1765,68983.51,28AUG26,80000,,P,BTC-28AUG26-80000-P
0.0505,0.0545,280.5,0.05207855,1780406840801,25.4,37.04,69018.59,BTC-12JUN26,68982.19,0.0525,68983.51,12JUN26,72000,,P,BTC-12JUN26-72000-P
0.021,0.022,1.0,0.02155274,1780406840801,1.0,44.18,68982.19,index_price,68982.19,0.0215,68983.51,6JUN26,68500,,C,BTC-6JUN26-68500-C
1.5175,1.7,37.1,1.60518968,1780406840801,0.0,85.89,69099.81,BTC-26JUN26,68982.19,1.60875,68983.51,26JUN26,180000,,P,BTC-26JUN26-180000-P
0.0003,0.0005,1054.4,0.00040045,1780406840801,14.7,42.69,69037.69,BTC-19JUN26,68982.19,0.0004,68983.51,19JUN26,85000,,C,BTC-19JUN26-85000-C
0.0047,0.0055,96.0,0.00485944,1780406840801,98.3,44.33,68974.53,index_price,68982.19,0.0051,68983.51,3JUN26,69500,,C,BTC-3JUN26-69500-C
0.0038,0.0041,119.7,0.0039551,1780406840802,140.0,39.8,68974.36,BTC-5JUN26,68982.19,0.00395,68983.51,5JUN26,71000,,C,BTC-5JUN26-71000-C
0.5875,0.5975,929.2,0.59218786,1780406840802,0.0,61.98,69099.81,BTC-26JUN26,68982.19,0.5925,68983.51,26JUN26,110000,,P,BTC-26JUN26-110000-P
0.011,0.012,1.8,0.01133415,1780406840802,1.8,49.02,69423.43,BTC-28AUG26,68982.19,0.0115,68983.51,28AUG26,52000,,P,BTC-28AUG26-52000-P
0.203,0.21,196.8,0.20537773,1780406840802,2.3,37.03,69628.66,BTC-25SEP26,68982.19,0.2065,68983.51,25SEP26,82000,,P,BTC-25SEP26-82000-P
0.6005,0.6245,0.0,0.60597972,1780406840802,0.0,41.86,70877.35,BTC-26MAR27,68982.19,0.6125,68983.51,26MAR27,112000,,P,BTC-26MAR27-112000-P
0.0705,0.0805,0.6,0.07306541,1780406840802,1.0,55.33,68974.53,index_price,68982.19,0.0755,68983.51,3JUN26,74000,,P,BTC-3JUN26-74000-P
0.009,0.01,1243.2,0.0094254,1780406840802,105.9,36.07,69259.19,BTC-31JUL26,68982.19,0.0095,68983.51,31JUL26,82000,,C,BTC-31JUL26-82000-C
0.2295,0.232,39.6,0.23062973,1780406840802,0.0,45.99,70229.46,BTC-25DEC26,68982.19,0.23075,68983.51,25DEC26,58000,,C,BTC-25DEC26-58000-C
0.036,0.037,96.3,0.03634436,1780406840802,8.0,40.2,69259.19,BTC-31JUL26,68982.19,0.0365,68983.51,31JUL26,65000,,P,BTC-31JUL26-65000-P
0.047,0.0485,31.2,0.04761962,1780406840802,18.4,40.03,69431.64,BTC-28AUG26,68982.19,0.04775,68983.51,28AUG26,65000,,P,BTC-28AUG26-65000-P
0.5155,0.525,310.9,0.51987866,1780406840802,0.0,59.06,69099.81,BTC-26JUN26,68982.19,0.52025,68983.51,26JUN26,105000,,P,BTC-26JUN26-105000-P
0.078,0.107,0.2,0.08030258,1780406840802,0.2,55.43,68974.53,index_price,68982.19,0.0925,68983.51,3JUN26,74500,,P,BTC-3JUN26-74500-P
,0.0001,1944.0,7.49e-06,1780406840802,0.0,63.95,69099.81,BTC-26JUN26,68982.19,,68983.51,26JUN26,125000,,C,BTC-26JUN26-125000-C
0.228,0.235,2850.2,0.2310783,1780406840802,5.3,39.74,69099.81,BTC-26JUN26,68982.19,0.2315,68983.51,26JUN26,85000,,P,BTC-26JUN26-85000-P
0.71,0.711,103.6,0.71055343,1780406840802,0.2,144.1,69099.81,BTC-26JUN26,68982.19,0.7105,68983.51,26JUN26,20000,,C,BTC-26JUN26-20000-C
0.072,0.0745,14.2,0.07317058,1780406840802,0.4,46.46,68982.19,index_price,68982.19,0.07325,68983.51,4JUN26,74000,,P,BTC-4JUN26-74000-P
0.0635,0.065,189.6,0.06425691,1780406840802,15.5,40.4,69628.66,BTC-25SEP26,68982.19,0.06425,68983.51,25SEP26,66000,,P,BTC-25SEP26-66000-P
0.0535,0.0545,1666.7,0.05395192,1780406840802,43.1,40.65,70221.42,BTC-25DEC26,68982.19,0.054,68983.51,25DEC26,85000,,C,BTC-25DEC26-85000-C
0.4155,0.4245,0.7,0.41976722,1780406840802,0.0,40.25,70229.46,BTC-25DEC26,68982.19,0.42,68983.51,25DEC26,98000,,P,BTC-25DEC26-98000-P
0.3,0.3075,0.5,0.30339792,1780406840802,0.1,37.18,69431.64,BTC-28AUG26,68982.19,0.30375,68983.51,28AUG26,90000,,P,BTC-28AUG26-90000-P
0.114,0.116,55.8,0.11483041,1780406840802,34.3,42.68,70877.35,BTC-26MAR27,68982.19,0.115,68983.51,26MAR27,78000,,C,BTC-26MAR27-78000-C
0.066,0.068,457.5,0.06716961,1780406840802,2.0,41.17,69099.81,BTC-26JUN26,68982.19,0.067,68983.51,26JUN26,66000,,C,BTC-26JUN26-66000-C
0.234,0.2425,0.4,0.23694059,1780406840802,0.0,36.58,69423.43,BTC-28AUG26,68982.19,0.23825,68983.51,28AUG26,85000,,P,BTC-28AUG26-85000-P
1.776,1.9785,0.1,1.87280637,1780406840802,0.0,58.55,69628.66,BTC-25SEP26,68982.19,1.87725,68983.51,25SEP26,200000,,P,BTC-25SEP26-200000-P
0.0845,0.086,1.0,0.08538538,1780406840802,1.1,38.85,69431.64,BTC-28AUG26,68982.19,0.08525,68983.51,28AUG26,68000,,C,BTC-28AUG26-68000-C
0.8765,0.887,106.4,0.88157369,1780406840802,4.3,68.16,69099.81,BTC-26JUN26,68982.19,0.88175,68983.51,26JUN26,130000,,P,BTC-26JUN26-130000-P
0.0004,0.0006,0.0,0.00050159,1780406840802,0.0,43.23,68982.19,index_price,68982.19,0.0005,68983.51,6JUN26,75000,,C,BTC-6JUN26-75000-C
0.26,0.2645,0.0,0.26232465,1780406840802,0.0,49.02,69423.43,BTC-28AUG26,68982.19,0.26225,68983.51,28AUG26,52000,,C,BTC-28AUG26-52000-C
0.0255,0.028,25.7,0.0258313,1780406840802,20.4,40.64,68982.19,index_price,68982.19,0.02675,68983.51,4JUN26,70500,,P,BTC-4JUN26-70500-P
0.005,0.006,0.0,0.00566237,1780406840802,0.0,50.01,68982.19,index_price,68982.19,0.0055,68983.51,4JUN26,67500,,P,BTC-4JUN26-67500-P
0.0815,0.083,211.1,0.08215612,1780406840802,0.1,41.36,70229.46,BTC-25DEC26,68982.19,0.08225,68983.51,25DEC26,78000,,C,BTC-25DEC26-78000-C
0.0016,0.0017,2461.1,0.00165054,1780406840802,11.9,67.08,69099.81,BTC-26JUN26,68982.19,0.00165,68983.51,26JUN26,50000,,P,BTC-26JUN26-50000-P
0.239,0.2455,491.8,0.24148961,1780406840802,0.0,37.09,69628.66,BTC-25SEP26,68982.19,0.24225,68983.51,25SEP26,85000,,P,BTC-25SEP26-85000-P
0.043,0.0455,58.7,0.04423548,1780406840802,9.6,47.09,68974.53,index_price,68982.19,0.04425,68983.51,3JUN26,72000,,P,BTC-3JUN26-72000-P
0.2345,0.2375,0.0,0.23610735,1780406840802,0.0,47.02,69423.43,BTC-28AUG26,68982.19,0.236,68983.51,28AUG26,54000,,C,BTC-28AUG26-54000-C
,0.0001,290.8,0.0,1780406840802,0.0,72.07,68973.91,BTC-5JUN26,68982.19,,68983.51,5JUN26,95000,,C,BTC-5JUN26-95000-C
0.0005,0.0008,42.8,0.00063938,1780406840802,0.0,44.59,69259.19,BTC-31JUL26,68982.19,0.00065,68983.51,31JUL26,106000,,C,BTC-31JUL26-106000-C
0.0445,0.052,0.0,0.04878876,1780406840802,0.0,51.09,68982.19,index_price,68982.19,0.04825,68983.51,6JUN26,66000,,C,BTC-6JUN26-66000-C
0.0245,0.025,504.2,0.02475491,1780406840802,109.6,42.24,69259.19,BTC-31JUL26,68982.19,0.02475,68983.51,31JUL26,62000,,P,BTC-31JUL26-62000-P
0.11,0.1385,0.0,0.11651314,1780406840802,0.0,49.02,68982.19,index_price,68982.19,0.12425,68983.51,6JUN26,77000,,P,BTC-6JUN26-77000-P
0.029,0.0365,0.0,0.03276908,1780406840802,0.0,51.78,68982.19,index_price,68982.19,0.03275,68983.51,4JUN26,67000,,C,BTC-4JUN26-67000-C
0.378,0.3875,90.5,0.38187607,1780406840802,0.0,40.22,70229.46,BTC-25DEC26,68982.19,0.38275,68983.51,25DEC26,95000,,P,BTC-25DEC26-95000-P
