bid_price,ask_price,open_interest,mark_price,creation_timestamp_x,volume,mark_iv,underlying_price,underlying_index,estimated_delivery_price,mid_price,price_index,expiration_timestamp,strike,settlement_period,option_type,instrument_id
0.229,0.2385,0.2,0.23201714,1780406848545,0.0,68.54,68998.32,BTC-5JUN26,68999.11,0.23375,69004.96,5JUN26,85000,,P,BTC-5JUN26-85000-P
0.1305,0.1325,2970.9,0.13150877,1780406848545,6.2,37.86,69645.68,BTC-25SEP26,68999.11,0.1315,69004.96,25SEP26,75000,,P,BTC-25SEP26-75000-P
0.0033,0.0037,1436.8,0.00346531,1780406848545,5.9,44.77,70239.33,BTC-25DEC26,68999.11,0.0035,69004.96,25DEC26,140000,,C,BTC-25DEC26-140000-C
0.012,0.013,2245.4,0.01266973,1780406848545,214.5,37.36,69645.68,BTC-25SEP26,68999.11,0.0125,69004.96,25SEP26,90000,,C,BTC-25SEP26-90000-C
0.173,0.1755,148.1,0.17426022,1780406848545,1.7,41.6,70244.83,BTC-25DEC26,68999.11,0.17425,69004.96,25DEC26,76000,,P,BTC-25DEC26-76000-P
0.0003,0.0005,1202.3,0.00044162,1780406848545,0.1,58.35,70244.83,BTC-25DEC26,68999.11,0.0004,69004.96,25DEC26,250000,,C,BTC-25DEC26-250000-C
0.018,0.019,31.9,0.01873335,1780406848545,50.9,42.32,68998.32,BTC-5JUN26,68999.11,0.0185,69004.96,5JUN26,69500,,P,BTC-5JUN26-69500-P
0.161,0.163,901.1,0.16210489,1780406848545,0.9,43.84,70901.62,BTC-26MAR27,68999.11,0.162,69004.96,26MAR27,70000,,C,BTC-26MAR27-70000-C
0.357,0.3675,7.6,0.36024375,1780406848545,0.0,47.42,69123.41,BTC-26JUN26,68999.11,0.36225,69004.96,26JUN26,94000,,P,BTC-26JUN26-94000-P
0.0007,0.0009,14.1,0.00082872,1780406848545,29.0,40.66,68997.04,index_price,68999.11,0.0008,69004.96,4JUN26,72000,,C,BTC-4JUN26-72000-C
,0.0001,264.7,9.01e-06,1780406848545,0.0,85.88,69123.41,BTC-26JUN26,68999.11,,69004.96,26JUN26,155000,,C,BTC-26JUN26-155000-C
0.0085,0.0095,25.1,0.00906525,1780406848545,13.3,37.1,69456.29,BTC-28AUG26,68999.11,0.009,69004.96,28AUG26,88000,,C,BTC-28AUG26-88000-C
0.191,0.1975,104.0,0.19312135,1780406848545,0.0,36.07,69282.34,BTC-31JUL26,68999.11,0.19425,69004.96,31JUL26,82000,,P,BTC-31JUL26-82000-P
0.0007,0.0008,1064.7,0.00071417,1780406848545,27.4,40.49,69123.41,BTC-26JUN26,68999.11,0.00075,69004.96,26JUN26,86000,,C,BTC-26JUN26-86000-C
0.055,0.06,0.0,0.05828098,1780406848545,0.0,72.24,68997.04,index_price,68999.11,0.0575,69004.96,3JUN26,65000,,C,BTC-3JUN26-65000-C
0.0195,0.021,78.4,0.02049394,1780406848545,54.1,41.71,68997.04,index_price,68999.11,0.02025,69004.96,4JUN26,70000,,P,BTC-4JUN26-70000-P
0.1655,0.171,375.9,0.1677402,1780406848545,6.2,35.96,69282.34,BTC-31JUL26,68999.11,0.16825,69004.96,31JUL26,80000,,P,BTC-31JUL26-80000-P
0.073,0.0745,108.3,0.07376535,1780406848545,7.7,37.38,69282.34,BTC-31JUL26,68999.11,0.07375,69004.96,31JUL26,71000,,P,BTC-31JUL26-71000-P
0.6545,0.6695,0.1,0.66045113,1780406848545,0.0,49.75,69282.34,BTC-31JUL26,68999.11,0.662,69004.96,31JUL26,115000,,P,BTC-31JUL26-115000-P
,0.0001,8.0,5.3e-07,1780406848545,0.0,59.32,68997.04,index_price,68999.11,,69004.96,4JUN26,81000,,C,BTC-4JUN26-81000-C
0.0905,0.0925,532.1,0.09160297,1780406848545,58.1,43.7,70239.33,BTC-25DEC26,68999.11,0.0915,69004.96,25DEC26,65000,,P,BTC-25DEC26-65000-P
0.0095,0.01,0.6,0.00982091,1780406848545,0.6,46.72,68997.04,index_price,68999.11,0.00975,69004.96,6JUN26,67500,,P,BTC-6JUN26-67500-P
0.017,0.018,125.1,0.01729067,1780406848545,145.1,42.71,68997.04,index_price,68999.11,0.0175,69004.96,6JUN26,69000,,P,BTC-6JUN26-69000-P
0.0075,0.0085,801.4,0.00806479,1780406848545,404.9,36.12,69282.34,BTC-31JUL26,68999.11,0.008,69004.96,31JUL26,83000,,C,BTC-31JUL26-83000-C
0.055,0.063,0.0,0.05926578,1780406848545,0.0,60.99,68997.04,index_price,68999.11,0.059,69004.96,4JUN26,65000,,C,BTC-4JUN26-65000-C
0.0625,0.0635,14.2,0.06291141,1780406848545,0.0,38.15,69282.34,BTC-31JUL26,68999.11,0.063,69004.96,31JUL26,69000,,C,BTC-31JUL26-69000-C
0.032,0.035,324.2,0.03312796,1780406848545,172.1,39.8,68998.32,BTC-5JUN26,68999.11,0.0335,69004.96,5JUN26,71000,,P,BTC-5JUN26-71000-P
0.0375,0.039,12.1,0.03828001,1780406848545,10.6,40.97,69456.29,BTC-28AUG26,68999.11,0.03825,69004.96,28AUG26,63000,,P,BTC-28AUG26-63000-P
0.58,0.5935,0.0,0.58529438,1780406848545,0.0,42.92,69450.79,BTC-28AUG26,68999.11,0.58675,69004.96,28AUG26,110000,,P,BTC-28AUG26-110000-P
0.444,0.4465,53.2,0.4451333,1780406848545,0.0,57.65,70244.83,BTC-25DEC26,68999.11,0.44525,69004.96,25DEC26,40000,,C,BTC-25DEC26-40000-C
0.9195,0.9355,0.6,0.92627379,1780406848545,0.0,44.32,70244.83,BTC-25DEC26,68999.11,0.9275,69004.96,25DEC26,135000,,P,BTC-25DEC26-135000-P
0.057,0.06,24.9,0.05827278,1780406848545,0.9,55.34,68997.04,index_price,68999.11,0.0585,69004.96,3JUN26,73000,,P,BTC-3JUN26-73000-P
0.034,0.0355,101.0,0.03477416,1780406848545,0.4,41.77,70901.62,BTC-26MAR27,68999.11,0.03475,69004.96,26MAR27,105000,,C,BTC-26MAR27-105000-C
0.4495,0.484,11.7,0.45382534,1780406848545,0.0,41.75,70896.12,BTC-26MAR27,68999.11,0.46675,69004.96,26MAR27,100000,,P,BTC-26MAR27-100000-P
0.0215,0.0225,16.9,0.02185476,1780406848545,0.9,43.96,69456.29,BTC-28AUG26,68999.11,0.022,69004.96,28AUG26,58000,,P,BTC-28AUG26-58000-P
0.0965,0.099,1.0,0.0979621,1780406848545,1.0,40.2,69282.34,BTC-31JUL26,68999.11,0.09775,69004.96,31JUL26,65000,,C,BTC-31JUL26-65000-C
0.185,0.192,0.0,0.1869581,1780406848545,0.0,36.52,69450.79,BTC-28AUG26,68999.11,0.1885,69004.96,28AUG26,81000,,P,BTC-28AUG26-81000-P
0.0345,0.0385,0.0,0.03718498,1780406848546,0.0,48.24,68997.04,index_price,68999.11,0.0365,69004.96,6JUN26,67000,,C,BTC-6JUN26-67000-C
,0.0001,135.9,0.0,1780406848546,0.0,99.84,69123.41,BTC-26JUN26,68999.11,,69004.96,26JUN26,320000,,C,BTC-26JUN26-320000-C
0.0002,0.0003,222.6,0.00024885,1780406848546,0.4,47.42,69123.41,BTC-26JUN26,68999.11,0.00025,69004.96,26JUN26,94000,,C,BTC-26JUN26-94000-C
0.958,1.1,23.1,1.02553268,1780406848546,0.0,75.63,69117.91,BTC-26JUN26,68999.11,1.029,69004.96,26JUN26,140000,,P,BTC-26JUN26-140000-P
0.0575,0.0605,7.9,0.0585907,1780406848546,0.8,43.44,68997.04,index_price,68999.11,0.059,69004.96,4JUN26,73000,,P,BTC-4JUN26-73000-P
0.0085,0.0095,681.0,0.00905359,1780406848546,14.0,43.44,70901.62,BTC-26MAR27,68999.11,0.009,69004.96,26MAR27,140000,,C,BTC-26MAR27-140000-C
1.1675,1.325,1.8,1.24255367,1780406848546,0.0,85.88,69123.41,BTC-26JUN26,68999.11,1.24625,69004.96,26JUN26,155000,,P,BTC-26JUN26-155000-P
0.0002,0.0004,140.8,0.0003294,1780406848546,158.8,44.23,68997.04,index_price,68999.11,0.0003,69004.96,3JUN26,71500,,C,BTC-3JUN26-71500-C
0.191,0.1935,67.3,0.1922051,1780406848546,0.1,44.55,70244.83,BTC-25DEC26,68999.11,0.19225,69004.96,25DEC26,62000,,C,BTC-25DEC26-62000-C
0.0615,0.064,3227.8,0.06253226,1780406848546,340.7,36.68,69123.41,BTC-26JUN26,68999.11,0.06275,69004.96,26JUN26,72000,,P,BTC-26JUN26-72000-P
0.0024,0.0027,4997.7,0.00253134,1780406848546,994.5,36.6,69123.41,BTC-26JUN26,68999.11,0.00255,69004.96,26JUN26,80000,,C,BTC-26JUN26-80000-C
0.0001,0.0002,1333.1,0.00014714,1780406848546,3.7,52.01,69035.76,BTC-12JUN26,68999.11,0.00015,69004.96,12JUN26,86000,,C,BTC-12JUN26-86000-C
0.0435,0.049,1.1,0.04750895,1780406848546,1.1,53.33,68998.32,BTC-5JUN26,68999.11,0.04625,69004.96,5JUN26,66000,,C,BTC-5JUN26-66000-C
0.57,0.572,98.8,0.57136967,1780406848546,1.0,74.19,69645.68,BTC-25SEP26,68999.11,0.571,69004.96,25SEP26,30000,,C,BTC-25SEP26-30000-C
0.554,0.568,0.0,0.55958686,1780406848546,0.0,46.17,69282.34,BTC-31JUL26,68999.11,0.561,69004.96,31JUL26,108000,,P,BTC-31JUL26-108000-P
0.037,0.038,55.1,0.0372602,1780406848546,33.3,36.76,69282.34,BTC-31JUL26,68999.11,0.0375,69004.96,31JUL26,73000,,C,BTC-31JUL26-73000-C
0.0295,0.031,42.1,0.03049839,1780406848546,1.0,41.79,70901.62,BTC-26MAR27,68999.11,0.03025,69004.96,26MAR27,108000,,C,BTC-26MAR27-108000-C
0.6605,0.67,289.9,0.66386855,1780406848546,1.0,63.2,69123.41,BTC-26JUN26,68999.11,0.66525,69004.96,26JUN26,115000,,P,BTC-26JUN26-115000-P
1.657,1.8495,5.8,1.74892586,1780406848546,0.0,85.9,69123.41,BTC-26JUN26,68999.11,1.75325,69004.96,26JUN26,190000,,P,BTC-26JUN26-190000-P
0.0009,0.0011,86.2,0.00099789,1780406848546,92.5,66.65,68997.04,index_price,68999.11,0.001,69004.96,3JUN26,66000,,P,BTC-3JUN26-66000-P
0.0002,0.0006,352.6,0.00029262,1780406848546,0.0,55.52,69643.61,BTC-25SEP26,68999.11,0.0004,69004.96,25SEP26,170000,,C,BTC-25SEP26-170000-C
0.2095,0.212,137.5,0.21087929,1780406848546,0.0,45.2,70244.83,BTC-25DEC26,68999.11,0.21075,69004.96,25DEC26,60000,,C,BTC-25DEC26-60000-C
1.6375,1.8305,0.0,1.72834492,1780406848546,0.0,58.55,69643.61,BTC-25SEP26,68999.11,1.734,69004.96,25SEP26,190000,,P,BTC-25SEP26-190000-P
0.0011,0.0013,1112.6,0.00118719,1780406848546,4.1,40.77,69282.34,BTC-31JUL26,68999.11,0.0012,69004.96,31JUL26,98000,,C,BTC-31JUL26-98000-C
0.051,0.052,5.2,0.05158096,1780406848546,0.2,37.35,69456.29,BTC-28AUG26,68999.11,0.0515,69004.96,28AUG26,73000,,C,BTC-28AUG26-73000-C
0.008,0.009,393.1,0.00842751,1780406848546,515.0,45.25,69035.76,BTC-12JUN26,68999.11,0.0085,69004.96,12JUN26,65000,,P,BTC-12JUN26-65000-P
0.0475,0.049,163.7,0.04839408,1780406848546,200.7,37.29,69056.0,BTC-19JUN26,68999.11,0.04825,69004.96,19JUN26,71000,,P,BTC-19JUN26-71000-P
,0.0001,200.1,0.0,1780406848546,0.0,90.33,69123.41,BTC-26JUN26,68999.11,,69004.96,26JUN26,250000,,C,BTC-26JUN26-250000-C
0.0635,0.065,1213.2,0.06400555,1780406848546,0.0,47.66,70901.62,BTC-26MAR27,68999.11,0.06425,69004.96,26MAR27,55000,,P,BTC-26MAR27-55000-P
0.007,0.0075,197.6,0.00711448,1780406848546,58.1,36.54,69282.34,BTC-31JUL26,68999.11,0.00725,69004.96,31JUL26,84000,,C,BTC-31JUL26-84000-C
0.1875,0.1905,14.7,0.1885605,1780406848546,0.3,67.4,68998.32,BTC-5JUN26,68999.11,0.189,69004.96,5JUN26,82000,,P,BTC-5JUN26-82000-P
0.1855,0.1925,1.0,0.18804618,1780406848546,0.0,44.8,69035.76,BTC-12JUN26,68999.11,0.189,69004.96,12JUN26,82000,,P,BTC-12JUN26-82000-P
0.1955,0.1985,29.2,0.19729897,1780406848546,0.0,44.18,69645.68,BTC-25SEP26,68999.11,0.197,69004.96,25SEP26,58000,,C,BTC-25SEP26-58000-C
,0.0001,97.4,4e-08,1780406848546,0.0,60.97,68997.04,index_price,68999.11,,69004.96,3JUN26,78000,,C,BTC-3JUN26-78000-C
0.1305,0.135,2145.0,0.13281161,1780406848546,24.3,36.03,69123.41,BTC-26JUN26,68999.11,0.13275,69004.96,26JUN26,78000,,P,BTC-26JUN26-78000-P
0.524,0.5845,0.0,0.52844308,1780406848546,0.0,41.78,70901.62,BTC-26MAR27,68999.11,0.55425,69004.96,26MAR27,106000,,P,BTC-26MAR27-106000-P
0.029,0.03,11.1,0.02955996,1780406848546,11.1,40.1,68997.04,index_price,68999.11,0.0295,69004.96,6JUN26,70500,,P,BTC-6JUN26-70500-P
0.0017,0.002,27.3,0.00186913,1780406848546,4.0,41.49,69456.29,BTC-28AUG26,68999.11,0.00185,69004.96,28AUG26,105000,,C,BTC-28AUG26-105000-C
3.164,3.4655,0.0,3.30765352,1780406848546,0.0,64.66,69645.68,BTC-25SEP26,68999.11,3.31475,69004.96,25SEP26,300000,,P,BTC-25SEP26-300000-P
0.112,0.1205,0.0,0.1168492,1780406848546,0.0,67.39,68997.04,index_price,68999.11,0.11625,69004.96,6JUN26,61000,,C,BTC-6JUN26-61000-C
1.89,2.105,0.0,1.99053214,1780406848546,0.0,54.18,70239.33,BTC-25DEC26,68999.11,1.9975,69004.96,25DEC26,210000,,P,BTC-25DEC26-210000-P
0.0033,0.0036,543.5,0.00342262,1780406848546,0.6,66.85,69643.61,BTC-25SEP26,68999.11,0.00345,69004.96,25SEP26,35000,,P,BTC-25SEP26-35000-P
0.0365,0.0445,0.0,0.04049447,1780406848546,0.0,39.64,68997.04,index_price,68999.11,0.0405,69004.96,6JUN26,71500,,P,BTC-6JUN26-71500-P
0.0165,0.0175,83.5,0.01706967,1780406848546,42.4,41.61,69056.0,BTC-19JUN26,68999.11,0.017,69004.96,19JUN26,66000,,P,BTC-19JUN26-66000-P
0.053,0.054,182.0,0.05344705,1780406848546,1.3,41.16,69645.68,BTC-25SEP26,68999.11,0.0535,69004.96,25SEP26,64000,,P,BTC-25SEP26-64000-P
0.9325,1.0145,12.5,0.93923189,1780406848546,0.0,47.62,69643.61,BTC-25SEP26,68999.11,0.9735,69004.96,25SEP26,135000,,P,BTC-25SEP26-135000-P
0.017,0.018,265.2,0.01741986,1780406848546,201.9,45.42,69456.29,BTC-28AUG26,68999.11,0.0175,69004.96,28AUG26,56000,,P,BTC-28AUG26-56000-P
0.073,0.074,5652.8,0.07347382,1780406848546,305.7,41.25,70244.83,BTC-25DEC26,68999.11,0.0735,69004.96,25DEC26,80000,,C,BTC-25DEC26-80000-C
0.507,0.518,107.9,0.51090792,1780406848546,0.0,40.5,70244.83,BTC-25DEC26,68999.11,0.5125,69004.96,25DEC26,105000,,P,BTC-25DEC26-105000-P
1.753,1.9575,0.0,1.84825626,1780406848546,0.0,52.78,70239.33,BTC-25DEC26,68999.11,1.85525,69004.96,25DEC26,200000,,P,BTC-25DEC26-200000-P
0.0003,0.0006,137.9,0.000455,1780406848546,0.0,49.75,69282.34,BTC-31JUL26,68999.11,0.00045,69004.96,31JUL26,115000,,C,BTC-31JUL26-115000-C
0.0039,0.0043,367.4,0.00413133,1780406848546,163.4,53.33,68998.45,BTC-5JUN26,68999.11,0.0041,69004.96,5JUN26,66000,,P,BTC-5JUN26-66000-P
0.0635,0.1275,0.0,0.08733035,1780406848546,0.0,51.22,68997.04,index_price,68999.11,0.0955,69004.96,4JUN26,75000,,P,BTC-4JUN26-75000-P
0.026,0.027,217.4,0.02660374,1780406848546,254.9,39.68,69056.0,BTC-19JUN26,68999.11,0.0265,69004.96,19JUN26,68000,,P,BTC-19JUN26-68000-P
0.239,0.242,4.8,0.24086658,1780406848546,0.0,46.15,70901.62,BTC-26MAR27,68999.11,0.2405,69004.96,26MAR27,60000,,C,BTC-26MAR27-60000-C
1.34,1.5175,0.0,1.42199306,1780406848546,0.0,49.64,70244.83,BTC-25DEC26,68999.11,1.42875,69004.96,25DEC26,170000,,P,BTC-25DEC26-170000-P
0.1295,0.132,0.0,0.13107734,1780406848546,0.0,40.97,69450.79,BTC-28AUG26,68999.11,0.13075,69004.96,28AUG26,63000,,C,BTC-28AUG26-63000-C
,0.0001,657.0,3.99e-06,1780406848546,8.0,68.54,68998.32,BTC-5JUN26,68999.11,,69004.96,5JUN26,85000,,C,BTC-5JUN26-85000-C
0.074,0.0785,405.0,0.07581381,1780406848546,15.6,36.97,69041.26,BTC-12JUN26,68999.11,0.07625,69004.96,12JUN26,74000,,P,BTC-12JUN26-74000-P
0.1145,0.1155,1057.6,0.11505959,1780406848546,2.0,42.12,70244.83,BTC-25DEC26,68999.11,0.115,69004.96,25DEC26,72000,,C,BTC-25DEC26-72000-C
0.0405,0.041,2661.6,0.04077019,1780406848546,141.0,37.25,69645.68,BTC-25SEP26,68999.11,0.04075,69004.96,25SEP26,78000,,C,BTC-25SEP26-78000-C
0.014,0.015,26.3,0.01443496,1780406848546,36.0,44.18,68997.04,index_price,68999.11,0.0145,69004.96,6JUN26,68500,,P,BTC-6JUN26-68500-P
0.1,0.105,298.5,0.10251134,1780406848546,1.0,37.56,69035.76,BTC-12JUN26,68999.11,0.1025,69004.96,12JUN26,76000,,P,BTC-12JUN26-76000-P
0.014,0.015,3394.7,0.0146153,1780406848546,49.0,57.65,70244.83,BTC-25DEC26,68999.11,0.0145,69004.96,25DEC26,40000,,P,BTC-25DEC26-40000-P
0.0022,0.0026,134.5,0.00250923,1780406848546,96.1,37.12,69041.26,BTC-12JUN26,68999.11,0.0024,69004.96,12JUN26,75000,,C,BTC-12JUN26-75000-C
0.0041,0.0044,982.2,0.00427204,1780406848546,17.5,44.32,70244.83,BTC-25DEC26,68999.11,0.00425,69004.96,25DEC26,135000,,C,BTC-25DEC26-135000-C
0.0105,0.011,1286.7,0.01105247,1780406848546,57.6,35.97,69282.34,BTC-31JUL26,68999.11,0.01075,69004.96,31JUL26,81000,,C,BTC-31JUL26-81000-C
0.052,0.0535,3.8,0.05274901,1780406848546,2.2,39.58,69456.29,BTC-28AUG26,68999.11,0.05275,69004.96,28AUG26,66000,,P,BTC-28AUG26-66000-P
,0.0001,941.3,8e-06,1780406848546,0.0,71.79,69123.41,BTC-26JUN26,68999.11,,69004.96,26JUN26,135000,,C,BTC-26JUN26-135000-C
0.02,0.021,513.3,0.02059483,1780406848546,8.9,36.01,69282.34,BTC-31JUL26,68999.11,0.0205,69004.96,31JUL26,77000,,C,BTC-31JUL26-77000-C
0.0025,0.0028,1160.8,0.00268414,1780406848546,73.8,56.87,68998.32,BTC-5JUN26,68999.11,0.00265,69004.96,5JUN26,65000,,P,BTC-5JUN26-65000-P
0.0015,0.0017,472.9,0.00163101,1780406848546,312.5,37.56,69035.76,BTC-12JUN26,68999.11,0.0016,69004.96,12JUN26,76000,,C,BTC-12JUN26-76000-C
0.492,0.504,0.0,0.49758666,1780406848546,0.0,40.43,70244.83,BTC-25DEC26,68999.11,0.498,69004.96,25DEC26,104000,,P,BTC-25DEC26-104000-P
0.103,0.108,250.2,0.1050101,1780406848546,0.1,36.49,69056.0,BTC-19JUN26,68999.11,0.1055,69004.96,19JUN26,76000,,P,BTC-19JUN26-76000-P
0.085,0.123,0.0,0.087146,1780406848546,0.0,55.51,68997.04,index_price,68999.11,0.104,69004.96,3JUN26,75000,,P,BTC-3JUN26-75000-P
0.262,0.267,546.0,0.26416661,1780406848546,0.0,40.65,70244.83,BTC-25DEC26,68999.11,0.2645,69004.96,25DEC26,85000,,P,BTC-25DEC26-85000-P
0.0002,0.0003,808.0,0.00025425,1780406848546,4.6,44.8,69035.76,BTC-12JUN26,68999.11,0.00025,69004.96,12JUN26,82000,,C,BTC-12JUN26-82000-C
0.251,0.256,47.0,0.25326945,1780406848546,0.0,40.7,70244.83,BTC-25DEC26,68999.11,0.2535,69004.96,25DEC26,84000,,P,BTC-25DEC26-84000-P
0.012,0.0125,63.1,0.01241685,1780406848546,18.3,44.23,68997.04,index_price,68999.11,0.01225,69004.96,4JUN26,69000,,P,BTC-4JUN26-69000-P
0.0055,0.0065,1001.4,0.0060803,1780406848546,228.2,36.64,69282.34,BTC-31JUL26,68999.11,0.006,69004.96,31JUL26,85000,,C,BTC-31JUL26-85000-C
,0.0001,696.8,8.8e-07,1780406848546,0.0,72.07,68998.32,BTC-5JUN26,68999.11,,69004.96,5JUN26,88000,,C,BTC-5JUN26-88000-C
0.2265,0.2345,33.9,0.22890003,1780406848546,0.0,37.05,69645.68,BTC-25SEP26,68999.11,0.2305,69004.96,25SEP26,84000,,P,BTC-25SEP26-84000-P
1.4555,1.646,0.0,1.54219055,1780406848546,0.0,47.02,70901.62,BTC-26MAR27,68999.11,1.55075,69004.96,26MAR27,180000,,P,BTC-26MAR27-180000-P
3.7545,4.0995,0.0,3.91913022,1780406848546,0.0,102.06,69123.41,BTC-26JUN26,68999.11,3.927,69004.96,26JUN26,340000,,P,BTC-26JUN26-340000-P
0.0055,0.006,12.8,0.00576456,1780406848546,12.8,41.71,68997.04,index_price,68999.11,0.00575,69004.96,4JUN26,70000,,C,BTC-4JUN26-70000-C
1.3075,1.475,0.5,1.38722771,1780406848546,0.0,85.89,69123.41,BTC-26JUN26,68999.11,1.39125,69004.96,26JUN26,165000,,P,BTC-26JUN26-165000-P
0.0765,0.081,0.2,0.07931762,1780406848546,0.1,47.07,69035.76,BTC-12JUN26,68999.11,0.07875,69004.96,12JUN26,64000,,C,BTC-12JUN26-64000-C
0.4685,0.4815,0.1,0.4732492,1780406848546,0.0,43.0,69276.84,BTC-31JUL26,68999.11,0.475,69004.96,31JUL26,102000,,P,BTC-31JUL26-102000-P
0.327,0.3375,0.4,0.33029745,1780406848546,0.0,38.46,69282.34,BTC-31JUL26,68999.11,0.33225,69004.96,31JUL26,92000,,P,BTC-31JUL26-92000-P
0.0004,0.0007,759.1,0.00048478,1780406848546,0.0,51.2,69643.61,BTC-25SEP26,68999.11,0.00055,69004.96,25SEP26,150000,,C,BTC-25SEP26-150000-C
,0.0002,819.9,7.5e-06,1780406848546,6.1,67.88,68998.32,BTC-5JUN26,68999.11,,69004.96,5JUN26,84000,,C,BTC-5JUN26-84000-C
0.053,0.0565,1.1,0.05519709,1780406848546,1.1,43.66,69035.76,BTC-12JUN26,68999.11,0.05475,69004.96,12JUN26,66000,,C,BTC-12JUN26-66000-C
0.804,0.8155,75.4,0.80851131,1780406848546,0.0,63.95,69123.41,BTC-26JUN26,68999.11,0.80975,69004.96,26JUN26,125000,,P,BTC-26JUN26-125000-P
0.0017,0.002,0.8,0.00187625,1780406848546,0.8,61.03,68997.04,index_price,68999.11,0.00185,69004.96,6JUN26,63000,,P,BTC-6JUN26-63000-P
1.29,1.4595,0.0,1.36954736,1780406848546,0.0,54.68,69645.68,BTC-25SEP26,68999.11,1.37475,69004.96,25SEP26,165000,,P,BTC-25SEP26-165000-P
0.174,0.176,233.3,0.17504012,1780406848546,1.0,43.04,69645.68,BTC-25SEP26,68999.11,0.175,69004.96,25SEP26,60000,,C,BTC-25SEP26-60000-C
0.5775,0.589,116.7,0.58189197,1780406848546,0.0,40.74,69645.68,BTC-25SEP26,68999.11,0.58325,69004.96,25SEP26,110000,,P,BTC-25SEP26-110000-P
0.0365,0.0395,43.6,0.03788369,1780406848546,25.6,40.61,68997.04,index_price,68999.11,0.038,69004.96,4JUN26,71500,,P,BTC-4JUN26-71500-P
0.011,0.0115,164.8,0.01120516,1780406848546,58.8,36.39,69056.0,BTC-19JUN26,68999.11,0.01125,69004.96,19JUN26,73000,,C,BTC-19JUN26-73000-C
0.0042,0.0045,158.2,0.00436047,1780406848546,95.7,36.49,69061.5,BTC-19JUN26,68999.11,0.00435,69004.96,19JUN26,76000,,C,BTC-19JUN26-76000-C
0.0001,0.0002,7.0,0.00018155,1780406848546,0.8,47.88,69056.0,BTC-19JUN26,68999.11,0.00015,69004.96,19JUN26,90000,,C,BTC-19JUN26-90000-C
4.48,4.5205,0.2,4.49785143,1780406848546,0.0,102.24,69123.41,BTC-26JUN26,68999.11,4.50025,69004.96,26JUN26,380000,,P,BTC-26JUN26-380000-P
0.1015,0.1035,0.0,0.10234621,1780406848546,0.0,39.58,69450.79,BTC-28AUG26,68999.11,0.1025,69004.96,28AUG26,66000,,C,BTC-28AUG26-66000-C
0.0046,0.0055,1507.4,0.00506906,1780406848546,1.9,43.52,70244.83,BTC-25DEC26,68999.11,0.00505,69004.96,25DEC26,130000,,C,BTC-25DEC26-130000-C
,0.0002,247.6,2.405e-05,1780406848546,0.9,61.2,69645.68,BTC-25SEP26,68999.11,,69004.96,25SEP26,240000,,C,BTC-25SEP26-240000-C
0.217,0.2235,31.5,0.21963339,1780406848546,0.0,36.54,69276.84,BTC-31JUL26,68999.11,0.22025,69004.96,31JUL26,84000,,P,BTC-31JUL26-84000-P
0.061,0.0625,66.2,0.06157509,1780406848546,0.0,41.78,70901.62,BTC-26MAR27,68999.11,0.06175,69004.96,26MAR27,92000,,C,BTC-26MAR27-92000-C
0.0002,0.0003,0.0,0.00025721,1780406848546,0.0,49.02,68997.04,index_price,68999.11,0.00025,69004.96,6JUN26,77000,,C,BTC-6JUN26-77000-C
0.0001,0.0002,458.3,0.00014036,1780406848546,4.9,63.54,68998.32,BTC-5JUN26,68999.11,0.00015,69004.96,5JUN26,79000,,C,BTC-5JUN26-79000-C
0.4965,0.511,0.0,0.50201625,1780406848546,0.0,44.11,69276.84,BTC-31JUL26,68999.11,0.50375,69004.96,31JUL26,104000,,P,BTC-31JUL26-104000-P
0.0395,0.0405,97.9,0.04004281,1780406848546,18.9,37.99,69061.5,BTC-19JUN26,68999.11,0.04,69004.96,19JUN26,70000,,P,BTC-19JUN26-70000-P
0.402,0.411,1.4,0.40556214,1780406848546,1.0,41.69,70901.62,BTC-26MAR27,68999.11,0.4065,69004.96,26MAR27,96000,,P,BTC-26MAR27-96000-P
0.042,0.0435,60.2,0.04270473,1780406848546,1.3,40.5,69456.29,BTC-28AUG26,68999.11,0.04275,69004.96,28AUG26,64000,,P,BTC-28AUG26-64000-P
0.156,0.2115,0.0,0.18868313,1780406848546,0.0,59.32,68997.04,index_price,68999.11,0.18375,69004.96,4JUN26,82000,,P,BTC-4JUN26-82000-P
0.6485,0.6605,91.7,0.65312787,1780406848546,0.0,42.23,69645.68,BTC-25SEP26,68999.11,0.6545,69004.96,25SEP26,115000,,P,BTC-25SEP26-115000-P
0.012,0.0125,2.5,0.01230886,1780406848546,3.6,45.09,68998.32,BTC-5JUN26,68999.11,0.01225,69004.96,5JUN26,68500,,P,BTC-5JUN26-68500-P
0.1375,0.141,440.2,0.13937683,1780406848546,5.4,48.91,69123.41,BTC-26JUN26,68999.11,0.13925,69004.96,26JUN26,60000,,C,BTC-26JUN26-60000-C
0.0545,0.0555,1909.0,0.05459657,1780406848546,169.0,37.86,69645.68,BTC-25SEP26,68999.11,0.055,69004.96,25SEP26,75000,,C,BTC-25SEP26-75000-C
0.5115,0.5245,0.0,0.51635207,1780406848546,0.0,44.24,69282.34,BTC-31JUL26,68999.11,0.518,69004.96,31JUL26,105000,,P,BTC-31JUL26-105000-P
0.209,0.217,0.0,0.21138643,1780406848546,0.0,36.56,69450.79,BTC-28AUG26,68999.11,0.213,69004.96,28AUG26,83000,,P,BTC-28AUG26-83000-P
,0.0001,554.4,1.4e-07,1780406848546,0.0,85.9,69123.41,BTC-26JUN26,68999.11,,69004.96,26JUN26,190000,,C,BTC-26JUN26-190000-C
0.1145,0.117,275.8,0.11572694,1780406848546,0.1,44.93,70901.62,BTC-26MAR27,68999.11,0.11575,69004.96,26MAR27,65000,,P,BTC-26MAR27-65000-P
0.0865,0.0895,100.8,0.08836938,1780406848546,0.0,39.63,69282.34,BTC-31JUL26,68999.11,0.088,69004.96,31JUL26,66000,,C,BTC-31JUL26-66000-C
0.0555,0.0645,0.0,0.05951941,1780406848546,0.0,39.67,68997.04,index_price,68999.11,0.06,69004.96,6JUN26,73000,,P,BTC-6JUN26-73000-P
0.0005,0.001,150.9,0.00075164,1780406848546,0.3,54.18,70244.83,BTC-25DEC26,68999.11,0.00075,69004.96,25DEC26,210000,,C,BTC-25DEC26-210000-C
0.034,0.0355,221.0,0.0348562,1780406848547,0.1,40.21,70244.83,BTC-25DEC26,68999.11,0.03475,69004.96,25DEC26,92000,,C,BTC-25DEC26-92000-C
2.331,2.573,0.0,2.44614312,1780406848547,0.0,61.2,69645.68,BTC-25SEP26,68999.11,2.452,69004.96,25SEP26,240000,,P,BTC-25SEP26-240000-P
,0.0001,2755.6,1.695e-05,1780406848547,51.3,63.2,69123.41,BTC-26JUN26,68999.11,,69004.96,26JUN26,120000,,C,BTC-26JUN26-120000-C
0.0665,0.0685,297.3,0.0673591,1780406848547,199.3,41.85,70901.62,BTC-26MAR27,68999.11,0.0675,69004.96,26MAR27,90000,,C,BTC-26MAR27-90000-C
0.101,0.1035,404.3,0.10182741,1780406848547,19.0,51.54,68998.32,BTC-5JUN26,68999.11,0.10225,69004.96,5JUN26,76000,,P,BTC-5JUN26-76000-P
0.369,0.378,151.5,0.37214579,1780406848547,0.0,38.06,69645.68,BTC-25SEP26,68999.11,0.3735,69004.96,25SEP26,95000,,P,BTC-25SEP26-95000-P
0.05,0.0515,108.9,0.0505851,1780406848547,7.4,40.49,70244.83,BTC-25DEC26,68999.11,0.05075,69004.96,25DEC26,86000,,C,BTC-25DEC26-86000-C
1.1835,1.358,0.0,1.26205506,1780406848547,0.0,45.31,70896.12,BTC-26MAR27,68999.11,1.27075,69004.96,26MAR27,160000,,P,BTC-26MAR27-160000-P
0.1025,0.104,27.2,0.10326632,1780406848547,0.1,41.88,70239.33,BTC-25DEC26,68999.11,0.10325,69004.96,25DEC26,74000,,C,BTC-25DEC26-74000-C
0.015,0.0155,254.9,0.0151609,1780406848547,276.0,36.77,69061.5,BTC-19JUN26,68999.11,0.01525,69004.96,19JUN26,72000,,C,BTC-19JUN26-72000-C
0.0005,0.0007,1565.4,0.00051975,1780406848547,119.0,90.43,69123.41,BTC-26JUN26,68999.11,0.0006,69004.96,26JUN26,40000,,P,BTC-26JUN26-40000-P
0.09,0.093,103.0,0.09099687,1780406848547,74.9,36.76,69282.34,BTC-31JUL26,68999.11,0.0915,69004.96,31JUL26,73000,,P,BTC-31JUL26-73000-P
0.0295,0.0305,604.1,0.03011108,1780406848547,2.6,44.18,69645.68,BTC-25SEP26,68999.11,0.03,69004.96,25SEP26,58000,,P,BTC-25SEP26-58000-P
0.09,0.0945,2.0,0.09224566,1780406848547,0.0,36.47,69056.0,BTC-19JUN26,68999.11,0.09225,69004.96,19JUN26,75000,,P,BTC-19JUN26-75000-P
0.271,0.2745,9.8,0.27325295,1780406848547,0.0,47.75,70239.33,BTC-25DEC26,68999.11,0.27275,69004.96,25DEC26,54000,,C,BTC-25DEC26-54000-C
3.195,3.4995,0.0,3.34040902,1780406848547,0.0,95.76,69123.41,BTC-26JUN26,68999.11,3.34725,69004.96,26JUN26,300000,,P,BTC-26JUN26-300000-P
0.0006,0.0011,942.4,0.00084626,1780406848547,0.0,52.78,70239.33,BTC-25DEC26,68999.11,0.00085,69004.96,25DEC26,200000,,C,BTC-25DEC26-200000-C
0.0055,0.0065,533.5,0.00597564,1780406848547,371.3,36.94,69041.26,BTC-12JUN26,68999.11,0.006,69004.96,12JUN26,73000,,C,BTC-12JUN26-73000-C
0.0001,0.0002,40.0,0.0001203,1780406848547,28.3,51.22,68997.04,index_price,68999.11,0.00015,69004.96,4JUN26,75000,,C,BTC-4JUN26-75000-C
0.0145,0.0155,2.9,0.0150973,1780406848547,2.9,43.57,68998.32,BTC-5JUN26,68999.11,0.015,69004.96,5JUN26,69000,,C,BTC-5JUN26-69000-C
0.044,0.047,638.7,0.04545797,1780406848547,44.0,39.81,68998.32,BTC-5JUN26,68999.11,0.0455,69004.96,5JUN26,72000,,P,BTC-5JUN26-72000-P
0.2425,0.2485,29.9,0.24496505,1780406848547,0.0,40.49,69117.91,BTC-26JUN26,68999.11,0.2455,69004.96,26JUN26,86000,,P,BTC-26JUN26-86000-P
,0.0001,248.8,4.09e-06,1780406848547,0.0,66.78,69645.68,BTC-25SEP26,68999.11,,69004.96,25SEP26,320000,,C,BTC-25SEP26-320000-C
0.3785,0.3815,48.3,0.38040444,1780406848547,0.0,53.23,70244.83,BTC-25DEC26,68999.11,0.38,69004.96,25DEC26,45000,,C,BTC-25DEC26-45000-C
,0.0002,100.6,5.478e-05,1780406848547,91.7,55.35,68997.04,index_price,68999.11,,69004.96,3JUN26,73500,,C,BTC-3JUN26-73500-C
,0.0001,174.2,0.0,1780406848547,0.5,102.24,69117.91,BTC-26JUN26,68999.11,,69004.96,26JUN26,360000,,C,BTC-26JUN26-360000-C
0.0007,0.0009,10.2,0.00081148,1780406848547,10.2,40.77,68997.04,index_price,68999.11,0.0008,69004.96,6JUN26,74000,,C,BTC-6JUN26-74000-C
0.012,0.013,889.7,0.01262156,1780406848547,201.7,36.01,69123.41,BTC-26JUN26,68999.11,0.0125,69004.96,26JUN26,74000,,C,BTC-26JUN26-74000-C
0.05,0.0525,32.5,0.05108244,1780406848547,0.3,52.37,68997.04,index_price,68999.11,0.05125,69004.96,3JUN26,72500,,P,BTC-3JUN26-72500-P
0.019,0.02,0.0,0.01945121,1780406848547,0.0,45.09,68998.32,BTC-5JUN26,68999.11,0.0195,69004.96,5JUN26,68500,,C,BTC-5JUN26-68500-C
,0.0002,214.5,1.54e-05,1780406848547,43.8,67.71,68998.32,BTC-5JUN26,68999.11,,69004.96,5JUN26,83000,,C,BTC-5JUN26-83000-C
0.1105,0.1115,272.0,0.11107355,1780406848547,2.7,43.06,70244.83,BTC-25DEC26,68999.11,0.111,69004.96,25DEC26,68000,,P,BTC-25DEC26-68000-P
0.0043,0.0047,288.5,0.00447989,1780406848547,6.2,36.97,69276.84,BTC-31JUL26,68999.11,0.0045,69004.96,31JUL26,87000,,C,BTC-31JUL26-87000-C
0.4255,0.455,0.2,0.42933215,1780406848547,0.0,41.66,70901.62,BTC-26MAR27,68999.11,0.44025,69004.96,26MAR27,98000,,P,BTC-26MAR27-98000-P
0.6415,0.6545,1.7,0.64677526,1780406848547,0.0,41.44,70244.83,BTC-25DEC26,68999.11,0.648,69004.96,25DEC26,115000,,P,BTC-25DEC26-115000-P
0.439,0.448,0.1,0.44274511,1780406848547,0.1,39.88,69450.79,BTC-28AUG26,68999.11,0.4435,69004.96,28AUG26,100000,,P,BTC-28AUG26-100000-P
0.016,0.019,117.7,0.0172511,1780406848547,133.0,42.33,68997.04,index_price,68999.11,0.0175,69004.96,3JUN26,70000,,P,BTC-3JUN26-70000-P
0.0016,0.002,818.9,0.00179576,1780406848547,17.2,39.12,69282.34,BTC-31JUL26,68999.11,0.0018,69004.96,31JUL26,94000,,C,BTC-31JUL26-94000-C
0.0225,0.0235,688.5,0.02275836,1780406848547,0.3,37.05,69643.61,BTC-25SEP26,68999.11,0.023,69004.96,25SEP26,84000,,C,BTC-25SEP26-84000-C
0.4655,0.4775,0.0,0.4711841,1780406848547,0.0,40.32,70244.83,BTC-25DEC26,68999.11,0.4715,69004.96,25DEC26,102000,,P,BTC-25DEC26-102000-P
0.002,0.0024,53.4,0.00231728,1780406848547,54.9,40.64,68997.04,index_price,68999.11,0.0022,69004.96,4JUN26,71000,,C,BTC-4JUN26-71000-C
0.0002,0.0005,131.1,0.0003405,1780406848547,0.0,54.68,69645.68,BTC-25SEP26,68999.11,0.00035,69004.96,25SEP26,165000,,C,BTC-25SEP26-165000-C
0.032,0.033,47.0,0.03272878,1780406848547,63.4,38.72,69056.0,BTC-19JUN26,68999.11,0.0325,69004.96,19JUN26,69000,,P,BTC-19JUN26-69000-P
0.411,0.4195,0.0,0.41444692,1780406848547,0.0,39.27,69450.79,BTC-28AUG26,68999.11,0.41525,69004.96,28AUG26,98000,,P,BTC-28AUG26-98000-P
0.058,0.0595,639.5,0.05859531,1780406848547,11.3,40.77,69645.68,BTC-25SEP26,68999.11,0.05875,69004.96,25SEP26,65000,,P,BTC-25SEP26-65000-P
0.0024,0.0027,16.3,0.00249767,1780406848547,10.6,56.31,68997.04,index_price,68999.11,0.00255,69004.96,4JUN26,66000,,P,BTC-4JUN26-66000-P
0.013,0.0135,1.0,0.01329474,1780406848547,1.0,51.02,68997.04,index_price,68999.11,0.01325,69004.96,3JUN26,68500,,C,BTC-3JUN26-68500-C
0.175,0.1785,0.0,0.1774026,1780406848547,0.0,45.51,69282.34,BTC-31JUL26,68999.11,0.17675,69004.96,31JUL26,58000,,C,BTC-31JUL26-58000-C
1.319,1.5015,0.1,1.40192505,1780406848547,0.0,46.11,70901.62,BTC-26MAR27,68999.11,1.41025,69004.96,26MAR27,170000,,P,BTC-26MAR27-170000-P
0.1265,0.131,1.9,0.12971297,1780406848547,0.0,42.24,69276.84,BTC-31JUL26,68999.11,0.12875,69004.96,31JUL26,62000,,C,BTC-31JUL26-62000-C
1.221,1.385,0.6,1.2977989,1780406848547,0.0,53.64,69645.68,BTC-25SEP26,68999.11,1.303,69004.96,25SEP26,160000,,P,BTC-25SEP26-160000-P
0.1805,0.185,718.4,0.18230329,1780406848547,14.0,37.09,69645.68,BTC-25SEP26,68999.11,0.18275,69004.96,25SEP26,80000,,P,BTC-25SEP26-80000-P
0.11,0.154,0.0,0.11621734,1780406848547,0.0,52.65,68997.04,index_price,68999.11,0.132,69004.96,4JUN26,77000,,P,BTC-4JUN26-77000-P
0.0014,0.0015,4431.0,0.00147669,1780406848547,1559.7,37.21,69123.41,BTC-26JUN26,68999.11,0.00145,69004.96,26JUN26,82000,,C,BTC-26JUN26-82000-C
0.0001,0.0004,749.7,0.00018986,1780406848547,0.0,56.38,69645.68,BTC-25SEP26,68999.11,0.00025,69004.96,25SEP26,180000,,C,BTC-25SEP26-180000-C
0.3335,0.341,14.0,0.33682172,1780406848547,0.0,41.85,70896.12,BTC-26MAR27,68999.11,0.33725,69004.96,26MAR27,90000,,P,BTC-26MAR27-90000-P
0.2995,0.307,1671.6,0.30255403,1780406848547,17.9,44.38,69123.41,BTC-26JUN26,68999.11,0.30325,69004.96,26JUN26,90000,,P,BTC-26JUN26-90000-P
0.0065,0.0075,44.7,0.00705738,1780406848547,6.9,37.18,69456.29,BTC-28AUG26,68999.11,0.007,69004.96,28AUG26,90000,,C,BTC-28AUG26-90000-C
0.0125,0.013,5863.8,0.01295936,1780406848547,174.3,35.96,69282.34,BTC-31JUL26,68999.11,0.01275,69004.96,31JUL26,80000,,C,BTC-31JUL26-80000-C
0.0865,0.0885,279.8,0.087175,1780406848547,2.3,46.15,70901.62,BTC-26MAR27,68999.11,0.0875,69004.96,26MAR27,60000,,P,BTC-26MAR27-60000-P
2.0765,2.2995,0.2,2.18296662,1780406848547,0.0,86.38,69123.41,BTC-26JUN26,68999.11,2.188,69004.96,26JUN26,220000,,P,BTC-26JUN26-220000-P
0.0002,0.0003,58.4,0.00026531,1780406848547,34.9,45.17,68997.04,index_price,68999.11,0.00025,69004.96,4JUN26,73500,,C,BTC-4JUN26-73500-C
0.1495,0.1545,8.0,0.15290028,1780406848547,0.0,43.78,69282.34,BTC-31JUL26,68999.11,0.152,69004.96,31JUL26,60000,,C,BTC-31JUL26-60000-C
0.372,0.3845,0.1,0.37695588,1780406848547,0.0,72.07,68998.32,BTC-5JUN26,68999.11,0.37825,69004.96,5JUN26,95000,,P,BTC-5JUN26-95000-P
0.015,0.0155,33.5,0.01520209,1780406848547,52.6,43.57,68998.32,BTC-5JUN26,68999.11,0.01525,69004.96,5JUN26,69000,,P,BTC-5JUN26-69000-P
0.165,0.1675,218.2,0.16619472,1780406848547,0.5,43.7,70244.83,BTC-25DEC26,68999.11,0.16625,69004.96,25DEC26,65000,,C,BTC-25DEC26-65000-C
0.003,0.0033,161.7,0.00311793,1780406848547,109.5,36.62,69056.0,BTC-19JUN26,68999.11,0.00315,69004.96,19JUN26,77000,,C,BTC-19JUN26-77000-C
0.051,0.054,20.9,0.05206068,1780406848547,0.0,39.83,68998.32,BTC-5JUN26,68999.11,0.0525,69004.96,5JUN26,72500,,P,BTC-5JUN26-72500-P
0.1995,0.2045,0.0,0.20297763,1780406848547,0.0,47.46,69282.34,BTC-31JUL26,68999.11,0.202,69004.96,31JUL26,56000,,C,BTC-31JUL26-56000-C
0.0008,0.0013,989.3,0.00104499,1780406848547,0.0,51.77,70244.83,BTC-25DEC26,68999.11,0.00105,69004.96,25DEC26,190000,,C,BTC-25DEC26-190000-C
0.507,0.518,104.4,0.51131329,1780406848547,0.0,40.03,69643.61,BTC-25SEP26,68999.11,0.5125,69004.96,25SEP26,105000,,P,BTC-25SEP26-105000-P
0.0185,0.0195,193.4,0.01898687,1780406848547,68.5,43.78,69282.34,BTC-31JUL26,68999.11,0.019,69004.96,31JUL26,60000,,P,BTC-31JUL26-60000-P
0.0002,0.0003,605.2,0.00021209,1780406848547,37.4,55.78,68998.45,BTC-5JUN26,68999.11,0.00025,69004.96,5JUN26,77000,,C,BTC-5JUN26-77000-C
0.0075,0.0085,3.4,0.00813655,1780406848547,3.4,48.24,68997.04,index_price,68999.11,0.008,69004.96,6JUN26,67000,,P,BTC-6JUN26-67000-P
2.1655,2.399,0.0,2.2750395,1780406848547,0.0,55.88,70244.83,BTC-25DEC26,68999.11,2.28225,69004.96,25DEC26,230000,,P,BTC-25DEC26-230000-P
0.071,0.072,1594.6,0.07166914,1780406848547,12.4,38.56,69645.68,BTC-25SEP26,68999.11,0.0715,69004.96,25SEP26,72000,,C,BTC-25SEP26-72000-C
0.861,0.8775,21.9,0.86749719,1780406848547,0.0,45.7,69645.68,BTC-25SEP26,68999.11,0.86925,69004.96,25SEP26,130000,,P,BTC-25SEP26-130000-P
0.0895,0.0905,1493.4,0.09010999,1780406848547,80.0,39.1,69643.61,BTC-25SEP26,68999.11,0.09,69004.96,25SEP26,70000,,P,BTC-25SEP26-70000-P
0.0665,0.1305,0.0,0.09452756,1780406848547,0.0,51.3,68997.04,index_price,68999.11,0.0985,69004.96,4JUN26,75500,,P,BTC-4JUN26-75500-P
0.1585,0.1615,97.7,0.15965753,1780406848547,0.1,67.18,68998.32,BTC-5JUN26,68999.11,0.16,69004.96,5JUN26,80000,,P,BTC-5JUN26-80000-P
0.006,0.007,1771.5,0.0065748,1780406848547,0.0,44.12,70901.62,BTC-26MAR27,68999.11,0.0065,69004.96,26MAR27,150000,,C,BTC-26MAR27-150000-C
0.0205,0.0215,2160.1,0.02107169,1780406848547,2.5,53.23,70244.83,BTC-25DEC26,68999.11,0.021,69004.96,25DEC26,45000,,P,BTC-25DEC26-45000-P
,0.0001,2507.2,4.509e-05,1780406848547,1.0,63.2,69123.41,BTC-26JUN26,68999.11,,69004.96,26JUN26,115000,,C,BTC-26JUN26-115000-C
0.008,0.009,2.4,0.008557,1780406848547,2.4,42.74,68997.04,index_price,68999.11,0.0085,69004.96,4JUN26,69500,,C,BTC-4JUN26-69500-C
0.0001,0.0003,137.1,0.00018454,1780406848547,2.4,48.31,69035.76,BTC-12JUN26,68999.11,0.0002,69004.96,12JUN26,84000,,C,BTC-12JUN26-84000-C
0.0315,0.0325,2085.0,0.03210701,1780406848547,379.9,39.3,69123.41,BTC-26JUN26,68999.11,0.032,69004.96,26JUN26,68000,,P,BTC-26JUN26-68000-P
0.0011,0.0015,54.6,0.00141012,1780406848548,64.1,40.61,68997.04,index_price,68999.11,0.0013,69004.96,4JUN26,71500,,C,BTC-4JUN26-71500-C
3.4745,3.7995,0.0,3.62976962,1780406848548,0.0,99.84,69123.41,BTC-26JUN26,68999.11,3.637,69004.96,26JUN26,320000,,P,BTC-26JUN26-320000-P
,0.0002,278.7,3.414e-05,1780406848548,1.0,58.65,69643.61,BTC-25SEP26,68999.11,,69004.96,25SEP26,220000,,C,BTC-25SEP26-220000-C
0.0325,0.034,19.1,0.03329821,1780406848548,0.0,41.78,70901.62,BTC-26MAR27,68999.11,0.03325,69004.96,26MAR27,106000,,C,BTC-26MAR27-106000-C
0.022,0.025,47.2,0.02323034,1780406848548,52.7,42.32,68997.04,index_price,68999.11,0.0235,69004.96,3JUN26,70500,,P,BTC-3JUN26-70500-P
0.0225,0.0235,116.4,0.02310305,1780406848548,102.3,36.5,69456.29,BTC-28AUG26,68999.11,0.023,69004.96,28AUG26,80000,,C,BTC-28AUG26-80000-C
0.005,0.0055,4075.4,0.00529459,1780406848548,17.9,38.95,69645.68,BTC-25SEP26,68999.11,0.00525,69004.96,25SEP26,100000,,C,BTC-25SEP26-100000-C
0.046,0.048,28.4,0.0470284,1780406848548,0.1,41.66,70901.62,BTC-26MAR27,68999.11,0.047,69004.96,26MAR27,98000,,C,BTC-26MAR27-98000-C
0.089,0.0965,0.0,0.09239535,1780406848548,0.0,49.39,69041.26,BTC-12JUN26,68999.11,0.09275,69004.96,12JUN26,63000,,C,BTC-12JUN26-63000-C
,0.0001,8.0,1.4e-07,1780406848548,0.0,59.32,68997.04,index_price,68999.11,,69004.96,4JUN26,82000,,C,BTC-4JUN26-82000-C
0.0022,0.0025,287.5,0.00230054,1780406848548,11.7,38.46,69282.34,BTC-31JUL26,68999.11,0.00235,69004.96,31JUL26,92000,,C,BTC-31JUL26-92000-C
,0.0001,22.8,5.2e-07,1780406848548,3.3,59.32,68997.04,index_price,68999.11,,69004.96,3JUN26,76500,,C,BTC-3JUN26-76500-C
0.036,0.037,3456.4,0.03656988,1780406848548,52.5,43.04,69643.61,BTC-25SEP26,68999.11,0.0365,69004.96,25SEP26,60000,,P,BTC-25SEP26-60000-P
,0.0002,1166.5,3.017e-05,1780406848548,31.3,67.4,68998.32,BTC-5JUN26,68999.11,,69004.96,5JUN26,82000,,C,BTC-5JUN26-82000-C
0.139,0.1415,380.2,0.14012719,1780406848548,7.7,42.12,70239.33,BTC-25DEC26,68999.11,0.14025,69004.96,25DEC26,72000,,P,BTC-25DEC26-72000-P
0.2765,0.2795,1.0,0.27842537,1780406848548,0.0,47.36,70901.62,BTC-26MAR27,68999.11,0.278,69004.96,26MAR27,56000,,C,BTC-26MAR27-56000-C
0.001,0.0011,1118.9,0.00102293,1780406848548,204.6,38.91,69123.41,BTC-26JUN26,68999.11,0.00105,69004.96,26JUN26,84000,,C,BTC-26JUN26-84000-C
0.019,0.02,582.8,0.01952799,1780406848548,764.3,40.68,69041.26,BTC-12JUN26,68999.11,0.0195,69004.96,12JUN26,68000,,P,BTC-12JUN26-68000-P
0.0815,0.085,1465.2,0.08325929,1780406848548,37.7,36.01,69123.41,BTC-26JUN26,68999.11,0.08325,69004.96,26JUN26,74000,,P,BTC-26JUN26-74000-P
0.034,0.035,26.3,0.03429952,1780406848548,0.6,41.51,69456.29,BTC-28AUG26,68999.11,0.0345,69004.96,28AUG26,62000,,P,BTC-28AUG26-62000-P
0.204,0.21,31.4,0.20614895,1780406848548,0.0,36.12,69282.34,BTC-31JUL26,68999.11,0.207,69004.96,31JUL26,83000,,P,BTC-31JUL26-83000-P
4.034,4.3995,0.3,4.20849082,1780406848548,0.0,102.24,69123.41,BTC-26JUN26,68999.11,4.21675,69004.96,26JUN26,360000,,P,BTC-26JUN26-360000-P
0.0036,0.004,4.1,0.0038041,1780406848548,4.2,54.26,68997.04,index_price,68999.11,0.0038,69004.96,6JUN26,65000,,P,BTC-6JUN26-65000-P
,0.0001,1222.2,4.98e-06,1780406848548,0.0,85.89,69117.91,BTC-26JUN26,68999.11,,69004.96,26JUN26,160000,,C,BTC-26JUN26-160000-C
0.0205,0.0215,2359.4,0.02083103,1780406848548,352.7,36.68,69123.41,BTC-26JUN26,68999.11,0.021,69004.96,26JUN26,72000,,C,BTC-26JUN26-72000-C
0.2505,0.253,39.7,0.25147706,1780406848548,0.0,46.8,70244.83,BTC-25DEC26,68999.11,0.25175,69004.96,25DEC26,56000,,C,BTC-25DEC26-56000-C
0.203,0.207,0.0,0.20526566,1780406848548,0.0,60.12,69056.0,BTC-19JUN26,68999.11,0.205,69004.96,19JUN26,55000,,C,BTC-19JUN26-55000-C
0.0875,0.0905,30.2,0.08933561,1780406848548,0.0,43.31,69123.41,BTC-26JUN26,68999.11,0.089,69004.96,26JUN26,64000,,C,BTC-26JUN26-64000-C
0.2905,0.2965,2.3,0.29355771,1780406848548,0.0,42.01,70901.62,BTC-26MAR27,68999.11,0.2935,69004.96,26MAR27,86000,,P,BTC-26MAR27-86000-P
0.022,0.023,864.8,0.02249615,1780406848548,3.8,55.01,70901.62,BTC-26MAR27,68999.11,0.0225,69004.96,26MAR27,40000,,P,BTC-26MAR27-40000-P
,0.0001,813.7,0.0,1780406848548,0.0,89.15,69123.41,BTC-26JUN26,68999.11,,69004.96,26JUN26,230000,,C,BTC-26JUN26-230000-C
0.018,0.019,268.3,0.01857197,1780406848548,0.0,42.18,70901.62,BTC-26MAR27,68999.11,0.0185,69004.96,26MAR27,120000,,C,BTC-26MAR27-120000-C
0.1305,0.135,272.5,0.13207201,1780406848548,0.7,36.01,69282.34,BTC-31JUL26,68999.11,0.13275,69004.96,31JUL26,77000,,P,BTC-31JUL26-77000-P
1.9365,2.1495,0.0,2.03828633,1780406848548,0.0,86.33,69123.41,BTC-26JUN26,68999.11,2.043,69004.96,26JUN26,210000,,P,BTC-26JUN26-210000-P
,0.0001,57.2,3.1e-07,1780406848548,0.0,60.97,68997.04,index_price,68999.11,,69004.96,3JUN26,77000,,C,BTC-3JUN26-77000-C
0.022,0.0235,2987.1,0.02288471,1780406848548,546.1,41.18,68998.45,BTC-5JUN26,68999.11,0.02275,69004.96,5JUN26,70000,,P,BTC-5JUN26-70000-P
,0.0002,824.3,0.00016733,1780406848548,1.5,58.55,69643.61,BTC-25SEP26,68999.11,,69004.96,25SEP26,190000,,C,BTC-25SEP26-190000-C
0.1285,0.137,0.0,0.13062794,1780406848548,0.0,60.97,68997.04,index_price,68999.11,0.13275,69004.96,3JUN26,78000,,P,BTC-3JUN26-78000-P
0.0155,0.0165,13.2,0.01603831,1780406848548,13.9,42.74,68997.04,index_price,68999.11,0.016,69004.96,4JUN26,69500,,P,BTC-4JUN26-69500-P
1.3775,1.55,1.9,1.45956663,1780406848548,0.0,85.89,69123.41,BTC-26JUN26,68999.11,1.46375,69004.96,26JUN26,170000,,P,BTC-26JUN26-170000-P
0.0675,0.0695,62.2,0.06831322,1780406848548,0.0,47.36,70901.62,BTC-26MAR27,68999.11,0.0685,69004.96,26MAR27,56000,,P,BTC-26MAR27-56000-P
0.272,0.283,0.0,0.27549685,1780406848548,0.0,72.07,68998.32,BTC-5JUN26,68999.11,0.2775,69004.96,5JUN26,88000,,P,BTC-5JUN26-88000-P
0.133,0.1355,52.9,0.13448196,1780406848548,0.0,41.16,69645.68,BTC-25SEP26,68999.11,0.13425,69004.96,25SEP26,64000,,C,BTC-25SEP26-64000-C
0.0014,0.0017,29.5,0.00151449,1780406848548,36.8,60.99,68997.04,index_price,68999.11,0.00155,69004.96,4JUN26,65000,,P,BTC-4JUN26-65000-P
0.3555,0.3665,1.3,0.35866216,1780406848548,0.0,39.12,69282.34,BTC-31JUL26,68999.11,0.361,69004.96,31JUL26,94000,,P,BTC-31JUL26-94000-P
0.0001,0.0002,62.4,0.00015053,1780406848548,14.3,49.06,68997.04,index_price,68999.11,0.00015,69004.96,4JUN26,74500,,C,BTC-4JUN26-74500-C
0.026,0.0265,17.4,0.02628657,1780406848548,16.4,37.99,69056.0,BTC-19JUN26,68999.11,0.02625,69004.96,19JUN26,70000,,C,BTC-19JUN26-70000-C
0.0255,0.026,10.5,0.02594855,1780406848548,10.5,39.37,69035.76,BTC-12JUN26,68999.11,0.02575,69004.96,12JUN26,69000,,C,BTC-12JUN26-69000-C
0.081,0.0875,0.0,0.08400524,1780406848549,0.0,44.1,69056.0,BTC-19JUN26,68999.11,0.08425,69004.96,19JUN26,64000,,C,BTC-19JUN26-64000-C
0.004,0.0044,15.4,0.00421018,1780406848549,15.2,51.78,68997.04,index_price,68999.11,0.0042,69004.96,4JUN26,67000,,P,BTC-4JUN26-67000-P
0.216,0.2195,13.8,0.21752638,1780406848549,0.0,67.88,68998.32,BTC-5JUN26,68999.11,0.21775,69004.96,5JUN26,84000,,P,BTC-5JUN26-84000-P
2.0535,2.2755,1.8,2.15897661,1780406848549,0.0,58.65,69643.61,BTC-25SEP26,68999.11,2.1645,69004.96,25SEP26,220000,,P,BTC-25SEP26-220000-P
0.0025,0.0028,35.3,0.00278286,1780406848549,52.7,39.8,68998.45,BTC-5JUN26,68999.11,0.00265,69004.96,5JUN26,71500,,C,BTC-5JUN26-71500-C
0.317,0.3205,59.9,0.31912434,1780406848549,0.0,49.89,70244.83,BTC-25DEC26,68999.11,0.31875,69004.96,25DEC26,50000,,C,BTC-25DEC26-50000-C
0.0005,0.0006,370.1,0.00053349,1780406848549,69.8,40.33,69035.76,BTC-12JUN26,68999.11,0.00055,69004.96,12JUN26,79000,,C,BTC-12JUN26-79000-C
,0.0002,551.2,5.998e-05,1780406848549,7.9,67.3,68998.32,BTC-5JUN26,68999.11,,69004.96,5JUN26,81000,,C,BTC-5JUN26-81000-C
0.011,0.0115,409.8,0.01132357,1780406848549,160.1,47.46,69282.34,BTC-31JUL26,68999.11,0.01125,69004.96,31JUL26,56000,,P,BTC-31JUL26-56000-P
0.0037,0.0041,393.8,0.00388609,1780406848549,28.9,37.21,69282.34,BTC-31JUL26,68999.11,0.0039,69004.96,31JUL26,88000,,C,BTC-31JUL26-88000-C
0.005,0.0055,2380.1,0.00541793,1780406848549,44.5,60.43,69645.68,BTC-25SEP26,68999.11,0.00525,69004.96,25SEP26,40000,,P,BTC-25SEP26-40000-P
2.8855,3.168,0.0,3.020479,1780406848549,0.0,63.11,69645.68,BTC-25SEP26,68999.11,3.02675,69004.96,25SEP26,280000,,P,BTC-25SEP26-280000-P
0.1145,0.119,130.6,0.11647454,1780406848549,2.0,38.42,69035.76,BTC-12JUN26,68999.11,0.11675,69004.96,12JUN26,77000,,P,BTC-12JUN26-77000-P
0.0007,0.0009,662.9,0.00083726,1780406848549,598.5,40.42,68998.45,BTC-5JUN26,68999.11,0.0008,69004.96,5JUN26,73000,,C,BTC-5JUN26-73000-C
1.0275,1.175,4.6,1.09787325,1780406848549,0.0,79.3,69123.41,BTC-26JUN26,68999.11,1.10125,69004.96,26JUN26,145000,,P,BTC-26JUN26-145000-P
0.0375,0.0405,29.2,0.03912381,1780406848549,30.2,39.8,68998.32,BTC-5JUN26,68999.11,0.039,69004.96,5JUN26,71500,,P,BTC-5JUN26-71500-P
0.092,0.1285,0.0,0.09439125,1780406848549,0.0,55.62,68997.04,index_price,68999.11,0.11025,69004.96,3JUN26,75500,,P,BTC-3JUN26-75500-P
0.0275,0.0285,80.2,0.02803109,1780406848549,80.3,41.49,69282.34,BTC-31JUL26,68999.11,0.028,69004.96,31JUL26,63000,,P,BTC-31JUL26-63000-P
0.5825,0.597,1.1,0.58839051,1780406848549,0.0,47.17,69282.34,BTC-31JUL26,68999.11,0.58975,69004.96,31JUL26,110000,,P,BTC-31JUL26-110000-P
0.0008,0.0009,274.0,0.00090481,1780406848549,12.1,43.0,69282.34,BTC-31JUL26,68999.11,0.00085,69004.96,31JUL26,102000,,C,BTC-31JUL26-102000-C
0.0013,0.0016,279.4,0.00145725,1780406848549,65.7,39.96,69282.34,BTC-31JUL26,68999.11,0.00145,69004.96,31JUL26,96000,,C,BTC-31JUL26-96000-C
0.214,0.224,0.0,0.216947,1780406848549,0.0,48.31,69035.76,BTC-12JUN26,68999.11,0.219,69004.96,12JUN26,84000,,P,BTC-12JUN26-84000-P
0.2505,0.2555,3.7,0.25278621,1780406848549,0.1,42.25,70901.62,BTC-26MAR27,68999.11,0.253,69004.96,26MAR27,82000,,P,BTC-26MAR27-82000-P
0.173,0.1755,12.7,0.17456567,1780406848549,0.0,43.96,70244.83,BTC-25DEC26,68999.11,0.17425,69004.96,25DEC26,64000,,C,BTC-25DEC26-64000-C
0.3905,0.399,0.4,0.39389339,1780406848549,0.0,41.74,70896.12,BTC-26MAR27,68999.11,0.39475,69004.96,26MAR27,95000,,P,BTC-26MAR27-95000-P
0.0115,0.013,132.9,0.01241121,1780406848549,137.9,44.35,68997.04,index_price,68999.11,0.01225,69004.96,3JUN26,69500,,P,BTC-3JUN26-69500-P
0.0004,0.0008,130.6,0.00056809,1780406848549,0.8,47.17,69282.34,BTC-31JUL26,68999.11,0.0006,69004.96,31JUL26,110000,,C,BTC-31JUL26-110000-C
0.028,0.0295,1331.3,0.02905402,1780406848549,0.5,40.22,70244.83,BTC-25DEC26,68999.11,0.02875,69004.96,25DEC26,95000,,C,BTC-25DEC26-95000-C
0.726,0.742,0.0,0.73253429,1780406848549,0.0,52.06,69282.34,BTC-31JUL26,68999.11,0.734,69004.96,31JUL26,120000,,P,BTC-31JUL26-120000-P
0.0075,0.0085,2172.9,0.00805699,1780406848549,122.1,38.06,69645.68,BTC-25SEP26,68999.11,0.008,69004.96,25SEP26,95000,,C,BTC-25SEP26-95000-C
0.4995,0.5015,15.1,0.50086359,1780406848549,0.0,66.85,69645.68,BTC-25SEP26,68999.11,0.5005,69004.96,25SEP26,35000,,C,BTC-25SEP26-35000-C
,0.0001,556.1,0.0,1780406848549,0.0,89.88,69123.41,BTC-26JUN26,68999.11,,69004.96,26JUN26,240000,,C,BTC-26JUN26-240000-C
2.303,2.5465,0.0,2.41739911,1780406848549,0.0,57.47,70244.83,BTC-25DEC26,68999.11,2.42475,69004.96,25DEC26,240000,,P,BTC-25DEC26-240000-P
0.247,0.255,0.0,0.24953776,1780406848549,0.0,36.58,69450.79,BTC-28AUG26,68999.11,0.251,69004.96,28AUG26,86000,,P,BTC-28AUG26-86000-P
0.273,0.277,23.4,0.27497141,1780406848549,0.0,40.49,70244.83,BTC-25DEC26,68999.11,0.275,69004.96,25DEC26,86000,,P,BTC-25DEC26-86000-P
0.0255,0.0265,6.2,0.02590446,1780406848549,0.2,36.47,69456.29,BTC-28AUG26,68999.11,0.026,69004.96,28AUG26,79000,,C,BTC-28AUG26-79000-C
,0.0002,1130.0,9.705e-05,1780406848549,0.4,58.55,69645.68,BTC-25SEP26,68999.11,,69004.96,25SEP26,200000,,C,BTC-25SEP26-200000-C
0.1505,0.155,3.6,0.15239299,1780406848549,0.0,36.55,69450.79,BTC-28AUG26,68999.11,0.15275,69004.96,28AUG26,78000,,P,BTC-28AUG26-78000-P
0.0685,0.077,0.0,0.07318007,1780406848549,0.0,65.64,68997.04,index_price,68999.11,0.07275,69004.96,4JUN26,64000,,C,BTC-4JUN26-64000-C
0.008,0.009,69.6,0.00828344,1780406848549,110.4,41.18,68998.45,BTC-5JUN26,68999.11,0.0085,69004.96,5JUN26,70000,,C,BTC-5JUN26-70000-C
1.0475,1.214,1.6,1.12234584,1780406848549,1.6,44.12,70896.12,BTC-26MAR27,68999.11,1.13075,69004.96,26MAR27,150000,,P,BTC-26MAR27-150000-P
0.008,0.009,1648.7,0.00843291,1780406848549,306.0,54.59,69645.68,BTC-25SEP26,68999.11,0.0085,69004.96,25SEP26,45000,,P,BTC-25SEP26-45000-P
,0.0001,0.0,0.0,1780406848549,0.0,60.97,68997.04,index_price,68999.11,,69004.96,3JUN26,82000,,C,BTC-3JUN26-82000-C
0.027,0.0285,86.4,0.02793443,1780406848549,3.5,41.8,70901.62,BTC-26MAR27,68999.11,0.02775,69004.96,26MAR27,110000,,C,BTC-26MAR27-110000-C
0.0004,0.0008,477.8,0.00058349,1780406848549,0.0,50.23,69643.61,BTC-25SEP26,68999.11,0.0006,69004.96,25SEP26,145000,,C,BTC-25SEP26-145000-C
0.0145,0.016,111.3,0.01511791,1780406848549,72.7,42.31,70901.62,BTC-26MAR27,68999.11,0.01525,69004.96,26MAR27,125000,,C,BTC-26MAR27-125000-C
0.094,0.098,0.0,0.09630087,1780406848549,0.0,45.5,69061.5,BTC-19JUN26,68999.11,0.096,69004.96,19JUN26,63000,,C,BTC-19JUN26-63000-C
1.065,1.225,2.1,1.13822873,1780406848549,0.0,46.53,70239.33,BTC-25DEC26,68999.11,1.145,69004.96,25DEC26,150000,,P,BTC-25DEC26-150000-P
0.0002,0.0007,828.8,0.00038619,1780406848549,0.2,53.64,69645.68,BTC-25SEP26,68999.11,0.00045,69004.96,25SEP26,160000,,C,BTC-25SEP26-160000-C
0.041,0.046,0.0,0.04431274,1780406848549,0.0,66.65,68997.04,index_price,68999.11,0.0435,69004.96,3JUN26,66000,,C,BTC-3JUN26-66000-C
0.0013,0.0015,13.5,0.00132236,1780406848549,13.7,64.35,68997.04,index_price,68999.11,0.0014,69004.96,6JUN26,62000,,P,BTC-6JUN26-62000-P
0.1855,0.1915,207.3,0.18785588,1780406848549,0.2,37.21,69123.41,BTC-26JUN26,68999.11,0.1885,69004.96,26JUN26,82000,,P,BTC-26JUN26-82000-P
0.0235,0.025,186.4,0.02421944,1780406848549,0.0,40.25,70239.33,BTC-25DEC26,68999.11,0.02425,69004.96,25DEC26,98000,,C,BTC-25DEC26-98000-C
0.341,0.352,0.0,0.3444587,1780406848549,0.0,38.78,69282.34,BTC-31JUL26,68999.11,0.3465,69004.96,31JUL26,93000,,P,BTC-31JUL26-93000-P
0.0565,0.1175,0.0,0.08748526,1780406848549,0.0,43.22,68997.04,index_price,68999.11,0.087,69004.96,6JUN26,75000,,P,BTC-6JUN26-75000-P
0.547,0.558,0.0,0.55115786,1780406848549,0.0,40.71,70239.33,BTC-25DEC26,68999.11,0.5525,69004.96,25DEC26,108000,,P,BTC-25DEC26-108000-P
0.0165,0.017,0.0,0.01658524,1780406848549,0.0,46.1,68997.04,index_price,68999.11,0.01675,69004.96,4JUN26,68500,,C,BTC-4JUN26-68500-C
0.0175,0.0195,0.0,0.01868467,1780406848549,0.0,54.43,68997.04,index_price,68999.11,0.0185,69004.96,3JUN26,68000,,C,BTC-3JUN26-68000-C
0.355,0.365,0.0,0.35830477,1780406848549,0.0,38.16,69456.29,BTC-28AUG26,68999.11,0.36,69004.96,28AUG26,94000,,P,BTC-28AUG26-94000-P
0.0185,0.0195,621.7,0.01868257,1780406848549,24.0,37.1,69643.61,BTC-25SEP26,68999.11,0.019,69004.96,25SEP26,86000,,C,BTC-25SEP26-86000-C
0.009,0.01,2593.1,0.0095145,1780406848549,23.2,41.44,70244.83,BTC-25DEC26,68999.11,0.0095,69004.96,25DEC26,115000,,C,BTC-25DEC26-115000-C
0.0315,0.0325,525.8,0.03185376,1780406848549,21.1,40.8,69282.34,BTC-31JUL26,68999.11,0.032,69004.96,31JUL26,64000,,P,BTC-31JUL26-64000-P
0.0018,0.0022,95.3,0.00202705,1780406848549,8.0,38.78,69282.34,BTC-31JUL26,68999.11,0.002,69004.96,31JUL26,93000,,C,BTC-31JUL26-93000-C
0.9775,1.0725,0.0,0.98377323,1780406848549,0.0,43.44,70901.62,BTC-26MAR27,68999.11,1.025,69004.96,26MAR27,140000,,P,BTC-26MAR27-140000-P
0.0315,0.039,0.0,0.03475187,1780406848549,0.0,39.64,68997.04,index_price,68999.11,0.03525,69004.96,6JUN26,71000,,P,BTC-6JUN26-71000-P
0.085,0.0925,0.0,0.08881648,1780406848549,0.0,61.03,68997.04,index_price,68999.11,0.08875,69004.96,6JUN26,63000,,C,BTC-6JUN26-63000-C
0.21,0.2145,933.3,0.21243782,1780406848549,0.9,41.25,70244.83,BTC-25DEC26,68999.11,0.21225,69004.96,25DEC26,80000,,P,BTC-25DEC26-80000-P
0.0245,0.0255,135.6,0.02479442,1780406848549,1.3,45.47,69645.68,BTC-25SEP26,68999.11,0.025,69004.96,25SEP26,56000,,P,BTC-25SEP26-56000-P
0.1485,0.152,83.2,0.14946471,1780406848549,15.5,43.84,70901.62,BTC-26MAR27,68999.11,0.15025,69004.96,26MAR27,70000,,P,BTC-26MAR27-70000-P
0.0645,0.0675,26.1,0.06573116,1780406848549,1.1,45.17,68997.04,index_price,68999.11,0.066,69004.96,4JUN26,73500,,P,BTC-4JUN26-73500-P
0.244,0.251,15.2,0.24665839,1780406848549,0.0,36.89,69282.34,BTC-31JUL26,68999.11,0.2475,69004.96,31JUL26,86000,,P,BTC-31JUL26-86000-P
0.0011,0.0013,57.7,0.00131666,1780406848549,61.6,42.32,68997.04,index_price,68999.11,0.0012,69004.96,3JUN26,70500,,C,BTC-3JUN26-70500-C
0.2055,0.208,0.5,0.20687431,1780406848549,0.2,45.16,70901.62,BTC-26MAR27,68999.11,0.20675,69004.96,26MAR27,64000,,C,BTC-26MAR27-64000-C
0.2305,0.234,157.8,0.23228984,1780406848549,0.0,40.91,70239.33,BTC-25DEC26,68999.11,0.23225,69004.96,25DEC26,82000,,P,BTC-25DEC26-82000-P
0.0285,0.0295,16.4,0.02918968,1780406848549,1.5,36.55,69456.29,BTC-28AUG26,68999.11,0.029,69004.96,28AUG26,78000,,C,BTC-28AUG26-78000-C
0.0004,0.0006,722.9,0.00044568,1780406848549,31.9,42.7,68998.45,BTC-5JUN26,68999.11,0.0005,69004.96,5JUN26,74000,,C,BTC-5JUN26-74000-C
0.007,0.008,5074.2,0.00745985,1780406848549,1492.0,48.91,69123.41,BTC-26JUN26,68999.11,0.0075,69004.96,26JUN26,60000,,P,BTC-26JUN26-60000-P
0.3175,0.3255,596.1,0.32069687,1780406848549,0.0,40.23,70239.33,BTC-25DEC26,68999.11,0.3215,69004.96,25DEC26,90000,,P,BTC-25DEC26-90000-P
0.0015,0.0018,44.9,0.00162415,1780406848549,0.0,39.57,69282.34,BTC-31JUL26,68999.11,0.00165,69004.96,31JUL26,95000,,C,BTC-31JUL26-95000-C
0.0055,0.006,20.4,0.00576704,1780406848549,0.2,37.7,69456.29,BTC-28AUG26,68999.11,0.00575,69004.96,28AUG26,92000,,C,BTC-28AUG26-92000-C
0.3385,0.3425,11.8,0.34069204,1780406848549,0.0,49.57,70901.62,BTC-26MAR27,68999.11,0.3405,69004.96,26MAR27,50000,,C,BTC-26MAR27-50000-C
0.1295,0.1345,0.0,0.13189254,1780406848549,0.0,37.03,69056.0,BTC-19JUN26,68999.11,0.132,69004.96,19JUN26,78000,,P,BTC-19JUN26-78000-P
0.1415,0.1475,491.3,0.14352111,1780406848549,1.2,35.9,69282.34,BTC-31JUL26,68999.11,0.1445,69004.96,31JUL26,78000,,P,BTC-31JUL26-78000-P
0.162,0.1685,0.0,0.16350781,1780406848549,0.0,36.47,69450.79,BTC-28AUG26,68999.11,0.16525,69004.96,28AUG26,79000,,P,BTC-28AUG26-79000-P
1.4775,1.664,0.0,1.56391117,1780406848549,0.0,50.38,70239.33,BTC-25DEC26,68999.11,1.57075,69004.96,25DEC26,180000,,P,BTC-25DEC26-180000-P
0.2735,0.2805,0.0,0.27626898,1780406848549,0.0,37.1,69450.79,BTC-28AUG26,68999.11,0.277,69004.96,28AUG26,88000,,P,BTC-28AUG26-88000-P
,0.0001,1180.5,4.7e-07,1780406848549,0.0,85.89,69123.41,BTC-26JUN26,68999.11,,69004.96,26JUN26,180000,,C,BTC-26JUN26-180000-C
0.372,0.378,982.9,0.3747117,1780406848549,25.4,48.84,69123.41,BTC-26JUN26,68999.11,0.375,69004.96,26JUN26,95000,,P,BTC-26JUN26-95000-P
0.4115,0.424,0.1,0.41579259,1780406848549,0.0,40.77,69282.34,BTC-31JUL26,68999.11,0.41775,69004.96,31JUL26,98000,,P,BTC-31JUL26-98000-P
0.383,0.393,0.0,0.38628941,1780406848549,0.0,38.7,69450.79,BTC-28AUG26,68999.11,0.388,69004.96,28AUG26,96000,,P,BTC-28AUG26-96000-P
0.0105,0.0115,104.3,0.01113412,1780406848549,57.3,36.58,69456.29,BTC-28AUG26,68999.11,0.011,69004.96,28AUG26,86000,,C,BTC-28AUG26-86000-C
0.0095,0.01,2110.5,0.00965744,1780406848549,0.1,62.2,70244.83,BTC-25DEC26,68999.11,0.00975,69004.96,25DEC26,35000,,P,BTC-25DEC26-35000-P
0.109,0.113,215.6,0.11042569,1780406848549,5.1,36.25,69282.34,BTC-31JUL26,68999.11,0.111,69004.96,31JUL26,75000,,P,BTC-31JUL26-75000-P
0.021,0.0215,32.5,0.02135892,1780406848549,34.6,40.58,69061.5,BTC-19JUN26,68999.11,0.02125,69004.96,19JUN26,67000,,P,BTC-19JUN26-67000-P
0.031,0.0325,0.0,0.03156892,1780406848549,0.0,46.71,68997.04,index_price,68999.11,0.03175,69004.96,6JUN26,67500,,C,BTC-6JUN26-67500-C
0.1565,0.1635,5.7,0.15923074,1780406848549,0.0,41.81,69035.76,BTC-12JUN26,68999.11,0.16,69004.96,12JUN26,80000,,P,BTC-12JUN26-80000-P
1.0825,1.2365,0.7,1.15430919,1780406848549,0.0,51.2,69645.68,BTC-25SEP26,68999.11,1.1595,69004.96,25SEP26,150000,,P,BTC-25SEP26-150000-P
0.0455,0.047,1918.9,0.04594905,1780406848549,8.3,49.57,70901.62,BTC-26MAR27,68999.11,0.04625,69004.96,26MAR27,50000,,P,BTC-26MAR27-50000-P
0.086,0.0895,370.7,0.08737822,1780406848549,1.2,46.56,68998.32,BTC-5JUN26,68999.11,0.08775,69004.96,5JUN26,75000,,P,BTC-5JUN26-75000-P
0.0025,0.003,173.0,0.00269545,1780406848549,0.4,47.95,70901.62,BTC-26MAR27,68999.11,0.00275,69004.96,26MAR27,190000,,C,BTC-26MAR27-190000-C
0.0032,0.0034,1800.7,0.00328495,1780406848549,284.8,57.23,69123.41,BTC-26JUN26,68999.11,0.0033,69004.96,26JUN26,55000,,P,BTC-26JUN26-55000-P
0.1195,0.1235,480.9,0.12103938,1780406848550,0.2,36.13,69276.84,BTC-31JUL26,68999.11,0.1215,69004.96,31JUL26,76000,,P,BTC-31JUL26-76000-P
0.0115,0.013,2880.7,0.01227433,1780406848550,3.2,40.95,70244.83,BTC-25DEC26,68999.11,0.01225,69004.96,25DEC26,110000,,C,BTC-25DEC26-110000-C
0.0007,0.0008,354.4,0.00080236,1780406848550,0.0,44.11,69282.34,BTC-31JUL26,68999.11,0.00075,69004.96,31JUL26,104000,,C,BTC-31JUL26-104000-C
0.2285,0.2385,0.0,0.23139359,1780406848550,0.0,42.68,69056.0,BTC-19JUN26,68999.11,0.2335,69004.96,19JUN26,85000,,P,BTC-19JUN26-85000-P
0.2765,0.285,4.7,0.27906755,1780406848550,0.0,37.3,69643.61,BTC-25SEP26,68999.11,0.28075,69004.96,25SEP26,88000,,P,BTC-25SEP26-88000-P
2.356,2.5995,0.1,2.47232722,1780406848550,0.0,89.88,69123.41,BTC-26JUN26,68999.11,2.47775,69004.96,26JUN26,240000,,P,BTC-26JUN26-240000-P
0.1335,0.1375,0.0,0.13563907,1780406848550,0.0,50.39,69056.0,BTC-19JUN26,68999.11,0.1355,69004.96,19JUN26,60000,,C,BTC-19JUN26-60000-C
0.1415,0.186,0.0,0.14512313,1780406848550,0.0,60.97,68997.04,index_price,68999.11,0.16375,69004.96,3JUN26,79000,,P,BTC-3JUN26-79000-P
0.1955,0.2005,14.3,0.19752207,1780406848550,0.0,42.93,70901.62,BTC-26MAR27,68999.11,0.198,69004.96,26MAR27,76000,,P,BTC-26MAR27-76000-P
0.0495,0.05,852.7,0.04959158,1780406848550,33.2,37.62,69643.61,BTC-25SEP26,68999.11,0.04975,69004.96,25SEP26,76000,,C,BTC-25SEP26-76000-C
0.1575,0.1625,0.0,0.15986152,1780406848550,0.0,38.3,69056.0,BTC-19JUN26,68999.11,0.16,69004.96,19JUN26,80000,,P,BTC-19JUN26-80000-P
0.0475,0.0485,1108.2,0.04828119,1780406848550,14.5,39.3,69123.41,BTC-26JUN26,68999.11,0.048,69004.96,26JUN26,68000,,C,BTC-26JUN26-68000-C
0.009,0.01,18.5,0.00957042,1780406848550,18.7,46.1,68997.04,index_price,68999.11,0.0095,69004.96,4JUN26,68500,,P,BTC-4JUN26-68500-P
0.0023,0.0025,1616.5,0.00242073,1780406848550,52.3,40.74,69645.68,BTC-25SEP26,68999.11,0.0024,69004.96,25SEP26,110000,,C,BTC-25SEP26-110000-C
0.064,0.0655,189.5,0.06485174,1780406848550,1.5,40.91,70239.33,BTC-25DEC26,68999.11,0.06475,69004.96,25DEC26,82000,,C,BTC-25DEC26-82000-C
0.0001,0.0002,1532.8,0.00015255,1780406848550,0.1,59.01,69117.91,BTC-26JUN26,68999.11,0.00015,69004.96,26JUN26,105000,,C,BTC-26JUN26-105000-C
,0.0002,34.0,1.502e-05,1780406848550,0.3,52.65,68997.04,index_price,68999.11,,69004.96,4JUN26,77000,,C,BTC-4JUN26-77000-C
0.0565,0.06,702.0,0.0578816,1780406848550,77.7,36.77,69056.0,BTC-19JUN26,68999.11,0.05825,69004.96,19JUN26,72000,,P,BTC-19JUN26-72000-P
0.022,0.0225,2616.6,0.02231591,1780406848550,10.9,46.03,69645.68,BTC-25SEP26,68999.11,0.02225,69004.96,25SEP26,55000,,P,BTC-25SEP26-55000-P
0.018,0.0185,2888.5,0.01843074,1780406848550,563.5,42.16,69123.41,BTC-26JUN26,68999.11,0.01825,69004.96,26JUN26,65000,,P,BTC-26JUN26-65000-P
0.8495,0.864,52.1,0.85588556,1780406848550,0.0,43.52,70244.83,BTC-25DEC26,68999.11,0.85675,69004.96,25DEC26,130000,,P,BTC-25DEC26-130000-P
0.0145,0.016,192.0,0.01522208,1780406848550,53.6,40.62,70239.33,BTC-25DEC26,68999.11,0.01525,69004.96,25DEC26,106000,,C,BTC-25DEC26-106000-C
0.578,0.5805,245.8,0.5788976,1780406848550,0.0,67.02,70244.83,BTC-25DEC26,68999.11,0.57925,69004.96,25DEC26,30000,,C,BTC-25DEC26-30000-C
0.0011,0.0015,919.4,0.00124217,1780406848550,5.2,50.38,70244.83,BTC-25DEC26,68999.11,0.0013,69004.96,25DEC26,180000,,C,BTC-25DEC26-180000-C
0.025,0.026,98.9,0.02543201,1780406848550,111.3,39.37,69041.26,BTC-12JUN26,68999.11,0.0255,69004.96,12JUN26,69000,,P,BTC-12JUN26-69000-P
0.052,0.053,304.7,0.05241621,1780406848550,13.0,38.62,69282.34,BTC-31JUL26,68999.11,0.0525,69004.96,31JUL26,68000,,P,BTC-31JUL26-68000-P
0.1215,0.1235,107.7,0.12241511,1780406848550,2.3,38.06,69643.61,BTC-25SEP26,68999.11,0.1225,69004.96,25SEP26,74000,,P,BTC-25SEP26-74000-P
0.52,0.531,0.1,0.52434938,1780406848550,0.0,40.62,70239.33,BTC-25DEC26,68999.11,0.5255,69004.96,25DEC26,106000,,P,BTC-25DEC26-106000-P
0.2215,0.2295,0.0,0.22391511,1780406848550,0.0,36.57,69450.79,BTC-28AUG26,68999.11,0.2255,69004.96,28AUG26,84000,,P,BTC-28AUG26-84000-P
0.3125,0.319,0.2,0.31478063,1780406848550,0.0,41.88,70896.12,BTC-26MAR27,68999.11,0.31575,69004.96,26MAR27,88000,,P,BTC-26MAR27-88000-P
2.2165,2.4495,6.4,2.32764692,1780406848550,0.0,89.15,69123.41,BTC-26JUN26,68999.11,2.333,69004.96,26JUN26,230000,,P,BTC-26JUN26-230000-P
1.0975,1.25,2.3,1.17021377,1780406848550,0.0,82.82,69123.41,BTC-26JUN26,68999.11,1.17375,69004.96,26JUN26,150000,,P,BTC-26JUN26-150000-P
,0.0002,1313.6,9.469e-05,1780406848550,12.6,61.98,69117.91,BTC-26JUN26,68999.11,,69004.96,26JUN26,110000,,C,BTC-26JUN26-110000-C
0.1115,0.115,12.3,0.11359166,1780406848550,0.5,45.95,69123.41,BTC-26JUN26,68999.11,0.11325,69004.96,26JUN26,62000,,C,BTC-26JUN26-62000-C
0.0005,0.0007,18.2,0.00062728,1780406848550,17.3,41.79,68998.45,BTC-5JUN26,68999.11,0.0006,69004.96,5JUN26,73500,,C,BTC-5JUN26-73500-C
0.0032,0.0036,133.0,0.00338711,1780406848550,3.7,37.49,69276.84,BTC-31JUL26,68999.11,0.0034,69004.96,31JUL26,89000,,C,BTC-31JUL26-89000-C
,0.0001,651.0,8.89e-06,1780406848550,0.0,79.3,69123.41,BTC-26JUN26,68999.11,,69004.96,26JUN26,145000,,C,BTC-26JUN26-145000-C
,0.0001,198.4,0.0,1780406848550,0.0,91.06,69123.41,BTC-26JUN26,68999.11,,69004.96,26JUN26,260000,,C,BTC-26JUN26-260000-C
0.074,0.0755,664.5,0.07490221,1780406848550,41.9,44.55,70244.83,BTC-25DEC26,68999.11,0.07475,69004.96,25DEC26,62000,,P,BTC-25DEC26-62000-P
0.3605,0.3635,148.4,0.36228558,1780406848550,0.4,54.59,69645.68,BTC-25SEP26,68999.11,0.362,69004.96,25SEP26,45000,,C,BTC-25SEP26-45000-C
0.2285,0.238,0.0,0.23140065,1780406848551,0.0,49.78,69035.76,BTC-12JUN26,68999.11,0.23325,69004.96,12JUN26,85000,,P,BTC-12JUN26-85000-P
0.1405,0.184,0.0,0.14520041,1780406848551,0.0,59.12,68997.04,index_price,68999.11,0.16225,69004.96,4JUN26,79000,,P,BTC-4JUN26-79000-P
0.002,0.0024,311.0,0.00220803,1780406848551,11.4,48.7,70901.62,BTC-26MAR27,68999.11,0.0022,69004.96,26MAR27,200000,,C,BTC-26MAR27-200000-C
0.0135,0.014,14.8,0.01365463,1780406848551,15.7,41.78,68997.04,index_price,68999.11,0.01375,69004.96,6JUN26,69500,,C,BTC-6JUN26-69500-C
0.3835,0.395,0.1,0.38719314,1780406848551,0.0,39.96,69282.34,BTC-31JUL26,68999.11,0.38925,69004.96,31JUL26,96000,,P,BTC-31JUL26-96000-P
,0.0001,4041.0,1.882e-05,1780406848551,36.1,144.1,69123.41,BTC-26JUN26,68999.11,,69004.96,26JUN26,20000,,P,BTC-26JUN26-20000-P
0.9895,1.0655,0.2,0.99665231,1780406848551,0.0,44.77,70244.83,BTC-25DEC26,68999.11,1.0275,69004.96,25DEC26,140000,,P,BTC-25DEC26-140000-P
0.7895,0.8055,21.6,0.79595768,1780406848551,0.0,44.69,69645.68,BTC-25SEP26,68999.11,0.7975,69004.96,25SEP26,125000,,P,BTC-25SEP26-125000-P
0.171,0.178,0.1,0.17361548,1780406848551,0.0,43.11,69035.76,BTC-12JUN26,68999.11,0.1745,69004.96,12JUN26,81000,,P,BTC-12JUN26-81000-P
0.024,0.0255,125.0,0.02491246,1780406848551,130.2,40.79,68997.04,index_price,68999.11,0.02475,69004.96,6JUN26,70000,,P,BTC-6JUN26-70000-P
0.3275,0.3375,1.0,0.33057094,1780406848551,0.0,37.7,69450.79,BTC-28AUG26,68999.11,0.3325,69004.96,28AUG26,92000,,P,BTC-28AUG26-92000-P
0.474,0.5145,0.0,0.47838122,1780406848551,0.0,41.75,70901.62,BTC-26MAR27,68999.11,0.49425,69004.96,26MAR27,102000,,P,BTC-26MAR27-102000-P
0.12,0.1235,24.3,0.12129855,1780406848551,0.0,36.93,69450.79,BTC-28AUG26,68999.11,0.12175,69004.96,28AUG26,75000,,P,BTC-28AUG26-75000-P
0.0002,0.0003,1014.6,0.00026264,1780406848551,344.4,51.53,68998.45,BTC-5JUN26,68999.11,0.00025,69004.96,5JUN26,76000,,C,BTC-5JUN26-76000-C
0.2055,0.2085,220.5,0.20754184,1780406848551,0.0,57.22,69123.41,BTC-26JUN26,68999.11,0.207,69004.96,26JUN26,55000,,C,BTC-26JUN26-55000-C
0.0505,0.0525,60.7,0.05146868,1780406848551,0.0,41.69,70901.62,BTC-26MAR27,68999.11,0.0515,69004.96,26MAR27,96000,,C,BTC-26MAR27-96000-C
0.41,0.419,0.1,0.41346949,1780406848551,0.0,38.66,69645.68,BTC-25SEP26,68999.11,0.4145,69004.96,25SEP26,98000,,P,BTC-25SEP26-98000-P
0.4295,0.432,31.4,0.43106475,1780406848551,0.0,60.43,69645.68,BTC-25SEP26,68999.11,0.43075,69004.96,25SEP26,40000,,C,BTC-25SEP26-40000-C
0.0325,0.0335,0.6,0.03280421,1780406848551,0.1,36.64,69456.29,BTC-28AUG26,68999.11,0.033,69004.96,28AUG26,77000,,C,BTC-28AUG26-77000-C
0.0645,0.0685,7.1,0.06688513,1780406848551,4.1,45.25,69035.76,BTC-12JUN26,68999.11,0.0665,69004.96,12JUN26,65000,,C,BTC-12JUN26-65000-C
0.0003,0.0006,320.2,0.00039324,1780406848551,0.0,51.97,69643.61,BTC-25SEP26,68999.11,0.00045,69004.96,25SEP26,155000,,C,BTC-25SEP26-155000-C
0.197,0.2045,0.0,0.19907007,1780406848551,0.0,36.55,69450.79,BTC-28AUG26,68999.11,0.20075,69004.96,28AUG26,82000,,P,BTC-28AUG26-82000-P
0.032,0.033,3471.8,0.03264016,1780406848551,396.3,37.77,69117.91,BTC-26JUN26,68999.11,0.0325,69004.96,26JUN26,70000,,C,BTC-26JUN26-70000-C
0.011,0.0115,175.8,0.01122475,1780406848551,63.6,43.66,69041.26,BTC-12JUN26,68999.11,0.01125,69004.96,12JUN26,66000,,P,BTC-12JUN26-66000-P
0.124,0.126,1082.9,0.12511255,1780406848551,500.8,42.59,70244.83,BTC-25DEC26,68999.11,0.125,69004.96,25DEC26,70000,,P,BTC-25DEC26-70000-P
0.0755,0.077,600.4,0.07629798,1780406848551,53.4,39.71,69645.68,BTC-25SEP26,68999.11,0.07625,69004.96,25SEP26,68000,,P,BTC-25SEP26-68000-P
0.0005,0.0007,102.1,0.00062254,1780406848551,194.8,42.5,68997.04,index_price,68999.11,0.0006,69004.96,3JUN26,71000,,C,BTC-3JUN26-71000-C
0.0575,0.061,554.0,0.05891934,1780406848551,9.1,40.42,68998.32,BTC-5JUN26,68999.11,0.05925,69004.96,5JUN26,73000,,P,BTC-5JUN26-73000-P
0.0003,0.0005,1338.0,0.00040934,1780406848551,605.8,41.81,69041.26,BTC-12JUN26,68999.11,0.0004,69004.96,12JUN26,80000,,C,BTC-12JUN26-80000-C
0.0055,0.0065,623.5,0.00602123,1780406848551,2.7,42.63,70244.83,BTC-25DEC26,68999.11,0.006,69004.96,25DEC26,125000,,C,BTC-25DEC26-125000-C
0.053,0.0545,72.3,0.05390506,1780406848551,0.2,41.74,70896.12,BTC-26MAR27,68999.11,0.05375,69004.96,26MAR27,95000,,C,BTC-26MAR27-95000-C
0.1275,0.1295,1017.7,0.12851904,1780406848551,447.8,42.59,70244.83,BTC-25DEC26,68999.11,0.1285,69004.96,25DEC26,70000,,C,BTC-25DEC26-70000-C
0.0145,0.0155,207.9,0.01510214,1780406848551,35.0,35.9,69282.34,BTC-31JUL26,68999.11,0.015,69004.96,31JUL26,79000,,C,BTC-31JUL26-79000-C
0.006,0.0065,1626.0,0.0060091,1780406848551,5.8,67.02,70239.33,BTC-25DEC26,68999.11,0.00625,69004.96,25DEC26,30000,,P,BTC-25DEC26-30000-P
0.0005,0.0009,1116.8,0.00068707,1780406848551,0.3,49.05,69645.68,BTC-25SEP26,68999.11,0.0007,69004.96,25SEP26,140000,,C,BTC-25SEP26-140000-C
0.0205,0.022,2426.6,0.02141283,1780406848551,90.0,40.26,70239.33,BTC-25DEC26,68999.11,0.02125,69004.96,25DEC26,100000,,C,BTC-25DEC26-100000-C
0.042,0.0495,0.0,0.04575283,1780406848551,0.0,56.31,68997.04,index_price,68999.11,0.04575,69004.96,4JUN26,66000,,C,BTC-4JUN26-66000-C
1.4985,1.6815,7.3,1.58477916,1780406848551,0.0,56.38,69645.68,BTC-25SEP26,68999.11,1.59,69004.96,25SEP26,180000,,P,BTC-25SEP26-180000-P
0.099,0.102,148.1,0.10043804,1780406848551,3.7,36.49,69276.84,BTC-31JUL26,68999.11,0.1005,69004.96,31JUL26,74000,,P,BTC-31JUL26-74000-P
0.2305,0.2375,21.8,0.23303396,1780406848551,5.1,36.64,69282.34,BTC-31JUL26,68999.11,0.234,69004.96,31JUL26,85000,,P,BTC-31JUL26-85000-P
0.097,0.099,85.0,0.0978796,1780406848551,0.0,45.61,70901.62,BTC-26MAR27,68999.11,0.098,69004.96,26MAR27,62000,,P,BTC-26MAR27-62000-P
0.0665,0.0705,110.8,0.06840809,1780406848551,5.5,36.39,69056.0,BTC-19JUN26,68999.11,0.0685,69004.96,19JUN26,73000,,P,BTC-19JUN26-73000-P
0.2015,0.205,6.2,0.20304001,1780406848551,0.0,67.71,68998.32,BTC-5JUN26,68999.11,0.20325,69004.96,5JUN26,83000,,P,BTC-5JUN26-83000-P
0.465,0.4765,0.4,0.46908764,1780406848551,0.0,39.29,69645.68,BTC-25SEP26,68999.11,0.47075,69004.96,25SEP26,102000,,P,BTC-25SEP26-102000-P
,0.0001,308.5,0.0,1780406848551,0.0,95.76,69123.41,BTC-26JUN26,68999.11,,69004.96,26JUN26,300000,,C,BTC-26JUN26-300000-C
0.0595,0.0625,0.0,0.06124236,1780406848551,0.0,41.61,69056.0,BTC-19JUN26,68999.11,0.061,69004.96,19JUN26,66000,,C,BTC-19JUN26-66000-C
,0.0001,13.3,1.273e-05,1780406848551,1.5,57.43,68997.04,index_price,68999.11,,69004.96,4JUN26,78000,,C,BTC-4JUN26-78000-C
0.027,0.03,14.2,0.02764935,1780406848551,17.7,40.17,68998.32,BTC-5JUN26,68999.11,0.0285,69004.96,5JUN26,70500,,P,BTC-5JUN26-70500-P
0.0001,0.0002,73.1,0.00017831,1780406848551,117.9,52.37,68997.04,index_price,68999.11,0.00015,69004.96,3JUN26,72500,,C,BTC-3JUN26-72500-C
0.0715,0.0785,0.0,0.07510745,1780406848551,0.0,57.63,68997.04,index_price,68999.11,0.075,69004.96,6JUN26,64000,,C,BTC-6JUN26-64000-C
0.0155,0.0165,829.0,0.01601767,1780406848551,26.4,40.5,70244.83,BTC-25DEC26,68999.11,0.016,69004.96,25DEC26,105000,,C,BTC-25DEC26-105000-C
,0.0001,33.5,3.916e-05,1780406848551,16.0,51.37,68997.04,index_price,68999.11,,69004.96,4JUN26,76000,,C,BTC-4JUN26-76000-C
0.011,0.012,14.7,0.01138076,1780406848551,14.7,42.32,68998.45,BTC-5JUN26,68999.11,0.0115,69004.96,5JUN26,69500,,C,BTC-5JUN26-69500-C
0.0555,0.057,129.3,0.05651422,1780406848551,2.5,45.99,70244.83,BTC-25DEC26,68999.11,0.05625,69004.96,25DEC26,58000,,P,BTC-25DEC26-58000-P
0.1535,0.1595,172.9,0.15544731,1780406848551,0.0,35.9,69282.34,BTC-31JUL26,68999.11,0.1565,69004.96,31JUL26,79000,,P,BTC-31JUL26-79000-P
0.098,0.1065,0.0,0.10275958,1780406848551,0.0,64.35,68997.04,index_price,68999.11,0.10225,69004.96,6JUN26,62000,,C,BTC-6JUN26-62000-C
0.032,0.033,1656.6,0.03285551,1780406848551,168.6,38.43,69035.76,BTC-12JUN26,68999.11,0.0325,69004.96,12JUN26,70000,,P,BTC-12JUN26-70000-P
1.013,1.1625,0.2,1.08261376,1780406848551,0.0,50.23,69643.61,BTC-25SEP26,68999.11,1.08775,69004.96,25SEP26,145000,,P,BTC-25SEP26-145000-P
0.0048,0.0055,505.3,0.0049672,1780406848551,505.4,49.39,69041.26,BTC-12JUN26,68999.11,0.00515,69004.96,12JUN26,63000,,P,BTC-12JUN26-63000-P
0.128,0.134,70.4,0.13061567,1780406848551,0.0,39.36,69035.76,BTC-12JUN26,68999.11,0.131,69004.96,12JUN26,78000,,P,BTC-12JUN26-78000-P
0.51,0.5195,0.0,0.51387358,1780406848551,0.0,41.49,69450.79,BTC-28AUG26,68999.11,0.51475,69004.96,28AUG26,105000,,P,BTC-28AUG26-105000-P
,0.0001,1131.0,4.57e-05,1780406848551,28.0,54.83,69035.76,BTC-12JUN26,68999.11,,69004.96,12JUN26,90000,,C,BTC-12JUN26-90000-C
0.3655,0.3735,5.2,0.36915249,1780406848551,0.0,40.21,70244.83,BTC-25DEC26,68999.11,0.3695,69004.96,25DEC26,94000,,P,BTC-25DEC26-94000-P
0.0405,0.042,289.2,0.04106281,1780406848551,56.1,39.63,69282.34,BTC-31JUL26,68999.11,0.04125,69004.96,31JUL26,66000,,P,BTC-31JUL26-66000-P
0.0006,0.0009,226.6,0.0007031,1780406848551,0.0,55.74,70239.33,BTC-25DEC26,68999.11,0.00075,69004.96,25DEC26,220000,,C,BTC-25DEC26-220000-C
0.068,0.1315,0.0,0.10177988,1780406848551,0.0,45.24,68997.04,index_price,68999.11,0.09975,69004.96,6JUN26,76000,,P,BTC-6JUN26-76000-P
0.1045,0.1065,924.2,0.10528663,1780406848551,1.1,42.48,70901.62,BTC-26MAR27,68999.11,0.1055,69004.96,26MAR27,80000,,C,BTC-26MAR27-80000-C
1.4285,1.6075,0.2,1.51301229,1780406848551,0.0,55.56,69645.68,BTC-25SEP26,68999.11,1.518,69004.96,25SEP26,175000,,P,BTC-25SEP26-175000-P
,0.0001,53.1,5.82e-06,1780406848551,8.0,59.12,68997.04,index_price,68999.11,,69004.96,4JUN26,79000,,C,BTC-4JUN26-79000-C
0.048,0.0495,72.6,0.04875186,1780406848551,0.3,46.8,70244.83,BTC-25DEC26,68999.11,0.04875,69004.96,25DEC26,56000,,P,BTC-25DEC26-56000-P
0.0405,0.042,1.7,0.04129537,1780406848551,0.7,36.93,69456.29,BTC-28AUG26,68999.11,0.04125,69004.96,28AUG26,75000,,C,BTC-28AUG26-75000-C
0.03,0.0315,75.4,0.03086979,1780406848553,0.8,40.21,70244.83,BTC-25DEC26,68999.11,0.03075,69004.96,25DEC26,94000,,C,BTC-25DEC26-94000-C
0.017,0.0175,0.7,0.01735547,1780406848555,0.7,42.71,68997.04,index_price,68999.11,0.01725,69004.96,6JUN26,69000,,C,BTC-6JUN26-69000-C
0.057,0.058,113.9,0.05740916,1780406848556,114.0,37.6,69456.29,BTC-28AUG26,68999.11,0.0575,69004.96,28AUG26,72000,,C,BTC-28AUG26-72000-C
0.2185,0.222,9.2,0.22069997,1780406848556,1.0,45.47,69645.68,BTC-25SEP26,68999.11,0.22025,69004.96,25SEP26,56000,,C,BTC-25SEP26-56000-C
0.1525,0.155,14.3,0.15404219,1780406848556,1.0,42.03,69643.61,BTC-25SEP26,68999.11,0.15375,69004.96,25SEP26,62000,,C,BTC-25SEP26-62000-C
0.0145,0.015,390.4,0.01461804,1780406848556,317.2,45.51,69282.34,BTC-31JUL26,68999.11,0.01475,69004.96,31JUL26,58000,,P,BTC-31JUL26-58000-P
,0.0001,32.9,1.42e-06,1780406848556,29.0,55.62,68997.04,index_price,68999.11,,69004.96,3JUN26,75500,,C,BTC-3JUN26-75500-C
0.078,0.0805,0.0,0.07935737,1780406848556,0.0,39.12,69276.84,BTC-31JUL26,68999.11,0.07925,69004.96,31JUL26,67000,,C,BTC-31JUL26-67000-C
0.0845,0.0855,1276.3,0.08499193,1780406848556,133.6,39.1,69645.68,BTC-25SEP26,68999.11,0.085,69004.96,25SEP26,70000,,C,BTC-25SEP26-70000-C
2.608,2.8705,0.0,2.73330567,1780406848556,0.0,61.4,69645.68,BTC-25SEP26,68999.11,2.73925,69004.96,25SEP26,260000,,P,BTC-25SEP26-260000-P
,0.0001,176.0,2.75e-06,1780406848556,0.0,85.89,69123.41,BTC-26JUN26,68999.11,,69004.96,26JUN26,165000,,C,BTC-26JUN26-165000-C
0.14,0.1435,3.8,0.14160747,1780406848556,0.5,36.64,69456.29,BTC-28AUG26,68999.11,0.14175,69004.96,28AUG26,77000,,P,BTC-28AUG26-77000-P
0.1495,0.2015,0.0,0.15969253,1780406848556,0.0,59.23,68997.04,index_price,68999.11,0.1755,69004.96,4JUN26,80000,,P,BTC-4JUN26-80000-P
0.0045,0.0048,994.0,0.00457299,1780406848556,940.6,50.39,69056.0,BTC-19JUN26,68999.11,0.00465,69004.96,19JUN26,60000,,P,BTC-19JUN26-60000-P
0.0215,0.0225,1320.7,0.02228514,1780406848556,247.6,41.17,69123.41,BTC-26JUN26,68999.11,0.022,69004.96,26JUN26,66000,,P,BTC-26JUN26-66000-P
0.574,0.5855,53.3,0.57834983,1780406848556,0.0,40.95,70239.33,BTC-25DEC26,68999.11,0.57975,69004.96,25DEC26,110000,,P,BTC-25DEC26-110000-P
0.058,0.059,1.5,0.0584853,1780406848556,0.8,39.19,69450.79,BTC-28AUG26,68999.11,0.0585,69004.96,28AUG26,67000,,P,BTC-28AUG26-67000-P
0.0004,0.0006,87.8,0.00047089,1780406848556,86.6,72.24,68997.04,index_price,68999.11,0.0005,69004.96,3JUN26,65000,,P,BTC-3JUN26-65000-P
0.144,0.147,86.8,0.14518788,1780406848556,0.1,63.54,68998.32,BTC-5JUN26,68999.11,0.1455,69004.96,5JUN26,79000,,P,BTC-5JUN26-79000-P
0.0085,0.009,30.1,0.00853573,1780406848556,31.4,46.96,68997.04,index_price,68999.11,0.00875,69004.96,3JUN26,69000,,C,BTC-3JUN26-69000-C
0.78,0.794,8.5,0.78565249,1780406848556,0.0,42.63,70244.83,BTC-25DEC26,68999.11,0.787,69004.96,25DEC26,125000,,P,BTC-25DEC26-125000-P
0.4395,0.4525,0.0,0.44445931,1780406848557,0.0,41.62,69276.84,BTC-31JUL26,68999.11,0.446,69004.96,31JUL26,100000,,P,BTC-31JUL26-100000-P
0.0025,0.0028,108.2,0.00266023,1780406848557,108.5,57.63,68997.04,index_price,68999.11,0.00265,69004.96,6JUN26,64000,,P,BTC-6JUN26-64000-P
0.043,0.0465,28.8,0.04455036,1780406848557,42.0,40.66,68997.04,index_price,68999.11,0.04475,69004.96,4JUN26,72000,,P,BTC-4JUN26-72000-P
0.525,0.5385,0.0,0.53072645,1780406848557,0.0,44.59,69276.84,BTC-31JUL26,68999.11,0.53175,69004.96,31JUL26,106000,,P,BTC-31JUL26-106000-P
0.5745,0.5925,1.2,0.57949986,1780406848557,0.0,41.8,70901.62,BTC-26MAR27,68999.11,0.5835,69004.96,26MAR27,110000,,P,BTC-26MAR27-110000-P
0.302,0.3095,597.8,0.30496438,1780406848557,1.2,37.36,69645.68,BTC-25SEP26,68999.11,0.30575,69004.96,25SEP26,90000,,P,BTC-25SEP26-90000-P
3.4415,3.7635,0.1,3.59482951,1780406848557,0.0,66.78,69645.68,BTC-25SEP26,68999.11,3.6025,69004.96,25SEP26,320000,,P,BTC-25SEP26-320000-P
0.175,0.1775,7.2,0.17628626,1780406848557,0.1,44.29,70901.62,BTC-26MAR27,68999.11,0.17625,69004.96,26MAR27,68000,,C,BTC-26MAR27-68000-C
0.178,0.1845,110.8,0.18026714,1780406848557,0.0,35.97,69282.34,BTC-31JUL26,68999.11,0.18125,69004.96,31JUL26,81000,,P,BTC-31JUL26-81000-P
0.2715,0.281,2.0,0.27414399,1780406848557,0.0,37.21,69282.34,BTC-31JUL26,68999.11,0.27625,69004.96,31JUL26,88000,,P,BTC-31JUL26-88000-P
0.115,0.118,250.7,0.11627102,1780406848557,1.5,55.78,68998.32,BTC-5JUN26,68999.11,0.1165,69004.96,5JUN26,77000,,P,BTC-5JUN26-77000-P
0.0085,0.009,154.3,0.00857956,1780406848557,16.0,37.67,69645.68,BTC-25SEP26,68999.11,0.00875,69004.96,25SEP26,94000,,C,BTC-25SEP26-94000-C
0.104,0.141,0.0,0.10897721,1780406848557,0.0,51.74,68997.04,index_price,68999.11,0.1225,69004.96,4JUN26,76500,,P,BTC-4JUN26-76500-P
2.496,2.7495,0.0,2.61700752,1780406848557,0.0,90.33,69123.41,BTC-26JUN26,68999.11,2.62275,69004.96,26JUN26,250000,,P,BTC-26JUN26-250000-P
0.0003,0.0005,40.8,0.00037293,1780406848557,43.0,43.44,68997.04,index_price,68999.11,0.0004,69004.96,4JUN26,73000,,C,BTC-4JUN26-73000-C
0.0008,0.0011,22.2,0.00093265,1780406848557,22.4,65.64,68997.04,index_price,68999.11,0.00095,69004.96,4JUN26,64000,,P,BTC-4JUN26-64000-P
0.032,0.033,96.8,0.03226528,1780406848557,27.8,36.49,69282.34,BTC-31JUL26,68999.11,0.0325,69004.96,31JUL26,74000,,C,BTC-31JUL26-74000-C
0.0265,0.028,209.4,0.0273456,1780406848557,0.0,40.23,70244.83,BTC-25DEC26,68999.11,0.02725,69004.96,25DEC26,96000,,C,BTC-25DEC26-96000-C
0.1635,0.1675,10.6,0.166143,1780406848557,0.2,52.03,69123.41,BTC-26JUN26,68999.11,0.1655,69004.96,26JUN26,58000,,C,BTC-26JUN26-58000-C
,0.0001,257.0,1.8e-07,1780406848557,0.0,72.07,68998.32,BTC-5JUN26,68999.11,,69004.96,5JUN26,90000,,C,BTC-5JUN26-90000-C
0.276,0.2795,339.5,0.2782459,1780406848557,0.0,67.12,69123.41,BTC-26JUN26,68999.11,0.27775,69004.96,26JUN26,50000,,C,BTC-26JUN26-50000-C
0.02,0.0215,167.2,0.02083574,1780406848557,183.3,41.78,68997.04,index_price,68999.11,0.02075,69004.96,6JUN26,69500,,P,BTC-6JUN26-69500-P
0.0155,0.0165,73.4,0.01618291,1780406848557,50.2,36.56,69456.29,BTC-28AUG26,68999.11,0.016,69004.96,28AUG26,83000,,C,BTC-28AUG26-83000-C
0.142,0.144,184.3,0.14295415,1780406848557,0.4,43.06,70244.83,BTC-25DEC26,68999.11,0.143,69004.96,25DEC26,68000,,C,BTC-25DEC26-68000-C
0.0455,0.047,143.4,0.04622942,1780406848557,30.5,37.14,69456.29,BTC-28AUG26,68999.11,0.04625,69004.96,28AUG26,74000,,C,BTC-28AUG26-74000-C
0.355,0.3635,1.3,0.35830953,1780406848557,0.0,37.67,69643.61,BTC-25SEP26,68999.11,0.35925,69004.96,25SEP26,94000,,P,BTC-25SEP26-94000-P
0.0425,0.044,201.5,0.04331131,1780406848558,2.8,41.75,70901.62,BTC-26MAR27,68999.11,0.04325,69004.96,26MAR27,100000,,C,BTC-26MAR27-100000-C
0.134,0.137,48.2,0.1354358,1780406848558,0.0,44.29,70901.62,BTC-26MAR27,68999.11,0.1355,69004.96,26MAR27,68000,,P,BTC-26MAR27-68000-P
2.9155,3.1995,0.0,3.05104842,1780406848558,0.0,91.37,69123.41,BTC-26JUN26,68999.11,3.0575,69004.96,26JUN26,280000,,P,BTC-26JUN26-280000-P
,0.0001,691.0,1e-08,1780406848558,0.0,86.38,69123.41,BTC-26JUN26,68999.11,,69004.96,26JUN26,220000,,C,BTC-26JUN26-220000-C
0.42,0.4225,33.0,0.42179708,1780406848558,0.0,90.39,69123.41,BTC-26JUN26,68999.11,0.42125,69004.96,26JUN26,40000,,C,BTC-26JUN26-40000-C
0.105,0.109,1748.3,0.1071084,1780406848558,14.7,36.02,69117.91,BTC-26JUN26,68999.11,0.107,69004.96,26JUN26,76000,,P,BTC-26JUN26-76000-P
0.0003,0.0004,499.0,0.00030771,1780406848558,457.0,46.56,68998.45,BTC-5JUN26,68999.11,0.00035,69004.96,5JUN26,75000,,C,BTC-5JUN26-75000-C
0.0003,0.0005,5577.2,0.00043045,1780406848560,663.7,44.37,69123.41,BTC-26JUN26,68999.11,0.0004,69004.96,26JUN26,90000,,C,BTC-26JUN26-90000-C
2.636,2.8995,0.0,2.76168782,1780406848560,0.0,91.06,69123.41,BTC-26JUN26,68999.11,2.76775,69004.96,26JUN26,260000,,P,BTC-26JUN26-260000-P
0.1595,0.1625,668.1,0.16075889,1780406848560,2.8,37.25,69645.68,BTC-25SEP26,68999.11,0.161,69004.96,25SEP26,78000,,P,BTC-25SEP26-78000-P
,0.0001,1510.4,8.18e-06,1780406848560,0.0,68.16,69123.41,BTC-26JUN26,68999.11,,69004.96,26JUN26,130000,,C,BTC-26JUN26-130000-C
0.008,0.0085,232.4,0.00827657,1780406848560,11.0,36.36,69061.5,BTC-19JUN26,68999.11,0.00825,69004.96,19JUN26,74000,,C,BTC-19JUN26-74000-C
0.3465,0.351,5.8,0.34982427,1780406848560,0.0,78.0,69123.41,BTC-26JUN26,68999.11,0.34875,69004.96,26JUN26,45000,,C,BTC-26JUN26-45000-C
0.0002,0.0004,209.9,0.00030882,1780406848560,65.1,43.11,69035.76,BTC-12JUN26,68999.11,0.0003,69004.96,12JUN26,81000,,C,BTC-12JUN26-81000-C
0.093,0.0945,0.9,0.09368246,1780406848562,0.9,39.19,69450.79,BTC-28AUG26,68999.11,0.09375,69004.96,28AUG26,67000,,C,BTC-28AUG26-67000-C
0.005,0.006,5.1,0.00551811,1780406848562,5.1,51.1,68997.04,index_price,68999.11,0.0055,69004.96,6JUN26,66000,,P,BTC-6JUN26-66000-P
0.0495,0.052,0.0,0.05104938,1780406848562,0.0,40.58,69056.0,BTC-19JUN26,68999.11,0.05075,69004.96,19JUN26,67000,,C,BTC-19JUN26-67000-C
0.7735,0.794,0.0,0.77826044,1780406848562,0.0,42.31,70901.62,BTC-26MAR27,68999.11,0.78375,69004.96,26MAR27,125000,,P,BTC-26MAR27-125000-P
0.022,0.023,529.9,0.02266058,1780406848562,1.2,41.95,70901.62,BTC-26MAR27,68999.11,0.0225,69004.96,26MAR27,115000,,C,BTC-26MAR27-115000-C
0.0675,0.133,0.0,0.10174534,1780406848562,0.0,51.37,68997.04,index_price,68999.11,0.10025,69004.96,4JUN26,76000,,P,BTC-4JUN26-76000-P
0.114,0.154,0.0,0.11613298,1780406848562,0.0,60.97,68997.04,index_price,68999.11,0.134,69004.96,3JUN26,77000,,P,BTC-3JUN26-77000-P
0.08,0.0815,41.8,0.08051269,1780406848562,1.1,42.01,70901.62,BTC-26MAR27,68999.11,0.08075,69004.96,26MAR27,86000,,C,BTC-26MAR27-86000-C
0.0028,0.0031,190.5,0.00292598,1780406848562,210.5,53.5,69035.76,BTC-12JUN26,68999.11,0.00295,69004.96,12JUN26,61000,,P,BTC-12JUN26-61000-P
0.0445,0.046,1086.2,0.04522333,1780406848562,2.7,47.23,70244.83,BTC-25DEC26,68999.11,0.04525,69004.96,25DEC26,55000,,P,BTC-25DEC26-55000-P
0.006,0.0065,178.8,0.0063042,1780406848562,1.1,38.66,69643.61,BTC-25SEP26,68999.11,0.00625,69004.96,25SEP26,98000,,C,BTC-25SEP26-98000-C
0.2705,0.281,16.0,0.27373313,1780406848562,1.0,42.43,69123.41,BTC-26JUN26,68999.11,0.27575,69004.96,26JUN26,88000,,P,BTC-26JUN26-88000-P
0.4375,0.4465,271.9,0.44117754,1780406848562,0.0,38.95,69643.61,BTC-25SEP26,68999.11,0.442,69004.96,25SEP26,100000,,P,BTC-25SEP26-100000-P
0.1195,0.122,0.0,0.12110201,1780406848562,0.0,40.5,69450.79,BTC-28AUG26,68999.11,0.12075,69004.96,28AUG26,64000,,C,BTC-28AUG26-64000-C
,0.0001,1024.4,5e-08,1780406848577,0.0,85.97,69123.41,BTC-26JUN26,68999.11,,69004.96,26JUN26,200000,,C,BTC-26JUN26-200000-C
0.063,0.0645,0.4,0.0637172,1780406848577,0.4,37.87,69456.29,BTC-28AUG26,68999.11,0.06375,69004.96,28AUG26,71000,,C,BTC-28AUG26-71000-C
0.0043,0.0047,54.3,0.00448704,1780406848577,0.0,39.29,69645.68,BTC-25SEP26,68999.11,0.0045,69004.96,25SEP26,102000,,C,BTC-25SEP26-102000-C
0.039,0.04,45.1,0.03965691,1780406848578,0.0,41.75,70901.62,BTC-26MAR27,68999.11,0.0395,69004.96,26MAR27,102000,,C,BTC-26MAR27-102000-C
0.05,0.053,17.5,0.0514835,1780406848578,1.5,41.44,68997.04,index_price,68999.11,0.0515,69004.96,4JUN26,72500,,P,BTC-4JUN26-72500-P
0.191,0.194,245.5,0.19273427,1780406848578,2.5,41.36,70239.33,BTC-25DEC26,68999.11,0.1925,69004.96,25DEC26,78000,,P,BTC-25DEC26-78000-P
0.0855,0.087,3.8,0.08612021,1780406848578,0.7,37.87,69456.29,BTC-28AUG26,68999.11,0.08625,69004.96,28AUG26,71000,,P,BTC-28AUG26-71000-P
0.001,0.0012,578.9,0.00110894,1780406848578,47.5,38.42,69035.76,BTC-12JUN26,68999.11,0.0011,69004.96,12JUN26,77000,,C,BTC-12JUN26-77000-C
0.0335,0.034,2773.6,0.03359693,1780406848579,176.3,37.09,69645.68,BTC-25SEP26,68999.11,0.03375,69004.96,25SEP26,80000,,C,BTC-25SEP26-80000-C
0.0043,0.0044,47.1,0.00436027,1780406848579,62.6,54.43,68997.04,index_price,68999.11,0.00435,69004.96,3JUN26,68000,,P,BTC-3JUN26-68000-P
,0.0001,231.0,0.0,1780406848579,0.0,91.37,69123.41,BTC-26JUN26,68999.11,,69004.96,26JUN26,280000,,C,BTC-26JUN26-280000-C
0.185,0.188,0.0,0.1866523,1780406848579,0.0,43.96,69450.79,BTC-28AUG26,68999.11,0.1865,69004.96,28AUG26,58000,,C,BTC-28AUG26-58000-C
0.081,0.0825,409.7,0.08213877,1780406848579,60.1,37.08,69282.34,BTC-31JUL26,68999.11,0.08175,69004.96,31JUL26,72000,,P,BTC-31JUL26-72000-P
0.3285,0.3385,4.0,0.3315915,1780406848579,0.0,37.65,69645.68,BTC-25SEP26,68999.11,0.3335,69004.96,25SEP26,92000,,P,BTC-25SEP26-92000-P
0.258,0.2605,0.5,0.25916979,1780406848579,0.0,46.71,70901.62,BTC-26MAR27,68999.11,0.25925,69004.96,26MAR27,58000,,C,BTC-26MAR27-58000-C
0.1125,0.16,0.0,0.130644,1780406848579,0.0,51.82,68997.04,index_price,68999.11,0.13625,69004.96,6JUN26,78000,,P,BTC-6JUN26-78000-P
0.0555,0.057,41.5,0.05627299,1780406848579,5.2,41.72,70901.62,BTC-26MAR27,68999.11,0.05625,69004.96,26MAR27,94000,,C,BTC-26MAR27-94000-C
0.148,0.15,20.6,0.14903273,1780406848579,2.3,43.5,70901.62,BTC-26MAR27,68999.11,0.149,69004.96,26MAR27,72000,,C,BTC-26MAR27-72000-C
,0.0001,789.5,8.47e-06,1780406848579,0.0,75.63,69123.41,BTC-26JUN26,68999.11,,69004.96,26JUN26,140000,,C,BTC-26JUN26-140000-C
0.2605,0.2635,30.3,0.26218558,1780406848579,0.0,47.23,70244.83,BTC-25DEC26,68999.11,0.262,69004.96,25DEC26,55000,,C,BTC-25DEC26-55000-C
0.299,0.309,2.5,0.30210365,1780406848580,0.0,37.83,69282.34,BTC-31JUL26,68999.11,0.304,69004.96,31JUL26,90000,,P,BTC-31JUL26-90000-P
0.0705,0.072,16.4,0.0713171,1780406848580,0.1,38.47,69456.29,BTC-28AUG26,68999.11,0.07125,69004.96,28AUG26,69000,,P,BTC-28AUG26-69000-P
0.0003,0.0008,878.5,0.00050711,1780406848580,0.0,57.47,70244.83,BTC-25DEC26,68999.11,0.00055,69004.96,25DEC26,240000,,C,BTC-25DEC26-240000-C
0.0006,0.0008,393.0,0.00070343,1780406848580,0.2,44.24,69282.34,BTC-31JUL26,68999.11,0.0007,69004.96,31JUL26,105000,,C,BTC-31JUL26-105000-C
0.121,0.1235,81.6,0.12203083,1780406848580,0.1,44.69,70901.62,BTC-26MAR27,68999.11,0.12225,69004.96,26MAR27,66000,,P,BTC-26MAR27-66000-P
0.0055,0.0065,200.5,0.00607827,1780406848580,104.7,36.47,69056.0,BTC-19JUN26,68999.11,0.006,69004.96,19JUN26,75000,,C,BTC-19JUN26-75000-C
0.0935,0.097,2229.6,0.09491216,1780406848580,47.2,36.01,69123.41,BTC-26JUN26,68999.11,0.09525,69004.96,26JUN26,75000,,P,BTC-26JUN26-75000-P
0.143,0.2055,0.0,0.17418738,1780406848580,0.0,59.32,68997.04,index_price,68999.11,0.17425,69004.96,4JUN26,81000,,P,BTC-4JUN26-81000-P
0.0965,0.0985,1089.9,0.09760236,1780406848581,17.6,41.73,70239.33,BTC-25DEC26,68999.11,0.0975,69004.96,25DEC26,75000,,C,BTC-25DEC26-75000-C
0.116,0.1205,0.0,0.1182498,1780406848581,0.0,36.62,69056.0,BTC-19JUN26,68999.11,0.11825,69004.96,19JUN26,77000,,P,BTC-19JUN26-77000-P
0.0035,0.004,364.6,0.00390402,1780406848582,252.9,36.97,69041.26,BTC-12JUN26,68999.11,0.00375,69004.96,12JUN26,74000,,C,BTC-12JUN26-74000-C
0.0001,0.0002,51.3,0.00012103,1780406848582,74.8,55.34,68997.04,index_price,68999.11,0.00015,69004.96,3JUN26,73000,,C,BTC-3JUN26-73000-C
0.5655,0.567,68.9,0.56610576,1780406848582,0.0,116.69,69123.41,BTC-26JUN26,68999.11,0.56625,69004.96,26JUN26,30000,,C,BTC-26JUN26-30000-C
,0.0001,58.7,6.3e-07,1780406848582,20.0,56.43,68997.04,index_price,68999.11,,69004.96,3JUN26,76000,,C,BTC-3JUN26-76000-C
0.0425,0.0435,146.1,0.04283685,1780406848582,135.5,37.08,69282.34,BTC-31JUL26,68999.11,0.043,69004.96,31JUL26,72000,,C,BTC-31JUL26-72000-C
0.0035,0.0038,32.9,0.0036435,1780406848582,44.9,40.64,68997.04,index_price,68999.11,0.00365,69004.96,4JUN26,70500,,C,BTC-4JUN26-70500-C
0.01,0.011,26.0,0.01043165,1780406848582,26.0,40.79,68997.04,index_price,68999.11,0.0105,69004.96,6JUN26,70000,,C,BTC-6JUN26-70000-C
0.947,1.025,14.2,0.95319206,1780406848582,0.0,71.79,69123.41,BTC-26JUN26,68999.11,0.986,69004.96,26JUN26,135000,,P,BTC-26JUN26-135000-P
0.03,0.0315,0.0,0.03075115,1780406848582,0.0,42.12,69456.29,BTC-28AUG26,68999.11,0.03075,69004.96,28AUG26,61000,,P,BTC-28AUG26-61000-P
0.0135,0.014,2882.1,0.01369945,1780406848582,314.3,49.96,69645.68,BTC-25SEP26,68999.11,0.01375,69004.96,25SEP26,50000,,P,BTC-25SEP26-50000-P
0.0055,0.006,549.3,0.00580246,1780406848582,550.4,40.17,68998.45,BTC-5JUN26,68999.11,0.00575,69004.96,5JUN26,70500,,C,BTC-5JUN26-70500-C
0.007,0.0075,1025.4,0.00753541,1780406848582,235.0,36.01,69123.41,BTC-26JUN26,68999.11,0.00725,69004.96,26JUN26,76000,,C,BTC-26JUN26-76000-C
0.1065,0.1415,0.0,0.10888558,1780406848582,0.0,59.32,68997.04,index_price,68999.11,0.124,69004.96,3JUN26,76500,,P,BTC-3JUN26-76500-P
0.1085,0.111,95.2,0.10960329,1780406848582,0.0,45.16,70901.62,BTC-26MAR27,68999.11,0.10975,69004.96,26MAR27,64000,,P,BTC-26MAR27-64000-P
0.1505,0.1545,0.0,0.15234856,1780406848582,0.0,42.12,69450.79,BTC-28AUG26,68999.11,0.1525,69004.96,28AUG26,61000,,C,BTC-28AUG26-61000-C
0.0655,0.0665,807.0,0.0660157,1780406848582,37.1,37.73,69282.34,BTC-31JUL26,68999.11,0.066,69004.96,31JUL26,70000,,P,BTC-31JUL26-70000-P
0.64,0.6625,0.0,0.64475171,1780406848582,0.0,41.95,70901.62,BTC-26MAR27,68999.11,0.65125,69004.96,26MAR27,115000,,P,BTC-26MAR27-115000-P
0.0285,0.0325,0.0,0.03088336,1780406848582,0.0,60.39,68997.04,index_price,68999.11,0.0305,69004.96,3JUN26,67000,,C,BTC-3JUN26-67000-C
0.0685,0.0785,0.0,0.07329053,1780406848582,0.0,40.77,68997.04,index_price,68999.11,0.0735,69004.96,6JUN26,74000,,P,BTC-6JUN26-74000-P
0.9435,1.0885,1.4,1.01092319,1780406848582,0.0,49.05,69645.68,BTC-25SEP26,68999.11,1.016,69004.96,25SEP26,140000,,P,BTC-25SEP26-140000-P
0.078,0.0825,198.5,0.07996173,1780406848582,0.0,36.36,69056.0,BTC-19JUN26,68999.11,0.08025,69004.96,19JUN26,74000,,P,BTC-19JUN26-74000-P
0.0028,0.0031,1213.1,0.00297625,1780406848582,23.1,37.83,69276.84,BTC-31JUL26,68999.11,0.00295,69004.96,31JUL26,90000,,C,BTC-31JUL26-90000-C
0.024,0.025,42.1,0.0242861,1780406848582,31.9,46.57,68998.32,BTC-5JUN26,68999.11,0.0245,69004.96,5JUN26,68000,,C,BTC-5JUN26-68000-C
0.3115,0.3235,0.0,0.31615812,1780406848582,0.0,38.09,69282.34,BTC-31JUL26,68999.11,0.3175,69004.96,31JUL26,91000,,P,BTC-31JUL26-91000-P
,0.0001,129.0,0.0,1780406848582,0.0,102.06,69123.41,BTC-26JUN26,68999.11,,69004.96,26JUN26,340000,,C,BTC-26JUN26-340000-C
0.07,0.071,4.1,0.07046664,1780406848582,4.3,38.15,69456.29,BTC-28AUG26,68999.11,0.0705,69004.96,28AUG26,70000,,C,BTC-28AUG26-70000-C
0.549,0.5605,0.0,0.55385354,1780406848582,0.0,41.79,70901.62,BTC-26MAR27,68999.11,0.55475,69004.96,26MAR27,108000,,P,BTC-26MAR27-108000-P
0.003,0.0035,300.6,0.0032653,1780406848582,0.4,47.02,70901.62,BTC-26MAR27,68999.11,0.00325,69004.96,26MAR27,180000,,C,BTC-26MAR27-180000-C
0.27,0.276,5.8,0.2729174,1780406848582,0.0,42.14,70901.62,BTC-26MAR27,68999.11,0.273,69004.96,26MAR27,84000,,P,BTC-26MAR27-84000-P
0.1295,0.133,5.5,0.1312428,1780406848582,0.0,36.77,69456.29,BTC-28AUG26,68999.11,0.13125,69004.96,28AUG26,76000,,P,BTC-28AUG26-76000-P
0.0085,0.0095,144.2,0.00893929,1780406848582,158.7,37.05,69035.76,BTC-12JUN26,68999.11,0.009,69004.96,12JUN26,72000,,C,BTC-12JUN26-72000-C
0.017,0.018,523.1,0.01761069,1780406848582,418.3,35.9,69282.34,BTC-31JUL26,68999.11,0.0175,69004.96,31JUL26,78000,,C,BTC-31JUL26-78000-C
0.055,0.056,39.1,0.05558328,1780406848582,22.1,37.73,69282.34,BTC-31JUL26,68999.11,0.0555,69004.96,31JUL26,70000,,C,BTC-31JUL26-70000-C
0.0013,0.0016,1187.9,0.0014122,1780406848582,1.3,43.45,69645.68,BTC-25SEP26,68999.11,0.00145,69004.96,25SEP26,120000,,C,BTC-25SEP26-120000-C
0.0195,0.0205,221.0,0.02015561,1780406848582,242.1,37.29,69061.5,BTC-19JUN26,68999.11,0.02,69004.96,19JUN26,71000,,C,BTC-19JUN26-71000-C
1.36,1.5335,0.0,1.44129363,1780406848582,0.0,55.52,69645.68,BTC-25SEP26,68999.11,1.44675,69004.96,25SEP26,170000,,P,BTC-25SEP26-170000-P
0.093,0.095,85.0,0.09421221,1780406848582,4.0,37.6,69456.29,BTC-28AUG26,68999.11,0.094,69004.96,28AUG26,72000,,P,BTC-28AUG26-72000-P
0.0095,0.01,2912.4,0.00980683,1780406848582,986.7,36.01,69123.41,BTC-26JUN26,68999.11,0.00975,69004.96,26JUN26,75000,,C,BTC-26JUN26-75000-C
0.073,0.075,23.8,0.07352828,1780406848582,0.2,41.88,70896.12,BTC-26MAR27,68999.11,0.074,69004.96,26MAR27,88000,,C,BTC-26MAR27-88000-C
0.026,0.027,100.0,0.02646482,1780406848582,100.0,45.38,68997.04,index_price,68999.11,0.0265,69004.96,6JUN26,68000,,C,BTC-6JUN26-68000-C
0.0009,0.001,1815.9,0.00088691,1780406848582,79.1,78.01,69123.41,BTC-26JUN26,68999.11,0.00095,69004.96,26JUN26,45000,,P,BTC-26JUN26-45000-P
,0.0001,207.0,3.21e-06,1780406848582,3.0,71.06,68998.32,BTC-5JUN26,68999.11,,69004.96,5JUN26,86000,,C,BTC-5JUN26-86000-C
0.1795,0.1835,72.2,0.180648,1780406848582,0.0,43.2,70901.62,BTC-26MAR27,68999.11,0.1815,69004.96,26MAR27,74000,,P,BTC-26MAR27-74000-P
0.0038,0.0043,179.0,0.00405121,1780406848582,2.1,46.11,70901.62,BTC-26MAR27,68999.11,0.00405,69004.96,26MAR27,170000,,C,BTC-26MAR27-170000-C
0.1015,0.104,4.2,0.10278405,1780406848582,1.2,37.35,69456.29,BTC-28AUG26,68999.11,0.10275,69004.96,28AUG26,73000,,P,BTC-28AUG26-73000-P
0.136,0.138,11.5,0.13686762,1780406848582,0.3,43.2,70901.62,BTC-26MAR27,68999.11,0.137,69004.96,26MAR27,74000,,C,BTC-26MAR27-74000-C
0.085,0.0865,95.8,0.08573687,1780406848582,2.0,43.96,70244.83,BTC-25DEC26,68999.11,0.08575,69004.96,25DEC26,64000,,P,BTC-25DEC26-64000-P
0.0135,0.0145,25.3,0.01431155,1780406848582,18.6,36.57,69456.29,BTC-28AUG26,68999.11,0.014,69004.96,28AUG26,84000,,C,BTC-28AUG26-84000-C
0.085,0.09,0.0,0.08804486,1780406848582,0.0,64.31,68998.32,BTC-5JUN26,68999.11,0.0875,69004.96,5JUN26,63000,,C,BTC-5JUN26-63000-C
0.0004,0.0006,2022.5,0.00054533,1780406848582,620.1,42.42,69123.41,BTC-26JUN26,68999.11,0.0005,69004.96,26JUN26,88000,,C,BTC-26JUN26-88000-C
0.001,0.0013,21.5,0.00118402,1780406848583,21.5,64.31,68998.32,BTC-5JUN26,68999.11,0.00115,69004.96,5JUN26,63000,,P,BTC-5JUN26-63000-P
0.2995,0.3105,0.0,0.30358243,1780406848583,0.0,47.88,69056.0,BTC-19JUN26,68999.11,0.305,69004.96,19JUN26,90000,,P,BTC-19JUN26-90000-P
0.1575,0.163,2504.4,0.1599741,1780406848583,1028.1,36.6,69123.41,BTC-26JUN26,68999.11,0.16025,69004.96,26JUN26,80000,,P,BTC-26JUN26-80000-P
0.006,0.0065,9.4,0.00621796,1780406848583,9.5,51.02,68997.04,index_price,68999.11,0.00625,69004.96,3JUN26,68500,,P,BTC-3JUN26-68500-P
0.243,0.253,0.0,0.24588015,1780406848584,0.0,52.01,69035.76,BTC-12JUN26,68999.11,0.248,69004.96,12JUN26,86000,,P,BTC-12JUN26-86000-P
0.0028,0.0031,12.5,0.00308762,1780406848584,15.5,39.64,68997.04,index_price,68999.11,0.00295,69004.96,6JUN26,72000,,C,BTC-6JUN26-72000-C
0.0017,0.0021,2445.7,0.00186248,1780406848584,222.7,42.23,69643.61,BTC-25SEP26,68999.11,0.0019,69004.96,25SEP26,115000,,C,BTC-25SEP26-115000-C
0.1615,0.1645,3.0,0.16337573,1780406848584,0.0,42.64,69450.79,BTC-28AUG26,68999.11,0.163,69004.96,28AUG26,60000,,C,BTC-28AUG26-60000-C
0.706,0.744,0.0,0.7111888,1780406848584,0.0,42.18,70896.12,BTC-26MAR27,68999.11,0.725,69004.96,26MAR27,120000,,P,BTC-26MAR27-120000-P
0.0001,0.0002,741.8,0.00015561,1780406848584,416.5,59.03,68998.32,BTC-5JUN26,68999.11,0.00015,69004.96,5JUN26,78000,,C,BTC-5JUN26-78000-C
0.0115,0.0125,23.0,0.0119082,1780406848584,23.0,45.38,68997.04,index_price,68999.11,0.012,69004.96,6JUN26,68000,,P,BTC-6JUN26-68000-P
0.0085,0.009,299.8,0.00868149,1780406848584,272.6,45.5,69056.0,BTC-19JUN26,68999.11,0.00875,69004.96,19JUN26,63000,,P,BTC-19JUN26-63000-P
0.033,0.034,5.2,0.03345478,1780406848584,5.5,38.72,69056.0,BTC-19JUN26,68999.11,0.0335,69004.96,19JUN26,69000,,C,BTC-19JUN26-69000-C
0.1715,0.178,4.0,0.17409605,1780406848584,0.0,67.3,68998.32,BTC-5JUN26,68999.11,0.17475,69004.96,5JUN26,81000,,P,BTC-5JUN26-81000-P
0.006,0.007,643.8,0.00637474,1780406848584,526.7,47.07,69035.76,BTC-12JUN26,68999.11,0.0065,69004.96,12JUN26,64000,,P,BTC-12JUN26-64000-P
,0.0001,266.9,0.0,1780406848584,0.0,102.24,69123.41,BTC-26JUN26,68999.11,,69004.96,26JUN26,380000,,C,BTC-26JUN26-380000-C
0.4985,0.518,0.0,0.50325923,1780406848584,0.0,41.76,70901.62,BTC-26MAR27,68999.11,0.50825,69004.96,26MAR27,104000,,P,BTC-26MAR27-104000-P
0.0016,0.002,263.6,0.00187,1780406848584,286.3,39.81,68998.45,BTC-5JUN26,68999.11,0.0018,69004.96,5JUN26,72000,,C,BTC-5JUN26-72000-C
0.378,0.3875,9.0,0.38215618,1780406848584,0.0,41.72,70901.62,BTC-26MAR27,68999.11,0.38275,69004.96,26MAR27,94000,,P,BTC-26MAR27-94000-P
0.004,0.0043,25.1,0.00425976,1780406848584,25.4,39.64,68997.04,index_price,68999.11,0.00415,69004.96,6JUN26,71500,,C,BTC-6JUN26-71500-C
0.4415,0.451,258.1,0.44511783,1780406848584,0.3,40.26,70244.83,BTC-25DEC26,68999.11,0.44625,69004.96,25DEC26,100000,,P,BTC-25DEC26-100000-P
0.164,0.1665,895.3,0.16538111,1780406848584,5.0,41.73,70244.83,BTC-25DEC26,68999.11,0.16525,69004.96,25DEC26,75000,,P,BTC-25DEC26-75000-P
0.078,0.079,87.3,0.07846961,1780406848584,31.4,38.15,69456.29,BTC-28AUG26,68999.11,0.0785,69004.96,28AUG26,70000,,P,BTC-28AUG26-70000-P
0.027,0.028,8.2,0.02737827,1780406848584,6.1,42.64,69456.29,BTC-28AUG26,68999.11,0.0275,69004.96,28AUG26,60000,,P,BTC-28AUG26-60000-P
0.0285,0.0315,129.4,0.02978383,1780406848584,44.0,42.5,68997.04,index_price,68999.11,0.03,69004.96,3JUN26,71000,,P,BTC-3JUN26-71000-P
0.0007,0.001,1428.8,0.00084936,1780406848584,0.0,45.7,69645.68,BTC-25SEP26,68999.11,0.00085,69004.96,25SEP26,130000,,C,BTC-25SEP26-130000-C
0.1245,0.1265,309.0,0.12553141,1780406848584,103.5,42.93,70901.62,BTC-26MAR27,68999.11,0.1255,69004.96,26MAR27,76000,,C,BTC-26MAR27-76000-C
0.3685,0.3805,0.0,0.3729254,1780406848584,0.0,39.57,69276.84,BTC-31JUL26,68999.11,0.3745,69004.96,31JUL26,95000,,P,BTC-31JUL26-95000-P
0.008,0.009,522.8,0.00870657,1780406848584,530.1,46.96,68997.04,index_price,68999.11,0.0085,69004.96,3JUN26,69000,,P,BTC-3JUN26-69000-P
0.004,0.0044,2574.2,0.00430326,1780406848584,187.9,36.02,69123.41,BTC-26JUN26,68999.11,0.0042,69004.96,26JUN26,78000,,C,BTC-26JUN26-78000-C
0.01,0.011,463.1,0.01057919,1780406848584,2.8,37.65,69643.61,BTC-25SEP26,68999.11,0.0105,69004.96,25SEP26,92000,,C,BTC-25SEP26-92000-C
0.0011,0.0013,2268.1,0.00110399,1780406848584,15.6,44.69,69643.61,BTC-25SEP26,68999.11,0.0012,69004.96,25SEP26,125000,,C,BTC-25SEP26-125000-C
0.0245,0.0305,0.0,0.02710732,1780406848584,0.0,50.03,68997.04,index_price,68999.11,0.0275,69004.96,4JUN26,67500,,C,BTC-4JUN26-67500-C
0.012,0.0125,6.5,0.01218361,1780406848584,6.5,44.23,68997.04,index_price,68999.11,0.01225,69004.96,4JUN26,69000,,C,BTC-4JUN26-69000-C
0.0024,0.0029,276.0,0.00259596,1780406848584,0.5,38.09,69282.34,BTC-31JUL26,68999.11,0.00265,69004.96,31JUL26,91000,,C,BTC-31JUL26-91000-C
0.71,0.7235,18.9,0.71597767,1780406848584,0.0,42.04,70244.83,BTC-25DEC26,68999.11,0.71675,69004.96,25DEC26,120000,,P,BTC-25DEC26-120000-P
1.797,2.0,6.6,1.89360606,1780406848584,0.0,85.97,69123.41,BTC-26JUN26,68999.11,1.8985,69004.96,26JUN26,200000,,P,BTC-26JUN26-200000-P
,0.0001,197.1,2e-08,1780406848584,0.0,86.33,69123.41,BTC-26JUN26,68999.11,,69004.96,26JUN26,210000,,C,BTC-26JUN26-210000-C
0.209,0.2125,0.0,0.21101749,1780406848584,0.0,45.42,69450.79,BTC-28AUG26,68999.11,0.21075,69004.96,28AUG26,56000,,C,BTC-28AUG26-56000-C
2.028,2.2525,0.0,2.1328541,1780406848584,0.0,55.74,70244.83,BTC-25DEC26,68999.11,2.14025,69004.96,25DEC26,220000,,P,BTC-25DEC26-220000-P
0.197,0.2,1.0,0.19889282,1780406848584,0.0,44.93,70901.62,BTC-26MAR27,68999.11,0.1985,69004.96,26MAR27,65000,,C,BTC-26MAR27-65000-C
0.012,0.013,676.6,0.0125794,1780406848584,0.3,42.62,70901.62,BTC-26MAR27,68999.11,0.0125,69004.96,26MAR27,130000,,C,BTC-26MAR27-130000-C
0.0425,0.0455,0.0,0.04441089,1780406848584,0.0,42.24,69035.76,BTC-12JUN26,68999.11,0.044,69004.96,12JUN26,67000,,C,BTC-12JUN26-67000-C
0.0001,0.0004,1447.9,0.00021713,1780406848584,1.0,55.56,69645.68,BTC-25SEP26,68999.11,0.00025,69004.96,25SEP26,175000,,C,BTC-25SEP26-175000-C
0.0425,0.051,0.0,0.04657237,1780406848584,0.0,39.64,68997.04,index_price,68999.11,0.04675,69004.96,6JUN26,72000,,P,BTC-6JUN26-72000-P
0.0021,0.0024,92.4,0.00227845,1780406848584,28.0,37.03,69061.5,BTC-19JUN26,68999.11,0.00225,69004.96,19JUN26,78000,,C,BTC-19JUN26-78000-C
0.1105,0.114,3.3,0.11183255,1780406848585,0.2,37.14,69450.79,BTC-28AUG26,68999.11,0.11225,69004.96,28AUG26,74000,,P,BTC-28AUG26-74000-P
0.0007,0.0009,1185.9,0.00080455,1780406848585,566.7,40.17,69056.0,BTC-19JUN26,68999.11,0.0008,69004.96,19JUN26,82000,,C,BTC-19JUN26-82000-C
0.0875,0.089,73.8,0.08808244,1780406848585,0.3,42.14,70901.62,BTC-26MAR27,68999.11,0.08825,69004.96,26MAR27,84000,,C,BTC-26MAR27-84000-C
,0.0001,47.9,0.0,1780406848585,0.0,60.97,68997.04,index_price,68999.11,,69004.96,3JUN26,79000,,C,BTC-3JUN26-79000-C
0.251,0.2595,11.6,0.2535419,1780406848585,0.0,37.1,69643.61,BTC-25SEP26,68999.11,0.25525,69004.96,25SEP26,86000,,P,BTC-25SEP26-86000-P
0.021,0.0225,0.0,0.0215868,1780406848585,0.0,48.01,68997.04,index_price,68999.11,0.02175,69004.96,4JUN26,68000,,C,BTC-4JUN26-68000-C
0.002,0.0022,3.2,0.00219666,1780406848585,3.2,39.64,68997.04,index_price,68999.11,0.0021,69004.96,6JUN26,72500,,C,BTC-6JUN26-72500-C
0.328,0.3345,26.3,0.33142024,1780406848585,0.0,46.51,69123.41,BTC-26JUN26,68999.11,0.33125,69004.96,26JUN26,92000,,P,BTC-26JUN26-92000-P
0.0001,0.0003,23.4,0.00017968,1780406848585,2.1,46.47,68997.04,index_price,68999.11,0.0002,69004.96,4JUN26,74000,,C,BTC-4JUN26-74000-C
0.0995,0.1005,361.8,0.09989758,1780406848585,0.0,39.71,69643.61,BTC-25SEP26,68999.11,0.1,69004.96,25SEP26,68000,,C,BTC-25SEP26-68000-C
,0.0001,68.7,6.76e-06,1780406848585,0.0,63.11,69643.61,BTC-25SEP26,68999.11,,69004.96,25SEP26,280000,,C,BTC-25SEP26-280000-C
0.0004,0.0008,187.3,0.000518,1780406848585,0.0,55.88,70244.83,BTC-25DEC26,68999.11,0.0006,69004.96,25DEC26,230000,,C,BTC-25DEC26-230000-C
0.7325,0.7415,722.5,0.73618056,1780406848585,0.0,63.2,69123.41,BTC-26JUN26,68999.11,0.737,69004.96,26JUN26,120000,,P,BTC-26JUN26-120000-P
1.2375,1.4,52.5,1.31488979,1780406848585,0.0,85.89,69123.41,BTC-26JUN26,68999.11,1.31875,69004.96,26JUN26,160000,,P,BTC-26JUN26-160000-P
0.0485,0.058,0.0,0.05285321,1780406848585,0.0,39.64,68997.04,index_price,68999.11,0.05325,69004.96,6JUN26,72500,,P,BTC-6JUN26-72500-P
0.0305,0.0315,1506.8,0.03097684,1780406848585,1.1,49.89,70244.83,BTC-25DEC26,68999.11,0.031,69004.96,25DEC26,50000,,P,BTC-25DEC26-50000-P
,0.0002,91.9,2.349e-05,1780406848585,54.5,55.36,68997.04,index_price,68999.11,,69004.96,3JUN26,74000,,C,BTC-3JUN26-74000-C
0.1715,0.1785,0.0,0.17411359,1780406848585,0.0,60.97,68997.04,index_price,68999.11,0.175,69004.96,3JUN26,81000,,P,BTC-3JUN26-81000-P
0.11,0.1125,0.0,0.11151397,1780406848585,0.0,40.03,69450.79,BTC-28AUG26,68999.11,0.11125,69004.96,28AUG26,65000,,C,BTC-28AUG26-65000-C
0.0002,0.0006,201.0,0.00036441,1780406848585,1.2,52.06,69282.34,BTC-31JUL26,68999.11,0.0004,69004.96,31JUL26,120000,,C,BTC-31JUL26-120000-C
0.064,0.0655,1.7,0.06472631,1780406848585,0.5,38.85,69456.29,BTC-28AUG26,68999.11,0.06475,69004.96,28AUG26,68000,,P,BTC-28AUG26-68000-P
0.072,0.075,414.7,0.07302181,1780406848585,13.4,42.7,68998.32,BTC-5JUN26,68999.11,0.0735,69004.96,5JUN26,74000,,P,BTC-5JUN26-74000-P
0.1155,0.12,0.0,0.1186419,1780406848585,0.0,41.49,69282.34,BTC-31JUL26,68999.11,0.11775,69004.96,31JUL26,63000,,C,BTC-31JUL26-63000-C
0.036,0.0375,5.4,0.03683958,1780406848585,0.1,36.77,69456.29,BTC-28AUG26,68999.11,0.03675,69004.96,28AUG26,76000,,C,BTC-28AUG26-76000-C
0.0415,0.043,1756.9,0.04205365,1780406848585,2.8,47.75,70244.83,BTC-25DEC26,68999.11,0.04225,69004.96,25DEC26,54000,,P,BTC-25DEC26-54000-P
0.341,0.349,4.5,0.3446648,1780406848585,0.0,40.21,70244.83,BTC-25DEC26,68999.11,0.345,69004.96,25DEC26,92000,,P,BTC-25DEC26-92000-P
0.444,0.4505,988.1,0.44696017,1780406848585,7.0,53.05,69123.41,BTC-26JUN26,68999.11,0.44725,69004.96,26JUN26,100000,,P,BTC-26JUN26-100000-P
0.213,0.2185,179.6,0.21516391,1780406848585,5.2,42.68,70901.62,BTC-26MAR27,68999.11,0.21575,69004.96,26MAR27,78000,,P,BTC-26MAR27-78000-P
0.0014,0.0017,45.3,0.00153633,1780406848585,56.3,39.67,68997.04,index_price,68999.11,0.00155,69004.96,6JUN26,73000,,C,BTC-6JUN26-73000-C
0.013,0.014,91.6,0.01355646,1780406848585,0.0,40.71,70244.83,BTC-25DEC26,68999.11,0.0135,69004.96,25DEC26,108000,,C,BTC-25DEC26-108000-C
0.0645,0.066,6526.2,0.06510229,1780406848585,43.6,45.2,70244.83,BTC-25DEC26,68999.11,0.06525,69004.96,25DEC26,60000,,P,BTC-25DEC26-60000-P
2.4405,2.694,10.0,2.55970412,1780406848585,0.0,58.35,70244.83,BTC-25DEC26,68999.11,2.56725,69004.96,25DEC26,250000,,P,BTC-25DEC26-250000-P
0.02,0.021,864.3,0.02064376,1780406848585,179.7,37.08,69643.61,BTC-25SEP26,68999.11,0.0205,69004.96,25SEP26,85000,,C,BTC-25SEP26-85000-C
0.013,0.014,146.3,0.01364222,1780406848585,83.2,42.83,69061.5,BTC-19JUN26,68999.11,0.0135,69004.96,19JUN26,65000,,P,BTC-19JUN26-65000-P
0.0105,0.011,21.2,0.01086809,1780406848585,22.6,44.1,69056.0,BTC-19JUN26,68999.11,0.01075,69004.96,19JUN26,64000,,P,BTC-19JUN26-64000-P
0.03,0.033,20.0,0.03154279,1780406848585,17.9,40.64,68997.04,index_price,68999.11,0.0315,69004.96,4JUN26,71000,,P,BTC-4JUN26-71000-P
1.5915,1.7905,0.9,1.68267211,1780406848585,0.0,47.95,70901.62,BTC-26MAR27,68999.11,1.691,69004.96,26MAR27,190000,,P,BTC-26MAR27-190000-P
0.0635,0.0685,0.1,0.06595645,1780406848585,0.1,41.79,68998.32,BTC-5JUN26,68999.11,0.066,69004.96,5JUN26,73500,,P,BTC-5JUN26-73500-P
0.0018,0.0022,1206.7,0.00200406,1780406848585,10.5,47.83,70244.83,BTC-25DEC26,68999.11,0.002,69004.96,25DEC26,160000,,C,BTC-25DEC26-160000-C
0.0415,0.0425,2.0,0.04181196,1780406848585,2.0,39.68,69056.0,BTC-19JUN26,68999.11,0.042,69004.96,19JUN26,68000,,C,BTC-19JUN26-68000-C
0.295,0.3005,3.4,0.29722278,1780406848585,0.0,40.24,70244.83,BTC-25DEC26,68999.11,0.29775,69004.96,25DEC26,88000,,P,BTC-25DEC26-88000-P
0.0095,0.01,1158.3,0.00989783,1780406848585,1418.0,46.58,68998.45,BTC-5JUN26,68999.11,0.00975,69004.96,5JUN26,68000,,P,BTC-5JUN26-68000-P
0.0335,0.0355,4.0,0.0345298,1780406848585,4.2,40.68,69041.26,BTC-12JUN26,68999.11,0.0345,69004.96,12JUN26,68000,,C,BTC-12JUN26-68000-C
0.3825,0.3915,1.0,0.38586057,1780406848585,0.0,38.25,69643.61,BTC-25SEP26,68999.11,0.387,69004.96,25SEP26,96000,,P,BTC-25SEP26-96000-P
0.3905,0.3995,0.6,0.3941024,1780406848585,0.0,40.23,70239.33,BTC-25DEC26,68999.11,0.395,69004.96,25DEC26,96000,,P,BTC-25DEC26-96000-P
0.2575,0.2645,8.1,0.26030305,1780406848585,0.0,36.97,69282.34,BTC-31JUL26,68999.11,0.261,69004.96,31JUL26,87000,,P,BTC-31JUL26-87000-P
0.0465,0.047,140.0,0.04648555,1780406848585,24.3,39.12,69282.34,BTC-31JUL26,68999.11,0.04675,69004.96,31JUL26,67000,,P,BTC-31JUL26-67000-P
0.2435,0.253,0.3,0.24651063,1780406848585,0.0,71.06,68998.32,BTC-5JUN26,68999.11,0.24825,69004.96,5JUN26,86000,,P,BTC-5JUN26-86000-P
0.0385,0.04,2363.6,0.03936237,1780406848585,57.1,40.23,70244.83,BTC-25DEC26,68999.11,0.03925,69004.96,25DEC26,90000,,C,BTC-25DEC26-90000-C
0.189,0.1925,3.6,0.19109157,1780406848585,0.0,44.69,70901.62,BTC-26MAR27,68999.11,0.19075,69004.96,26MAR27,66000,,C,BTC-26MAR27-66000-C
0.0004,0.0006,15.1,0.00051379,1780406848585,10.3,41.44,68997.04,index_price,68999.11,0.0005,69004.96,4JUN26,72500,,C,BTC-4JUN26-72500-C
1.7275,1.935,1.0,1.82323608,1780406848585,0.0,48.7,70901.62,BTC-26MAR27,68999.11,1.83125,69004.96,26MAR27,200000,,P,BTC-26MAR27-200000-P
0.0021,0.0022,1747.0,0.00213455,1780406848585,48.9,74.19,69643.61,BTC-25SEP26,68999.11,0.00215,69004.96,25SEP26,30000,,P,BTC-25SEP26-30000-P
0.0007,0.001,3776.0,0.00085594,1780406848585,3185.3,39.73,69123.41,BTC-26JUN26,68999.11,0.00085,69004.96,26JUN26,85000,,C,BTC-26JUN26-85000-C
0.0645,0.0675,19.1,0.06545415,1780406848585,1.4,55.35,68997.04,index_price,68999.11,0.066,69004.96,3JUN26,73500,,P,BTC-3JUN26-73500-P
0.0049,0.0055,830.9,0.00523262,1780406848585,5.0,45.31,70901.62,BTC-26MAR27,68999.11,0.0052,69004.96,26MAR27,160000,,C,BTC-26MAR27-160000-C
,0.0001,291.3,1.001e-05,1780406848585,1.0,61.4,69645.68,BTC-25SEP26,68999.11,,69004.96,25SEP26,260000,,C,BTC-25SEP26-260000-C
0.0495,0.1105,0.0,0.08011251,1780406848585,0.0,49.06,68997.04,index_price,68999.11,0.08,69004.96,4JUN26,74500,,P,BTC-4JUN26-74500-P
0.0585,0.0595,176.4,0.0589116,1780406848585,87.2,38.15,69282.34,BTC-31JUL26,68999.11,0.059,69004.96,31JUL26,69000,,P,BTC-31JUL26-69000-P
0.0965,0.0985,129.9,0.09771261,1780406848585,0.2,43.44,70244.83,BTC-25DEC26,68999.11,0.0975,69004.96,25DEC26,66000,,P,BTC-25DEC26-66000-P
0.0275,0.028,1654.7,0.02763735,1780406848585,222.6,37.03,69643.61,BTC-25SEP26,68999.11,0.02775,69004.96,25SEP26,82000,,C,BTC-25SEP26-82000-C
0.1425,0.149,5.0,0.14486962,1780406848585,0.9,40.33,69035.76,BTC-12JUN26,68999.11,0.14575,69004.96,12JUN26,79000,,P,BTC-12JUN26-79000-P
0.0405,0.043,399.3,0.04164754,1780406848585,50.0,37.58,69035.76,BTC-12JUN26,68999.11,0.04175,69004.96,12JUN26,71000,,P,BTC-12JUN26-71000-P
,0.0001,759.8,1.52e-06,1780406848585,0.0,85.89,69117.91,BTC-26JUN26,68999.11,,69004.96,26JUN26,170000,,C,BTC-26JUN26-170000-C
0.356,0.3635,0.2,0.35924844,1780406848585,0.0,41.78,70901.62,BTC-26MAR27,68999.11,0.35975,69004.96,26MAR27,92000,,P,BTC-26MAR27-92000-P
0.014,0.0155,20.0,0.01492381,1780406848585,20.0,42.24,69035.76,BTC-12JUN26,68999.11,0.01475,69004.96,12JUN26,67000,,P,BTC-12JUN26-67000-P
1.615,1.811,0.0,1.70608449,1780406848585,0.0,51.77,70244.83,BTC-25DEC26,68999.11,1.713,69004.96,25DEC26,190000,,P,BTC-25DEC26-190000-P
0.5105,0.5125,68.7,0.51136068,1780406848585,0.0,62.2,70244.83,BTC-25DEC26,68999.11,0.5115,69004.96,25DEC26,35000,,C,BTC-25DEC26-35000-C
1.2025,1.371,0.0,1.27993206,1780406848585,0.0,47.83,70244.83,BTC-25DEC26,68999.11,1.28675,69004.96,25DEC26,160000,,P,BTC-25DEC26-160000-P
0.005,0.0055,107.0,0.00526949,1780406848585,12.1,36.89,69282.34,BTC-31JUL26,68999.11,0.00525,69004.96,31JUL26,86000,,C,BTC-31JUL26-86000-C
0.007,0.008,7096.4,0.00753167,1780406848585,56.4,42.04,70244.83,BTC-25DEC26,68999.11,0.0075,69004.96,25DEC26,120000,,C,BTC-25DEC26-120000-C
0.0003,0.0004,0.0,0.00031255,1780406848585,0.0,45.24,68997.04,index_price,68999.11,0.00035,69004.96,6JUN26,76000,,C,BTC-6JUN26-76000-C
0.1635,0.167,141.2,0.16460283,1780406848585,16.4,43.5,70901.62,BTC-26MAR27,68999.11,0.16525,69004.96,26MAR27,72000,,P,BTC-26MAR27-72000-P
0.0001,0.0002,3746.6,0.00015716,1780406848585,7.4,53.05,69123.41,BTC-26JUN26,68999.11,0.00015,69004.96,26JUN26,100000,,C,BTC-26JUN26-100000-C
0.0001,0.0003,0.0,0.00018989,1780406848585,0.0,51.81,68997.04,index_price,68999.11,0.0002,69004.96,6JUN26,78000,,C,BTC-6JUN26-78000-C
0.285,0.295,5.9,0.28807977,1780406848585,0.0,37.49,69282.34,BTC-31JUL26,68999.11,0.29,69004.96,31JUL26,89000,,P,BTC-31JUL26-89000-P
0.0026,0.0028,1561.3,0.00267122,1780406848585,9.6,46.53,70244.83,BTC-25DEC26,68999.11,0.0027,69004.96,25DEC26,150000,,C,BTC-25DEC26-150000-C
0.0003,0.0004,817.9,0.00036116,1780406848585,7.3,46.5,69123.41,BTC-26JUN26,68999.11,0.00035,69004.96,26JUN26,92000,,C,BTC-26JUN26-92000-C
0.0765,0.0785,49.8,0.07726793,1780406848585,0.1,46.71,70901.62,BTC-26MAR27,68999.11,0.0775,69004.96,26MAR27,58000,,P,BTC-26MAR27-58000-P
0.01,0.011,1574.4,0.01061302,1780406848585,473.7,45.96,69123.41,BTC-26JUN26,68999.11,0.0105,69004.96,26JUN26,62000,,P,BTC-26JUN26-62000-P
,0.0001,5.1,1.82e-06,1780406848585,4.0,59.23,68997.04,index_price,68999.11,,69004.96,4JUN26,80000,,C,BTC-4JUN26-80000-C
0.0135,0.0145,36.0,0.01389127,1780406848585,17.7,47.02,69456.29,BTC-28AUG26,68999.11,0.014,69004.96,28AUG26,54000,,P,BTC-28AUG26-54000-P
0.02,0.021,365.0,0.02055466,1780406848586,370.1,36.52,69456.29,BTC-28AUG26,68999.11,0.0205,69004.96,28AUG26,81000,,C,BTC-28AUG26-81000-C
0.0041,0.0044,0.5,0.00426252,1780406848586,0.5,38.41,69450.79,BTC-28AUG26,68999.11,0.00425,69004.96,28AUG26,95000,,C,BTC-28AUG26-95000-C
0.0002,0.0003,3826.1,0.00024876,1780406848586,36.9,48.84,69123.41,BTC-26JUN26,68999.11,0.00025,69004.96,26JUN26,95000,,C,BTC-26JUN26-95000-C
0.0008,0.0011,0.2,0.00092295,1780406848586,0.2,67.39,68997.04,index_price,68999.11,0.00095,69004.96,6JUN26,61000,,P,BTC-6JUN26-61000-P
0.015,0.016,343.1,0.01549056,1780406848586,0.1,37.3,69645.68,BTC-25SEP26,68999.11,0.0155,69004.96,25SEP26,88000,,C,BTC-25SEP26-88000-C
0.1565,0.159,15.9,0.15806731,1780406848586,0.1,43.44,70244.83,BTC-25DEC26,68999.11,0.15775,69004.96,25DEC26,66000,,C,BTC-25DEC26-66000-C
0.0185,0.0195,59.8,0.01900499,1780406848586,1.0,40.32,70244.83,BTC-25DEC26,68999.11,0.019,69004.96,25DEC26,102000,,C,BTC-25DEC26-102000-C
,0.0002,39.4,9.69e-06,1780406848586,29.8,55.45,68997.04,index_price,68999.11,,69004.96,3JUN26,74500,,C,BTC-3JUN26-74500-C
0.077,0.0785,2.0,0.07771418,1780406848586,1.0,38.47,69456.29,BTC-28AUG26,68999.11,0.07775,69004.96,28AUG26,69000,,C,BTC-28AUG26-69000-C
0.0355,0.037,15.8,0.03632464,1780406848586,0.9,41.76,70901.62,BTC-26MAR27,68999.11,0.03625,69004.96,26MAR27,104000,,C,BTC-26MAR27-104000-C
0.3675,0.377,0.0,0.37226655,1780406848586,0.0,38.41,69450.79,BTC-28AUG26,68999.11,0.37225,69004.96,28AUG26,95000,,P,BTC-28AUG26-95000-P
0.0016,0.0018,2188.5,0.00169456,1780406848586,1.3,49.64,70239.33,BTC-25DEC26,68999.11,0.0017,69004.96,25DEC26,170000,,C,BTC-25DEC26-170000-C
0.0001,0.0002,681.7,0.00015292,1780406848586,89.9,49.78,69035.76,BTC-12JUN26,68999.11,0.00015,69004.96,12JUN26,85000,,C,BTC-12JUN26-85000-C
0.124,0.126,423.2,0.1252714,1780406848586,1.0,40.77,69645.68,BTC-25SEP26,68999.11,0.125,69004.96,25SEP26,65000,,C,BTC-25SEP26-65000-C
0.841,0.8555,0.2,0.84624763,1780406848586,0.0,42.62,70901.62,BTC-26MAR27,68999.11,0.84825,69004.96,26MAR27,130000,,P,BTC-26MAR27-130000-P
0.2315,0.237,135.5,0.23369786,1780406848586,0.0,42.48,70901.62,BTC-26MAR27,68999.11,0.23425,69004.96,26MAR27,80000,,P,BTC-26MAR27-80000-P
0.015,0.0155,999.7,0.01528977,1780406848586,189.7,43.31,69123.41,BTC-26JUN26,68999.11,0.01525,69004.96,26JUN26,64000,,P,BTC-26JUN26-64000-P
0.1395,0.1425,0.0,0.14149689,1780406848586,0.0,41.51,69456.29,BTC-28AUG26,68999.11,0.141,69004.96,28AUG26,62000,,C,BTC-28AUG26-62000-C
0.062,0.0655,255.4,0.06340017,1780406848586,20.2,36.94,69035.76,BTC-12JUN26,68999.11,0.06375,69004.96,12JUN26,73000,,P,BTC-12JUN26-73000-P
,0.0001,174.0,4.69e-06,1780406848586,0.0,64.66,69643.61,BTC-25SEP26,68999.11,,69004.96,25SEP26,300000,,C,BTC-25SEP26-300000-C
0.4565,0.46,20.1,0.45829054,1780406848586,0.0,55.01,70901.62,BTC-26MAR27,68999.11,0.45825,69004.96,26MAR27,40000,,C,BTC-26MAR27-40000-C
0.0995,0.1375,0.0,0.10163807,1780406848586,0.0,56.43,68997.04,index_price,68999.11,0.1185,69004.96,3JUN26,76000,,P,BTC-3JUN26-76000-P
0.0007,0.001,161.5,0.00078992,1780406848586,1.1,47.62,69645.68,BTC-25SEP26,68999.11,0.00085,69004.96,25SEP26,135000,,C,BTC-25SEP26-135000-C
0.1045,0.1065,282.0,0.10550486,1780406848586,16.1,38.56,69643.61,BTC-25SEP26,68999.11,0.1055,69004.96,25SEP26,72000,,P,BTC-25SEP26-72000-P
0.0435,0.045,820.5,0.04428962,1780406848586,3.7,42.03,69645.68,BTC-25SEP26,68999.11,0.04425,69004.96,25SEP26,62000,,P,BTC-25SEP26-62000-P
0.013,0.0135,384.1,0.01319355,1780406848586,387.4,37.58,69041.26,BTC-12JUN26,68999.11,0.01325,69004.96,12JUN26,71000,,C,BTC-12JUN26-71000-C
0.0235,0.0245,128.5,0.02399699,1780406848586,16.2,36.13,69282.34,BTC-31JUL26,68999.11,0.024,69004.96,31JUL26,76000,,C,BTC-31JUL26-76000-C
,0.0001,122.8,3.79e-06,1780406848586,112.5,55.51,68997.04,index_price,68999.11,,69004.96,3JUN26,75000,,C,BTC-3JUN26-75000-C
0.285,0.29,0.0,0.28822283,1780406848586,0.0,47.66,70901.62,BTC-26MAR27,68999.11,0.2875,69004.96,26MAR27,55000,,C,BTC-26MAR27-55000-C
0.222,0.225,2.2,0.2233609,1780406848586,0.0,45.61,70901.62,BTC-26MAR27,68999.11,0.2235,69004.96,26MAR27,62000,,C,BTC-26MAR27-62000-C
0.0011,0.0014,40.9,0.00128972,1780406848586,0.8,42.92,69456.29,BTC-28AUG26,68999.11,0.00125,69004.96,28AUG26,110000,,C,BTC-28AUG26-110000-C
0.0055,0.006,10.5,0.00576779,1780406848586,10.5,39.64,68997.04,index_price,68999.11,0.00575,69004.96,6JUN26,71000,,C,BTC-6JUN26-71000-C
0.3005,0.3125,0.0,0.30448469,1780406848586,0.0,72.07,68998.32,BTC-5JUN26,68999.11,0.3065,69004.96,5JUN26,90000,,P,BTC-5JUN26-90000-P
0.0001,0.0003,159.0,0.00020219,1780406848586,197.8,47.08,68997.04,index_price,68999.11,0.0002,69004.96,3JUN26,72000,,C,BTC-3JUN26-72000-C
0.719,0.7325,173.8,0.72447173,1780406848586,0.0,43.45,69645.68,BTC-25SEP26,68999.11,0.72575,69004.96,25SEP26,120000,,P,BTC-25SEP26-120000-P
0.0011,0.0013,149.9,0.00122569,1780406848586,131.4,39.83,68998.45,BTC-5JUN26,68999.11,0.0012,69004.96,5JUN26,72500,,C,BTC-5JUN26-72500-C
0.0045,0.0049,9.0,0.00470078,1780406848586,5.0,38.16,69456.29,BTC-28AUG26,68999.11,0.0047,69004.96,28AUG26,94000,,C,BTC-28AUG26-94000-C
0.045,0.046,2979.2,0.04540226,1780406848586,666.7,37.77,69123.41,BTC-26JUN26,68999.11,0.0455,69004.96,26JUN26,70000,,P,BTC-26JUN26-70000-P
0.0001,0.0002,1428.5,0.00011574,1780406848586,107.9,67.18,68998.32,BTC-5JUN26,68999.11,0.00015,69004.96,5JUN26,80000,,C,BTC-5JUN26-80000-C
0.0016,0.002,340.9,0.00178842,1780406848586,222.1,60.12,69056.0,BTC-19JUN26,68999.11,0.0018,69004.96,19JUN26,55000,,P,BTC-19JUN26-55000-P
0.077,0.079,654.6,0.07800693,1780406848586,22.0,42.16,69123.41,BTC-26JUN26,68999.11,0.078,69004.96,26JUN26,65000,,C,BTC-26JUN26-65000-C
0.294,0.297,32.6,0.29575798,1780406848586,0.0,49.96,69645.68,BTC-25SEP26,68999.11,0.2955,69004.96,25SEP26,50000,,C,BTC-25SEP26-50000-C
0.0037,0.004,3.5,0.00388534,1780406848586,0.6,38.7,69456.29,BTC-28AUG26,68999.11,0.00385,69004.96,28AUG26,96000,,C,BTC-28AUG26-96000-C
0.0275,0.0285,99.0,0.02781825,1780406848586,89.8,36.25,69282.34,BTC-31JUL26,68999.11,0.028,69004.96,31JUL26,75000,,C,BTC-31JUL26-75000-C
,0.0001,0.0,0.0,1780406848586,0.0,60.97,68997.04,index_price,68999.11,,69004.96,3JUN26,81000,,C,BTC-3JUN26-81000-C
0.2995,0.3115,0.1,0.30371978,1780406848586,0.0,54.83,69035.76,BTC-12JUN26,68999.11,0.3055,69004.96,12JUN26,90000,,P,BTC-12JUN26-90000-P
0.007,0.008,263.8,0.00741294,1780406848586,11.1,38.25,69643.61,BTC-25SEP26,68999.11,0.0075,69004.96,25SEP26,96000,,C,BTC-25SEP26-96000-C
0.025,0.0265,28.7,0.02567809,1780406848586,2.0,41.86,70901.62,BTC-26MAR27,68999.11,0.02575,69004.96,26MAR27,112000,,C,BTC-26MAR27-112000-C
0.0955,0.0975,171.8,0.09616134,1780406848586,13.5,42.25,70901.62,BTC-26MAR27,68999.11,0.0965,69004.96,26MAR27,82000,,C,BTC-26MAR27-82000-C
0.186,0.193,0.0,0.18860882,1780406848586,0.0,60.97,68997.04,index_price,68999.11,0.1895,69004.96,3JUN26,82000,,P,BTC-3JUN26-82000-P
0.0008,0.0009,1582.7,0.00076481,1780406848586,1035.3,39.36,69035.76,BTC-12JUN26,68999.11,0.00085,69004.96,12JUN26,78000,,C,BTC-12JUN26-78000-C
,0.0001,2651.1,9.26e-06,1780406848586,0.0,82.82,69123.41,BTC-26JUN26,68999.11,,69004.96,26JUN26,150000,,C,BTC-26JUN26-150000-C
0.0005,0.0008,260.8,0.00063397,1780406848586,0.0,46.17,69282.34,BTC-31JUL26,68999.11,0.00065,69004.96,31JUL26,108000,,C,BTC-31JUL26-108000-C
0.2305,0.234,82.1,0.23258029,1780406848586,0.0,46.03,69643.61,BTC-25SEP26,68999.11,0.23225,69004.96,25SEP26,55000,,C,BTC-25SEP26-55000-C
0.2135,0.2205,38.5,0.21633794,1780406848586,0.0,38.91,69123.41,BTC-26JUN26,68999.11,0.217,69004.96,26JUN26,84000,,P,BTC-26JUN26-84000-P
0.1175,0.1215,0.0,0.11932467,1780406848586,0.0,53.5,69041.26,BTC-12JUN26,68999.11,0.1195,69004.96,12JUN26,61000,,C,BTC-12JUN26-61000-C
0.0705,0.0715,2.0,0.07085328,1780406848586,1.1,38.62,69282.34,BTC-31JUL26,68999.11,0.071,69004.96,31JUL26,68000,,C,BTC-31JUL26-68000-C
0.0009,0.0011,196.5,0.00098435,1780406848586,1.0,41.62,69282.34,BTC-31JUL26,68999.11,0.001,69004.96,31JUL26,100000,,C,BTC-31JUL26-100000-C
0.1555,0.158,61.8,0.15680802,1780406848586,11.5,41.88,70244.83,BTC-25DEC26,68999.11,0.15675,69004.96,25DEC26,74000,,P,BTC-25DEC26-74000-P
0.0595,0.0605,469.5,0.05986173,1780406848586,100.6,38.06,69645.68,BTC-25SEP26,68999.11,0.06,69004.96,25SEP26,74000,,C,BTC-25SEP26-74000-C
0.1065,0.1095,3.0,0.10802983,1780406848586,0.0,40.8,69282.34,BTC-31JUL26,68999.11,0.108,69004.96,31JUL26,64000,,C,BTC-31JUL26-64000-C
0.1205,0.1705,0.0,0.13071118,1780406848586,0.0,57.43,68997.04,index_price,68999.11,0.1455,69004.96,4JUN26,78000,,P,BTC-4JUN26-78000-P
0.005,0.0055,852.3,0.00529238,1780406848586,171.3,52.03,69123.41,BTC-26JUN26,68999.11,0.00525,69004.96,26JUN26,58000,,P,BTC-26JUN26-58000-P
0.087,0.092,215.2,0.08890429,1780406848586,1.4,37.12,69035.76,BTC-12JUN26,68999.11,0.0895,69004.96,12JUN26,75000,,P,BTC-12JUN26-75000-P
0.1295,0.1325,223.8,0.13070885,1780406848586,15.0,59.03,68998.32,BTC-5JUN26,68999.11,0.131,69004.96,5JUN26,78000,,P,BTC-5JUN26-78000-P
0.0075,0.008,103.9,0.0078271,1780406848586,103.9,40.1,68997.04,index_price,68999.11,0.00775,69004.96,6JUN26,70500,,C,BTC-6JUN26-70500-C
0.058,0.0625,4.1,0.06055643,1780406848586,4.1,56.87,68998.32,BTC-5JUN26,68999.11,0.06025,69004.96,5JUN26,65000,,C,BTC-5JUN26-65000-C
,0.0001,203.9,0.0,1780406848586,0.0,60.97,68997.04,index_price,68999.11,,69004.96,3JUN26,80000,,C,BTC-3JUN26-80000-C
0.0565,0.058,603.8,0.05735725,1780406848586,2.2,40.7,70244.83,BTC-25DEC26,68999.11,0.05725,69004.96,25DEC26,84000,,C,BTC-25DEC26-84000-C
0.1855,0.1925,0.0,0.18834757,1780406848586,0.0,40.17,69061.5,BTC-19JUN26,68999.11,0.189,69004.96,19JUN26,82000,,P,BTC-19JUN26-82000-P
0.012,0.013,231.4,0.01263417,1780406848586,229.1,36.58,69456.29,BTC-28AUG26,68999.11,0.0125,69004.96,28AUG26,85000,,C,BTC-28AUG26-85000-C
0.1395,0.142,640.7,0.14086262,1780406848600,16.3,37.62,69643.61,BTC-25SEP26,68999.11,0.14075,69004.96,25SEP26,76000,,P,BTC-25SEP26-76000-P
0.003,0.0034,4.5,0.00324277,1780406848600,1.2,39.27,69456.29,BTC-28AUG26,68999.11,0.0032,69004.96,28AUG26,98000,,C,BTC-28AUG26-98000-C
0.157,0.1645,0.0,0.15961836,1780406848600,0.0,60.97,68997.04,index_price,68999.11,0.16075,69004.96,3JUN26,80000,,P,BTC-3JUN26-80000-P
0.0575,0.0655,0.0,0.06182493,1780406848600,0.0,54.26,68997.04,index_price,68999.11,0.0615,69004.96,6JUN26,65000,,C,BTC-6JUN26-65000-C
,0.0002,4.3,2.297e-05,1780406848600,1.1,51.74,68997.04,index_price,68999.11,,69004.96,4JUN26,76500,,C,BTC-4JUN26-76500-C
0.0025,0.0029,68.8,0.00274087,1780406848600,34.5,39.88,69456.29,BTC-28AUG26,68999.11,0.0027,69004.96,28AUG26,100000,,C,BTC-28AUG26-100000-C
0.0915,0.093,277.3,0.09224442,1780406848600,4.0,41.6,70244.83,BTC-25DEC26,68999.11,0.09225,69004.96,25DEC26,76000,,C,BTC-25DEC26-76000-C
0.0024,0.0026,77.1,0.00258503,1780406848600,79.4,42.33,68997.04,index_price,68999.11,0.0025,69004.96,3JUN26,70000,,C,BTC-3JUN26-70000-C
0.007,0.0075,81.2,0.0073239,1780406848600,25.2,48.01,68997.04,index_price,68999.11,0.00725,69004.96,4JUN26,68000,,P,BTC-4JUN26-68000-P
0.0001,0.0002,8.6,6.944e-05,1780406848600,7.0,51.3,68997.04,index_price,68999.11,0.00015,69004.96,4JUN26,75500,,C,BTC-4JUN26-75500-C
0.0019,0.0022,63.2,0.00206374,1780406848600,71.3,60.39,68997.04,index_price,68999.11,0.00205,69004.96,3JUN26,67000,,P,BTC-3JUN26-67000-P
0.0001,0.0002,2563.8,0.00014666,1780406848600,223.3,116.69,69123.41,BTC-26JUN26,68999.11,0.00015,69004.96,26JUN26,30000,,P,BTC-26JUN26-30000-P
0.0175,0.0185,259.9,0.01826659,1780406848600,137.2,36.55,69456.29,BTC-28AUG26,68999.11,0.018,69004.96,28AUG26,82000,,C,BTC-28AUG26-82000-C
0.0165,0.0175,59.2,0.01693346,1780406848600,1.5,40.43,70244.83,BTC-25DEC26,68999.11,0.017,69004.96,25DEC26,104000,,C,BTC-25DEC26-104000-C
0.0185,0.0195,5.5,0.01888678,1780406848600,7.7,38.43,69041.26,BTC-12JUN26,68999.11,0.019,69004.96,12JUN26,70000,,C,BTC-12JUN26-70000-C
0.115,0.117,79.7,0.1164349,1780406848600,0.0,40.4,69645.68,BTC-25SEP26,68999.11,0.116,69004.96,25SEP26,66000,,C,BTC-25SEP26-66000-C
1.1515,1.3105,0.1,1.22601181,1780406848600,0.0,51.97,69645.68,BTC-25SEP26,68999.11,1.231,69004.96,25SEP26,155000,,P,BTC-25SEP26-155000-P
0.0035,0.0038,1039.5,0.0036362,1780406848601,1.0,40.03,69645.68,BTC-25SEP26,68999.11,0.00365,69004.96,25SEP26,105000,,C,BTC-25SEP26-105000-C
0.0485,0.0495,103.9,0.0488963,1780406848601,99.4,37.38,69282.34,BTC-31JUL26,68999.11,0.049,69004.96,31JUL26,71000,,C,BTC-31JUL26-71000-C
0.044,0.045,1740.0,0.04436238,1780406848601,15.8,40.24,70244.83,BTC-25DEC26,68999.11,0.0445,69004.96,25DEC26,88000,,C,BTC-25DEC26-88000-C
0.0355,0.0385,77.9,0.03673831,1780406848601,56.8,44.23,68997.04,index_price,68999.11,0.037,69004.96,3JUN26,71500,,P,BTC-3JUN26-71500-P
0.0012,0.0014,1396.0,0.00128297,1780406848601,1079.5,38.3,69056.0,BTC-19JUN26,68999.11,0.0013,69004.96,19JUN26,80000,,C,BTC-19JUN26-80000-C
0.07,0.0735,1.0,0.07229714,1780406848601,0.0,42.83,69056.0,BTC-19JUN26,68999.11,0.07175,69004.96,19JUN26,65000,,C,BTC-19JUN26-65000-C
0.5115,0.522,0.0,0.51581389,1780406848601,0.0,41.77,70901.62,BTC-26MAR27,68999.11,0.51675,69004.96,26MAR27,105000,,P,BTC-26MAR27-105000-P
0.173,0.18,0.5,0.17510644,1780406848601,0.0,36.5,69450.79,BTC-28AUG26,68999.11,0.1765,69004.96,28AUG26,80000,,P,BTC-28AUG26-80000-P
0.0505,0.0545,280.5,0.05187855,1780406848601,25.4,37.05,69041.26,BTC-12JUN26,68999.11,0.0525,69004.96,12JUN26,72000,,P,BTC-12JUN26-72000-P
0.021,0.022,1.0,0.02174567,1780406848601,1.0,44.18,68997.04,index_price,68999.11,0.0215,69004.96,6JUN26,68500,,C,BTC-6JUN26-68500-C
1.517,1.7,37.1,1.60424588,1780406848601,0.0,85.89,69123.41,BTC-26JUN26,68999.11,1.6085,69004.96,26JUN26,180000,,P,BTC-26JUN26-180000-P
0.0003,0.0005,1054.4,0.00040387,1780406848601,14.7,42.68,69056.0,BTC-19JUN26,68999.11,0.0004,69004.96,19JUN26,85000,,C,BTC-19JUN26-85000-C
0.0048,0.0055,96.0,0.00499276,1780406848601,98.3,44.35,68997.04,index_price,68999.11,0.00515,69004.96,3JUN26,69500,,C,BTC-3JUN26-69500-C
0.0038,0.0041,119.7,0.00403462,1780406848601,140.0,39.8,68998.32,BTC-5JUN26,68999.11,0.00395,69004.96,5JUN26,71000,,C,BTC-5JUN26-71000-C
0.587,0.5975,929.2,0.591578,1780406848601,0.0,61.98,69123.41,BTC-26JUN26,68999.11,0.59225,69004.96,26JUN26,110000,,P,BTC-26JUN26-110000-P
0.011,0.0115,1.8,0.0113084,1780406848601,1.8,49.02,69456.29,BTC-28AUG26,68999.11,0.01125,69004.96,28AUG26,52000,,P,BTC-28AUG26-52000-P
0.203,0.21,196.8,0.20506137,1780406848601,2.3,37.03,69645.68,BTC-25SEP26,68999.11,0.2065,69004.96,25SEP26,82000,,P,BTC-25SEP26-82000-P
0.6005,0.6235,0.0,0.6054538,1780406848601,0.0,41.86,70901.62,BTC-26MAR27,68999.11,0.612,69004.96,26MAR27,112000,,P,BTC-26MAR27-112000-P
0.0705,0.078,0.6,0.07267047,1780406848601,1.0,55.36,68997.04,index_price,68999.11,0.07425,69004.96,3JUN26,74000,,P,BTC-3JUN26-74000-P
0.009,0.01,1243.2,0.00947127,1780406848601,105.9,36.07,69282.34,BTC-31JUL26,68999.11,0.0095,69004.96,31JUL26,82000,,C,BTC-31JUL26-82000-C
0.2295,0.232,39.6,0.23076532,1780406848601,0.0,45.99,70244.83,BTC-25DEC26,68999.11,0.23075,69004.96,25DEC26,58000,,C,BTC-25DEC26-58000-C
0.036,0.037,96.3,0.03622332,1780406848601,8.0,40.2,69282.34,BTC-31JUL26,68999.11,0.0365,69004.96,31JUL26,65000,,P,BTC-31JUL26-65000-P
0.047,0.048,31.2,0.04751673,1780406848601,18.4,40.03,69456.29,BTC-28AUG26,68999.11,0.0475,69004.96,28AUG26,65000,,P,BTC-28AUG26-65000-P
0.515,0.523,310.9,0.51929571,1780406848601,0.0,59.01,69123.41,BTC-26JUN26,68999.11,0.519,69004.96,26JUN26,105000,,P,BTC-26JUN26-105000-P
0.078,0.107,0.2,0.07990429,1780406848601,0.2,55.45,68997.04,index_price,68999.11,0.0925,69004.96,3JUN26,74500,,P,BTC-3JUN26-74500-P
,0.0001,1944.0,7.55e-06,1780406848601,0.0,63.95,69123.41,BTC-26JUN26,68999.11,,69004.96,26JUN26,125000,,C,BTC-26JUN26-125000-C
0.228,0.235,2850.2,0.23063888,1780406848601,5.3,39.73,69123.41,BTC-26JUN26,68999.11,0.2315,69004.96,26JUN26,85000,,P,BTC-26JUN26-85000-P
0.71,0.711,103.6,0.71065822,1780406848601,0.2,144.1,69123.41,BTC-26JUN26,68999.11,0.7105,69004.96,26JUN26,20000,,C,BTC-26JUN26-20000-C
0.0715,0.0745,14.2,0.0728936,1780406848601,0.4,46.47,68997.04,index_price,68999.11,0.073,69004.96,4JUN26,74000,,P,BTC-4JUN26-74000-P
0.0635,0.065,189.6,0.06411764,1780406848601,15.5,40.4,69645.68,BTC-25SEP26,68999.11,0.06425,69004.96,25SEP26,66000,,P,BTC-25SEP26-66000-P
0.0535,0.0545,1666.7,0.05401735,1780406848601,43.1,40.65,70239.33,BTC-25DEC26,68999.11,0.054,69004.96,25DEC26,85000,,C,BTC-25DEC26-85000-C
0.4155,0.4245,0.7,0.41945034,1780406848601,0.0,40.25,70244.83,BTC-25DEC26,68999.11,0.42,69004.96,25DEC26,98000,,P,BTC-25DEC26-98000-P
0.3,0.3075,0.5,0.3030612,1780406848601,0.1,37.18,69450.79,BTC-28AUG26,68999.11,0.30375,69004.96,28AUG26,90000,,P,BTC-28AUG26-90000-P
0.114,0.116,55.8,0.11496296,1780406848601,34.3,42.68,70901.62,BTC-26MAR27,68999.11,0.115,69004.96,26MAR27,78000,,C,BTC-26MAR27-78000-C
0.0665,0.068,457.5,0.06739442,1780406848601,2.0,41.17,69117.91,BTC-26JUN26,68999.11,0.06725,69004.96,26JUN26,66000,,C,BTC-26JUN26-66000-C
0.234,0.2425,0.4,0.23663777,1780406848601,0.0,36.58,69450.79,BTC-28AUG26,68999.11,0.23825,69004.96,28AUG26,85000,,P,BTC-28AUG26-85000-P
1.776,1.9785,0.1,1.87186294,1780406848601,0.0,58.55,69645.68,BTC-25SEP26,68999.11,1.87725,69004.96,25SEP26,200000,,P,BTC-25SEP26-200000-P
0.085,0.0865,1.0,0.08552343,1780406848601,1.1,38.85,69450.79,BTC-28AUG26,68999.11,0.08575,69004.96,28AUG26,68000,,C,BTC-28AUG26-68000-C
0.8765,0.8865,106.4,0.88085209,1780406848601,4.3,68.16,69123.41,BTC-26JUN26,68999.11,0.8815,69004.96,26JUN26,130000,,P,BTC-26JUN26-130000-P
0.0004,0.0006,0.0,0.00051178,1780406848601,0.0,43.22,68997.04,index_price,68999.11,0.0005,69004.96,6JUN26,75000,,C,BTC-6JUN26-75000-C
0.2605,0.265,0.0,0.2625062,1780406848601,0.0,49.02,69450.79,BTC-28AUG26,68999.11,0.26275,69004.96,28AUG26,52000,,C,BTC-28AUG26-52000-C
0.025,0.028,25.4,0.02562095,1780406848601,20.7,40.64,68997.04,index_price,68999.11,0.0265,69004.96,4JUN26,70500,,P,BTC-4JUN26-70500-P
0.005,0.006,0.0,0.00559636,1780406848601,0.0,50.03,68997.04,index_price,68999.11,0.0055,69004.96,4JUN26,67500,,P,BTC-4JUN26-67500-P
0.0815,0.083,211.1,0.08224437,1780406848601,0.1,41.36,70244.83,BTC-25DEC26,68999.11,0.08225,69004.96,25DEC26,78000,,C,BTC-25DEC26-78000-C
0.0016,0.0017,2461.1,0.00164847,1780406848601,11.9,67.13,69123.41,BTC-26JUN26,68999.11,0.00165,69004.96,26JUN26,50000,,P,BTC-26JUN26-50000-P
0.239,0.2455,491.8,0.24114427,1780406848601,0.0,37.08,69645.68,BTC-25SEP26,68999.11,0.24225,69004.96,25SEP26,85000,,P,BTC-25SEP26-85000-P
0.0425,0.0455,58.7,0.04385871,1780406848601,9.6,47.08,68997.04,index_price,68999.11,0.044,69004.96,3JUN26,72000,,P,BTC-3JUN26-72000-P
0.2345,0.2375,0.0,0.23628898,1780406848601,0.0,47.02,69450.79,BTC-28AUG26,68999.11,0.236,69004.96,28AUG26,54000,,C,BTC-28AUG26-54000-C
,0.0001,290.8,0.0,1780406848601,0.0,72.07,68998.32,BTC-5JUN26,68999.11,,69004.96,5JUN26,95000,,C,BTC-5JUN26-95000-C
0.0005,0.0008,42.8,0.00064306,1780406848601,0.0,44.59,69282.34,BTC-31JUL26,68999.11,0.00065,69004.96,31JUL26,106000,,C,BTC-31JUL26-106000-C
0.0445,0.052,0.0,0.04899542,1780406848601,0.0,51.1,68997.04,index_price,68999.11,0.04825,69004.96,6JUN26,66000,,C,BTC-6JUN26-66000-C
0.0245,0.025,504.2,0.02466741,1780406848601,109.6,42.24,69282.34,BTC-31JUL26,68999.11,0.02475,69004.96,31JUL26,62000,,P,BTC-31JUL26-62000-P
0.111,0.1375,0.0,0.11612693,1780406848601,0.0,49.02,68997.04,index_price,68999.11,0.12425,69004.96,6JUN26,77000,,P,BTC-6JUN26-77000-P
0.029,0.0365,0.0,0.0329692,1780406848601,0.0,51.78,68997.04,index_price,68999.11,0.03275,69004.96,4JUN26,67000,,C,BTC-4JUN26-67000-C
0.378,0.3875,90.5,0.38157377,1780406848601,0.0,40.22,70244.83,BTC-25DEC26,68999.11,0.38275,69004.96,25DEC26,95000,,P,BTC-25DEC26-95000-P
