bid_price,ask_price,open_interest,mark_price,creation_timestamp_x,volume,mark_iv,underlying_price,underlying_index,estimated_delivery_price,mid_price,price_index,expiration_timestamp,strike,settlement_period,option_type,instrument_id
,0.0001,491.0,3.3e-05,1780660372813,34.0,129.54,1667.82,index_price,1667.82,,1667.54,6JUN26,2000,,C,ETH-6JUN26-2000-C
0.0003,0.0005,1457.0,0.00034,1780660372813,783.0,84.73,1667.81,index_price,1667.82,0.0004,1667.54,7JUN26,1900,,C,ETH-7JUN26-1900-C
0.345,0.3525,155.0,0.349426,1780660372813,2.0,89.67,1667.88,ETH-12JUN26,1667.82,0.34875,1667.54,12JUN26,2250,,P,ETH-12JUN26-2250-P
0.148,0.15,2099.0,0.149061,1780660372813,1171.0,58.66,1694.77,ETH-25DEC26,1667.82,0.149,1667.54,25DEC26,1800,,C,ETH-25DEC26-1800-C
1.702,1.9595,0.0,1.81732,1780660372813,0.0,62.71,1711.04,ETH-26MAR27,1667.82,1.83075,1667.54,26MAR27,4800,,P,ETH-26MAR27-4800-P
0.0003,0.0008,1604.0,0.000502,1780660372813,1.0,72.52,1679.74,ETH-25SEP26,1667.82,0.00055,1667.54,25SEP26,5200,,C,ETH-25SEP26-5200-C
0.0015,0.0019,259.0,0.00169,1780660372813,0.0,64.71,1675.74,ETH-28AUG26,1667.82,0.0017,1667.54,28AUG26,3400,,C,ETH-28AUG26-3400-C
0.0002,0.0003,21045.0,0.000185,1780660372813,26.0,86.49,1669.37,ETH-26JUN26,1667.82,0.00025,1667.54,26JUN26,3000,,C,ETH-26JUN26-3000-C
0.6105,0.623,583.0,0.617421,1780660372813,69.0,61.5,1672.21,ETH-31JUL26,1667.82,0.61675,1667.54,31JUL26,2700,,P,ETH-31JUL26-2700-P
0.042,0.0435,642.0,0.04345,1780660372813,119.0,55.29,1675.74,ETH-28AUG26,1667.82,0.04275,1667.54,28AUG26,2000,,C,ETH-28AUG26-2000-C
0.116,0.118,13230.0,0.117121,1780660372813,10218.0,60.66,1694.77,ETH-25DEC26,1667.82,0.117,1667.54,25DEC26,1500,,P,ETH-25DEC26-1500-P
,0.0001,4109.0,0.0,1780660372813,0.0,117.59,1669.29,ETH-26JUN26,1667.82,,1667.54,26JUN26,8500,,C,ETH-26JUN26-8500-C
3.263,3.6175,0.0,3.433235,1780660372813,0.0,117.59,1669.37,ETH-26JUN26,1667.82,3.44025,1667.54,26JUN26,7400,,P,ETH-26JUN26-7400-P
0.0175,0.019,3473.0,0.018298,1780660372813,1.0,61.49,1711.04,ETH-26MAR27,1667.82,0.01825,1667.54,26MAR27,4200,,C,ETH-26MAR27-4200-C
4.1525,4.582,0.0,4.358019,1780660372813,0.0,79.21,1679.74,ETH-25SEP26,1667.82,4.36725,1667.54,25SEP26,9000,,P,ETH-25SEP26-9000-P
0.038,0.0395,138.0,0.038984,1780660372813,152.0,67.24,1667.89,ETH-12JUN26,1667.82,0.03875,1667.54,12JUN26,1675,,P,ETH-12JUN26-1675-P
0.152,0.1575,595.0,0.154415,1780660372813,502.0,115.71,1667.82,index_price,1667.82,0.15475,1667.54,6JUN26,1925,,P,ETH-6JUN26-1925-P
0.073,0.12,18.0,0.081575,1780660372813,18.0,62.31,1667.82,index_price,1667.82,0.0965,1667.54,8JUN26,1800,,P,ETH-8JUN26-1800-P
0.1155,0.117,1101.0,0.116388,1780660372813,60.0,56.74,1675.64,ETH-28AUG26,1667.82,0.11625,1667.54,28AUG26,1700,,P,ETH-28AUG26-1700-P
0.3905,0.4045,1157.0,0.398182,1780660372813,15.0,55.81,1679.74,ETH-25SEP26,1667.82,0.3975,1667.54,25SEP26,2300,,P,ETH-25SEP26-2300-P
0.0115,0.012,1451.0,0.011751,1780660372813,1745.0,86.79,1667.82,index_price,1667.82,0.01175,1667.54,6JUN26,1650,,P,ETH-6JUN26-1650-P
0.3265,0.438,0.0,0.379194,1780660372813,0.0,170.01,1667.82,index_price,1667.82,0.38225,1667.54,6JUN26,2300,,P,ETH-6JUN26-2300-P
0.4395,0.4575,13.0,0.44164,1780660372813,2.0,69.76,1694.77,ETH-25DEC26,1667.82,0.4485,1667.54,25DEC26,1000,,C,ETH-25DEC26-1000-C
0.6735,0.6965,2218.0,0.685837,1780660372813,17.0,58.24,1694.77,ETH-25DEC26,1667.82,0.685,1667.54,25DEC26,2800,,P,ETH-25DEC26-2800-P
0.554,0.5625,0.0,0.559017,1780660372813,0.0,108.94,1667.88,ETH-12JUN26,1667.82,0.55825,1667.54,12JUN26,2600,,P,ETH-12JUN26-2600-P
0.008,0.0085,1835.0,0.008469,1780660372813,1415.0,60.38,1668.16,ETH-19JUN26,1667.82,0.00825,1667.54,19JUN26,1900,,C,ETH-19JUN26-1900-C
1.4985,1.726,20.0,1.601917,1780660372813,0.0,62.83,1694.76,ETH-25DEC26,1667.82,1.61225,1667.54,25DEC26,4400,,P,ETH-25DEC26-4400-P
1.071,1.2475,0.0,1.15355,1780660372813,0.0,73.68,1672.2,ETH-31JUL26,1667.82,1.15925,1667.54,31JUL26,3600,,P,ETH-31JUL26-3600-P
0.0001,0.0003,889.0,0.000171,1780660372813,220.0,104.4,1667.82,index_price,1667.82,0.0002,1667.54,6JUN26,1875,,C,ETH-6JUN26-1875-C
1.301,1.495,0.0,1.392513,1780660372814,0.0,76.64,1672.2,ETH-31JUL26,1667.82,1.398,1667.54,31JUL26,4000,,P,ETH-31JUL26-4000-P
0.023,0.024,608.0,0.024167,1780660372814,120.0,55.53,1675.64,ETH-28AUG26,1667.82,0.0235,1667.54,28AUG26,2200,,C,ETH-28AUG26-2200-C
0.0031,0.0036,6660.0,0.003344,1780660372814,140.0,61.48,1679.74,ETH-25SEP26,1667.82,0.00335,1667.54,25SEP26,3400,,C,ETH-25SEP26-3400-C
1.519,1.736,281.0,1.620547,1780660372814,0.0,68.56,1679.75,ETH-25SEP26,1667.82,1.6275,1667.54,25SEP26,4400,,P,ETH-25SEP26-4400-P
0.406,0.4925,100.0,0.417999,1780660372814,0.0,55.85,1675.64,ETH-28AUG26,1667.82,0.44925,1667.54,28AUG26,2350,,P,ETH-28AUG26-2350-P
0.103,0.1115,50.0,0.106484,1780660372814,50.0,92.12,1667.7075,SYN.ETH-9JUN26,1667.82,0.10725,1667.54,9JUN26,1500,,C,ETH-9JUN26-1500-C
2.972,3.3105,0.0,3.131404,1780660372814,0.0,69.97,1694.77,ETH-25DEC26,1667.82,3.14125,1667.54,25DEC26,7000,,P,ETH-25DEC26-7000-P
0.1925,0.195,206.0,0.193904,1780660372814,13.0,60.35,1711.04,ETH-26MAR27,1667.82,0.19375,1667.54,26MAR27,1800,,C,ETH-26MAR27-1800-C
0.0004,0.0006,393.0,0.000488,1780660372814,136.0,73.77,1667.81,index_price,1667.82,0.0005,1667.54,7JUN26,1850,,C,ETH-7JUN26-1850-C
0.211,0.3155,0.0,0.259296,1780660372814,0.0,160.01,1667.82,index_price,1667.82,0.26325,1667.54,6JUN26,2100,,P,ETH-6JUN26-2100-P
,0.0001,1764.0,3.2e-05,1780660372814,1400.0,144.79,1667.82,index_price,1667.82,,1667.54,6JUN26,2050,,C,ETH-6JUN26-2050-C
0.0575,0.0585,0.0,0.058022,1780660372814,0.0,59.92,1672.21,ETH-31JUL26,1667.82,0.058,1667.54,31JUL26,1550,,P,ETH-31JUL26-1550-P
0.0515,0.054,50.0,0.052562,1780660372814,50.0,71.22,1667.88,ETH-12JUN26,1667.82,0.05275,1667.54,12JUN26,1625,,C,ETH-12JUN26-1625-C
0.0635,0.109,0.0,0.083361,1780660372814,0.0,63.83,1667.7075,SYN.ETH-9JUN26,1667.82,0.08625,1667.54,9JUN26,1800,,P,ETH-9JUN26-1800-P
1.8805,2.1205,1689.0,1.995434,1780660372814,0.0,117.5,1669.37,ETH-26JUN26,1667.82,2.0005,1667.54,26JUN26,5000,,P,ETH-26JUN26-5000-P
0.0039,0.0042,11699.0,0.00406,1780660372814,2076.0,61.13,1669.29,ETH-26JUN26,1667.82,0.00405,1667.54,26JUN26,2100,,C,ETH-26JUN26-2100-C
0.108,0.116,50.0,0.111695,1780660372814,50.0,85.71,1667.88,ETH-12JUN26,1667.82,0.112,1667.54,12JUN26,1500,,C,ETH-12JUN26-1500-C
0.3195,0.327,1137.0,0.323036,1780660372814,50.0,59.76,1711.04,ETH-26MAR27,1667.82,0.32325,1667.54,26MAR27,2000,,P,ETH-26MAR27-2000-P
0.295,0.302,2914.0,0.297085,1780660372814,4.0,55.67,1679.75,ETH-25SEP26,1667.82,0.2985,1667.54,25SEP26,2100,,P,ETH-25SEP26-2100-P
,0.0001,1322.0,0.0,1780660372814,0.0,117.59,1669.37,ETH-26JUN26,1667.82,,1667.54,26JUN26,6200,,C,ETH-26JUN26-6200-C
0.0275,0.031,1576.0,0.029642,1780660372814,482.0,63.83,1667.81,index_price,1667.82,0.02925,1667.54,7JUN26,1700,,P,ETH-7JUN26-1700-P
0.2255,0.3315,0.0,0.274287,1780660372814,0.0,167.41,1667.82,index_price,1667.82,0.2785,1667.54,6JUN26,2125,,P,ETH-6JUN26-2125-P
0.0002,0.0003,22190.0,0.000247,1780660372814,577.0,186.36,1669.37,ETH-26JUN26,1667.82,0.00025,1667.54,26JUN26,500,,P,ETH-26JUN26-500-P
0.026,0.027,2751.0,0.027178,1780660372814,2464.0,58.78,1669.29,ETH-26JUN26,1667.82,0.0265,1667.54,26JUN26,1800,,C,ETH-26JUN26-1800-C
8.16,8.923,30.0,8.525343,1780660372814,0.0,93.61,1679.74,ETH-25SEP26,1667.82,8.5415,1667.54,25SEP26,16000,,P,ETH-25SEP26-16000-P
0.0009,0.0011,3375.0,0.000985,1780660372814,290.0,75.55,1667.88,ETH-12JUN26,1667.82,0.001,1667.54,12JUN26,2050,,C,ETH-12JUN26-2050-C
0.012,0.013,1558.0,0.012822,1780660372814,270.0,60.3,1668.17,ETH-19JUN26,1667.82,0.0125,1667.54,19JUN26,1850,,C,ETH-19JUN26-1850-C
1.5345,1.782,0.0,1.644654,1780660372814,0.0,62.06,1711.04,ETH-26MAR27,1667.82,1.65825,1667.54,26MAR27,4500,,P,ETH-26MAR27-4500-P
0.149,0.1515,1612.0,0.150135,1780660372814,0.0,58.23,1679.74,ETH-25SEP26,1667.82,0.15025,1667.54,25SEP26,1600,,C,ETH-25SEP26-1600-C
0.7915,0.8185,342.0,0.805642,1780660372814,5.0,59.58,1711.04,ETH-26MAR27,1667.82,0.805,1667.54,26MAR27,3000,,P,ETH-26MAR27-3000-P
0.5935,0.719,2.0,0.647022,1780660372814,0.0,62.21,1672.2,ETH-31JUL26,1667.82,0.65625,1667.54,31JUL26,2750,,P,ETH-31JUL26-2750-P
0.0355,0.0395,1075.0,0.037902,1780660372814,456.0,75.83,1667.82,index_price,1667.82,0.0375,1667.54,6JUN26,1725,,P,ETH-6JUN26-1725-P
1.9515,2.2115,0.0,2.071358,1780660372814,0.0,65.46,1694.76,ETH-25DEC26,1667.82,2.0815,1667.54,25DEC26,5200,,P,ETH-25DEC26-5200-P
0.0725,0.0755,50.0,0.073665,1780660372814,0.0,66.68,1668.16,ETH-19JUN26,1667.82,0.074,1667.54,19JUN26,1600,,C,ETH-19JUN26-1600-C
0.671,0.813,8.0,0.737634,1780660372814,0.0,85.64,1669.29,ETH-26JUN26,1667.82,0.742,1667.54,26JUN26,2900,,P,ETH-26JUN26-2900-P
0.0038,0.0045,1996.0,0.004123,1780660372814,900.0,64.19,1694.77,ETH-25DEC26,1667.82,0.00415,1667.54,25DEC26,4800,,C,ETH-25DEC26-4800-C
0.0021,0.0026,149.0,0.002334,1780660372814,4.0,62.21,1672.2,ETH-31JUL26,1667.82,0.00235,1667.54,31JUL26,2750,,C,ETH-31JUL26-2750-C
4.1845,4.616,2.0,4.391772,1780660372814,0.0,117.6,1669.29,ETH-26JUN26,1667.82,4.40025,1667.54,26JUN26,9000,,P,ETH-26JUN26-9000-P
0.841,0.999,1.0,0.914742,1780660372814,0.0,68.4,1672.21,ETH-31JUL26,1667.82,0.92,1667.54,31JUL26,3200,,P,ETH-31JUL26-3200-P
0.053,0.0565,63.0,0.054427,1780660372814,63.0,74.37,1667.7075,SYN.ETH-9JUN26,1667.82,0.05475,1667.54,9JUN26,1600,,C,ETH-9JUN26-1600-C
0.6195,0.642,430.0,0.631838,1780660372814,0.0,58.05,1694.77,ETH-25DEC26,1667.82,0.63075,1667.54,25DEC26,2700,,P,ETH-25DEC26-2700-P
0.6605,0.7235,1.0,0.676732,1780660372814,0.0,63.21,1672.2,ETH-31JUL26,1667.82,0.692,1667.54,31JUL26,2800,,P,ETH-31JUL26-2800-P
,0.0003,1327.0,7.5e-05,1780660372814,0.0,79.19,1679.74,ETH-25SEP26,1667.82,,1667.54,25SEP26,7500,,C,ETH-25SEP26-7500-C
2.893,3.2195,0.0,3.048414,1780660372814,0.0,78.35,1679.75,ETH-25SEP26,1667.82,3.05625,1667.54,25SEP26,6800,,P,ETH-25SEP26-6800-P
0.012,0.013,6596.0,0.012544,1780660372814,1497.0,55.95,1672.21,ETH-31JUL26,1667.82,0.0125,1667.54,31JUL26,2200,,C,ETH-31JUL26-2200-C
0.457,0.5035,249.0,0.470739,1780660372814,0.0,58.6,1672.2,ETH-31JUL26,1667.82,0.48025,1667.54,31JUL26,2450,,P,ETH-31JUL26-2450-P
0.084,0.093,0.0,0.08753,1780660372814,0.0,129.63,1667.82,index_price,1667.82,0.0885,1667.54,6JUN26,1525,,C,ETH-6JUN26-1525-C
0.045,0.0475,3212.0,0.046782,1780660372814,1676.0,65.89,1667.89,ETH-12JUN26,1667.82,0.04625,1667.54,12JUN26,1700,,P,ETH-12JUN26-1700-P
0.726,0.876,0.0,0.79559,1780660372814,0.0,65.94,1672.21,ETH-31JUL26,1667.82,0.801,1667.54,31JUL26,3000,,P,ETH-31JUL26-3000-P
0.0008,0.0013,2843.0,0.001026,1780660372814,0.0,69.97,1694.77,ETH-25DEC26,1667.82,0.00105,1667.54,25DEC26,7000,,C,ETH-25DEC26-7000-C
0.0005,0.0006,2769.0,0.000575,1780660372814,229.0,83.12,1667.88,ETH-12JUN26,1667.82,0.00055,1667.54,12JUN26,2150,,C,ETH-12JUN26-2150-C
0.13,0.1325,50.0,0.131017,1780660372814,50.0,59.92,1672.2,ETH-31JUL26,1667.82,0.13125,1667.54,31JUL26,1550,,C,ETH-31JUL26-1550-C
,0.0001,376.0,3.2e-05,1780660372814,101.0,152.47,1667.82,index_price,1667.82,,1667.54,6JUN26,2075,,C,ETH-6JUN26-2075-C
0.02,0.021,446.0,0.020963,1780660372814,45.0,55.73,1675.64,ETH-28AUG26,1667.82,0.0205,1667.54,28AUG26,2250,,C,ETH-28AUG26-2250-C
0.21,0.2125,4594.0,0.211159,1780660372814,1049.0,58.66,1694.77,ETH-25DEC26,1667.82,0.21125,1667.54,25DEC26,1800,,P,ETH-25DEC26-1800-P
0.016,0.017,1214.0,0.016868,1780660372814,912.0,64.94,1667.89,ETH-12JUN26,1667.82,0.0165,1667.54,12JUN26,1750,,C,ETH-12JUN26-1750-C
0.0033,0.004,2914.0,0.003603,1780660372814,902.0,64.97,1694.76,ETH-25DEC26,1667.82,0.00365,1667.54,25DEC26,5000,,C,ETH-25DEC26-5000-C
0.739,0.7655,260.0,0.752793,1780660372814,0.0,59.51,1711.03,ETH-26MAR27,1667.82,0.75225,1667.54,26MAR27,2900,,P,ETH-26MAR27-2900-P
,0.0001,1827.0,0.0,1780660372814,0.0,117.6,1669.37,ETH-26JUN26,1667.82,,1667.54,26JUN26,11000,,C,ETH-26JUN26-11000-C
0.0007,0.0012,8559.0,0.000933,1780660372814,0.0,68.78,1679.74,ETH-25SEP26,1667.82,0.00095,1667.54,25SEP26,4500,,C,ETH-25SEP26-4500-C
0.0175,0.019,1272.0,0.0188,1780660372814,84.0,55.95,1672.2,ETH-31JUL26,1667.82,0.01825,1667.54,31JUL26,2100,,C,ETH-31JUL26-2100-C
1.479,1.723,0.0,1.587283,1780660372814,0.0,61.85,1711.04,ETH-26MAR27,1667.82,1.601,1667.54,26MAR27,4400,,P,ETH-26MAR27-4400-P
0.6685,0.8145,3.0,0.736084,1780660372814,0.0,64.46,1672.2,ETH-31JUL26,1667.82,0.7415,1667.54,31JUL26,2900,,P,ETH-31JUL26-2900-P
0.07,0.078,0.0,0.073266,1780660372814,0.0,120.55,1667.82,index_price,1667.82,0.074,1667.54,6JUN26,1550,,C,ETH-6JUN26-1550-C
0.0001,0.0002,1155.0,6.7e-05,1780660372814,43.0,120.97,1667.82,index_price,1667.82,0.00015,1667.54,6JUN26,1950,,C,ETH-6JUN26-1950-C
,0.0002,2038.0,0.000132,1780660372814,0.0,79.19,1679.74,ETH-25SEP26,1667.82,,1667.54,25SEP26,7000,,C,ETH-25SEP26-7000-C
0.0012,0.0015,14797.0,0.001329,1780660372814,554.0,71.53,1667.89,ETH-12JUN26,1667.82,0.00135,1667.54,12JUN26,2000,,C,ETH-12JUN26-2000-C
5.2975,5.8225,0.0,5.548682,1780660372814,0.0,85.89,1679.74,ETH-25SEP26,1667.82,5.56,1667.54,25SEP26,11000,,P,ETH-25SEP26-11000-P
0.95,1.036,2.0,0.968508,1780660372814,0.0,60.83,1679.75,ETH-25SEP26,1667.82,0.993,1667.54,25SEP26,3300,,P,ETH-25SEP26-3300-P
0.013,0.0145,1282.0,0.013677,1780660372814,1557.0,62.11,1667.82,index_price,1667.82,0.01375,1667.54,8JUN26,1700,,C,ETH-8JUN26-1700-C
0.0004,0.0006,18381.0,0.000489,1780660372814,0.0,80.53,1669.37,ETH-26JUN26,1667.82,0.0005,1667.54,26JUN26,2700,,C,ETH-26JUN26-2700-C
0.032,0.0335,2534.0,0.032897,1780660372814,787.0,66.68,1668.16,ETH-19JUN26,1667.82,0.03275,1667.54,19JUN26,1600,,P,ETH-19JUN26-1600-P
0.4605,0.4985,218.0,0.463105,1780660372814,1.0,68.19,1711.04,ETH-26MAR27,1667.82,0.4795,1667.54,26MAR27,1000,,C,ETH-26MAR27-1000-C
0.1605,0.1685,0.0,0.163586,1780660372814,0.0,112.86,1667.7075,SYN.ETH-9JUN26,1667.82,0.1645,1667.54,9JUN26,1400,,C,ETH-9JUN26-1400-C
,0.0001,3261.0,0.0,1780660372814,0.0,117.62,1669.29,ETH-26JUN26,1667.82,,1667.54,26JUN26,13000,,C,ETH-26JUN26-13000-C
,0.0001,2749.0,0.0,1780660372814,0.0,117.72,1669.37,ETH-26JUN26,1667.82,,1667.54,26JUN26,15000,,C,ETH-26JUN26-15000-C
0.0002,0.0004,2136.0,0.00024,1780660372814,635.0,98.28,1667.82,index_price,1667.82,0.0003,1667.54,6JUN26,1850,,C,ETH-6JUN26-1850-C
,0.0003,1091.0,4.3e-05,1780660372814,0.0,79.19,1679.74,ETH-25SEP26,1667.82,,1667.54,25SEP26,8000,,C,ETH-25SEP26-8000-C
,0.0001,2001.0,0.0,1780660372814,0.0,117.6,1669.37,ETH-26JUN26,1667.82,,1667.54,26JUN26,10000,,C,ETH-26JUN26-10000-C
,0.0001,3128.0,3e-06,1780660372814,0.0,117.59,1669.29,ETH-26JUN26,1667.82,,1667.54,26JUN26,5200,,C,ETH-26JUN26-5200-C
2.6885,3.0045,0.0,2.836721,1780660372814,0.0,68.98,1694.77,ETH-25DEC26,1667.82,2.8465,1667.54,25DEC26,6500,,P,ETH-25DEC26-6500-P
0.0011,0.0014,1136.0,0.001255,1780660372814,11.0,70.3,1668.16,ETH-19JUN26,1667.82,0.00125,1667.54,19JUN26,2200,,C,ETH-19JUN26-2200-C
1.4045,1.6125,555.0,1.50164,1780660372814,0.0,66.82,1679.75,ETH-25SEP26,1667.82,1.5085,1667.54,25SEP26,4200,,P,ETH-25SEP26-4200-P
0.0003,0.0005,941.0,0.000386,1780660372814,818.0,89.79,1668.16,ETH-19JUN26,1667.82,0.0004,1667.54,19JUN26,2600,,C,ETH-19JUN26-2600-C
0.0295,0.0305,1191.0,0.029972,1780660372814,0.0,60.47,1711.04,ETH-26MAR27,1667.82,0.03,1667.54,26MAR27,3600,,C,ETH-26MAR27-3600-C
0.168,0.2685,0.0,0.21455,1780660372814,0.0,105.67,1667.81,index_price,1667.82,0.21825,1667.54,7JUN26,2025,,P,ETH-7JUN26-2025-P
0.277,0.305,101.0,0.29059,1780660372814,1.0,68.25,1668.16,ETH-19JUN26,1667.82,0.291,1667.54,19JUN26,2150,,P,ETH-19JUN26-2150-P
0.227,0.2355,504.0,0.231776,1780660372814,10.0,63.75,1668.16,ETH-19JUN26,1667.82,0.23125,1667.54,19JUN26,2050,,P,ETH-19JUN26-2050-P
0.0485,0.05,863.0,0.049186,1780660372814,673.0,60.28,1669.37,ETH-26JUN26,1667.82,0.04925,1667.54,26JUN26,1700,,C,ETH-26JUN26-1700-C
0.9295,1.1445,6.0,1.022862,1780660372814,1.0,60.12,1711.04,ETH-26MAR27,1667.82,1.037,1667.54,26MAR27,3400,,P,ETH-26MAR27-3400-P
,0.0002,7162.0,8.6e-05,1780660372814,15.0,109.15,1669.29,ETH-26JUN26,1667.82,,1667.54,26JUN26,3800,,C,ETH-26JUN26-3800-C
0.0005,0.0007,15999.0,0.00059,1780660372814,360.0,76.75,1669.29,ETH-26JUN26,1667.82,0.0006,1667.54,26JUN26,2600,,C,ETH-26JUN26-2600-C
0.956,1.1235,2.0,1.034109,1780660372815,0.0,71.18,1672.2,ETH-31JUL26,1667.82,1.03975,1667.54,31JUL26,3400,,P,ETH-31JUL26-3400-P
0.044,0.0455,1891.0,0.044886,1780660372815,16.0,58.03,1694.77,ETH-25DEC26,1667.82,0.04475,1667.54,25DEC26,2600,,C,ETH-25DEC26-2600-C
0.1925,0.2275,235.0,0.199215,1780660372815,4.0,55.56,1672.2,ETH-31JUL26,1667.82,0.21,1667.54,31JUL26,1950,,P,ETH-31JUL26-1950-P
0.045,0.0855,50.0,0.048128,1780660372815,0.0,80.43,1667.81,index_price,1667.82,0.06525,1667.54,7JUN26,1600,,C,ETH-7JUN26-1600-C
0.24,0.3465,0.0,0.289269,1780660372815,0.0,170.01,1667.82,index_price,1667.82,0.29325,1667.54,6JUN26,2150,,P,ETH-6JUN26-2150-P
0.0085,0.0095,2446.0,0.008934,1780660372815,477.0,57.01,1672.21,ETH-31JUL26,1667.82,0.009,1667.54,31JUL26,2300,,C,ETH-31JUL26-2300-C
0.006,0.0065,20.0,0.006236,1780660372815,20.0,84.65,1667.82,index_price,1667.82,0.00625,1667.54,8JUN26,1550,,P,ETH-8JUN26-1550-P
0.058,0.0595,2899.0,0.058752,1780660372815,1807.0,61.96,1668.17,ETH-19JUN26,1667.82,0.05875,1667.54,19JUN26,1700,,P,ETH-19JUN26-1700-P
0.1315,0.1345,155.0,0.133172,1780660372815,195.0,56.22,1675.64,ETH-28AUG26,1667.82,0.133,1667.54,28AUG26,1750,,P,ETH-28AUG26-1750-P
0.005,0.006,1275.0,0.005796,1780660372815,1409.0,61.98,1667.82,index_price,1667.82,0.0055,1667.54,8JUN26,1750,,C,ETH-8JUN26-1750-C
,0.0001,1464.0,2e-06,1780660372815,0.0,117.59,1669.29,ETH-26JUN26,1667.82,,1667.54,26JUN26,5400,,C,ETH-26JUN26-5400-C
0.006,0.0075,3475.0,0.006698,1780660372815,1.0,62.05,1694.77,ETH-25DEC26,1667.82,0.00675,1667.54,25DEC26,4200,,C,ETH-25DEC26-4200-C
0.062,0.0645,150.0,0.063001,1780660372815,100.0,73.66,1667.88,ETH-12JUN26,1667.82,0.06325,1667.54,12JUN26,1600,,C,ETH-12JUN26-1600-C
0.0265,0.0275,311.0,0.0269,1780660372815,311.0,71.22,1667.88,ETH-12JUN26,1667.82,0.027,1667.54,12JUN26,1625,,P,ETH-12JUN26-1625-P
,0.0003,1252.0,2.5e-05,1780660372819,0.0,79.19,1679.75,ETH-25SEP26,1667.82,,1667.54,25SEP26,8500,,C,ETH-25SEP26-8500-C
1.8135,2.0785,0.0,1.932771,1780660372819,0.0,63.12,1711.04,ETH-26MAR27,1667.82,1.946,1667.54,26MAR27,5000,,P,ETH-26MAR27-5000-P
1.5765,1.7975,6.0,1.679935,1780660372819,0.0,68.78,1679.74,ETH-25SEP26,1667.82,1.687,1667.54,25SEP26,4500,,P,ETH-25SEP26-4500-P
0.042,0.045,50.0,0.04332,1780660372819,50.0,71.04,1667.7075,SYN.ETH-9JUN26,1667.82,0.0435,1667.54,9JUN26,1625,,C,ETH-9JUN26-1625-C
0.0635,0.0665,3454.0,0.066155,1780660372819,868.0,64.94,1667.89,ETH-12JUN26,1667.82,0.065,1667.54,12JUN26,1750,,P,ETH-12JUN26-1750-P
0.384,0.5035,0.0,0.439436,1780660372819,0.0,79.55,1668.16,ETH-19JUN26,1667.82,0.44375,1667.54,19JUN26,2400,,P,ETH-19JUN26-2400-P
0.045,0.046,187.0,0.045437,1780660372819,68.0,62.17,1675.64,ETH-28AUG26,1667.82,0.0455,1667.54,28AUG26,1400,,P,ETH-28AUG26-1400-P
,0.0001,3618.0,0.0,1780660372819,0.0,117.6,1669.37,ETH-26JUN26,1667.82,,1667.54,26JUN26,12000,,C,ETH-26JUN26-12000-C
0.015,0.0165,1032.0,0.015733,1780660372819,0.0,61.85,1711.04,ETH-26MAR27,1667.82,0.01575,1667.54,26MAR27,4400,,C,ETH-26MAR27-4400-C
0.7825,0.807,678.0,0.795859,1780660372819,38.0,58.64,1694.76,ETH-25DEC26,1667.82,0.79475,1667.54,25DEC26,3000,,P,ETH-25DEC26-3000-P
0.4985,0.5135,3242.0,0.506201,1780660372819,4.0,56.14,1679.74,ETH-25SEP26,1667.82,0.506,1667.54,25SEP26,2500,,P,ETH-25SEP26-2500-P
,0.0003,1989.0,4e-06,1780660372819,0.0,88.43,1679.74,ETH-25SEP26,1667.82,,1667.54,25SEP26,13000,,C,ETH-25SEP26-13000-C
3.122,3.467,0.0,3.286508,1780660372819,0.0,79.19,1679.74,ETH-25SEP26,1667.82,3.2945,1667.54,25SEP26,7200,,P,ETH-25SEP26-7200-P
0.0001,0.0002,15855.0,0.000142,1780660372819,0.0,92.57,1669.29,ETH-26JUN26,1667.82,0.00015,1667.54,26JUN26,3200,,C,ETH-26JUN26-3200-C
0.0003,0.0005,1248.0,0.000326,1780660372819,774.0,91.15,1667.82,index_price,1667.82,0.0004,1667.54,6JUN26,1825,,C,ETH-6JUN26-1825-C
0.0028,0.0033,1609.0,0.003034,1780660372819,1.0,60.94,1672.2,ETH-31JUL26,1667.82,0.00305,1667.54,31JUL26,2650,,C,ETH-31JUL26-2650-C
0.168,0.268,2.0,0.214322,1780660372819,0.0,137.02,1667.82,index_price,1667.82,0.218,1667.54,6JUN26,2025,,P,ETH-6JUN26-2025-P
,0.0001,3615.0,0.0,1780660372819,0.0,117.62,1669.29,ETH-26JUN26,1667.82,,1667.54,26JUN26,14000,,C,ETH-26JUN26-14000-C
0.0405,0.042,20956.0,0.041273,1780660372819,11391.0,64.06,1669.37,ETH-26JUN26,1667.82,0.04125,1667.54,26JUN26,1600,,P,ETH-26JUN26-1600-P
0.008,0.0095,4.0,0.008655,1780660372819,4.0,82.29,1667.7075,SYN.ETH-9JUN26,1667.82,0.00875,1667.54,9JUN26,1550,,P,ETH-9JUN26-1550-P
0.269,0.38,0.0,0.320199,1780660372819,0.0,70.3,1668.16,ETH-19JUN26,1667.82,0.3245,1667.54,19JUN26,2200,,P,ETH-19JUN26-2200-P
0.0049,0.006,1622.0,0.005401,1780660372819,449.0,63.5,1694.76,ETH-25DEC26,1667.82,0.00545,1667.54,25DEC26,4500,,C,ETH-25DEC26-4500-C
0.0001,0.0002,6690.0,0.000146,1780660372819,0.0,88.76,1669.37,ETH-26JUN26,1667.82,0.00015,1667.54,26JUN26,3100,,C,ETH-26JUN26-3100-C
0.109,0.111,769.0,0.110228,1780660372819,116.0,59.47,1711.04,ETH-26MAR27,1667.82,0.11,1667.54,26MAR27,2300,,C,ETH-26MAR27-2300-C
0.066,0.0675,309.0,0.067413,1780660372819,180.0,55.81,1675.64,ETH-28AUG26,1667.82,0.06675,1667.54,28AUG26,1850,,C,ETH-28AUG26-1850-C
0.0001,0.0004,1928.0,0.00021,1780660372819,0.0,77.63,1679.74,ETH-25SEP26,1667.82,0.00025,1667.54,25SEP26,6400,,C,ETH-25SEP26-6400-C
0.0635,0.0715,50.0,0.066583,1780660372819,50.0,78.44,1667.7075,SYN.ETH-9JUN26,1667.82,0.0675,1667.54,9JUN26,1575,,C,ETH-9JUN26-1575-C
0.124,0.1905,32.0,0.139801,1780660372819,0.0,84.73,1667.81,index_price,1667.82,0.15725,1667.54,7JUN26,1900,,P,ETH-7JUN26-1900-P
0.992,1.189,52.0,1.078981,1780660372819,0.0,59.87,1694.77,ETH-25DEC26,1667.82,1.0905,1667.54,25DEC26,3500,,P,ETH-25DEC26-3500-P
0.0055,0.0065,2403.0,0.005938,1780660372819,628.0,65.03,1711.04,ETH-26MAR27,1667.82,0.006,1667.54,26MAR27,6000,,C,ETH-26MAR27-6000-C
0.182,0.284,20.0,0.229313,1780660372819,0.0,144.79,1667.82,index_price,1667.82,0.233,1667.54,6JUN26,2050,,P,ETH-6JUN26-2050-P
0.0475,0.0485,3259.0,0.048021,1780660372819,778.0,61.21,1672.21,ETH-31JUL26,1667.82,0.048,1667.54,31JUL26,1500,,P,ETH-31JUL26-1500-P
0.3035,0.3095,50.0,0.306119,1780660372819,50.0,68.58,1675.74,ETH-28AUG26,1667.82,0.3065,1667.54,28AUG26,1200,,C,ETH-28AUG26-1200-C
0.9835,1.201,5.0,1.078175,1780660372819,0.0,60.26,1711.04,ETH-26MAR27,1667.82,1.09225,1667.54,26MAR27,3500,,P,ETH-26MAR27-3500-P
1.067,1.137,1166.0,1.086599,1780660372819,15.0,62.28,1679.74,ETH-25SEP26,1667.82,1.102,1667.54,25SEP26,3500,,P,ETH-25SEP26-3500-P
0.001,0.0012,716.0,0.001076,1780660372819,856.0,66.39,1667.81,index_price,1667.82,0.0011,1667.54,7JUN26,1800,,C,ETH-7JUN26-1800-C
0.0028,0.0034,8573.0,0.003077,1780660372819,250.0,65.46,1694.76,ETH-25DEC26,1667.82,0.0031,1667.54,25DEC26,5200,,C,ETH-25DEC26-5200-C
0.0001,0.0003,1342.0,0.000208,1780660372819,0.0,78.35,1679.74,ETH-25SEP26,1667.82,0.0002,1667.54,25SEP26,6500,,C,ETH-25SEP26-6500-C
0.285,0.2915,88.0,0.287629,1780660372819,50.0,96.07,1669.29,ETH-26JUN26,1667.82,0.28825,1667.54,26JUN26,1200,,C,ETH-26JUN26-1200-C
0.0037,0.0042,1513.0,0.003935,1780660372819,82.0,59.47,1672.21,ETH-31JUL26,1667.82,0.00395,1667.54,31JUL26,2550,,C,ETH-31JUL26-2550-C
0.077,0.1205,0.0,0.110393,1780660372819,0.0,66.73,1667.82,index_price,1667.82,0.09875,1667.54,8JUN26,1850,,P,ETH-8JUN26-1850-P
3.58,3.9625,0.0,3.762713,1780660372819,0.0,79.19,1679.74,ETH-25SEP26,1667.82,3.77125,1667.54,25SEP26,8000,,P,ETH-25SEP26-8000-P
0.0038,0.0043,1271.0,0.004033,1780660372819,1581.0,95.87,1667.82,index_price,1667.82,0.00405,1667.54,8JUN26,1500,,P,ETH-8JUN26-1500-P
0.1245,0.2215,0.0,0.169745,1780660372819,0.0,79.85,1667.82,index_price,1667.82,0.173,1667.54,8JUN26,1950,,P,ETH-8JUN26-1950-P
0.01,0.011,378.0,0.010668,1780660372819,421.0,75.1,1667.81,index_price,1667.82,0.0105,1667.54,7JUN26,1625,,P,ETH-7JUN26-1625-P
0.0001,0.0002,1475.0,0.000145,1780660372819,0.0,78.35,1679.75,ETH-25SEP26,1667.82,0.00015,1667.54,25SEP26,6800,,C,ETH-25SEP26-6800-C
1.6115,1.8475,0.0,1.719212,1780660372819,0.0,63.8,1694.77,ETH-25DEC26,1667.82,1.7295,1667.54,25DEC26,4600,,P,ETH-25DEC26-4600-P
0.0036,0.0042,303.0,0.004093,1780660372819,303.0,63.83,1667.6374999999998,SYN.ETH-9JUN26,1667.82,0.0039,1667.54,9JUN26,1800,,C,ETH-9JUN26-1800-C
,0.0001,455.0,3.2e-05,1780660372819,0.0,167.41,1667.82,index_price,1667.82,,1667.54,6JUN26,2125,,C,ETH-6JUN26-2125-C
0.0095,0.011,551.0,0.010368,1780660372819,29.0,56.8,1675.64,ETH-28AUG26,1667.82,0.01025,1667.54,28AUG26,2500,,C,ETH-28AUG26-2500-C
0.0023,0.0028,2685.0,0.002533,1780660372819,510.0,62.89,1679.74,ETH-25SEP26,1667.82,0.00255,1667.54,25SEP26,3600,,C,ETH-25SEP26-3600-C
0.008,0.009,312.0,0.00892,1780660372819,312.0,63.51,1667.7075,SYN.ETH-9JUN26,1667.82,0.0085,1667.54,9JUN26,1750,,C,ETH-9JUN26-1750-C
1.6335,1.859,38.0,1.739394,1780660372819,0.0,69.45,1679.75,ETH-25SEP26,1667.82,1.74625,1667.54,25SEP26,4600,,P,ETH-25SEP26-4600-P
0.003,0.0034,15390.0,0.003196,1780660372819,1574.0,65.92,1667.89,ETH-12JUN26,1667.82,0.0032,1667.54,12JUN26,1900,,C,ETH-12JUN26-1900-C
0.005,0.006,3231.0,0.005801,1780660372819,1548.0,65.56,1667.89,ETH-12JUN26,1667.82,0.0055,1667.54,12JUN26,1850,,C,ETH-12JUN26-1850-C
0.036,0.0375,50.0,0.036543,1780660372819,50.0,58.99,1669.37,ETH-26JUN26,1667.82,0.03675,1667.54,26JUN26,1750,,C,ETH-26JUN26-1750-C
0.017,0.0185,557.0,0.017732,1780660372819,686.0,80.51,1667.82,index_price,1667.82,0.01775,1667.54,6JUN26,1675,,P,ETH-6JUN26-1675-P
7.5875,8.303,0.0,7.93001,1780660372819,0.0,93.61,1679.74,ETH-25SEP26,1667.82,7.94525,1667.54,25SEP26,15000,,P,ETH-25SEP26-15000-P
5.87,6.4425,0.0,6.144013,1780660372819,0.0,88.05,1679.74,ETH-25SEP26,1667.82,6.15625,1667.54,25SEP26,12000,,P,ETH-25SEP26-12000-P
0.0006,0.0008,203.0,0.000688,1780660372819,322.0,69.4,1667.82,index_price,1667.82,0.0007,1667.54,8JUN26,1875,,C,ETH-8JUN26-1875-C
0.0145,0.0155,999.0,0.015384,1780660372819,55.0,55.95,1672.2,ETH-31JUL26,1667.82,0.015,1667.54,31JUL26,2150,,C,ETH-31JUL26-2150-C
0.056,0.0645,50.0,0.059365,1780660372819,50.0,111.8,1667.82,index_price,1667.82,0.06025,1667.54,6JUN26,1575,,C,ETH-6JUN26-1575-C
0.0005,0.0006,499.0,0.00053,1780660372819,1134.0,72.76,1667.82,index_price,1667.82,0.00055,1667.54,8JUN26,1900,,C,ETH-8JUN26-1900-C
0.0735,0.0815,55.0,0.076717,1780660372819,55.0,84.65,1667.82,index_price,1667.82,0.0775,1667.54,8JUN26,1550,,C,ETH-8JUN26-1550-C
0.02,0.021,1606.0,0.020547,1780660372819,1679.0,64.44,1667.82,index_price,1667.82,0.0205,1667.54,8JUN26,1675,,C,ETH-8JUN26-1675-C
0.025,0.0265,3441.0,0.025697,1780660372819,100.0,58.64,1694.76,ETH-25DEC26,1667.82,0.02575,1667.54,25DEC26,3000,,C,ETH-25DEC26-3000-C
0.071,0.082,50.0,0.074751,1780660372819,50.0,93.03,1667.81,index_price,1667.82,0.0765,1667.54,7JUN26,1550,,C,ETH-7JUN26-1550-C
1.385,1.6055,62.0,1.484925,1780660372819,0.0,62.05,1694.77,ETH-25DEC26,1667.82,1.49525,1667.54,25DEC26,4200,,P,ETH-25DEC26-4200-P
0.0075,0.0085,100.0,0.008026,1780660372819,133.0,79.68,1667.82,index_price,1667.82,0.008,1667.54,8JUN26,1575,,P,ETH-8JUN26-1575-P
0.1365,0.139,148.0,0.137623,1780660372819,31.0,59.59,1711.03,ETH-26MAR27,1667.82,0.13775,1667.54,26MAR27,2100,,C,ETH-26MAR27-2100-C
0.3365,0.3635,0.0,0.339603,1780660372819,0.0,63.66,1711.04,ETH-26MAR27,1667.82,0.35,1667.54,26MAR27,1300,,C,ETH-26MAR27-1300-C
0.377,0.3875,9309.0,0.379783,1780660372819,0.0,58.03,1694.76,ETH-25DEC26,1667.82,0.38225,1667.54,25DEC26,2200,,P,ETH-25DEC26-2200-P
0.0007,0.0012,4074.0,0.000924,1780660372819,1.0,68.4,1672.2,ETH-31JUL26,1667.82,0.00095,1667.54,31JUL26,3200,,C,ETH-31JUL26-3200-C
0.007,0.008,3049.0,0.007471,1780660372819,503.0,57.38,1672.2,ETH-31JUL26,1667.82,0.0075,1667.54,31JUL26,2350,,C,ETH-31JUL26-2350-C
0.1835,0.186,808.0,0.184732,1780660372819,0.0,59.64,1679.74,ETH-25SEP26,1667.82,0.18475,1667.54,25SEP26,1500,,C,ETH-25SEP26-1500-C
0.4935,0.505,373.0,0.499719,1780660372819,0.0,58.83,1672.21,ETH-31JUL26,1667.82,0.49925,1667.54,31JUL26,2500,,P,ETH-31JUL26-2500-P
0.0745,0.078,1134.0,0.076547,1780660372819,895.0,60.38,1668.16,ETH-19JUN26,1667.82,0.07625,1667.54,19JUN26,1750,,P,ETH-19JUN26-1750-P
0.777,0.8295,0.0,0.793795,1780660372819,0.0,60.99,1675.74,ETH-28AUG26,1667.82,0.80325,1667.54,28AUG26,3000,,P,ETH-28AUG26-3000-P
0.6715,0.6825,6019.0,0.677827,1780660372819,25.0,83.53,1669.29,ETH-26JUN26,1667.82,0.677,1667.54,26JUN26,2800,,P,ETH-26JUN26-2800-P
0.0012,0.0016,2173.0,0.001385,1780660372819,0.0,65.94,1672.2,ETH-31JUL26,1667.82,0.0014,1667.54,31JUL26,3000,,C,ETH-31JUL26-3000-C
0.0935,0.0955,702.0,0.094765,1780660372820,7.0,58.03,1694.76,ETH-25DEC26,1667.82,0.0945,1667.54,25DEC26,2100,,C,ETH-25DEC26-2100-C
,0.0001,4999.0,1.2e-05,1780660372820,0.0,114.88,1669.29,ETH-26JUN26,1667.82,,1667.54,26JUN26,4600,,C,ETH-26JUN26-4600-C
0.0425,0.0485,0.0,0.047167,1780660372820,0.0,63.87,1667.7075,SYN.ETH-9JUN26,1667.82,0.0455,1667.54,9JUN26,1725,,P,ETH-9JUN26-1725-P
0.0015,0.0019,7937.0,0.001687,1780660372820,591.0,64.46,1672.21,ETH-31JUL26,1667.82,0.0017,1667.54,31JUL26,2900,,C,ETH-31JUL26-2900-C
0.005,0.0065,261.0,0.006134,1780660372820,261.0,63.73,1667.7075,SYN.ETH-9JUN26,1667.82,0.00575,1667.54,9JUN26,1775,,C,ETH-9JUN26-1775-C
0.4025,0.4055,536.0,0.404058,1780660372820,0.0,119.29,1669.37,ETH-26JUN26,1667.82,0.404,1667.54,26JUN26,1000,,C,ETH-26JUN26-1000-C
0.007,0.008,3514.0,0.007674,1780660372820,658.0,80.43,1667.81,index_price,1667.82,0.0075,1667.54,7JUN26,1600,,P,ETH-7JUN26-1600-P
0.0115,0.0125,2886.0,0.011992,1780660372820,0.0,62.71,1711.04,ETH-26MAR27,1667.82,0.012,1667.54,26MAR27,4800,,C,ETH-26MAR27-4800-C
0.005,0.006,1813.0,0.005466,1780660372820,0.0,59.59,1679.74,ETH-25SEP26,1667.82,0.0055,1667.54,25SEP26,3100,,C,ETH-25SEP26-3100-C
0.047,0.048,521.0,0.048052,1780660372820,118.0,55.89,1672.2,ETH-31JUL26,1667.82,0.0475,1667.54,31JUL26,1850,,C,ETH-31JUL26-1850-C
,0.0001,13579.0,8.2e-05,1780660372820,0.0,114.81,1669.29,ETH-26JUN26,1667.82,,1667.54,26JUN26,4000,,C,ETH-26JUN26-4000-C
0.102,0.1035,3922.0,0.102669,1780660372820,51.0,58.23,1679.74,ETH-25SEP26,1667.82,0.10275,1667.54,25SEP26,1600,,P,ETH-25SEP26-1600-P
0.017,0.0185,1322.0,0.017677,1780660372820,5.0,59.46,1694.77,ETH-25DEC26,1667.82,0.01775,1667.54,25DEC26,3300,,C,ETH-25DEC26-3300-C
0.9515,1.122,0.0,1.03085,1780660372820,0.0,64.71,1675.74,ETH-28AUG26,1667.82,1.03675,1667.54,28AUG26,3400,,P,ETH-28AUG26-3400-P
0.2575,0.2665,10578.0,0.26214,1780660372820,200.0,61.13,1669.37,ETH-26JUN26,1667.82,0.262,1667.54,26JUN26,2100,,P,ETH-26JUN26-2100-P
0.013,0.014,418.0,0.01347,1780660372820,77.0,56.1,1675.74,ETH-28AUG26,1667.82,0.0135,1667.54,28AUG26,2400,,C,ETH-28AUG26-2400-C
0.112,0.1145,2130.0,0.112754,1780660372820,336.0,58.8,1672.21,ETH-31JUL26,1667.82,0.11325,1667.54,31JUL26,1600,,C,ETH-31JUL26-1600-C
0.425,0.5195,0.0,0.445763,1780660372820,0.0,56.1,1675.74,ETH-28AUG26,1667.82,0.47225,1667.54,28AUG26,2400,,P,ETH-28AUG26-2400-P
0.022,0.0235,0.0,0.022727,1780660372820,0.0,68.18,1667.7075,SYN.ETH-9JUN26,1667.82,0.02275,1667.54,9JUN26,1650,,P,ETH-9JUN26-1650-P
0.027,0.028,3664.0,0.027475,1780660372820,3981.0,65.89,1667.89,ETH-12JUN26,1667.82,0.0275,1667.54,12JUN26,1700,,C,ETH-12JUN26-1700-C
0.0001,0.0003,170.0,0.000179,1780660372820,0.0,103.84,1667.81,index_price,1667.82,0.0002,1667.54,7JUN26,2000,,C,ETH-7JUN26-2000-C
0.3455,0.351,291.0,0.347802,1780660372820,1.0,64.88,1694.77,ETH-25DEC26,1667.82,0.34825,1667.54,25DEC26,1200,,C,ETH-25DEC26-1200-C
0.013,0.0145,23528.0,0.013792,1780660372820,61.0,59.87,1694.77,ETH-25DEC26,1667.82,0.01375,1667.54,25DEC26,3500,,C,ETH-25DEC26-3500-C
0.1165,0.1235,50.0,0.119132,1780660372820,0.0,74.19,1668.16,ETH-19JUN26,1667.82,0.12,1667.54,19JUN26,1500,,C,ETH-19JUN26-1500-C
0.538,0.558,560.0,0.549802,1780660372820,0.0,59.47,1711.04,ETH-26MAR27,1667.82,0.548,1667.54,26MAR27,2500,,P,ETH-26MAR27-2500-P
,0.0001,6336.0,0.0,1780660372820,0.0,117.59,1669.37,ETH-26JUN26,1667.82,,1667.54,26JUN26,7000,,C,ETH-26JUN26-7000-C
0.055,0.0565,3277.0,0.055867,1780660372820,1.0,64.88,1694.77,ETH-25DEC26,1667.82,0.05575,1667.54,25DEC26,1200,,P,ETH-25DEC26-1200-P
2.4565,2.744,5.0,2.594515,1780660372820,0.0,117.59,1669.29,ETH-26JUN26,1667.82,2.60025,1667.54,26JUN26,6000,,P,ETH-26JUN26-6000-P
0.0009,0.0013,4350.0,0.001079,1780660372820,1.0,68.56,1679.74,ETH-25SEP26,1667.82,0.0011,1667.54,25SEP26,4400,,C,ETH-25SEP26-4400-C
0.103,0.107,17994.0,0.105532,1780660372820,2511.0,58.78,1669.37,ETH-26JUN26,1667.82,0.105,1667.54,26JUN26,1800,,P,ETH-26JUN26-1800-P
0.0985,0.1,15.0,0.09938,1780660372820,18.0,63.66,1711.04,ETH-26MAR27,1667.82,0.09925,1667.54,26MAR27,1300,,P,ETH-26MAR27-1300-P
0.0205,0.0215,745.0,0.021167,1780660372820,855.0,66.32,1667.81,index_price,1667.82,0.021,1667.54,7JUN26,1675,,P,ETH-7JUN26-1675-P
0.1705,0.1775,757.0,0.174526,1780660372820,0.0,60.45,1668.16,ETH-19JUN26,1667.82,0.174,1667.54,19JUN26,1950,,P,ETH-19JUN26-1950-P
0.038,0.0395,1871.0,0.038692,1780660372820,455.0,58.05,1694.77,ETH-25DEC26,1667.82,0.03875,1667.54,25DEC26,2700,,C,ETH-25DEC26-2700-C
0.0865,0.0875,333.0,0.087059,1780660372820,19.0,58.05,1675.64,ETH-28AUG26,1667.82,0.087,1667.54,28AUG26,1600,,P,ETH-28AUG26-1600-P
0.0006,0.0008,8649.0,0.000687,1780660372820,1002.0,78.48,1667.89,ETH-12JUN26,1667.82,0.0007,1667.54,12JUN26,2100,,C,ETH-12JUN26-2100-C
0.0585,0.06,3680.0,0.059848,1780660372820,10.0,55.84,1679.75,ETH-25SEP26,1667.82,0.05925,1667.54,25SEP26,2000,,C,ETH-25SEP26-2000-C
1.555,1.787,0.0,1.660644,1780660372820,0.0,63.5,1694.77,ETH-25DEC26,1667.82,1.671,1667.54,25DEC26,4500,,P,ETH-25DEC26-4500-P
,0.0001,1375.0,0.0,1780660372820,0.0,117.59,1669.37,ETH-26JUN26,1667.82,,1667.54,26JUN26,7500,,C,ETH-26JUN26-7500-C
0.6615,0.843,164.0,0.740473,1780660372820,0.0,58.4,1694.77,ETH-25DEC26,1667.82,0.75225,1667.54,25DEC26,2900,,P,ETH-25DEC26-2900-P
1.7245,1.968,77.0,1.836382,1780660372820,0.0,64.19,1694.77,ETH-25DEC26,1667.82,1.84625,1667.54,25DEC26,4800,,P,ETH-25DEC26-4800-P
0.026,0.0275,1171.0,0.027439,1780660372820,260.0,55.69,1672.21,ETH-31JUL26,1667.82,0.02675,1667.54,31JUL26,2000,,C,ETH-31JUL26-2000-C
0.0001,0.0002,5508.0,0.000142,1780660372820,711.0,96.66,1667.89,ETH-12JUN26,1667.82,0.00015,1667.54,12JUN26,2400,,C,ETH-12JUN26-2400-C
0.0805,0.1435,169.0,0.095172,1780660372820,0.0,69.64,1667.81,index_price,1667.82,0.112,1667.54,7JUN26,1825,,P,ETH-7JUN26-1825-P
1.838,2.09,2.0,1.953873,1780660372820,0.0,64.97,1694.77,ETH-25DEC26,1667.82,1.964,1667.54,25DEC26,5000,,P,ETH-25DEC26-5000-P
1.1475,1.373,2.0,1.246096,1780660372820,0.0,60.78,1711.04,ETH-26MAR27,1667.82,1.26025,1667.54,26MAR27,3800,,P,ETH-26MAR27-3800-P
0.4245,0.4355,5201.0,0.427457,1780660372820,18.0,58.02,1694.77,ETH-25DEC26,1667.82,0.43,1667.54,25DEC26,2300,,P,ETH-25DEC26-2300-P
0.005,0.006,4226.0,0.00546,1780660372820,10945.0,103.28,1667.82,index_price,1667.82,0.0055,1667.54,6JUN26,1600,,P,ETH-6JUN26-1600-P
2.435,2.724,0.0,2.572249,1780660372820,0.0,75.37,1679.74,ETH-25SEP26,1667.82,2.5795,1667.54,25SEP26,6000,,P,ETH-25SEP26-6000-P
0.3255,0.342,2036.0,0.333879,1780660372820,16.0,58.03,1694.77,ETH-25DEC26,1667.82,0.33375,1667.54,25DEC26,2100,,P,ETH-25DEC26-2100-P
,0.0001,9590.0,0.0,1780660372820,0.0,117.6,1669.29,ETH-26JUN26,1667.82,,1667.54,26JUN26,9000,,C,ETH-26JUN26-9000-C
0.1065,0.1125,625.0,0.109591,1780660372820,0.0,98.28,1667.82,index_price,1667.82,0.1095,1667.54,6JUN26,1850,,P,ETH-6JUN26-1850-P
0.122,0.124,1476.0,0.122957,1780660372820,25.0,59.47,1711.04,ETH-26MAR27,1667.82,0.123,1667.54,26MAR27,2200,,C,ETH-26MAR27-2200-C
0.436,0.443,0.0,0.439163,1780660372820,0.0,96.66,1667.88,ETH-12JUN26,1667.82,0.4395,1667.54,12JUN26,2400,,P,ETH-12JUN26-2400-P
0.022,0.0235,2094.0,0.022639,1780660372820,0.0,58.92,1694.77,ETH-25DEC26,1667.82,0.02275,1667.54,25DEC26,3100,,C,ETH-25DEC26-3100-C
0.049,0.0505,73.0,0.050432,1780660372820,72.0,55.43,1675.64,ETH-28AUG26,1667.82,0.04975,1667.54,28AUG26,1950,,C,ETH-28AUG26-1950-C
0.242,0.2445,99.0,0.24368,1780660372820,39.0,61.32,1711.04,ETH-26MAR27,1667.82,0.24325,1667.54,26MAR27,1600,,C,ETH-26MAR27-1600-C
0.0195,0.0205,67707.0,0.019917,1780660372820,2.0,59.15,1694.77,ETH-25DEC26,1667.82,0.02,1667.54,25DEC26,3200,,C,ETH-25DEC26-3200-C
0.005,0.0065,1772.0,0.005679,1780660372821,384.0,62.83,1694.76,ETH-25DEC26,1667.82,0.00575,1667.54,25DEC26,4400,,C,ETH-25DEC26-4400-C
0.06,0.0685,50.0,0.063514,1780660372821,50.0,79.68,1667.82,index_price,1667.82,0.06425,1667.54,8JUN26,1575,,C,ETH-8JUN26-1575-C
0.5525,0.5625,18261.0,0.558213,1780660372821,0.0,76.75,1669.37,ETH-26JUN26,1667.82,0.5575,1667.54,26JUN26,2600,,P,ETH-26JUN26-2600-P
0.021,0.022,1376.0,0.021463,1780660372821,38.0,61.17,1711.04,ETH-26MAR27,1667.82,0.0215,1667.54,26MAR27,4000,,C,ETH-26MAR27-4000-C
3.2365,3.591,0.0,3.405553,1780660372821,0.0,79.19,1679.74,ETH-25SEP26,1667.82,3.41375,1667.54,25SEP26,7400,,P,ETH-25SEP26-7400-P
0.0032,0.0036,189.0,0.003546,1780660372821,253.0,61.95,1667.82,index_price,1667.82,0.0034,1667.54,8JUN26,1775,,C,ETH-8JUN26-1775-C
0.173,0.1805,89.0,0.176435,1780660372821,0.0,76.89,1669.37,ETH-26JUN26,1667.82,0.17675,1667.54,26JUN26,1400,,C,ETH-26JUN26-1400-C
0.1385,0.236,6.0,0.184343,1780660372821,0.0,122.22,1667.82,index_price,1667.82,0.18725,1667.54,6JUN26,1975,,P,ETH-6JUN26-1975-P
0.0215,0.023,528.0,0.02233,1780660372821,507.0,86.79,1667.82,index_price,1667.82,0.02225,1667.54,6JUN26,1650,,C,ETH-6JUN26-1650-C
,0.0002,10679.0,9.2e-05,1780660372821,3.0,99.96,1669.37,ETH-26JUN26,1667.82,,1667.54,26JUN26,3500,,C,ETH-26JUN26-3500-C
3.1475,3.493,76.0,3.313418,1780660372821,0.0,117.59,1669.29,ETH-26JUN26,1667.82,3.32025,1667.54,26JUN26,7200,,P,ETH-26JUN26-7200-P
0.6675,0.6845,1293.0,0.676393,1780660372821,1.0,57.65,1679.74,ETH-25SEP26,1667.82,0.676,1667.54,25SEP26,2800,,P,ETH-25SEP26-2800-P
0.166,0.17,50.0,0.168308,1780660372821,0.0,59.83,1675.74,ETH-28AUG26,1667.82,0.168,1667.54,28AUG26,1500,,C,ETH-28AUG26-1500-C
2.3415,2.6195,44.0,2.474698,1780660372821,0.0,117.59,1669.29,ETH-26JUN26,1667.82,2.4805,1667.54,26JUN26,5800,,P,ETH-26JUN26-5800-P
0.0019,0.0022,439.0,0.001995,1780660372821,440.0,129.63,1667.82,index_price,1667.82,0.00205,1667.54,6JUN26,1525,,P,ETH-6JUN26-1525-P
0.017,0.0185,55.0,0.017845,1780660372821,55.0,63.89,1667.7075,SYN.ETH-9JUN26,1667.82,0.01775,1667.54,9JUN26,1700,,C,ETH-9JUN26-1700-C
0.0001,0.0004,2026.0,0.00021,1780660372821,0.0,76.03,1679.75,ETH-25SEP26,1667.82,0.00025,1667.54,25SEP26,6200,,C,ETH-25SEP26-6200-C
0.024,0.0255,263.0,0.025028,1780660372821,470.0,64.44,1667.82,index_price,1667.82,0.02475,1667.54,8JUN26,1675,,P,ETH-8JUN26-1675-P
0.0415,0.045,455.0,0.043563,1780660372821,823.0,62.06,1667.82,index_price,1667.82,0.04325,1667.54,8JUN26,1725,,P,ETH-8JUN26-1725-P
0.0215,0.0225,1055.0,0.022557,1780660372821,199.0,55.65,1672.21,ETH-31JUL26,1667.82,0.022,1667.54,31JUL26,2050,,C,ETH-31JUL26-2050-C
0.6605,0.756,0.0,0.676169,1780660372821,0.0,59.25,1675.74,ETH-28AUG26,1667.82,0.70825,1667.54,28AUG26,2800,,P,ETH-28AUG26-2800-P
0.0535,0.057,6.0,0.056174,1780660372821,6.0,65.73,1667.89,ETH-12JUN26,1667.82,0.05525,1667.54,12JUN26,1725,,P,ETH-12JUN26-1725-P
1.535,1.747,4317.0,1.636,1780660372821,0.0,114.84,1669.29,ETH-26JUN26,1667.82,1.641,1667.54,26JUN26,4400,,P,ETH-26JUN26-4400-P
0.013,0.0145,497.0,0.013664,1780660372821,1.0,62.25,1711.04,ETH-26MAR27,1667.82,0.01375,1667.54,26MAR27,4600,,C,ETH-26MAR27-4600-C
0.132,0.1335,2279.0,0.132555,1780660372821,88.0,57.15,1679.75,ETH-25SEP26,1667.82,0.13275,1667.54,25SEP26,1700,,P,ETH-25SEP26-1700-P
0.1375,0.206,0.0,0.154738,1780660372821,0.0,89.7,1667.81,index_price,1667.82,0.17175,1667.54,7JUN26,1925,,P,ETH-7JUN26-1925-P
0.153,0.155,124.0,0.154149,1780660372821,8.0,59.76,1711.04,ETH-26MAR27,1667.82,0.154,1667.54,26MAR27,2000,,C,ETH-26MAR27-2000-C
2.206,2.477,0.0,2.334226,1780660372821,0.0,74.2,1679.74,ETH-25SEP26,1667.82,2.3415,1667.54,25SEP26,5600,,P,ETH-25SEP26-5600-P
0.0002,0.0006,1488.0,0.000357,1780660372821,0.0,73.24,1679.75,ETH-25SEP26,1667.82,0.0004,1667.54,25SEP26,5500,,C,ETH-25SEP26-5500-C
0.008,0.0085,835.0,0.008168,1780660372821,841.0,93.09,1667.88,ETH-12JUN26,1667.82,0.00825,1667.54,12JUN26,1450,,P,ETH-12JUN26-1450-P
0.0032,0.0037,1002.0,0.003507,1780660372821,1516.0,75.83,1667.82,index_price,1667.82,0.00345,1667.54,6JUN26,1725,,C,ETH-6JUN26-1725-C
0.1815,0.253,0.0,0.199611,1780660372821,0.0,103.84,1667.81,index_price,1667.82,0.21725,1667.54,7JUN26,2000,,P,ETH-7JUN26-2000-P
1.4195,1.6225,2109.0,1.516203,1780660372821,0.0,114.81,1669.29,ETH-26JUN26,1667.82,1.521,1667.54,26JUN26,4200,,P,ETH-26JUN26-4200-P
0.0015,0.0018,16098.0,0.001635,1780660372821,913.0,67.35,1669.29,ETH-26JUN26,1667.82,0.00165,1667.54,26JUN26,2300,,C,ETH-26JUN26-2300-C
0.0002,0.0003,1611.0,0.000244,1780660372821,1491.0,86.72,1667.82,index_price,1667.82,0.00025,1667.54,8JUN26,2000,,C,ETH-8JUN26-2000-C
0.12,0.1215,366.0,0.120487,1780660372821,0.0,57.15,1679.74,ETH-25SEP26,1667.82,0.12075,1667.54,25SEP26,1700,,C,ETH-25SEP26-1700-C
,0.0002,11501.0,0.00014,1780660372821,4.0,99.96,1669.29,ETH-26JUN26,1667.82,,1667.54,26JUN26,3400,,C,ETH-26JUN26-3400-C
0.122,0.1235,3014.0,0.122847,1780660372821,507.0,62.73,1711.04,ETH-26MAR27,1667.82,0.12275,1667.54,26MAR27,1400,,P,ETH-26MAR27-1400-P
3.294,3.653,0.0,3.465078,1780660372821,0.0,79.19,1679.74,ETH-25SEP26,1667.82,3.4735,1667.54,25SEP26,7500,,P,ETH-25SEP26-7500-P
0.245,0.2485,1503.0,0.245902,1780660372821,47.0,60.35,1711.04,ETH-26MAR27,1667.82,0.24675,1667.54,26MAR27,1800,,P,ETH-26MAR27-1800-P
0.0355,0.037,3487.0,0.036896,1780660372821,101.0,55.75,1679.75,ETH-25SEP26,1667.82,0.03625,1667.54,25SEP26,2200,,C,ETH-25SEP26-2200-C
0.005,0.006,82.0,0.005632,1780660372821,84.0,86.25,1667.81,index_price,1667.82,0.0055,1667.54,7JUN26,1575,,P,ETH-7JUN26-1575-P
0.032,0.0335,1572.0,0.032624,1780660372821,1.0,60.26,1711.04,ETH-26MAR27,1667.82,0.03275,1667.54,26MAR27,3500,,C,ETH-26MAR27-3500-C
0.0003,0.0004,605.0,0.000349,1780660372821,735.0,79.85,1667.82,index_price,1667.82,0.00035,1667.54,8JUN26,1950,,C,ETH-8JUN26-1950-C
2.149,2.4145,1.0,2.274693,1780660372821,0.0,73.24,1679.75,ETH-25SEP26,1667.82,2.28175,1667.54,25SEP26,5500,,P,ETH-25SEP26-5500-P
0.543,0.609,1.0,0.559686,1780660372821,0.0,57.42,1675.64,ETH-28AUG26,1667.82,0.576,1667.54,28AUG26,2600,,P,ETH-28AUG26-2600-P
1.038,1.2585,1.0,1.133968,1780660372821,0.0,60.47,1711.04,ETH-26MAR27,1667.82,1.14825,1667.54,26MAR27,3600,,P,ETH-26MAR27-3600-P
0.0075,0.008,1909.0,0.007785,1780660372821,1.0,58.24,1679.74,ETH-25SEP26,1667.82,0.00775,1667.54,25SEP26,2900,,C,ETH-25SEP26-2900-C
0.172,0.174,77.0,0.172872,1780660372821,4.0,60.01,1711.03,ETH-26MAR27,1667.82,0.173,1667.54,26MAR27,1900,,C,ETH-26MAR27-1900-C
0.1685,0.1765,50.0,0.171671,1780660372821,50.0,84.34,1668.16,ETH-19JUN26,1667.82,0.1725,1667.54,19JUN26,1400,,C,ETH-19JUN26-1400-C
0.0935,0.1585,186.0,0.109963,1780660372821,0.0,73.77,1667.81,index_price,1667.82,0.126,1667.54,7JUN26,1850,,P,ETH-7JUN26-1850-P
2.0915,2.353,4.0,2.215198,1780660372821,0.0,72.94,1679.75,ETH-25SEP26,1667.82,2.22225,1667.54,25SEP26,5400,,P,ETH-25SEP26-5400-P
0.0011,0.0015,909.0,0.001286,1780660372821,0.0,66.67,1675.64,ETH-28AUG26,1667.82,0.0013,1667.54,28AUG26,3600,,C,ETH-28AUG26-3600-C
0.2045,0.2085,3956.0,0.206696,1780660372821,60.0,55.88,1679.74,ETH-25SEP26,1667.82,0.2065,1667.54,25SEP26,1900,,P,ETH-25SEP26-1900-P
0.955,1.073,929.0,1.027479,1780660372821,0.0,61.48,1679.75,ETH-25SEP26,1667.82,1.014,1667.54,25SEP26,3400,,P,ETH-25SEP26-3400-P
0.2805,0.2875,697.0,0.283314,1780660372821,0.0,60.01,1711.04,ETH-26MAR27,1667.82,0.284,1667.54,26MAR27,1900,,P,ETH-26MAR27-1900-P
0.0008,0.0013,12.0,0.001026,1780660372821,0.0,68.72,1675.64,ETH-28AUG26,1667.82,0.00105,1667.54,28AUG26,3800,,C,ETH-28AUG26-3800-C
0.0002,0.0003,271.0,0.000234,1780660372821,203.0,94.19,1667.81,index_price,1667.82,0.00025,1667.54,7JUN26,1950,,C,ETH-7JUN26-1950-C
0.01,0.011,207.0,0.01046,1780660372821,202.0,74.91,1667.82,index_price,1667.82,0.0105,1667.54,8JUN26,1600,,P,ETH-8JUN26-1600-P
0.6995,0.702,345.0,0.700704,1780660372822,2.0,186.36,1669.37,ETH-26JUN26,1667.82,0.70075,1667.54,26JUN26,500,,C,ETH-26JUN26-500-C
,0.0001,1191.0,0.0,1780660372822,0.0,117.59,1669.37,ETH-26JUN26,1667.82,,1667.54,26JUN26,5800,,C,ETH-26JUN26-5800-C
0.016,0.0175,488.0,0.016642,1780660372822,443.0,66.32,1667.81,index_price,1667.82,0.01675,1667.54,7JUN26,1675,,C,ETH-7JUN26-1675-C
,0.0002,1019.0,8.3e-05,1780660372822,0.0,79.19,1679.75,ETH-25SEP26,1667.82,,1667.54,25SEP26,7400,,C,ETH-25SEP26-7400-C
0.0003,0.0005,21635.0,0.000387,1780660372822,110.0,83.53,1669.29,ETH-26JUN26,1667.82,0.0004,1667.54,26JUN26,2800,,C,ETH-26JUN26-2800-C
1.977,2.2295,3.0,2.096238,1780660372822,0.0,72.52,1679.74,ETH-25SEP26,1667.82,2.10325,1667.54,25SEP26,5200,,P,ETH-25SEP26-5200-P
0.1475,0.1555,19515.0,0.152682,1780660372822,361.0,58.77,1669.29,ETH-26JUN26,1667.82,0.1515,1667.54,26JUN26,1900,,P,ETH-26JUN26-1900-P
7.015,7.683,0.0,7.334677,1780660372822,0.0,91.65,1679.74,ETH-25SEP26,1667.82,7.349,1667.54,25SEP26,14000,,P,ETH-25SEP26-14000-P
0.0955,0.0995,2823.0,0.098065,1780660372822,1178.0,60.23,1668.16,ETH-19JUN26,1667.82,0.0975,1667.54,19JUN26,1800,,P,ETH-19JUN26-1800-P
7.941,8.022,10.0,7.986287,1780660372822,0.0,117.72,1669.37,ETH-26JUN26,1667.82,7.9815,1667.54,26JUN26,15000,,P,ETH-26JUN26-15000-P
0.567,0.589,1060.0,0.579026,1780660372822,2.0,58.03,1694.76,ETH-25DEC26,1667.82,0.578,1667.54,25DEC26,2600,,P,ETH-25DEC26-2600-P
2.664,2.972,0.0,2.810346,1780660372822,0.0,77.63,1679.74,ETH-25SEP26,1667.82,2.818,1667.54,25SEP26,6400,,P,ETH-25SEP26-6400-P
0.2505,0.305,160.0,0.260871,1780660372822,0.0,55.24,1675.74,ETH-28AUG26,1667.82,0.27775,1667.54,28AUG26,2050,,P,ETH-28AUG26-2050-P
2.7785,3.096,0.0,2.929387,1780660372822,0.0,78.35,1679.74,ETH-25SEP26,1667.82,2.93725,1667.54,25SEP26,6600,,P,ETH-25SEP26-6600-P
0.009,0.01,7662.0,0.009459,1780660372822,5.0,57.65,1679.74,ETH-25SEP26,1667.82,0.0095,1667.54,25SEP26,2800,,C,ETH-25SEP26-2800-C
0.2115,0.2155,263.0,0.214215,1780660372822,200.0,55.43,1675.74,ETH-28AUG26,1667.82,0.2135,1667.54,28AUG26,1950,,P,ETH-28AUG26-1950-P
0.0285,0.03,702.0,0.029317,1780660372822,0.0,58.4,1694.77,ETH-25DEC26,1667.82,0.02925,1667.54,25DEC26,2900,,C,ETH-25DEC26-2900-C
0.234,0.2975,5.0,0.261051,1780660372822,0.0,65.78,1668.16,ETH-19JUN26,1667.82,0.26575,1667.54,19JUN26,2100,,P,ETH-19JUN26-2100-P
0.0001,0.0005,8645.0,0.00024,1780660372822,0.0,76.64,1672.2,ETH-31JUL26,1667.82,0.0003,1667.54,31JUL26,4000,,C,ETH-31JUL26-4000-C
0.3155,0.324,14479.0,0.32045,1780660372822,16.0,63.98,1669.37,ETH-26JUN26,1667.82,0.31975,1667.54,26JUN26,2200,,P,ETH-26JUN26-2200-P
0.08,0.16,0.0,0.111088,1780660372822,0.0,65.24,1667.7075,SYN.ETH-9JUN26,1667.82,0.12,1667.54,9JUN26,1850,,P,ETH-9JUN26-1850-P
0.13,0.1385,0.0,0.133226,1780660372822,0.0,107.81,1667.82,index_price,1667.82,0.13425,1667.54,8JUN26,1450,,C,ETH-8JUN26-1450-C
0.586,0.6595,147.0,0.649517,1780660372822,0.0,59.47,1711.04,ETH-26MAR27,1667.82,0.62275,1667.54,26MAR27,2700,,P,ETH-26MAR27-2700-P
1.3045,1.498,3932.0,1.396425,1780660372822,0.0,114.81,1669.29,ETH-26JUN26,1667.82,1.40125,1667.54,26JUN26,4000,,P,ETH-26JUN26-4000-P
0.024,0.0255,1.0,0.024898,1780660372822,1.0,65.87,1667.7075,SYN.ETH-9JUN26,1667.82,0.02475,1667.54,9JUN26,1675,,C,ETH-9JUN26-1675-C
0.1135,0.1165,329.0,0.115104,1780660372822,314.0,56.41,1672.2,ETH-31JUL26,1667.82,0.115,1667.54,31JUL26,1750,,P,ETH-31JUL26-1750-P
0.3745,0.3835,9036.0,0.379532,1780660372822,133.0,67.35,1669.37,ETH-26JUN26,1667.82,0.379,1667.54,26JUN26,2300,,P,ETH-26JUN26-2300-P
0.0027,0.0032,14107.0,0.002931,1780660372822,400.0,62.28,1679.74,ETH-25SEP26,1667.82,0.00295,1667.54,25SEP26,3500,,C,ETH-25SEP26-3500-C
0.0015,0.0017,734.0,0.001642,1780660372822,820.0,76.33,1667.82,index_price,1667.82,0.0016,1667.54,6JUN26,1750,,C,ETH-6JUN26-1750-C
0.0955,0.0965,662.0,0.095839,1780660372822,52.0,56.42,1679.74,ETH-25SEP26,1667.82,0.096,1667.54,25SEP26,1800,,C,ETH-25SEP26-1800-C
0.0003,0.0006,2187.0,0.000364,1780660372822,4.0,75.59,1672.2,ETH-31JUL26,1667.82,0.00045,1667.54,31JUL26,3800,,C,ETH-31JUL26-3800-C
0.035,0.0365,1039.0,0.035755,1780660372822,0.0,60.12,1711.04,ETH-26MAR27,1667.82,0.03575,1667.54,26MAR27,3400,,C,ETH-26MAR27-3400-C
0.099,0.109,50.0,0.103059,1780660372822,50.0,106.58,1667.81,index_price,1667.82,0.104,1667.54,7JUN26,1500,,C,ETH-7JUN26-1500-C
0.2175,0.2265,3349.0,0.223576,1780660372822,80.0,55.69,1672.21,ETH-31JUL26,1667.82,0.222,1667.54,31JUL26,2000,,P,ETH-31JUL26-2000-P
0.0019,0.0022,2742.0,0.002059,1780660372822,50.0,65.78,1668.17,ETH-19JUN26,1667.82,0.00205,1667.54,19JUN26,2100,,C,ETH-19JUN26-2100-C
0.0047,0.0055,1890.0,0.005101,1780660372822,1890.0,90.87,1667.82,index_price,1667.82,0.0051,1667.54,8JUN26,1525,,P,ETH-8JUN26-1525-P
0.059,0.084,101.0,0.067996,1780660372822,2.0,61.95,1667.82,index_price,1667.82,0.0715,1667.54,8JUN26,1775,,P,ETH-8JUN26-1775-P
0.0055,0.0065,33.0,0.005874,1780660372822,33.0,92.12,1667.6374999999998,SYN.ETH-9JUN26,1667.82,0.006,1667.54,9JUN26,1500,,P,ETH-9JUN26-1500-P
0.131,0.134,50.0,0.13216,1780660372822,0.0,58.05,1675.64,ETH-28AUG26,1667.82,0.1325,1667.54,28AUG26,1600,,C,ETH-28AUG26-1600-C
,0.0001,4218.0,7.7e-05,1780660372822,443.0,108.94,1667.89,ETH-12JUN26,1667.82,,1667.54,12JUN26,2600,,C,ETH-12JUN26-2600-C
0.2305,0.234,679.0,0.23204,1780660372822,1.0,60.66,1694.77,ETH-25DEC26,1667.82,0.23225,1667.54,25DEC26,1500,,C,ETH-25DEC26-1500-C
1.8625,2.1055,1.0,1.977239,1780660372822,0.0,71.24,1679.75,ETH-25SEP26,1667.82,1.984,1667.54,25SEP26,5000,,P,ETH-25SEP26-5000-P
0.032,0.0375,50.0,0.033507,1780660372822,0.0,94.8,1667.82,index_price,1667.82,0.03475,1667.54,6JUN26,1625,,C,ETH-6JUN26-1625-C
6.4885,7.112,0.0,6.788115,1780660372822,0.0,117.62,1669.29,ETH-26JUN26,1667.82,6.80025,1667.54,26JUN26,13000,,P,ETH-26JUN26-13000-P
0.0003,0.0008,1557.0,0.000504,1780660372822,3.0,73.68,1672.21,ETH-31JUL26,1667.82,0.00055,1667.54,31JUL26,3600,,C,ETH-31JUL26-3600-C
5.242,5.511,53.0,5.490863,1780660372822,0.0,78.48,1694.76,ETH-25DEC26,1667.82,5.3765,1667.54,25DEC26,11000,,P,ETH-25DEC26-11000-P
0.033,0.0345,4215.0,0.033686,1780660372822,400.0,58.24,1694.76,ETH-25DEC26,1667.82,0.03375,1667.54,25DEC26,2800,,C,ETH-25DEC26-2800-C
0.0016,0.0021,0.0,0.00184,1780660372822,0.0,65.24,1667.7075,SYN.ETH-9JUN26,1667.82,0.00185,1667.54,9JUN26,1850,,C,ETH-9JUN26-1850-C
0.936,1.13,89.0,1.021866,1780660372822,0.0,59.74,1694.77,ETH-25DEC26,1667.82,1.033,1667.54,25DEC26,3400,,P,ETH-25DEC26-3400-P
3.5395,3.9235,0.0,3.721107,1780660372822,0.0,72.45,1694.77,ETH-25DEC26,1667.82,3.7315,1667.54,25DEC26,8000,,P,ETH-25DEC26-8000-P
0.1495,0.1525,346.0,0.151451,1780660372822,78.0,55.85,1675.74,ETH-28AUG26,1667.82,0.151,1667.54,28AUG26,1800,,P,ETH-28AUG26-1800-P
0.031,0.0325,18386.0,0.031694,1780660372822,10.0,69.76,1694.77,ETH-25DEC26,1667.82,0.03175,1667.54,25DEC26,1000,,P,ETH-25DEC26-1000-P
0.876,1.0885,1.0,0.967891,1780660372822,0.0,59.98,1711.04,ETH-26MAR27,1667.82,0.98225,1667.54,26MAR27,3300,,P,ETH-26MAR27-3300-P
0.068,0.069,164.0,0.068485,1780660372822,63.0,56.41,1672.2,ETH-31JUL26,1667.82,0.0685,1667.54,31JUL26,1750,,C,ETH-31JUL26-1750-C
0.3225,0.333,744.0,0.328294,1780660372822,11.0,55.95,1672.2,ETH-31JUL26,1667.82,0.32775,1667.54,31JUL26,2200,,P,ETH-31JUL26-2200-P
,0.0001,1200.0,5e-06,1780660372822,38.0,91.65,1679.74,ETH-25SEP26,1667.82,,1667.54,25SEP26,14000,,C,ETH-25SEP26-14000-C
0.231,0.2705,154.0,0.237062,1780660372822,3.0,55.29,1675.74,ETH-28AUG26,1667.82,0.25075,1667.54,28AUG26,2000,,P,ETH-28AUG26-2000-P
0.021,0.022,88.0,0.021877,1780660372822,88.0,65.73,1667.89,ETH-12JUN26,1667.82,0.0215,1667.54,12JUN26,1725,,C,ETH-12JUN26-1725-C
1.066,1.2455,1.0,1.149809,1780660372822,1.0,66.67,1675.74,ETH-28AUG26,1667.82,1.15575,1667.54,28AUG26,3600,,P,ETH-28AUG26-3600-P
0.0043,0.0048,1066.0,0.004549,1780660372822,50.0,58.83,1672.21,ETH-31JUL26,1667.82,0.00455,1667.54,31JUL26,2500,,C,ETH-31JUL26-2500-C
,0.0001,1138.0,0.0,1780660372822,0.0,117.59,1669.37,ETH-26JUN26,1667.82,,1667.54,26JUN26,6800,,C,ETH-26JUN26-6800-C
1.7655,1.996,340.0,1.875618,1780660372822,0.0,115.05,1669.29,ETH-26JUN26,1667.82,1.88075,1667.54,26JUN26,4800,,P,ETH-26JUN26-4800-P
0.2645,0.2695,647.0,0.266949,1780660372822,2.0,61.74,1694.77,ETH-25DEC26,1667.82,0.267,1667.54,25DEC26,1400,,C,ETH-25DEC26-1400-C
0.0002,0.0004,740.0,0.000284,1780660372822,322.0,89.7,1667.81,index_price,1667.82,0.0003,1667.54,7JUN26,1925,,C,ETH-7JUN26-1925-C
0.597,0.608,630.0,0.599176,1780660372822,100.0,59.47,1711.04,ETH-26MAR27,1667.82,0.6025,1667.54,26MAR27,2600,,P,ETH-26MAR27-2600-P
0.0006,0.0012,3045.0,0.000859,1780660372822,0.0,69.45,1679.75,ETH-25SEP26,1667.82,0.0009,1667.54,25SEP26,4600,,C,ETH-25SEP26-4600-C
0.05,0.0545,683.0,0.052881,1780660372822,342.0,63.69,1667.81,index_price,1667.82,0.05225,1667.54,7JUN26,1750,,P,ETH-7JUN26-1750-P
0.0008,0.001,2012.0,0.000885,1780660372822,0.0,75.59,1668.16,ETH-19JUN26,1667.82,0.0009,1667.54,19JUN26,2300,,C,ETH-19JUN26-2300-C
0.018,0.019,1843.0,0.018929,1780660372822,1737.0,60.23,1668.17,ETH-19JUN26,1667.82,0.0185,1667.54,19JUN26,1800,,C,ETH-19JUN26-1800-C
0.0635,0.065,1691.0,0.064289,1780660372822,20.0,59.47,1711.04,ETH-26MAR27,1667.82,0.06425,1667.54,26MAR27,2800,,C,ETH-26MAR27-2800-C
,0.0001,1592.0,6e-06,1780660372822,0.0,79.57,1679.74,ETH-25SEP26,1667.82,,1667.54,25SEP26,10000,,C,ETH-25SEP26-10000-C
0.0425,0.044,326.0,0.043116,1780660372822,434.0,69.14,1667.88,ETH-12JUN26,1667.82,0.04325,1667.54,12JUN26,1650,,C,ETH-12JUN26-1650-C
0.048,0.0555,50.0,0.050956,1780660372822,0.0,74.91,1667.82,index_price,1667.82,0.05175,1667.54,8JUN26,1600,,C,ETH-8JUN26-1600-C
0.1385,0.237,0.0,0.184618,1780660372822,0.0,97.54,1667.81,index_price,1667.82,0.18775,1667.54,7JUN26,1975,,P,ETH-7JUN26-1975-P
0.048,0.054,761.0,0.051028,1780660372822,552.0,76.33,1667.82,index_price,1667.82,0.051,1667.54,6JUN26,1750,,P,ETH-6JUN26-1750-P
0.027,0.028,931.0,0.027387,1780660372822,980.0,60.38,1668.16,ETH-19JUN26,1667.82,0.0275,1667.54,19JUN26,1750,,C,ETH-19JUN26-1750-C
0.1895,0.1935,288.0,0.192366,1780660372822,176.0,55.62,1675.64,ETH-28AUG26,1667.82,0.1915,1667.54,28AUG26,1900,,P,ETH-28AUG26-1900-P
0.004,0.0045,117.0,0.004312,1780660372822,117.0,93.03,1667.81,index_price,1667.82,0.00425,1667.54,7JUN26,1550,,P,ETH-7JUN26-1550-P
0.0005,0.0007,539.0,0.000587,1780660372822,407.0,79.55,1668.16,ETH-19JUN26,1667.82,0.0006,1667.54,19JUN26,2400,,C,ETH-19JUN26-2400-C
1.176,1.367,965.0,1.264253,1780660372822,150.0,64.35,1679.74,ETH-25SEP26,1667.82,1.2715,1667.54,25SEP26,3800,,P,ETH-25SEP26-3800-P
,0.0001,7425.0,2e-06,1780660372822,0.0,93.61,1679.74,ETH-25SEP26,1667.82,,1667.54,25SEP26,16000,,C,ETH-25SEP26-16000-C
0.0105,0.0115,3153.0,0.011083,1780660372822,1845.0,85.71,1667.89,ETH-12JUN26,1667.82,0.011,1667.54,12JUN26,1500,,P,ETH-12JUN26-1500-P
0.8805,1.072,0.0,0.964855,1780660372822,0.0,59.46,1694.76,ETH-25DEC26,1667.82,0.97625,1667.54,25DEC26,3300,,P,ETH-25DEC26-3300-P
0.015,0.0165,11306.0,0.015682,1780660372822,0.0,59.74,1694.77,ETH-25DEC26,1667.82,0.01575,1667.54,25DEC26,3400,,C,ETH-25DEC26-3400-C
0.032,0.033,3495.0,0.032525,1780660372822,353.0,64.42,1672.2,ETH-31JUL26,1667.82,0.0325,1667.54,31JUL26,1400,,P,ETH-31JUL26-1400-P
0.0044,0.0048,7780.0,0.004593,1780660372822,30.0,60.18,1679.74,ETH-25SEP26,1667.82,0.0046,1667.54,25SEP26,3200,,C,ETH-25SEP26-3200-C
2.5495,2.8475,0.0,2.691279,1780660372822,0.0,76.03,1679.75,ETH-25SEP26,1667.82,2.6985,1667.54,25SEP26,6200,,P,ETH-25SEP26-6200-P
0.101,0.1025,136.0,0.101829,1780660372822,70.0,56.74,1675.74,ETH-28AUG26,1667.82,0.10175,1667.54,28AUG26,1700,,C,ETH-28AUG26-1700-C
0.109,0.111,1897.0,0.109872,1780660372822,4.0,58.03,1694.76,ETH-25DEC26,1667.82,0.11,1667.54,25DEC26,2000,,C,ETH-25DEC26-2000-C
0.015,0.016,7629.0,0.015542,1780660372822,90.0,74.41,1679.74,ETH-25SEP26,1667.82,0.0155,1667.54,25SEP26,1000,,P,ETH-25SEP26-1000-P
0.0026,0.0029,1823.0,0.002759,1780660372822,97.0,63.75,1668.17,ETH-19JUN26,1667.82,0.00275,1667.54,19JUN26,2050,,C,ETH-19JUN26-2050-C
0.1485,0.1525,50.0,0.150919,1780660372822,2.0,61.21,1672.21,ETH-31JUL26,1667.82,0.1505,1667.54,31JUL26,1500,,C,ETH-31JUL26-1500-C
0.4175,0.4235,74.0,0.420208,1780660372822,0.0,74.41,1679.75,ETH-25SEP26,1667.82,0.4205,1667.54,25SEP26,1000,,C,ETH-25SEP26-1000-C
0.0285,0.03,2.0,0.029216,1780660372822,3.0,65.87,1667.7075,SYN.ETH-9JUN26,1667.82,0.02925,1667.54,9JUN26,1675,,P,ETH-9JUN26-1675-P
0.0775,0.083,2105.0,0.079846,1780660372822,7.0,84.34,1667.82,index_price,1667.82,0.08025,1667.54,6JUN26,1800,,P,ETH-6JUN26-1800-P
0.045,0.082,0.0,0.070412,1780660372822,0.0,63.73,1667.7075,SYN.ETH-9JUN26,1667.82,0.0635,1667.54,9JUN26,1775,,P,ETH-9JUN26-1775-P
0.1925,0.199,50.0,0.195229,1780660372822,0.0,64.42,1672.21,ETH-31JUL26,1667.82,0.19575,1667.54,31JUL26,1400,,C,ETH-31JUL26-1400-C
0.0023,0.0026,12910.0,0.002461,1780660372822,589.0,63.98,1669.29,ETH-26JUN26,1667.82,0.00245,1667.54,26JUN26,2200,,C,ETH-26JUN26-2200-C
0.0002,0.0003,2426.0,0.000243,1780660372822,104.0,91.68,1667.89,ETH-12JUN26,1667.82,0.00025,1667.54,12JUN26,2300,,C,ETH-12JUN26-2300-C
,0.0001,13.0,8e-06,1780660372822,0.0,170.01,1667.82,index_price,1667.82,,1667.54,6JUN26,2200,,C,ETH-6JUN26-2200-C
0.0165,0.0175,1318.0,0.017057,1780660372822,206.0,76.87,1694.77,ETH-25DEC26,1667.82,0.017,1667.54,25DEC26,800,,P,ETH-25DEC26-800-P
0.0019,0.0023,1070.0,0.002133,1780660372822,1368.0,62.31,1667.82,index_price,1667.82,0.0021,1667.54,8JUN26,1800,,C,ETH-8JUN26-1800-C
0.0013,0.0015,1092.0,0.001396,1780660372822,1197.0,64.2,1667.82,index_price,1667.82,0.0014,1667.54,8JUN26,1825,,C,ETH-8JUN26-1825-C
1.416,1.62,0.0,1.512127,1780660372822,0.0,80.35,1672.21,ETH-31JUL26,1667.82,1.518,1667.54,31JUL26,4200,,P,ETH-31JUL26-4200-P
0.0215,0.023,5667.0,0.022348,1780660372822,3598.0,73.66,1667.88,ETH-12JUN26,1667.82,0.02225,1667.54,12JUN26,1600,,P,ETH-12JUN26-1600-P
0.5435,0.5965,29.0,0.558413,1780660372822,0.0,60.17,1672.2,ETH-31JUL26,1667.82,0.57,1667.54,31JUL26,2600,,P,ETH-31JUL26-2600-P
0.285,0.2945,9796.0,0.289981,1780660372822,89.0,58.03,1694.76,ETH-25DEC26,1667.82,0.28975,1667.54,25DEC26,2000,,P,ETH-25DEC26-2000-P
0.0245,0.028,4134.0,0.026362,1780660372822,4153.0,75.97,1667.82,index_price,1667.82,0.02625,1667.54,6JUN26,1700,,P,ETH-6JUN26-1700-P
0.299,0.3605,168.0,0.337153,1780660372822,0.0,55.53,1675.64,ETH-28AUG26,1667.82,0.32975,1667.54,28AUG26,2200,,P,ETH-28AUG26-2200-P
5.3365,5.864,0.0,5.589944,1780660372822,0.0,117.6,1669.29,ETH-26JUN26,1667.82,5.60025,1667.54,26JUN26,11000,,P,ETH-26JUN26-11000-P
0.543,0.548,156.0,0.545013,1780660372822,14.0,76.87,1694.77,ETH-25DEC26,1667.82,0.5455,1667.54,25DEC26,800,,C,ETH-25DEC26-800-C
0.014,0.0155,1442.0,0.014659,1780660372822,1.0,62.06,1711.03,ETH-26MAR27,1667.82,0.01475,1667.54,26MAR27,4500,,C,ETH-26MAR27-4500-C
0.0023,0.0028,1373.0,0.002528,1780660372822,605.0,66.41,1694.76,ETH-25DEC26,1667.82,0.00255,1667.54,25DEC26,5500,,C,ETH-25DEC26-5500-C
0.008,0.009,16498.0,0.008229,1780660372822,1083.0,61.56,1694.76,ETH-25DEC26,1667.82,0.0085,1667.54,25DEC26,4000,,C,ETH-25DEC26-4000-C
2.1685,2.4325,134.0,2.294973,1780660372822,0.0,117.59,1669.29,ETH-26JUN26,1667.82,2.3005,1667.54,26JUN26,5500,,P,ETH-26JUN26-5500-P
0.3135,0.319,170.0,0.315745,1780660372822,50.0,66.49,1679.75,ETH-25SEP26,1667.82,0.31625,1667.54,25SEP26,1200,,C,ETH-25SEP26-1200-C
0.033,0.034,50.0,0.033398,1780660372822,50.0,68.18,1667.7075,SYN.ETH-9JUN26,1667.82,0.0335,1667.54,9JUN26,1650,,C,ETH-9JUN26-1650-C
0.2035,0.2075,25352.0,0.205595,1780660372822,1555.0,59.32,1669.37,ETH-26JUN26,1667.82,0.2055,1667.54,26JUN26,2000,,P,ETH-26JUN26-2000-P
0.0004,0.0005,4.0,0.000406,1780660372822,4.0,75.79,1667.82,index_price,1667.82,0.00045,1667.54,8JUN26,1925,,C,ETH-8JUN26-1925-C
0.1435,0.1505,1555.0,0.147557,1780660372822,3.0,60.38,1668.17,ETH-19JUN26,1667.82,0.147,1667.54,19JUN26,1900,,P,ETH-19JUN26-1900-P
0.006,0.007,13063.0,0.006465,1780660372822,3.0,58.85,1679.74,ETH-25SEP26,1667.82,0.0065,1667.54,25SEP26,3000,,C,ETH-25SEP26-3000-C
0.0915,0.0975,2223.0,0.094686,1780660372823,103.0,91.15,1667.82,index_price,1667.82,0.0945,1667.54,6JUN26,1825,,P,ETH-6JUN26-1825-P
1.2905,1.4895,138.0,1.382881,1780660372823,0.0,65.57,1679.74,ETH-25SEP26,1667.82,1.39,1667.54,25SEP26,4000,,P,ETH-25SEP26-4000-P
0.0075,0.0085,2618.0,0.007937,1780660372823,3444.0,94.8,1667.82,index_price,1667.82,0.008,1667.54,6JUN26,1625,,P,ETH-6JUN26-1625-P
2.721,3.034,0.0,2.869877,1780660372823,0.0,78.35,1679.75,ETH-25SEP26,1667.82,2.8775,1667.54,25SEP26,6500,,P,ETH-25SEP26-6500-P
2.744,3.056,60.0,2.894058,1780660372823,0.0,117.59,1669.37,ETH-26JUN26,1667.82,2.9,1667.54,26JUN26,6500,,P,ETH-26JUN26-6500-P
0.013,0.014,799.0,0.013319,1780660372823,974.0,80.51,1667.82,index_price,1667.82,0.0135,1667.54,6JUN26,1675,,C,ETH-6JUN26-1675-C
2.3205,2.6005,0.0,2.453259,1780660372823,0.0,75.37,1679.75,ETH-25SEP26,1667.82,2.4605,1667.54,25SEP26,5800,,P,ETH-25SEP26-5800-P
0.0825,0.0835,298.0,0.083015,1780660372823,309.0,57.83,1672.21,ETH-31JUL26,1667.82,0.083,1667.54,31JUL26,1650,,P,ETH-31JUL26-1650-P
0.053,0.0615,0.0,0.058208,1780660372823,0.0,63.51,1667.7075,SYN.ETH-9JUN26,1667.82,0.05725,1667.54,9JUN26,1750,,P,ETH-9JUN26-1750-P
0.0037,0.004,161.0,0.003813,1780660372823,191.0,111.8,1667.82,index_price,1667.82,0.00385,1667.54,6JUN26,1575,,P,ETH-6JUN26-1575-P
3.896,4.3035,0.0,4.092229,1780660372823,0.0,117.59,1669.37,ETH-26JUN26,1667.82,4.09975,1667.54,26JUN26,8500,,P,ETH-26JUN26-8500-P
0.014,0.0145,3416.0,0.014267,1780660372823,14.0,56.52,1679.74,ETH-25SEP26,1667.82,0.01425,1667.54,25SEP26,2600,,C,ETH-25SEP26-2600-C
0.078,0.0795,34.0,0.079078,1780660372823,38.0,64.85,1711.04,ETH-26MAR27,1667.82,0.07875,1667.54,26MAR27,1200,,P,ETH-26MAR27-1200-P
3.0075,3.3435,0.0,3.167468,1780660372823,0.0,79.19,1679.74,ETH-25SEP26,1667.82,3.1755,1667.54,25SEP26,7000,,P,ETH-25SEP26-7000-P
0.075,0.0765,195.0,0.075562,1780660372823,26.0,55.88,1679.74,ETH-25SEP26,1667.82,0.07575,1667.54,25SEP26,1900,,C,ETH-25SEP26-1900-C
0.069,0.0705,2604.0,0.070333,1780660372823,66.0,58.02,1694.77,ETH-25DEC26,1667.82,0.06975,1667.54,25DEC26,2300,,C,ETH-25DEC26-2300-C
0.0009,0.0011,537.0,0.000966,1780660372823,577.0,66.73,1667.82,index_price,1667.82,0.001,1667.54,8JUN26,1850,,C,ETH-8JUN26-1850-C
0.0365,0.0375,306.0,0.037458,1780660372823,71.0,55.24,1675.74,ETH-28AUG26,1667.82,0.037,1667.54,28AUG26,2050,,C,ETH-28AUG26-2050-C
0.0002,0.0004,16403.0,0.000285,1780660372823,100.0,85.64,1669.37,ETH-26JUN26,1667.82,0.0003,1667.54,26JUN26,2900,,C,ETH-26JUN26-2900-C
,0.0001,1146.0,0.0,1780660372823,0.0,117.59,1669.29,ETH-26JUN26,1667.82,,1667.54,26JUN26,6400,,C,ETH-26JUN26-6400-C
0.0765,0.078,176.0,0.077189,1780660372823,26.0,55.85,1675.64,ETH-28AUG26,1667.82,0.07725,1667.54,28AUG26,1800,,C,ETH-28AUG26-1800-C
,0.0001,6237.0,2.3e-05,1780660372823,0.0,114.84,1669.29,ETH-26JUN26,1667.82,,1667.54,26JUN26,4400,,C,ETH-26JUN26-4400-C
0.0026,0.003,398.0,0.002777,1780660372823,527.0,107.81,1667.82,index_price,1667.82,0.0028,1667.54,8JUN26,1450,,P,ETH-8JUN26-1450-P
0.027,0.028,764.0,0.027503,1780660372823,0.0,60.65,1711.04,ETH-26MAR27,1667.82,0.0275,1667.54,26MAR27,3700,,C,ETH-26MAR27-3700-C
0.01,0.011,1107.0,0.010555,1780660372823,25.0,63.12,1711.04,ETH-26MAR27,1667.82,0.0105,1667.54,26MAR27,5000,,C,ETH-26MAR27-5000-C
0.375,0.394,0.0,0.377746,1780660372823,0.0,64.85,1711.04,ETH-26MAR27,1667.82,0.3845,1667.54,26MAR27,1200,,C,ETH-26MAR27-1200-C
0.005,0.006,1570.0,0.005472,1780660372823,4.0,58.6,1672.21,ETH-31JUL26,1667.82,0.0055,1667.54,31JUL26,2450,,C,ETH-31JUL26-2450-C
0.6105,0.6265,525.0,0.618856,1780660372823,0.0,56.94,1679.74,ETH-25SEP26,1667.82,0.6185,1667.54,25SEP26,2700,,P,ETH-25SEP26-2700-P
3.6085,3.992,0.0,3.792686,1780660372823,0.0,117.59,1669.29,ETH-26JUN26,1667.82,3.80025,1667.54,26JUN26,8000,,P,ETH-26JUN26-8000-P
0.1965,0.2035,1880.0,0.200514,1780660372823,468.0,71.53,1667.88,ETH-12JUN26,1667.82,0.2,1667.54,12JUN26,2000,,P,ETH-12JUN26-2000-P
0.0875,0.089,646.0,0.088694,1780660372823,64.0,59.47,1711.04,ETH-26MAR27,1667.82,0.08825,1667.54,26MAR27,2500,,C,ETH-26MAR27-2500-C
,0.0001,2160.0,1e-06,1780660372823,0.0,117.59,1669.37,ETH-26JUN26,1667.82,,1667.54,26JUN26,5600,,C,ETH-26JUN26-5600-C
0.028,0.029,7672.0,0.028915,1780660372823,4.0,55.81,1679.74,ETH-25SEP26,1667.82,0.0285,1667.54,25SEP26,2300,,C,ETH-25SEP26-2300-C
0.057,0.058,3099.0,0.057646,1780660372823,263.0,61.45,1679.74,ETH-25SEP26,1667.82,0.0575,1667.54,25SEP26,1400,,P,ETH-25SEP26-1400-P
0.1485,0.15,1309.0,0.149361,1780660372823,30.0,61.96,1711.04,ETH-26MAR27,1667.82,0.14925,1667.54,26MAR27,1500,,P,ETH-26MAR27-1500-P
4.76,5.2395,0.0,4.990858,1780660372823,0.0,117.6,1669.37,ETH-26JUN26,1667.82,4.99975,1667.54,26JUN26,10000,,P,ETH-26JUN26-10000-P
0.0018,0.0022,3523.0,0.001971,1780660372823,541.0,68.27,1667.88,ETH-12JUN26,1667.82,0.002,1667.54,12JUN26,1950,,C,ETH-12JUN26-1950-C
0.0055,0.0065,460.0,0.006055,1780660372823,797.0,63.84,1667.81,index_price,1667.82,0.006,1667.54,7JUN26,1725,,C,ETH-7JUN26-1725-C
0.271,0.2745,50.0,0.272696,1780660372823,0.0,61.96,1711.04,ETH-26MAR27,1667.82,0.27275,1667.54,26MAR27,1500,,C,ETH-26MAR27-1500-C
0.1965,0.2995,0.0,0.244305,1780660372823,0.0,152.47,1667.82,index_price,1667.82,0.248,1667.54,6JUN26,2075,,P,ETH-6JUN26-2075-P
0.086,0.1225,0.0,0.09583,1780660372823,0.0,64.2,1667.82,index_price,1667.82,0.10425,1667.54,8JUN26,1825,,P,ETH-8JUN26-1825-P
0.0018,0.0022,2003.0,0.001984,1780660372823,0.0,64.35,1679.75,ETH-25SEP26,1667.82,0.002,1667.54,25SEP26,3800,,C,ETH-25SEP26-3800-C
0.791,0.8025,13314.0,0.797443,1780660372823,0.0,86.49,1669.29,ETH-26JUN26,1667.82,0.79675,1667.54,26JUN26,3000,,P,ETH-26JUN26-3000-P
,0.0002,402.0,0.000125,1780660372823,402.0,105.67,1667.81,index_price,1667.82,,1667.54,7JUN26,2025,,C,ETH-7JUN26-2025-C
0.0545,0.056,611.0,0.054995,1780660372823,764.0,63.97,1668.17,ETH-19JUN26,1667.82,0.05525,1667.54,19JUN26,1650,,C,ETH-19JUN26-1650-C
0.0037,0.0041,17270.0,0.003906,1780660372823,5.0,60.83,1679.75,ETH-25SEP26,1667.82,0.0039,1667.54,25SEP26,3300,,C,ETH-25SEP26-3300-C
0.0006,0.0008,374.0,0.00069,1780660372823,109.0,69.64,1667.81,index_price,1667.82,0.0007,1667.54,7JUN26,1825,,C,ETH-7JUN26-1825-C
0.1175,0.1895,0.0,0.140204,1780660372823,0.0,69.11,1667.7075,SYN.ETH-9JUN26,1667.82,0.1535,1667.54,9JUN26,1900,,P,ETH-9JUN26-1900-P
0.2955,0.3055,1112.0,0.301231,1780660372823,1.0,55.95,1672.21,ETH-31JUL26,1667.82,0.3005,1667.54,31JUL26,2150,,P,ETH-31JUL26-2150-P
0.0385,0.04,1164.0,0.039228,1780660372823,6.0,59.98,1711.04,ETH-26MAR27,1667.82,0.03925,1667.54,26MAR27,3300,,C,ETH-26MAR27-3300-C
0.91,0.9225,2665.0,0.917217,1780660372823,37.0,92.57,1669.29,ETH-26JUN26,1667.82,0.91625,1667.54,26JUN26,3200,,P,ETH-26JUN26-3200-P
0.612,0.6225,550.0,0.618021,1780660372823,224.0,80.53,1669.37,ETH-26JUN26,1667.82,0.61725,1667.54,26JUN26,2700,,P,ETH-26JUN26-2700-P
0.339,0.3525,5550.0,0.346631,1780660372824,1.0,55.75,1679.74,ETH-25SEP26,1667.82,0.34575,1667.54,25SEP26,2200,,P,ETH-25SEP26-2200-P
0.009,0.01,1692.0,0.009908,1780660372824,643.0,64.7,1667.89,ETH-12JUN26,1667.82,0.0095,1667.54,12JUN26,1800,,C,ETH-12JUN26-1800-C
0.899,0.919,1316.0,0.909661,1780660372824,1.0,60.18,1679.74,ETH-25SEP26,1667.82,0.909,1667.54,25SEP26,3200,,P,ETH-25SEP26-3200-P
0.0075,0.0085,531.0,0.007975,1780660372824,1.0,57.42,1675.64,ETH-28AUG26,1667.82,0.008,1667.54,28AUG26,2600,,C,ETH-28AUG26-2600-C
0.11,0.206,0.0,0.154809,1780660372824,0.0,75.79,1667.82,index_price,1667.82,0.158,1667.54,8JUN26,1925,,P,ETH-8JUN26-1925-P
0.0515,0.053,1347.0,0.052313,1780660372824,35.0,59.58,1711.04,ETH-26MAR27,1667.82,0.05225,1667.54,26MAR27,3000,,C,ETH-26MAR27-3000-C
0.1385,0.145,3990.0,0.142421,1780660372824,583.0,65.92,1667.88,ETH-12JUN26,1667.82,0.14175,1667.54,12JUN26,1900,,P,ETH-12JUN26-1900-P
0.0295,0.031,11597.0,0.030145,1780660372824,322.0,66.49,1679.74,ETH-25SEP26,1667.82,0.03025,1667.54,25SEP26,1200,,P,ETH-25SEP26-1200-P
0.248,0.253,2559.0,0.249183,1780660372824,1.0,58.31,1694.77,ETH-25DEC26,1667.82,0.2505,1667.54,25DEC26,1900,,P,ETH-25DEC26-1900-P
0.007,0.008,70549.0,0.007424,1780660372824,1751.0,59.32,1669.37,ETH-26JUN26,1667.82,0.0075,1667.54,26JUN26,2000,,C,ETH-26JUN26-2000-C
,0.0002,1165.0,0.000105,1780660372824,0.0,79.19,1679.75,ETH-25SEP26,1667.82,,1667.54,25SEP26,7200,,C,ETH-25SEP26-7200-C
0.1485,0.151,50.0,0.149534,1780660372824,50.0,58.88,1675.64,ETH-28AUG26,1667.82,0.14975,1667.54,28AUG26,1550,,C,ETH-28AUG26-1550-C
0.359,0.442,0.0,0.379782,1780660372824,0.0,75.59,1668.16,ETH-19JUN26,1667.82,0.4005,1667.54,19JUN26,2300,,P,ETH-19JUN26-2300-P
0.2115,0.2835,0.0,0.229495,1780660372824,0.0,106.05,1667.81,index_price,1667.82,0.2475,1667.54,7JUN26,2050,,P,ETH-7JUN26-2050-P
0.0028,0.0032,7057.0,0.003017,1780660372824,7439.0,112.86,1667.7075,SYN.ETH-9JUN26,1667.82,0.003,1667.54,9JUN26,1400,,P,ETH-9JUN26-1400-P
0.0015,0.0018,1453.0,0.001621,1780660372824,256.0,68.25,1668.17,ETH-19JUN26,1667.82,0.00165,1667.54,19JUN26,2150,,C,ETH-19JUN26-2150-C
0.0021,0.0026,273.0,0.002355,1780660372824,0.0,62.93,1675.64,ETH-28AUG26,1667.82,0.00235,1667.54,28AUG26,3200,,C,ETH-28AUG26-3200-C
0.1225,0.1275,904.0,0.124514,1780660372824,1.0,104.4,1667.82,index_price,1667.82,0.125,1667.54,6JUN26,1875,,P,ETH-6JUN26-1875-P
1.65,1.871,3442.0,1.755807,1780660372824,0.0,114.88,1669.37,ETH-26JUN26,1667.82,1.7605,1667.54,26JUN26,4600,,P,ETH-26JUN26-4600-P
,0.0003,1424.0,0.000184,1780660372824,0.0,78.35,1679.74,ETH-25SEP26,1667.82,,1667.54,25SEP26,6600,,C,ETH-25SEP26-6600-C
0.003,0.0033,16115.0,0.003144,1780660372824,289.0,119.29,1669.37,ETH-26JUN26,1667.82,0.00315,1667.54,26JUN26,1000,,P,ETH-26JUN26-1000-P
0.024,0.0255,33588.0,0.024774,1780660372824,23505.0,69.64,1669.29,ETH-26JUN26,1667.82,0.02475,1667.54,26JUN26,1500,,P,ETH-26JUN26-1500-P
0.3165,0.3225,302.0,0.319528,1780660372824,251.0,86.06,1667.89,ETH-12JUN26,1667.82,0.3195,1667.54,12JUN26,2200,,P,ETH-12JUN26-2200-P
2.226,2.4945,0.0,2.354881,1780660372824,0.0,117.59,1669.29,ETH-26JUN26,1667.82,2.36025,1667.54,26JUN26,5600,,P,ETH-26JUN26-5600-P
0.038,0.042,416.0,0.040566,1780660372824,407.0,63.84,1667.81,index_price,1667.82,0.04,1667.54,7JUN26,1725,,P,ETH-7JUN26-1725-P
0.0008,0.0012,41.0,0.000977,1780660372824,41.0,69.11,1667.7075,SYN.ETH-9JUN26,1667.82,0.001,1667.54,9JUN26,1900,,C,ETH-9JUN26-1900-C
0.047,0.048,747.0,0.047392,1780660372824,0.0,59.69,1711.04,ETH-26MAR27,1667.82,0.0475,1667.54,26MAR27,3100,,C,ETH-26MAR27-3100-C
0.064,0.0655,450.0,0.064513,1780660372824,450.0,61.87,1669.29,ETH-26JUN26,1667.82,0.06475,1667.54,26JUN26,1650,,C,ETH-26JUN26-1650-C
0.01,0.011,942.0,0.010466,1780660372824,28.0,56.33,1672.2,ETH-31JUL26,1667.82,0.0105,1667.54,31JUL26,2250,,C,ETH-31JUL26-2250-C
,0.0001,37620.0,0.0,1780660372824,0.0,117.59,1669.29,ETH-26JUN26,1667.82,,1667.54,26JUN26,6500,,C,ETH-26JUN26-6500-C
0.0065,0.0075,1097.0,0.007042,1780660372824,1077.0,85.91,1672.21,ETH-31JUL26,1667.82,0.007,1667.54,31JUL26,1000,,P,ETH-31JUL26-1000-P
0.444,0.4585,2075.0,0.451416,1780660372824,15.0,55.88,1679.75,ETH-25SEP26,1667.82,0.45125,1667.54,25SEP26,2400,,P,ETH-25SEP26-2400-P
0.7185,0.82,43.0,0.734253,1780660372824,0.0,58.24,1679.74,ETH-25SEP26,1667.82,0.76925,1667.54,25SEP26,2900,,P,ETH-25SEP26-2900-P
,0.0001,877.0,4e-06,1780660372824,35.0,93.61,1679.74,ETH-25SEP26,1667.82,,1667.54,25SEP26,15000,,C,ETH-25SEP26-15000-C
0.2725,0.332,83.0,0.3111,1780660372824,0.0,55.4,1675.64,ETH-28AUG26,1667.82,0.30225,1667.54,28AUG26,2150,,P,ETH-28AUG26-2150-P
0.0002,0.0006,1878.0,0.000357,1780660372824,0.0,74.2,1679.74,ETH-25SEP26,1667.82,0.0004,1667.54,25SEP26,5600,,C,ETH-25SEP26-5600-C
7.0645,7.736,0.0,7.387201,1780660372824,0.0,117.62,1669.29,ETH-26JUN26,1667.82,7.40025,1667.54,26JUN26,14000,,P,ETH-26JUN26-14000-P
0.0095,0.0105,227.0,0.010124,1780660372824,267.0,63.83,1667.81,index_price,1667.82,0.01,1667.54,7JUN26,1700,,C,ETH-7JUN26-1700-C
0.0004,0.0006,1696.0,0.000477,1780660372824,1978.0,84.34,1667.82,index_price,1667.82,0.0005,1667.54,6JUN26,1800,,C,ETH-6JUN26-1800-C
0.0705,0.072,1348.0,0.07152,1780660372824,250.0,59.47,1711.04,ETH-26MAR27,1667.82,0.07125,1667.54,26MAR27,2700,,C,ETH-26MAR27-2700-C
0.043,0.05,76.0,0.046021,1780660372824,25.0,103.28,1667.82,index_price,1667.82,0.0465,1667.54,6JUN26,1600,,C,ETH-6JUN26-1600-C
0.7835,0.801,6399.0,0.792466,1780660372824,0.0,58.85,1679.74,ETH-25SEP26,1667.82,0.79225,1667.54,25SEP26,3000,,P,ETH-25SEP26-3000-P
1.0475,1.2475,93.0,1.136594,1780660372824,0.0,60.24,1694.76,ETH-25DEC26,1667.82,1.1475,1667.54,25DEC26,3600,,P,ETH-25DEC26-3600-P
0.0005,0.0008,3857.0,0.00057,1780660372824,0.0,71.24,1679.75,ETH-25SEP26,1667.82,0.00065,1667.54,25SEP26,5000,,C,ETH-25SEP26-5000-C
0.132,0.1355,8322.0,0.133791,1780660372824,401.0,55.95,1672.21,ETH-31JUL26,1667.82,0.13375,1667.54,31JUL26,1800,,P,ETH-31JUL26-1800-P
0.336,0.423,11.0,0.36379,1780660372825,0.0,55.73,1675.64,ETH-28AUG26,1667.82,0.3795,1667.54,28AUG26,2250,,P,ETH-28AUG26-2250-P
0.012,0.013,2204.0,0.0124,1780660372825,644.0,60.24,1694.77,ETH-25DEC26,1667.82,0.0125,1667.54,25DEC26,3600,,C,ETH-25DEC26-3600-C
0.063,0.069,721.0,0.066315,1780660372825,719.0,64.07,1667.81,index_price,1667.82,0.066,1667.54,7JUN26,1775,,P,ETH-7JUN26-1775-P
0.015,0.016,1119.0,0.015616,1780660372825,494.0,79.37,1667.89,ETH-12JUN26,1667.82,0.0155,1667.54,12JUN26,1550,,P,ETH-12JUN26-1550-P
0.0003,0.0007,1919.0,0.000394,1780660372825,0.0,73.48,1694.77,ETH-25DEC26,1667.82,0.0005,1667.54,25DEC26,9000,,C,ETH-25DEC26-9000-C
0.011,0.012,3565.0,0.011455,1780660372825,6.0,56.94,1679.74,ETH-25SEP26,1667.82,0.0115,1667.54,25SEP26,2700,,C,ETH-25SEP26-2700-C
0.039,0.0405,736.0,0.039567,1780660372825,767.0,61.96,1668.16,ETH-19JUN26,1667.82,0.03975,1667.54,19JUN26,1700,,C,ETH-19JUN26-1700-C
,0.0006,2795.0,1e-05,1780660372825,0.0,85.89,1679.75,ETH-25SEP26,1667.82,,1667.54,25SEP26,11000,,C,ETH-25SEP26-11000-C
0.0835,0.0905,50.0,0.086248,1780660372825,0.0,79.37,1667.88,ETH-12JUN26,1667.82,0.087,1667.54,12JUN26,1550,,C,ETH-12JUN26-1550-C
0.1985,0.206,1363.0,0.202906,1780660372825,30.0,62.1,1668.16,ETH-19JUN26,1667.82,0.20225,1667.54,19JUN26,2000,,P,ETH-19JUN26-2000-P
0.279,0.2895,425.0,0.285753,1780660372825,3.0,55.37,1675.74,ETH-28AUG26,1667.82,0.28425,1667.54,28AUG26,2100,,P,ETH-28AUG26-2100-P
4.725,5.202,0.0,4.953344,1780660372825,0.0,79.57,1679.74,ETH-25SEP26,1667.82,4.9635,1667.54,25SEP26,10000,,P,ETH-25SEP26-10000-P
0.08,0.082,50773.0,0.081664,1780660372825,16.0,58.03,1694.77,ETH-25DEC26,1667.82,0.081,1667.54,25DEC26,2200,,C,ETH-25DEC26-2200-C
0.034,0.0355,10.0,0.034667,1780660372825,10.0,67.24,1667.89,ETH-12JUN26,1667.82,0.03475,1667.54,12JUN26,1675,,C,ETH-12JUN26-1675-C
0.3585,0.3705,369.0,0.364953,1780660372825,85.0,59.59,1711.04,ETH-26MAR27,1667.82,0.3645,1667.54,26MAR27,2100,,P,ETH-26MAR27-2100-P
0.0145,0.0155,1164.0,0.015029,1780660372825,1135.0,73.69,1672.21,ETH-31JUL26,1667.82,0.015,1667.54,31JUL26,1200,,P,ETH-31JUL26-1200-P
0.0005,0.0009,1449.0,0.000677,1780660372825,0.0,71.18,1672.2,ETH-31JUL26,1667.82,0.0007,1667.54,31JUL26,3400,,C,ETH-31JUL26-3400-C
0.152,0.221,238.0,0.169383,1780660372825,3.0,120.97,1667.82,index_price,1667.82,0.1865,1667.54,6JUN26,1950,,P,ETH-6JUN26-1950-P
5.9125,6.488,55.0,6.18903,1780660372825,0.0,117.6,1669.37,ETH-26JUN26,1667.82,6.20025,1667.54,26JUN26,12000,,P,ETH-26JUN26-12000-P
0.0145,0.0155,9131.0,0.015145,1780660372825,1361.0,76.88,1669.37,ETH-26JUN26,1667.82,0.015,1667.54,26JUN26,1400,,P,ETH-26JUN26-1400-P
1.2725,1.4855,223.0,1.368445,1780660372825,0.0,61.56,1694.77,ETH-25DEC26,1667.82,1.379,1667.54,25DEC26,4000,,P,ETH-25DEC26-4000-P
2.3735,2.677,0.0,2.512598,1780660372825,0.0,65.03,1711.04,ETH-26MAR27,1667.82,2.52525,1667.54,26MAR27,6000,,P,ETH-26MAR27-6000-P
0.834,0.913,0.0,0.851,1780660372825,0.0,59.59,1679.74,ETH-25SEP26,1667.82,0.8735,1667.54,25SEP26,3100,,P,ETH-25SEP26-3100-P
0.1995,0.2025,407.0,0.200994,1780660372825,6.0,59.87,1694.77,ETH-25DEC26,1667.82,0.201,1667.54,25DEC26,1600,,C,ETH-25DEC26-1600-C
0.7695,0.977,99.0,0.859166,1780660372825,0.0,59.69,1711.04,ETH-26MAR27,1667.82,0.87325,1667.54,26MAR27,3100,,P,ETH-26MAR27-3100-P
0.7835,0.938,0.0,0.855194,1780660372825,0.0,67.61,1672.21,ETH-31JUL26,1667.82,0.86075,1667.54,31JUL26,3100,,P,ETH-31JUL26-3100-P
0.062,0.068,964.0,0.065206,1780660372825,714.0,79.37,1667.82,index_price,1667.82,0.065,1667.54,6JUN26,1775,,P,ETH-6JUN26-1775-P
0.0001,0.0005,1132.0,0.00024,1780660372825,0.0,80.35,1672.2,ETH-31JUL26,1667.82,0.0003,1667.54,31JUL26,4200,,C,ETH-31JUL26-4200-C
,0.0001,1739.0,5.1e-05,1780660372825,1.0,112.71,1667.81,index_price,1667.82,,1667.54,7JUN26,2100,,C,ETH-7JUN26-2100-C
6.4425,7.0625,0.0,6.739343,1780660372825,0.0,88.43,1679.74,ETH-25SEP26,1667.82,6.7525,1667.54,25SEP26,13000,,P,ETH-25SEP26-13000-P
1.16,1.3665,26.0,1.25217,1780660372825,0.0,60.81,1694.77,ETH-25DEC26,1667.82,1.26325,1667.54,25DEC26,3800,,P,ETH-25DEC26-3800-P
0.0315,0.033,856.0,0.032443,1780660372825,1650.0,69.14,1667.89,ETH-12JUN26,1667.82,0.03225,1667.54,12JUN26,1650,,P,ETH-12JUN26-1650-P
0.081,0.0825,59.0,0.08154,1780660372825,9.0,57.1,1672.21,ETH-31JUL26,1667.82,0.08175,1667.54,31JUL26,1700,,C,ETH-31JUL26-1700-C
0.0024,0.0026,759.0,0.002634,1780660372825,716.0,106.58,1667.81,index_price,1667.82,0.0025,1667.54,7JUN26,1500,,P,ETH-7JUN26-1500-P
,0.0001,1670.0,7.6e-05,1780660372825,1656.0,106.05,1667.81,index_price,1667.82,,1667.54,7JUN26,2050,,C,ETH-7JUN26-2050-C
0.0105,0.0115,2825.0,0.011,1780660372825,2954.0,84.34,1668.16,ETH-19JUN26,1667.82,0.011,1667.54,19JUN26,1400,,P,ETH-19JUN26-1400-P
0.135,0.1435,50.0,0.138759,1780660372825,50.0,93.09,1667.88,ETH-12JUN26,1667.82,0.13925,1667.54,12JUN26,1450,,C,ETH-12JUN26-1450-C
0.2215,0.2275,51.0,0.224178,1780660372825,1.0,61.45,1679.74,ETH-25SEP26,1667.82,0.2245,1667.54,25SEP26,1400,,C,ETH-25SEP26-1400-C
0.8445,0.9555,0.0,0.912153,1780660372825,0.0,62.93,1675.64,ETH-28AUG26,1667.82,0.9,1667.54,28AUG26,3200,,P,ETH-28AUG26-3200-P
0.5725,0.6185,52.0,0.587915,1780660372825,0.0,60.94,1672.2,ETH-31JUL26,1667.82,0.5955,1667.54,31JUL26,2650,,P,ETH-31JUL26-2650-P
0.0075,0.0085,1112.0,0.00792,1780660372825,1.0,64.24,1711.03,ETH-26MAR27,1667.82,0.008,1667.54,26MAR27,5500,,C,ETH-26MAR27-5500-C
1.0725,1.175,547.0,1.145734,1780660372825,0.0,62.89,1679.75,ETH-25SEP26,1667.82,1.12375,1667.54,25SEP26,3600,,P,ETH-25SEP26-3600-P
0.137,0.1425,511.0,0.139464,1780660372825,0.0,110.88,1667.82,index_price,1667.82,0.13975,1667.54,6JUN26,1900,,P,ETH-6JUN26-1900-P
,0.0001,1892.0,9.1e-05,1780660372825,1484.0,115.71,1667.82,index_price,1667.82,,1667.54,6JUN26,1925,,C,ETH-6JUN26-1925-C
0.144,0.146,4334.0,0.145081,1780660372825,305.0,59.87,1694.76,ETH-25DEC26,1667.82,0.145,1667.54,25DEC26,1600,,P,ETH-25DEC26-1600-P
0.018,0.019,3479.0,0.01857,1780660372825,2527.0,67.03,1667.82,index_price,1667.82,0.0185,1667.54,8JUN26,1650,,P,ETH-8JUN26-1650-P
0.117,0.1245,1182.0,0.121934,1780660372825,298.0,60.3,1668.16,ETH-19JUN26,1667.82,0.12075,1667.54,19JUN26,1850,,P,ETH-19JUN26-1850-P
0.0002,0.0005,1670.0,0.000269,1780660372825,0.0,78.48,1694.77,ETH-25DEC26,1667.82,0.00035,1667.54,25DEC26,11000,,C,ETH-25DEC26-11000-C
0.786,0.937,0.0,0.857312,1780660372825,0.0,88.76,1669.29,ETH-26JUN26,1667.82,0.8615,1667.54,26JUN26,3100,,P,ETH-26JUN26-3100-P
0.434,0.443,6441.0,0.438945,1780660372825,0.0,70.71,1669.29,ETH-26JUN26,1667.82,0.4385,1667.54,26JUN26,2400,,P,ETH-26JUN26-2400-P
,0.0001,1768.0,0.0,1780660372825,0.0,117.59,1669.37,ETH-26JUN26,1667.82,,1667.54,26JUN26,8000,,C,ETH-26JUN26-8000-C
0.033,0.0425,121.0,0.036129,1780660372825,72.0,75.1,1667.81,index_price,1667.82,0.03775,1667.54,7JUN26,1625,,C,ETH-7JUN26-1625-C
0.001,0.0014,741.0,0.001182,1780660372825,0.0,67.61,1672.2,ETH-31JUL26,1667.82,0.0012,1667.54,31JUL26,3100,,C,ETH-31JUL26-3100-C
3.0325,3.368,0.0,3.193601,1780660372825,0.0,117.59,1669.37,ETH-26JUN26,1667.82,3.20025,1667.54,26JUN26,7000,,P,ETH-26JUN26-7000-P
0.0085,0.0095,267.0,0.009098,1780660372825,388.0,62.06,1667.82,index_price,1667.82,0.009,1667.54,8JUN26,1725,,C,ETH-8JUN26-1725-C
0.0135,0.0145,508.0,0.013941,1780660372825,597.0,70.9,1667.82,index_price,1667.82,0.014,1667.54,8JUN26,1625,,P,ETH-8JUN26-1625-P
0.0007,0.001,437.0,0.000829,1780660372825,562.0,79.37,1667.82,index_price,1667.82,0.00085,1667.54,6JUN26,1775,,C,ETH-6JUN26-1775-C
0.5145,0.5635,112.0,0.529009,1780660372825,0.0,59.47,1672.2,ETH-31JUL26,1667.82,0.539,1667.54,31JUL26,2550,,P,ETH-31JUL26-2550-P
0.063,0.064,35.0,0.063526,1780660372825,21.0,59.83,1675.64,ETH-28AUG26,1667.82,0.0635,1667.54,28AUG26,1500,,P,ETH-28AUG26-1500-P
0.0525,0.057,275.0,0.055254,1780660372825,349.0,61.98,1667.82,index_price,1667.82,0.05475,1667.54,8JUN26,1750,,P,ETH-8JUN26-1750-P
,0.0001,690.0,3.2e-05,1780660372825,0.0,160.01,1667.82,index_price,1667.82,,1667.54,6JUN26,2100,,C,ETH-6JUN26-2100-C
0.067,0.0685,16614.0,0.067632,1780660372825,8177.0,60.28,1669.29,ETH-26JUN26,1667.82,0.06775,1667.54,26JUN26,1700,,P,ETH-26JUN26-1700-P
1.1935,1.3595,1241.0,1.276612,1780660372825,10.0,109.15,1669.29,ETH-26JUN26,1667.82,1.2765,1667.54,26JUN26,3800,,P,ETH-26JUN26-3800-P
0.031,0.0325,418.0,0.032448,1780660372825,115.0,55.37,1675.74,ETH-28AUG26,1667.82,0.03175,1667.54,28AUG26,2100,,C,ETH-28AUG26-2100-C
,0.0006,1518.0,1.5e-05,1780660372825,0.0,79.21,1679.74,ETH-25SEP26,1667.82,,1667.54,25SEP26,9000,,C,ETH-25SEP26-9000-C
,0.0001,1926.0,3.2e-05,1780660372825,210.0,137.02,1667.82,index_price,1667.82,,1667.54,6JUN26,2025,,C,ETH-6JUN26-2025-C
,0.0001,6547.0,0.0,1780660372825,0.0,117.59,1669.29,ETH-26JUN26,1667.82,,1667.54,26JUN26,6000,,C,ETH-26JUN26-6000-C
0.0425,0.044,583.0,0.043137,1780660372825,43.0,59.86,1711.04,ETH-26MAR27,1667.82,0.04325,1667.54,26MAR27,3200,,C,ETH-26MAR27-3200-C
0.0875,0.0955,50.0,0.090573,1780660372825,50.0,90.87,1667.82,index_price,1667.82,0.0915,1667.54,8JUN26,1525,,C,ETH-8JUN26-1525-C
0.0565,0.058,246.0,0.057268,1780660372825,340.0,55.95,1672.21,ETH-31JUL26,1667.82,0.05725,1667.54,31JUL26,1800,,C,ETH-31JUL26-1800-C
0.0095,0.0105,3117.0,0.009965,1780660372825,0.0,60.81,1694.77,ETH-25DEC26,1667.82,0.01,1667.54,25DEC26,3800,,C,ETH-25DEC26-3800-C
0.0005,0.001,1805.0,0.000715,1780660372825,0.0,70.56,1679.75,ETH-25SEP26,1667.82,0.00075,1667.54,25SEP26,4800,,C,ETH-25SEP26-4800-C
0.0975,0.0995,293.0,0.098855,1780660372825,84.0,59.47,1711.04,ETH-26MAR27,1667.82,0.0985,1667.54,26MAR27,2400,,C,ETH-26MAR27-2400-C
1.2575,1.489,0.0,1.359236,1780660372825,0.0,61.17,1711.04,ETH-26MAR27,1667.82,1.37325,1667.54,26MAR27,4000,,P,ETH-26MAR27-4000-P
0.269,0.377,0.0,0.319237,1780660372825,0.0,170.01,1667.82,index_price,1667.82,0.323,1667.54,6JUN26,2200,,P,ETH-6JUN26-2200-P
0.257,0.2625,1208.0,0.259831,1780660372825,382.0,78.48,1667.89,ETH-12JUN26,1667.82,0.25975,1667.54,12JUN26,2100,,P,ETH-12JUN26-2100-P
0.0215,0.023,142.0,0.022293,1780660372825,143.0,68.58,1675.74,ETH-28AUG26,1667.82,0.02225,1667.54,28AUG26,1200,,P,ETH-28AUG26-1200-P
0.0015,0.0018,12767.0,0.001546,1780660372825,13.0,65.57,1679.74,ETH-25SEP26,1667.82,0.00165,1667.54,25SEP26,4000,,C,ETH-25SEP26-4000-C
0.046,0.047,3105.0,0.046884,1780660372825,0.0,55.67,1679.74,ETH-25SEP26,1667.82,0.0465,1667.54,25SEP26,2100,,C,ETH-25SEP26-2100-C
0.0135,0.0145,5611.0,0.014419,1780660372825,2895.0,58.77,1669.37,ETH-26JUN26,1667.82,0.014,1667.54,26JUN26,1900,,C,ETH-26JUN26-1900-C
0.515,0.5365,1087.0,0.527277,1780660372825,2.0,58.03,1694.77,ETH-25DEC26,1667.82,0.52575,1667.54,25DEC26,2500,,P,ETH-25DEC26-2500-P
0.0007,0.001,73314.0,0.000835,1780660372825,128.0,74.1,1669.29,ETH-26JUN26,1667.82,0.00085,1667.54,26JUN26,2500,,C,ETH-26JUN26-2500-C
0.0011,0.0013,16854.0,0.001139,1780660372825,28.0,70.71,1669.29,ETH-26JUN26,1667.82,0.0012,1667.54,26JUN26,2400,,C,ETH-26JUN26-2400-C
0.269,0.2785,765.0,0.274743,1780660372825,4.0,55.95,1672.21,ETH-31JUL26,1667.82,0.27375,1667.54,31JUL26,2100,,P,ETH-31JUL26-2100-P
0.0003,0.0005,1009.0,0.000387,1780660372825,85.0,78.82,1667.81,index_price,1667.82,0.0004,1667.54,7JUN26,1875,,C,ETH-7JUN26-1875-C
1.59,1.841,0.0,1.702104,1780660372825,0.0,62.25,1711.04,ETH-26MAR27,1667.82,1.7155,1667.54,26MAR27,4600,,P,ETH-26MAR27-4600-P
1.0925,1.3155,0.0,1.189944,1780660372825,0.0,60.65,1711.04,ETH-26MAR27,1667.82,1.204,1667.54,26MAR27,3700,,P,ETH-26MAR27-3700-P
0.4,0.4155,964.0,0.408732,1780660372825,7.0,59.47,1711.04,ETH-26MAR27,1667.82,0.40775,1667.54,26MAR27,2200,,P,ETH-26MAR27-2200-P
0.172,0.1745,73.0,0.173255,1780660372825,2.0,59.16,1694.77,ETH-25DEC26,1667.82,0.17325,1667.54,25DEC26,1700,,C,ETH-25DEC26-1700-C
0.084,0.0865,0.0,0.084944,1780660372825,0.0,58.99,1669.37,ETH-26JUN26,1667.82,0.08525,1667.54,26JUN26,1750,,P,ETH-26JUN26-1750-P
0.0002,0.0005,3181.0,0.000246,1780660372825,0.0,75.37,1679.75,ETH-25SEP26,1667.82,0.00035,1667.54,25SEP26,6000,,C,ETH-25SEP26-6000-C
0.1,0.1015,31.0,0.100974,1780660372825,70.0,57.33,1675.74,ETH-28AUG26,1667.82,0.10075,1667.54,28AUG26,1650,,P,ETH-28AUG26-1650-P
,0.0001,282.0,1e-06,1780660372825,0.0,170.01,1667.82,index_price,1667.82,,1667.54,6JUN26,2300,,C,ETH-6JUN26-2300-C
0.894,0.92,251.0,0.90809,1780660372825,0.0,59.15,1694.76,ETH-25DEC26,1667.82,0.907,1667.54,25DEC26,3200,,P,ETH-25DEC26-3200-P
0.0003,0.0007,1174.0,0.000396,1780660372825,0.0,72.94,1679.74,ETH-25SEP26,1667.82,0.0005,1667.54,25SEP26,5400,,C,ETH-25SEP26-5400-C
0.0002,0.0005,1691.0,0.000322,1780660372825,0.0,76.14,1694.77,ETH-25DEC26,1667.82,0.00035,1667.54,25DEC26,10000,,C,ETH-25DEC26-10000-C
0.032,0.033,321.0,0.032982,1780660372825,144.0,55.56,1672.21,ETH-31JUL26,1667.82,0.0325,1667.54,31JUL26,1950,,C,ETH-31JUL26-1950-C
0.0975,0.099,949.0,0.098256,1780660372825,484.0,57.1,1672.21,ETH-31JUL26,1667.82,0.09825,1667.54,31JUL26,1700,,P,ETH-31JUL26-1700-P
0.101,0.11,50.0,0.104498,1780660372825,50.0,95.87,1667.82,index_price,1667.82,0.1055,1667.54,8JUN26,1500,,C,ETH-8JUN26-1500-C
0.0031,0.0036,23.0,0.003359,1780660372825,0.0,60.99,1675.64,ETH-28AUG26,1667.82,0.00335,1667.54,28AUG26,3000,,C,ETH-28AUG26-3000-C
1.748,1.9825,110.0,1.858317,1780660372825,0.0,70.56,1679.74,ETH-25SEP26,1667.82,1.86525,1667.54,25SEP26,4800,,P,ETH-25SEP26-4800-P
0.027,0.028,37.0,0.027954,1780660372825,34.0,55.4,1675.74,ETH-28AUG26,1667.82,0.0275,1667.54,28AUG26,2150,,C,ETH-28AUG26-2150-C
2.1215,2.394,0.0,2.247825,1780660372825,0.0,66.41,1694.77,ETH-25DEC26,1667.82,2.25775,1667.54,25DEC26,5500,,P,ETH-25DEC26-5500-P
0.001,0.0015,2458.0,0.001239,1780660372825,6.0,66.82,1679.75,ETH-25SEP26,1667.82,0.00125,1667.54,25SEP26,4200,,C,ETH-25SEP26-4200-C
0.4885,0.577,0.0,0.502397,1780660372825,0.0,56.8,1675.74,ETH-28AUG26,1667.82,0.53275,1667.54,28AUG26,2500,,P,ETH-28AUG26-2500-P
0.013,0.0145,31.0,0.013776,1780660372826,31.0,74.37,1667.7075,SYN.ETH-9JUN26,1667.82,0.01375,1667.54,9JUN26,1600,,P,ETH-9JUN26-1600-P
0.012,0.013,152.0,0.012869,1780660372826,152.0,63.87,1667.7075,SYN.ETH-9JUN26,1667.82,0.0125,1667.54,9JUN26,1725,,C,ETH-9JUN26-1725-C
2.917,3.243,1.0,3.073783,1780660372826,0.0,117.59,1669.37,ETH-26JUN26,1667.82,3.08,1667.54,26JUN26,6800,,P,ETH-26JUN26-6800-P
0.0026,0.0029,675.0,0.002722,1780660372826,675.0,120.55,1667.82,index_price,1667.82,0.00275,1667.54,6JUN26,1550,,P,ETH-6JUN26-1550-P
0.169,0.173,95.0,0.171485,1780660372826,78.0,55.81,1675.74,ETH-28AUG26,1667.82,0.171,1667.54,28AUG26,1850,,P,ETH-28AUG26-1850-P
2.0935,2.3775,0.0,2.222359,1780660372826,0.0,64.24,1711.04,ETH-26MAR27,1667.82,2.2355,1667.54,26MAR27,5500,,P,ETH-26MAR27-5500-P
0.1225,0.1555,0.0,0.128206,1780660372826,0.0,58.69,1669.29,ETH-26JUN26,1667.82,0.139,1667.54,26JUN26,1850,,P,ETH-26JUN26-1850-P
0.302,0.3065,54.0,0.304627,1780660372826,0.0,62.73,1711.04,ETH-26MAR27,1667.82,0.30425,1667.54,26MAR27,1400,,C,ETH-26MAR27-1400-C
0.376,0.3825,24.0,0.379306,1780660372826,0.0,91.68,1667.88,ETH-12JUN26,1667.82,0.37925,1667.54,12JUN26,2300,,P,ETH-12JUN26-2300-P
0.0285,0.03,546.0,0.029082,1780660372826,628.0,67.03,1667.82,index_price,1667.82,0.02925,1667.54,8JUN26,1650,,C,ETH-8JUN26-1650-C
0.077,0.083,690.0,0.080566,1780660372826,10.0,66.39,1667.81,index_price,1667.82,0.08,1667.54,7JUN26,1800,,P,ETH-7JUN26-1800-P
,0.0002,8037.0,8.5e-05,1780660372826,9.0,102.69,1669.29,ETH-26JUN26,1667.82,,1667.54,26JUN26,3600,,C,ETH-26JUN26-3600-C
,0.0001,1152.0,7e-06,1780660372826,0.0,115.05,1669.29,ETH-26JUN26,1667.82,,1667.54,26JUN26,4800,,C,ETH-26JUN26-4800-C
0.0037,0.0041,1990.0,0.003865,1780660372826,689.0,62.1,1668.17,ETH-19JUN26,1667.82,0.0039,1667.54,19JUN26,2000,,C,ETH-19JUN26-2000-C
0.111,0.1175,3006.0,0.115047,1780660372826,295.0,65.56,1667.88,ETH-12JUN26,1667.82,0.11425,1667.54,12JUN26,1850,,P,ETH-12JUN26-1850-P
0.0385,0.0415,317.0,0.039444,1780660372826,267.0,70.9,1667.82,index_price,1667.82,0.04,1667.54,8JUN26,1625,,C,ETH-8JUN26-1625-C
0.3785,0.3895,2742.0,0.384491,1780660372826,9.0,57.01,1672.2,ETH-31JUL26,1667.82,0.384,1667.54,31JUL26,2300,,P,ETH-31JUL26-2300-P
0.177,0.1795,907.0,0.178789,1780660372826,2.0,61.32,1711.04,ETH-26MAR27,1667.82,0.17825,1667.54,26MAR27,1600,,P,ETH-26MAR27-1600-P
1.074,1.2485,2590.0,1.156794,1780660372826,20.0,102.69,1669.29,ETH-26JUN26,1667.82,1.16125,1667.54,26JUN26,3600,,P,ETH-26JUN26-3600-P
1.5925,1.809,403.0,1.695903,1780660372826,0.0,114.85,1669.29,ETH-26JUN26,1667.82,1.70075,1667.54,26JUN26,4500,,P,ETH-26JUN26-4500-P
0.051,0.0525,21378.0,0.052142,1780660372826,33.0,58.03,1694.77,ETH-25DEC26,1667.82,0.05175,1667.54,25DEC26,2500,,C,ETH-25DEC26-2500-C
0.006,0.0065,5669.0,0.006342,1780660372826,0.0,57.91,1672.21,ETH-31JUL26,1667.82,0.00625,1667.54,31JUL26,2400,,C,ETH-31JUL26-2400-C
0.0815,0.1745,116.0,0.124855,1780660372826,0.0,78.82,1667.81,index_price,1667.82,0.128,1667.54,7JUN26,1875,,P,ETH-7JUN26-1875-P
0.4905,0.5095,360.0,0.501519,1780660372826,11.0,59.47,1711.04,ETH-26MAR27,1667.82,0.5,1667.54,26MAR27,2400,,P,ETH-26MAR27-2400-P
0.015,0.016,263.0,0.015491,1780660372826,21.0,55.85,1675.74,ETH-28AUG26,1667.82,0.0155,1667.54,28AUG26,2350,,C,ETH-28AUG26-2350-C
0.074,0.075,100.0,0.074592,1780660372826,100.0,58.88,1675.64,ETH-28AUG26,1667.82,0.0745,1667.54,28AUG26,1550,,P,ETH-28AUG26-1550-P
0.407,0.418,471.0,0.412931,1780660372826,12.0,57.38,1672.21,ETH-31JUL26,1667.82,0.4125,1667.54,31JUL26,2350,,P,ETH-31JUL26-2350-P
0.1735,0.1775,2519.0,0.176251,1780660372826,202.0,55.71,1672.2,ETH-31JUL26,1667.82,0.1755,1667.54,31JUL26,1900,,P,ETH-31JUL26-1900-P
2.687,2.9935,31.0,2.834149,1780660372826,0.0,117.59,1669.29,ETH-26JUN26,1667.82,2.84025,1667.54,26JUN26,6400,,P,ETH-26JUN26-6400-P
0.006,0.007,11367.0,0.006532,1780660372826,801.0,96.07,1669.29,ETH-26JUN26,1667.82,0.0065,1667.54,26JUN26,1200,,P,ETH-26JUN26-1200-P
2.405,2.6995,0.0,2.542195,1780660372826,0.0,67.89,1694.77,ETH-25DEC26,1667.82,2.55225,1667.54,25DEC26,6000,,P,ETH-25DEC26-6000-P
0.216,0.2185,73.0,0.217409,1780660372826,22.0,60.77,1711.04,ETH-26MAR27,1667.82,0.21725,1667.54,26MAR27,1700,,C,ETH-26MAR27-1700-C
0.0024,0.0029,4425.0,0.002636,1780660372826,13.0,61.5,1672.21,ETH-31JUL26,1667.82,0.00265,1667.54,31JUL26,2700,,C,ETH-31JUL26-2700-C
0.058,0.0905,50.0,0.061078,1780660372826,50.0,86.25,1667.81,index_price,1667.82,0.07425,1667.54,7JUN26,1575,,C,ETH-7JUN26-1575-C
0.017,0.0185,0.0,0.017659,1780660372826,0.0,71.04,1667.7075,SYN.ETH-9JUN26,1667.82,0.01775,1667.54,9JUN26,1625,,P,ETH-9JUN26-1625-P
0.2445,0.256,12923.0,0.250516,1780660372826,66.0,55.84,1679.74,ETH-25SEP26,1667.82,0.25025,1667.54,25SEP26,2000,,P,ETH-25SEP26-2000-P
1.181,1.369,0.0,1.268911,1780660372826,0.0,68.72,1675.64,ETH-28AUG26,1667.82,1.275,1667.54,28AUG26,3800,,P,ETH-28AUG26-3800-P
0.092,0.094,10202.0,0.093025,1780660372826,1020.0,61.74,1694.77,ETH-25DEC26,1667.82,0.093,1667.54,25DEC26,1400,,P,ETH-25DEC26-1400-P
0.0315,0.0345,385.0,0.03315,1780660372826,707.0,62.11,1667.82,index_price,1667.82,0.033,1667.54,8JUN26,1700,,P,ETH-8JUN26-1700-P
0.1245,0.2215,2.0,0.169681,1780660372826,0.0,94.19,1667.81,index_price,1667.82,0.173,1667.54,7JUN26,1950,,P,ETH-7JUN26-1950-P
,0.0001,45168.0,1e-06,1780660372826,0.0,117.59,1669.29,ETH-26JUN26,1667.82,,1667.54,26JUN26,5500,,C,ETH-26JUN26-5500-C
0.057,0.0585,401.0,0.058424,1780660372826,50.0,55.62,1675.64,ETH-28AUG26,1667.82,0.05775,1667.54,28AUG26,1900,,C,ETH-28AUG26-1900-C
2.802,3.1185,0.0,2.953966,1780660372826,0.0,117.59,1669.29,ETH-26JUN26,1667.82,2.96025,1667.54,26JUN26,6600,,P,ETH-26JUN26-6600-P
0.017,0.0185,686.0,0.01809,1780660372826,11.0,55.85,1675.74,ETH-28AUG26,1667.82,0.01775,1667.54,28AUG26,2300,,C,ETH-28AUG26-2300-C
0.1655,0.1685,3919.0,0.16744,1780660372826,230.0,56.42,1679.74,ETH-25SEP26,1667.82,0.167,1667.54,25SEP26,1800,,P,ETH-25SEP26-1800-P
4.107,4.5365,0.0,4.31088,1780660372826,0.0,73.48,1694.77,ETH-25DEC26,1667.82,4.32175,1667.54,25DEC26,9000,,P,ETH-25DEC26-9000-P
2.111,2.37,15.0,2.235065,1780660372826,0.0,117.59,1669.29,ETH-26JUN26,1667.82,2.2405,1667.54,26JUN26,5400,,P,ETH-26JUN26-5400-P
,0.0001,1093.0,3.6e-05,1780660372826,606.0,122.22,1667.82,index_price,1667.82,,1667.54,6JUN26,1975,,C,ETH-6JUN26-1975-C
0.499,0.628,0.0,0.559139,1780660372826,0.0,89.79,1668.16,ETH-19JUN26,1667.82,0.5635,1667.54,19JUN26,2600,,P,ETH-19JUN26-2600-P
0.0045,0.0055,9033.0,0.004964,1780660372826,418.0,63.8,1694.77,ETH-25DEC26,1667.82,0.005,1667.54,25DEC26,4600,,C,ETH-25DEC26-4600-C
4.6745,5.151,0.0,4.900863,1780660372826,0.0,76.14,1694.77,ETH-25DEC26,1667.82,4.91275,1667.54,25DEC26,10000,,P,ETH-25DEC26-10000-P
0.8225,1.0325,0.0,0.913355,1780660372826,0.0,59.86,1711.04,ETH-26MAR27,1667.82,0.9275,1667.54,26MAR27,3200,,P,ETH-26MAR27-3200-P
0.0785,0.08,1302.0,0.079624,1780660372826,47.0,59.47,1711.04,ETH-26MAR27,1667.82,0.07925,1667.54,26MAR27,2600,,C,ETH-26MAR27-2600-C
0.0175,0.018,4853.0,0.017866,1780660372826,13.0,56.14,1679.75,ETH-25SEP26,1667.82,0.01775,1667.54,25SEP26,2500,,C,ETH-25SEP26-2500-C
0.0065,0.0075,2442.0,0.006958,1780660372826,3223.0,75.97,1667.82,index_price,1667.82,0.007,1667.54,6JUN26,1700,,C,ETH-6JUN26-1700-C
0.554,0.5695,8354.0,0.562135,1780660372826,1.0,56.52,1679.74,ETH-25SEP26,1667.82,0.56175,1667.54,25SEP26,2600,,P,ETH-25SEP26-2600-P
0.493,0.5025,5121.0,0.498549,1780660372826,1.0,74.1,1669.37,ETH-26JUN26,1667.82,0.49775,1667.54,26JUN26,2500,,P,ETH-26JUN26-2500-P
,0.0001,800.0,2.3e-05,1780660372826,0.0,170.01,1667.82,index_price,1667.82,,1667.54,6JUN26,2150,,C,ETH-6JUN26-2150-C
,0.0001,2198.0,0.0,1780660372826,0.0,117.59,1669.37,ETH-26JUN26,1667.82,,1667.54,26JUN26,7400,,C,ETH-26JUN26-7400-C
0.4285,0.497,110.0,0.441706,1780660372826,0.0,57.91,1672.2,ETH-31JUL26,1667.82,0.46275,1667.54,31JUL26,2400,,P,ETH-31JUL26-2400-P
0.039,0.04,1124.0,0.039921,1780660372826,163.0,55.71,1672.21,ETH-31JUL26,1667.82,0.0395,1667.54,31JUL26,1900,,C,ETH-31JUL26-1900-C
0.3455,0.46,3.0,0.390757,1780660372826,3.0,55.85,1675.74,ETH-28AUG26,1667.82,0.40275,1667.54,28AUG26,2300,,P,ETH-28AUG26-2300-P
0.0105,0.0115,0.0,0.010943,1780660372826,0.0,78.44,1667.7075,SYN.ETH-9JUN26,1667.82,0.011,1667.54,9JUN26,1575,,P,ETH-9JUN26-1575-P
0.0007,0.0009,2433.0,0.000675,1780660372826,0.0,72.45,1694.76,ETH-25DEC26,1667.82,0.0008,1667.54,25DEC26,8000,,C,ETH-25DEC26-8000-C
0.2405,0.314,0.0,0.259456,1780660372826,0.0,112.71,1667.81,index_price,1667.82,0.27725,1667.54,7JUN26,2100,,P,ETH-7JUN26-2100-P
0.019,0.02,227.0,0.019898,1780660372826,227.0,58.69,1669.37,ETH-26JUN26,1667.82,0.0195,1667.54,26JUN26,1850,,C,ETH-26JUN26-1850-C
2.5715,2.869,18.0,2.714332,1780660372826,0.0,117.59,1669.37,ETH-26JUN26,1667.82,2.72025,1667.54,26JUN26,6200,,P,ETH-26JUN26-6200-P
1.0205,1.1735,3248.0,1.096892,1780660372826,2.0,99.96,1669.37,ETH-26JUN26,1667.82,1.097,1667.54,26JUN26,3500,,P,ETH-26JUN26-3500-P
0.77,0.9565,0.0,0.851806,1780660372826,0.0,58.92,1694.76,ETH-25DEC26,1667.82,0.86325,1667.54,25DEC26,3100,,P,ETH-25DEC26-3100-P
0.005,0.006,1080.0,0.005461,1780660372826,176.0,60.45,1668.16,ETH-19JUN26,1667.82,0.0055,1667.54,19JUN26,1950,,C,ETH-19JUN26-1950-C
,0.0001,963.0,0.0,1780660372826,0.0,117.59,1669.29,ETH-26JUN26,1667.82,,1667.54,26JUN26,7200,,C,ETH-26JUN26-7200-C
0.0011,0.0017,1807.0,0.00137,1780660372826,0.0,68.98,1694.76,ETH-25DEC26,1667.82,0.0014,1667.54,25DEC26,6500,,C,ETH-25DEC26-6500-C
0.1515,0.1555,913.0,0.154478,1780660372826,447.0,55.89,1672.21,ETH-31JUL26,1667.82,0.1535,1667.54,31JUL26,1850,,P,ETH-31JUL26-1850-P
0.0245,0.026,927.0,0.025211,1780660372826,0.0,60.78,1711.04,ETH-26MAR27,1667.82,0.02525,1667.54,26MAR27,3800,,C,ETH-26MAR27-3800-C
0.025,0.026,178.0,0.025492,1780660372826,130.0,70.38,1667.81,index_price,1667.82,0.0255,1667.54,7JUN26,1650,,C,ETH-7JUN26-1650-C
0.0001,0.0004,987.0,0.00021,1780660372826,0.0,82.91,1672.2,ETH-31JUL26,1667.82,0.00025,1667.54,31JUL26,4400,,C,ETH-31JUL26-4400-C
0.077,0.0785,7997.0,0.077732,1780660372826,932.0,59.64,1679.74,ETH-25SEP26,1667.82,0.07775,1667.54,25SEP26,1500,,P,ETH-25SEP26-1500-P
0.2425,0.252,510.0,0.248597,1780660372826,1.0,55.65,1672.21,ETH-31JUL26,1667.82,0.24725,1667.54,31JUL26,2050,,P,ETH-31JUL26-2050-P
0.0001,0.0002,3973.0,0.000131,1780660372826,432.0,110.88,1667.82,index_price,1667.82,0.00015,1667.54,6JUN26,1900,,C,ETH-6JUN26-1900-C
0.466,0.485,1726.0,0.476625,1780660372826,20.0,58.0,1694.76,ETH-25DEC26,1667.82,0.4755,1667.54,25DEC26,2400,,P,ETH-25DEC26-2400-P
1.1855,1.3715,0.0,1.273023,1780660372826,0.0,75.59,1672.21,ETH-31JUL26,1667.82,1.2785,1667.54,31JUL26,3800,,P,ETH-31JUL26-3800-P
0.0003,0.0004,3372.0,0.000344,1780660372826,49.0,89.67,1667.88,ETH-12JUN26,1667.82,0.00035,1667.54,12JUN26,2250,,C,ETH-12JUN26-2250-C
0.024,0.025,1420.0,0.024537,1780660372826,1556.0,70.15,1668.17,ETH-19JUN26,1667.82,0.0245,1667.54,19JUN26,1550,,P,ETH-19JUN26-1550-P
0.959,1.124,5651.0,1.037031,1780660372826,0.0,99.96,1669.29,ETH-26JUN26,1667.82,1.0415,1667.54,26JUN26,3400,,P,ETH-26JUN26-3400-P
0.0815,0.175,0.0,0.125106,1780660372826,0.0,69.4,1667.82,index_price,1667.82,0.12825,1667.54,8JUN26,1875,,P,ETH-8JUN26-1875-P
0.4445,0.4615,1576.0,0.454447,1780660372826,0.0,59.47,1711.04,ETH-26MAR27,1667.82,0.453,1667.54,26MAR27,2300,,P,ETH-26MAR27-2300-P
0.123,0.13,212.0,0.126145,1780660372826,18.0,69.64,1669.37,ETH-26JUN26,1667.82,0.1265,1667.54,26JUN26,1500,,C,ETH-26JUN26-1500-C
0.21,0.212,1203.0,0.210963,1780660372826,14.0,60.77,1711.04,ETH-26MAR27,1667.82,0.211,1667.54,26MAR27,1700,,P,ETH-26MAR27-1700-P
0.0955,0.097,53.0,0.096223,1780660372826,3.0,57.83,1672.21,ETH-31JUL26,1667.82,0.09625,1667.54,31JUL26,1650,,C,ETH-31JUL26-1650-C
0.181,0.252,0.0,0.199332,1780660372826,0.0,129.54,1667.82,index_price,1667.82,0.2165,1667.54,6JUN26,2000,,P,ETH-6JUN26-2000-P
0.036,0.0385,0.0,0.037153,1780660372826,0.0,63.89,1667.6374999999998,SYN.ETH-9JUN26,1667.82,0.03725,1667.54,9JUN26,1700,,P,ETH-9JUN26-1700-P
,0.0006,1351.0,8e-06,1780660372826,0.0,88.05,1679.74,ETH-25SEP26,1667.82,,1667.54,25SEP26,12000,,C,ETH-25SEP26-12000-C
0.2075,0.2135,50.0,0.2099,1780660372826,0.0,62.17,1675.74,ETH-28AUG26,1667.82,0.2105,1667.54,28AUG26,1400,,C,ETH-28AUG26-1400-C
0.0047,0.0055,437.0,0.005095,1780660372826,0.0,59.25,1675.64,ETH-28AUG26,1667.82,0.0051,1667.54,28AUG26,2800,,C,ETH-28AUG26-2800-C
0.0145,0.0155,539.0,0.015003,1780660372826,56.0,70.38,1667.81,index_price,1667.82,0.015,1667.54,7JUN26,1650,,P,ETH-7JUN26-1650-P
0.076,0.084,50.0,0.079286,1780660372826,50.0,82.29,1667.7075,SYN.ETH-9JUN26,1667.82,0.08,1667.54,9JUN26,1550,,C,ETH-9JUN26-1550-C
1.368,1.6055,5.0,1.47296,1780660372826,0.0,61.49,1711.04,ETH-26MAR27,1667.82,1.48675,1667.54,26MAR27,4200,,P,ETH-26MAR27-4200-P
,0.0001,1888.0,0.0,1780660372826,0.0,117.59,1669.29,ETH-26JUN26,1667.82,,1667.54,26JUN26,6600,,C,ETH-26JUN26-6600-C
0.069,0.07,14346.0,0.069663,1780660372826,1446.0,58.8,1672.2,ETH-31JUL26,1667.82,0.0695,1667.54,31JUL26,1600,,P,ETH-31JUL26-1600-P
0.0002,0.0005,4884.0,0.000323,1780660372826,0.0,75.37,1679.74,ETH-25SEP26,1667.82,0.00035,1667.54,25SEP26,5800,,C,ETH-25SEP26-5800-C
0.1275,0.129,232.0,0.12808,1780660372826,165.0,58.31,1694.77,ETH-25DEC26,1667.82,0.12825,1667.54,25DEC26,1900,,C,ETH-25DEC26-1900-C
0.0955,0.1905,0.0,0.139941,1780660372826,0.0,72.76,1667.82,index_price,1667.82,0.143,1667.54,8JUN26,1900,,P,ETH-8JUN26-1900-P
0.1675,0.174,2312.0,0.171176,1780660372826,29.0,68.27,1667.88,ETH-12JUN26,1667.82,0.17075,1667.54,12JUN26,1950,,P,ETH-12JUN26-1950-P
0.0465,0.048,6342.0,0.047548,1780660372826,32.0,68.19,1711.04,ETH-26MAR27,1667.82,0.04725,1667.54,26MAR27,1000,,P,ETH-26MAR27-1000-P
0.0001,0.0003,650.0,0.000178,1780660372826,1.0,97.54,1667.81,index_price,1667.82,0.0002,1667.54,7JUN26,1975,,C,ETH-7JUN26-1975-C
0.082,0.0835,2089.0,0.082736,1780660372826,31.0,64.06,1669.37,ETH-26JUN26,1667.82,0.08275,1667.54,26JUN26,1600,,C,ETH-26JUN26-1600-C
0.3505,0.361,717.0,0.35612,1780660372826,0.0,56.33,1672.2,ETH-31JUL26,1667.82,0.35575,1667.54,31JUL26,2250,,P,ETH-31JUL26-2250-P
0.018,0.019,620.0,0.018412,1780660372826,31.0,74.19,1668.17,ETH-19JUN26,1667.82,0.0185,1667.54,19JUN26,1500,,P,ETH-19JUN26-1500-P
0.088,0.0895,128.0,0.088752,1780660372826,82.0,56.22,1675.64,ETH-28AUG26,1667.82,0.08875,1667.54,28AUG26,1750,,C,ETH-28AUG26-1750-C
,0.0001,7410.0,4.3e-05,1780660372826,0.0,114.81,1669.29,ETH-26JUN26,1667.82,,1667.54,26JUN26,4200,,C,ETH-26JUN26-4200-C
3.3205,3.68,0.0,3.493143,1780660372826,0.0,117.59,1669.29,ETH-26JUN26,1667.82,3.50025,1667.54,26JUN26,7500,,P,ETH-26JUN26-7500-P
0.003,0.0034,483.0,0.003377,1780660372826,467.0,63.69,1667.81,index_price,1667.82,0.0032,1667.54,7JUN26,1750,,C,ETH-7JUN26-1750-C
0.0016,0.002,540.0,0.001819,1780660372826,461.0,64.07,1667.81,index_price,1667.82,0.0018,1667.54,7JUN26,1775,,C,ETH-7JUN26-1775-C
0.615,0.815,8.0,0.700731,1780660372826,0.0,59.47,1711.03,ETH-26MAR27,1667.82,0.715,1667.54,26MAR27,2800,,P,ETH-26MAR27-2800-P
0.059,0.0605,11816.0,0.060495,1780660372826,281.0,58.0,1694.77,ETH-25DEC26,1667.82,0.05975,1667.54,25DEC26,2400,,C,ETH-25DEC26-2400-C
0.0003,0.0005,2927.0,0.000425,1780660372826,46.0,86.06,1667.88,ETH-12JUN26,1667.82,0.0004,1667.54,12JUN26,2200,,C,ETH-12JUN26-2200-C
0.1755,0.1785,12337.0,0.176347,1780660372826,10000.0,59.16,1694.76,ETH-25DEC26,1667.82,0.177,1667.54,25DEC26,1700,,P,ETH-25DEC26-1700-P
3.8665,4.272,0.0,4.060362,1780660372826,0.0,79.19,1679.74,ETH-25SEP26,1667.82,4.06925,1667.54,25SEP26,8500,,P,ETH-25SEP26-8500-P
1.9955,2.245,360.0,2.115249,1780660372826,0.0,117.59,1669.29,ETH-26JUN26,1667.82,2.12025,1667.54,26JUN26,5200,,P,ETH-26JUN26-5200-P
1.531,1.744,0.0,1.631711,1780660372827,0.0,82.91,1672.2,ETH-31JUL26,1667.82,1.6375,1667.54,31JUL26,4400,,P,ETH-31JUL26-4400-P
0.0525,0.0535,321.0,0.053005,1780660372827,387.0,61.87,1669.37,ETH-26JUN26,1667.82,0.053,1667.54,26JUN26,1650,,P,ETH-26JUN26-1650-P
0.1535,0.253,0.0,0.199624,1780660372827,0.0,86.72,1667.82,index_price,1667.82,0.20325,1667.54,8JUN26,2000,,P,ETH-8JUN26-2000-P
,0.0001,17242.0,5e-06,1780660372827,0.0,117.5,1669.29,ETH-26JUN26,1667.82,,1667.54,26JUN26,5000,,C,ETH-26JUN26-5000-C
0.2855,0.2925,495.0,0.289698,1780660372827,182.0,83.12,1667.89,ETH-12JUN26,1667.82,0.289,1667.54,12JUN26,2150,,P,ETH-12JUN26-2150-P
0.226,0.233,926.0,0.230149,1780660372827,10.0,75.55,1667.88,ETH-12JUN26,1667.82,0.2295,1667.54,12JUN26,2050,,P,ETH-12JUN26-2050-P
0.022,0.023,4883.0,0.022615,1780660372827,9.0,55.88,1679.74,ETH-25SEP26,1667.82,0.0225,1667.54,25SEP26,2400,,C,ETH-25SEP26-2400-C
0.057,0.0585,1351.0,0.057907,1780660372827,5.0,59.51,1711.03,ETH-26MAR27,1667.82,0.05775,1667.54,26MAR27,2900,,C,ETH-26MAR27-2900-C
0.0016,0.0022,10593.0,0.001871,1780660372827,5.0,67.89,1694.76,ETH-25DEC26,1667.82,0.0019,1667.54,25DEC26,6000,,C,ETH-25DEC26-6000-C
0.4065,0.413,36.0,0.408973,1780660372827,0.0,85.91,1672.2,ETH-31JUL26,1667.82,0.40975,1667.54,31JUL26,1000,,C,ETH-31JUL26-1000-C
0.1155,0.1175,150.0,0.116235,1780660372827,0.0,57.33,1675.64,ETH-28AUG26,1667.82,0.1165,1667.54,28AUG26,1650,,C,ETH-28AUG26-1650-C
0.0935,0.0975,50.0,0.09528,1780660372827,0.0,70.15,1668.16,ETH-19JUN26,1667.82,0.0955,1667.54,19JUN26,1550,,C,ETH-19JUN26-1550-C
0.0032,0.0037,3808.0,0.003436,1780660372827,250.0,60.17,1672.2,ETH-31JUL26,1667.82,0.00345,1667.54,31JUL26,2600,,C,ETH-31JUL26-2600-C
0.085,0.0915,6058.0,0.089174,1780660372827,1077.0,64.7,1667.89,ETH-12JUN26,1667.82,0.08825,1667.54,12JUN26,1800,,P,ETH-12JUN26-1800-P
0.0435,0.045,962.0,0.044182,1780660372827,1205.0,63.97,1668.17,ETH-19JUN26,1667.82,0.04425,1667.54,19JUN26,1650,,P,ETH-19JUN26-1650-P
0.2945,0.302,50.0,0.297347,1780660372827,50.0,73.69,1672.2,ETH-31JUL26,1667.82,0.29825,1667.54,31JUL26,1200,,C,ETH-31JUL26-1200-C
0.002,0.0023,6159.0,0.002141,1780660372827,358.0,63.21,1672.21,ETH-31JUL26,1667.82,0.00215,1667.54,31JUL26,2800,,C,ETH-31JUL26-2800-C
,0.0001,4978.0,1.7e-05,1780660372827,0.0,114.85,1669.37,ETH-26JUN26,1667.82,,1667.54,26JUN26,4500,,C,ETH-26JUN26-4500-C
