bid_price,ask_price,open_interest,mark_price,creation_timestamp_x,volume,mark_iv,underlying_price,underlying_index,estimated_delivery_price,mid_price,price_index,expiration_timestamp,strike,settlement_period,option_type,instrument_id
0.3425,0.3465,21.5,0.34437237,1780603595805,21.5,102.62,63222.61,BTC-5JUN26,63238.02,0.3445,63235.31,5JUN26,85000,,P,BTC-5JUN26-85000-P
0.205,0.2105,2930.7,0.20777445,1780603595805,10.5,40.03,63810.35,BTC-25SEP26,63238.02,0.20775,63235.31,25SEP26,75000,,P,BTC-25SEP26-75000-P
0.006,0.007,55.2,0.00652469,1780603595805,77.0,42.91,63236.59,index_price,63238.02,0.0065,63235.31,7JUN26,64500,,C,BTC-7JUN26-64500-C
0.082,0.086,0.0,0.08401381,1780603595805,0.0,83.13,63236.59,index_price,63238.02,0.084,63235.31,6JUN26,58000,,C,BTC-6JUN26-58000-C
0.0022,0.0026,1462.6,0.0023292,1780603595805,0.8,46.79,64394.64,BTC-25DEC26,63238.02,0.0024,63235.31,25DEC26,140000,,C,BTC-25DEC26-140000-C
0.007,0.0075,2412.9,0.00700972,1780603595805,232.6,40.13,63810.35,BTC-25SEP26,63238.02,0.00725,63235.31,25SEP26,90000,,C,BTC-25SEP26-90000-C
0.242,0.248,139.2,0.2460006,1780603595805,8.7,42.65,64396.07,BTC-25DEC26,63238.02,0.245,63235.31,25DEC26,76000,,P,BTC-25DEC26-76000-P
0.0002,0.0005,1216.7,0.00032473,1780603595805,12.7,60.42,64396.07,BTC-25DEC26,63238.02,0.00035,63235.31,25DEC26,250000,,C,BTC-25DEC26-250000-C
0.1075,0.153,0.0,0.13844587,1780603595805,0.0,60.61,63236.59,index_price,63238.02,0.13025,63235.31,7JUN26,72000,,P,BTC-7JUN26-72000-P
0.0975,0.101,32.7,0.09922375,1780603595805,2.0,73.31,63222.61,BTC-5JUN26,63238.02,0.09925,63235.31,5JUN26,69500,,P,BTC-5JUN26-69500-P
0.1285,0.131,907.6,0.12935269,1780603595805,5.6,44.64,65007.62,BTC-26MAR27,63238.02,0.12975,63235.31,26MAR27,70000,,C,BTC-26MAR27-70000-C
0.444,0.502,7.6,0.4849122,1780603595805,0.0,61.56,63291.63,BTC-26JUN26,63238.02,0.473,63235.31,26JUN26,94000,,P,BTC-26JUN26-94000-P
0.0205,0.0235,35.6,0.02198158,1780603595805,46.6,63.29,63222.61,BTC-5JUN26,63238.02,0.022,63235.31,5JUN26,62000,,C,BTC-5JUN26-62000-C
0.054,0.0915,0.0,0.05627277,1780603595805,0.0,56.69,63236.59,index_price,63238.02,0.07275,63235.31,8JUN26,60000,,C,BTC-8JUN26-60000-C
,0.0001,264.7,6e-07,1780603595805,0.0,85.88,63291.63,BTC-26JUN26,63238.02,,63235.31,26JUN26,155000,,C,BTC-26JUN26-155000-C
0.0042,0.0048,37.0,0.00442282,1780603595805,13.9,40.26,63624.1,BTC-28AUG26,63238.02,0.0045,63235.31,28AUG26,88000,,C,BTC-28AUG26-88000-C
0.291,0.299,103.6,0.29570927,1780603595805,0.0,40.33,63461.89,BTC-31JUL26,63238.02,0.295,63235.31,31JUL26,82000,,P,BTC-31JUL26-82000-P
0.0004,0.0006,1074.6,0.00045249,1780603595805,6.7,53.32,63291.63,BTC-26JUN26,63238.02,0.0005,63235.31,26JUN26,86000,,C,BTC-26JUN26-86000-C
0.0335,0.0345,11.1,0.03391624,1780603595805,11.2,47.78,63624.1,BTC-28AUG26,63238.02,0.034,63235.31,28AUG26,55000,,P,BTC-28AUG26-55000-P
0.261,0.269,375.9,0.26569355,1780603595806,0.3,40.01,63461.89,BTC-31JUL26,63238.02,0.265,63235.31,31JUL26,80000,,P,BTC-31JUL26-80000-P
0.14,0.144,106.4,0.14196638,1780603595806,1.5,40.22,63461.89,BTC-31JUL26,63238.02,0.142,63235.31,31JUL26,71000,,P,BTC-31JUL26-71000-P
0.766,0.873,0.1,0.81177286,1780603595806,0.0,55.85,63461.89,BTC-31JUL26,63238.02,0.8195,63235.31,31JUL26,115000,,P,BTC-31JUL26-115000-P
0.136,0.138,521.0,0.13705928,1780603595806,9.5,44.43,64394.64,BTC-25DEC26,63238.02,0.137,63235.31,25DEC26,65000,,P,BTC-25DEC26-65000-P
0.0665,0.07,134.6,0.0676182,1780603595806,0.8,51.45,63236.59,index_price,63238.02,0.06825,63235.31,6JUN26,67500,,P,BTC-6JUN26-67500-P
0.09,0.093,132.6,0.09116273,1780603595806,7.9,58.52,63236.59,index_price,63238.02,0.0915,63235.31,6JUN26,69000,,P,BTC-6JUN26-69000-P
0.0034,0.0037,801.3,0.00349356,1780603595806,1.4,40.55,63461.89,BTC-31JUL26,63238.02,0.00355,63235.31,31JUL26,83000,,C,BTC-31JUL26-83000-C
0.0018,0.0022,56.3,0.00190279,1780603595806,74.7,42.31,63236.59,index_price,63238.02,0.002,63235.31,7JUN26,66000,,C,BTC-7JUN26-66000-C
0.0315,0.0325,129.7,0.03203179,1780603595806,29.1,40.77,63461.89,BTC-31JUL26,63238.02,0.032,63235.31,31JUL26,69000,,C,BTC-31JUL26-69000-C
0.1215,0.1245,321.4,0.12294671,1780603595806,2.6,81.09,63222.61,BTC-5JUN26,63238.02,0.123,63235.31,5JUN26,71000,,P,BTC-5JUN26-71000-P
0.0385,0.04,12.9,0.03915499,1780603595806,12.3,49.58,63239.5,BTC-12JUN26,63238.02,0.03925,63235.31,12JUN26,62000,,C,BTC-12JUN26-62000-C
0.0765,0.078,17.4,0.07693702,1780603595806,4.8,42.96,63622.67,BTC-28AUG26,63238.02,0.07725,63235.31,28AUG26,63000,,P,BTC-28AUG26-63000-P
0.6995,0.781,0.0,0.72907513,1780603595806,0.0,46.87,63622.67,BTC-28AUG26,63238.02,0.74025,63235.31,28AUG26,110000,,P,BTC-28AUG26-110000-P
0.399,0.4025,53.2,0.40037653,1780603595806,0.0,56.72,64396.07,BTC-25DEC26,63238.02,0.40075,63235.31,25DEC26,40000,,C,BTC-25DEC26-40000-C
1.0885,1.173,0.6,1.09902652,1780603595806,0.0,46.09,64396.07,BTC-25DEC26,63238.02,1.13075,63235.31,25DEC26,135000,,P,BTC-25DEC26-135000-P
0.0245,0.0265,111.4,0.02547302,1780603595806,7.1,43.24,65007.62,BTC-26MAR27,63238.02,0.0255,63235.31,26MAR27,105000,,C,BTC-26MAR27-105000-C
0.515,0.6335,11.8,0.57015217,1780603595806,0.1,43.15,65006.19,BTC-26MAR27,63238.02,0.57425,63235.31,26MAR27,100000,,P,BTC-26MAR27-100000-P
0.0465,0.0475,23.8,0.04674685,1780603595806,8.4,45.77,63622.67,BTC-28AUG26,63238.02,0.047,63235.31,28AUG26,58000,,P,BTC-28AUG26-58000-P
0.0555,0.0565,238.0,0.05596571,1780603595806,240.5,42.38,63461.89,BTC-31JUL26,63238.02,0.056,63235.31,31JUL26,65000,,C,BTC-31JUL26-65000-C
0.2775,0.2865,0.0,0.28355208,1780603595806,0.0,39.66,63624.1,BTC-28AUG26,63238.02,0.282,63235.31,28AUG26,81000,,P,BTC-28AUG26-81000-P
0.0004,0.0007,54.7,0.00046221,1780603595806,34.5,49.92,63236.59,index_price,63238.02,0.00055,63235.31,6JUN26,67000,,C,BTC-6JUN26-67000-C
,0.0001,135.9,0.0,1780603595806,0.0,99.84,63291.63,BTC-26JUN26,63238.02,,63235.31,26JUN26,320000,,C,BTC-26JUN26-320000-C
0.0002,0.0003,225.3,0.00022993,1780603595806,0.0,61.56,63291.63,BTC-26JUN26,63238.02,0.00025,63235.31,26JUN26,94000,,C,BTC-26JUN26-94000-C
0.012,0.013,7.0,0.0127172,1780603595806,7.3,56.1,63622.67,BTC-28AUG26,63238.02,0.0125,63235.31,28AUG26,46000,,P,BTC-28AUG26-46000-P
1.135,1.2895,23.1,1.21123039,1780603595806,0.0,80.27,63297.11,BTC-26JUN26,63238.02,1.21225,63235.31,26JUN26,140000,,P,BTC-26JUN26-140000-P
0.0665,0.07,12.2,0.06779791,1780603595806,0.3,44.42,63236.59,index_price,63238.02,0.06825,63235.31,7JUN26,67500,,P,BTC-7JUN26-67500-P
0.0065,0.0075,673.4,0.00694033,1780603595806,25.7,45.52,65007.62,BTC-26MAR27,63238.02,0.007,63235.31,26MAR27,140000,,C,BTC-26MAR27-140000-C
1.364,1.535,1.8,1.44814689,1780603595806,0.0,85.88,63291.63,BTC-26JUN26,63238.02,1.4495,63235.31,26JUN26,155000,,P,BTC-26JUN26-155000-P
0.224,0.228,0.0,0.22539,1780603595806,0.0,54.93,63461.89,BTC-31JUL26,63238.02,0.226,63235.31,31JUL26,50000,,C,BTC-31JUL26-50000-C
0.15,0.152,67.5,0.1508308,1780603595806,0.1,45.15,64396.07,BTC-25DEC26,63238.02,0.151,63235.31,25DEC26,62000,,C,BTC-25DEC26-62000-C
0.14,0.145,3152.3,0.14230235,1780603595806,133.0,41.43,63291.63,BTC-26JUN26,63238.02,0.1425,63235.31,26JUN26,72000,,P,BTC-26JUN26-72000-P
0.0008,0.001,6270.6,0.00086865,1780603595806,233.2,46.43,63291.63,BTC-26JUN26,63238.02,0.0009,63235.31,26JUN26,80000,,C,BTC-26JUN26-80000-C
0.0001,0.0002,1364.8,0.00013073,1780603595806,56.1,78.79,63239.5,BTC-12JUN26,63238.02,0.00015,63235.31,12JUN26,86000,,C,BTC-12JUN26-86000-C
0.0001,0.0002,113.7,0.00010221,1780603595806,175.8,53.33,63222.61,BTC-5JUN26,63238.02,0.00015,63235.31,5JUN26,66000,,C,BTC-5JUN26-66000-C
0.533,0.5355,98.8,0.53402504,1780603595806,1.5,75.41,63810.35,BTC-25SEP26,63238.02,0.53425,63235.31,25SEP26,30000,,C,BTC-25SEP26-30000-C
0.684,0.746,0.0,0.70166815,1780603595806,0.0,52.99,63461.89,BTC-31JUL26,63238.02,0.715,63235.31,31JUL26,108000,,P,BTC-31JUL26-108000-P
0.017,0.0175,98.3,0.01729521,1780603595806,51.4,39.99,63461.89,BTC-31JUL26,63238.02,0.01725,63235.31,31JUL26,73000,,C,BTC-31JUL26-73000-C
0.0215,0.0235,46.2,0.02234796,1780603595806,7.4,43.33,65006.19,BTC-26MAR27,63238.02,0.0225,63235.31,26MAR27,108000,,C,BTC-26MAR27-108000-C
0.8105,0.8215,289.9,0.81643994,1780603595806,0.9,79.73,63291.63,BTC-26JUN26,63238.02,0.816,63235.31,26JUN26,115000,,P,BTC-26JUN26-115000-P
1.8975,2.107,5.8,2.00095352,1780603595806,0.0,85.9,63291.63,BTC-26JUN26,63238.02,2.00225,63235.31,26JUN26,190000,,P,BTC-26JUN26-190000-P
,0.0003,352.6,0.00024029,1780603595806,0.4,59.73,63815.83,BTC-25SEP26,63238.02,,63235.31,25SEP26,170000,,C,BTC-25SEP26-170000-C
0.167,0.169,137.7,0.16787572,1780603595806,0.1,45.73,64396.07,BTC-25DEC26,63238.02,0.168,63235.31,25DEC26,60000,,C,BTC-25DEC26-60000-C
1.8745,2.076,0.0,1.97653899,1780603595806,0.0,59.84,63815.83,BTC-25SEP26,63238.02,1.97525,63235.31,25SEP26,190000,,P,BTC-25SEP26-190000-P
0.0005,0.0007,203.8,0.00064036,1780603595806,350.7,86.25,63222.61,BTC-5JUN26,63238.02,0.0006,63235.31,5JUN26,60000,,P,BTC-5JUN26-60000-P
0.0006,0.0008,1098.3,0.0006416,1780603595806,0.8,46.27,63461.89,BTC-31JUL26,63238.02,0.0007,63235.31,31JUL26,98000,,C,BTC-31JUL26-98000-C
0.028,0.029,6.8,0.02849768,1780603595806,2.0,39.84,63624.1,BTC-28AUG26,63238.02,0.0285,63235.31,28AUG26,73000,,C,BTC-28AUG26-73000-C
0.094,0.1505,0.0,0.11551834,1780603595806,0.0,81.86,63236.59,index_price,63238.02,0.12225,63235.31,7JUN26,56000,,C,BTC-7JUN26-56000-C
0.041,0.0435,514.6,0.04206885,1780603595806,229.0,44.99,63239.5,BTC-12JUN26,63238.02,0.04225,63235.31,12JUN26,65000,,P,BTC-12JUN26-65000-P
0.1235,0.128,160.6,0.12553961,1780603595806,4.0,42.47,63260.28,BTC-19JUN26,63238.02,0.12575,63235.31,19JUN26,71000,,P,BTC-19JUN26-71000-P
,0.0001,200.1,0.0,1780603595806,0.0,90.33,63291.63,BTC-26JUN26,63238.02,,63235.31,26JUN26,250000,,C,BTC-26JUN26-250000-C
0.024,0.0265,88.3,0.02487322,1780603595806,102.1,48.48,63236.59,index_price,63238.02,0.02525,63235.31,6JUN26,64500,,P,BTC-6JUN26-64500-P
0.0145,0.0685,0.0,0.04680496,1780603595806,0.0,42.03,63236.59,index_price,63238.02,0.0415,63235.31,8JUN26,66000,,P,BTC-8JUN26-66000-P
0.001,0.0013,166.5,0.00121241,1780603595806,225.4,74.54,63222.61,BTC-5JUN26,63238.02,0.00115,63235.31,5JUN26,61000,,P,BTC-5JUN26-61000-P
0.091,0.0935,1279.2,0.09224285,1780603595806,6.5,48.06,65007.62,BTC-26MAR27,63238.02,0.09225,63235.31,26MAR27,55000,,P,BTC-26MAR27-55000-P
0.0029,0.0032,628.7,0.00302927,1780603595806,32.9,40.82,63461.89,BTC-31JUL26,63238.02,0.00305,63235.31,31JUL26,84000,,C,BTC-31JUL26-84000-C
0.295,0.299,13.9,0.29692393,1780603595806,5.6,102.62,63222.61,BTC-5JUN26,63238.02,0.297,63235.31,5JUN26,82000,,P,BTC-5JUN26-82000-P
0.2635,0.33,1.0,0.29631715,1780603595806,0.2,67.82,63239.5,BTC-12JUN26,63238.02,0.29675,63235.31,12JUN26,82000,,P,BTC-12JUN26-82000-P
0.1465,0.1485,35.0,0.14794048,1780603595806,0.0,45.27,63810.35,BTC-25SEP26,63238.02,0.1475,63235.31,25SEP26,58000,,C,BTC-25SEP26-58000-C
0.066,0.0695,36.9,0.067613,1780603595806,5.3,64.88,63222.61,BTC-5JUN26,63238.02,0.06775,63235.31,5JUN26,67500,,P,BTC-5JUN26-67500-P
0.0515,0.0525,42.2,0.05185563,1780603595806,2.3,45.16,63624.1,BTC-28AUG26,63238.02,0.052,63235.31,28AUG26,59000,,P,BTC-28AUG26-59000-P
0.23,0.236,1644.7,0.23351139,1780603595806,1.5,44.59,63291.63,BTC-26JUN26,63238.02,0.233,63235.31,26JUN26,78000,,P,BTC-26JUN26-78000-P
0.61,0.7165,0.0,0.65498808,1780603595806,0.0,43.28,65007.62,BTC-26MAR27,63238.02,0.66325,63235.31,26MAR27,106000,,P,BTC-26MAR27-106000-P
0.0345,0.038,45.6,0.03616486,1780603595806,7.4,50.4,63222.61,BTC-5JUN26,63238.02,0.03625,63235.31,5JUN26,65500,,P,BTC-5JUN26-65500-P
0.1135,0.117,11.3,0.11481597,1780603595806,0.0,65.63,63236.59,index_price,63238.02,0.11525,63235.31,6JUN26,70500,,P,BTC-6JUN26-70500-P
0.0008,0.0011,52.3,0.00089795,1780603595806,0.0,44.52,63622.67,BTC-28AUG26,63238.02,0.00095,63235.31,28AUG26,105000,,C,BTC-28AUG26-105000-C
3.538,3.855,0.0,3.69967863,1780603595806,0.0,64.66,63810.35,BTC-25SEP26,63238.02,3.6965,63235.31,25SEP26,300000,,P,BTC-25SEP26-300000-P
0.26,0.2645,0.0,0.26157932,1780603595806,0.0,53.92,63622.67,BTC-28AUG26,63238.02,0.26225,63235.31,28AUG26,48000,,C,BTC-28AUG26-48000-C
,0.0002,31.6,8.184e-05,1780603595806,1.8,60.61,63236.59,index_price,63238.02,,63235.31,7JUN26,72000,,C,BTC-7JUN26-72000-C
0.0345,0.0695,5.0,0.03626376,1780603595806,5.0,50.44,63236.59,index_price,63238.02,0.052,63235.31,8JUN26,61500,,C,BTC-8JUN26-61500-C
0.0225,0.023,34.9,0.02265791,1780603595806,68.5,48.7,63260.28,BTC-19JUN26,63238.02,0.02275,63235.31,19JUN26,61000,,P,BTC-19JUN26-61000-P
0.0375,0.0415,0.6,0.03942865,1780603595806,0.8,62.72,63236.59,index_price,63238.02,0.0395,63235.31,6JUN26,61000,,C,BTC-6JUN26-61000-C
2.14,2.372,0.0,2.26134334,1780603595806,0.0,55.74,64394.64,BTC-25DEC26,63238.02,2.256,63235.31,25DEC26,210000,,P,BTC-25DEC26-210000-P
0.006,0.0065,646.9,0.00623202,1780603595806,8.7,67.32,63815.83,BTC-25SEP26,63238.02,0.00625,63235.31,25SEP26,35000,,P,BTC-25SEP26-35000-P
0.11,0.169,0.0,0.13060891,1780603595806,0.0,70.66,63236.59,index_price,63238.02,0.1395,63235.31,6JUN26,71500,,P,BTC-6JUN26-71500-P
0.059,0.0625,180.7,0.06067095,1780603595806,17.0,43.24,63260.28,BTC-19JUN26,63238.02,0.06075,63235.31,19JUN26,66000,,P,BTC-19JUN26-66000-P
0.095,0.0965,215.6,0.09561516,1780603595806,63.6,42.63,63810.35,BTC-25SEP26,63238.02,0.09575,63235.31,25SEP26,64000,,P,BTC-25SEP26-64000-P
0.0003,0.0005,21.7,0.00031186,1780603595806,20.6,47.33,63236.59,index_price,63238.02,0.0004,63235.31,7JUN26,68500,,C,BTC-7JUN26-68500-C
1.042,1.1895,12.5,1.11534288,1780603595806,0.0,50.7,63815.83,BTC-25SEP26,63238.02,1.11575,63235.31,25SEP26,135000,,P,BTC-25SEP26-135000-P
0.0375,0.0385,282.1,0.03782348,1780603595806,5.5,47.1,63622.67,BTC-28AUG26,63238.02,0.038,63235.31,28AUG26,56000,,P,BTC-28AUG26-56000-P
0.051,0.052,5908.3,0.05119426,1780603595806,177.1,42.35,64396.07,BTC-25DEC26,63238.02,0.0515,63235.31,25DEC26,80000,,C,BTC-25DEC26-80000-C
0.634,0.6485,107.9,0.64137336,1780603595806,0.0,42.69,64396.07,BTC-25DEC26,63238.02,0.64125,63235.31,25DEC26,105000,,P,BTC-25DEC26-105000-P
1.991,2.212,0.0,2.10616775,1780603595806,0.0,54.77,64394.64,BTC-25DEC26,63238.02,2.1015,63235.31,25DEC26,200000,,P,BTC-25DEC26-200000-P
0.0002,0.0005,137.9,0.00030792,1780603595806,0.0,55.85,63461.89,BTC-31JUL26,63238.02,0.00035,63235.31,31JUL26,115000,,C,BTC-31JUL26-115000-C
0.068,0.108,0.0,0.07070401,1780603595806,0.0,61.46,63236.59,index_price,63238.02,0.088,63235.31,8JUN26,59000,,C,BTC-8JUN26-59000-C
0.0425,0.0455,544.0,0.04396782,1780603595806,70.0,53.33,63222.61,BTC-5JUN26,63238.02,0.044,63235.31,5JUN26,66000,,P,BTC-5JUN26-66000-P
0.0825,0.0865,244.5,0.08413568,1780603595807,5.9,42.36,63260.28,BTC-19JUN26,63238.02,0.0845,63235.31,19JUN26,68000,,P,BTC-19JUN26-68000-P
0.1995,0.203,5.0,0.20087995,1780603595807,0.0,46.63,65007.62,BTC-26MAR27,63238.02,0.20125,63235.31,26MAR27,60000,,C,BTC-26MAR27-60000-C
1.542,1.7325,0.0,1.64082565,1780603595807,0.0,51.21,64396.07,BTC-25DEC26,63238.02,1.63725,63235.31,25DEC26,170000,,P,BTC-25DEC26-170000-P
0.0865,0.0875,2.1,0.08707276,1780603595807,2.1,42.96,63622.67,BTC-28AUG26,63238.02,0.087,63235.31,28AUG26,63000,,C,BTC-28AUG26-63000-C
0.0065,0.007,984.9,0.00671724,1780603595807,1122.3,59.98,63239.5,BTC-12JUN26,63238.02,0.00675,63235.31,12JUN26,58000,,P,BTC-12JUN26-58000-P
,0.0001,655.1,0.0,1780603595807,0.7,102.62,63222.61,BTC-5JUN26,63238.02,,63235.31,5JUN26,85000,,C,BTC-5JUN26-85000-C
0.167,0.173,404.3,0.17026096,1780603595807,0.3,52.22,63240.93,BTC-12JUN26,63238.02,0.17,63235.31,12JUN26,74000,,P,BTC-12JUN26-74000-P
0.0835,0.0855,1082.4,0.08436831,1780603595807,12.6,43.11,64396.07,BTC-25DEC26,63238.02,0.0845,63235.31,25DEC26,72000,,C,BTC-25DEC26-72000-C
0.0235,0.0245,3067.5,0.02399847,1780603595807,684.1,39.72,63810.35,BTC-25SEP26,63238.02,0.024,63235.31,25SEP26,78000,,C,BTC-25SEP26-78000-C
,0.0001,77.7,2.318e-05,1780603595807,79.3,64.88,63222.61,BTC-5JUN26,63238.02,,63235.31,5JUN26,67500,,C,BTC-5JUN26-67500-C
0.082,0.0855,33.4,0.08326759,1780603595807,0.7,54.82,63236.59,index_price,63238.02,0.08375,63235.31,6JUN26,68500,,P,BTC-6JUN26-68500-P
0.1985,0.2045,298.3,0.20169468,1780603595807,0.2,56.31,63239.5,BTC-12JUN26,63238.02,0.2015,63235.31,12JUN26,76000,,P,BTC-12JUN26-76000-P
0.021,0.022,3567.1,0.02149126,1780603595807,210.3,56.72,64396.07,BTC-25DEC26,63238.02,0.0215,63235.31,25DEC26,40000,,P,BTC-25DEC26-40000-P
0.0005,0.0006,1195.1,0.00049154,1780603595807,59.6,55.35,63239.5,BTC-12JUN26,63238.02,0.00055,63235.31,12JUN26,75000,,C,BTC-12JUN26-75000-C
0.0026,0.0031,998.2,0.0027643,1780603595807,44.0,46.09,64396.07,BTC-25DEC26,63238.02,0.00285,63235.31,25DEC26,135000,,C,BTC-25DEC26-135000-C
0.0046,0.005,1271.1,0.00478595,1780603595807,78.8,40.25,63461.89,BTC-31JUL26,63238.02,0.0048,63235.31,31JUL26,81000,,C,BTC-31JUL26-81000-C
0.101,0.102,92.8,0.1012818,1780603595807,83.0,41.74,63624.1,BTC-28AUG26,63238.02,0.1015,63235.31,28AUG26,66000,,P,BTC-28AUG26-66000-P
,0.0001,957.1,3.32e-06,1780603595807,40.0,80.26,63291.63,BTC-26JUN26,63238.02,,63235.31,26JUN26,135000,,C,BTC-26JUN26-135000-C
0.0085,0.0095,876.5,0.00916636,1780603595807,485.7,39.97,63467.37,BTC-31JUL26,63238.02,0.009,63235.31,31JUL26,77000,,C,BTC-31JUL26-77000-C
0.015,0.016,6.7,0.01541481,1780603595807,7.0,44.35,63236.59,index_price,63238.02,0.0155,63235.31,8JUN26,63500,,C,BTC-8JUN26-63500-C
0.027,0.0305,1169.0,0.02849385,1780603595807,165.6,47.81,63222.61,BTC-5JUN26,63238.02,0.02875,63235.31,5JUN26,65000,,P,BTC-5JUN26-65000-P
0.0003,0.0005,592.0,0.00034993,1780603595807,46.7,56.31,63239.5,BTC-12JUN26,63238.02,0.0004,63235.31,12JUN26,76000,,C,BTC-12JUN26-76000-C
0.6185,0.644,0.0,0.62646717,1780603595808,0.0,42.61,64396.07,BTC-25DEC26,63238.02,0.63125,63235.31,25DEC26,104000,,P,BTC-25DEC26-104000-P
0.199,0.205,250.3,0.20185414,1780603595808,0.2,46.28,63260.28,BTC-19JUN26,63238.02,0.202,63235.31,19JUN26,76000,,P,BTC-19JUN26-76000-P
0.0007,0.0009,47.9,0.00079157,1780603595808,147.3,90.41,63236.59,index_price,63238.02,0.0008,63235.31,6JUN26,57000,,P,BTC-6JUN26-57000-P
0.106,0.1665,0.0,0.13109014,1780603595808,0.0,87.23,63236.59,index_price,63238.02,0.13625,63235.31,7JUN26,55000,,C,BTC-7JUN26-55000-C
0.3515,0.36,546.1,0.3569601,1780603595808,12.3,42.08,64396.07,BTC-25DEC26,63238.02,0.35575,63235.31,25DEC26,85000,,P,BTC-25DEC26-85000-P
0.0001,0.0002,833.4,0.0001294,1780603595808,43.6,67.82,63239.5,BTC-12JUN26,63238.02,0.00015,63235.31,12JUN26,82000,,C,BTC-12JUN26-82000-C
0.339,0.347,47.0,0.34383018,1780603595808,0.0,42.08,64396.07,BTC-25DEC26,63238.02,0.343,63235.31,25DEC26,84000,,P,BTC-25DEC26-84000-P
0.0025,0.0029,990.2,0.00263666,1780603595808,14.2,41.12,63461.89,BTC-31JUL26,63238.02,0.0027,63235.31,31JUL26,85000,,C,BTC-31JUL26-85000-C
,0.0001,696.8,0.0,1780603595808,0.5,102.62,63222.61,BTC-5JUN26,63238.02,,63235.31,5JUN26,88000,,C,BTC-5JUN26-88000-C
0.324,0.3325,33.9,0.32882351,1780603595808,6.6,39.75,63810.35,BTC-25SEP26,63238.02,0.32825,63235.31,25SEP26,84000,,P,BTC-25SEP26-84000-P
1.6685,1.873,0.0,1.7714744,1780603595808,0.0,49.08,65007.62,BTC-26MAR27,63238.02,1.77075,63235.31,26MAR27,180000,,P,BTC-26MAR27-180000-P
4.185,4.561,0.0,4.37012734,1780603595808,0.0,102.06,63291.63,BTC-26JUN26,63238.02,4.373,63235.31,26JUN26,340000,,P,BTC-26JUN26-340000-P
1.5165,1.6985,0.5,1.60609135,1780603595808,0.0,85.89,63291.63,BTC-26JUN26,63238.02,1.6075,63235.31,26JUN26,165000,,P,BTC-26JUN26-165000-P
0.0205,0.0215,319.0,0.02118045,1780603595808,331.9,46.28,63239.5,BTC-12JUN26,63238.02,0.021,63235.31,12JUN26,64000,,C,BTC-12JUN26-64000-C
0.5725,0.663,0.1,0.60722505,1780603595808,0.0,48.81,63467.37,BTC-31JUL26,63238.02,0.61775,63235.31,31JUL26,102000,,P,BTC-31JUL26-102000-P
0.099,0.1335,0.0,0.1008161,1780603595808,0.0,71.89,63236.59,index_price,63238.02,0.11625,63235.31,8JUN26,57000,,C,BTC-8JUN26-57000-C
0.4435,0.5015,0.4,0.45032276,1780603595809,0.0,43.78,63461.89,BTC-31JUL26,63238.02,0.4725,63235.31,31JUL26,92000,,P,BTC-31JUL26-92000-P
0.0575,0.0595,13.5,0.05872709,1780603595809,14.0,48.7,63261.71,BTC-19JUN26,63238.02,0.0585,63235.31,19JUN26,61000,,C,BTC-19JUN26-61000-C
0.028,0.0695,4.8,0.03211947,1780603595809,3.4,42.39,63236.59,index_price,63238.02,0.04875,63235.31,7JUN26,65000,,P,BTC-7JUN26-65000-P
0.0275,0.0285,195.1,0.0279289,1780603595809,188.8,47.27,63260.28,BTC-19JUN26,63238.02,0.028,63235.31,19JUN26,62000,,P,BTC-19JUN26-62000-P
0.0002,0.0005,760.6,0.00031174,1780603595809,0.5,54.32,63815.83,BTC-25SEP26,63238.02,0.00035,63235.31,25SEP26,150000,,C,BTC-25SEP26-150000-C
0.009,0.0095,18.9,0.00921133,1780603595809,41.9,43.66,63236.59,index_price,63238.02,0.00925,63235.31,7JUN26,64000,,C,BTC-7JUN26-64000-C
,0.0001,829.9,0.0,1780603595809,11.3,102.62,63222.61,BTC-5JUN26,63238.02,,63235.31,5JUN26,84000,,C,BTC-5JUN26-84000-C
0.0095,0.01,225.5,0.00976342,1780603595809,204.0,44.25,63239.5,BTC-12JUN26,63238.02,0.00975,63235.31,12JUN26,66000,,C,BTC-12JUN26-66000-C
0.9685,0.98,75.4,0.97432796,1780603595809,0.0,80.26,63291.63,BTC-26JUN26,63238.02,0.97425,63235.31,26JUN26,125000,,P,BTC-26JUN26-125000-P
0.0115,0.012,62.6,0.01152634,1780603595809,113.2,52.43,63236.59,index_price,63238.02,0.01175,63235.31,6JUN26,63000,,P,BTC-6JUN26-63000-P
1.496,1.6725,0.0,1.58501422,1780603595809,0.0,57.0,63810.35,BTC-25SEP26,63238.02,1.58425,63235.31,25SEP26,165000,,P,BTC-25SEP26-165000-P
0.1265,0.1285,241.7,0.12790556,1780603595809,6.4,44.28,63810.35,BTC-25SEP26,63238.02,0.1275,63235.31,25SEP26,60000,,C,BTC-25SEP26-60000-C
0.717,0.7305,116.4,0.72473831,1780603595809,2.3,44.34,63810.35,BTC-25SEP26,63238.02,0.72375,63235.31,25SEP26,110000,,P,BTC-25SEP26-110000-P
0.0018,0.0021,254.1,0.00191165,1780603595809,36.2,43.42,63260.28,BTC-19JUN26,63238.02,0.00195,63235.31,19JUN26,73000,,C,BTC-19JUN26-73000-C
0.0009,0.001,184.5,0.00089116,1780603595809,3.5,46.28,63260.28,BTC-19JUN26,63238.02,0.00095,63235.31,19JUN26,76000,,C,BTC-19JUN26-76000-C
0.0001,0.0002,12.1,0.00013951,1780603595810,0.0,64.38,63260.28,BTC-19JUN26,63238.02,0.00015,63235.31,19JUN26,90000,,C,BTC-19JUN26-90000-C
4.975,5.023,0.2,5.00190703,1780603595810,0.0,102.47,63291.63,BTC-26JUN26,63238.02,4.999,63235.31,26JUN26,380000,,P,BTC-26JUN26-380000-P
0.0635,0.065,40.3,0.06417176,1780603595810,36.4,41.74,63624.1,BTC-28AUG26,63238.02,0.06425,63235.31,28AUG26,66000,,C,BTC-28AUG26-66000-C
0.0031,0.0037,1503.1,0.00335546,1780603595810,1.1,45.46,64396.07,BTC-25DEC26,63238.02,0.0034,63235.31,25DEC26,130000,,C,BTC-25DEC26-130000-C
,0.0001,247.6,7.27e-06,1780603595810,0.0,61.2,63810.35,BTC-25SEP26,63238.02,,63235.31,25SEP26,240000,,C,BTC-25SEP26-240000-C
0.323,0.3295,31.5,0.32618627,1780603595810,0.0,40.82,63467.37,BTC-31JUL26,63238.02,0.32625,63235.31,31JUL26,84000,,P,BTC-31JUL26-84000-P
0.045,0.0475,71.2,0.04599002,1780603595810,5.0,43.11,65007.62,BTC-26MAR27,63238.02,0.04625,63235.31,26MAR27,92000,,C,BTC-26MAR27-92000-C
,0.0001,3.2,1.039e-05,1780603595810,0.0,94.71,63236.59,index_price,63238.02,,63235.31,6JUN26,77000,,C,BTC-6JUN26-77000-C
,0.0001,451.3,0.0,1780603595810,0.4,102.56,63222.61,BTC-5JUN26,63238.02,,63235.31,5JUN26,79000,,C,BTC-5JUN26-79000-C
0.62,0.6795,0.0,0.63869962,1780603595810,0.0,50.19,63461.89,BTC-31JUL26,63238.02,0.64975,63235.31,31JUL26,104000,,P,BTC-31JUL26-104000-P
0.109,0.114,97.8,0.11120733,1780603595810,11.0,42.43,63260.28,BTC-19JUN26,63238.02,0.1115,63235.31,19JUN26,70000,,P,BTC-19JUN26-70000-P
0.4645,0.5795,1.4,0.51504307,1780603595810,0.0,43.13,65007.62,BTC-26MAR27,63238.02,0.522,63235.31,26MAR27,96000,,P,BTC-26MAR27-96000-P
0.084,0.0855,192.9,0.08447398,1780603595810,105.2,42.5,63622.67,BTC-28AUG26,63238.02,0.08475,63235.31,28AUG26,64000,,P,BTC-28AUG26-64000-P
0.7945,0.809,91.7,0.80273387,1780603595810,3.8,45.82,63810.35,BTC-25SEP26,63238.02,0.80175,63235.31,25SEP26,115000,,P,BTC-25SEP26-115000-P
0.0815,0.085,23.2,0.08341269,1780603595810,1.2,69.78,63222.61,BTC-5JUN26,63238.02,0.08325,63235.31,5JUN26,68500,,P,BTC-5JUN26-68500-P
0.019,0.0195,607.2,0.01919939,1780603595810,584.7,49.58,63239.5,BTC-12JUN26,63238.02,0.01925,63235.31,12JUN26,62000,,P,BTC-12JUN26-62000-P
0.027,0.0305,4.4,0.02862031,1780603595810,6.2,42.84,63236.59,index_price,63238.02,0.02875,63235.31,8JUN26,64500,,P,BTC-8JUN26-64500-P
0.0755,0.0775,445.8,0.07654817,1780603595810,13.0,48.69,63291.63,BTC-26JUN26,63238.02,0.0765,63235.31,26JUN26,60000,,C,BTC-26JUN26-60000-C
0.0325,0.0335,1746.9,0.03285512,1780603595810,426.5,40.03,63810.35,BTC-25SEP26,63238.02,0.033,63235.31,25SEP26,75000,,C,BTC-25SEP26-75000-C
0.6015,0.7135,0.1,0.65445139,1780603595810,0.0,51.03,63461.89,BTC-31JUL26,63238.02,0.6575,63235.31,31JUL26,105000,,P,BTC-31JUL26-105000-P
0.307,0.3435,0.0,0.31256942,1780603595810,0.0,39.68,63624.1,BTC-28AUG26,63238.02,0.32525,63235.31,28AUG26,83000,,P,BTC-28AUG26-83000-P
,0.0001,554.4,0.0,1780603595810,0.0,85.9,63291.63,BTC-26JUN26,63238.02,,63235.31,26JUN26,190000,,C,BTC-26JUN26-190000-C
0.1605,0.1635,276.1,0.16193207,1780603595810,0.2,45.52,65007.62,BTC-26MAR27,63238.02,0.162,63235.31,26MAR27,65000,,P,BTC-26MAR27-65000-P
0.0485,0.0495,176.7,0.04903546,1780603595810,71.2,41.91,63461.89,BTC-31JUL26,63238.02,0.049,63235.31,31JUL26,66000,,C,BTC-31JUL26-66000-C
0.1315,0.1915,0.1,0.1543035,1780603595810,0.0,76.4,63236.59,index_price,63238.02,0.1615,63235.31,6JUN26,73000,,P,BTC-6JUN26-73000-P
0.0003,0.0008,149.7,0.00049099,1780603595810,0.7,55.74,64396.07,BTC-25DEC26,63238.02,0.00055,63235.31,25DEC26,210000,,C,BTC-25DEC26-210000-C
0.023,0.0245,228.3,0.02385054,1780603595810,11.6,42.09,64396.07,BTC-25DEC26,63238.02,0.02375,63235.31,25DEC26,92000,,C,BTC-25DEC26-92000-C
2.6305,2.8935,0.0,2.75974911,1780603595810,0.0,61.2,63810.35,BTC-25SEP26,63238.02,2.762,63235.31,25SEP26,240000,,P,BTC-25SEP26-240000-P
,0.0001,2775.9,3.598e-05,1780603595810,0.0,80.21,63291.63,BTC-26JUN26,63238.02,,63235.31,26JUN26,120000,,C,BTC-26JUN26-120000-C
0.0495,0.052,305.0,0.05054189,1780603595810,5.8,43.15,65007.62,BTC-26MAR27,63238.02,0.05075,63235.31,26MAR27,90000,,C,BTC-26MAR27-90000-C
0.0002,0.0004,0.0,0.00026879,1780603595810,0.0,47.96,63236.59,index_price,63238.02,0.0003,63235.31,8JUN26,70000,,C,BTC-8JUN26-70000-C
0.2,0.2035,397.2,0.20202706,1780603595810,37.7,102.27,63222.61,BTC-5JUN26,63238.02,0.20175,63235.31,5JUN26,76000,,P,BTC-5JUN26-76000-P
0.487,0.497,153.5,0.49270708,1780603595810,2.0,40.95,63810.35,BTC-25SEP26,63238.02,0.492,63235.31,25SEP26,95000,,P,BTC-25SEP26-95000-P
0.034,0.0355,120.6,0.0348592,1780603595810,1.5,42.09,64396.07,BTC-25DEC26,63238.02,0.03475,63235.31,25DEC26,86000,,C,BTC-25DEC26-86000-C
0.097,0.135,0.2,0.10001449,1780603595810,0.4,76.06,63236.59,index_price,63238.02,0.116,63235.31,7JUN26,57000,,C,BTC-7JUN26-57000-C
0.0125,0.0135,1243.6,0.01298345,1780603595810,1211.2,54.93,63461.89,BTC-31JUL26,63238.02,0.013,63235.31,31JUL26,50000,,P,BTC-31JUL26-50000-P
1.372,1.5585,0.0,1.46529135,1780603595810,0.0,47.34,65006.19,BTC-26MAR27,63238.02,1.46525,63235.31,26MAR27,160000,,P,BTC-26MAR27-160000-P
0.074,0.076,28.3,0.07459512,1780603595810,2.2,42.85,64394.64,BTC-25DEC26,63238.02,0.075,63235.31,25DEC26,74000,,C,BTC-25DEC26-74000-C
0.0025,0.0028,304.9,0.00258017,1780603595810,40.1,42.78,63260.28,BTC-19JUN26,63238.02,0.00265,63235.31,19JUN26,72000,,C,BTC-19JUN26-72000-C
0.0011,0.0013,2024.0,0.00119468,1780603595810,659.8,90.99,63291.63,BTC-26JUN26,63238.02,0.0012,63235.31,26JUN26,40000,,P,BTC-26JUN26-40000-P
0.164,0.1695,98.3,0.16718165,1780603595810,19.7,39.99,63461.89,BTC-31JUL26,63238.02,0.16675,63235.31,31JUL26,73000,,P,BTC-31JUL26-73000-P
0.056,0.057,614.8,0.05654476,1780603595811,9.2,45.27,63810.35,BTC-25SEP26,63238.02,0.0565,63235.31,25SEP26,58000,,P,BTC-25SEP26-58000-P
0.183,0.204,2.2,0.18627876,1780603595811,0.2,45.16,63260.28,BTC-19JUN26,63238.02,0.1935,63235.31,19JUN26,75000,,P,BTC-19JUN26-75000-P
0.005,0.006,42.3,0.00544595,1780603595811,61.3,50.31,63222.61,BTC-5JUN26,63238.02,0.0055,63235.31,5JUN26,63500,,C,BTC-5JUN26-63500-C
0.2255,0.228,10.7,0.22648015,1780603595811,0.9,47.89,64394.64,BTC-25DEC26,63238.02,0.22675,63235.31,25DEC26,54000,,C,BTC-25DEC26-54000-C
3.575,3.9065,0.0,3.73834765,1780603595811,0.0,95.76,63291.63,BTC-26JUN26,63238.02,3.74075,63235.31,26JUN26,300000,,P,BTC-26JUN26-300000-P
0.0004,0.0009,938.4,0.00059408,1780603595811,1.1,54.77,64394.64,BTC-25DEC26,63238.02,0.00065,63235.31,25DEC26,200000,,C,BTC-25DEC26-200000-C
0.0007,0.0008,530.4,0.0006814,1780603595811,60.0,50.3,63239.5,BTC-12JUN26,63238.02,0.00075,63235.31,12JUN26,73000,,C,BTC-12JUN26-73000-C
,0.0001,145.5,2.67e-06,1780603595811,39.7,70.47,63222.61,BTC-5JUN26,63238.02,,63235.31,5JUN26,69000,,C,BTC-5JUN26-69000-C
0.137,0.1405,555.3,0.13876265,1780603595811,73.7,86.61,63222.61,BTC-5JUN26,63238.02,0.13875,63235.31,5JUN26,72000,,P,BTC-5JUN26-72000-P
0.3555,0.3625,29.9,0.3591239,1780603595811,0.0,53.32,63291.63,BTC-26JUN26,63238.02,0.359,63235.31,26JUN26,86000,,P,BTC-26JUN26-86000-P
0.089,0.091,2.0,0.09006285,1780603595811,1.0,44.73,63461.89,BTC-31JUL26,63238.02,0.09,63235.31,31JUL26,61000,,C,BTC-31JUL26-61000-C
,0.0001,248.8,1.18e-06,1780603595811,0.0,66.78,63810.35,BTC-25SEP26,63238.02,,63235.31,25SEP26,320000,,C,BTC-25SEP26-320000-C
0.0011,0.0013,144.4,0.00108459,1780603595811,203.2,47.04,63222.61,BTC-5JUN26,63238.02,0.0012,63235.31,5JUN26,64500,,C,BTC-5JUN26-64500-C
0.332,0.3355,48.3,0.33346144,1780603595811,0.0,52.84,64396.07,BTC-25DEC26,63238.02,0.33375,63235.31,25DEC26,45000,,C,BTC-25DEC26-45000-C
,0.0001,174.2,0.0,1780603595811,0.0,102.24,63297.11,BTC-26JUN26,63238.02,,63235.31,26JUN26,360000,,C,BTC-26JUN26-360000-C
0.0525,0.122,0.0,0.08560503,1780603595811,0.0,66.5,63236.59,index_price,63238.02,0.08725,63235.31,8JUN26,58000,,C,BTC-8JUN26-58000-C
,0.0001,140.6,1.994e-05,1780603595811,0.2,81.24,63236.59,index_price,63238.02,,63235.31,6JUN26,74000,,C,BTC-6JUN26-74000-C
0.0042,0.0047,30.4,0.00442971,1780603595811,43.3,42.39,63236.59,index_price,63238.02,0.00445,63235.31,7JUN26,65000,,C,BTC-7JUN26-65000-C
0.0029,0.0033,1690.1,0.00301608,1780603595811,787.3,42.02,63291.63,BTC-26JUN26,63238.02,0.0031,63235.31,26JUN26,74000,,C,BTC-26JUN26-74000-C
,0.0001,89.9,6.72e-06,1780603595811,52.1,69.78,63222.61,BTC-5JUN26,63238.02,,63235.31,5JUN26,68500,,C,BTC-5JUN26-68500-C
,0.0001,213.9,0.0,1780603595811,0.8,102.62,63222.61,BTC-5JUN26,63238.02,,63235.31,5JUN26,83000,,C,BTC-5JUN26-83000-C
0.1615,0.1645,274.4,0.16328991,1780603595811,0.0,43.8,64396.07,BTC-25DEC26,63238.02,0.163,63235.31,25DEC26,68000,,P,BTC-25DEC26-68000-P
0.0019,0.0022,267.2,0.00203709,1780603595811,19.1,41.81,63461.89,BTC-31JUL26,63238.02,0.00205,63235.31,31JUL26,87000,,C,BTC-31JUL26-87000-C
0.492,0.607,0.2,0.54246,1780603595811,0.0,43.14,65007.62,BTC-26MAR27,63238.02,0.5495,63235.31,26MAR27,98000,,P,BTC-26MAR27-98000-P
0.7835,0.813,0.6,0.79221245,1780603595811,1.1,43.67,64396.07,BTC-25DEC26,63238.02,0.79825,63235.31,25DEC26,115000,,P,BTC-25DEC26-115000-P
0.5485,0.6295,0.1,0.57262603,1780603595811,0.0,43.41,63622.67,BTC-28AUG26,63238.02,0.589,63235.31,28AUG26,100000,,P,BTC-28AUG26-100000-P
0.0008,0.0011,816.5,0.00095757,1780603595811,17.2,44.74,63461.89,BTC-31JUL26,63238.02,0.00095,63235.31,31JUL26,94000,,C,BTC-31JUL26-94000-C
0.0125,0.0135,689.7,0.01291387,1780603595811,16.6,39.75,63815.83,BTC-25SEP26,63238.02,0.013,63235.31,25SEP26,84000,,C,BTC-25SEP26-84000-C
0.0215,0.023,9.2,0.02207855,1780603595811,12.8,47.64,63236.59,index_price,63238.02,0.02225,63235.31,7JUN26,62500,,C,BTC-7JUN26-62500-C
0.011,0.0115,716.1,0.01117811,1780603595811,654.0,54.28,63239.5,BTC-12JUN26,63238.02,0.01125,63235.31,12JUN26,60000,,P,BTC-12JUN26-60000-P
0.0505,0.0515,40.5,0.05092686,1780603595811,35.2,44.73,63461.89,BTC-31JUL26,63238.02,0.051,63235.31,31JUL26,61000,,P,BTC-31JUL26-61000-P
0.59,0.6525,0.0,0.59681475,1780603595811,0.0,42.47,64396.07,BTC-25DEC26,63238.02,0.62125,63235.31,25DEC26,102000,,P,BTC-25DEC26-102000-P
0.0048,0.0055,61.2,0.00499726,1780603595811,83.4,48.48,63236.59,index_price,63238.02,0.00515,63235.31,6JUN26,64500,,C,BTC-6JUN26-64500-C
0.0001,0.0003,131.1,0.00019171,1780603595811,0.0,57.0,63810.35,BTC-25SEP26,63238.02,0.0002,63235.31,25SEP26,165000,,C,BTC-25SEP26-165000-C
0.0955,0.1,44.3,0.09736838,1780603595811,5.9,42.4,63260.28,BTC-19JUN26,63238.02,0.09775,63235.31,19JUN26,69000,,P,BTC-19JUN26-69000-P
0.5345,0.569,0.0,0.54186112,1780603595811,0.0,42.79,63624.1,BTC-28AUG26,63238.02,0.55175,63235.31,28AUG26,98000,,P,BTC-28AUG26-98000-P
0.0105,0.011,48.8,0.0110176,1780603595811,80.0,50.61,63236.59,index_price,63238.02,0.01075,63235.31,6JUN26,63500,,C,BTC-6JUN26-63500-C
0.103,0.1045,675.1,0.10366469,1780603595811,40.6,42.27,63810.35,BTC-25SEP26,63238.02,0.10375,63235.31,25SEP26,65000,,P,BTC-25SEP26-65000-P
0.0275,0.0305,18.4,0.02905125,1780603595811,19.9,68.85,63222.61,BTC-5JUN26,63238.02,0.029,63235.31,5JUN26,61500,,C,BTC-5JUN26-61500-C
0.1205,0.123,2.0,0.12179771,1780603595811,2.0,46.93,63461.89,BTC-31JUL26,63238.02,0.12175,63235.31,31JUL26,58000,,C,BTC-31JUL26-58000-C
1.52,1.715,0.1,1.61824501,1780603595811,0.0,48.18,65007.62,BTC-26MAR27,63238.02,1.6175,63235.31,26MAR27,170000,,P,BTC-26MAR27-170000-P
0.08,0.081,4.0,0.0806228,1780603595811,1.9,44.08,63467.37,BTC-31JUL26,63238.02,0.0805,63235.31,31JUL26,62000,,C,BTC-31JUL26-62000-C
1.42,1.592,0.6,1.50672503,1780603595811,0.0,56.29,63810.35,BTC-25SEP26,63238.02,1.506,63235.31,25SEP26,160000,,P,BTC-25SEP26-160000-P
0.2685,0.276,692.0,0.27280006,1780603595811,5.8,39.7,63810.35,BTC-25SEP26,63238.02,0.27225,63235.31,25SEP26,80000,,P,BTC-25SEP26-80000-P
0.008,0.009,134.9,0.00863817,1780603595811,792.1,57.08,63239.5,BTC-12JUN26,63238.02,0.0085,63235.31,12JUN26,59000,,P,BTC-12JUN26-59000-P
0.008,0.009,19.0,0.00873254,1780603595811,43.4,50.44,63236.59,index_price,63238.02,0.0085,63235.31,8JUN26,61500,,P,BTC-8JUN26-61500-P
0.0145,0.015,116.1,0.01490638,1780603595811,138.4,52.06,63260.28,BTC-19JUN26,63238.02,0.01475,63235.31,19JUN26,59000,,P,BTC-19JUN26-59000-P
0.023,0.087,0.0,0.05477085,1780603595811,0.0,59.13,63236.59,index_price,63238.02,0.055,63235.31,7JUN26,60000,,C,BTC-7JUN26-60000-C
0.0006,0.0008,4417.1,0.00067973,1780603595811,25.7,48.71,63291.63,BTC-26JUN26,63238.02,0.0007,63235.31,26JUN26,82000,,C,BTC-26JUN26-82000-C
,0.0002,0.0,8.423e-05,1780603595811,0.0,66.49,63236.59,index_price,63238.02,,63235.31,7JUN26,73000,,C,BTC-7JUN26-73000-C
,0.0002,748.9,0.00013603,1780603595811,0.8,59.82,63810.35,BTC-25SEP26,63238.02,,63235.31,25SEP26,180000,,C,BTC-25SEP26-180000-C
0.3885,0.5005,14.1,0.43500051,1780603595811,0.4,43.15,65006.19,BTC-26MAR27,63238.02,0.4445,63235.31,26MAR27,90000,,P,BTC-26MAR27-90000-P
0.0032,0.0036,40.8,0.00344631,1780603595811,45.2,59.13,63236.59,index_price,63238.02,0.0034,63235.31,7JUN26,60000,,P,BTC-7JUN26-60000-P
0.0855,0.0875,0.0,0.08665597,1780603595811,0.0,48.38,65007.62,BTC-26MAR27,63238.02,0.0865,63235.31,26MAR27,54000,,P,BTC-26MAR27-54000-P
0.0015,0.0018,114.2,0.00166158,1780603595811,120.8,70.25,63236.59,index_price,63238.02,0.00165,63235.31,7JUN26,58000,,P,BTC-7JUN26-58000-P
0.419,0.4255,1669.8,0.42218803,1780603595811,5.0,57.7,63291.63,BTC-26JUN26,63238.02,0.42225,63235.31,26JUN26,90000,,P,BTC-26JUN26-90000-P
0.0035,0.0039,46.3,0.00358385,1780603595811,20.1,40.72,63622.67,BTC-28AUG26,63238.02,0.0037,63235.31,28AUG26,90000,,C,BTC-28AUG26-90000-C
0.005,0.006,5805.4,0.00554403,1780603595811,276.5,40.01,63467.37,BTC-31JUL26,63238.02,0.0055,63235.31,31JUL26,80000,,C,BTC-31JUL26-80000-C
0.1225,0.125,350.4,0.12385236,1780603595811,113.7,46.63,65007.62,BTC-26MAR27,63238.02,0.12375,63235.31,26MAR27,60000,,P,BTC-26MAR27-60000-P
2.355,2.598,0.2,2.47478828,1780603595812,0.0,86.38,63291.63,BTC-26JUN26,63238.02,2.4765,63235.31,26JUN26,220000,,P,BTC-26JUN26-220000-P
0.099,0.101,8.0,0.10009875,1780603595812,0.0,45.42,63461.89,BTC-31JUL26,63238.02,0.1,63235.31,31JUL26,60000,,C,BTC-31JUL26-60000-C
0.459,0.5555,0.3,0.50253383,1780603595812,0.0,102.62,63222.61,BTC-5JUN26,63238.02,0.50725,63235.31,5JUN26,95000,,P,BTC-5JUN26-95000-P
0.09,0.093,36.4,0.09131672,1780603595812,2.6,70.47,63222.61,BTC-5JUN26,63238.02,0.0915,63235.31,5JUN26,69000,,P,BTC-5JUN26-69000-P
0.127,0.129,468.5,0.12770955,1780603595812,250.8,44.43,64396.07,BTC-25DEC26,63238.02,0.128,63235.31,25DEC26,65000,,C,BTC-25DEC26-65000-C
0.031,0.0395,0.0,0.03272546,1780603595812,0.0,60.03,63236.59,index_price,63238.02,0.03525,63235.31,6JUN26,61500,,C,BTC-6JUN26-61500-C
0.0007,0.0009,145.3,0.00071384,1780603595812,38.6,47.37,63260.28,BTC-19JUN26,63238.02,0.0008,63235.31,19JUN26,77000,,C,BTC-19JUN26-77000-C
0.145,0.1485,20.7,0.14667067,1780603595812,1.1,89.37,63222.61,BTC-5JUN26,63238.02,0.14675,63235.31,5JUN26,72500,,P,BTC-5JUN26-72500-P
0.1435,0.1475,18.9,0.14552506,1780603595812,18.9,48.67,63461.89,BTC-31JUL26,63238.02,0.1455,63235.31,31JUL26,56000,,C,BTC-31JUL26-56000-C
0.0005,0.001,989.6,0.00069803,1780603595812,1.2,53.52,64396.07,BTC-25DEC26,63238.02,0.00075,63235.31,25DEC26,190000,,C,BTC-25DEC26-190000-C
0.6405,0.6525,104.4,0.64700118,1780603595812,0.0,43.19,63815.83,BTC-25SEP26,63238.02,0.6465,63235.31,25SEP26,105000,,P,BTC-25SEP26-105000-P
0.0445,0.0455,432.6,0.04521089,1780603595812,158.1,45.42,63461.89,BTC-31JUL26,63238.02,0.045,63235.31,31JUL26,60000,,P,BTC-31JUL26-60000-P
,0.0001,593.5,0.0,1780603595812,0.0,102.27,63222.61,BTC-5JUN26,63238.02,,63235.31,5JUN26,77000,,C,BTC-5JUN26-77000-C
0.0585,0.062,62.0,0.05986824,1780603595812,0.5,49.92,63236.59,index_price,63238.02,0.06025,63235.31,6JUN26,67000,,P,BTC-6JUN26-67000-P
2.4395,2.6925,0.0,2.57186272,1780603595812,0.0,58.94,64396.07,BTC-25DEC26,63238.02,2.566,63235.31,25DEC26,230000,,P,BTC-25DEC26-230000-P
0.044,0.045,1808.3,0.04449327,1780603595812,214.6,40.48,63810.35,BTC-25SEP26,63238.02,0.0445,63235.31,25SEP26,72000,,C,BTC-25SEP26-72000-C
0.9665,1.1075,21.9,1.03711473,1780603595812,0.0,49.47,63810.35,BTC-25SEP26,63238.02,1.037,63235.31,25SEP26,130000,,P,BTC-25SEP26-130000-P
0.1495,0.1525,1478.8,0.15068776,1780603595812,20.6,40.89,63815.83,BTC-25SEP26,63238.02,0.151,63235.31,25SEP26,70000,,P,BTC-25SEP26-70000-P
0.2635,0.267,95.8,0.26529164,1780603595812,1.4,102.56,63222.61,BTC-5JUN26,63238.02,0.26525,63235.31,5JUN26,80000,,P,BTC-5JUN26-80000-P
0.005,0.006,1756.4,0.00535291,1780603595812,8.9,46.62,65007.62,BTC-26MAR27,63238.02,0.0055,63235.31,26MAR27,150000,,C,BTC-26MAR27-150000-C
0.0315,0.033,2175.5,0.03221551,1780603595812,14.9,52.84,64396.07,BTC-25DEC26,63238.02,0.03225,63235.31,25DEC26,45000,,P,BTC-25DEC26-45000-P
0.0655,0.129,0.0,0.09142193,1780603595812,0.0,45.55,63236.59,index_price,63238.02,0.09725,63235.31,8JUN26,69000,,P,BTC-8JUN26-69000-P
0.0025,0.0029,172.7,0.00259363,1780603595812,266.4,47.99,63222.61,BTC-5JUN26,63238.02,0.0027,63235.31,5JUN26,64000,,C,BTC-5JUN26-64000-C
,0.0001,2499.1,7.334e-05,1780603595812,20.3,79.73,63291.63,BTC-26JUN26,63238.02,,63235.31,26JUN26,115000,,C,BTC-26JUN26-115000-C
0.0001,0.0002,137.0,0.0001303,1780603595812,0.1,73.41,63239.5,BTC-12JUN26,63238.02,0.00015,63235.31,12JUN26,84000,,C,BTC-12JUN26-84000-C
0.088,0.0905,1871.4,0.0888795,1780603595812,87.6,41.73,63291.63,BTC-26JUN26,63238.02,0.08925,63235.31,26JUN26,68000,,P,BTC-26JUN26-68000-P
3.88,4.2335,0.0,4.0542375,1780603595812,0.0,99.84,63291.63,BTC-26JUN26,63238.02,4.05675,63235.31,26JUN26,320000,,P,BTC-26JUN26-320000-P
,0.0002,278.2,1.423e-05,1780603595812,0.0,59.84,63815.83,BTC-25SEP26,63238.02,,63235.31,25SEP26,220000,,C,BTC-25SEP26-220000-C
0.0235,0.0255,19.1,0.02440348,1780603595812,0.0,43.28,65007.62,BTC-26MAR27,63238.02,0.0245,63235.31,26MAR27,106000,,C,BTC-26MAR27-106000-C
0.0115,0.012,212.0,0.01200096,1780603595812,111.7,39.66,63622.67,BTC-28AUG26,63238.02,0.01175,63235.31,28AUG26,80000,,C,BTC-28AUG26-80000-C
0.0028,0.0033,3550.7,0.00299045,1780603595812,25.4,41.97,63810.35,BTC-25SEP26,63238.02,0.00305,63235.31,25SEP26,100000,,C,BTC-25SEP26-100000-C
0.034,0.036,38.7,0.03493839,1780603595812,10.1,43.14,65007.62,BTC-26MAR27,63238.02,0.035,63235.31,26MAR27,98000,,C,BTC-26MAR27-98000-C
0.029,0.0295,183.0,0.02934001,1780603595812,298.5,47.71,63240.93,BTC-12JUN26,63238.02,0.02925,63235.31,12JUN26,63000,,C,BTC-12JUN26-63000-C
0.0011,0.0013,286.2,0.00115081,1780603595812,10.2,43.78,63461.89,BTC-31JUL26,63238.02,0.0012,63235.31,31JUL26,92000,,C,BTC-31JUL26-92000-C
0.01,0.011,41.3,0.01062895,1780603595812,89.8,48.55,63236.59,index_price,63238.02,0.0105,63235.31,8JUN26,62000,,P,BTC-8JUN26-62000-P
0.0675,0.0685,3597.0,0.06784102,1780603595812,55.1,44.28,63810.35,BTC-25SEP26,63238.02,0.068,63235.31,25SEP26,60000,,P,BTC-25SEP26-60000-P
,0.0001,1159.0,0.0,1780603595812,2.3,102.62,63222.61,BTC-5JUN26,63238.02,,63235.31,5JUN26,82000,,C,BTC-5JUN26-82000-C
0.2,0.2045,380.2,0.20237483,1780603595812,1.0,43.11,64394.64,BTC-25DEC26,63238.02,0.20225,63235.31,25DEC26,72000,,P,BTC-25DEC26-72000-P
0.2355,0.2385,1.0,0.23658001,1780603595812,0.0,47.74,65007.62,BTC-26MAR27,63238.02,0.237,63235.31,26MAR27,56000,,C,BTC-26MAR27-56000-C
0.0004,0.0007,1054.0,0.00054465,1780603595812,20.6,50.99,63291.63,BTC-26JUN26,63238.02,0.00055,63235.31,26JUN26,84000,,C,BTC-26JUN26-84000-C
0.077,0.0815,651.7,0.07905347,1780603595812,35.1,44.23,63240.93,BTC-12JUN26,63238.02,0.07925,63235.31,12JUN26,68000,,P,BTC-12JUN26-68000-P
0.1695,0.1745,1455.0,0.17209082,1780603595812,12.6,42.02,63291.63,BTC-26JUN26,63238.02,0.172,63235.31,26JUN26,74000,,P,BTC-26JUN26-74000-P
0.0695,0.071,38.9,0.06996753,1780603595812,17.7,43.49,63622.67,BTC-28AUG26,63238.02,0.07025,63235.31,28AUG26,62000,,P,BTC-28AUG26-62000-P
0.0015,0.0018,3.6,0.00158293,1780603595812,3.6,42.28,63236.59,index_price,63238.02,0.00165,63235.31,8JUN26,67000,,C,BTC-8JUN26-67000-C
0.306,0.3145,28.7,0.31089868,1780603595812,2.7,40.55,63461.89,BTC-31JUL26,63238.02,0.31025,63235.31,31JUL26,83000,,P,BTC-31JUL26-83000-P
4.49,4.888,0.3,4.68601718,1780603595812,0.0,102.24,63291.63,BTC-26JUN26,63238.02,4.689,63235.31,26JUN26,360000,,P,BTC-26JUN26-360000-P
0.0295,0.033,53.2,0.03091108,1780603595812,30.8,47.74,63236.59,index_price,63238.02,0.03125,63235.31,6JUN26,65000,,P,BTC-6JUN26-65000-P
,0.0001,1222.2,2.9e-07,1780603595812,0.0,85.89,63297.11,BTC-26JUN26,63238.02,,63235.31,26JUN26,160000,,C,BTC-26JUN26-160000-C
0.005,0.0055,2496.1,0.00509891,1780603595812,1022.4,41.43,63291.63,BTC-26JUN26,63238.02,0.00525,63235.31,26JUN26,72000,,C,BTC-26JUN26-72000-C
0.2045,0.207,39.7,0.20568775,1780603595812,0.0,47.08,64396.07,BTC-25DEC26,63238.02,0.20575,63235.31,25DEC26,56000,,C,BTC-25DEC26-56000-C
0.136,0.1395,0.0,0.13771876,1780603595812,0.0,60.64,63260.28,BTC-19JUN26,63238.02,0.13775,63235.31,19JUN26,55000,,C,BTC-19JUN26-55000-C
0.0375,0.0385,153.2,0.03782189,1780603595812,187.8,44.34,63291.63,BTC-26JUN26,63238.02,0.038,63235.31,26JUN26,64000,,C,BTC-26JUN26-64000-C
0.378,0.3875,1.7,0.38397859,1780603595812,0.7,43.26,65007.62,BTC-26MAR27,63238.02,0.38275,63235.31,26MAR27,86000,,P,BTC-26MAR27-86000-P
0.062,0.0965,0.0,0.08286618,1780603595812,0.0,107.96,63222.61,BTC-5JUN26,63238.02,0.07925,63235.31,5JUN26,58000,,C,BTC-5JUN26-58000-C
0.0315,0.033,935.1,0.03220258,1780603595812,53.9,54.7,65007.62,BTC-26MAR27,63238.02,0.03225,63235.31,26MAR27,40000,,P,BTC-26MAR27-40000-P
,0.0001,813.7,0.0,1780603595812,0.0,89.15,63291.63,BTC-26JUN26,63238.02,,63235.31,26JUN26,230000,,C,BTC-26JUN26-230000-C
0.013,0.0145,296.7,0.01373754,1780603595812,25.7,43.96,65007.62,BTC-26MAR27,63238.02,0.01375,63235.31,26MAR27,120000,,C,BTC-26MAR27-120000-C
0.218,0.2245,251.4,0.22206027,1780603595812,97.0,39.97,63461.89,BTC-31JUL26,63238.02,0.22125,63235.31,31JUL26,77000,,P,BTC-31JUL26-77000-P
2.2025,2.4345,0.0,2.31684336,1780603595812,0.0,86.33,63291.63,BTC-26JUN26,63238.02,2.3185,63235.31,26JUN26,210000,,P,BTC-26JUN26-210000-P
0.038,0.0455,0.5,0.04078786,1780603595812,0.5,54.28,63236.59,index_price,63238.02,0.04175,63235.31,7JUN26,61000,,C,BTC-7JUN26-61000-C
0.1055,0.109,1122.5,0.1071319,1780603595812,23.5,78.73,63222.61,BTC-5JUN26,63238.02,0.10725,63235.31,5JUN26,70000,,P,BTC-5JUN26-70000-P
,0.0002,824.1,7.67e-05,1780603595812,0.2,59.84,63815.83,BTC-25SEP26,63238.02,,63235.31,25SEP26,190000,,C,BTC-25SEP26-190000-C
0.029,0.032,9.2,0.03023948,1780603595812,9.6,48.55,63236.59,index_price,63238.02,0.0305,63235.31,8JUN26,62000,,C,BTC-8JUN26-62000-C
0.0745,0.1215,0.0,0.0846461,1780603595812,0.0,70.25,63236.59,index_price,63238.02,0.098,63235.31,7JUN26,58000,,C,BTC-7JUN26-58000-C
1.5925,1.78,1.9,1.68506374,1780603595812,0.0,85.89,63291.63,BTC-26JUN26,63238.02,1.68625,63235.31,26JUN26,170000,,P,BTC-26JUN26-170000-P
0.0965,0.099,64.8,0.09802093,1780603595812,0.0,47.74,65007.62,BTC-26MAR27,63238.02,0.09775,63235.31,26MAR27,56000,,P,BTC-26MAR27-56000-P
0.0018,0.0021,22.6,0.0020744,1780603595812,22.6,71.89,63236.59,index_price,63238.02,0.00195,63235.31,8JUN26,57000,,P,BTC-8JUN26-57000-P
0.353,0.416,0.0,0.39182081,1780603595812,0.0,102.62,63222.61,BTC-5JUN26,63238.02,0.3845,63235.31,5JUN26,88000,,P,BTC-5JUN26-88000-P
0.0049,0.0055,5.1,0.00516532,1780603595812,5.9,60.03,63236.59,index_price,63238.02,0.0052,63235.31,6JUN26,61500,,P,BTC-6JUN26-61500-P
0.092,0.094,68.2,0.09301733,1780603595812,10.9,42.63,63810.35,BTC-25SEP26,63238.02,0.093,63235.31,25SEP26,64000,,C,BTC-25SEP26-64000-C
0.1315,0.1355,0.0,0.13343149,1780603595812,0.0,47.77,63461.89,BTC-31JUL26,63238.02,0.1335,63235.31,31JUL26,57000,,C,BTC-31JUL26-57000-C
0.463,0.528,1.3,0.48163325,1780603595812,0.0,44.74,63461.89,BTC-31JUL26,63238.02,0.4955,63235.31,31JUL26,94000,,P,BTC-31JUL26-94000-P
0.0048,0.0055,65.2,0.00505721,1780603595812,33.2,42.43,63260.28,BTC-19JUN26,63238.02,0.00515,63235.31,19JUN26,70000,,C,BTC-19JUN26-70000-C
0.0027,0.003,217.9,0.00270548,1780603595812,209.9,44.71,63239.5,BTC-12JUN26,63238.02,0.00285,63235.31,12JUN26,69000,,C,BTC-12JUN26-69000-C
0.0115,0.012,52.1,0.01171277,1780603595812,66.6,43.6,63236.59,index_price,63238.02,0.01175,63235.31,8JUN26,64000,,C,BTC-8JUN26-64000-C
0.03,0.031,98.9,0.03056868,1780603595812,132.5,44.98,63260.28,BTC-19JUN26,63238.02,0.0305,63235.31,19JUN26,64000,,C,BTC-19JUN26-64000-C
0.05,0.098,0.0,0.06093511,1780603595812,0.0,42.28,63236.59,index_price,63238.02,0.074,63235.31,8JUN26,67000,,P,BTC-8JUN26-67000-P
0.3265,0.3305,13.2,0.32855622,1780603595812,15.0,102.62,63222.61,BTC-5JUN26,63238.02,0.3285,63235.31,5JUN26,84000,,P,BTC-5JUN26-84000-P
2.3275,2.5605,1.8,2.44644426,1780603595812,0.0,59.84,63815.83,BTC-25SEP26,63238.02,2.444,63235.31,25SEP26,220000,,P,BTC-25SEP26-220000-P
,0.0001,65.0,2.8e-07,1780603595812,19.5,84.22,63222.61,BTC-5JUN26,63238.02,,63235.31,5JUN26,71500,,C,BTC-5JUN26-71500-C
0.2705,0.2735,59.9,0.27149844,1780603595812,0.0,49.8,64396.07,BTC-25DEC26,63238.02,0.272,63235.31,25DEC26,50000,,C,BTC-25DEC26-50000-C
0.0002,0.0003,382.6,0.00022148,1780603595812,3.6,62.79,63239.5,BTC-12JUN26,63238.02,0.00025,63235.31,12JUN26,79000,,C,BTC-12JUN26-79000-C
,0.0001,551.1,0.0,1780603595812,1.0,102.62,63222.61,BTC-5JUN26,63238.02,,63235.31,5JUN26,81000,,C,BTC-5JUN26-81000-C
0.027,0.028,493.4,0.02762972,1780603595812,118.9,48.67,63461.89,BTC-31JUL26,63238.02,0.0275,63235.31,31JUL26,56000,,P,BTC-31JUL26-56000-P
0.0425,0.0935,1.3,0.07557423,1780603595812,0.0,46.39,63236.59,index_price,63238.02,0.068,63235.31,7JUN26,68000,,P,BTC-7JUN26-68000-P
0.0017,0.002,382.4,0.00180086,1780603595812,1.8,42.17,63461.89,BTC-31JUL26,63238.02,0.00185,63235.31,31JUL26,88000,,C,BTC-31JUL26-88000-C
0.0095,0.0105,2108.5,0.01002065,1780603595812,672.7,60.79,63810.35,BTC-25SEP26,63238.02,0.01,63235.31,25SEP26,40000,,P,BTC-25SEP26-40000-P
3.2355,3.542,0.0,3.38636739,1780603595812,0.0,63.11,63810.35,BTC-25SEP26,63238.02,3.38875,63235.31,25SEP26,280000,,P,BTC-25SEP26-280000-P
0.215,0.2205,131.2,0.21746351,1780603595812,1.1,58.85,63239.5,BTC-12JUN26,63238.02,0.21775,63235.31,12JUN26,77000,,P,BTC-12JUN26-77000-P
,0.0001,742.6,6e-08,1780603595813,7.0,90.68,63222.61,BTC-5JUN26,63238.02,,63235.31,5JUN26,73000,,C,BTC-5JUN26-73000-C
1.2115,1.3715,4.6,1.29020205,1780603595813,0.0,80.41,63291.63,BTC-26JUN26,63238.02,1.2915,63235.31,26JUN26,145000,,P,BTC-26JUN26-145000-P
0.129,0.1325,29.7,0.13085468,1780603595813,1.0,84.22,63222.61,BTC-5JUN26,63238.02,0.13075,63235.31,5JUN26,71500,,P,BTC-5JUN26-71500-P
0.0635,0.065,119.3,0.06412315,1780603595813,65.7,43.46,63461.89,BTC-31JUL26,63238.02,0.06425,63235.31,31JUL26,63000,,P,BTC-31JUL26-63000-P
0.7135,0.7835,1.1,0.73311616,1780603595813,0.0,53.81,63461.89,BTC-31JUL26,63238.02,0.7485,63235.31,31JUL26,110000,,P,BTC-31JUL26-110000-P
0.0004,0.0008,273.9,0.00053442,1780603595813,5.1,48.81,63461.89,BTC-31JUL26,63238.02,0.0006,63235.31,31JUL26,102000,,C,BTC-31JUL26-102000-C
0.0007,0.0009,279.6,0.00078908,1780603595813,2.1,45.57,63461.89,BTC-31JUL26,63238.02,0.0008,63235.31,31JUL26,96000,,C,BTC-31JUL26-96000-C
0.2935,0.374,0.0,0.32793238,1780603595813,0.0,73.41,63239.5,BTC-12JUN26,63238.02,0.33375,63235.31,12JUN26,84000,,P,BTC-12JUN26-84000-P
0.3295,0.3385,3.8,0.33506008,1780603595813,0.1,43.41,65007.62,BTC-26MAR27,63238.02,0.334,63235.31,26MAR27,82000,,P,BTC-26MAR27-82000-P
0.134,0.136,12.8,0.13510423,1780603595813,0.3,44.65,64396.07,BTC-25DEC26,63238.02,0.135,63235.31,25DEC26,64000,,C,BTC-25DEC26-64000-C
0.0855,0.1205,0.0,0.11618907,1780603595813,0.0,77.28,63236.59,index_price,63238.02,0.103,63235.31,8JUN26,56000,,C,BTC-8JUN26-56000-C
0.4485,0.566,0.6,0.50146704,1780603595813,0.2,43.12,65006.19,BTC-26MAR27,63238.02,0.50725,63235.31,26MAR27,95000,,P,BTC-26MAR27-95000-P
0.0004,0.0006,154.8,0.00041057,1780603595813,0.0,53.81,63467.37,BTC-31JUL26,63238.02,0.0005,63235.31,31JUL26,110000,,C,BTC-31JUL26-110000-C
0.019,0.0205,1331.5,0.01974074,1780603595813,4.8,42.13,64396.07,BTC-25DEC26,63238.02,0.01975,63235.31,25DEC26,95000,,C,BTC-25DEC26-95000-C
0.8615,0.9445,0.0,0.89049712,1780603595813,0.0,58.6,63461.89,BTC-31JUL26,63238.02,0.903,63235.31,31JUL26,120000,,P,BTC-31JUL26-120000-P
0.0042,0.0048,2287.8,0.00447594,1780603595813,44.5,40.95,63810.35,BTC-25SEP26,63238.02,0.0045,63235.31,25SEP26,95000,,C,BTC-25SEP26-95000-C
0.081,0.084,0.0,0.08257986,1780603595813,0.0,52.06,63260.28,BTC-19JUN26,63238.02,0.0825,63235.31,19JUN26,59000,,C,BTC-19JUN26-59000-C
0.4565,0.46,15.1,0.45793633,1780603595813,0.0,67.32,63810.35,BTC-25SEP26,63238.02,0.45825,63235.31,25SEP26,35000,,C,BTC-25SEP26-35000-C
0.059,0.062,6.3,0.06014981,1780603595813,0.3,43.32,63236.59,index_price,63238.02,0.0605,63235.31,7JUN26,67000,,P,BTC-7JUN26-67000-P
,0.0001,556.1,0.0,1780603595813,0.0,89.88,63291.63,BTC-26JUN26,63238.02,,63235.31,26JUN26,240000,,C,BTC-26JUN26-240000-C
2.5885,2.8525,0.0,2.72705064,1780603595813,0.0,59.42,64396.07,BTC-25DEC26,63238.02,2.7205,63235.31,25DEC26,240000,,P,BTC-25DEC26-240000-P
0.351,0.3605,0.0,0.35678118,1780603595813,0.0,39.85,63624.1,BTC-28AUG26,63238.02,0.35575,63235.31,28AUG26,86000,,P,BTC-28AUG26-86000-P
0.365,0.373,23.4,0.37025587,1780603595813,0.0,42.09,64396.07,BTC-25DEC26,63238.02,0.369,63235.31,25DEC26,86000,,P,BTC-25DEC26-86000-P
0.013,0.014,25.4,0.01359428,1780603595813,18.0,39.63,63624.1,BTC-28AUG26,63238.02,0.0135,63235.31,28AUG26,79000,,C,BTC-28AUG26-79000-C
,0.0004,1130.8,4.34e-05,1780603595813,3.1,59.84,63810.35,BTC-25SEP26,63238.02,,63235.31,25SEP26,200000,,C,BTC-25SEP26-200000-C
0.236,0.2835,4.1,0.2412765,1780603595813,0.0,39.65,63624.1,BTC-28AUG26,63238.02,0.25975,63235.31,28AUG26,78000,,P,BTC-28AUG26-78000-P
,0.0001,578.9,1.72e-06,1780603595813,37.4,78.73,63222.61,BTC-5JUN26,63238.02,,63235.31,5JUN26,70000,,C,BTC-5JUN26-70000-C
1.2245,1.4025,0.5,1.31278395,1780603595813,0.0,46.62,65006.19,BTC-26MAR27,63238.02,1.3135,63235.31,26MAR27,150000,,P,BTC-26MAR27-150000-P
0.0155,0.0165,1702.8,0.01601292,1780603595813,53.2,55.06,63810.35,BTC-25SEP26,63238.02,0.016,63235.31,25SEP26,45000,,P,BTC-25SEP26-45000-P
0.02,0.0215,88.7,0.02053531,1780603595813,5.5,43.42,65007.62,BTC-26MAR27,63238.02,0.02075,63235.31,26MAR27,110000,,C,BTC-26MAR27-110000-C
0.0003,0.0005,484.8,0.00035172,1780603595813,7.3,53.06,63815.83,BTC-25SEP26,63238.02,0.0004,63235.31,25SEP26,145000,,C,BTC-25SEP26-145000-C
0.011,0.012,121.2,0.01134777,1780603595813,17.2,44.25,65007.62,BTC-26MAR27,63238.02,0.0115,63235.31,26MAR27,125000,,C,BTC-26MAR27-125000-C
0.038,0.039,51.5,0.03878466,1780603595813,72.0,46.04,63261.71,BTC-19JUN26,63238.02,0.0385,63235.31,19JUN26,63000,,C,BTC-19JUN26-63000-C
0.0007,0.001,6.6,0.00080265,1780603595813,6.6,43.51,63236.59,index_price,63238.02,0.00085,63235.31,8JUN26,68000,,C,BTC-8JUN26-68000-C
1.2435,1.415,2.1,1.33087198,1780603595813,0.0,48.11,64394.64,BTC-25DEC26,63238.02,1.32925,63235.31,25DEC26,150000,,P,BTC-25DEC26-150000-P
0.0001,0.0004,828.8,0.00023047,1780603595813,0.0,56.29,63810.35,BTC-25SEP26,63238.02,0.00025,63235.31,25SEP26,160000,,C,BTC-25SEP26-160000-C
0.0065,0.007,111.9,0.00671009,1780603595813,190.4,57.21,63236.59,index_price,63238.02,0.00675,63235.31,6JUN26,62000,,P,BTC-6JUN26-62000-P
0.2935,0.299,207.2,0.29615553,1780603595813,2.0,48.71,63291.63,BTC-26JUN26,63238.02,0.29625,63235.31,26JUN26,82000,,P,BTC-26JUN26-82000-P
0.016,0.0175,195.3,0.01643364,1780603595813,5.6,42.24,64394.64,BTC-25DEC26,63238.02,0.01675,63235.31,25DEC26,98000,,C,BTC-25DEC26-98000-C
0.4485,0.518,0.0,0.4659761,1780603595813,0.0,44.28,63461.89,BTC-31JUL26,63238.02,0.48325,63235.31,31JUL26,93000,,P,BTC-31JUL26-93000-P
0.159,0.226,0.0,0.18591514,1780603595813,0.0,84.44,63236.59,index_price,63238.02,0.1925,63235.31,6JUN26,75000,,P,BTC-6JUN26-75000-P
0.0011,0.0014,33.6,0.00121936,1780603595813,38.5,76.06,63236.59,index_price,63238.02,0.00125,63235.31,7JUN26,57000,,P,BTC-7JUN26-57000-P
0.6785,0.739,0.0,0.68647521,1780603595813,0.0,42.98,64396.07,BTC-25DEC26,63238.02,0.70875,63235.31,25DEC26,108000,,P,BTC-25DEC26-108000-P
0.0995,0.1625,0.0,0.12263015,1780603595813,0.0,54.41,63236.59,index_price,63238.02,0.131,63235.31,7JUN26,71000,,P,BTC-7JUN26-71000-P
0.4475,0.484,0.0,0.47970624,1780603595813,0.0,41.64,63624.1,BTC-28AUG26,63238.02,0.46575,63235.31,28AUG26,94000,,P,BTC-28AUG26-94000-P
0.01,0.011,623.9,0.01049275,1780603595813,3.2,39.82,63810.35,BTC-25SEP26,63238.02,0.0105,63235.31,25SEP26,86000,,C,BTC-25SEP26-86000-C
0.0003,0.0005,55.2,0.00041439,1780603595813,81.3,104.41,63236.59,index_price,63238.02,0.0004,63235.31,6JUN26,55000,,P,BTC-6JUN26-55000-P
0.006,0.007,2548.8,0.0065076,1780603595813,203.2,43.67,64396.07,BTC-25DEC26,63238.02,0.0065,63235.31,25DEC26,115000,,C,BTC-25DEC26-115000-C
0.071,0.0725,599.8,0.07167182,1780603595813,339.2,42.91,63461.89,BTC-31JUL26,63238.02,0.07175,63235.31,31JUL26,64000,,P,BTC-31JUL26-64000-P
0.0009,0.0012,82.4,0.00105229,1780603595813,9.2,44.28,63461.89,BTC-31JUL26,63238.02,0.00105,63235.31,31JUL26,93000,,C,BTC-31JUL26-93000-C
1.077,1.247,0.0,1.16054263,1780603595813,0.0,45.52,65007.62,BTC-26MAR27,63238.02,1.162,63235.31,26MAR27,140000,,P,BTC-26MAR27-140000-P
0.1015,0.162,0.0,0.12273417,1780603595813,0.0,70.66,63236.59,index_price,63238.02,0.13175,63235.31,6JUN26,71000,,P,BTC-6JUN26-71000-P
0.0145,0.0155,70.6,0.01536843,1780603595813,94.4,52.43,63236.59,index_price,63238.02,0.015,63235.31,6JUN26,63000,,C,BTC-6JUN26-63000-C
0.289,0.2955,932.6,0.29342372,1780603595813,8.1,42.35,64396.07,BTC-25DEC26,63238.02,0.29225,63235.31,25DEC26,80000,,P,BTC-25DEC26-80000-P
0.0465,0.047,160.5,0.04679488,1780603595813,5.0,46.34,63810.35,BTC-25SEP26,63238.02,0.04675,63235.31,25SEP26,56000,,P,BTC-25SEP26-56000-P
0.019,0.02,156.6,0.01961826,1780603595813,149.9,51.96,63622.67,BTC-28AUG26,63238.02,0.0195,63235.31,28AUG26,50000,,P,BTC-28AUG26-50000-P
0.0205,0.0225,24.8,0.02119319,1780603595813,32.7,43.66,63236.59,index_price,63238.02,0.0215,63235.31,7JUN26,64000,,P,BTC-7JUN26-64000-P
0.1095,0.112,5.3,0.11068538,1780603595814,7.1,46.15,63461.89,BTC-31JUL26,63238.02,0.11075,63235.31,31JUL26,59000,,C,BTC-31JUL26-59000-C
0.203,0.208,84.4,0.20615384,1780603595814,1.2,44.64,65006.19,BTC-26MAR27,63238.02,0.2055,63235.31,26MAR27,70000,,P,BTC-26MAR27-70000-P
0.0026,0.0029,29.4,0.00284926,1780603595814,29.5,73.62,63239.5,BTC-12JUN26,63238.02,0.00275,63235.31,12JUN26,54000,,P,BTC-12JUN26-54000-P
0.3325,0.383,15.2,0.35698161,1780603595814,0.0,41.48,63461.89,BTC-31JUL26,63238.02,0.35775,63235.31,31JUL26,86000,,P,BTC-31JUL26-86000-P
0.168,0.171,2.6,0.16930465,1780603595814,2.2,45.72,65007.62,BTC-26MAR27,63238.02,0.1695,63235.31,26MAR27,64000,,C,BTC-26MAR27-64000-C
0.314,0.3205,157.8,0.31823388,1780603595814,0.0,42.19,64394.64,BTC-25DEC26,63238.02,0.31725,63235.31,25DEC26,82000,,P,BTC-25DEC26-82000-P
0.0145,0.0155,24.7,0.01543819,1780603595814,8.8,39.65,63622.67,BTC-28AUG26,63238.02,0.015,63235.31,28AUG26,78000,,C,BTC-28AUG26-78000-C
,0.0001,716.9,3e-08,1780603595814,0.0,95.69,63222.61,BTC-5JUN26,63238.02,,63235.31,5JUN26,74000,,C,BTC-5JUN26-74000-C
0.024,0.025,5256.4,0.02437612,1780603595814,2485.7,48.69,63291.63,BTC-26JUN26,63238.02,0.0245,63235.31,26JUN26,60000,,P,BTC-26JUN26-60000-P
0.4185,0.428,596.6,0.42459144,1780603595814,0.5,42.09,64396.07,BTC-25DEC26,63238.02,0.42325,63235.31,25DEC26,90000,,P,BTC-25DEC26-90000-P
0.0008,0.001,44.4,0.00084896,1780603595814,0.3,45.02,63461.89,BTC-31JUL26,63238.02,0.0009,63235.31,31JUL26,95000,,C,BTC-31JUL26-95000-C
0.0027,0.0032,22.4,0.00292219,1780603595814,0.0,41.21,63622.67,BTC-28AUG26,63238.02,0.00295,63235.31,28AUG26,92000,,C,BTC-28AUG26-92000-C
0.2965,0.2995,15.3,0.29758382,1780603595814,3.2,49.81,65007.62,BTC-26MAR27,63238.02,0.298,63235.31,26MAR27,50000,,C,BTC-26MAR27-50000-C
0.1985,0.2685,0.0,0.23315059,1780603595814,0.0,48.53,63260.28,BTC-19JUN26,63238.02,0.2335,63235.31,19JUN26,78000,,P,BTC-19JUN26-78000-P
0.232,0.239,461.0,0.23643177,1780603595814,50.9,40.0,63461.89,BTC-31JUL26,63238.02,0.2355,63235.31,31JUL26,78000,,P,BTC-31JUL26-78000-P
0.25,0.298,0.0,0.25485264,1780603595814,0.0,39.63,63622.67,BTC-28AUG26,63238.02,0.274,63235.31,28AUG26,79000,,P,BTC-28AUG26-79000-P
1.692,1.8925,0.0,1.79588324,1780603595814,0.0,52.42,64394.64,BTC-25DEC26,63238.02,1.79225,63235.31,25DEC26,180000,,P,BTC-25DEC26-180000-P
0.3585,0.391,0.0,0.38746565,1780603595814,0.0,40.26,63624.1,BTC-28AUG26,63238.02,0.37475,63235.31,28AUG26,88000,,P,BTC-28AUG26-88000-P
,0.0001,1180.5,2e-08,1780603595814,0.0,85.89,63291.63,BTC-26JUN26,63238.02,,63235.31,26JUN26,180000,,C,BTC-26JUN26-180000-C
0.4975,0.505,982.8,0.5010739,1780603595814,2.0,62.54,63291.63,BTC-26JUN26,63238.02,0.50125,63235.31,26JUN26,95000,,P,BTC-26JUN26-95000-P
0.5225,0.5985,0.1,0.54432476,1780603595814,0.0,46.27,63461.89,BTC-31JUL26,63238.02,0.5605,63235.31,31JUL26,98000,,P,BTC-31JUL26-98000-P
0.5035,0.515,0.0,0.51034771,1780603595814,0.0,42.23,63624.1,BTC-28AUG26,63238.02,0.50925,63235.31,28AUG26,96000,,P,BTC-28AUG26-96000-P
0.005,0.006,99.1,0.0055379,1780603595814,6.2,39.85,63622.67,BTC-28AUG26,63238.02,0.0055,63235.31,28AUG26,86000,,C,BTC-28AUG26-86000-C
0.0135,0.0145,2125.4,0.01428092,1780603595814,18.7,61.53,64396.07,BTC-25DEC26,63238.02,0.014,63235.31,25DEC26,35000,,P,BTC-25DEC26-35000-P
0.19,0.1965,213.7,0.19406205,1780603595814,3.5,39.98,63461.89,BTC-31JUL26,63238.02,0.19325,63235.31,31JUL26,75000,,P,BTC-31JUL26-75000-P
0.044,0.0475,29.1,0.04543438,1780603595814,15.7,42.31,63236.59,index_price,63238.02,0.04575,63235.31,7JUN26,66000,,P,BTC-7JUN26-66000-P
0.07,0.074,92.2,0.07189478,1780603595814,10.7,42.73,63260.28,BTC-19JUN26,63238.02,0.072,63235.31,19JUN26,67000,,P,BTC-19JUN26-67000-P
0.0003,0.0005,160.4,0.00030615,1780603595814,52.5,51.45,63236.59,index_price,63238.02,0.0004,63235.31,6JUN26,67500,,C,BTC-6JUN26-67500-C
0.2325,0.299,6.0,0.26479467,1780603595814,0.3,65.87,63239.5,BTC-12JUN26,63238.02,0.26575,63235.31,12JUN26,80000,,P,BTC-12JUN26-80000-P
1.269,1.43,0.7,1.35015039,1780603595814,0.0,54.32,63810.35,BTC-25SEP26,63238.02,1.3495,63235.31,25SEP26,150000,,P,BTC-25SEP26-150000-P
0.145,0.148,1.0,0.14648247,1780603595814,1.0,46.41,63622.67,BTC-28AUG26,63238.02,0.1465,63235.31,28AUG26,57000,,C,BTC-28AUG26-57000-C
0.0001,0.0003,33.6,0.00015394,1780603595814,33.7,49.87,63236.59,index_price,63238.02,0.0002,63235.31,8JUN26,71000,,C,BTC-8JUN26-71000-C
0.0043,0.0048,9.8,0.00458981,1780603595814,10.0,42.03,63236.59,index_price,63238.02,0.00455,63235.31,8JUN26,65500,,C,BTC-8JUN26-65500-C
0.0655,0.0675,1907.9,0.0667275,1780603595814,56.2,49.81,65007.62,BTC-26MAR27,63238.02,0.0665,63235.31,26MAR27,50000,,P,BTC-26MAR27-50000-P
0.1845,0.188,344.4,0.18621094,1780603595814,53.8,101.48,63222.61,BTC-5JUN26,63238.02,0.18625,63235.31,5JUN26,75000,,P,BTC-5JUN26-75000-P
0.002,0.0024,409.9,0.00214195,1780603595814,2.0,50.06,65007.62,BTC-26MAR27,63238.02,0.0022,63235.31,26MAR27,190000,,C,BTC-26MAR27-190000-C
0.0095,0.0105,2769.9,0.01010975,1780603595814,1519.8,56.51,63291.63,BTC-26JUN26,63238.02,0.01,63235.31,26JUN26,55000,,P,BTC-26JUN26-55000-P
0.2035,0.2105,457.2,0.20792388,1780603595814,0.3,39.96,63467.37,BTC-31JUL26,63238.02,0.207,63235.31,31JUL26,76000,,P,BTC-31JUL26-76000-P
0.008,0.009,2943.6,0.00837959,1780603595814,20.8,43.16,64396.07,BTC-25DEC26,63238.02,0.0085,63235.31,25DEC26,110000,,C,BTC-25DEC26-110000-C
0.0155,0.016,13.7,0.01576162,1780603595814,14.3,53.92,63622.67,BTC-28AUG26,63238.02,0.01575,63235.31,28AUG26,48000,,P,BTC-28AUG26-48000-P
0.0004,0.0007,356.3,0.00050525,1780603595814,0.0,50.19,63461.89,BTC-31JUL26,63238.02,0.00055,63235.31,31JUL26,104000,,C,BTC-31JUL26-104000-C
0.307,0.3895,0.0,0.34340491,1780603595814,0.0,57.86,63260.28,BTC-19JUN26,63238.02,0.34825,63235.31,19JUN26,85000,,P,BTC-19JUN26-85000-P
0.3815,0.391,4.8,0.38710748,1780603595814,0.0,39.93,63810.35,BTC-25SEP26,63238.02,0.38625,63235.31,25SEP26,88000,,P,BTC-25SEP26-88000-P
2.66,2.925,0.1,2.79067812,1780603595814,0.0,89.88,63291.63,BTC-26JUN26,63238.02,2.7925,63235.31,26JUN26,240000,,P,BTC-26JUN26-240000-P
0.0033,0.0037,32.5,0.00359971,1780603595814,41.3,61.46,63236.59,index_price,63238.02,0.0035,63235.31,8JUN26,59000,,P,BTC-8JUN26-59000-P
0.0085,0.0095,35.4,0.0087818,1780603595814,73.7,54.65,63236.59,index_price,63238.02,0.009,63235.31,6JUN26,62500,,P,BTC-6JUN26-62500-P
0.069,0.0715,2.3,0.07023288,1780603595814,2.3,50.29,63260.28,BTC-19JUN26,63238.02,0.07025,63235.31,19JUN26,60000,,C,BTC-19JUN26-60000-C
0.2635,0.2695,18.5,0.26693994,1780603595814,0.2,43.88,65007.62,BTC-26MAR27,63238.02,0.2665,63235.31,26MAR27,76000,,P,BTC-26MAR27-76000-P
0.029,0.03,788.1,0.02962213,1780603595814,181.2,39.92,63815.83,BTC-25SEP26,63238.02,0.0295,63235.31,25SEP26,76000,,C,BTC-25SEP26-76000-C
0.2285,0.3085,1.0,0.26460061,1780603595814,1.0,51.3,63260.28,BTC-19JUN26,63238.02,0.2685,63235.31,19JUN26,80000,,P,BTC-19JUN26-80000-P
0.0145,0.0155,2062.2,0.01479273,1780603595814,1187.6,41.73,63291.63,BTC-26JUN26,63238.02,0.015,63235.31,26JUN26,68000,,C,BTC-26JUN26-68000-C
0.025,0.028,14.1,0.02630914,1780603595814,24.0,42.91,63236.59,index_price,63238.02,0.0265,63235.31,7JUN26,64500,,P,BTC-7JUN26-64500-P
0.0014,0.0018,1686.9,0.00152329,1780603595814,108.3,44.34,63810.35,BTC-25SEP26,63238.02,0.0016,63235.31,25SEP26,110000,,C,BTC-25SEP26-110000-C
0.0445,0.046,208.9,0.04494868,1780603595814,17.7,42.19,64394.64,BTC-25DEC26,63238.02,0.04525,63235.31,25DEC26,82000,,C,BTC-25DEC26-82000-C
0.0001,0.0002,1595.9,0.00013349,1780603595814,0.0,72.52,63291.63,BTC-26JUN26,63238.02,0.00015,63235.31,26JUN26,105000,,C,BTC-26JUN26-105000-C
0.138,0.143,603.9,0.14033457,1780603595814,113.6,42.78,63260.28,BTC-19JUN26,63238.02,0.1405,63235.31,19JUN26,72000,,P,BTC-19JUN26-72000-P
0.042,0.043,2655.7,0.04252297,1780603595814,45.5,46.94,63810.35,BTC-25SEP26,63238.02,0.0425,63235.31,25SEP26,55000,,P,BTC-25SEP26-55000-P
0.057,0.058,2882.4,0.05745067,1780603595814,1001.9,43.5,63291.63,BTC-26JUN26,63238.02,0.0575,63235.31,26JUN26,65000,,P,BTC-26JUN26-65000-P
1.012,1.096,52.1,1.02197834,1780603595814,0.0,45.46,64396.07,BTC-25DEC26,63238.02,1.054,63235.31,25DEC26,130000,,P,BTC-25DEC26-130000-P
0.01,0.011,192.0,0.01038744,1780603595814,0.0,42.8,64394.64,BTC-25DEC26,63238.02,0.0105,63235.31,25DEC26,106000,,C,BTC-25DEC26-106000-C
0.5425,0.5455,248.0,0.54334714,1780603595814,0.0,66.98,64396.07,BTC-25DEC26,63238.02,0.544,63235.31,25DEC26,30000,,C,BTC-25DEC26-30000-C
0.0007,0.0011,920.6,0.00086694,1780603595814,1.0,52.42,64396.07,BTC-25DEC26,63238.02,0.0009,63235.31,25DEC26,180000,,C,BTC-25DEC26-180000-C
0.091,0.096,171.5,0.09340006,1780603595814,0.4,44.71,63239.5,BTC-12JUN26,63238.02,0.0935,63235.31,12JUN26,69000,,P,BTC-12JUN26-69000-P
0.106,0.11,409.2,0.10820374,1780603595814,9.9,41.09,63461.89,BTC-31JUL26,63238.02,0.108,63235.31,31JUL26,68000,,P,BTC-31JUL26-68000-P
0.194,0.198,114.5,0.19563972,1780603595814,0.0,40.16,63815.83,BTC-25SEP26,63238.02,0.196,63235.31,25SEP26,74000,,P,BTC-25SEP26-74000-P
0.649,0.6655,0.1,0.65634148,1780603595814,0.0,42.8,64394.64,BTC-25DEC26,63238.02,0.65725,63235.31,25DEC26,106000,,P,BTC-25DEC26-106000-P
0.3215,0.3305,0.0,0.32695571,1780603595814,0.0,39.71,63624.1,BTC-28AUG26,63238.02,0.326,63235.31,28AUG26,84000,,P,BTC-28AUG26-84000-P
0.403,0.412,0.2,0.4092435,1780603595814,0.0,43.2,65006.19,BTC-26MAR27,63238.02,0.4075,63235.31,26MAR27,88000,,P,BTC-26MAR27-88000-P
0.006,0.007,27.1,0.00629937,1780603595814,27.7,42.19,63236.59,index_price,63238.02,0.0065,63235.31,8JUN26,65000,,C,BTC-8JUN26-65000-C
2.5075,2.7615,6.4,2.6327332,1780603595814,0.0,89.15,63291.63,BTC-26JUN26,63238.02,2.6345,63235.31,26JUN26,230000,,P,BTC-26JUN26-230000-P
1.2875,1.4535,2.3,1.36917441,1780603595814,0.0,82.85,63291.63,BTC-26JUN26,63238.02,1.3705,63235.31,26JUN26,150000,,P,BTC-26JUN26-150000-P
0.0001,0.0002,1319.9,0.00013408,1780603595814,0.3,78.42,63297.11,BTC-26JUN26,63238.02,0.00015,63235.31,26JUN26,110000,,C,BTC-26JUN26-110000-C
0.055,0.056,28.6,0.05533949,1780603595814,21.3,46.3,63291.63,BTC-26JUN26,63238.02,0.0555,63235.31,26JUN26,62000,,C,BTC-26JUN26-62000-C
,0.0001,65.9,3e-08,1780603595827,0.3,91.76,63222.61,BTC-5JUN26,63238.02,,63235.31,5JUN26,73500,,C,BTC-5JUN26-73500-C
0.0015,0.0018,133.0,0.00159455,1780603595827,0.3,42.53,63461.89,BTC-31JUL26,63238.02,0.00165,63235.31,31JUL26,89000,,C,BTC-31JUL26-89000-C
,0.0001,651.0,6.9e-07,1780603595827,0.0,80.41,63291.63,BTC-26JUN26,63238.02,,63235.31,26JUN26,145000,,C,BTC-26JUN26-145000-C
0.0835,0.1455,0.0,0.10688851,1780603595827,0.0,52.3,63236.59,index_price,63238.02,0.1145,63235.31,7JUN26,70000,,P,BTC-7JUN26-70000-P
,0.0001,198.4,0.0,1780603595827,0.0,91.06,63291.63,BTC-26JUN26,63238.02,,63235.31,26JUN26,260000,,C,BTC-26JUN26-260000-C
0.031,0.0315,2.1,0.03128802,1780603595827,2.1,47.77,63461.89,BTC-31JUL26,63238.02,0.03125,63235.31,31JUL26,57000,,P,BTC-31JUL26-57000-P
0.1125,0.1145,712.6,0.11355864,1780603595827,115.8,45.15,64396.07,BTC-25DEC26,63238.02,0.1135,63235.31,25DEC26,62000,,P,BTC-25DEC26-62000-P
0.3095,0.313,148.4,0.31106132,1780603595827,0.0,55.06,63810.35,BTC-25SEP26,63238.02,0.31125,63235.31,25SEP26,45000,,C,BTC-25SEP26-45000-C
0.196,0.1995,0.0,0.19758138,1780603595827,0.0,52.65,63461.89,BTC-31JUL26,63238.02,0.19775,63235.31,31JUL26,52000,,C,BTC-31JUL26-52000-C
0.307,0.3905,21.5,0.34373994,1780603595827,21.5,76.13,63239.5,BTC-12JUN26,63238.02,0.34875,63235.31,12JUN26,85000,,P,BTC-12JUN26-85000-P
0.0021,0.0025,10.9,0.00233095,1780603595827,11.4,77.06,63239.5,BTC-12JUN26,63238.02,0.0023,63235.31,12JUN26,53000,,P,BTC-12JUN26-53000-P
0.0017,0.002,317.7,0.00181194,1780603595827,10.6,50.97,65007.62,BTC-26MAR27,63238.02,0.00185,63235.31,26MAR27,200000,,C,BTC-26MAR27-200000-C
0.0001,0.0002,47.3,0.00010703,1780603595827,11.6,61.08,63236.59,index_price,63238.02,0.00015,63235.31,6JUN26,69500,,C,BTC-6JUN26-69500-C
0.5025,0.559,0.1,0.51296851,1780603595827,0.0,45.57,63461.89,BTC-31JUL26,63238.02,0.53075,63235.31,31JUL26,96000,,P,BTC-31JUL26-96000-P
0.0014,0.0017,15.3,0.00161776,1780603595827,17.1,77.28,63236.59,index_price,63238.02,0.00155,63235.31,8JUN26,56000,,P,BTC-8JUN26-56000-P
0.013,0.014,43.2,0.01341106,1780603595827,43.7,46.07,63236.59,index_price,63238.02,0.0135,63235.31,7JUN26,63000,,P,BTC-7JUN26-63000-P
,0.0001,4266.9,9.348e-05,1780603595827,527.1,160.25,63291.63,BTC-26JUN26,63238.02,,63235.31,26JUN26,20000,,P,BTC-26JUN26-20000-P
0.0905,0.136,0.0,0.12275103,1780603595827,0.0,49.87,63236.59,index_price,63238.02,0.11325,63235.31,8JUN26,71000,,P,BTC-8JUN26-71000-P
0.036,0.0395,96.5,0.03762293,1780603595827,56.9,47.7,63236.59,index_price,63238.02,0.03775,63235.31,6JUN26,65500,,P,BTC-6JUN26-65500-P
1.094,1.255,0.2,1.17623077,1780603595827,0.0,46.79,64396.07,BTC-25DEC26,63238.02,1.1745,63235.31,25DEC26,140000,,P,BTC-25DEC26-140000-P
0.911,1.0275,21.6,0.95894183,1780603595827,0.0,48.38,63810.35,BTC-25SEP26,63238.02,0.96925,63235.31,25SEP26,125000,,P,BTC-25SEP26-125000-P
0.244,0.3165,0.1,0.28054325,1780603595827,0.0,66.58,63239.5,BTC-12JUN26,63238.02,0.28025,63235.31,12JUN26,81000,,P,BTC-12JUN26-81000-P
0.1055,0.109,126.2,0.10695089,1780603595827,1.4,65.24,63236.59,index_price,63238.02,0.10725,63235.31,6JUN26,70000,,P,BTC-6JUN26-70000-P
0.416,0.453,1.0,0.44843825,1780603595827,0.0,41.21,63624.1,BTC-28AUG26,63238.02,0.4345,63235.31,28AUG26,92000,,P,BTC-28AUG26-92000-P
0.0125,0.013,91.1,0.012828,1780603595827,133.1,44.57,63236.59,index_price,63238.02,0.01275,63235.31,7JUN26,63500,,C,BTC-7JUN26-63500-C
0.0015,0.0017,91.0,0.00162806,1780603595828,123.4,76.09,63236.59,index_price,63238.02,0.0016,63235.31,6JUN26,59000,,P,BTC-6JUN26-59000-P
0.088,0.0915,2.3,0.08990152,1780603595828,2.3,59.98,63239.5,BTC-12JUN26,63238.02,0.08975,63235.31,12JUN26,58000,,C,BTC-12JUN26-58000-C
0.5425,0.66,0.0,0.59814561,1780603595828,0.0,43.17,65007.62,BTC-26MAR27,63238.02,0.60125,63235.31,26MAR27,102000,,P,BTC-26MAR27-102000-P
0.1975,0.2035,26.7,0.20070197,1780603595828,2.5,39.66,63622.67,BTC-28AUG26,63238.02,0.2005,63235.31,28AUG26,75000,,P,BTC-28AUG26-75000-P
,0.0001,1021.1,0.0,1780603595828,7.8,102.27,63222.61,BTC-5JUN26,63238.02,,63235.31,5JUN26,76000,,C,BTC-5JUN26-76000-C
0.1395,0.143,257.0,0.14141268,1780603595828,32.4,56.51,63291.63,BTC-26JUN26,63238.02,0.14125,63235.31,26JUN26,55000,,C,BTC-26JUN26-55000-C
0.0375,0.0395,65.5,0.03828721,1780603595828,5.0,43.13,65007.62,BTC-26MAR27,63238.02,0.0385,63235.31,26MAR27,96000,,C,BTC-26MAR27-96000-C
0.5315,0.576,0.1,0.53871823,1780603595828,0.0,41.53,63810.35,BTC-25SEP26,63238.02,0.55375,63235.31,25SEP26,98000,,P,BTC-25SEP26-98000-P
0.382,0.3855,31.4,0.38339701,1780603595828,0.0,60.79,63810.35,BTC-25SEP26,63238.02,0.38375,63235.31,25SEP26,40000,,C,BTC-25SEP26-40000-C
0.0165,0.0175,17.3,0.01746833,1780603595828,16.7,39.64,63622.67,BTC-28AUG26,63238.02,0.017,63235.31,28AUG26,77000,,C,BTC-28AUG26-77000-C
0.014,0.015,330.3,0.01460295,1780603595828,347.5,44.99,63239.5,BTC-12JUN26,63238.02,0.0145,63235.31,12JUN26,65000,,C,BTC-12JUN26-65000-C
0.0002,0.0005,322.0,0.00023643,1780603595828,2.4,54.71,63815.83,BTC-25SEP26,63238.02,0.00035,63235.31,25SEP26,155000,,C,BTC-25SEP26-155000-C
0.2925,0.301,0.0,0.29798241,1780603595828,0.0,39.67,63624.1,BTC-28AUG26,63238.02,0.29675,63235.31,28AUG26,82000,,P,BTC-28AUG26-82000-P
0.0085,0.0095,3373.6,0.00875688,1780603595828,833.8,41.32,63297.11,BTC-26JUN26,63238.02,0.009,63235.31,26JUN26,70000,,C,BTC-26JUN26-70000-C
0.0045,0.005,38.4,0.00482334,1780603595828,38.7,65.62,63260.28,BTC-19JUN26,63238.02,0.00475,63235.31,19JUN26,53000,,P,BTC-19JUN26-53000-P
0.051,0.055,209.3,0.05303649,1780603595828,54.3,44.25,63239.5,BTC-12JUN26,63238.02,0.053,63235.31,12JUN26,66000,,P,BTC-12JUN26-66000-P
0.18,0.1835,1093.4,0.18224199,1780603595828,31.7,43.43,64396.07,BTC-25DEC26,63238.02,0.18175,63235.31,25DEC26,70000,,P,BTC-25DEC26-70000-P
0.13,0.1315,597.6,0.13060551,1780603595828,15.0,41.38,63810.35,BTC-25SEP26,63238.02,0.13075,63235.31,25SEP26,68000,,P,BTC-25SEP26-68000-P
0.153,0.156,532.4,0.15457869,1780603595828,27.4,90.68,63222.61,BTC-5JUN26,63238.02,0.1545,63235.31,5JUN26,73000,,P,BTC-5JUN26-73000-P
0.0002,0.0003,1382.4,0.00022125,1780603595828,10.7,65.87,63240.93,BTC-12JUN26,63238.02,0.00025,63235.31,12JUN26,80000,,C,BTC-12JUN26-80000-C
0.0039,0.0046,623.6,0.00416624,1780603595828,5.0,44.91,64396.07,BTC-25DEC26,63238.02,0.00425,63235.31,25DEC26,125000,,C,BTC-25DEC26-125000-C
0.0065,0.0675,0.0,0.03417152,1780603595828,0.0,51.85,63236.59,index_price,63238.02,0.037,63235.31,7JUN26,61500,,C,BTC-7JUN26-61500-C
0.039,0.0415,80.8,0.04009405,1780603595828,9.0,43.12,65006.19,BTC-26MAR27,63238.02,0.04025,63235.31,26MAR27,95000,,C,BTC-26MAR27-95000-C
0.0945,0.096,1026.9,0.0952912,1780603595828,6.8,43.43,64396.07,BTC-25DEC26,63238.02,0.09525,63235.31,25DEC26,70000,,C,BTC-25DEC26-70000-C
0.006,0.007,250.8,0.00657903,1780603595828,22.8,40.01,63461.89,BTC-31JUL26,63238.02,0.0065,63235.31,31JUL26,79000,,C,BTC-31JUL26-79000-C
0.0085,0.0095,1622.0,0.00918319,1780603595828,40.3,66.98,64394.64,BTC-25DEC26,63238.02,0.009,63235.31,25DEC26,30000,,P,BTC-25DEC26-30000-P
0.0665,0.0705,0.0,0.06871827,1780603595828,0.0,76.09,63236.59,index_price,63238.02,0.0685,63235.31,6JUN26,59000,,C,BTC-6JUN26-59000-C
0.0003,0.0007,1124.2,0.00045076,1780603595828,7.6,52.37,63810.35,BTC-25SEP26,63238.02,0.0005,63235.31,25SEP26,140000,,C,BTC-25SEP26-140000-C
0.014,0.0155,2434.4,0.01455645,1780603595828,27.2,42.33,64394.64,BTC-25DEC26,63238.02,0.01475,63235.31,25DEC26,100000,,C,BTC-25DEC26-100000-C
1.723,1.9145,7.3,1.81994241,1780603595828,0.0,59.82,63810.35,BTC-25SEP26,63238.02,1.81875,63235.31,25SEP26,180000,,P,BTC-25SEP26-180000-P
0.177,0.1825,141.8,0.18044963,1780603595828,8.2,39.97,63467.37,BTC-31JUL26,63238.02,0.17975,63235.31,31JUL26,74000,,P,BTC-31JUL26-74000-P
0.3365,0.3685,21.8,0.34154553,1780603595828,0.0,41.12,63461.89,BTC-31JUL26,63238.02,0.3525,63235.31,31JUL26,85000,,P,BTC-31JUL26-85000-P
0.137,0.1395,137.2,0.13828396,1780603595828,21.0,46.14,65007.62,BTC-26MAR27,63238.02,0.13825,63235.31,26MAR27,62000,,P,BTC-26MAR27-62000-P
0.153,0.1585,110.6,0.15546819,1780603595828,0.6,43.42,63260.28,BTC-19JUN26,63238.02,0.15575,63235.31,19JUN26,73000,,P,BTC-19JUN26-73000-P
0.311,0.3145,5.8,0.31274008,1780603595828,2.3,102.62,63222.61,BTC-5JUN26,63238.02,0.31275,63235.31,5JUN26,83000,,P,BTC-5JUN26-83000-P
0.593,0.649,0.4,0.60047645,1780603595828,0.0,42.43,63810.35,BTC-25SEP26,63238.02,0.621,63235.31,25SEP26,102000,,P,BTC-25SEP26-102000-P
0.1235,0.1265,7.0,0.12483989,1780603595828,1.0,45.16,63622.67,BTC-28AUG26,63238.02,0.125,63235.31,28AUG26,59000,,C,BTC-28AUG26-59000-C
,0.0001,308.5,0.0,1780603595828,0.0,95.76,63291.63,BTC-26JUN26,63238.02,,63235.31,26JUN26,300000,,C,BTC-26JUN26-300000-C
0.0175,0.018,117.5,0.01772941,1780603595828,123.0,43.24,63260.28,BTC-19JUN26,63238.02,0.01775,63235.31,19JUN26,66000,,C,BTC-19JUN26-66000-C
0.0975,0.1015,0.0,0.09950584,1780603595828,0.0,90.41,63236.59,index_price,63238.02,0.0995,63235.31,6JUN26,57000,,C,BTC-6JUN26-57000-C
0.1135,0.1165,14.2,0.11503912,1780603595828,0.6,80.22,63222.61,BTC-5JUN26,63238.02,0.115,63235.31,5JUN26,70500,,P,BTC-5JUN26-70500-P
0.007,0.008,29.3,0.00762544,1780603595828,94.1,49.54,63236.59,index_price,63238.02,0.0075,63235.31,6JUN26,64000,,C,BTC-6JUN26-64000-C
0.0105,0.0115,830.5,0.01094719,1780603595828,4.0,42.69,64396.07,BTC-25DEC26,63238.02,0.011,63235.31,25DEC26,105000,,C,BTC-25DEC26-105000-C
,0.0001,107.8,1.63e-06,1780603595828,37.2,73.31,63222.61,BTC-5JUN26,63238.02,,63235.31,5JUN26,69500,,C,BTC-5JUN26-69500-C
0.086,0.0875,167.3,0.08680136,1780603595828,33.4,46.37,64396.07,BTC-25DEC26,63238.02,0.08675,63235.31,25DEC26,58000,,P,BTC-25DEC26-58000-P
0.2465,0.254,172.9,0.25097669,1780603595828,0.0,40.01,63461.89,BTC-31JUL26,63238.02,0.25025,63235.31,31JUL26,79000,,P,BTC-31JUL26-79000-P
0.025,0.028,7.0,0.0263642,1780603595828,7.8,57.21,63236.59,index_price,63238.02,0.0265,63235.31,6JUN26,62000,,C,BTC-6JUN26-62000-C
0.1065,0.111,652.9,0.10829552,1780603595828,10.2,45.57,63239.5,BTC-12JUN26,63238.02,0.10875,63235.31,12JUN26,70000,,P,BTC-12JUN26-70000-P
1.194,1.3495,0.2,1.27186242,1780603595828,0.0,53.06,63815.83,BTC-25SEP26,63238.02,1.27175,63235.31,25SEP26,145000,,P,BTC-25SEP26-145000-P
0.025,0.0255,315.2,0.02519158,1780603595828,287.6,47.71,63239.5,BTC-12JUN26,63238.02,0.02525,63235.31,12JUN26,63000,,P,BTC-12JUN26-63000-P
0.2305,0.2365,70.6,0.23321729,1780603595828,0.4,60.75,63239.5,BTC-12JUN26,63238.02,0.2335,63235.31,12JUN26,78000,,P,BTC-12JUN26-78000-P
0.015,0.016,44.0,0.01508153,1780603595828,91.1,50.61,63236.59,index_price,63238.02,0.0155,63235.31,6JUN26,63500,,P,BTC-6JUN26-63500-P
0.051,0.0545,86.8,0.05222689,1780603595828,2.6,48.75,63236.59,index_price,63238.02,0.05275,63235.31,6JUN26,66500,,P,BTC-6JUN26-66500-P
0.6235,0.709,0.0,0.65067172,1780603595828,0.0,44.52,63622.67,BTC-28AUG26,63238.02,0.66625,63235.31,28AUG26,105000,,P,BTC-28AUG26-105000-P
0.0095,0.0105,69.1,0.00977119,1780603595828,129.5,50.31,63222.61,BTC-5JUN26,63238.02,0.01,63235.31,5JUN26,63500,,P,BTC-5JUN26-63500-P
,0.0001,1138.8,4.772e-05,1780603595828,20.0,81.2,63239.5,BTC-12JUN26,63238.02,,63235.31,12JUN26,90000,,C,BTC-12JUN26-90000-C
0.4745,0.4845,5.2,0.48062651,1780603595828,0.0,42.1,64396.07,BTC-25DEC26,63238.02,0.4795,63235.31,25DEC26,94000,,P,BTC-25DEC26-94000-P
0.0885,0.0895,324.8,0.08865882,1780603595828,91.1,41.91,63461.89,BTC-31JUL26,63238.02,0.089,63235.31,31JUL26,66000,,P,BTC-31JUL26-66000-P
0.0003,0.0008,225.0,0.00047827,1780603595828,1.4,57.47,64394.64,BTC-25DEC26,63238.02,0.00055,63235.31,25DEC26,220000,,C,BTC-25DEC26-220000-C
0.176,0.2415,0.0,0.20172546,1780603595828,0.0,89.41,63236.59,index_price,63238.02,0.20875,63235.31,6JUN26,76000,,P,BTC-6JUN26-76000-P
0.08,0.0825,940.1,0.08105048,1780603595828,4.7,43.56,65007.62,BTC-26MAR27,63238.02,0.08125,63235.31,26MAR27,80000,,C,BTC-26MAR27-80000-C
1.647,1.834,0.2,1.74165949,1780603595828,0.0,59.79,63810.35,BTC-25SEP26,63238.02,1.7405,63235.31,25SEP26,175000,,P,BTC-25SEP26-175000-P
0.051,0.0545,16.7,0.05267387,1780603595828,0.7,42.68,63236.59,index_price,63238.02,0.05275,63235.31,7JUN26,66500,,P,BTC-7JUN26-66500-P
0.0745,0.076,85.8,0.07524838,1780603595828,13.5,47.08,64396.07,BTC-25DEC26,63238.02,0.07525,63235.31,25DEC26,56000,,P,BTC-25DEC26-56000-P
0.0215,0.023,103.0,0.02229213,1780603595828,98.1,39.66,63622.67,BTC-28AUG26,63238.02,0.02225,63235.31,28AUG26,75000,,C,BTC-28AUG26-75000-C
0.0145,0.017,13.3,0.01544922,1780603595828,13.3,58.16,63222.61,BTC-5JUN26,63238.02,0.01575,63235.31,5JUN26,62500,,C,BTC-5JUN26-62500-C
0.0205,0.022,98.0,0.02100689,1780603595828,29.6,42.1,64396.07,BTC-25DEC26,63238.02,0.02125,63235.31,25DEC26,94000,,C,BTC-25DEC26-94000-C
0.0001,0.0002,47.0,0.00013264,1780603595828,33.2,58.52,63236.59,index_price,63238.02,0.00015,63235.31,6JUN26,69000,,C,BTC-6JUN26-69000-C
0.032,0.033,276.4,0.03220165,1780603595828,45.8,40.04,63624.1,BTC-28AUG26,63238.02,0.0325,63235.31,28AUG26,72000,,C,BTC-28AUG26-72000-C
0.168,0.1705,10.2,0.16952178,1780603595828,1.5,46.34,63810.35,BTC-25SEP26,63238.02,0.16925,63235.31,25SEP26,56000,,C,BTC-25SEP26-56000-C
0.1085,0.1105,29.7,0.10956945,1780603595828,16.3,43.4,63810.35,BTC-25SEP26,63238.02,0.1095,63235.31,25SEP26,62000,,C,BTC-25SEP26-62000-C
0.0002,0.0003,20.1,0.00024124,1780603595828,12.5,49.06,63236.59,index_price,63238.02,0.00025,63235.31,7JUN26,69000,,C,BTC-7JUN26-69000-C
0.035,0.036,465.7,0.03540611,1780603595828,181.8,46.93,63461.89,BTC-31JUL26,63238.02,0.0355,63235.31,31JUL26,58000,,P,BTC-31JUL26-58000-P
0.0425,0.043,92.2,0.04273913,1780603595828,80.0,41.47,63461.89,BTC-31JUL26,63238.02,0.04275,63235.31,31JUL26,67000,,C,BTC-31JUL26-67000-C
0.0535,0.0545,1514.7,0.05409639,1780603595828,334.6,40.89,63810.35,BTC-25SEP26,63238.02,0.054,63235.31,25SEP26,70000,,C,BTC-25SEP26-70000-C
0.0024,0.0027,16.6,0.00265617,1780603595828,17.4,66.5,63236.59,index_price,63238.02,0.00255,63235.31,8JUN26,58000,,P,BTC-8JUN26-58000-P
2.933,3.208,0.0,3.0730565,1780603595828,0.0,61.4,63810.35,BTC-25SEP26,63238.02,3.0705,63235.31,25SEP26,260000,,P,BTC-25SEP26-260000-P
,0.0001,176.0,1.4e-07,1780603595828,0.0,85.89,63291.63,BTC-26JUN26,63238.02,,63235.31,26JUN26,165000,,C,BTC-26JUN26-165000-C
0.2225,0.2305,3.8,0.22758603,1780603595828,0.1,39.64,63624.1,BTC-28AUG26,63238.02,0.2265,63235.31,28AUG26,77000,,P,BTC-28AUG26-77000-P
0.018,0.0185,722.4,0.01836155,1780603595828,638.8,50.29,63260.28,BTC-19JUN26,63238.02,0.01825,63235.31,19JUN26,60000,,P,BTC-19JUN26-60000-P
0.066,0.068,1412.6,0.06700049,1780603595828,118.5,42.76,63291.63,BTC-26JUN26,63238.02,0.067,63235.31,26JUN26,66000,,P,BTC-26JUN26-66000-P
0.023,0.025,13.3,0.02373731,1780603595828,14.6,43.6,63236.59,index_price,63238.02,0.024,63235.31,8JUN26,64000,,P,BTC-8JUN26-64000-P
0.071,0.1265,0.0,0.09857673,1780603595828,0.0,115.34,63222.61,BTC-5JUN26,63238.02,0.09875,63235.31,5JUN26,57000,,C,BTC-5JUN26-57000-C
0.7055,0.7215,53.3,0.7164451,1780603595828,0.6,43.16,64394.64,BTC-25DEC26,63238.02,0.7135,63235.31,25DEC26,110000,,P,BTC-25DEC26-110000-P
0.11,0.1115,6.8,0.11039861,1780603595828,4.6,41.36,63622.67,BTC-28AUG26,63238.02,0.11075,63235.31,28AUG26,67000,,P,BTC-28AUG26-67000-P
0.2475,0.251,86.8,0.2494755,1780603595829,1.0,102.56,63222.61,BTC-5JUN26,63238.02,0.24925,63235.31,5JUN26,79000,,P,BTC-5JUN26-79000-P
0.9355,1.004,8.5,0.94514978,1780603595829,0.0,44.91,64396.07,BTC-25DEC26,63238.02,0.96975,63235.31,25DEC26,125000,,P,BTC-25DEC26-125000-P
0.56,0.622,0.0,0.57574152,1780603595829,0.0,47.27,63467.37,BTC-31JUL26,63238.02,0.591,63235.31,31JUL26,100000,,P,BTC-31JUL26-100000-P
0.019,0.021,179.6,0.01959538,1780603595829,128.4,49.54,63236.59,index_price,63238.02,0.02,63235.31,6JUN26,64000,,P,BTC-6JUN26-64000-P
0.617,0.7265,0.0,0.6702017,1780603595829,0.0,51.83,63467.37,BTC-31JUL26,63238.02,0.67175,63235.31,31JUL26,106000,,P,BTC-31JUL26-106000-P
0.666,0.773,1.2,0.7126514,1780603595829,0.0,43.42,65007.62,BTC-26MAR27,63238.02,0.7195,63235.31,26MAR27,110000,,P,BTC-26MAR27-110000-P
0.021,0.022,248.8,0.0214443,1780603595829,26.1,50.53,63461.89,BTC-31JUL26,63238.02,0.0215,63235.31,31JUL26,54000,,P,BTC-31JUL26-54000-P
0.411,0.421,597.0,0.41691291,1780603595829,0.5,40.13,63810.35,BTC-25SEP26,63238.02,0.416,63235.31,25SEP26,90000,,P,BTC-25SEP26-90000-P
3.8405,4.179,0.1,4.0129903,1780603595829,0.0,66.78,63810.35,BTC-25SEP26,63238.02,4.00975,63235.31,25SEP26,320000,,P,BTC-25SEP26-320000-P
0.1405,0.143,14.9,0.1416698,1780603595829,11.8,44.95,65007.62,BTC-26MAR27,63238.02,0.14175,63235.31,26MAR27,68000,,C,BTC-26MAR27-68000-C
0.276,0.284,110.8,0.28068734,1780603595829,0.7,40.25,63461.89,BTC-31JUL26,63238.02,0.28,63235.31,31JUL26,81000,,P,BTC-31JUL26-81000-P
0.1505,0.154,0.0,0.15242228,1780603595829,0.0,63.13,63260.28,BTC-19JUN26,63238.02,0.15225,63235.31,19JUN26,54000,,C,BTC-19JUN26-54000-C
0.364,0.417,2.0,0.38796533,1780603595829,0.1,42.17,63461.89,BTC-31JUL26,63238.02,0.3905,63235.31,31JUL26,88000,,P,BTC-31JUL26-88000-P
0.216,0.2195,249.7,0.21784321,1780603595829,0.0,102.27,63222.61,BTC-5JUN26,63238.02,0.21775,63235.31,5JUN26,77000,,P,BTC-5JUN26-77000-P
0.0047,0.0055,156.0,0.00497211,1780603595829,3.8,40.92,63810.35,BTC-25SEP26,63238.02,0.0051,63235.31,25SEP26,94000,,C,BTC-25SEP26-94000-C
0.0037,0.0042,18.2,0.00395831,1780603595829,23.6,58.16,63222.61,BTC-5JUN26,63238.02,0.00395,63235.31,5JUN26,62500,,P,BTC-5JUN26-62500-P
,0.0001,102.0,3.57e-05,1780603595829,2.0,71.27,63236.59,index_price,63238.02,,63235.31,7JUN26,75000,,C,BTC-7JUN26-75000-C
2.8125,3.0885,0.0,2.94862304,1780603595829,0.0,90.33,63291.63,BTC-26JUN26,63238.02,2.9505,63235.31,26JUN26,250000,,P,BTC-26JUN26-250000-P
0.0705,0.1035,0.0,0.0989927,1780603595829,0.0,49.48,63236.59,index_price,63238.02,0.087,63235.31,7JUN26,69500,,P,BTC-7JUN26-69500-P
0.014,0.015,141.7,0.01481132,1780603595829,62.5,39.97,63461.89,BTC-31JUL26,63238.02,0.0145,63235.31,31JUL26,74000,,C,BTC-31JUL26-74000-C
0.018,0.0195,209.4,0.0185503,1780603595829,0.0,42.16,64396.07,BTC-25DEC26,63238.02,0.01875,63235.31,25DEC26,96000,,C,BTC-25DEC26-96000-C
0.0047,0.0055,40.7,0.00499316,1780603595829,46.6,56.69,63236.59,index_price,63238.02,0.0051,63235.31,8JUN26,60000,,P,BTC-8JUN26-60000-P
0.0995,0.1025,66.6,0.10080812,1780603595829,48.9,51.54,63291.63,BTC-26JUN26,63238.02,0.101,63235.31,26JUN26,58000,,C,BTC-26JUN26-58000-C
,0.0001,256.5,0.0,1780603595829,0.5,102.62,63222.61,BTC-5JUN26,63238.02,,63235.31,5JUN26,90000,,C,BTC-5JUN26-90000-C
0.213,0.2165,364.5,0.21488968,1780603595829,26.0,66.68,63291.63,BTC-26JUN26,63238.02,0.21475,63235.31,26JUN26,50000,,C,BTC-26JUN26-50000-C
0.0975,0.101,167.8,0.09904314,1780603595829,6.7,61.08,63236.59,index_price,63238.02,0.09925,63235.31,6JUN26,69500,,P,BTC-6JUN26-69500-P
0.0075,0.0085,127.6,0.00813264,1780603595829,1.5,39.68,63622.67,BTC-28AUG26,63238.02,0.008,63235.31,28AUG26,83000,,C,BTC-28AUG26-83000-C
0.1065,0.1085,225.1,0.10739486,1780603595829,62.8,43.8,64396.07,BTC-25DEC26,63238.02,0.1075,63235.31,25DEC26,68000,,C,BTC-25DEC26-68000-C
0.0245,0.026,217.1,0.02517082,1780603595829,116.7,39.7,63624.1,BTC-28AUG26,63238.02,0.02525,63235.31,28AUG26,74000,,C,BTC-28AUG26-74000-C
0.449,0.516,1.3,0.47753767,1780603595829,0.0,40.92,63810.35,BTC-25SEP26,63238.02,0.4825,63235.31,25SEP26,94000,,P,BTC-25SEP26-94000-P
0.031,0.033,213.9,0.03186481,1780603595829,12.8,43.15,65007.62,BTC-26MAR27,63238.02,0.032,63235.31,26MAR27,100000,,C,BTC-26MAR27-100000-C
0.186,0.1895,49.1,0.18770521,1780603595829,0.8,44.95,65007.62,BTC-26MAR27,63238.02,0.18775,63235.31,26MAR27,68000,,P,BTC-26MAR27-68000-P
0.019,0.02,37.2,0.01977678,1780603595829,48.1,45.59,63236.59,index_price,63238.02,0.0195,63235.31,8JUN26,63000,,C,BTC-8JUN26-63000-C
3.27,3.5795,0.0,3.42245781,1780603595829,0.0,91.37,63291.63,BTC-26JUN26,63238.02,3.42475,63235.31,26JUN26,280000,,P,BTC-26JUN26-280000-P
,0.0001,691.0,0.0,1780603595829,0.0,86.38,63291.63,BTC-26JUN26,63238.02,,63235.31,26JUN26,220000,,C,BTC-26JUN26-220000-C
0.368,0.3705,33.0,0.36941499,1780603595829,0.0,90.99,63291.63,BTC-26JUN26,63238.02,0.36925,63235.31,26JUN26,40000,,C,BTC-26JUN26-40000-C
0.2,0.2055,1741.3,0.20224885,1780603595829,2.5,43.09,63297.11,BTC-26JUN26,63238.02,0.20275,63235.31,26JUN26,76000,,P,BTC-26JUN26-76000-P
,0.0001,513.7,2e-08,1780603595829,0.5,101.48,63222.61,BTC-5JUN26,63238.02,,63235.31,5JUN26,75000,,C,BTC-5JUN26-75000-C
0.0003,0.0004,5540.6,0.00032164,1780603595829,59.4,57.7,63291.63,BTC-26JUN26,63238.02,0.00035,63235.31,26JUN26,90000,,C,BTC-26JUN26-90000-C
2.965,3.2525,0.0,3.10656797,1780603595829,0.0,91.06,63291.63,BTC-26JUN26,63238.02,3.10875,63235.31,26JUN26,260000,,P,BTC-26JUN26-260000-P
,0.0001,104.0,5.493e-05,1780603595829,3.1,68.98,63236.59,index_price,63238.02,,63235.31,7JUN26,74000,,C,BTC-7JUN26-74000-C
0.074,0.078,9.2,0.07601528,1780603595829,9.2,57.08,63239.5,BTC-12JUN26,63238.02,0.076,63235.31,12JUN26,59000,,C,BTC-12JUN26-59000-C
0.2425,0.249,642.8,0.24591457,1780603595829,64.3,39.72,63810.35,BTC-25SEP26,63238.02,0.24575,63235.31,25SEP26,78000,,P,BTC-25SEP26-78000-P
,0.0001,1510.4,7.4e-06,1780603595829,0.0,80.26,63291.63,BTC-26JUN26,63238.02,,63235.31,26JUN26,130000,,C,BTC-26JUN26-130000-C
0.0014,0.0017,278.2,0.00145247,1780603595829,23.6,44.26,63260.28,BTC-19JUN26,63238.02,0.00155,63235.31,19JUN26,74000,,C,BTC-19JUN26-74000-C
0.29,0.293,5.8,0.29155913,1780603595829,0.0,78.39,63291.63,BTC-26JUN26,63238.02,0.2915,63235.31,26JUN26,45000,,C,BTC-26JUN26-45000-C
0.0001,0.0003,208.7,0.00016267,1780603595829,1.3,66.58,63239.5,BTC-12JUN26,63238.02,0.0002,63235.31,12JUN26,81000,,C,BTC-12JUN26-81000-C
0.057,0.0585,197.1,0.05768583,1780603595829,53.4,41.36,63622.67,BTC-28AUG26,63238.02,0.05775,63235.31,28AUG26,67000,,C,BTC-28AUG26-67000-C
0.0435,0.047,77.3,0.04477182,1780603595829,8.7,47.99,63236.59,index_price,63238.02,0.04525,63235.31,6JUN26,66000,,P,BTC-6JUN26-66000-P
0.013,0.0135,128.7,0.0131511,1780603595829,61.8,42.73,63260.28,BTC-19JUN26,63238.02,0.01325,63235.31,19JUN26,67000,,C,BTC-19JUN26-67000-C
0.924,1.0165,0.0,0.93420697,1780603595829,0.0,44.25,65007.62,BTC-26MAR27,63238.02,0.97025,63235.31,26MAR27,125000,,P,BTC-26MAR27-125000-P
0.016,0.0175,569.1,0.01675306,1780603595829,11.7,43.69,65007.62,BTC-26MAR27,63238.02,0.01675,63235.31,26MAR27,115000,,C,BTC-26MAR27-115000-C
0.06,0.0625,73.7,0.06105147,1780603595829,28.6,43.26,65007.62,BTC-26MAR27,63238.02,0.06125,63235.31,26MAR27,86000,,C,BTC-26MAR27-86000-C
0.288,0.2925,0.0,0.28995916,1780603595829,0.0,56.1,63622.67,BTC-28AUG26,63238.02,0.29025,63235.31,28AUG26,46000,,C,BTC-28AUG26-46000-C
0.0145,0.015,737.3,0.01460201,1780603595829,542.3,51.76,63239.5,BTC-12JUN26,63238.02,0.01475,63235.31,12JUN26,61000,,P,BTC-12JUN26-61000-P
0.0006,0.0008,12.0,0.00067378,1780603595829,14.3,87.23,63236.59,index_price,63238.02,0.0007,63235.31,7JUN26,55000,,P,BTC-7JUN26-55000-P
0.0055,0.006,237.5,0.00573809,1780603595829,257.7,63.13,63260.28,BTC-19JUN26,63238.02,0.00575,63235.31,19JUN26,54000,,P,BTC-19JUN26-54000-P
0.069,0.071,949.0,0.06997724,1780603595829,256.2,47.48,64396.07,BTC-25DEC26,63238.02,0.07,63235.31,25DEC26,55000,,P,BTC-25DEC26-55000-P
0.0033,0.0038,179.0,0.00349031,1780603595829,0.0,41.53,63815.83,BTC-25SEP26,63238.02,0.00355,63235.31,25SEP26,98000,,C,BTC-25SEP26-98000-C
0.383,0.4285,15.9,0.39027461,1780603595829,6.7,55.19,63291.63,BTC-26JUN26,63238.02,0.40575,63235.31,26JUN26,88000,,P,BTC-26JUN26-88000-P
0.0028,0.0032,29.3,0.00290428,1780603595829,39.5,42.22,63236.59,index_price,63238.02,0.003,63235.31,7JUN26,65500,,C,BTC-7JUN26-65500-C
0.563,0.575,271.9,0.56954955,1780603595829,0.0,41.97,63815.83,BTC-25SEP26,63238.02,0.569,63235.31,25SEP26,100000,,P,BTC-25SEP26-100000-P
,0.0001,223.7,9.702e-05,1780603595829,306.2,115.34,63222.61,BTC-5JUN26,63238.02,,63235.31,5JUN26,57000,,P,BTC-5JUN26-57000-P
0.078,0.0795,53.6,0.07889758,1780603595829,51.6,42.5,63622.67,BTC-28AUG26,63238.02,0.07875,63235.31,28AUG26,64000,,C,BTC-28AUG26-64000-C
0.0085,0.009,47.6,0.00870898,1780603595829,51.1,42.84,63236.59,index_price,63238.02,0.00875,63235.31,8JUN26,64500,,C,BTC-8JUN26-64500-C
,0.0001,1024.4,0.0,1780603595829,0.0,85.97,63291.63,BTC-26JUN26,63238.02,,63235.31,26JUN26,200000,,C,BTC-26JUN26-200000-C
0.0007,0.0009,75.3,0.00072686,1780603595829,20.8,48.75,63236.59,index_price,63238.02,0.0008,63235.31,6JUN26,66500,,C,BTC-6JUN26-66500-C
0.036,0.037,2.2,0.03635816,1780603595829,2.0,40.25,63624.1,BTC-28AUG26,63238.02,0.0365,63235.31,28AUG26,71000,,C,BTC-28AUG26-71000-C
0.0024,0.0029,54.4,0.00258616,1780603595829,0.0,42.43,63810.35,BTC-25SEP26,63238.02,0.00265,63235.31,25SEP26,102000,,C,BTC-25SEP26-102000-C
0.0285,0.03,48.5,0.02909251,1780603595829,18.8,43.17,65007.62,BTC-26MAR27,63238.02,0.02925,63235.31,26MAR27,102000,,C,BTC-26MAR27-102000-C
0.265,0.2715,245.2,0.26922737,1780603595829,0.4,42.46,64394.64,BTC-25DEC26,63238.02,0.26825,63235.31,25DEC26,78000,,P,BTC-25DEC26-78000-P
0.1505,0.1545,5.4,0.15199607,1780603595829,3.9,40.25,63622.67,BTC-28AUG26,63238.02,0.1525,63235.31,28AUG26,71000,,P,BTC-28AUG26-71000-P
0.0003,0.0004,577.1,0.00031159,1780603595829,7.0,58.85,63239.5,BTC-12JUN26,63238.02,0.00035,63235.31,12JUN26,77000,,C,BTC-12JUN26-77000-C
0.019,0.0195,3410.0,0.01955278,1780603595829,770.0,39.7,63810.35,BTC-25SEP26,63238.02,0.01925,63235.31,25SEP26,80000,,C,BTC-25SEP26-80000-C
,0.0001,231.0,0.0,1780603595829,0.0,91.37,63291.63,BTC-26JUN26,63238.02,,63235.31,26JUN26,280000,,C,BTC-26JUN26-280000-C
0.001,0.0012,63.3,0.00111158,1780603595829,130.4,83.13,63236.59,index_price,63238.02,0.0011,63235.31,6JUN26,58000,,P,BTC-6JUN26-58000-P
0.134,0.137,0.0,0.13544324,1780603595829,0.0,45.77,63622.67,BTC-28AUG26,63238.02,0.1355,63235.31,28AUG26,58000,,C,BTC-28AUG26-58000-C
0.1505,0.1565,372.8,0.15427345,1780603595829,15.9,40.02,63461.89,BTC-31JUL26,63238.02,0.1535,63235.31,31JUL26,72000,,P,BTC-31JUL26-72000-P
0.4225,0.4835,4.0,0.44702224,1780603595829,0.0,40.37,63810.35,BTC-25SEP26,63238.02,0.453,63235.31,25SEP26,92000,,P,BTC-25SEP26-92000-P
0.0375,0.1065,0.0,0.06950641,1780603595829,0.0,64.56,63236.59,index_price,63238.02,0.072,63235.31,7JUN26,59000,,C,BTC-7JUN26-59000-C
0.217,0.22,1.4,0.2183045,1780603595829,0.9,47.19,65007.62,BTC-26MAR27,63238.02,0.2185,63235.31,26MAR27,58000,,C,BTC-26MAR27-58000-C
0.1985,0.262,0.0,0.23334324,1780603595829,0.0,95.07,63236.59,index_price,63238.02,0.23025,63235.31,6JUN26,78000,,P,BTC-6JUN26-78000-P
0.041,0.043,46.5,0.0419858,1780603595829,5.2,43.12,65007.62,BTC-26MAR27,63238.02,0.042,63235.31,26MAR27,94000,,C,BTC-26MAR27-94000-C
0.052,0.097,0.0,0.08333876,1780603595829,0.0,47.33,63236.59,index_price,63238.02,0.0745,63235.31,7JUN26,68500,,P,BTC-7JUN26-68500-P
0.117,0.119,20.3,0.11792536,1780603595830,4.1,44.34,65007.62,BTC-26MAR27,63238.02,0.118,63235.31,26MAR27,72000,,C,BTC-26MAR27-72000-C
,0.0001,789.5,1.48e-06,1780603595830,0.2,80.27,63291.63,BTC-26JUN26,63238.02,,63235.31,26JUN26,140000,,C,BTC-26JUN26-140000-C
0.215,0.2175,30.3,0.21594448,1780603595830,0.0,47.48,64396.07,BTC-25DEC26,63238.02,0.21625,63235.31,25DEC26,55000,,C,BTC-25DEC26-55000-C
0.3915,0.4235,2.8,0.41910147,1780603595830,0.0,42.98,63461.89,BTC-31JUL26,63238.02,0.4075,63235.31,31JUL26,90000,,P,BTC-31JUL26-90000-P
0.129,0.132,23.5,0.13042159,1780603595830,5.9,40.74,63624.1,BTC-28AUG26,63238.02,0.1305,63235.31,28AUG26,69000,,P,BTC-28AUG26-69000-P
0.0003,0.0006,878.2,0.00036225,1780603595830,0.3,59.42,64396.07,BTC-25DEC26,63238.02,0.00045,63235.31,25DEC26,240000,,C,BTC-25DEC26-240000-C
0.0004,0.0007,398.5,0.00050514,1780603595830,2.6,51.03,63461.89,BTC-31JUL26,63238.02,0.00055,63235.31,31JUL26,105000,,C,BTC-31JUL26-105000-C
0.1685,0.172,84.3,0.1702619,1780603595830,3.7,45.32,65007.62,BTC-26MAR27,63238.02,0.17025,63235.31,26MAR27,66000,,P,BTC-26MAR27-66000-P
0.0011,0.0013,1315.0,0.00111792,1780603595830,1032.2,45.16,63260.28,BTC-19JUN26,63238.02,0.0012,63235.31,19JUN26,75000,,C,BTC-19JUN26-75000-C
0.1845,0.19,2169.0,0.18694182,1780603595830,8.8,42.49,63291.63,BTC-26JUN26,63238.02,0.18725,63235.31,26JUN26,75000,,P,BTC-26JUN26-75000-P
0.0695,0.0715,1092.5,0.07010525,1780603595830,3.5,42.74,64394.64,BTC-25DEC26,63238.02,0.0705,63235.31,25DEC26,75000,,C,BTC-25DEC26-75000-C
0.0003,0.0004,59.3,0.00034445,1780603595830,115.4,96.9,63222.61,BTC-5JUN26,63238.02,0.00035,63235.31,5JUN26,59000,,P,BTC-5JUN26-59000-P
0.19,0.2615,0.5,0.21747897,1780603595830,0.5,47.37,63260.28,BTC-19JUN26,63238.02,0.22575,63235.31,19JUN26,77000,,P,BTC-19JUN26-77000-P
0.0005,0.0007,487.4,0.00053055,1780603595830,66.6,52.22,63239.5,BTC-12JUN26,63238.02,0.0006,63235.31,12JUN26,74000,,C,BTC-12JUN26-74000-C
0.5255,0.5275,68.9,0.52650248,1780603595830,1.9,120.49,63291.63,BTC-26JUN26,63238.02,0.5265,63235.31,26JUN26,30000,,C,BTC-26JUN26-30000-C
0.02,0.0205,419.5,0.02013889,1780603595830,261.7,40.02,63461.89,BTC-31JUL26,63238.02,0.02025,63235.31,31JUL26,72000,,C,BTC-31JUL26-72000-C
0.0065,0.0075,29.3,0.00718923,1780603595830,32.4,52.38,63236.59,index_price,63238.02,0.007,63235.31,8JUN26,61000,,P,BTC-8JUN26-61000-P
0.0001,0.0002,118.8,0.00010877,1780603595830,26.1,65.24,63236.59,index_price,63238.02,0.00015,63235.31,6JUN26,70000,,C,BTC-6JUN26-70000-C
1.059,1.208,14.2,1.13225976,1780603595830,0.0,80.26,63291.63,BTC-26JUN26,63238.02,1.1335,63235.31,26JUN26,135000,,P,BTC-26JUN26-135000-P
0.063,0.064,25.1,0.06344477,1780603595830,10.7,44.02,63622.67,BTC-28AUG26,63238.02,0.0635,63235.31,28AUG26,61000,,P,BTC-28AUG26-61000-P
0.0255,0.0265,2918.8,0.02608459,1780603595830,53.6,50.49,63810.35,BTC-25SEP26,63238.02,0.026,63235.31,25SEP26,50000,,P,BTC-25SEP26-50000-P
,0.0001,658.8,8.6e-07,1780603595830,19.8,80.22,63222.61,BTC-5JUN26,63238.02,,63235.31,5JUN26,70500,,C,BTC-5JUN26-70500-C
0.0018,0.0021,987.0,0.00186744,1780603595830,27.8,43.09,63291.63,BTC-26JUN26,63238.02,0.00195,63235.31,26JUN26,76000,,C,BTC-26JUN26-76000-C
0.152,0.155,101.7,0.15380856,1780603595830,9.0,45.72,65007.62,BTC-26MAR27,63238.02,0.1535,63235.31,26MAR27,64000,,P,BTC-26MAR27-64000-P
0.1035,0.1065,0.0,0.10500477,1780603595830,0.0,44.02,63622.67,BTC-28AUG26,63238.02,0.105,63235.31,28AUG26,61000,,C,BTC-28AUG26-61000-C
0.128,0.132,799.0,0.13015963,1780603595830,22.0,40.47,63461.89,BTC-31JUL26,63238.02,0.13,63235.31,31JUL26,70000,,P,BTC-31JUL26-70000-P
0.745,0.8445,0.0,0.78578352,1780603595830,0.0,43.69,65007.62,BTC-26MAR27,63238.02,0.79475,63235.31,26MAR27,115000,,P,BTC-26MAR27-115000-P
0.147,0.2075,0.0,0.17011019,1780603595830,0.0,81.24,63236.59,index_price,63238.02,0.17725,63235.31,6JUN26,74000,,P,BTC-6JUN26-74000-P
1.1175,1.2695,1.4,1.19363351,1780603595830,0.0,52.37,63810.35,BTC-25SEP26,63238.02,1.1935,63235.31,25SEP26,140000,,P,BTC-25SEP26-140000-P
0.1685,0.1735,198.4,0.17081117,1780603595830,0.0,44.26,63260.28,BTC-19JUN26,63238.02,0.171,63235.31,19JUN26,74000,,P,BTC-19JUN26-74000-P
0.163,0.166,0.0,0.16455106,1780603595830,0.0,77.06,63239.5,BTC-12JUN26,63238.02,0.1645,63235.31,12JUN26,53000,,C,BTC-12JUN26-53000-C
0.0013,0.0016,1209.2,0.00143326,1780603595830,2.3,42.98,63461.89,BTC-31JUL26,63238.02,0.00145,63235.31,31JUL26,90000,,C,BTC-31JUL26-90000-C
,0.0001,137.5,1.657e-05,1780603595830,39.7,69.16,63222.61,BTC-5JUN26,63238.02,,63235.31,5JUN26,68000,,C,BTC-5JUN26-68000-C
0.418,0.4775,0.0,0.43467781,1780603595830,0.0,43.26,63461.89,BTC-31JUL26,63238.02,0.44775,63235.31,31JUL26,91000,,P,BTC-31JUL26-91000-P
,0.0001,129.0,0.0,1780603595830,0.0,102.06,63291.63,BTC-26JUN26,63238.02,,63235.31,26JUN26,340000,,C,BTC-26JUN26-340000-C
0.0405,0.0415,47.8,0.04102823,1780603595830,40.7,40.48,63622.67,BTC-28AUG26,63238.02,0.041,63235.31,28AUG26,70000,,C,BTC-28AUG26-70000-C
0.6385,0.7445,0.0,0.68369831,1780603595830,0.0,43.33,65007.62,BTC-26MAR27,63238.02,0.6915,63235.31,26MAR27,108000,,P,BTC-26MAR27-108000-P
0.01,0.011,73.7,0.01051792,1780603595830,127.3,47.64,63236.59,index_price,63238.02,0.0105,63235.31,7JUN26,62500,,P,BTC-7JUN26-62500-P
0.0024,0.0028,445.1,0.00255716,1780603595830,111.2,49.08,65007.62,BTC-26MAR27,63238.02,0.0026,63235.31,26MAR27,180000,,C,BTC-26MAR27-180000-C
0.3535,0.3625,5.8,0.35926673,1780603595830,0.0,43.34,65006.19,BTC-26MAR27,63238.02,0.358,63235.31,26MAR27,84000,,P,BTC-26MAR27-84000-P
0.21,0.2165,5.5,0.21389092,1780603595830,0.0,39.66,63622.67,BTC-28AUG26,63238.02,0.21325,63235.31,28AUG26,76000,,P,BTC-28AUG26-76000-P
0.0009,0.0011,1451.0,0.00089359,1780603595830,1333.2,48.4,63239.5,BTC-12JUN26,63238.02,0.001,63235.31,12JUN26,72000,,C,BTC-12JUN26-72000-C
0.007,0.008,736.4,0.00778599,1780603595830,86.5,40.0,63461.89,BTC-31JUL26,63238.02,0.0075,63235.31,31JUL26,78000,,C,BTC-31JUL26-78000-C
0.0115,0.0125,62.4,0.01216144,1780603595830,101.2,54.01,63260.28,BTC-19JUN26,63238.02,0.012,63235.31,19JUN26,58000,,P,BTC-19JUN26-58000-P
0.027,0.028,347.1,0.0275288,1780603595830,210.0,40.47,63461.89,BTC-31JUL26,63238.02,0.0275,63235.31,31JUL26,70000,,C,BTC-31JUL26-70000-C
0.0008,0.0011,1139.4,0.00088346,1780603595830,51.0,46.82,63810.35,BTC-25SEP26,63238.02,0.00095,63235.31,25SEP26,120000,,C,BTC-25SEP26-120000-C
0.0035,0.0038,256.5,0.00358735,1780603595830,49.3,42.47,63261.71,BTC-19JUN26,63238.02,0.00365,63235.31,19JUN26,71000,,C,BTC-19JUN26-71000-C
1.5715,1.7535,0.0,1.66339076,1780603595830,0.0,59.73,63810.35,BTC-25SEP26,63238.02,1.6625,63235.31,25SEP26,170000,,P,BTC-25SEP26-170000-P
0.1615,0.166,85.1,0.16354576,1780603595830,3.1,40.04,63622.67,BTC-28AUG26,63238.02,0.16375,63235.31,28AUG26,72000,,P,BTC-28AUG26-72000-P
0.0023,0.0026,3392.2,0.00235491,1780603595830,331.7,42.49,63291.63,BTC-26JUN26,63238.02,0.00245,63235.31,26JUN26,75000,,C,BTC-26JUN26-75000-C
0.0155,0.0165,25.2,0.01601425,1780603595830,36.4,45.59,63236.59,index_price,63238.02,0.016,63235.31,8JUN26,63000,,P,BTC-8JUN26-63000-P
0.0545,0.0565,23.9,0.05555063,1780603595830,5.2,43.2,65006.19,BTC-26MAR27,63238.02,0.0555,63235.31,26MAR27,88000,,C,BTC-26MAR27-88000-C
0.0002,0.0004,302.4,0.00021606,1780603595830,83.8,53.41,63236.59,index_price,63238.02,0.0003,63235.31,6JUN26,68000,,C,BTC-6JUN26-68000-C
0.0021,0.0024,3276.8,0.00231925,1780603595830,1896.9,78.39,63291.63,BTC-26JUN26,63238.02,0.00225,63235.31,26JUN26,45000,,P,BTC-26JUN26-45000-P
,0.0001,207.0,0.0,1780603595830,0.0,102.62,63222.61,BTC-5JUN26,63238.02,,63235.31,5JUN26,86000,,C,BTC-5JUN26-86000-C
0.2425,0.2485,47.2,0.24576587,1780603595830,52.0,44.09,65007.62,BTC-26MAR27,63238.02,0.2455,63235.31,26MAR27,74000,,P,BTC-26MAR27-74000-P
0.031,0.036,0.0,0.03409831,1780603595830,0.0,42.19,63236.59,index_price,63238.02,0.0335,63235.31,8JUN26,65000,,P,BTC-8JUN26-65000-P
0.0029,0.0034,177.7,0.0031565,1780603595830,1.7,48.18,65007.62,BTC-26MAR27,63238.02,0.00315,63235.31,26MAR27,170000,,C,BTC-26MAR27-170000-C
0.1735,0.178,3.3,0.17548326,1780603595830,1.5,39.84,63622.67,BTC-28AUG26,63238.02,0.17575,63235.31,28AUG26,73000,,P,BTC-28AUG26-73000-P
0.1065,0.1085,31.2,0.10743322,1780603595830,10.2,44.09,65007.62,BTC-26MAR27,63238.02,0.1075,63235.31,26MAR27,74000,,C,BTC-26MAR27-74000-C
0.1275,0.13,133.8,0.12888781,1780603595830,36.2,44.65,64396.07,BTC-25DEC26,63238.02,0.12875,63235.31,25DEC26,64000,,P,BTC-25DEC26-64000-P
0.0065,0.0075,46.9,0.0071367,1780603595830,15.8,39.71,63622.67,BTC-28AUG26,63238.02,0.007,63235.31,28AUG26,84000,,C,BTC-28AUG26-84000-C
0.255,0.258,0.0,0.2559808,1780603595830,0.0,48.38,65006.19,BTC-26MAR27,63238.02,0.2565,63235.31,26MAR27,54000,,C,BTC-26MAR27-54000-C
0.009,0.0105,113.5,0.0098105,1780603595830,176.6,53.79,63222.61,BTC-5JUN26,63238.02,0.00975,63235.31,5JUN26,63000,,C,BTC-5JUN26-63000-C
0.0003,0.0005,2003.2,0.00035929,1780603595830,41.4,55.19,63291.63,BTC-26JUN26,63238.02,0.0004,63235.31,26JUN26,88000,,C,BTC-26JUN26-88000-C
0.006,0.0065,468.0,0.00622767,1780603595830,577.3,53.79,63222.61,BTC-5JUN26,63238.02,0.00625,63235.31,5JUN26,63000,,P,BTC-5JUN26-63000-P
0.146,0.2145,0.0,0.18583157,1780603595830,0.0,71.27,63236.59,index_price,63238.02,0.18025,63235.31,7JUN26,75000,,P,BTC-7JUN26-75000-P
0.383,0.47,0.0,0.42233252,1780603595830,0.0,64.38,63260.28,BTC-19JUN26,63238.02,0.4265,63235.31,19JUN26,90000,,P,BTC-19JUN26-90000-P
0.262,0.268,2500.3,0.26475142,1780603595830,19.2,46.43,63291.63,BTC-26JUN26,63238.02,0.265,63235.31,26JUN26,80000,,P,BTC-26JUN26-80000-P
0.024,0.0255,25.7,0.02472943,1780603595830,28.3,46.97,63236.59,index_price,63238.02,0.02475,63235.31,8JUN26,62500,,C,BTC-8JUN26-62500-C
0.322,0.3865,0.0,0.35954716,1780603595830,0.0,78.79,63239.5,BTC-12JUN26,63238.02,0.35425,63235.31,12JUN26,86000,,P,BTC-12JUN26-86000-P
,0.0001,16.7,3.172e-05,1780603595830,15.2,71.21,63236.59,index_price,63238.02,,63235.31,6JUN26,72000,,C,BTC-6JUN26-72000-C
0.001,0.0014,2439.3,0.0011909,1780603595830,55.4,45.82,63810.35,BTC-25SEP26,63238.02,0.0012,63235.31,25SEP26,115000,,C,BTC-25SEP26-115000-C
0.1135,0.116,3.6,0.11468881,1780603595830,1.0,44.57,63622.67,BTC-28AUG26,63238.02,0.11475,63235.31,28AUG26,60000,,C,BTC-28AUG26-60000-C
0.844,0.914,0.0,0.85968236,1780603595830,0.0,43.96,65006.19,BTC-26MAR27,63238.02,0.879,63235.31,26MAR27,120000,,P,BTC-26MAR27-120000-P
,0.0001,742.1,0.0,1780603595830,2.3,102.51,63222.61,BTC-5JUN26,63238.02,,63235.31,5JUN26,78000,,C,BTC-5JUN26-78000-C
0.074,0.0775,54.5,0.07543412,1780603595830,3.3,53.41,63236.59,index_price,63238.02,0.07575,63235.31,6JUN26,68000,,P,BTC-6JUN26-68000-P
0.0005,0.0008,63.9,0.00058162,1780603595830,49.5,44.42,63236.59,index_price,63238.02,0.00065,63235.31,7JUN26,67500,,C,BTC-7JUN26-67500-C
0.034,0.035,438.2,0.03431977,1780603595830,301.5,46.04,63260.28,BTC-19JUN26,63238.02,0.0345,63235.31,19JUN26,63000,,P,BTC-19JUN26-63000-P
0.0065,0.0075,134.6,0.00702041,1780603595830,119.5,42.4,63260.28,BTC-19JUN26,63238.02,0.007,63235.31,19JUN26,69000,,C,BTC-19JUN26-69000-C
0.0165,0.017,159.3,0.01667856,1780603595830,159.0,52.65,63461.89,BTC-31JUL26,63238.02,0.01675,63235.31,31JUL26,52000,,P,BTC-31JUL26-52000-P
0.237,0.309,4.0,0.28110779,1780603595830,0.0,102.62,63222.61,BTC-5JUN26,63238.02,0.273,63235.31,5JUN26,81000,,P,BTC-5JUN26-81000-P
0.0325,0.0335,871.4,0.03283918,1780603595830,418.7,46.28,63239.5,BTC-12JUN26,63238.02,0.033,63235.31,12JUN26,64000,,P,BTC-12JUN26-64000-P
,0.0001,266.9,0.0,1780603595830,0.0,102.47,63291.63,BTC-26JUN26,63238.02,,63235.31,26JUN26,380000,,C,BTC-26JUN26-380000-C
0.583,0.688,0.0,0.62640722,1780603595830,0.0,43.2,65007.62,BTC-26MAR27,63238.02,0.6355,63235.31,26MAR27,104000,,P,BTC-26MAR27-104000-P
,0.0001,1303.7,1.8e-07,1780603595830,42.7,86.61,63222.61,BTC-5JUN26,63238.02,,63235.31,5JUN26,72000,,C,BTC-5JUN26-72000-C
0.0475,0.049,21.4,0.04819594,1780603595830,19.1,47.27,63260.28,BTC-19JUN26,63238.02,0.04825,63235.31,19JUN26,62000,,C,BTC-19JUN26-62000-C
0.0165,0.0175,41.2,0.01695713,1780603595830,63.5,44.57,63236.59,index_price,63238.02,0.017,63235.31,7JUN26,63500,,P,BTC-7JUN26-63500-P
0.0135,0.016,169.7,0.01482694,1780603595830,331.9,47.99,63222.61,BTC-5JUN26,63238.02,0.01475,63235.31,5JUN26,64000,,P,BTC-5JUN26-64000-P
0.139,0.186,0.0,0.17004019,1780603595830,0.0,68.98,63236.59,index_price,63238.02,0.1625,63235.31,7JUN26,74000,,P,BTC-7JUN26-74000-P
0.042,0.0425,8.6,0.04207394,1780603595830,8.7,46.41,63622.67,BTC-28AUG26,63238.02,0.04225,63235.31,28AUG26,57000,,P,BTC-28AUG26-57000-P
0.429,0.5535,9.0,0.48797592,1780603595830,0.0,43.12,65007.62,BTC-26MAR27,63238.02,0.49125,63235.31,26MAR27,94000,,P,BTC-26MAR27-94000-P
,0.0001,38.4,4.874e-05,1780603595830,18.2,70.66,63236.59,index_price,63238.02,,63235.31,6JUN26,71500,,C,BTC-6JUN26-71500-C
0.5605,0.5715,256.1,0.56734328,1780603595830,0.1,42.33,64396.07,BTC-25DEC26,63238.02,0.566,63235.31,25DEC26,100000,,P,BTC-25DEC26-100000-P
0.231,0.237,888.1,0.23469538,1780603595830,9.6,42.74,64396.07,BTC-25DEC26,63238.02,0.234,63235.31,25DEC26,75000,,P,BTC-25DEC26-75000-P
0.1395,0.143,90.9,0.14087741,1780603595830,0.4,40.48,63622.67,BTC-28AUG26,63238.02,0.14125,63235.31,28AUG26,70000,,P,BTC-28AUG26-70000-P
0.057,0.058,33.6,0.05752757,1780603595830,26.1,44.57,63624.1,BTC-28AUG26,63238.02,0.0575,63235.31,28AUG26,60000,,P,BTC-28AUG26-60000-P
0.0004,0.0008,1428.7,0.00058789,1780603595830,25.4,49.47,63810.35,BTC-25SEP26,63238.02,0.0006,63235.31,25SEP26,130000,,C,BTC-25SEP26-130000-C
0.097,0.099,414.3,0.09784155,1780603595830,117.9,43.88,65007.62,BTC-26MAR27,63238.02,0.098,63235.31,26MAR27,76000,,C,BTC-26MAR27-76000-C
0.488,0.5505,0.0,0.49727652,1780603595830,0.0,45.02,63467.37,BTC-31JUL26,63238.02,0.51925,63235.31,31JUL26,95000,,P,BTC-31JUL26-95000-P
0.0004,0.0006,15.6,0.00044729,1780603595830,15.6,45.55,63236.59,index_price,63238.02,0.0005,63235.31,8JUN26,69000,,C,BTC-8JUN26-69000-C
0.0011,0.0014,2662.3,0.00123312,1780603595830,1028.9,44.59,63291.63,BTC-26JUN26,63238.02,0.00125,63235.31,26JUN26,78000,,C,BTC-26JUN26-78000-C
0.113,0.117,0.0,0.11508954,1780603595830,0.0,97.3,63236.59,index_price,63238.02,0.115,63235.31,6JUN26,56000,,C,BTC-6JUN26-56000-C
0.0055,0.0065,482.1,0.00578787,1780603595830,11.1,40.37,63815.83,BTC-25SEP26,63238.02,0.006,63235.31,25SEP26,92000,,C,BTC-25SEP26-92000-C
0.0006,0.001,2268.0,0.00074295,1780603595830,0.1,48.38,63810.35,BTC-25SEP26,63238.02,0.0008,63235.31,25SEP26,125000,,C,BTC-25SEP26-125000-C
0.0012,0.0014,278.2,0.00125773,1780603595830,4.7,43.26,63461.89,BTC-31JUL26,63238.02,0.0013,63235.31,31JUL26,91000,,C,BTC-31JUL26-91000-C
0.8595,0.884,18.9,0.86865875,1780603595830,0.0,44.49,64396.07,BTC-25DEC26,63238.02,0.87175,63235.31,25DEC26,120000,,P,BTC-25DEC26-120000-P
2.05,2.271,6.6,2.15889844,1780603595830,0.0,85.97,63291.63,BTC-26JUN26,63238.02,2.1605,63235.31,26JUN26,200000,,P,BTC-26JUN26-200000-P
,0.0001,197.1,0.0,1780603595830,0.0,86.33,63291.63,BTC-26JUN26,63238.02,,63235.31,26JUN26,210000,,C,BTC-26JUN26-210000-C
0.156,0.16,0.6,0.15794414,1780603595830,0.6,47.1,63622.67,BTC-28AUG26,63238.02,0.158,63235.31,28AUG26,56000,,C,BTC-28AUG26-56000-C
2.2895,2.532,0.0,2.4166093,1780603595830,0.0,57.47,64396.07,BTC-25DEC26,63238.02,2.41075,63235.31,25DEC26,220000,,P,BTC-25DEC26-220000-P
0.161,0.1635,1.5,0.16204529,1780603595830,0.5,45.52,65007.62,BTC-26MAR27,63238.02,0.16225,63235.31,26MAR27,65000,,C,BTC-26MAR27-65000-C
0.009,0.01,730.0,0.00957377,1780603595830,55.0,44.68,65007.62,BTC-26MAR27,63238.02,0.0095,63235.31,26MAR27,130000,,C,BTC-26MAR27-130000-C
0.006,0.007,359.0,0.00640291,1780603595830,211.0,44.03,63239.5,BTC-12JUN26,63238.02,0.0065,63235.31,12JUN26,67000,,C,BTC-12JUN26-67000-C
,0.0003,1447.9,0.00018106,1780603595830,0.2,59.79,63810.35,BTC-25SEP26,63238.02,,63235.31,25SEP26,175000,,C,BTC-25SEP26-175000-C
0.1335,0.175,0.7,0.13849791,1780603595830,0.2,71.21,63236.59,index_price,63238.02,0.15425,63235.31,6JUN26,72000,,P,BTC-6JUN26-72000-P
0.0005,0.0007,90.8,0.00058331,1780603595830,5.6,48.53,63260.28,BTC-19JUN26,63238.02,0.0006,63235.31,19JUN26,78000,,C,BTC-19JUN26-78000-C
0.1845,0.1905,3.3,0.18786852,1780603595830,0.0,39.7,63624.1,BTC-28AUG26,63238.02,0.1875,63235.31,28AUG26,74000,,P,BTC-28AUG26-74000-P
0.232,0.237,0.0,0.23401171,1780603595830,0.0,51.96,63622.67,BTC-28AUG26,63238.02,0.2345,63235.31,28AUG26,50000,,C,BTC-28AUG26-50000-C
0.0003,0.0004,1174.5,0.00031361,1780603595830,4.0,53.77,63260.28,BTC-19JUN26,63238.02,0.00035,63235.31,19JUN26,82000,,C,BTC-19JUN26-82000-C
0.0665,0.0685,73.8,0.06710535,1780603595830,6.6,43.34,65007.62,BTC-26MAR27,63238.02,0.0675,63235.31,26MAR27,84000,,C,BTC-26MAR27-84000-C
0.352,0.3615,11.6,0.35773357,1780603595830,0.0,39.82,63815.83,BTC-25SEP26,63238.02,0.35675,63235.31,25SEP26,86000,,P,BTC-25SEP26-86000-P
,0.0001,17.1,3.444e-05,1780603595830,6.3,75.19,63236.59,index_price,63238.02,,63235.31,6JUN26,72500,,C,BTC-6JUN26-72500-C
0.4505,0.457,26.3,0.45335837,1780603595830,0.1,59.52,63291.63,BTC-26JUN26,63238.02,0.45375,63235.31,26JUN26,92000,,P,BTC-26JUN26-92000-P
0.019,0.02,5.6,0.01957908,1780603595830,6.2,44.35,63236.59,index_price,63238.02,0.0195,63235.31,8JUN26,63500,,P,BTC-8JUN26-63500-P
0.0645,0.066,488.0,0.06534532,1780603595831,49.0,41.38,63810.35,BTC-25SEP26,63238.02,0.06525,63235.31,25SEP26,68000,,C,BTC-25SEP26-68000-C
,0.0001,68.6,1.91e-06,1780603595831,0.1,63.11,63815.83,BTC-25SEP26,63238.02,,63235.31,25SEP26,280000,,C,BTC-25SEP26-280000-C
0.0003,0.0007,186.6,0.000453,1780603595831,0.8,58.94,64396.07,BTC-25DEC26,63238.02,0.0005,63235.31,25DEC26,230000,,C,BTC-25DEC26-230000-C
0.8895,0.901,722.5,0.89537504,1780603595831,0.0,80.21,63291.63,BTC-26JUN26,63238.02,0.89525,63235.31,26JUN26,120000,,P,BTC-26JUN26-120000-P
1.44,1.6165,52.5,1.52711904,1780603595831,0.0,85.89,63291.63,BTC-26JUN26,63238.02,1.52825,63235.31,26JUN26,160000,,P,BTC-26JUN26-160000-P
0.005,0.0055,26.5,0.00529367,1780603595831,42.2,54.28,63236.59,index_price,63238.02,0.00525,63235.31,7JUN26,61000,,P,BTC-7JUN26-61000-P
0.1225,0.1645,0.1,0.14640664,1780603595831,0.0,75.19,63236.59,index_price,63238.02,0.1435,63235.31,6JUN26,72500,,P,BTC-6JUN26-72500-P
0.037,0.0405,15.4,0.03854344,1780603595831,4.6,42.22,63236.59,index_price,63238.02,0.03875,63235.31,7JUN26,65500,,P,BTC-7JUN26-65500-P
0.047,0.0485,1527.8,0.04789186,1780603595831,32.1,49.8,64396.07,BTC-25DEC26,63238.02,0.04775,63235.31,25DEC26,50000,,P,BTC-25DEC26-50000-P
0.0705,0.072,318.3,0.07119506,1780603595831,342.6,42.09,63624.1,BTC-28AUG26,63238.02,0.07125,63235.31,28AUG26,65000,,C,BTC-28AUG26-65000-C
0.0002,0.0004,206.1,0.00027284,1780603595831,5.1,58.6,63461.89,BTC-31JUL26,63238.02,0.0003,63235.31,31JUL26,120000,,C,BTC-31JUL26-120000-C
0.1195,0.121,33.9,0.1200893,1780603595831,1.3,41.06,63622.67,BTC-28AUG26,63238.02,0.12025,63235.31,28AUG26,68000,,P,BTC-28AUG26-68000-P
0.1685,0.172,395.9,0.1703948,1780603595831,18.3,95.69,63222.61,BTC-5JUN26,63238.02,0.17025,63235.31,5JUN26,74000,,P,BTC-5JUN26-74000-P
0.071,0.072,1.7,0.0717554,1780603595831,4.2,43.46,63461.89,BTC-31JUL26,63238.02,0.0715,63235.31,31JUL26,63000,,C,BTC-31JUL26-63000-C
0.019,0.02,12.2,0.01976895,1780603595831,5.8,39.66,63622.67,BTC-28AUG26,63238.02,0.0195,63235.31,28AUG26,76000,,C,BTC-28AUG26-76000-C
0.064,0.066,1719.3,0.06498504,1780603595831,12.4,47.89,64394.64,BTC-25DEC26,63238.02,0.065,63235.31,25DEC26,54000,,P,BTC-25DEC26-54000-P
0.4465,0.5015,4.5,0.45252968,1780603595831,0.0,42.09,64396.07,BTC-25DEC26,63238.02,0.474,63235.31,25DEC26,92000,,P,BTC-25DEC26-92000-P
0.576,0.584,986.9,0.57960293,1780603595831,0.6,67.18,63291.63,BTC-26JUN26,63238.02,0.58,63235.31,26JUN26,100000,,P,BTC-26JUN26-100000-P
0.0001,0.0002,101.3,0.00020263,1780603595831,151.3,107.96,63222.61,BTC-5JUN26,63238.02,0.00015,63235.31,5JUN26,58000,,P,BTC-5JUN26-58000-P
0.285,0.2915,179.6,0.28892887,1780603595831,0.0,43.71,65007.62,BTC-26MAR27,63238.02,0.28825,63235.31,26MAR27,78000,,P,BTC-26MAR27-78000-P
0.061,0.064,9.2,0.06274805,1780603595831,10.2,54.28,63239.5,BTC-12JUN26,63238.02,0.0625,63235.31,12JUN26,60000,,C,BTC-12JUN26-60000-C
0.0011,0.0013,31.6,0.00127545,1780603595831,31.6,82.48,63236.59,index_price,63238.02,0.0012,63235.31,8JUN26,55000,,P,BTC-8JUN26-55000-P
,0.0001,40.0,2.528e-05,1780603595831,1.4,76.4,63236.59,index_price,63238.02,,63235.31,6JUN26,73000,,C,BTC-6JUN26-73000-C
0.009,0.01,92.5,0.0093217,1780603595831,3.0,42.98,64396.07,BTC-25DEC26,63238.02,0.0095,63235.31,25DEC26,108000,,C,BTC-25DEC26-108000-C
0.0985,0.1005,6497.7,0.09954782,1780603595831,30.4,45.73,64396.07,BTC-25DEC26,63238.02,0.0995,63235.31,25DEC26,60000,,P,BTC-25DEC26-60000-P
2.7385,3.013,10.0,2.88229181,1780603595831,0.0,60.42,64396.07,BTC-25DEC26,63238.02,2.87575,63235.31,25DEC26,250000,,P,BTC-25DEC26-250000-P
0.0115,0.012,1287.6,0.01164174,1780603595831,26.6,39.79,63815.83,BTC-25SEP26,63238.02,0.01175,63235.31,25SEP26,85000,,C,BTC-25SEP26-85000-C
0.05,0.0515,574.9,0.0506967,1780603595831,103.0,44.06,63260.28,BTC-19JUN26,63238.02,0.05075,63235.31,19JUN26,65000,,P,BTC-19JUN26-65000-P
0.0415,0.0425,237.9,0.04190593,1780603595831,202.2,44.98,63260.28,BTC-19JUN26,63238.02,0.042,63235.31,19JUN26,64000,,P,BTC-19JUN26-64000-P
1.816,2.03,0.9,1.92488793,1780603595831,0.0,50.06,65007.62,BTC-26MAR27,63238.02,1.923,63235.31,26MAR27,190000,,P,BTC-26MAR27-190000-P
0.157,0.166,0.1,0.16248673,1780603595831,0.0,91.76,63222.61,BTC-5JUN26,63238.02,0.1615,63235.31,5JUN26,73500,,P,BTC-5JUN26-73500-P
0.0012,0.0015,1197.7,0.00129708,1780603595831,11.9,49.52,64396.07,BTC-25DEC26,63238.02,0.00135,63235.31,25DEC26,160000,,C,BTC-25DEC26-160000-C
0.009,0.01,71.7,0.00958985,1780603595831,75.3,42.36,63260.28,BTC-19JUN26,63238.02,0.0095,63235.31,19JUN26,68000,,C,BTC-19JUN26-68000-C
0.3915,0.4005,3.4,0.39718873,1780603595831,0.0,42.08,64396.07,BTC-25DEC26,63238.02,0.396,63235.31,25DEC26,88000,,P,BTC-25DEC26-88000-P
0.074,0.077,972.1,0.07551447,1780603595831,107.3,69.16,63222.61,BTC-5JUN26,63238.02,0.0755,63235.31,5JUN26,68000,,P,BTC-5JUN26-68000-P
0.004,0.0044,359.1,0.00416607,1780603595831,107.0,44.23,63239.5,BTC-12JUN26,63238.02,0.0042,63235.31,12JUN26,68000,,C,BTC-12JUN26-68000-C
0.476,0.513,1.0,0.50799268,1780603595831,0.0,41.11,63810.35,BTC-25SEP26,63238.02,0.4945,63235.31,25SEP26,96000,,P,BTC-25SEP26-96000-P
0.5025,0.561,0.6,0.50934871,1780603595831,0.0,42.16,64396.07,BTC-25DEC26,63238.02,0.53175,63235.31,25DEC26,96000,,P,BTC-25DEC26-96000-P
0.367,0.395,8.1,0.37244969,1780603595831,0.0,41.81,63461.89,BTC-31JUL26,63238.02,0.381,63235.31,31JUL26,87000,,P,BTC-31JUL26-87000-P
0.0975,0.099,199.1,0.09811435,1780603595831,34.1,41.47,63461.89,BTC-31JUL26,63238.02,0.09825,63235.31,31JUL26,67000,,P,BTC-31JUL26-67000-P
0.3225,0.408,0.3,0.36018852,1780603595831,0.0,102.62,63222.61,BTC-5JUN26,63238.02,0.36525,63235.31,5JUN26,86000,,P,BTC-5JUN26-86000-P
0.0265,0.028,3196.5,0.02708329,1780603595831,921.1,42.09,64396.07,BTC-25DEC26,63238.02,0.02725,63235.31,25DEC26,90000,,C,BTC-25DEC26-90000-C
0.154,0.1565,5.4,0.15499225,1780603595831,1.9,45.32,65007.62,BTC-26MAR27,63238.02,0.15525,63235.31,26MAR27,66000,,C,BTC-26MAR27-66000-C
0.0265,0.0295,16.5,0.02797862,1780603595831,18.6,49.71,63236.59,index_price,63238.02,0.028,63235.31,7JUN26,62000,,C,BTC-7JUN26-62000-C
1.963,2.188,1.0,2.07838665,1780603595831,0.0,50.97,65007.62,BTC-26MAR27,63238.02,2.0755,63235.31,26MAR27,200000,,P,BTC-26MAR27-200000-P
0.0038,0.0041,1703.3,0.00399278,1780603595831,171.0,75.41,63815.83,BTC-25SEP26,63238.02,0.00395,63235.31,25SEP26,30000,,P,BTC-25SEP26-30000-P
0.0005,0.0006,3811.8,0.00045688,1780603595831,238.6,51.63,63291.63,BTC-26JUN26,63238.02,0.00055,63235.31,26JUN26,85000,,C,BTC-26JUN26-85000-C
0.0038,0.0043,854.0,0.00403158,1780603595831,19.6,47.34,65007.62,BTC-26MAR27,63238.02,0.00405,63235.31,26MAR27,160000,,C,BTC-26MAR27-160000-C
,0.0001,291.3,2.83e-06,1780603595831,0.0,61.4,63810.35,BTC-25SEP26,63238.02,,63235.31,25SEP26,260000,,C,BTC-25SEP26-260000-C
0.117,0.1205,165.9,0.11891075,1780603595831,5.6,40.77,63461.89,BTC-31JUL26,63238.02,0.11875,63235.31,31JUL26,69000,,P,BTC-31JUL26-69000-P
0.036,0.0665,0.0,0.04022516,1780603595831,0.0,42.03,63236.59,index_price,63238.02,0.05125,63235.31,8JUN26,65500,,P,BTC-8JUN26-65500-P
0.144,0.1465,125.6,0.14548013,1780603595831,0.0,44.2,64396.07,BTC-25DEC26,63238.02,0.14525,63235.31,25DEC26,66000,,P,BTC-25DEC26-66000-P
0.0155,0.0165,1693.2,0.01592687,1780603595831,77.3,39.73,63815.83,BTC-25SEP26,63238.02,0.016,63235.31,25SEP26,82000,,C,BTC-25SEP26-82000-C
0.2175,0.2925,4.9,0.24898773,1780603595831,0.0,62.79,63239.5,BTC-12JUN26,63238.02,0.255,63235.31,12JUN26,79000,,P,BTC-12JUN26-79000-P
0.1215,0.1265,397.8,0.12355178,1780603595831,1.9,46.86,63239.5,BTC-12JUN26,63238.02,0.124,63235.31,12JUN26,71000,,P,BTC-12JUN26-71000-P
,0.0001,759.8,7e-08,1780603595831,0.0,85.89,63297.11,BTC-26JUN26,63238.02,,63235.31,26JUN26,170000,,C,BTC-26JUN26-170000-C
0.402,0.5275,0.2,0.46121439,1780603595831,0.0,43.11,65007.62,BTC-26MAR27,63238.02,0.46475,63235.31,26MAR27,92000,,P,BTC-26MAR27-92000-P
0.063,0.0675,365.3,0.06548314,1780603595831,4.6,44.03,63239.5,BTC-12JUN26,63238.02,0.06525,63235.31,12JUN26,67000,,P,BTC-12JUN26-67000-P
1.841,2.052,0.0,1.95099302,1780603595831,0.0,53.52,64396.07,BTC-25DEC26,63238.02,1.9465,63235.31,25DEC26,190000,,P,BTC-25DEC26-190000-P
0.47,0.473,71.1,0.47080553,1780603595831,2.4,61.53,64396.07,BTC-25DEC26,63238.02,0.4715,63235.31,25DEC26,35000,,C,BTC-25DEC26-35000-C
1.393,1.573,0.0,1.48575601,1780603595831,0.0,49.52,64396.07,BTC-25DEC26,63238.02,1.483,63235.31,25DEC26,160000,,P,BTC-25DEC26-160000-P
0.0022,0.0025,138.1,0.00232087,1780603595831,6.1,41.48,63467.37,BTC-31JUL26,63238.02,0.00235,63235.31,31JUL26,86000,,C,BTC-31JUL26-86000-C
0.0049,0.006,7126.7,0.00531455,1780603595831,174.3,44.49,64396.07,BTC-25DEC26,63238.02,0.00545,63235.31,25DEC26,120000,,C,BTC-25DEC26-120000-C
,0.0001,20.0,1.115e-05,1780603595831,2.0,89.41,63236.59,index_price,63238.02,,63235.31,6JUN26,76000,,C,BTC-6JUN26-76000-C
0.008,0.0085,35.6,0.00832469,1780603595831,97.8,49.71,63236.59,index_price,63238.02,0.00825,63235.31,7JUN26,62000,,P,BTC-7JUN26-62000-P
,0.0002,91.8,3.813e-05,1780603595831,108.6,54.3,63222.61,BTC-5JUN26,63238.02,,63235.31,5JUN26,66500,,C,BTC-5JUN26-66500-C
0.222,0.2275,133.7,0.22549226,1780603595831,40.8,44.34,65006.19,BTC-26MAR27,63238.02,0.22475,63235.31,26MAR27,72000,,P,BTC-26MAR27-72000-P
0.058,0.0615,78.6,0.05970524,1780603595831,34.7,58.31,63222.61,BTC-5JUN26,63238.02,0.05975,63235.31,5JUN26,67000,,P,BTC-5JUN26-67000-P
0.1265,0.164,0.0,0.15425888,1780603595831,0.0,66.49,63236.59,index_price,63238.02,0.14525,63235.31,7JUN26,73000,,P,BTC-7JUN26-73000-P
0.0001,0.0002,3744.3,0.00015371,1780603595831,4.1,67.18,63291.63,BTC-26JUN26,63238.02,0.00015,63235.31,26JUN26,100000,,C,BTC-26JUN26-100000-C
,0.0001,44.5,4.87e-06,1780603595831,20.5,95.07,63236.59,index_price,63238.02,,63235.31,6JUN26,78000,,C,BTC-6JUN26-78000-C
0.377,0.44,5.9,0.40351089,1780603595831,0.0,42.53,63461.89,BTC-31JUL26,63238.02,0.4085,63235.31,31JUL26,89000,,P,BTC-31JUL26-89000-P
0.0505,0.0535,27.5,0.05181181,1780603595831,0.5,54.3,63222.61,BTC-5JUN26,63238.02,0.052,63235.31,5JUN26,66500,,P,BTC-5JUN26-66500-P
0.0002,0.0004,114.2,0.00020733,1780603595831,149.7,50.4,63222.61,BTC-5JUN26,63238.02,0.0003,63235.31,5JUN26,65500,,C,BTC-5JUN26-65500-C
0.0016,0.0019,1604.3,0.00169173,1780603595831,16.9,48.11,64396.07,BTC-25DEC26,63238.02,0.00175,63235.31,25DEC26,150000,,C,BTC-25DEC26-150000-C
0.0002,0.0004,836.7,0.00026509,1780603595831,61.8,59.52,63291.63,BTC-26JUN26,63238.02,0.0003,63235.31,26JUN26,92000,,C,BTC-26JUN26-92000-C
0.109,0.1115,53.0,0.11051117,1780603595831,0.3,47.19,65007.62,BTC-26MAR27,63238.02,0.11025,63235.31,26MAR27,58000,,P,BTC-26MAR27-58000-P
0.0345,0.0355,2339.7,0.03473589,1780603595831,1483.1,46.3,63291.63,BTC-26JUN26,63238.02,0.035,63235.31,26JUN26,62000,,P,BTC-26JUN26-62000-P
0.03,0.031,39.5,0.03045764,1780603595831,3.5,48.56,63622.67,BTC-28AUG26,63238.02,0.0305,63235.31,28AUG26,54000,,P,BTC-28AUG26-54000-P
0.01,0.011,390.2,0.01055382,1780603595831,20.6,39.66,63624.1,BTC-28AUG26,63238.02,0.0105,63235.31,28AUG26,81000,,C,BTC-28AUG26-81000-C
0.0395,0.0405,64.3,0.04004565,1780603595831,68.9,46.15,63461.89,BTC-31JUL26,63238.02,0.04,63235.31,31JUL26,59000,,P,BTC-31JUL26-59000-P
0.0018,0.002,58.6,0.00192219,1780603595831,60.9,80.58,63240.93,BTC-12JUN26,63238.02,0.0019,63235.31,12JUN26,52000,,P,BTC-12JUN26-52000-P
0.0001,0.0003,18.8,0.0001457,1780603595831,17.8,52.3,63236.59,index_price,63238.02,0.0002,63235.31,7JUN26,70000,,C,BTC-7JUN26-70000-C
0.002,0.0024,0.7,0.00217125,1780603595831,0.0,41.94,63622.67,BTC-28AUG26,63238.02,0.0022,63235.31,28AUG26,95000,,C,BTC-28AUG26-95000-C
0.0001,0.0003,3823.8,0.00021429,1780603595831,3.8,62.54,63291.63,BTC-26JUN26,63238.02,0.0002,63235.31,26JUN26,95000,,C,BTC-26JUN26-95000-C
0.0037,0.0041,63.5,0.00396251,1780603595831,53.6,62.72,63236.59,index_price,63238.02,0.0039,63235.31,6JUN26,61000,,P,BTC-6JUN26-61000-P
0.0085,0.009,343.2,0.00853547,1780603595831,2.9,39.93,63810.35,BTC-25SEP26,63238.02,0.00875,63235.31,25SEP26,88000,,C,BTC-25SEP26-88000-C
0.1195,0.1215,15.7,0.12060371,1780603595831,1.2,44.2,64396.07,BTC-25DEC26,63238.02,0.1205,63235.31,25DEC26,66000,,C,BTC-25DEC26-66000-C
0.0125,0.014,107.0,0.01297218,1780603595831,62.2,42.47,64396.07,BTC-25DEC26,63238.02,0.01325,63235.31,25DEC26,102000,,C,BTC-25DEC26-102000-C
0.0455,0.0465,41.3,0.04607994,1780603595831,16.2,40.74,63622.67,BTC-28AUG26,63238.02,0.046,63235.31,28AUG26,69000,,C,BTC-28AUG26-69000-C
0.026,0.0275,16.0,0.02658837,1780603595831,1.5,43.2,65007.62,BTC-26MAR27,63238.02,0.02675,63235.31,26MAR27,104000,,C,BTC-26MAR27-104000-C
0.4875,0.4995,0.0,0.49522143,1780603595831,0.0,41.94,63624.1,BTC-28AUG26,63238.02,0.4935,63235.31,28AUG26,95000,,P,BTC-28AUG26-95000-P
0.0009,0.0014,2194.0,0.00108804,1780603595831,5.8,51.21,64394.64,BTC-25DEC26,63238.02,0.00115,63235.31,25DEC26,170000,,C,BTC-25DEC26-170000-C
0.0001,0.0002,757.1,0.00013069,1780603595831,0.1,76.13,63239.5,BTC-12JUN26,63238.02,0.00015,63235.31,12JUN26,85000,,C,BTC-12JUN26-85000-C
0.0845,0.086,425.5,0.08540127,1780603595831,32.0,42.27,63810.35,BTC-25SEP26,63238.02,0.08525,63235.31,25SEP26,65000,,C,BTC-25SEP26-65000-C
0.931,1.093,0.2,1.00934733,1780603595831,0.0,44.68,65007.62,BTC-26MAR27,63238.02,1.012,63235.31,26MAR27,130000,,P,BTC-26MAR27-130000-P
0.3075,0.3145,135.5,0.31168036,1780603595831,0.0,43.56,65007.62,BTC-26MAR27,63238.02,0.311,63235.31,26MAR27,80000,,P,BTC-26MAR27-80000-P
0.0485,0.0495,1201.4,0.0489281,1780603595831,389.6,44.34,63291.63,BTC-26JUN26,63238.02,0.049,63235.31,26JUN26,64000,,P,BTC-26JUN26-64000-P
0.095,0.0965,3.1,0.0958154,1780603595831,4.2,43.49,63624.1,BTC-28AUG26,63238.02,0.09575,63235.31,28AUG26,62000,,C,BTC-28AUG26-62000-C
0.1525,0.1575,254.0,0.15460465,1780603595831,11.2,50.3,63239.5,BTC-12JUN26,63238.02,0.155,63235.31,12JUN26,73000,,P,BTC-12JUN26-73000-P
,0.0005,174.0,1.32e-06,1780603595831,0.1,64.66,63815.83,BTC-25SEP26,63238.02,,63235.31,25SEP26,300000,,C,BTC-25SEP26-300000-C
0.079,0.1475,0.0,0.10705465,1780603595831,0.0,47.96,63236.59,index_price,63238.02,0.11325,63235.31,8JUN26,70000,,P,BTC-8JUN26-70000-P
0.4155,0.419,37.3,0.41688763,1780603595831,17.6,54.7,65007.62,BTC-26MAR27,63238.02,0.41725,63235.31,26MAR27,40000,,C,BTC-26MAR27-40000-C
0.0004,0.0008,156.5,0.00048809,1780603595831,6.3,50.7,63810.35,BTC-25SEP26,63238.02,0.0006,63235.31,25SEP26,135000,,C,BTC-25SEP26-135000-C
0.17,0.1745,307.8,0.17241583,1780603595832,0.0,40.48,63815.83,BTC-25SEP26,63238.02,0.17225,63235.31,25SEP26,72000,,P,BTC-25SEP26-72000-P
0.168,0.172,0.0,0.16974902,1780603595832,0.0,47.78,63622.67,BTC-28AUG26,63238.02,0.17,63235.31,28AUG26,55000,,C,BTC-28AUG26-55000-C
0.0805,0.0815,856.8,0.08083609,1780603595832,163.0,43.4,63810.35,BTC-25SEP26,63238.02,0.081,63235.31,25SEP26,62000,,P,BTC-25SEP26-62000-P
0.0012,0.0014,1072.4,0.00124287,1780603595832,536.2,46.86,63240.93,BTC-12JUN26,63238.02,0.0013,63235.31,12JUN26,71000,,C,BTC-12JUN26-71000-C
0.01,0.011,217.7,0.01078183,1780603595832,85.4,39.96,63467.37,BTC-31JUL26,63238.02,0.0105,63235.31,31JUL26,76000,,C,BTC-31JUL26-76000-C
0.245,0.248,1.0,0.2461848,1780603595832,0.1,48.06,65007.62,BTC-26MAR27,63238.02,0.2465,63235.31,26MAR27,55000,,C,BTC-26MAR27-55000-C
0.1835,0.1865,2.2,0.18454579,1780603595832,0.0,46.14,65007.62,BTC-26MAR27,63238.02,0.185,63235.31,26MAR27,62000,,C,BTC-26MAR27-62000-C
0.0165,0.0175,18.2,0.01706417,1780603595832,34.0,46.07,63236.59,index_price,63238.02,0.017,63235.31,7JUN26,63000,,C,BTC-7JUN26-63000-C
0.0006,0.0008,53.8,0.0007407,1780603595832,15.8,46.87,63622.67,BTC-28AUG26,63238.02,0.0007,63235.31,28AUG26,110000,,C,BTC-28AUG26-110000-C
0.0195,0.023,15.9,0.02122597,1780603595832,17.4,47.04,63222.61,BTC-5JUN26,63238.02,0.02125,63235.31,5JUN26,64500,,P,BTC-5JUN26-64500-P
,0.0001,119.8,8.001e-05,1780603595832,35.5,70.66,63236.59,index_price,63238.02,,63235.31,6JUN26,71000,,C,BTC-6JUN26-71000-C
0.3755,0.4735,0.0,0.4234531,1780603595832,0.0,102.62,63222.61,BTC-5JUN26,63238.02,0.4245,63235.31,5JUN26,90000,,P,BTC-5JUN26-90000-P
0.0018,0.0022,79.3,0.00193494,1780603595832,106.9,47.7,63236.59,index_price,63238.02,0.002,63235.31,6JUN26,65500,,C,BTC-6JUN26-65500-C
0.872,0.8875,172.1,0.88075438,1780603595832,3.0,46.82,63810.35,BTC-25SEP26,63238.02,0.87975,63235.31,25SEP26,120000,,P,BTC-25SEP26-120000-P
,0.0001,175.4,1.2e-07,1780603595832,26.0,89.37,63222.61,BTC-5JUN26,63238.02,,63235.31,5JUN26,72500,,C,BTC-5JUN26-72500-C
0.0022,0.0026,9.1,0.00237312,1780603595832,0.0,41.64,63622.67,BTC-28AUG26,63238.02,0.0024,63235.31,28AUG26,94000,,C,BTC-28AUG26-94000-C
0.103,0.166,0.0,0.13165799,1780603595832,0.0,82.48,63236.59,index_price,63238.02,0.1345,63235.31,8JUN26,55000,,C,BTC-8JUN26-55000-C
0.112,0.117,2843.6,0.11437133,1780603595832,95.4,41.32,63291.63,BTC-26JUN26,63238.02,0.1145,63235.31,26JUN26,70000,,P,BTC-26JUN26-70000-P
,0.0001,1425.6,0.0,1780603595832,0.0,102.56,63222.61,BTC-5JUN26,63238.02,,63235.31,5JUN26,80000,,C,BTC-5JUN26-80000-C
0.0065,0.007,1362.4,0.00683671,1780603595832,1082.0,60.64,63260.28,BTC-19JUN26,63238.02,0.00675,63235.31,19JUN26,55000,,P,BTC-19JUN26-55000-P
0.03,0.031,969.8,0.03064592,1780603595832,1086.6,43.5,63291.63,BTC-26JUN26,63238.02,0.0305,63235.31,26JUN26,65000,,C,BTC-26JUN26-65000-C
0.241,0.2445,32.6,0.24280504,1780603595832,0.0,50.49,63810.35,BTC-25SEP26,63238.02,0.24275,63235.31,25SEP26,50000,,C,BTC-25SEP26-50000-C
0.0018,0.0022,3.9,0.00198312,1780603595832,0.0,42.23,63622.67,BTC-28AUG26,63238.02,0.002,63235.31,28AUG26,96000,,C,BTC-28AUG26-96000-C
0.012,0.013,714.8,0.01267188,1780603595832,137.2,39.98,63467.37,BTC-31JUL26,63238.02,0.0125,63235.31,31JUL26,75000,,C,BTC-31JUL26-75000-C
0.383,0.4695,0.1,0.42269281,1780603595832,0.0,81.2,63239.5,BTC-12JUN26,63238.02,0.42625,63235.31,12JUN26,90000,,P,BTC-12JUN26-90000-P
0.0039,0.0044,251.8,0.00409594,1780603595832,0.1,41.11,63810.35,BTC-25SEP26,63238.02,0.00415,63235.31,25SEP26,96000,,C,BTC-25SEP26-96000-C
0.018,0.02,58.1,0.01891061,1780603595832,30.7,43.52,65007.62,BTC-26MAR27,63238.02,0.019,63235.31,26MAR27,112000,,C,BTC-26MAR27-112000-C
0.073,0.0745,204.4,0.07366444,1780603595832,13.6,43.41,65007.62,BTC-26MAR27,63238.02,0.07375,63235.31,26MAR27,82000,,C,BTC-26MAR27-82000-C
0.0002,0.0004,1617.4,0.00025821,1780603595832,9.9,60.75,63239.5,BTC-12JUN26,63238.02,0.0003,63235.31,12JUN26,78000,,C,BTC-12JUN26-78000-C
0.0005,0.0007,32.2,0.00056324,1780603595832,118.0,97.3,63236.59,index_price,63238.02,0.0006,63235.31,6JUN26,56000,,P,BTC-6JUN26-56000-P
,0.0001,2651.1,5.8e-07,1780603595832,0.0,82.85,63291.63,BTC-26JUN26,63238.02,,63235.31,26JUN26,150000,,C,BTC-26JUN26-150000-C
0.0003,0.0006,305.6,0.00046629,1780603595832,49.0,52.99,63461.89,BTC-31JUL26,63238.02,0.00045,63235.31,31JUL26,108000,,C,BTC-31JUL26-108000-C
0.1795,0.1815,83.6,0.18091546,1780603595832,2.5,46.94,63815.83,BTC-25SEP26,63238.02,0.1805,63235.31,25SEP26,55000,,C,BTC-25SEP26-55000-C
0.3235,0.331,38.5,0.32761845,1780603595832,0.0,50.99,63291.63,BTC-26JUN26,63238.02,0.32725,63235.31,26JUN26,84000,,P,BTC-26JUN26-84000-P
0.049,0.0515,10.8,0.05036478,1780603595832,15.0,51.76,63240.93,BTC-12JUN26,63238.02,0.05025,63235.31,12JUN26,61000,,C,BTC-12JUN26-61000-C
0.0365,0.0375,161.0,0.03707664,1780603595832,41.4,41.09,63461.89,BTC-31JUL26,63238.02,0.037,63235.31,31JUL26,68000,,C,BTC-31JUL26-68000-C
0.0032,0.0036,264.6,0.00347426,1780603595832,501.3,70.06,63239.5,BTC-12JUN26,63238.02,0.0034,63235.31,12JUN26,55000,,P,BTC-12JUN26-55000-P
0.0005,0.0008,194.7,0.00055463,1780603595832,6.2,47.27,63461.89,BTC-31JUL26,63238.02,0.00065,63235.31,31JUL26,100000,,C,BTC-31JUL26-100000-C
0.1475,0.151,0.0,0.1492622,1780603595832,0.0,73.62,63239.5,BTC-12JUN26,63238.02,0.14925,63235.31,12JUN26,54000,,C,BTC-12JUN26-54000-C
0.22,0.226,61.0,0.22365738,1780603595832,0.5,42.85,64394.64,BTC-25DEC26,63238.02,0.223,63235.31,25DEC26,74000,,P,BTC-25DEC26-74000-P
0.036,0.037,473.9,0.03638598,1780603595832,5.2,40.16,63810.35,BTC-25SEP26,63238.02,0.0365,63235.31,25SEP26,74000,,C,BTC-25SEP26-74000-C
0.063,0.064,95.5,0.06355221,1780603595832,96.4,42.91,63461.89,BTC-31JUL26,63238.02,0.0635,63235.31,31JUL26,64000,,C,BTC-31JUL26-64000-C
0.0165,0.0175,1164.0,0.01706195,1780603595832,995.6,51.54,63291.63,BTC-26JUN26,63238.02,0.017,63235.31,26JUN26,58000,,P,BTC-26JUN26-58000-P
0.184,0.189,213.8,0.18602912,1780603595832,3.9,55.35,63239.5,BTC-12JUN26,63238.02,0.1865,63235.31,12JUN26,75000,,P,BTC-12JUN26-75000-P
0.232,0.2355,202.6,0.23365935,1780603595832,21.4,102.51,63222.61,BTC-5JUN26,63238.02,0.23375,63235.31,5JUN26,78000,,P,BTC-5JUN26-78000-P
0.0001,0.0002,63.6,7.673e-05,1780603595832,41.2,54.41,63236.59,index_price,63238.02,0.00015,63235.31,7JUN26,71000,,C,BTC-7JUN26-71000-C
0.0008,0.001,14.4,0.00091259,1780603595832,16.0,81.86,63236.59,index_price,63238.02,0.0009,63235.31,7JUN26,56000,,P,BTC-7JUN26-56000-P
,0.0002,144.1,6.783e-05,1780603595832,5.8,65.63,63236.59,index_price,63238.02,,63235.31,6JUN26,70500,,C,BTC-6JUN26-70500-C
0.0005,0.0006,251.9,0.00044439,1780603595832,353.1,47.81,63222.61,BTC-5JUN26,63238.02,0.00055,63235.31,5JUN26,65000,,C,BTC-5JUN26-65000-C
0.039,0.0405,608.5,0.03948924,1780603595832,9.5,42.08,64396.07,BTC-25DEC26,63238.02,0.03975,63235.31,25DEC26,84000,,C,BTC-25DEC26-84000-C
0.259,0.342,0.0,0.29608946,1780603595832,0.0,53.77,63261.71,BTC-19JUN26,63238.02,0.3005,63235.31,19JUN26,82000,,P,BTC-19JUN26-82000-P
0.0012,0.0015,65.6,0.00124646,1780603595832,70.0,42.69,63236.59,index_price,63238.02,0.00135,63235.31,7JUN26,66500,,C,BTC-7JUN26-66500-C
,0.0001,242.1,2.348e-05,1780603595832,340.4,58.31,63222.61,BTC-5JUN26,63238.02,,63235.31,5JUN26,67000,,C,BTC-5JUN26-67000-C
0.006,0.0065,234.5,0.0062767,1780603595832,0.3,39.76,63622.67,BTC-28AUG26,63238.02,0.00625,63235.31,28AUG26,85000,,C,BTC-28AUG26-85000-C
0.2165,0.2235,600.7,0.22020705,1780603595832,20.1,39.92,63815.83,BTC-25SEP26,63238.02,0.22,63235.31,25SEP26,76000,,P,BTC-25SEP26-76000-P
0.0015,0.0019,4.5,0.00166006,1780603595832,0.0,42.79,63622.67,BTC-28AUG26,63238.02,0.0017,63235.31,28AUG26,98000,,C,BTC-28AUG26-98000-C
0.003,0.0033,149.6,0.00312911,1780603595832,185.3,47.74,63236.59,index_price,63238.02,0.00315,63235.31,6JUN26,65000,,C,BTC-6JUN26-65000-C
0.0013,0.0016,118.9,0.00141292,1780603595832,0.6,43.41,63622.67,BTC-28AUG26,63238.02,0.00145,63235.31,28AUG26,100000,,C,BTC-28AUG26-100000-C
0.065,0.067,278.2,0.0658826,1780603595832,1.1,42.65,64396.07,BTC-25DEC26,63238.02,0.066,63235.31,25DEC26,76000,,C,BTC-25DEC26-76000-C
0.0016,0.0018,77.3,0.0017442,1780603595832,120.1,68.85,63222.61,BTC-5JUN26,63238.02,0.0017,63235.31,5JUN26,61500,,P,BTC-5JUN26-61500-P
0.0405,0.0765,0.0,0.0426387,1780603595833,0.0,52.38,63236.59,index_price,63238.02,0.0585,63235.31,8JUN26,61000,,C,BTC-8JUN26-61000-C
0.0002,0.0004,2656.3,0.00033725,1780603595833,315.1,120.49,63291.63,BTC-26JUN26,63238.02,0.0003,63235.31,26JUN26,30000,,P,BTC-26JUN26-30000-P
0.0085,0.0095,265.1,0.00923796,1780603595833,7.2,39.67,63624.1,BTC-28AUG26,63238.02,0.009,63235.31,28AUG26,82000,,C,BTC-28AUG26-82000-C
0.011,0.0125,60.2,0.01156887,1780603595833,1.0,42.61,64396.07,BTC-25DEC26,63238.02,0.01175,63235.31,25DEC26,104000,,C,BTC-25DEC26-104000-C
0.0017,0.002,647.8,0.00179378,1780603595833,403.6,45.57,63239.5,BTC-12JUN26,63238.02,0.00185,63235.31,12JUN26,70000,,C,BTC-12JUN26-70000-C
0.0775,0.079,134.5,0.0782838,1780603595833,35.2,41.96,63810.35,BTC-25SEP26,63238.02,0.07825,63235.31,25SEP26,66000,,C,BTC-25SEP26-66000-C
0.034,0.067,0.0,0.03642753,1780603595833,0.0,74.54,63222.61,BTC-5JUN26,63238.02,0.0505,63235.31,5JUN26,61000,,C,BTC-5JUN26-61000-C
1.3445,1.511,0.1,1.42840303,1780603595833,0.0,54.71,63810.35,BTC-25SEP26,63238.02,1.42775,63235.31,25SEP26,155000,,P,BTC-25SEP26-155000-P
0.0019,0.0024,1036.2,0.00211412,1780603595833,11.5,43.19,63810.35,BTC-25SEP26,63238.02,0.00215,63235.31,25SEP26,105000,,C,BTC-25SEP26-105000-C
0.023,0.024,124.6,0.02358368,1780603595835,116.3,40.22,63461.89,BTC-31JUL26,63238.02,0.0235,63235.31,31JUL26,71000,,C,BTC-31JUL26-71000-C
0.03,0.031,1861.1,0.03073632,1780603595835,77.0,42.08,64396.07,BTC-25DEC26,63238.02,0.0305,63235.31,25DEC26,88000,,C,BTC-25DEC26-88000-C
0.0004,0.0005,1411.3,0.00042905,1780603595835,57.3,51.3,63260.28,BTC-19JUN26,63238.02,0.00045,63235.31,19JUN26,80000,,C,BTC-19JUN26-80000-C
0.023,0.024,119.8,0.02355731,1780603595835,145.6,44.06,63260.28,BTC-19JUN26,63238.02,0.0235,63235.31,19JUN26,65000,,C,BTC-19JUN26-65000-C
0.0195,0.021,14.2,0.0205299,1780603595835,14.2,54.65,63236.59,index_price,63238.02,0.02025,63235.31,6JUN26,62500,,C,BTC-6JUN26-62500-C
0.003,0.0035,9.4,0.00322269,1780603595835,10.0,42.03,63236.59,index_price,63238.02,0.00325,63235.31,8JUN26,66000,,C,BTC-8JUN26-66000-C
0.587,0.702,0.0,0.64067475,1780603595835,0.0,43.24,65007.62,BTC-26MAR27,63238.02,0.6445,63235.31,26MAR27,105000,,P,BTC-26MAR27-105000-P
0.2635,0.307,0.5,0.26927935,1780603595835,0.0,39.66,63624.1,BTC-28AUG26,63238.02,0.28525,63235.31,28AUG26,80000,,P,BTC-28AUG26-80000-P
0.169,0.173,0.0,0.17084337,1780603595835,0.0,50.53,63467.37,BTC-31JUL26,63238.02,0.171,63235.31,31JUL26,54000,,C,BTC-31JUL26-54000-C
0.0023,0.0027,92.7,0.00248935,1780603595835,157.2,69.3,63236.59,index_price,63238.02,0.0025,63235.31,6JUN26,60000,,P,BTC-6JUN26-60000-P
0.006,0.007,10.9,0.00652414,1780603595835,12.2,51.85,63236.59,index_price,63238.02,0.0065,63235.31,7JUN26,61500,,P,BTC-7JUN26-61500-P
0.137,0.142,278.0,0.13900967,1780603595835,3.3,48.4,63239.5,BTC-12JUN26,63238.02,0.1395,63235.31,12JUN26,72000,,P,BTC-12JUN26-72000-P
0.0001,0.0003,40.9,0.00014351,1780603595835,9.8,54.82,63236.59,index_price,63238.02,0.0002,63235.31,6JUN26,68500,,C,BTC-6JUN26-68500-C
1.745,1.944,37.1,1.84300861,1780603595835,0.0,85.89,63291.63,BTC-26JUN26,63238.02,1.8445,63235.31,26JUN26,180000,,P,BTC-26JUN26-180000-P
0.0002,0.0003,1054.3,0.00022262,1780603595835,0.0,57.86,63260.28,BTC-19JUN26,63238.02,0.00025,63235.31,19JUN26,85000,,C,BTC-19JUN26-85000-C
,0.0001,233.7,3.8e-07,1780603595835,25.1,81.09,63222.61,BTC-5JUN26,63238.02,,63235.31,5JUN26,71000,,C,BTC-5JUN26-71000-C
0.733,0.7425,928.4,0.73752822,1780603595835,2.5,78.42,63291.63,BTC-26JUN26,63238.02,0.73775,63235.31,26JUN26,110000,,P,BTC-26JUN26-110000-P
0.024,0.025,25.8,0.0244604,1780603595835,23.8,50.18,63622.67,BTC-28AUG26,63238.02,0.0245,63235.31,28AUG26,52000,,P,BTC-28AUG26-52000-P
0.0005,0.0006,38.8,0.00045264,1780603595835,28.8,46.39,63236.59,index_price,63238.02,0.00055,63235.31,7JUN26,68000,,C,BTC-7JUN26-68000-C
0.296,0.304,196.6,0.30050533,1780603595836,20.0,39.73,63810.35,BTC-25SEP26,63238.02,0.3,63235.31,25SEP26,82000,,P,BTC-25SEP26-82000-P
0.6995,0.801,0.0,0.74179245,1780603595836,0.0,43.52,65007.62,BTC-26MAR27,63238.02,0.75025,63235.31,26MAR27,112000,,P,BTC-26MAR27-112000-P
0.0039,0.0043,2888.9,0.00405602,1780603595836,1034.5,40.33,63461.89,BTC-31JUL26,63238.02,0.0041,63235.31,31JUL26,82000,,C,BTC-31JUL26-82000-C
0.185,0.1875,39.7,0.18614909,1780603595836,0.1,46.37,64396.07,BTC-25DEC26,63238.02,0.18625,63235.31,25DEC26,58000,,C,BTC-25DEC26-58000-C
0.0795,0.0805,181.4,0.0798372,1780603595836,54.3,42.38,63461.89,BTC-31JUL26,63238.02,0.08,63235.31,31JUL26,65000,,P,BTC-31JUL26-65000-P
0.0645,0.086,0.0,0.06719186,1780603595836,0.0,96.9,63222.61,BTC-5JUN26,63238.02,0.07525,63235.31,5JUN26,59000,,C,BTC-5JUN26-59000-C
0.0445,0.113,0.0,0.07596606,1780603595836,0.0,43.51,63236.59,index_price,63238.02,0.07875,63235.31,8JUN26,68000,,P,BTC-8JUN26-68000-P
0.0021,0.0025,10.8,0.0023325,1780603595836,14.3,64.56,63236.59,index_price,63238.02,0.0023,63235.31,7JUN26,59000,,P,BTC-7JUN26-59000-P
0.0008,0.0011,16.2,0.00083883,1780603595836,14.8,43.32,63236.59,index_price,63238.02,0.00095,63235.31,7JUN26,67000,,C,BTC-7JUN26-67000-C
0.092,0.0935,128.6,0.09276079,1780603595836,27.3,42.09,63624.1,BTC-28AUG26,63238.02,0.09275,63235.31,28AUG26,65000,,P,BTC-28AUG26-65000-P
0.654,0.6635,310.5,0.65897899,1780603595836,0.3,72.52,63291.63,BTC-26JUN26,63238.02,0.65875,63235.31,26JUN26,105000,,P,BTC-26JUN26-105000-P
,0.0001,1942.0,1.644e-05,1780603595836,25.1,80.26,63291.63,BTC-26JUN26,63238.02,,63235.31,26JUN26,125000,,C,BTC-26JUN26-125000-C
0.339,0.3465,2850.1,0.34332969,1780603595836,5.5,51.63,63291.63,BTC-26JUN26,63238.02,0.34275,63235.31,26JUN26,85000,,P,BTC-26JUN26-85000-P
0.6835,0.6855,102.6,0.68420364,1780603595836,1.0,160.25,63291.63,BTC-26JUN26,63238.02,0.6845,63235.31,26JUN26,20000,,C,BTC-26JUN26-20000-C
0.1115,0.113,186.1,0.11221281,1780603595836,12.4,41.96,63810.35,BTC-25SEP26,63238.02,0.11225,63235.31,25SEP26,66000,,P,BTC-25SEP26-66000-P
0.178,0.182,0.0,0.17994947,1780603595836,0.0,80.58,63239.5,BTC-12JUN26,63238.02,0.18,63235.31,12JUN26,52000,,C,BTC-12JUN26-52000-C
0.0365,0.038,1805.8,0.03709129,1780603595836,290.8,42.08,64394.64,BTC-25DEC26,63238.02,0.03725,63235.31,25DEC26,85000,,C,BTC-25DEC26-85000-C
0.049,0.0545,1.2,0.05167163,1780603595836,1.2,86.25,63222.61,BTC-5JUN26,63238.02,0.05175,63235.31,5JUN26,60000,,C,BTC-5JUN26-60000-C
0.0855,0.11,0.0,0.09117344,1780603595836,0.0,49.06,63236.59,index_price,63238.02,0.09775,63235.31,7JUN26,69000,,P,BTC-7JUN26-69000-P
0.1655,0.169,0.0,0.16730968,1780603595836,0.0,65.62,63260.28,BTC-19JUN26,63238.02,0.16725,63235.31,19JUN26,53000,,C,BTC-19JUN26-53000-C
0.5315,0.591,0.7,0.53816474,1780603595836,0.0,42.24,64396.07,BTC-25DEC26,63238.02,0.56125,63235.31,25DEC26,98000,,P,BTC-25DEC26-98000-P
0.4115,0.422,0.5,0.41767565,1780603595836,0.0,40.72,63624.1,BTC-28AUG26,63238.02,0.41675,63235.31,28AUG26,90000,,P,BTC-28AUG26-90000-P
0.088,0.0905,97.2,0.08906473,1780603595836,42.0,43.71,65007.62,BTC-26MAR27,63238.02,0.08925,63235.31,26MAR27,78000,,C,BTC-26MAR27-78000-C
0.024,0.025,609.7,0.02429721,1780603595836,91.1,42.76,63291.63,BTC-26JUN26,63238.02,0.0245,63235.31,26JUN26,66000,,C,BTC-26JUN26-66000-C
0.094,0.0975,0.0,0.09563705,1780603595836,0.0,54.01,63260.28,BTC-19JUN26,63238.02,0.09575,63235.31,19JUN26,58000,,C,BTC-19JUN26-58000-C
0.336,0.3455,0.4,0.34180784,1780603595836,0.0,39.76,63624.1,BTC-28AUG26,63238.02,0.34075,63235.31,28AUG26,85000,,P,BTC-28AUG26-85000-P
0.1325,0.1355,0.0,0.13408004,1780603595836,0.0,70.06,63239.5,BTC-12JUN26,63238.02,0.134,63235.31,12JUN26,55000,,C,BTC-12JUN26-55000-C
2.0255,2.2375,0.1,2.1331616,1780603595836,0.0,59.84,63810.35,BTC-25SEP26,63238.02,2.1315,63235.31,25SEP26,200000,,P,BTC-25SEP26-200000-P
0.0515,0.0555,0.0,0.05376753,1780603595836,0.0,69.3,63236.59,index_price,63238.02,0.0535,63235.31,6JUN26,60000,,C,BTC-6JUN26-60000-C
0.051,0.0525,57.8,0.05156848,1780603595836,29.0,41.06,63624.1,BTC-28AUG26,63238.02,0.05175,63235.31,28AUG26,68000,,C,BTC-28AUG26-68000-C
0.9825,1.107,106.4,1.05329138,1780603595836,0.0,80.26,63291.63,BTC-26JUN26,63238.02,1.04475,63235.31,26JUN26,130000,,P,BTC-26JUN26-130000-P
,0.0001,1.8,1.286e-05,1780603595836,0.0,84.44,63236.59,index_price,63238.02,,63235.31,6JUN26,75000,,C,BTC-6JUN26-75000-C
0.2055,0.21,0.0,0.20742958,1780603595836,0.0,50.18,63622.67,BTC-28AUG26,63238.02,0.20775,63235.31,28AUG26,52000,,C,BTC-28AUG26-52000-C
0.0575,0.059,219.6,0.05805364,1780603595836,11.5,42.46,64396.07,BTC-25DEC26,63238.02,0.05825,63235.31,25DEC26,78000,,C,BTC-25DEC26-78000-C
0.0044,0.0048,3671.1,0.00461429,1780603595836,1303.8,66.68,63291.63,BTC-26JUN26,63238.02,0.0046,63235.31,26JUN26,50000,,P,BTC-26JUN26-50000-P
0.339,0.347,491.8,0.34321698,1780603595836,0.0,39.79,63810.35,BTC-25SEP26,63238.02,0.343,63235.31,25SEP26,85000,,P,BTC-25SEP26-85000-P
0.18,0.1845,0.0,0.18200256,1780603595836,0.0,48.56,63622.67,BTC-28AUG26,63238.02,0.18225,63235.31,28AUG26,54000,,C,BTC-28AUG26-54000-C
0.129,0.1325,0.0,0.13075272,1780603595836,0.0,104.41,63236.59,index_price,63238.02,0.13075,63235.31,6JUN26,55000,,C,BTC-6JUN26-55000-C
,0.0001,290.8,0.0,1780603595836,0.0,102.62,63222.61,BTC-5JUN26,63238.02,,63235.31,5JUN26,95000,,C,BTC-5JUN26-95000-C
0.0003,0.0006,42.8,0.00050359,1780603595836,0.0,51.83,63461.89,BTC-31JUL26,63238.02,0.00045,63235.31,31JUL26,106000,,C,BTC-31JUL26-106000-C
0.0011,0.0014,146.0,0.00117782,1780603595836,96.8,47.99,63236.59,index_price,63238.02,0.00125,63235.31,6JUN26,66000,,C,BTC-6JUN26-66000-C
0.057,0.058,483.4,0.05723868,1780603595836,222.3,44.08,63461.89,BTC-31JUL26,63238.02,0.0575,63235.31,31JUL26,62000,,P,BTC-31JUL26-62000-P
0.1835,0.2475,0.0,0.21753673,1780603595836,0.0,94.71,63236.59,index_price,63238.02,0.2155,63235.31,6JUN26,77000,,P,BTC-6JUN26-77000-P
0.0023,0.0027,75.1,0.0025826,1780603595836,180.7,63.29,63222.61,BTC-5JUN26,63238.02,0.0025,63235.31,5JUN26,62000,,P,BTC-5JUN26-62000-P
0.0125,0.0135,85.2,0.01304195,1780603595836,100.9,46.97,63236.59,index_price,63238.02,0.013,63235.31,8JUN26,62500,,P,BTC-8JUN26-62500-P
0.0001,0.0003,1.1,0.0001552,1780603595836,0.0,49.48,63236.59,index_price,63238.02,0.0002,63235.31,7JUN26,69500,,C,BTC-7JUN26-69500-C
0.4885,0.5015,90.3,0.49488823,1780603595836,0.4,42.13,64396.07,BTC-25DEC26,63238.02,0.495,63235.31,25DEC26,95000,,P,BTC-25DEC26-95000-P
