bid_price,ask_price,open_interest,mark_price,creation_timestamp_x,volume,mark_iv,underlying_price,underlying_index,estimated_delivery_price,mid_price,price_index,expiration_timestamp,strike,settlement_period,option_type,instrument_id
0.0185,0.02,3473.0,0.019146,1780645800004,21.0,61.89,1716.85,ETH-26MAR27,1673.64,0.01925,1673.72,26MAR27,4200,,C,ETH-26MAR27-4200-C
4.13,4.5745,0.0,4.339171,1780645800005,0.0,79.21,1685.24,ETH-25SEP26,1673.64,4.35225,1673.72,25SEP26,9000,,P,ETH-25SEP26-9000-P
0.0385,0.04,0.0,0.039226,1780645800005,0.0,70.36,1673.54,ETH-12JUN26,1673.64,0.03925,1673.72,12JUN26,1675,,P,ETH-12JUN26-1675-P
0.1475,0.1525,595.0,0.152324,1780645800005,502.0,119.89,1673.67,index_price,1673.64,0.15,1673.72,6JUN26,1925,,P,ETH-6JUN26-1925-P
0.037,0.198,18.0,0.079411,1780645800005,18.0,69.06,1673.64,index_price,1673.64,0.1175,1673.72,8JUN26,1800,,P,ETH-8JUN26-1800-P
0.1145,0.1165,1102.0,0.115382,1780645800005,460.0,57.18,1681.21,ETH-28AUG26,1673.64,0.1155,1673.72,28AUG26,1700,,P,ETH-28AUG26-1700-P
0.3875,0.4015,1154.0,0.39461,1780645800005,26.0,56.19,1685.21,ETH-25SEP26,1673.64,0.3945,1673.72,25SEP26,2300,,P,ETH-25SEP26-2300-P
0.0135,0.015,1449.0,0.014827,1780645800005,2037.0,98.41,1673.67,index_price,1673.64,0.01425,1673.72,6JUN26,1650,,P,ETH-6JUN26-1650-P
0.321,0.433,0.0,0.376154,1780645800005,0.0,170.01,1673.67,index_price,1673.64,0.377,1673.72,6JUN26,2300,,P,ETH-6JUN26-2300-P
,,15.0,0.443101,1780645800005,0.0,69.65,1700.57,ETH-25DEC26,1673.64,,1673.72,25DEC26,1000,,C,ETH-25DEC26-1000-C
0.668,0.6925,2218.0,0.681119,1780645800005,17.0,58.46,1700.57,ETH-25DEC26,1673.64,0.68025,1673.72,25DEC26,2800,,P,ETH-25DEC26-2800-P
0.549,0.5575,0.0,0.553093,1780645800005,0.0,115.42,1673.92,ETH-12JUN26,1673.64,0.55325,1673.72,12JUN26,2600,,P,ETH-12JUN26-2600-P
0.009,0.01,1810.0,0.009822,1780645800005,1680.0,61.78,1673.68,ETH-19JUN26,1673.64,0.0095,1673.72,19JUN26,1900,,C,ETH-19JUN26-1900-C
1.4935,,20.0,1.593369,1780645800005,0.0,63.22,1700.6,ETH-25DEC26,1673.64,,1673.72,25DEC26,4400,,P,ETH-25DEC26-4400-P
1.062,1.259,0.0,1.146401,1780645800005,0.0,75.55,1677.38,ETH-31JUL26,1673.64,1.1605,1673.72,31JUL26,3600,,P,ETH-31JUL26-3600-P
0.0005,0.0007,889.0,0.000577,1780645800005,251.0,111.39,1673.67,index_price,1673.64,0.0006,1673.72,6JUN26,1875,,C,ETH-6JUN26-1875-C
1.29,1.4925,0.0,1.38447,1780645800005,0.0,78.41,1677.38,ETH-31JUL26,1673.64,1.39125,1673.72,31JUL26,4000,,P,ETH-31JUL26-4000-P
0.024,0.0255,558.0,0.025293,1780645800005,73.0,55.91,1681.21,ETH-28AUG26,1673.64,0.02475,1673.72,28AUG26,2200,,C,ETH-28AUG26-2200-C
0.0035,0.0041,6520.0,0.003781,1780645800005,2.0,62.35,1685.24,ETH-25SEP26,1673.64,0.0038,1673.72,25SEP26,3400,,C,ETH-25SEP26-3400-C
1.5085,1.7495,281.0,1.611453,1780645800005,0.0,69.12,1685.21,ETH-25SEP26,1673.64,1.629,1673.72,25SEP26,4400,,P,ETH-25SEP26-4400-P
0.3515,0.6025,100.0,0.413966,1780645800005,0.0,56.08,1681.21,ETH-28AUG26,1673.64,0.477,1673.72,28AUG26,2350,,P,ETH-28AUG26-2350-P
2.953,3.2905,0.0,3.1174,1780645800005,0.0,70.82,1700.57,ETH-25DEC26,1673.64,3.12175,1673.72,25DEC26,7000,,P,ETH-25DEC26-7000-P
0.1945,0.198,206.0,0.19597,1780645800005,13.0,60.56,1716.85,ETH-26MAR27,1673.64,0.19625,1673.72,26MAR27,1800,,C,ETH-26MAR27-1800-C
0.001,0.0014,395.0,0.001164,1780645800005,221.0,79.94,1673.64,index_price,1673.64,0.0012,1673.72,7JUN26,1850,,C,ETH-7JUN26-1850-C
0.241,0.312,0.0,0.256579,1780645800005,0.0,160.08,1673.67,index_price,1673.64,0.2765,1673.72,6JUN26,2100,,P,ETH-6JUN26-2100-P
,0.0002,1764.0,9.5e-05,1780645800005,1401.0,144.97,1673.67,index_price,1673.64,,1673.72,6JUN26,2050,,C,ETH-6JUN26-2050-C
0.055,0.0575,0.0,0.056452,1780645800005,0.0,73.54,1673.54,ETH-12JUN26,1673.64,0.05625,1673.72,12JUN26,1625,,C,ETH-12JUN26-1625-C
1.8675,2.1165,1689.0,1.985687,1780645800005,0.0,117.5,1674.62,ETH-26JUN26,1673.64,1.992,1673.72,26JUN26,5000,,P,ETH-26JUN26-5000-P
0.0047,0.0055,11410.0,0.005058,1780645800005,1293.0,63.23,1674.65,ETH-26JUN26,1673.64,0.0051,1673.72,26JUN26,2100,,C,ETH-26JUN26-2100-C
0.0745,0.2125,50.0,0.115027,1780645800005,50.0,86.24,1673.92,ETH-12JUN26,1673.64,0.1435,1673.72,12JUN26,1500,,C,ETH-12JUN26-1500-C
0.317,0.324,1137.0,0.321017,1780645800005,50.0,59.96,1716.85,ETH-26MAR27,1673.64,0.3205,1673.72,26MAR27,2000,,P,ETH-26MAR27-2000-P
0.291,0.299,2911.0,0.294389,1780645800005,1.0,56.08,1685.21,ETH-25SEP26,1673.64,0.295,1673.72,25SEP26,2100,,P,ETH-25SEP26-2100-P
,0.0001,1322.0,0.0,1780645800005,0.0,117.59,1674.62,ETH-26JUN26,1673.64,,1673.72,26JUN26,6200,,C,ETH-26JUN26-6200-C
0.0295,0.0315,1576.0,0.030676,1780645800005,1325.0,73.34,1673.64,index_price,1673.64,0.0305,1673.72,7JUN26,1700,,P,ETH-7JUN26-1700-P
0.2195,,0.0,0.271538,1780645800005,0.0,167.45,1673.67,index_price,1673.64,,1673.72,6JUN26,2125,,P,ETH-6JUN26-2125-P
0.0001,0.0002,22071.0,0.000141,1780645800005,957.0,176.2,1674.62,ETH-26JUN26,1673.64,0.00015,1673.72,26JUN26,500,,P,ETH-26JUN26-500-P
0.028,0.029,2885.0,0.028526,1780645800005,2594.0,58.98,1674.65,ETH-26JUN26,1673.64,0.0285,1673.72,26JUN26,1800,,C,ETH-26JUN26-1800-C
8.1195,8.9095,30.0,8.491833,1780645800005,0.0,93.61,1685.24,ETH-25SEP26,1673.64,8.5145,1673.72,25SEP26,16000,,P,ETH-25SEP26-16000-P
0.0015,0.0018,3375.0,0.001622,1780645800005,295.0,79.88,1673.54,ETH-12JUN26,1673.64,0.00165,1673.72,12JUN26,2050,,C,ETH-12JUN26-2050-C
0.0135,0.0145,1602.0,0.014529,1780645800005,253.0,61.67,1673.71,ETH-19JUN26,1673.64,0.014,1673.72,19JUN26,1850,,C,ETH-19JUN26-1850-C
,0.0001,2143.0,0.0,1780645800005,1.0,162.65,1668.17,ETH-5JUN26,1668.91,,1673.72,5JUN26,2400,,C,ETH-5JUN26-2400-C
1.532,,0.0,1.636456,1780645800005,0.0,62.48,1716.85,ETH-26MAR27,1673.64,,1673.72,26MAR27,4500,,P,ETH-26MAR27-4500-P
0.151,0.1535,1612.0,0.152293,1780645800005,0.0,58.42,1685.24,ETH-25SEP26,1673.64,0.15225,1673.72,25SEP26,1600,,C,ETH-25SEP26-1600-C
0.786,0.8145,342.0,0.800976,1780645800005,5.0,59.84,1716.85,ETH-26MAR27,1673.64,0.80025,1673.72,26MAR27,3000,,P,ETH-26MAR27-3000-P
0.58,0.7165,2.0,0.641915,1780645800005,0.0,63.6,1677.38,ETH-31JUL26,1673.64,0.64825,1673.72,31JUL26,2750,,P,ETH-31JUL26-2750-P
0.036,0.0395,1075.0,0.039793,1780645800005,798.0,91.6,1673.67,index_price,1673.64,0.03775,1673.72,6JUN26,1725,,P,ETH-6JUN26-1725-P
1.9375,2.197,0.0,2.061115,1780645800005,0.0,66.01,1700.6,ETH-25DEC26,1673.64,2.06725,1673.72,25DEC26,5200,,P,ETH-25DEC26-5200-P
0.0755,0.0775,50.0,0.076451,1780645800005,0.0,67.22,1673.71,ETH-19JUN26,1673.64,0.0765,1673.72,19JUN26,1600,,C,ETH-19JUN26-1600-C
0.664,0.812,8.0,0.73213,1780645800006,0.0,88.73,1674.65,ETH-26JUN26,1673.64,0.738,1673.72,26JUN26,2900,,P,ETH-26JUN26-2900-P
0.0041,0.0047,1943.0,0.004455,1780645800006,0.0,64.71,1700.57,ETH-25DEC26,1673.64,0.0044,1673.72,25DEC26,4800,,C,ETH-25DEC26-4800-C
0.0026,0.0031,146.0,0.002815,1780645800006,1.0,63.6,1677.38,ETH-31JUL26,1673.64,0.00285,1673.72,31JUL26,2750,,C,ETH-31JUL26-2750-C
4.1615,4.5905,2.0,4.374225,1780645800006,0.0,117.6,1674.65,ETH-26JUN26,1673.64,4.376,1673.72,26JUN26,9000,,P,ETH-26JUN26-9000-P
0.833,0.9915,1.0,0.908545,1780645800006,0.0,70.43,1677.35,ETH-31JUL26,1673.64,0.91225,1673.72,31JUL26,3200,,P,ETH-31JUL26-3200-P
0.6145,0.6385,430.0,0.62744,1780645800006,0.0,58.28,1700.57,ETH-25DEC26,1673.64,0.6265,1673.72,25DEC26,2700,,P,ETH-25DEC26-2700-P
0.609,0.9385,1.0,0.671462,1780645800006,0.0,64.5,1677.38,ETH-31JUL26,1673.64,0.77375,1673.72,31JUL26,2800,,P,ETH-31JUL26-2800-P
,0.0003,1327.0,7.8e-05,1780645800006,0.0,79.18,1685.24,ETH-25SEP26,1673.64,,1673.72,25SEP26,7500,,C,ETH-25SEP26-7500-C
2.8765,3.2155,0.0,3.034174,1780645800006,0.0,78.18,1685.21,ETH-25SEP26,1673.64,3.046,1673.72,25SEP26,6800,,P,ETH-25SEP26-6800-P
0.013,0.014,6584.0,0.013522,1780645800006,968.0,56.57,1677.35,ETH-31JUL26,1673.64,0.0135,1673.72,31JUL26,2200,,C,ETH-31JUL26-2200-C
0.448,0.5365,249.0,0.466236,1780645800006,0.0,59.1,1677.38,ETH-31JUL26,1673.64,0.49225,1673.72,31JUL26,2450,,P,ETH-31JUL26-2450-P
0.052,0.183,0.0,0.09055,1780645800006,0.0,133.4,1673.67,index_price,1673.64,0.1175,1673.72,6JUN26,1525,,C,ETH-6JUN26-1525-C
0.046,0.0475,3216.0,0.046623,1780645800006,1949.0,69.06,1673.54,ETH-12JUN26,1673.64,0.04675,1673.72,12JUN26,1700,,P,ETH-12JUN26-1700-P
,0.0001,1425.0,0.0,1780645800006,0.0,162.65,1668.17,ETH-5JUN26,1668.91,,1673.72,5JUN26,2500,,C,ETH-5JUN26-2500-C
0.718,0.869,0.0,0.789784,1780645800006,0.0,67.22,1677.35,ETH-31JUL26,1673.64,0.7935,1673.72,31JUL26,3000,,P,ETH-31JUL26-3000-P
0.0009,0.0015,2843.0,0.001182,1780645800006,0.0,70.82,1700.57,ETH-25DEC26,1673.64,0.0012,1673.72,25DEC26,7000,,C,ETH-25DEC26-7000-C
0.0009,0.0012,2769.0,0.001029,1780645800006,199.0,88.12,1673.92,ETH-12JUN26,1673.64,0.00105,1673.72,12JUN26,2150,,C,ETH-12JUN26-2150-C
,0.0002,476.0,9.5e-05,1780645800006,124.0,152.59,1673.67,index_price,1673.64,,1673.72,6JUN26,2075,,C,ETH-6JUN26-2075-C
0.0205,0.022,446.0,0.021781,1780645800006,45.0,55.94,1681.21,ETH-28AUG26,1673.64,0.02125,1673.72,28AUG26,2250,,C,ETH-28AUG26-2250-C
0.2075,0.21,4574.0,0.209127,1780645800006,2029.0,58.73,1700.57,ETH-25DEC26,1673.64,0.20875,1673.72,25DEC26,1800,,P,ETH-25DEC26-1800-P
,0.0001,4364.0,0.0,1780645800006,7277.0,178.55,1668.17,ETH-5JUN26,1668.91,,1673.72,5JUN26,1600,,P,ETH-5JUN26-1600-P
0.019,0.02,1095.0,0.02,1780645800006,882.0,68.07,1673.54,ETH-12JUN26,1673.64,0.0195,1673.72,12JUN26,1750,,C,ETH-12JUN26-1750-C
0.0035,0.0042,3412.0,0.003861,1780645800006,0.0,65.39,1700.6,ETH-25DEC26,1673.64,0.00385,1673.72,25DEC26,5000,,C,ETH-25DEC26-5000-C
0.734,0.761,260.0,0.748322,1780645800006,0.0,59.74,1716.88,ETH-26MAR27,1673.64,0.7475,1673.72,26MAR27,2900,,P,ETH-26MAR27-2900-P
,0.0001,1827.0,0.0,1780645800006,0.0,117.6,1674.62,ETH-26JUN26,1673.64,,1673.72,26JUN26,11000,,C,ETH-26JUN26-11000-C
0.0008,0.0014,8559.0,0.001092,1780645800006,0.0,69.73,1685.24,ETH-25SEP26,1673.64,0.0011,1673.72,25SEP26,4500,,C,ETH-25SEP26-4500-C
0.0185,0.02,1322.0,0.019878,1780645800006,313.0,56.39,1677.38,ETH-31JUL26,1673.64,0.01925,1673.72,31JUL26,2100,,C,ETH-31JUL26-2100-C
,,0.0,1.579359,1780645800006,0.0,62.29,1716.85,ETH-26MAR27,1673.64,,1673.72,26MAR27,4400,,P,ETH-26MAR27-4400-P
0.7055,1.0145,3.0,0.730577,1780645800006,0.0,65.94,1677.38,ETH-31JUL26,1673.64,0.86,1673.72,31JUL26,2900,,P,ETH-31JUL26-2900-P
0.0001,0.167,0.0,0.076516,1780645800006,0.0,124.8,1673.67,index_price,1673.64,0.08355,1673.72,6JUN26,1550,,C,ETH-6JUN26-1550-C
0.0001,0.0004,1155.0,0.00021,1780645800006,72.0,123.91,1673.67,index_price,1673.64,0.00025,1673.72,6JUN26,1950,,C,ETH-6JUN26-1950-C
,0.0002,2038.0,0.000137,1780645800006,0.0,79.18,1685.24,ETH-25SEP26,1673.64,,1673.72,25SEP26,7000,,C,ETH-25SEP26-7000-C
0.002,0.0023,14782.0,0.002117,1780645800006,606.0,75.68,1673.54,ETH-12JUN26,1673.64,0.00215,1673.72,12JUN26,2000,,C,ETH-12JUN26-2000-C
5.2695,5.813,0.0,5.525645,1780645800006,0.0,85.89,1685.24,ETH-25SEP26,1673.64,5.54125,1673.72,25SEP26,11000,,P,ETH-25SEP26-11000-P
0.942,1.3145,2.0,0.962068,1780645800006,0.0,61.65,1685.21,ETH-25SEP26,1673.64,1.12825,1673.72,25SEP26,3300,,P,ETH-25SEP26-3300-P
0.0175,0.0185,394.0,0.018167,1780645800006,402.0,69.2,1673.64,index_price,1673.64,0.018,1673.72,8JUN26,1700,,C,ETH-8JUN26-1700-C
0.0006,0.0009,18381.0,0.000761,1780645800006,104.0,84.04,1674.62,ETH-26JUN26,1673.64,0.00075,1673.72,26JUN26,2700,,C,ETH-26JUN26-2700-C
0.0315,0.033,2362.0,0.032211,1780645800006,845.0,67.22,1673.68,ETH-19JUN26,1673.64,0.03225,1673.72,19JUN26,1600,,P,ETH-19JUN26-1600-P
0.4585,0.518,218.0,0.464787,1780645800006,1.0,68.32,1716.85,ETH-26MAR27,1673.64,0.48825,1673.72,26MAR27,1000,,C,ETH-26MAR27-1000-C
,0.0001,3261.0,0.0,1780645800006,0.0,117.62,1674.65,ETH-26JUN26,1673.64,,1673.72,26JUN26,13000,,C,ETH-26JUN26-13000-C
,0.0001,2749.0,0.0,1780645800006,0.0,117.72,1674.62,ETH-26JUN26,1673.64,,1673.72,26JUN26,15000,,C,ETH-26JUN26-15000-C
0.0006,0.0009,2136.0,0.000763,1780645800006,2399.0,105.63,1673.67,index_price,1673.64,0.00075,1673.72,6JUN26,1850,,C,ETH-6JUN26-1850-C
,0.0004,1091.0,4.5e-05,1780645800006,0.0,79.18,1685.24,ETH-25SEP26,1673.64,,1673.72,25SEP26,8000,,C,ETH-25SEP26-8000-C
,0.0001,2001.0,0.0,1780645800006,0.0,117.6,1674.62,ETH-26JUN26,1673.64,,1673.72,26JUN26,10000,,C,ETH-26JUN26-10000-C
,0.0001,3128.0,3e-06,1780645800006,0.0,117.59,1674.65,ETH-26JUN26,1673.64,,1673.72,26JUN26,5200,,C,ETH-26JUN26-5200-C
,,6117.0,0.0,1780645800006,0.0,162.64,1668.17,ETH-5JUN26,1668.91,,1673.72,5JUN26,2250,,C,ETH-5JUN26-2250-C
2.679,2.9865,0.0,2.823783,1780645800006,0.0,69.88,1700.57,ETH-25DEC26,1673.64,2.83275,1673.72,25DEC26,6500,,P,ETH-25DEC26-6500-P
0.345,0.3515,1113.0,0.348234,1780645800006,0.0,162.64,1668.17,ETH-5JUN26,1668.91,0.34825,1673.72,5JUN26,2250,,P,ETH-5JUN26-2250-P
0.0016,0.002,1130.0,0.001785,1780645800006,5.0,73.17,1673.71,ETH-19JUN26,1673.64,0.0018,1673.72,19JUN26,2200,,C,ETH-19JUN26-2200-C
1.3945,1.611,555.0,1.493078,1780645800006,0.0,67.93,1685.21,ETH-25SEP26,1673.64,1.50275,1673.72,25SEP26,4200,,P,ETH-25SEP26-4200-P
0.061,0.0665,832.0,0.063607,1780645800006,749.0,162.41,1668.54,ETH-5JUN26,1668.91,0.06375,1673.72,5JUN26,1775,,P,ETH-5JUN26-1775-P
0.0005,0.0006,858.0,0.000558,1780645800006,418.0,92.47,1673.68,ETH-19JUN26,1673.64,0.00055,1673.72,19JUN26,2600,,C,ETH-19JUN26-2600-C
0.03,0.0315,1191.0,0.03097,1780645800006,0.0,60.78,1716.85,ETH-26MAR27,1673.64,0.03075,1673.72,26MAR27,3600,,C,ETH-26MAR27-3600-C
0.162,0.2635,0.0,0.210283,1780645800006,0.0,108.59,1673.64,index_price,1673.64,0.21275,1673.72,7JUN26,2025,,P,ETH-7JUN26-2025-P
0.273,0.4565,100.0,0.28648,1780645800006,0.0,70.57,1673.71,ETH-19JUN26,1673.64,0.36475,1673.72,19JUN26,2150,,P,ETH-19JUN26-2150-P
0.2245,0.232,504.0,0.228137,1780645800006,10.0,65.93,1673.68,ETH-19JUN26,1673.64,0.22825,1673.72,19JUN26,2050,,P,ETH-19JUN26-2050-P
0.0505,0.052,708.0,0.051292,1780645800006,485.0,60.77,1674.65,ETH-26JUN26,1673.64,0.05125,1673.72,26JUN26,1700,,C,ETH-26JUN26-1700-C
,0.0001,1299.0,0.0,1780645800006,2251.0,162.41,1668.17,ETH-5JUN26,1668.91,,1673.72,5JUN26,1775,,C,ETH-5JUN26-1775-C
0.1655,0.171,5816.0,0.168469,1780645800006,47.0,162.64,1668.54,ETH-5JUN26,1668.91,0.16825,1673.72,5JUN26,1950,,P,ETH-5JUN26-1950-P
,,6.0,1.017163,1780645800006,1.0,60.4,1716.85,ETH-26MAR27,1673.64,,1673.72,26MAR27,3400,,P,ETH-26MAR27-3400-P
,0.0001,7162.0,0.000108,1780645800006,15.0,110.39,1674.65,ETH-26JUN26,1673.64,,1673.72,26JUN26,3800,,C,ETH-26JUN26-3800-C
0.0008,0.0011,15956.0,0.000976,1780645800006,567.0,80.94,1674.65,ETH-26JUN26,1673.64,0.00095,1673.72,26JUN26,2600,,C,ETH-26JUN26-2600-C
0.9475,1.1345,2.0,1.027439,1780645800006,0.0,73.27,1677.38,ETH-31JUL26,1673.64,1.041,1673.72,31JUL26,3400,,P,ETH-31JUL26-3400-P
0.045,0.0465,1893.0,0.045879,1780645800006,22.0,58.18,1700.57,ETH-25DEC26,1673.64,0.04575,1673.72,25DEC26,2600,,C,ETH-25DEC26-2600-C
0.1875,0.2365,235.0,0.196944,1780645800006,4.0,56.12,1677.38,ETH-31JUL26,1673.64,0.212,1673.72,31JUL26,1950,,P,ETH-31JUL26-1950-P
,,50.0,0.053202,1780645800006,50.0,87.88,1673.64,index_price,1673.64,,1673.72,7JUN26,1600,,C,ETH-7JUN26-1600-C
,,228.0,0.378195,1780645800006,0.0,162.65,1668.17,ETH-5JUN26,1668.91,,1673.72,5JUN26,2300,,P,ETH-5JUN26-2300-P
0.2705,0.342,0.0,0.286473,1780645800006,0.0,170.01,1673.67,index_price,1673.64,0.30625,1673.72,6JUN26,2150,,P,ETH-6JUN26-2150-P
0.009,0.01,2446.0,0.009456,1780645800006,157.0,57.27,1677.35,ETH-31JUL26,1673.64,0.0095,1673.72,31JUL26,2300,,C,ETH-31JUL26-2300-C
0.0065,0.0075,20.0,0.007199,1780645800006,20.0,89.41,1673.64,index_price,1673.64,0.007,1673.72,8JUN26,1550,,P,ETH-8JUN26-1550-P
0.057,0.0585,2966.0,0.05794,1780645800006,2139.0,63.29,1673.68,ETH-19JUN26,1673.64,0.05775,1673.72,19JUN26,1700,,P,ETH-19JUN26-1700-P
0.1305,0.133,155.0,0.132007,1780645800006,211.0,56.68,1681.21,ETH-28AUG26,1673.64,0.13175,1673.72,28AUG26,1750,,P,ETH-28AUG26-1750-P
0.091,0.0965,709.0,0.093567,1780645800006,3.0,162.41,1668.17,ETH-5JUN26,1668.91,0.09375,1673.72,5JUN26,1825,,P,ETH-5JUN26-1825-P
0.008,0.009,490.0,0.00886,1780645800006,704.0,68.63,1673.64,index_price,1673.64,0.0085,1673.72,8JUN26,1750,,C,ETH-8JUN26-1750-C
,0.0001,1464.0,2e-06,1780645800006,0.0,117.59,1674.65,ETH-26JUN26,1673.64,,1673.72,26JUN26,5400,,C,ETH-26JUN26-5400-C
0.007,0.0075,3475.0,0.00721,1780645800006,1201.0,62.59,1700.57,ETH-25DEC26,1673.64,0.00725,1673.72,25DEC26,4200,,C,ETH-25DEC26-4200-C
0.064,0.072,150.0,0.066696,1780645800006,100.0,75.41,1673.92,ETH-12JUN26,1673.64,0.068,1673.72,12JUN26,1600,,C,ETH-12JUN26-1600-C
0.0265,0.0275,0.0,0.027024,1780645800006,0.0,73.54,1673.54,ETH-12JUN26,1673.64,0.027,1673.72,12JUN26,1625,,P,ETH-12JUN26-1625-P
,0.0003,1252.0,2.6e-05,1780645800006,0.0,79.18,1685.21,ETH-25SEP26,1673.64,,1673.72,25SEP26,8500,,C,ETH-25SEP26-8500-C
1.801,,0.0,1.923406,1780645800006,0.0,63.53,1716.85,ETH-26MAR27,1673.64,,1673.72,26MAR27,5000,,P,ETH-26MAR27-5000-P
1.5655,1.794,6.0,1.67067,1780645800006,0.0,69.73,1685.24,ETH-25SEP26,1673.64,1.67975,1673.72,25SEP26,4500,,P,ETH-25SEP26-4500-P
0.063,0.066,3454.0,0.065231,1780645800010,883.0,68.07,1673.54,ETH-12JUN26,1673.64,0.0645,1673.72,12JUN26,1750,,P,ETH-12JUN26-1750-P
0.4185,,0.0,0.434571,1780645800010,0.0,83.28,1673.71,ETH-19JUN26,1673.64,,1673.72,19JUN26,2400,,P,ETH-19JUN26-2400-P
0.044,0.0455,187.0,0.04476,1780645800010,88.0,62.27,1681.21,ETH-28AUG26,1673.64,0.04475,1673.72,28AUG26,1400,,P,ETH-28AUG26-1400-P
,0.0001,3618.0,0.0,1780645800010,0.0,117.6,1674.62,ETH-26JUN26,1673.64,,1673.72,26JUN26,12000,,C,ETH-26JUN26-12000-C
0.016,0.0175,1032.0,0.016555,1780645800010,0.0,62.29,1716.85,ETH-26MAR27,1673.64,0.01675,1673.72,26MAR27,4400,,C,ETH-26MAR27-4400-C
0.7765,0.8025,678.0,0.790582,1780645800010,38.0,58.86,1700.6,ETH-25DEC26,1673.64,0.7895,1673.72,25DEC26,3000,,P,ETH-25DEC26-3000-P
0.495,0.5095,3242.0,0.501928,1780645800010,4.0,56.56,1685.21,ETH-25SEP26,1673.64,0.50225,1673.72,25SEP26,2500,,P,ETH-25SEP26-2500-P
,0.0003,1989.0,4e-06,1780645800010,0.0,88.43,1685.24,ETH-25SEP26,1673.64,,1673.72,25SEP26,13000,,C,ETH-25SEP26-13000-C
3.1035,3.461,0.0,3.271433,1780645800010,0.0,79.18,1685.24,ETH-25SEP26,1673.64,3.28225,1673.72,25SEP26,7200,,P,ETH-25SEP26-7200-P
0.0001,0.0003,15855.0,0.000193,1780645800010,0.0,94.36,1674.65,ETH-26JUN26,1673.64,0.0002,1673.72,26JUN26,3200,,C,ETH-26JUN26-3200-C
0.001,0.0013,1265.0,0.001101,1780645800010,1412.0,100.84,1673.67,index_price,1673.64,0.00115,1673.72,6JUN26,1825,,C,ETH-6JUN26-1825-C
0.0033,0.0038,1609.0,0.003527,1780645800010,1.0,62.04,1677.38,ETH-31JUL26,1673.64,0.00355,1673.72,31JUL26,2650,,C,ETH-31JUL26-2650-C
0.197,0.2635,2.0,0.211706,1780645800010,0.0,137.36,1673.67,index_price,1673.64,0.23025,1673.72,6JUN26,2025,,P,ETH-6JUN26-2025-P
,0.0001,3615.0,0.0,1780645800010,0.0,117.62,1674.65,ETH-26JUN26,1673.64,,1673.72,26JUN26,14000,,C,ETH-26JUN26-14000-C
0.039,0.0405,21022.0,0.039928,1780645800010,13709.0,63.75,1674.62,ETH-26JUN26,1673.64,0.03975,1673.72,26JUN26,1600,,P,ETH-26JUN26-1600-P
0.302,0.4935,0.0,0.315955,1780645800010,0.0,73.17,1673.71,ETH-19JUN26,1673.64,0.39775,1673.72,19JUN26,2200,,P,ETH-19JUN26-2200-P
,0.0004,1563.0,0.0,1780645800010,155.0,162.64,1668.17,ETH-5JUN26,1668.91,,1673.72,5JUN26,1975,,C,ETH-5JUN26-1975-C
0.005,0.006,1592.0,0.005523,1780645800010,1.0,63.51,1700.6,ETH-25DEC26,1673.64,0.0055,1673.72,25DEC26,4500,,C,ETH-25DEC26-4500-C
0.0002,0.0003,6690.0,0.000275,1780645800010,0.0,93.42,1674.62,ETH-26JUN26,1673.64,0.00025,1673.72,26JUN26,3100,,C,ETH-26JUN26-3100-C
0.0027,0.0047,295.0,0.004254,1780645800010,382.0,106.63,1668.17,ETH-5JUN26,1668.91,0.0037,1673.72,5JUN26,1675,,P,ETH-5JUN26-1675-P
0.11,0.113,773.0,0.111867,1780645800010,117.0,59.65,1716.85,ETH-26MAR27,1673.64,0.1115,1673.72,26MAR27,2300,,C,ETH-26MAR27-2300-C
0.068,0.07,289.0,0.06891,1780645800010,160.0,55.94,1681.21,ETH-28AUG26,1673.64,0.069,1673.72,28AUG26,1850,,C,ETH-28AUG26-1850-C
0.0001,0.0004,1928.0,0.000237,1780645800010,0.0,78.18,1685.24,ETH-25SEP26,1673.64,0.00025,1673.72,25SEP26,6400,,C,ETH-25SEP26-6400-C
0.1235,,32.0,0.135985,1780645800010,0.0,87.52,1673.64,index_price,1673.64,,1673.72,7JUN26,1900,,P,ETH-7JUN26-1900-P
0.006,0.007,2153.0,0.006608,1780645800010,380.0,65.89,1716.85,ETH-26MAR27,1673.64,0.0065,1673.72,26MAR27,6000,,C,ETH-26MAR27-6000-C
0.9895,,52.0,1.072642,1780645800010,0.0,60.29,1700.57,ETH-25DEC26,1673.64,,1673.72,25DEC26,3500,,P,ETH-25DEC26-3500-P
0.2115,0.2835,20.0,0.226663,1780645800010,0.0,144.97,1673.67,index_price,1673.64,0.2475,1673.72,6JUN26,2050,,P,ETH-6JUN26-2050-P
0.0465,0.0475,3119.0,0.04721,1780645800010,591.0,61.35,1677.35,ETH-31JUL26,1673.64,0.047,1673.72,31JUL26,1500,,P,ETH-31JUL26-1500-P
0.0001,,237.0,0.153489,1780645800010,32.0,162.64,1668.17,ETH-5JUN26,1668.91,,1673.72,5JUN26,1925,,P,ETH-5JUN26-1925-P
0.116,0.3535,50.0,0.308139,1780645800010,50.0,68.6,1681.18,ETH-28AUG26,1673.64,0.23475,1673.72,28AUG26,1200,,C,ETH-28AUG26-1200-C
,0.0001,1554.0,0.0,1780645800010,1218.0,162.41,1668.54,ETH-5JUN26,1668.91,,1673.72,5JUN26,1750,,C,ETH-5JUN26-1750-C
,,5.0,1.07227,1780645800010,0.0,60.56,1716.85,ETH-26MAR27,1673.64,,1673.72,26MAR27,3500,,P,ETH-26MAR27-3500-P
1.0,1.1815,1166.0,1.079621,1780645800010,15.0,63.03,1685.24,ETH-25SEP26,1673.64,1.09075,1673.72,25SEP26,3500,,P,ETH-25SEP26-3500-P
0.0022,0.0027,716.0,0.002468,1780645800010,922.0,74.21,1673.64,index_price,1673.64,0.00245,1673.72,7JUN26,1800,,C,ETH-7JUN26-1800-C
0.003,0.0036,8573.0,0.003353,1780645800010,250.0,66.01,1700.6,ETH-25DEC26,1673.64,0.0033,1673.72,25DEC26,5200,,C,ETH-25DEC26-5200-C
0.0001,0.0003,1342.0,0.00021,1780645800010,0.0,78.18,1685.24,ETH-25SEP26,1673.64,0.0002,1673.72,25SEP26,6500,,C,ETH-25SEP26-6500-C
0.2845,0.3275,88.0,0.289137,1780645800010,50.0,93.42,1674.65,ETH-26JUN26,1673.64,0.306,1673.72,26JUN26,1200,,C,ETH-26JUN26-1200-C
0.0043,0.0048,1513.0,0.004529,1780645800010,336.0,60.54,1677.35,ETH-31JUL26,1673.64,0.00455,1673.72,31JUL26,2550,,C,ETH-31JUL26-2550-C
0.0915,0.2405,0.0,0.10714,1780645800010,0.0,71.45,1673.64,index_price,1673.64,0.166,1673.72,8JUN26,1850,,P,ETH-8JUN26-1850-P
3.56,3.9555,0.0,3.74596,1780645800010,0.0,79.18,1685.24,ETH-25SEP26,1673.64,3.75775,1673.72,25SEP26,8000,,P,ETH-25SEP26-8000-P
0.031,0.036,1117.0,0.033646,1780645800010,1419.0,162.12,1668.17,ETH-5JUN26,1668.91,0.0335,1673.72,5JUN26,1725,,P,ETH-5JUN26-1725-P
,0.0003,716.0,0.000569,1780645800010,1921.0,106.63,1668.54,ETH-5JUN26,1668.91,,1673.72,5JUN26,1675,,C,ETH-5JUN26-1675-C
0.0045,0.0049,303.0,0.004776,1780645800010,379.0,100.18,1673.64,index_price,1673.64,0.0047,1673.72,8JUN26,1500,,P,ETH-8JUN26-1500-P
0.119,,0.0,0.165801,1780645800010,0.0,84.51,1673.64,index_price,1673.64,,1673.72,8JUN26,1950,,P,ETH-8JUN26-1950-P
0.012,0.013,180.0,0.012497,1780645800010,221.0,83.34,1673.64,index_price,1673.64,0.0125,1673.72,7JUN26,1625,,P,ETH-7JUN26-1625-P
0.0001,0.0002,1475.0,0.000146,1780645800010,0.0,78.18,1685.21,ETH-25SEP26,1673.64,0.00015,1673.72,25SEP26,6800,,C,ETH-25SEP26-6800-C
1.6065,,0.0,1.710175,1780645800010,0.0,64.1,1700.57,ETH-25DEC26,1673.64,,1673.72,25DEC26,4600,,P,ETH-25DEC26-4600-P
,0.0001,572.0,0.0,1780645800010,889.0,162.12,1668.54,ETH-5JUN26,1668.91,,1673.72,5JUN26,1725,,C,ETH-5JUN26-1725-C
,0.0002,455.0,9.5e-05,1780645800011,0.0,167.45,1673.67,index_price,1673.64,,1673.72,6JUN26,2125,,C,ETH-6JUN26-2125-C
,0.0001,4102.0,0.0,1780645800011,4837.0,162.41,1668.17,ETH-5JUN26,1668.91,,1673.72,5JUN26,1800,,C,ETH-5JUN26-1800-C
0.0105,0.0115,551.0,0.010922,1780645800011,29.0,57.09,1681.21,ETH-28AUG26,1673.64,0.011,1673.72,28AUG26,2500,,C,ETH-28AUG26-2500-C
0.0026,0.0033,2862.0,0.00291,1780645800011,10.0,63.85,1685.24,ETH-25SEP26,1673.64,0.00295,1673.72,25SEP26,3600,,C,ETH-25SEP26-3600-C
1.6225,1.8735,38.0,1.729903,1780645800011,0.0,70.36,1685.21,ETH-25SEP26,1673.64,1.748,1673.72,25SEP26,4600,,P,ETH-25SEP26-4600-P
0.0043,0.0047,14909.0,0.004494,1780645800011,655.0,69.34,1673.54,ETH-12JUN26,1673.64,0.0045,1673.72,12JUN26,1900,,C,ETH-12JUN26-1900-C
0.0065,0.0075,3069.0,0.007412,1780645800011,1457.0,68.17,1673.54,ETH-12JUN26,1673.64,0.007,1673.72,12JUN26,1850,,C,ETH-12JUN26-1850-C
0.0195,0.0205,454.0,0.02106,1780645800011,634.0,94.51,1673.67,index_price,1673.64,0.02,1673.72,6JUN26,1675,,P,ETH-6JUN26-1675-P
0.2555,0.2615,1529.0,0.258352,1780645800011,760.0,162.64,1668.54,ETH-5JUN26,1668.91,0.2585,1673.72,5JUN26,2100,,P,ETH-5JUN26-2100-P
7.5495,8.29,0.0,7.898596,1780645800011,0.0,93.61,1685.24,ETH-25SEP26,1673.64,7.91975,1673.72,25SEP26,15000,,P,ETH-25SEP26-15000-P
5.84,6.432,0.0,6.118881,1780645800011,0.0,88.05,1685.24,ETH-25SEP26,1673.64,6.136,1673.72,25SEP26,12000,,P,ETH-25SEP26-12000-P
0.0012,0.0015,206.0,0.001345,1780645800011,319.0,74.18,1673.64,index_price,1673.64,0.00135,1673.72,8JUN26,1875,,C,ETH-8JUN26-1875-C
0.0155,0.0165,1049.0,0.016389,1780645800011,55.0,56.45,1677.38,ETH-31JUL26,1673.64,0.016,1673.72,31JUL26,2150,,C,ETH-31JUL26-2150-C
0.0001,0.1495,50.0,0.063123,1780645800011,50.0,118.46,1673.67,index_price,1673.64,0.0748,1673.72,6JUN26,1575,,C,ETH-6JUN26-1575-C
0.0009,0.0012,467.0,0.001043,1780645800011,980.0,77.25,1673.64,index_price,1673.64,0.00105,1673.72,8JUN26,1900,,C,ETH-8JUN26-1900-C
0.0008,0.1645,55.0,0.081107,1780645800011,55.0,89.41,1673.64,index_price,1673.64,0.08265,1673.72,8JUN26,1550,,C,ETH-8JUN26-1550-C
0.025,0.026,370.0,0.025601,1780645800011,378.0,71.76,1673.64,index_price,1673.64,0.0255,1673.72,8JUN26,1675,,C,ETH-8JUN26-1675-C
0.0255,0.027,3441.0,0.026488,1780645800011,101.0,58.86,1700.6,ETH-25DEC26,1673.64,0.02625,1673.72,25DEC26,3000,,C,ETH-25DEC26-3000-C
,,50.0,0.079196,1780645800011,50.0,98.88,1673.64,index_price,1673.64,,1673.72,7JUN26,1550,,C,ETH-7JUN26-1550-C
1.3805,,62.0,1.476941,1780645800011,0.0,62.59,1700.57,ETH-25DEC26,1673.64,,1673.72,25DEC26,4200,,P,ETH-25DEC26-4200-P
0.0085,0.0095,30.0,0.009237,1780645800011,61.0,85.19,1673.64,index_price,1673.64,0.009,1673.72,8JUN26,1575,,P,ETH-8JUN26-1575-P
0.138,0.1415,136.0,0.139415,1780645800011,6.0,59.77,1716.88,ETH-26MAR27,1673.64,0.13975,1673.72,26MAR27,2100,,C,ETH-26MAR27-2100-C
,,0.0,0.341727,1780645800011,0.0,63.88,1716.85,ETH-26MAR27,1673.64,,1673.72,26MAR27,1300,,C,ETH-26MAR27-1300-C
,,0.0,0.557959,1780645800011,0.0,162.65,1668.54,ETH-5JUN26,1668.91,,1673.72,5JUN26,2600,,P,ETH-5JUN26-2600-P
0.001,0.0015,4074.0,0.001229,1780645800011,1.0,70.43,1677.38,ETH-31JUL26,1673.64,0.00125,1673.72,31JUL26,3200,,C,ETH-31JUL26-3200-C
0.3745,0.3855,9309.0,0.376709,1780645800011,0.0,58.17,1700.6,ETH-25DEC26,1673.64,0.38,1673.72,25DEC26,2200,,P,ETH-25DEC26-2200-P
,0.0001,804.0,0.0,1780645800011,1284.0,136.88,1668.54,ETH-5JUN26,1668.91,,1673.72,5JUN26,1625,,P,ETH-5JUN26-1625-P
0.0075,0.0085,3049.0,0.008001,1780645800011,503.0,57.76,1677.38,ETH-31JUL26,1673.64,0.008,1673.72,31JUL26,2350,,C,ETH-31JUL26-2350-C
0.1855,0.188,808.0,0.186843,1780645800011,0.0,59.75,1685.24,ETH-25SEP26,1673.64,0.18675,1673.72,25SEP26,1500,,C,ETH-25SEP26-1500-C
0.4895,0.5015,373.0,0.495328,1780645800011,0.0,59.95,1677.35,ETH-31JUL26,1673.64,0.4955,1673.72,31JUL26,2500,,P,ETH-31JUL26-2500-P
0.074,0.0765,1152.0,0.075278,1780645800011,980.0,61.75,1673.71,ETH-19JUN26,1673.64,0.07525,1673.72,19JUN26,1750,,P,ETH-19JUN26-1750-P
0.7225,1.0875,0.0,0.788136,1780645800011,0.0,61.64,1681.18,ETH-28AUG26,1673.64,0.905,1673.72,28AUG26,3000,,P,ETH-28AUG26-3000-P
0.667,0.678,6019.0,0.672588,1780645800011,25.0,87.04,1674.65,ETH-26JUN26,1673.64,0.6725,1673.72,26JUN26,2800,,P,ETH-26JUN26-2800-P
0.0014,0.002,2173.0,0.001675,1780645800011,14.0,67.22,1677.35,ETH-31JUL26,1673.64,0.0017,1673.72,31JUL26,3000,,C,ETH-31JUL26-3000-C
0.0945,0.097,702.0,0.096264,1780645800011,38.0,58.17,1700.57,ETH-25DEC26,1673.64,0.09575,1673.72,25DEC26,2100,,C,ETH-25DEC26-2100-C
,0.0001,4999.0,1.4e-05,1780645800011,0.0,114.88,1674.65,ETH-26JUN26,1673.64,,1673.72,26JUN26,4600,,C,ETH-26JUN26-4600-C
0.0018,0.0024,8037.0,0.002072,1780645800011,493.0,65.94,1677.35,ETH-31JUL26,1673.64,0.0021,1673.72,31JUL26,2900,,C,ETH-31JUL26-2900-C
0.404,0.407,536.0,0.405347,1780645800011,0.0,114.59,1674.62,ETH-26JUN26,1673.64,0.4055,1673.72,26JUN26,1000,,C,ETH-26JUN26-1000-C
0.009,0.0095,3504.0,0.009265,1780645800011,639.0,87.88,1673.64,index_price,1673.64,0.00925,1673.72,7JUN26,1600,,P,ETH-7JUN26-1600-P
0.012,0.0135,2886.0,0.01263,1780645800011,0.0,63.12,1716.85,ETH-26MAR27,1673.64,0.01275,1673.72,26MAR27,4800,,C,ETH-26MAR27-4800-C
0.0055,0.0065,1813.0,0.005963,1780645800011,0.0,60.19,1685.24,ETH-25SEP26,1673.64,0.006,1673.72,25SEP26,3100,,C,ETH-25SEP26-3100-C
,0.0002,2845.0,0.0,1780645800011,29.0,162.64,1668.17,ETH-5JUN26,1668.91,,1673.72,5JUN26,2050,,C,ETH-5JUN26-2050-C
0.049,0.05,521.0,0.050058,1780645800011,48.0,56.44,1677.38,ETH-31JUL26,1673.64,0.0495,1673.72,31JUL26,1850,,C,ETH-31JUL26-1850-C
,0.0001,13579.0,9e-05,1780645800011,0.0,114.81,1674.65,ETH-26JUN26,1673.64,,1673.72,26JUN26,4000,,C,ETH-26JUN26-4000-C
0.1005,0.1025,3933.0,0.101476,1780645800011,39.0,58.42,1685.21,ETH-25SEP26,1673.64,0.1015,1673.72,25SEP26,1600,,P,ETH-25SEP26-1600-P
0.0175,0.019,1322.0,0.018181,1780645800011,5.0,59.61,1700.57,ETH-25DEC26,1673.64,0.01825,1673.72,25DEC26,3300,,C,ETH-25DEC26-3300-C
0.9435,1.1335,0.0,1.024311,1780645800011,0.0,65.72,1681.18,ETH-28AUG26,1673.64,1.0385,1673.72,28AUG26,3400,,P,ETH-28AUG26-3400-P
0.2545,0.263,10578.0,0.259044,1780645800011,200.0,63.23,1674.65,ETH-26JUN26,1673.64,0.25875,1673.72,26JUN26,2100,,P,ETH-26JUN26-2100-P
0.0135,0.015,391.0,0.014156,1780645800011,34.0,56.41,1681.21,ETH-28AUG26,1673.64,0.01425,1673.72,28AUG26,2400,,C,ETH-28AUG26-2400-C
0.114,0.1165,2129.0,0.115141,1780645800011,335.0,59.15,1677.35,ETH-31JUL26,1673.64,0.11525,1673.72,31JUL26,1600,,C,ETH-31JUL26-1600-C
0.4275,0.6395,0.0,0.441691,1780645800011,0.0,56.41,1681.21,ETH-28AUG26,1673.64,0.5335,1673.72,28AUG26,2400,,P,ETH-28AUG26-2400-P
,,3.0,0.438116,1780645800011,0.0,162.65,1668.17,ETH-5JUN26,1668.91,,1673.72,5JUN26,2400,,P,ETH-5JUN26-2400-P
0.0305,0.0315,3554.0,0.031256,1780645800011,3856.0,69.06,1673.54,ETH-12JUN26,1673.64,0.031,1673.72,12JUN26,1700,,C,ETH-12JUN26-1700-C
0.0002,0.0004,170.0,0.000297,1780645800011,2.0,103.94,1673.64,index_price,1673.64,0.0003,1673.72,7JUN26,2000,,C,ETH-7JUN26-2000-C
0.3465,0.3535,291.0,0.349439,1780645800011,1.0,64.84,1700.57,ETH-25DEC26,1673.64,0.35,1673.72,25DEC26,1200,,C,ETH-25DEC26-1200-C
0.014,0.015,23528.0,0.014532,1780645800011,61.0,60.29,1700.57,ETH-25DEC26,1673.64,0.0145,1673.72,25DEC26,3500,,C,ETH-25DEC26-3500-C
0.1175,0.1675,50.0,0.121518,1780645800011,0.0,73.64,1673.71,ETH-19JUN26,1673.64,0.1425,1673.72,19JUN26,1500,,C,ETH-19JUN26-1500-C
0.5335,0.5545,560.0,0.546312,1780645800011,0.0,59.65,1716.85,ETH-26MAR27,1673.64,0.544,1673.72,26MAR27,2500,,P,ETH-26MAR27-2500-P
,0.0001,6336.0,0.0,1780645800011,0.0,117.59,1674.62,ETH-26JUN26,1673.64,,1673.72,26JUN26,7000,,C,ETH-26JUN26-7000-C
0.054,0.056,3277.0,0.055077,1780645800011,16.0,64.84,1700.57,ETH-25DEC26,1673.64,0.055,1673.72,25DEC26,1200,,P,ETH-25DEC26-1200-P
2.441,2.739,5.0,2.582817,1780645800011,0.0,117.59,1674.65,ETH-26JUN26,1673.64,2.59,1673.72,26JUN26,6000,,P,ETH-26JUN26-6000-P
0.0009,0.0015,4350.0,0.0012,1780645800011,12.0,69.12,1685.24,ETH-25SEP26,1673.64,0.0012,1673.72,25SEP26,4400,,C,ETH-25SEP26-4400-C
0.102,0.1045,17925.0,0.103371,1780645800011,1861.0,58.98,1674.62,ETH-26JUN26,1673.64,0.10325,1673.72,26JUN26,1800,,P,ETH-26JUN26-1800-P
0.0985,0.1,2.0,0.098919,1780645800011,2.0,63.88,1716.85,ETH-26MAR27,1673.64,0.09925,1673.72,26MAR27,1300,,P,ETH-26MAR27-1300-P
0.022,0.0235,294.0,0.022933,1780645800011,383.0,76.01,1673.64,index_price,1673.64,0.02275,1673.72,7JUN26,1675,,P,ETH-7JUN26-1675-P
0.168,0.1755,757.0,0.171668,1780645800011,0.0,62.77,1673.71,ETH-19JUN26,1673.64,0.17175,1673.72,19JUN26,1950,,P,ETH-19JUN26-1950-P
0.039,0.0405,1871.0,0.039756,1780645800011,208.0,58.28,1700.57,ETH-25DEC26,1673.64,0.03975,1673.72,25DEC26,2700,,C,ETH-25DEC26-2700-C
0.0855,0.087,333.0,0.086325,1780645800011,30.0,58.44,1681.21,ETH-28AUG26,1673.64,0.08625,1673.72,28AUG26,1600,,P,ETH-28AUG26-1600-P
0.0012,0.0015,8095.0,0.001319,1780645800011,1685.0,84.49,1673.54,ETH-12JUN26,1673.64,0.00135,1673.72,12JUN26,2100,,C,ETH-12JUN26-2100-C
0.06,0.0615,3678.0,0.061608,1780645800011,8.0,56.17,1685.21,ETH-25SEP26,1673.64,0.06075,1673.72,25SEP26,2000,,C,ETH-25SEP26-2000-C
1.543,1.774,0.0,1.651664,1780645800011,0.0,63.51,1700.57,ETH-25DEC26,1673.64,1.6585,1673.72,25DEC26,4500,,P,ETH-25DEC26-4500-P
,0.0001,1375.0,0.0,1780645800011,0.0,117.59,1674.62,ETH-26JUN26,1673.64,,1673.72,26JUN26,7500,,C,ETH-26JUN26-7500-C
,,164.0,0.735539,1780645800011,0.0,58.65,1700.57,ETH-25DEC26,1673.64,,1673.72,25DEC26,2900,,P,ETH-25DEC26-2900-P
1.7115,1.955,77.0,1.827005,1780645800011,0.0,64.71,1700.57,ETH-25DEC26,1673.64,1.83325,1673.72,25DEC26,4800,,P,ETH-25DEC26-4800-P
0.0275,0.0285,1152.0,0.028839,1780645800011,162.0,56.16,1677.35,ETH-31JUL26,1673.64,0.028,1673.72,31JUL26,2000,,C,ETH-31JUL26-2000-C
0.0003,0.0005,5497.0,0.000385,1780645800011,86.0,105.3,1673.54,ETH-12JUN26,1673.64,0.0004,1673.72,12JUN26,2400,,C,ETH-12JUN26-2400-C
0.0805,0.142,169.0,0.092145,1780645800011,0.0,76.56,1673.64,index_price,1673.64,0.11125,1673.72,7JUN26,1825,,P,ETH-7JUN26-1825-P
1.8245,2.076,2.0,1.944017,1780645800011,0.0,65.39,1700.57,ETH-25DEC26,1673.64,1.95025,1673.72,25DEC26,5000,,P,ETH-25DEC26-5000-P
1.1445,,2.0,1.239524,1780645800011,0.0,61.14,1716.85,ETH-26MAR27,1673.64,,1673.72,26MAR27,3800,,P,ETH-26MAR27-3800-P
0.4195,0.4315,5201.0,0.424088,1780645800011,18.0,58.17,1700.57,ETH-25DEC26,1673.64,0.4255,1673.72,25DEC26,2300,,P,ETH-25DEC26-2300-P
0.007,0.008,3822.0,0.007583,1780645800011,11216.0,111.51,1673.67,index_price,1673.64,0.0075,1673.72,6JUN26,1600,,P,ETH-6JUN26-1600-P
2.42,2.719,0.0,2.559711,1780645800011,0.0,75.82,1685.24,ETH-25SEP26,1673.64,2.5695,1673.72,25SEP26,6000,,P,ETH-25SEP26-6000-P
0.3225,0.3385,2036.0,0.33113,1780645800011,16.0,58.17,1700.57,ETH-25DEC26,1673.64,0.3305,1673.72,25DEC26,2100,,P,ETH-25DEC26-2100-P
,0.0001,9590.0,0.0,1780645800011,0.0,117.6,1674.65,ETH-26JUN26,1673.64,,1673.72,26JUN26,9000,,C,ETH-26JUN26-9000-C
0.103,0.109,625.0,0.107674,1780645800011,0.0,105.64,1673.67,index_price,1673.64,0.106,1673.72,6JUN26,1850,,P,ETH-6JUN26-1850-P
0.123,0.126,1476.0,0.124673,1780645800011,25.0,59.65,1716.85,ETH-26MAR27,1673.64,0.1245,1673.72,26MAR27,2200,,C,ETH-26MAR27-2200-C
0.43,0.438,0.0,0.433846,1780645800011,0.0,105.3,1673.92,ETH-12JUN26,1673.64,0.434,1673.72,12JUN26,2400,,P,ETH-12JUN26-2400-P
0.0225,0.024,2094.0,0.023286,1780645800011,0.0,59.09,1700.57,ETH-25DEC26,1673.64,0.02325,1673.72,25DEC26,3100,,C,ETH-25DEC26-3100-C
0.0505,0.052,73.0,0.052197,1780645800011,22.0,55.84,1681.21,ETH-28AUG26,1673.64,0.05125,1673.72,28AUG26,1950,,C,ETH-28AUG26-1950-C
0.244,0.248,99.0,0.245964,1780645800011,39.0,61.57,1716.85,ETH-26MAR27,1673.64,0.246,1673.72,26MAR27,1600,,C,ETH-26MAR27-1600-C
0.02,0.021,67707.0,0.02058,1780645800011,2.0,59.37,1700.57,ETH-25DEC26,1673.64,0.0205,1673.72,25DEC26,3200,,C,ETH-25DEC26-3200-C
0.0055,0.0065,1772.0,0.006031,1780645800011,468.0,63.22,1700.6,ETH-25DEC26,1673.64,0.006,1673.72,25DEC26,4400,,C,ETH-25DEC26-4400-C
0.0285,0.148,50.0,0.068208,1780645800011,50.0,85.19,1673.64,index_price,1673.64,0.08825,1673.72,8JUN26,1575,,C,ETH-8JUN26-1575-C
0.5485,0.5585,18261.0,0.55353,1780645800011,0.0,80.94,1674.62,ETH-26JUN26,1673.64,0.5535,1673.72,26JUN26,2600,,P,ETH-26JUN26-2600-P
0.022,0.023,1376.0,0.022348,1780645800011,6.0,61.53,1716.85,ETH-26MAR27,1673.64,0.0225,1673.72,26MAR27,4000,,C,ETH-26MAR27-4000-C
3.218,3.5845,0.0,3.390059,1780645800011,0.0,79.18,1685.24,ETH-25SEP26,1673.64,3.40125,1673.72,25SEP26,7400,,P,ETH-25SEP26-7400-P
0.005,0.006,108.0,0.005961,1780645800011,203.0,68.7,1673.64,index_price,1673.64,0.0055,1673.72,8JUN26,1775,,C,ETH-8JUN26-1775-C
0.1735,0.2885,89.0,0.177955,1780645800011,0.0,75.3,1674.62,ETH-26JUN26,1673.64,0.231,1673.72,26JUN26,1400,,C,ETH-26JUN26-1400-C
0.1675,0.233,6.0,0.181878,1780645800011,0.0,130.72,1673.67,index_price,1673.64,0.20025,1673.72,6JUN26,1975,,P,ETH-6JUN26-1975-P
0.0275,0.029,435.0,0.027494,1780645800011,398.0,98.4,1673.67,index_price,1673.64,0.02825,1673.72,6JUN26,1650,,C,ETH-6JUN26-1650-C
,0.0002,10679.0,0.000172,1780645800011,3.0,104.64,1674.62,ETH-26JUN26,1673.64,,1673.72,26JUN26,3500,,C,ETH-26JUN26-3500-C
3.129,3.4725,76.0,3.29938,1780645800011,0.0,117.59,1674.65,ETH-26JUN26,1673.64,3.30075,1673.72,26JUN26,7200,,P,ETH-26JUN26-7200-P
0.663,0.68,1293.0,0.671151,1780645800011,1.0,58.09,1685.24,ETH-25SEP26,1673.64,0.6715,1673.72,25SEP26,2800,,P,ETH-25SEP26-2800-P
0.169,0.2065,50.0,0.170633,1780645800011,0.0,60.09,1681.21,ETH-28AUG26,1673.64,0.18775,1673.72,28AUG26,1500,,C,ETH-28AUG26-1500-C
2.326,2.603,44.0,2.46339,1780645800011,0.0,117.59,1674.65,ETH-26JUN26,1673.64,2.4645,1673.72,26JUN26,5800,,P,ETH-26JUN26-5800-P
0.003,0.0033,69.0,0.002997,1780645800011,69.0,133.4,1673.67,index_price,1673.64,0.00315,1673.72,6JUN26,1525,,P,ETH-6JUN26-1525-P
0.0001,0.0006,2026.0,0.00024,1780645800011,0.0,76.63,1685.21,ETH-25SEP26,1673.64,0.00035,1673.72,25SEP26,6200,,C,ETH-25SEP26-6200-C
0.0255,0.027,253.0,0.026378,1780645800011,273.0,71.76,1673.64,index_price,1673.64,0.02625,1673.72,8JUN26,1675,,P,ETH-8JUN26-1675-P
0.042,0.0445,455.0,0.043548,1780645800011,885.0,68.91,1673.64,index_price,1673.64,0.04325,1673.72,8JUN26,1725,,P,ETH-8JUN26-1725-P
0.0225,0.024,1078.0,0.023945,1780645800011,123.0,56.24,1677.38,ETH-31JUL26,1673.64,0.02325,1673.72,31JUL26,2050,,C,ETH-31JUL26-2050-C
0.653,0.9365,0.0,0.670905,1780645800011,0.0,59.61,1681.18,ETH-28AUG26,1673.64,0.79475,1673.72,28AUG26,2800,,P,ETH-28AUG26-2800-P
0.053,0.056,5.0,0.055267,1780645800012,5.0,68.15,1673.54,ETH-12JUN26,1673.64,0.0545,1673.72,12JUN26,1725,,P,ETH-12JUN26-1725-P
1.5235,1.7345,4317.0,1.627424,1780645800012,0.0,114.84,1674.65,ETH-26JUN26,1673.64,1.629,1673.72,26JUN26,4400,,P,ETH-26JUN26-4400-P
0.0135,0.015,498.0,0.014387,1780645800012,0.0,62.68,1716.85,ETH-26MAR27,1673.64,0.01425,1673.72,26MAR27,4600,,C,ETH-26MAR27-4600-C
0.13,0.1325,2279.0,0.131172,1780645800012,127.0,57.41,1685.21,ETH-25SEP26,1673.64,0.13125,1673.72,25SEP26,1700,,P,ETH-25SEP26-1700-P
0.138,0.2025,0.0,0.150792,1780645800012,0.0,91.72,1673.64,index_price,1673.64,0.17025,1673.72,7JUN26,1925,,P,ETH-7JUN26-1925-P
0.1545,0.1575,120.0,0.156107,1780645800012,4.0,59.96,1716.85,ETH-26MAR27,1673.64,0.156,1673.72,26MAR27,2000,,C,ETH-26MAR27-2000-C
2.192,2.472,0.0,2.322531,1780645800012,0.0,74.54,1685.24,ETH-25SEP26,1673.64,2.332,1673.72,25SEP26,5600,,P,ETH-25SEP26-5600-P
0.0002,0.0007,1488.0,0.00039,1780645800012,0.0,73.58,1685.21,ETH-25SEP26,1673.64,0.00045,1673.72,25SEP26,5500,,C,ETH-25SEP26-5500-C
0.0075,0.0085,1.0,0.007551,1780645800012,1.0,91.5,1673.54,ETH-12JUN26,1673.64,0.008,1673.72,12JUN26,1450,,P,ETH-12JUN26-1450-P
0.007,0.008,643.0,0.007449,1780645800012,1137.0,91.6,1673.67,index_price,1673.64,0.0075,1673.72,6JUN26,1725,,C,ETH-6JUN26-1725-C
0.182,,0.0,0.195376,1780645800012,0.0,103.94,1673.64,index_price,1673.64,,1673.72,7JUN26,2000,,P,ETH-7JUN26-2000-P
0.002,0.0023,16094.0,0.002195,1780645800012,934.0,69.81,1674.65,ETH-26JUN26,1673.64,0.00215,1673.72,26JUN26,2300,,C,ETH-26JUN26-2300-C
1.409,1.619,2109.0,1.508019,1780645800012,0.0,114.81,1674.65,ETH-26JUN26,1673.64,1.514,1673.72,26JUN26,4200,,P,ETH-26JUN26-4200-P
0.0004,0.0007,1561.0,0.000568,1780645800012,1566.0,92.71,1673.64,index_price,1673.64,0.00055,1673.72,8JUN26,2000,,C,ETH-8JUN26-2000-C
0.1955,0.201,27433.0,0.19843,1780645800012,416.0,162.64,1668.54,ETH-5JUN26,1668.91,0.19825,1673.72,5JUN26,2000,,P,ETH-5JUN26-2000-P
0.1215,0.1235,366.0,0.122665,1780645800012,40.0,57.41,1685.24,ETH-25SEP26,1673.64,0.1225,1673.72,25SEP26,1700,,C,ETH-25SEP26-1700-C
,0.0002,11501.0,0.000149,1780645800012,4.0,99.75,1674.65,ETH-26JUN26,1673.64,,1673.72,26JUN26,3400,,C,ETH-26JUN26-3400-C
0.121,0.1235,2964.0,0.122212,1780645800012,548.0,62.94,1716.85,ETH-26MAR27,1673.64,0.12225,1673.72,26MAR27,1400,,P,ETH-26MAR27-1400-P
3.274,3.6465,0.0,3.449373,1780645800012,0.0,79.18,1685.24,ETH-25SEP26,1673.64,3.46025,1673.72,25SEP26,7500,,P,ETH-25SEP26-7500-P
0.2425,0.247,1503.0,0.244389,1780645800012,47.0,60.56,1716.85,ETH-26MAR27,1673.64,0.24475,1673.72,26MAR27,1800,,P,ETH-26MAR27-1800-P
0.037,0.0385,3487.0,0.038293,1780645800012,163.0,56.11,1685.24,ETH-25SEP26,1673.64,0.03775,1673.72,25SEP26,2200,,C,ETH-25SEP26-2200-C
0.0065,0.0075,18.0,0.006978,1780645800012,20.0,93.06,1673.64,index_price,1673.64,0.007,1673.72,7JUN26,1575,,P,ETH-7JUN26-1575-P
0.033,0.0345,1572.0,0.033677,1780645800012,1.0,60.56,1716.85,ETH-26MAR27,1673.64,0.03375,1673.72,26MAR27,3500,,C,ETH-26MAR27-3500-C
0.0006,0.0009,605.0,0.000718,1780645800012,736.0,84.51,1673.64,index_price,1673.64,0.00075,1673.72,8JUN26,1950,,C,ETH-8JUN26-1950-C
2.1405,2.432,1.0,2.263207,1780645800012,0.0,73.58,1685.21,ETH-25SEP26,1673.64,2.28625,1673.72,25SEP26,5500,,P,ETH-25SEP26-5500-P
0.533,0.6315,1.0,0.554945,1780645800012,0.0,57.74,1681.21,ETH-28AUG26,1673.64,0.58225,1673.72,28AUG26,2600,,P,ETH-28AUG26-2600-P
1.0355,,1.0,1.127809,1780645800012,0.0,60.78,1716.85,ETH-26MAR27,1673.64,,1673.72,26MAR27,3600,,P,ETH-26MAR27-3600-P
0.2105,0.2165,356.0,0.21341,1780645800012,0.0,162.64,1668.54,ETH-5JUN26,1668.91,0.2135,1673.72,5JUN26,2025,,P,ETH-5JUN26-2025-P
0.008,0.009,1909.0,0.008458,1780645800012,12.0,58.87,1685.24,ETH-25SEP26,1673.64,0.0085,1673.72,25SEP26,2900,,C,ETH-25SEP26-2900-C
0.136,0.1415,3844.0,0.138509,1780645800012,1520.0,162.64,1668.17,ETH-5JUN26,1668.91,0.13875,1673.72,5JUN26,1900,,P,ETH-5JUN26-1900-P
0.1735,0.177,77.0,0.174925,1780645800012,5.0,60.23,1716.88,ETH-26MAR27,1673.64,0.17525,1673.72,26MAR27,1900,,C,ETH-26MAR27-1900-C
0.0595,0.288,50.0,0.173823,1780645800012,50.0,82.8,1673.71,ETH-19JUN26,1673.64,0.17375,1673.72,19JUN26,1400,,C,ETH-19JUN26-1400-C
0.095,0.1565,186.0,0.106612,1780645800012,0.0,79.94,1673.64,index_price,1673.64,0.12575,1673.72,7JUN26,1850,,P,ETH-7JUN26-1850-P
2.0775,2.369,4.0,2.203889,1780645800012,0.0,72.71,1685.21,ETH-25SEP26,1673.64,2.22325,1673.72,25SEP26,5400,,P,ETH-25SEP26-5400-P
0.0012,0.0018,909.0,0.001473,1780645800012,0.0,67.49,1681.21,ETH-28AUG26,1673.64,0.0015,1673.72,28AUG26,3600,,C,ETH-28AUG26-3600-C
0.2035,0.206,3956.0,0.204657,1780645800012,60.0,56.2,1685.24,ETH-25SEP26,1673.64,0.20475,1673.72,25SEP26,1900,,P,ETH-25SEP26-1900-P
0.9435,1.1205,929.0,1.020795,1780645800012,0.0,62.35,1685.24,ETH-25SEP26,1673.64,1.032,1673.72,25SEP26,3400,,P,ETH-25SEP26-3400-P
0.2775,0.2855,697.0,0.28159,1780645800012,0.0,60.23,1716.85,ETH-26MAR27,1673.64,0.2815,1673.72,26MAR27,1900,,P,ETH-26MAR27-1900-P
0.0009,0.0014,12.0,0.001172,1780645800012,0.0,69.49,1681.21,ETH-28AUG26,1673.64,0.00115,1673.72,28AUG26,3800,,C,ETH-28AUG26-3800-C
0.0003,0.0006,271.0,0.000427,1780645800012,203.0,95.75,1673.64,index_price,1673.64,0.00045,1673.72,7JUN26,1950,,C,ETH-7JUN26-1950-C
0.0115,0.0125,165.0,0.011894,1780645800012,175.0,81.07,1673.64,index_price,1673.64,0.012,1673.72,8JUN26,1600,,P,ETH-8JUN26-1600-P
0.701,0.703,345.0,0.701573,1780645800012,2.0,176.2,1674.62,ETH-26JUN26,1673.64,0.702,1673.72,26JUN26,500,,C,ETH-26JUN26-500-C
,0.0001,1191.0,1e-06,1780645800012,0.0,117.59,1674.62,ETH-26JUN26,1673.64,,1673.72,26JUN26,5800,,C,ETH-26JUN26-5800-C
0.0215,0.0225,88.0,0.022055,1780645800012,41.0,76.01,1673.64,index_price,1673.64,0.022,1673.72,7JUN26,1675,,C,ETH-7JUN26-1675-C
,0.0002,1019.0,8.7e-05,1780645800012,0.0,79.18,1685.21,ETH-25SEP26,1673.64,,1673.72,25SEP26,7400,,C,ETH-25SEP26-7400-C
0.0005,0.0007,21635.0,0.000607,1780645800012,213.0,87.04,1674.65,ETH-26JUN26,1673.64,0.0006,1673.72,26JUN26,2800,,C,ETH-26JUN26-2800-C
1.964,2.225,3.0,2.085347,1780645800012,0.0,72.27,1685.24,ETH-25SEP26,1673.64,2.0945,1673.72,25SEP26,5200,,P,ETH-25SEP26-5200-P
0.146,0.1535,19522.0,0.149922,1780645800013,1076.0,59.03,1674.65,ETH-26JUN26,1673.64,0.14975,1673.72,26JUN26,1900,,P,ETH-26JUN26-1900-P
0.106,0.111,1596.0,0.108548,1780645800013,21.0,162.41,1668.17,ETH-5JUN26,1668.91,0.1085,1673.72,5JUN26,1850,,P,ETH-5JUN26-1850-P
6.9795,7.671,0.0,7.305357,1780645800013,0.0,91.65,1685.24,ETH-25SEP26,1673.64,7.32525,1673.72,25SEP26,14000,,P,ETH-25SEP26-14000-P
,0.0001,1032.0,0.0,1780645800013,0.0,162.65,1668.54,ETH-5JUN26,1668.91,,1673.72,5JUN26,2450,,C,ETH-5JUN26-2450-C
0.0945,0.097,2823.0,0.096316,1780645800013,1344.0,61.66,1673.71,ETH-19JUN26,1673.64,0.09575,1673.72,19JUN26,1800,,P,ETH-19JUN26-1800-P
,,307.0,7e-06,1780645800013,585.0,101.67,1668.54,ETH-5JUN26,1668.91,,1673.72,5JUN26,1650,,P,ETH-5JUN26-1650-P
7.916,7.997,10.0,7.957042,1780645800013,0.0,117.72,1674.62,ETH-26JUN26,1673.64,7.9565,1673.72,26JUN26,15000,,P,ETH-26JUN26-15000-P
0.562,0.585,1060.0,0.57476,1780645800013,2.0,58.18,1700.6,ETH-25DEC26,1673.64,0.5735,1673.72,25DEC26,2600,,P,ETH-25DEC26-2600-P
2.654,2.9665,0.0,2.796969,1780645800013,0.0,78.18,1685.24,ETH-25SEP26,1673.64,2.81025,1673.72,25SEP26,6400,,P,ETH-25SEP26-6400-P
0.219,0.2925,160.0,0.258408,1780645800013,0.0,55.72,1681.21,ETH-28AUG26,1673.64,0.25575,1673.72,28AUG26,2050,,P,ETH-28AUG26-2050-P
2.762,3.09,0.0,2.915566,1780645800013,0.0,78.18,1685.24,ETH-25SEP26,1673.64,2.926,1673.72,25SEP26,6600,,P,ETH-25SEP26-6600-P
0.0095,0.0105,7662.0,0.010081,1780645800013,5.0,58.09,1685.24,ETH-25SEP26,1673.64,0.01,1673.72,25SEP26,2800,,C,ETH-25SEP26-2800-C
0.2075,0.213,263.0,0.212069,1780645800013,200.0,55.84,1681.18,ETH-28AUG26,1673.64,0.21025,1673.72,28AUG26,1950,,P,ETH-28AUG26-1950-P
0.0295,0.031,702.0,0.030249,1780645800013,15.0,58.65,1700.57,ETH-25DEC26,1673.64,0.03025,1673.72,25DEC26,2900,,C,ETH-25DEC26-2900-C
0.244,0.4195,5.0,0.257193,1780645800013,0.0,68.22,1673.71,ETH-19JUN26,1673.64,0.33175,1673.72,19JUN26,2100,,P,ETH-19JUN26-2100-P
0.0002,0.0005,8645.0,0.000324,1780645800013,0.0,78.41,1677.38,ETH-31JUL26,1673.64,0.00035,1673.72,31JUL26,4000,,C,ETH-31JUL26-4000-C
,0.0001,3874.0,0.0,1780645800013,597.0,162.64,1668.54,ETH-5JUN26,1668.91,,1673.72,5JUN26,2000,,C,ETH-5JUN26-2000-C
0.3125,0.321,14479.0,0.316892,1780645800013,22.0,66.26,1674.65,ETH-26JUN26,1673.64,0.31675,1673.72,26JUN26,2200,,P,ETH-26JUN26-2200-P
0.132,0.1765,0.0,0.136813,1780645800013,0.0,110.17,1673.64,index_price,1673.64,0.15425,1673.72,8JUN26,1450,,C,ETH-8JUN26-1450-C
0.076,0.081,13993.0,0.078587,1780645800013,2868.0,162.41,1668.54,ETH-5JUN26,1668.91,0.0785,1673.72,5JUN26,1800,,P,ETH-5JUN26-1800-P
0.5615,0.722,147.0,0.645469,1780645800013,0.0,59.66,1716.85,ETH-26MAR27,1673.64,0.64175,1673.72,26MAR27,2700,,P,ETH-26MAR27-2700-P
1.294,1.487,3932.0,1.388635,1780645800013,0.0,114.81,1674.65,ETH-26JUN26,1673.64,1.3905,1673.72,26JUN26,4000,,P,ETH-26JUN26-4000-P
,0.0001,949.0,0.0,1780645800013,0.0,162.65,1668.54,ETH-5JUN26,1668.91,,1673.72,5JUN26,2800,,C,ETH-5JUN26-2800-C
,0.0001,789.0,4e-06,1780645800013,941.0,147.15,1668.17,ETH-5JUN26,1668.91,,1673.72,5JUN26,1700,,C,ETH-5JUN26-1700-C
0.113,0.115,190.0,0.113888,1780645800013,159.0,56.96,1677.38,ETH-31JUL26,1673.64,0.114,1673.72,31JUL26,1750,,P,ETH-31JUL26-1750-P
0.371,0.38,9036.0,0.375608,1780645800013,133.0,69.81,1674.62,ETH-26JUN26,1673.64,0.3755,1673.72,26JUN26,2300,,P,ETH-26JUN26-2300-P
0.003,0.0036,14107.0,0.003283,1780645800013,1150.0,63.03,1685.24,ETH-25SEP26,1673.64,0.0033,1673.72,25SEP26,3500,,C,ETH-25SEP26-3500-C
0.004,0.0046,532.0,0.00453,1780645800013,895.0,92.42,1673.67,index_price,1673.64,0.0043,1673.72,6JUN26,1750,,C,ETH-6JUN26-1750-C
0.097,0.099,656.0,0.097927,1780645800013,24.0,56.72,1685.24,ETH-25SEP26,1673.64,0.098,1673.72,25SEP26,1800,,C,ETH-25SEP26-1800-C
0.0003,0.0008,2187.0,0.000493,1780645800013,4.0,77.54,1677.38,ETH-31JUL26,1673.64,0.00055,1673.72,31JUL26,3800,,C,ETH-31JUL26-3800-C
0.036,0.0375,1039.0,0.036815,1780645800013,1.0,60.4,1716.85,ETH-26MAR27,1673.64,0.03675,1673.72,26MAR27,3400,,C,ETH-26MAR27-3400-C
,0.0001,3578.0,0.0,1780645800013,0.0,162.65,1668.17,ETH-5JUN26,1668.91,,1673.72,5JUN26,2350,,C,ETH-5JUN26-2350-C
,,50.0,0.107104,1780645800013,50.0,111.75,1673.64,index_price,1673.64,,1673.72,7JUN26,1500,,C,ETH-7JUN26-1500-C
,0.0002,1911.0,0.0,1780645800013,651.0,162.64,1668.54,ETH-5JUN26,1668.91,,1673.72,5JUN26,2025,,C,ETH-5JUN26-2025-C
0.2155,0.2245,3349.0,0.220912,1780645800013,802.0,56.16,1677.35,ETH-31JUL26,1673.64,0.22,1673.72,31JUL26,2000,,P,ETH-31JUL26-2000-P
,,0.0,0.677802,1780645800013,0.0,162.65,1668.17,ETH-5JUN26,1668.91,,1673.72,5JUN26,2800,,P,ETH-5JUN26-2800-P
0.0026,0.003,2737.0,0.002758,1780645800013,76.0,68.22,1673.68,ETH-19JUN26,1673.64,0.0028,1673.72,19JUN26,2100,,C,ETH-19JUN26-2100-C
0.0055,0.006,0.0,0.00577,1780645800013,0.0,94.41,1673.64,index_price,1673.64,0.00575,1673.72,8JUN26,1525,,P,ETH-8JUN26-1525-P
,0.1745,101.0,0.066486,1780645800013,103.0,68.7,1673.64,index_price,1673.64,,1673.72,8JUN26,1775,,P,ETH-8JUN26-1775-P
0.1805,0.186,724.0,0.18345,1780645800013,0.0,162.64,1668.54,ETH-5JUN26,1668.91,0.18325,1673.72,5JUN26,1975,,P,ETH-5JUN26-1975-P
0.1335,0.136,50.0,0.134635,1780645800013,0.0,58.44,1681.21,ETH-28AUG26,1673.64,0.13475,1673.72,28AUG26,1600,,C,ETH-28AUG26-1600-C
0.0001,0.0003,4087.0,0.000177,1780645800013,43.0,115.42,1673.54,ETH-12JUN26,1673.64,0.0002,1673.72,12JUN26,2600,,C,ETH-12JUN26-2600-C
0.2325,0.2355,679.0,0.233891,1780645800013,1.0,60.74,1700.57,ETH-25DEC26,1673.64,0.234,1673.72,25DEC26,1500,,C,ETH-25DEC26-1500-C
,,0.0,0.498038,1780645800013,0.0,162.65,1668.17,ETH-5JUN26,1668.91,,1673.72,5JUN26,2500,,P,ETH-5JUN26-2500-P
1.855,2.121,1.0,1.966842,1780645800013,0.0,71.86,1685.21,ETH-25SEP26,1673.64,1.988,1673.72,25SEP26,5000,,P,ETH-25SEP26-5000-P
0.0345,0.044,50.0,0.037886,1780645800013,50.0,102.64,1673.67,index_price,1673.64,0.03925,1673.72,6JUN26,1625,,C,ETH-6JUN26-1625-C
6.455,7.0755,0.0,6.76277,1780645800013,0.0,117.62,1674.65,ETH-26JUN26,1673.64,6.76525,1673.72,26JUN26,13000,,P,ETH-26JUN26-13000-P
0.0005,0.0009,1554.0,0.00067,1780645800013,0.0,75.55,1677.35,ETH-31JUL26,1673.64,0.0007,1673.72,31JUL26,3600,,C,ETH-31JUL26-3600-C
5.212,5.4875,53.0,5.468646,1780645800013,0.0,79.05,1700.6,ETH-25DEC26,1673.64,5.34975,1673.72,25DEC26,11000,,P,ETH-25DEC26-11000-P
0.0335,0.0355,4215.0,0.034632,1780645800013,400.0,58.46,1700.6,ETH-25DEC26,1673.64,0.0345,1673.72,25DEC26,2800,,C,ETH-25DEC26-2800-C
,,89.0,1.015434,1780645800013,0.0,59.86,1700.57,ETH-25DEC26,1673.64,,1673.72,25DEC26,3400,,P,ETH-25DEC26-3400-P
3.5175,3.9005,0.0,3.705018,1780645800013,0.0,73.16,1700.57,ETH-25DEC26,1673.64,3.709,1673.72,25DEC26,8000,,P,ETH-25DEC26-8000-P
0.149,0.151,346.0,0.150037,1780645800013,78.0,56.29,1681.18,ETH-28AUG26,1673.64,0.15,1673.72,28AUG26,1800,,P,ETH-28AUG26-1800-P
,0.0001,8355.0,0.0,1780645800013,0.0,162.64,1668.54,ETH-5JUN26,1668.91,,1673.72,5JUN26,2200,,C,ETH-5JUN26-2200-C
0.0305,0.032,18386.0,0.031132,1780645800013,10.0,69.65,1700.57,ETH-25DEC26,1673.64,0.03125,1673.72,25DEC26,1000,,P,ETH-25DEC26-1000-P
,,1.0,0.962532,1780645800013,0.0,60.29,1716.85,ETH-26MAR27,1673.64,,1673.72,26MAR27,3300,,P,ETH-26MAR27-3300-P
0.07,0.0715,164.0,0.070824,1780645800013,63.0,56.96,1677.38,ETH-31JUL26,1673.64,0.07075,1673.72,31JUL26,1750,,C,ETH-31JUL26-1750-C
0.3195,0.3295,744.0,0.324802,1780645800013,26.0,56.57,1677.38,ETH-31JUL26,1673.64,0.3245,1673.72,31JUL26,2200,,P,ETH-31JUL26-2200-P
,0.0001,1200.0,5e-06,1780645800013,38.0,91.65,1685.24,ETH-25SEP26,1673.64,,1673.72,25SEP26,14000,,C,ETH-25SEP26-14000-C
0.2235,0.2795,154.0,0.234717,1780645800013,3.0,55.71,1681.18,ETH-28AUG26,1673.64,0.2515,1673.72,28AUG26,2000,,P,ETH-28AUG26-2000-P
0.024,0.0255,0.0,0.024968,1780645800013,0.0,68.15,1673.54,ETH-12JUN26,1673.64,0.02475,1673.72,12JUN26,1725,,C,ETH-12JUN26-1725-C
1.0615,1.257,1.0,1.142775,1780645800013,1.0,67.49,1681.18,ETH-28AUG26,1673.64,1.15925,1673.72,28AUG26,3600,,P,ETH-28AUG26-3600-P
0.0049,0.0055,1066.0,0.005237,1780645800013,50.0,59.95,1677.38,ETH-31JUL26,1673.64,0.0052,1673.72,31JUL26,2500,,C,ETH-31JUL26-2500-C
,0.0001,1138.0,0.0,1780645800013,0.0,117.59,1674.62,ETH-26JUN26,1673.64,,1673.72,26JUN26,6800,,C,ETH-26JUN26-6800-C
1.7535,1.9915,340.0,1.866261,1780645800013,0.0,115.05,1674.65,ETH-26JUN26,1673.64,1.8725,1673.72,26JUN26,4800,,P,ETH-26JUN26-4800-P
0.2665,0.273,647.0,0.268738,1780645800013,2.0,61.78,1700.57,ETH-25DEC26,1673.64,0.26975,1673.72,25DEC26,1400,,C,ETH-25DEC26-1400-C
0.0004,0.0007,740.0,0.000529,1780645800013,322.0,91.72,1673.64,index_price,1673.64,0.00055,1673.72,7JUN26,1925,,C,ETH-7JUN26-1925-C
0.046,0.0515,1287.0,0.048626,1780645800013,2207.0,162.41,1668.54,ETH-5JUN26,1668.91,0.04875,1673.72,5JUN26,1750,,P,ETH-5JUN26-1750-P
0.5935,0.604,630.0,0.595405,1780645800013,100.0,59.66,1716.85,ETH-26MAR27,1673.64,0.59875,1673.72,26MAR27,2600,,P,ETH-26MAR27-2600-P
0.0008,0.0012,3045.0,0.001002,1780645800013,0.0,70.36,1685.21,ETH-25SEP26,1673.64,0.001,1673.72,25SEP26,4600,,C,ETH-25SEP26-4600-C
0.0495,0.0535,669.0,0.052118,1780645800013,556.0,73.3,1673.64,index_price,1673.64,0.0515,1673.72,7JUN26,1750,,P,ETH-7JUN26-1750-P
0.0012,0.0015,2012.0,0.0013,1780645800013,50.0,78.7,1673.71,ETH-19JUN26,1673.64,0.00135,1673.72,19JUN26,2300,,C,ETH-19JUN26-2300-C
0.02,0.021,1842.0,0.021085,1780645800013,1714.0,61.66,1673.71,ETH-19JUN26,1673.64,0.0205,1673.72,19JUN26,1800,,C,ETH-19JUN26-1800-C
0.0645,0.0665,1691.0,0.065552,1780645800013,20.0,59.67,1716.85,ETH-26MAR27,1673.64,0.0655,1673.72,26MAR27,2800,,C,ETH-26MAR27-2800-C
,0.0001,1592.0,6e-06,1780645800013,0.0,79.57,1685.24,ETH-25SEP26,1673.64,,1673.72,25SEP26,10000,,C,ETH-25SEP26-10000-C
0.046,0.0475,326.0,0.046978,1780645800013,434.0,71.66,1673.54,ETH-12JUN26,1673.64,0.04675,1673.72,12JUN26,1650,,C,ETH-12JUN26-1650-C
0.044,0.068,50.0,0.055928,1780645800013,50.0,81.07,1673.64,index_price,1673.64,0.056,1673.72,8JUN26,1600,,C,ETH-8JUN26-1600-C
0.1675,,0.0,0.180503,1780645800013,0.0,100.21,1673.64,index_price,1673.64,,1673.72,7JUN26,1975,,P,ETH-7JUN26-1975-P
0.0475,0.0525,761.0,0.051835,1780645800013,628.0,92.42,1673.67,index_price,1673.64,0.05,1673.72,6JUN26,1750,,P,ETH-6JUN26-1750-P
0.029,0.0305,981.0,0.029916,1780645800013,1055.0,61.75,1673.71,ETH-19JUN26,1673.64,0.02975,1673.72,19JUN26,1750,,C,ETH-19JUN26-1750-C
0.184,0.194,169.0,0.190279,1780645800013,47.0,55.94,1681.21,ETH-28AUG26,1673.64,0.189,1673.72,28AUG26,1900,,P,ETH-28AUG26-1900-P
0.005,0.0055,57.0,0.005382,1780645800013,57.0,98.88,1673.64,index_price,1673.64,0.00525,1673.72,7JUN26,1550,,P,ETH-7JUN26-1550-P
0.0009,0.0011,539.0,0.000931,1780645800013,407.0,83.28,1673.68,ETH-19JUN26,1673.64,0.001,1673.72,19JUN26,2400,,C,ETH-19JUN26-2400-C
1.1665,1.357,987.0,1.256619,1780645800013,11.0,65.38,1685.24,ETH-25SEP26,1673.64,1.26175,1673.72,25SEP26,3800,,P,ETH-25SEP26-3800-P
,0.0001,7425.0,2e-06,1780645800013,0.0,93.61,1685.24,ETH-25SEP26,1673.64,,1673.72,25SEP26,16000,,C,ETH-25SEP26-16000-C
0.0105,0.0115,3088.0,0.01094,1780645800013,2004.0,86.24,1673.54,ETH-12JUN26,1673.64,0.011,1673.72,12JUN26,1500,,P,ETH-12JUN26-1500-P
,,0.0,0.958685,1780645800013,0.0,59.61,1700.6,ETH-25DEC26,1673.64,,1673.72,25DEC26,3300,,P,ETH-25DEC26-3300-P
0.0155,0.0165,11306.0,0.016128,1780645800013,0.0,59.86,1700.57,ETH-25DEC26,1673.64,0.016,1673.72,25DEC26,3400,,C,ETH-25DEC26-3400-C
0.031,0.0325,3484.0,0.031862,1780645800014,1738.0,64.44,1677.35,ETH-31JUL26,1673.64,0.03175,1673.72,31JUL26,1400,,P,ETH-31JUL26-1400-P
0.0048,0.0055,7780.0,0.005123,1780645800014,30.0,60.98,1685.21,ETH-25SEP26,1673.64,0.00515,1673.72,25SEP26,3200,,C,ETH-25SEP26-3200-C
2.5345,2.843,0.0,2.678324,1780645800014,0.0,76.63,1685.21,ETH-25SEP26,1673.64,2.68875,1673.72,25SEP26,6200,,P,ETH-25SEP26-6200-P
0.1035,0.1055,76.0,0.104211,1780645800014,26.0,57.18,1681.21,ETH-28AUG26,1673.64,0.1045,1673.72,28AUG26,1700,,C,ETH-28AUG26-1700-C
0.1105,0.1125,1896.0,0.111482,1780645800014,6.0,58.17,1700.6,ETH-25DEC26,1673.64,0.1115,1673.72,25DEC26,2000,,C,ETH-25DEC26-2000-C
0.0145,0.0155,7628.0,0.015072,1780645800014,448.0,74.13,1685.24,ETH-25SEP26,1673.64,0.015,1673.72,25SEP26,1000,,P,ETH-25SEP26-1000-P
0.0033,0.0038,1818.0,0.00357,1780645800014,113.0,65.93,1673.68,ETH-19JUN26,1673.64,0.00355,1673.72,19JUN26,2050,,C,ETH-19JUN26-2050-C
0.151,0.156,50.0,0.153155,1780645800014,2.0,61.35,1677.35,ETH-31JUL26,1673.64,0.1535,1673.72,31JUL26,1500,,C,ETH-31JUL26-1500-C
0.418,0.462,74.0,0.421833,1780645800014,0.0,74.13,1685.21,ETH-25SEP26,1673.64,0.44,1673.72,25SEP26,1000,,C,ETH-25SEP26-1000-C
,0.0001,491.0,9.7e-05,1780645800014,52.0,129.7,1673.67,index_price,1673.64,,1673.72,6JUN26,2000,,C,ETH-6JUN26-2000-C
0.074,0.08,2105.0,0.078857,1780645800014,13.0,96.1,1673.67,index_price,1673.64,0.077,1673.72,6JUN26,1800,,P,ETH-6JUN26-1800-P
0.0005,0.0008,1457.0,0.00066,1780645800014,795.0,87.52,1673.64,index_price,1673.64,0.00065,1673.72,7JUN26,1900,,C,ETH-7JUN26-1900-C
0.1935,0.246,50.0,0.197411,1780645800014,0.0,64.44,1677.35,ETH-31JUL26,1673.64,0.21975,1673.72,31JUL26,1400,,C,ETH-31JUL26-1400-C
,0.0001,1379.0,0.0,1780645800014,1289.0,162.41,1668.54,ETH-5JUN26,1668.91,,1673.72,5JUN26,1825,,C,ETH-5JUN26-1825-C
0.341,0.3485,155.0,0.344592,1780645800014,33.0,96.3,1673.92,ETH-12JUN26,1673.64,0.34475,1673.72,12JUN26,2250,,P,ETH-12JUN26-2250-P
0.0029,0.0033,12918.0,0.003193,1780645800014,434.0,66.26,1674.65,ETH-26JUN26,1673.64,0.0031,1673.72,26JUN26,2200,,C,ETH-26JUN26-2200-C
0.0005,0.0007,2436.0,0.000586,1780645800014,494.0,99.52,1673.54,ETH-12JUN26,1673.64,0.0006,1673.72,12JUN26,2300,,C,ETH-12JUN26-2300-C
0.1495,0.152,2099.0,0.150671,1780645800014,2171.0,58.73,1700.57,ETH-25DEC26,1673.64,0.15075,1673.72,25DEC26,1800,,C,ETH-25DEC26-1800-C
,0.0001,13.0,3e-05,1780645800014,0.0,170.01,1673.67,index_price,1673.64,,1673.72,6JUN26,2200,,C,ETH-6JUN26-2200-C
0.016,0.0175,1318.0,0.016623,1780645800014,147.0,76.61,1700.57,ETH-25DEC26,1673.64,0.01675,1673.72,25DEC26,800,,P,ETH-25DEC26-800-P
0.0035,0.004,1050.0,0.00395,1780645800014,1358.0,69.06,1673.64,index_price,1673.64,0.00375,1673.72,8JUN26,1800,,C,ETH-8JUN26-1800-C
0.0023,0.0028,1088.0,0.002567,1780645800014,1241.0,69.5,1673.64,index_price,1673.64,0.00255,1673.72,8JUN26,1825,,C,ETH-8JUN26-1825-C
1.705,,0.0,1.808416,1780645800014,0.0,63.12,1716.85,ETH-26MAR27,1673.64,,1673.72,26MAR27,4800,,P,ETH-26MAR27-4800-P
1.4045,1.6075,0.0,1.503592,1780645800014,0.0,79.94,1677.35,ETH-31JUL26,1673.64,1.506,1673.72,31JUL26,4200,,P,ETH-31JUL26-4200-P
0.0003,0.0009,1604.0,0.000502,1780645800014,1.0,72.27,1685.24,ETH-25SEP26,1673.64,0.0006,1673.72,25SEP26,5200,,C,ETH-25SEP26-5200-C
0.022,0.023,5937.0,0.022418,1780645800014,4015.0,75.41,1673.54,ETH-12JUN26,1673.64,0.0225,1673.72,12JUN26,1600,,P,ETH-12JUN26-1600-P
0.0017,0.0023,259.0,0.00197,1780645800014,0.0,65.72,1681.18,ETH-28AUG26,1673.64,0.002,1673.72,28AUG26,3400,,C,ETH-28AUG26-3400-C
0.0002,0.0004,21045.0,0.000328,1780645800014,26.0,90.69,1674.62,ETH-26JUN26,1673.64,0.0003,1673.72,26JUN26,3000,,C,ETH-26JUN26-3000-C
0.606,0.619,583.0,0.612462,1780645800014,69.0,62.89,1677.35,ETH-31JUL26,1673.64,0.6125,1673.72,31JUL26,2700,,P,ETH-31JUL26-2700-P
0.5365,0.7865,29.0,0.553695,1780645800014,0.0,61.33,1677.38,ETH-31JUL26,1673.64,0.6615,1673.72,31JUL26,2600,,P,ETH-31JUL26-2600-P
0.0435,0.045,602.0,0.045105,1780645800014,29.0,55.71,1681.18,ETH-28AUG26,1673.64,0.04425,1673.72,28AUG26,2000,,C,ETH-28AUG26-2000-C
0.1145,0.117,13230.0,0.115938,1780645800014,10318.0,60.74,1700.57,ETH-25DEC26,1673.64,0.11575,1673.72,25DEC26,1500,,P,ETH-25DEC26-1500-P
,0.0001,4109.0,0.0,1780645800014,0.0,117.59,1674.65,ETH-26JUN26,1673.64,,1673.72,26JUN26,8500,,C,ETH-26JUN26-8500-C
0.2825,0.2925,9799.0,0.287544,1780645800014,86.0,58.17,1700.6,ETH-25DEC26,1673.64,0.2875,1673.72,25DEC26,2000,,P,ETH-25DEC26-2000-P
0.027,0.0295,3713.0,0.029155,1780645800014,3997.0,91.72,1673.67,index_price,1673.64,0.02825,1673.72,6JUN26,1700,,P,ETH-6JUN26-1700-P
3.2435,3.5965,0.0,3.418807,1780645800014,0.0,117.59,1674.62,ETH-26JUN26,1673.64,3.42,1673.72,26JUN26,7400,,P,ETH-26JUN26-7400-P
0.322,0.496,168.0,0.333866,1780645800014,0.0,55.91,1681.21,ETH-28AUG26,1673.64,0.409,1673.72,28AUG26,2200,,P,ETH-28AUG26-2200-P
5.3085,5.8555,0.0,5.568497,1780645800014,0.0,117.6,1674.65,ETH-26JUN26,1673.64,5.582,1673.72,26JUN26,11000,,P,ETH-26JUN26-11000-P
,0.5835,153.0,0.546198,1780645800014,2.0,76.61,1700.57,ETH-25DEC26,1673.64,,1673.72,25DEC26,800,,C,ETH-25DEC26-800-C
0.0025,0.0031,1368.0,0.002772,1780645800014,600.0,66.99,1700.6,ETH-25DEC26,1673.64,0.0028,1673.72,25DEC26,5500,,C,ETH-25DEC26-5500-C
0.0145,0.016,1442.0,0.015407,1780645800014,0.0,62.48,1716.88,ETH-26MAR27,1673.64,0.01525,1673.72,26MAR27,4500,,C,ETH-26MAR27-4500-C
0.008,0.009,16498.0,0.008557,1780645800014,1083.0,61.77,1700.6,ETH-25DEC26,1673.64,0.0085,1673.72,25DEC26,4000,,C,ETH-25DEC26-4000-C
2.155,2.4275,134.0,2.28425,1780645800014,0.0,117.59,1674.65,ETH-26JUN26,1673.64,2.29125,1673.72,26JUN26,5500,,P,ETH-26JUN26-5500-P
0.3135,0.512,170.0,0.317761,1780645800014,50.0,66.51,1685.21,ETH-25SEP26,1673.64,0.41275,1673.72,25SEP26,1200,,C,ETH-25SEP26-1200-C
0.2005,0.2045,25853.0,0.202725,1780645800014,729.0,60.47,1674.62,ETH-26JUN26,1673.64,0.2025,1673.72,26JUN26,2000,,P,ETH-26JUN26-2000-P
0.0007,0.001,4.0,0.000834,1780645800014,4.0,80.51,1673.64,index_price,1673.64,0.00085,1673.72,8JUN26,1925,,C,ETH-8JUN26-1925-C
0.141,0.148,1555.0,0.144787,1780645800014,3.0,61.78,1673.68,ETH-19JUN26,1673.64,0.1445,1673.72,19JUN26,1900,,P,ETH-19JUN26-1900-P
0.0065,0.0075,13063.0,0.006961,1780645800014,3.0,59.35,1685.24,ETH-25SEP26,1673.64,0.007,1673.72,25SEP26,3000,,C,ETH-25SEP26-3000-C
0.0885,0.0945,2223.0,0.093057,1780645800014,118.0,100.82,1673.67,index_price,1673.64,0.0915,1673.72,6JUN26,1825,,P,ETH-6JUN26-1825-P
0.315,0.3215,368.0,0.318273,1780645800014,0.0,162.64,1668.17,ETH-5JUN26,1668.91,0.31825,1673.72,5JUN26,2200,,P,ETH-5JUN26-2200-P
1.28,1.487,138.0,1.374776,1780645800014,0.0,66.63,1685.24,ETH-25SEP26,1673.64,1.3835,1673.72,25SEP26,4000,,P,ETH-25SEP26-4000-P
0.0095,0.0105,2396.0,0.010166,1780645800014,3333.0,102.64,1673.67,index_price,1673.64,0.01,1673.72,6JUN26,1625,,P,ETH-6JUN26-1625-P
2.7045,3.0285,0.0,2.856266,1780645800014,0.0,78.18,1685.21,ETH-25SEP26,1673.64,2.8665,1673.72,25SEP26,6500,,P,ETH-25SEP26-6500-P
2.7275,3.0375,60.0,2.881385,1780645800014,0.0,117.59,1674.62,ETH-26JUN26,1673.64,2.8825,1673.72,26JUN26,6500,,P,ETH-26JUN26-6500-P
0.0185,0.02,713.0,0.018757,1780645800014,696.0,94.57,1673.67,index_price,1673.64,0.01925,1673.72,6JUN26,1675,,C,ETH-6JUN26-1675-C
2.3055,2.596,0.0,2.441147,1780645800014,0.0,75.82,1685.21,ETH-25SEP26,1673.64,2.45075,1673.72,25SEP26,5800,,P,ETH-25SEP26-5800-P
0.081,0.083,297.0,0.082129,1780645800014,303.0,58.3,1677.38,ETH-31JUL26,1673.64,0.082,1673.72,31JUL26,1650,,P,ETH-31JUL26-1650-P
0.005,0.006,151.0,0.005486,1780645800014,154.0,118.46,1673.67,index_price,1673.64,0.0055,1673.72,6JUN26,1575,,P,ETH-6JUN26-1575-P
3.874,4.299,0.0,4.075657,1780645800014,0.0,117.59,1674.62,ETH-26JUN26,1673.64,4.0865,1673.72,26JUN26,8500,,P,ETH-26JUN26-8500-P
0.0145,0.016,3416.0,0.015161,1780645800014,29.0,57.02,1685.24,ETH-25SEP26,1673.64,0.01525,1673.72,25SEP26,2600,,C,ETH-25SEP26-2600-C
0.0775,0.08,10.0,0.078722,1780645800014,11.0,65.06,1716.85,ETH-26MAR27,1673.64,0.07875,1673.72,26MAR27,1200,,P,ETH-26MAR27-1200-P
2.99,3.3375,0.0,3.152813,1780645800014,0.0,79.18,1685.24,ETH-25SEP26,1673.64,3.16375,1673.72,25SEP26,7000,,P,ETH-25SEP26-7000-P
0.0765,0.0785,189.0,0.077502,1780645800014,0.0,56.2,1685.24,ETH-25SEP26,1673.64,0.0775,1673.72,25SEP26,1900,,C,ETH-25SEP26-1900-C
0.07,0.072,2604.0,0.071616,1780645800014,66.0,58.17,1700.57,ETH-25DEC26,1673.64,0.071,1673.72,25DEC26,2300,,C,ETH-25DEC26-2300-C
0.0016,0.002,537.0,0.001805,1780645800014,587.0,71.45,1673.64,index_price,1673.64,0.0018,1673.72,8JUN26,1850,,C,ETH-8JUN26-1850-C
0.0375,0.039,305.0,0.039055,1780645800014,60.0,55.72,1681.21,ETH-28AUG26,1673.64,0.03825,1673.72,28AUG26,2050,,C,ETH-28AUG26-2050-C
0.0003,0.0005,16403.0,0.000435,1780645800014,100.0,88.73,1674.62,ETH-26JUN26,1673.64,0.0004,1673.72,26JUN26,2900,,C,ETH-26JUN26-2900-C
,0.0001,1697.0,0.0,1780645800014,1218.0,162.41,1668.17,ETH-5JUN26,1668.91,,1673.72,5JUN26,1850,,C,ETH-5JUN26-1850-C
,0.0001,1146.0,0.0,1780645800014,0.0,117.59,1674.65,ETH-26JUN26,1673.64,,1673.72,26JUN26,6400,,C,ETH-26JUN26-6400-C
,,36.0,0.408155,1780645800014,0.0,162.65,1668.54,ETH-5JUN26,1668.91,,1673.72,5JUN26,2350,,P,ETH-5JUN26-2350-P
0.0785,0.0805,176.0,0.079386,1780645800014,26.0,56.29,1681.21,ETH-28AUG26,1673.64,0.0795,1673.72,28AUG26,1800,,C,ETH-28AUG26-1800-C
,0.0001,6237.0,2.5e-05,1780645800014,0.0,114.84,1674.65,ETH-26JUN26,1673.64,,1673.72,26JUN26,4400,,C,ETH-26JUN26-4400-C
0.0031,0.0036,0.0,0.003157,1780645800014,0.0,110.17,1673.64,index_price,1673.64,0.00335,1673.72,8JUN26,1450,,P,ETH-8JUN26-1450-P
0.0275,0.0295,764.0,0.028453,1780645800014,0.0,60.95,1716.85,ETH-26MAR27,1673.64,0.0285,1673.72,26MAR27,3700,,C,ETH-26MAR27-3700-C
0.0105,0.012,1107.0,0.011129,1780645800014,25.0,63.53,1716.85,ETH-26MAR27,1673.64,0.01125,1673.72,26MAR27,5000,,C,ETH-26MAR27-5000-C
,0.4425,0.0,0.379776,1780645800014,0.0,65.06,1716.85,ETH-26MAR27,1673.64,,1673.72,26MAR27,1200,,C,ETH-26MAR27-1200-C
0.0055,0.0065,1570.0,0.005947,1780645800014,7.0,59.1,1677.35,ETH-31JUL26,1673.64,0.006,1673.72,31JUL26,2450,,C,ETH-31JUL26-2450-C
0.6065,0.6225,525.0,0.614153,1780645800015,0.0,57.64,1685.21,ETH-25SEP26,1673.64,0.6145,1673.72,25SEP26,2700,,P,ETH-25SEP26-2700-P
3.5875,3.9695,0.0,3.777089,1780645800015,0.0,117.59,1674.65,ETH-26JUN26,1673.64,3.7785,1673.72,26JUN26,8000,,P,ETH-26JUN26-8000-P
0.1945,0.199,1881.0,0.196668,1780645800015,467.0,75.68,1673.92,ETH-12JUN26,1673.64,0.19675,1673.72,12JUN26,2000,,P,ETH-12JUN26-2000-P
0.0885,0.091,646.0,0.090173,1780645800015,65.0,59.65,1716.85,ETH-26MAR27,1673.64,0.08975,1673.72,26MAR27,2500,,C,ETH-26MAR27-2500-C
,0.0001,2160.0,1e-06,1780645800015,0.0,117.59,1674.62,ETH-26JUN26,1673.64,,1673.72,26JUN26,5600,,C,ETH-26JUN26-5600-C
0.029,0.0305,7672.0,0.03016,1780645800015,4.0,56.19,1685.24,ETH-25SEP26,1673.64,0.02975,1673.72,25SEP26,2300,,C,ETH-25SEP26-2300-C
0.056,0.0575,3099.0,0.056646,1780645800015,244.0,61.42,1685.21,ETH-25SEP26,1673.64,0.05675,1673.72,25SEP26,1400,,P,ETH-25SEP26-1400-P
0.147,0.15,1309.0,0.14862,1780645800015,52.0,62.2,1716.85,ETH-26MAR27,1673.64,0.1485,1673.72,26MAR27,1500,,P,ETH-26MAR27-1500-P
4.734,5.2115,0.0,4.971361,1780645800015,0.0,117.6,1674.62,ETH-26JUN26,1673.64,4.97275,1673.72,26JUN26,10000,,P,ETH-26JUN26-10000-P
0.0028,0.0032,3399.0,0.002988,1780645800015,416.0,72.18,1673.54,ETH-12JUN26,1673.64,0.003,1673.72,12JUN26,1950,,C,ETH-12JUN26-1950-C
0.009,0.01,409.0,0.009953,1780645800015,413.0,73.24,1673.64,index_price,1673.64,0.0095,1673.72,7JUN26,1725,,C,ETH-7JUN26-1725-C
0.273,0.2775,50.0,0.274937,1780645800015,0.0,62.2,1716.85,ETH-26MAR27,1673.64,0.27525,1673.72,26MAR27,1500,,C,ETH-26MAR27-1500-C
0.227,0.2955,0.0,0.241621,1780645800015,0.0,152.59,1673.67,index_price,1673.64,0.26125,1673.72,6JUN26,2075,,P,ETH-6JUN26-2075-P
0.0495,0.22,0.0,0.092966,1780645800015,0.0,69.5,1673.64,index_price,1673.64,0.13475,1673.72,8JUN26,1825,,P,ETH-8JUN26-1825-P
0.002,0.0027,2003.0,0.002309,1780645800015,0.0,65.38,1685.21,ETH-25SEP26,1673.64,0.00235,1673.72,25SEP26,3800,,C,ETH-25SEP26-3800-C
0.786,0.7975,13314.0,0.791737,1780645800015,0.0,90.69,1674.65,ETH-26JUN26,1673.64,0.79175,1673.72,26JUN26,3000,,P,ETH-26JUN26-3000-P
0.0002,0.0004,402.0,0.000265,1780645800015,401.0,108.59,1673.64,index_price,1673.64,0.0003,1673.72,7JUN26,2025,,C,ETH-7JUN26-2025-C
0.057,0.0585,304.0,0.057928,1780645800015,457.0,65.02,1673.68,ETH-19JUN26,1673.64,0.05775,1673.72,19JUN26,1650,,C,ETH-19JUN26-1650-C
,0.0001,1170.0,0.0,1780645800015,1221.0,162.41,1668.17,ETH-5JUN26,1668.91,,1673.72,5JUN26,1875,,C,ETH-5JUN26-1875-C
0.0041,0.0047,17270.0,0.004378,1780645800015,5.0,61.65,1685.21,ETH-25SEP26,1673.64,0.0044,1673.72,25SEP26,3300,,C,ETH-25SEP26-3300-C
0.0015,0.0018,373.0,0.001636,1780645800015,164.0,76.56,1673.64,index_price,1673.64,0.00165,1673.72,7JUN26,1825,,C,ETH-7JUN26-1825-C
0.2925,0.3025,1112.0,0.297867,1780645800015,1.0,56.45,1677.35,ETH-31JUL26,1673.64,0.2975,1673.72,31JUL26,2150,,P,ETH-31JUL26-2150-P
0.0395,0.0415,1164.0,0.04043,1780645800015,8.0,60.29,1716.85,ETH-26MAR27,1673.64,0.0405,1673.72,26MAR27,3300,,C,ETH-26MAR27-3300-C
0.9045,0.917,2665.0,0.911029,1780645800015,37.0,94.36,1674.65,ETH-26JUN26,1673.64,0.91075,1673.72,26JUN26,3200,,P,ETH-26JUN26-3200-P
0.608,0.618,550.0,0.613028,1780645800015,224.0,84.04,1674.62,ETH-26JUN26,1673.64,0.613,1673.72,26JUN26,2700,,P,ETH-26JUN26-2700-P
0.3365,0.35,5550.0,0.34342,1780645800015,1.0,56.11,1685.21,ETH-25SEP26,1673.64,0.34325,1673.72,25SEP26,2200,,P,ETH-25SEP26-2200-P
0.011,0.0125,1679.0,0.012291,1780645800015,789.0,67.74,1673.54,ETH-12JUN26,1673.64,0.01175,1673.72,12JUN26,1800,,C,ETH-12JUN26-1800-C
0.894,0.9135,1316.0,0.903489,1780645800015,1.0,60.98,1685.24,ETH-25SEP26,1673.64,0.90375,1673.72,25SEP26,3200,,P,ETH-25SEP26-3200-P
0.008,0.009,531.0,0.008449,1780645800015,1.0,57.74,1681.21,ETH-28AUG26,1673.64,0.0085,1673.72,28AUG26,2600,,C,ETH-28AUG26-2600-C
0.105,0.2065,0.0,0.150981,1780645800015,0.0,80.51,1673.64,index_price,1673.64,0.15575,1673.72,8JUN26,1925,,P,ETH-8JUN26-1925-P
0.0525,0.055,1348.0,0.053611,1780645800015,34.0,59.84,1716.85,ETH-26MAR27,1673.64,0.05375,1673.72,26MAR27,3000,,C,ETH-26MAR27-3000-C
0.137,0.141,4000.0,0.139566,1780645800015,560.0,69.34,1673.54,ETH-12JUN26,1673.64,0.139,1673.72,12JUN26,1900,,P,ETH-12JUN26-1900-P
0.029,0.0305,11597.0,0.029648,1780645800015,608.0,66.51,1685.24,ETH-25SEP26,1673.64,0.02975,1673.72,25SEP26,1200,,P,ETH-25SEP26-1200-P
0.245,0.2505,2559.0,0.246917,1780645800015,1.0,58.4,1700.57,ETH-25DEC26,1673.64,0.24775,1673.72,25DEC26,1900,,P,ETH-25DEC26-1900-P
0.008,0.009,70588.0,0.008453,1780645800015,711.0,60.47,1674.62,ETH-26JUN26,1673.64,0.0085,1673.72,26JUN26,2000,,C,ETH-26JUN26-2000-C
,0.0002,1165.0,0.000109,1780645800015,0.0,79.18,1685.21,ETH-25SEP26,1673.64,,1673.72,25SEP26,7200,,C,ETH-25SEP26-7200-C
0.1505,0.1535,50.0,0.152021,1780645800015,50.0,59.26,1681.21,ETH-28AUG26,1673.64,0.152,1673.72,28AUG26,1550,,C,ETH-28AUG26-1550-C
0.36,,0.0,0.375205,1780645800015,0.0,78.7,1673.71,ETH-19JUN26,1673.64,,1673.72,19JUN26,2300,,P,ETH-19JUN26-2300-P
0.212,,0.0,0.225162,1780645800015,0.0,111.21,1673.64,index_price,1673.64,,1673.72,7JUN26,2050,,P,ETH-7JUN26-2050-P
0.002,0.0024,1267.0,0.002177,1780645800015,1.0,70.57,1673.68,ETH-19JUN26,1673.64,0.0022,1673.72,19JUN26,2150,,C,ETH-19JUN26-2150-C
0.0024,0.0031,273.0,0.00271,1780645800015,1.0,63.89,1681.21,ETH-28AUG26,1673.64,0.00275,1673.72,28AUG26,3200,,C,ETH-28AUG26-3200-C
0.118,0.124,904.0,0.122438,1780645800015,1.0,111.39,1673.67,index_price,1673.64,0.121,1673.72,6JUN26,1875,,P,ETH-6JUN26-1875-P
1.638,1.858,3442.0,1.74684,1780645800015,0.0,114.88,1674.62,ETH-26JUN26,1673.64,1.748,1673.72,26JUN26,4600,,P,ETH-26JUN26-4600-P
,0.0003,1424.0,0.000186,1780645800015,0.0,78.18,1685.24,ETH-25SEP26,1673.64,,1673.72,25SEP26,6600,,C,ETH-25SEP26-6600-C
0.0023,0.0027,16115.0,0.002483,1780645800015,641.0,114.59,1674.62,ETH-26JUN26,1673.64,0.0025,1673.72,26JUN26,1000,,P,ETH-26JUN26-1000-P
0.016,0.021,4079.0,0.018669,1780645800015,7255.0,147.15,1668.54,ETH-5JUN26,1668.91,0.0185,1673.72,5JUN26,1700,,P,ETH-5JUN26-1700-P
0.023,0.024,23092.0,0.023419,1780645800015,10375.0,68.64,1674.65,ETH-26JUN26,1673.64,0.0235,1673.72,26JUN26,1500,,P,ETH-26JUN26-1500-P
0.3115,0.3185,302.0,0.314883,1780645800015,251.0,92.6,1673.54,ETH-12JUN26,1673.64,0.315,1673.72,12JUN26,2200,,P,ETH-12JUN26-2200-P
2.212,2.49,0.0,2.343963,1780645800015,0.0,117.59,1674.65,ETH-26JUN26,1673.64,2.351,1673.72,26JUN26,5600,,P,ETH-26JUN26-5600-P
0.0385,0.042,416.0,0.040709,1780645800015,683.0,73.24,1673.64,index_price,1673.64,0.04025,1673.72,7JUN26,1725,,P,ETH-7JUN26-1725-P
0.0475,0.0495,747.0,0.048585,1780645800015,2.0,59.94,1716.85,ETH-26MAR27,1673.64,0.0485,1673.72,26MAR27,3100,,C,ETH-26MAR27-3100-C
0.011,0.012,942.0,0.011407,1780645800015,3.0,57.05,1677.38,ETH-31JUL26,1673.64,0.0115,1673.72,31JUL26,2250,,C,ETH-31JUL26-2250-C
,0.0001,37620.0,0.0,1780645800015,0.0,117.59,1674.65,ETH-26JUN26,1673.64,,1673.72,26JUN26,6500,,C,ETH-26JUN26-6500-C
0.0065,0.0075,1096.0,0.00687,1780645800015,1077.0,85.79,1677.35,ETH-31JUL26,1673.64,0.007,1673.72,31JUL26,1000,,P,ETH-31JUL26-1000-P
0.4405,0.455,2075.0,0.447392,1780645800015,15.0,56.22,1685.21,ETH-25SEP26,1673.64,0.44775,1673.72,25SEP26,2400,,P,ETH-25SEP26-2400-P
0.6985,1.008,43.0,0.728852,1780645800015,0.0,58.87,1685.24,ETH-25SEP26,1673.64,0.85325,1673.72,25SEP26,2900,,P,ETH-25SEP26-2900-P
,0.0001,877.0,4e-06,1780645800015,35.0,93.61,1685.24,ETH-25SEP26,1673.64,,1673.72,25SEP26,15000,,C,ETH-25SEP26-15000-C
0.2485,0.463,83.0,0.308095,1780645800015,0.0,55.84,1681.21,ETH-28AUG26,1673.64,0.35575,1673.72,28AUG26,2150,,P,ETH-28AUG26-2150-P
0.0002,0.0007,1878.0,0.00039,1780645800015,0.0,74.54,1685.24,ETH-25SEP26,1673.64,0.00045,1673.72,25SEP26,5600,,C,ETH-25SEP26-5600-C
7.028,7.725,0.0,7.359906,1780645800015,0.0,117.62,1674.65,ETH-26JUN26,1673.64,7.3765,1673.72,26JUN26,14000,,P,ETH-26JUN26-14000-P
0.0145,0.0155,169.0,0.014859,1780645800015,153.0,73.34,1673.64,index_price,1673.64,0.015,1673.72,7JUN26,1700,,C,ETH-7JUN26-1700-C
0.0014,0.0018,1648.0,0.001646,1780645800015,1765.0,96.11,1673.67,index_price,1673.64,0.0016,1673.72,6JUN26,1800,,C,ETH-6JUN26-1800-C
0.0715,0.074,1259.0,0.07284,1780645800015,161.0,59.66,1716.85,ETH-26MAR27,1673.64,0.07275,1673.72,26MAR27,2700,,C,ETH-26MAR27-2700-C
0.05,0.053,76.0,0.050262,1780645800015,76.0,111.51,1673.67,index_price,1673.64,0.0515,1673.72,6JUN26,1600,,C,ETH-6JUN26-1600-C
0.778,0.796,6399.0,0.78668,1780645800015,0.0,59.35,1685.24,ETH-25SEP26,1673.64,0.787,1673.72,25SEP26,3000,,P,ETH-25SEP26-3000-P
1.046,,93.0,1.129938,1780645800015,0.0,60.61,1700.6,ETH-25DEC26,1673.64,,1673.72,25DEC26,3600,,P,ETH-25DEC26-3600-P
0.0005,0.0008,3857.0,0.000645,1780645800015,1.0,71.86,1685.21,ETH-25SEP26,1673.64,0.00065,1673.72,25SEP26,5000,,C,ETH-25SEP26-5000-C
0.131,0.133,8290.0,0.132233,1780645800015,427.0,56.45,1677.35,ETH-31JUL26,1673.64,0.132,1673.72,31JUL26,1800,,P,ETH-31JUL26-1800-P
0.299,0.5285,11.0,0.360095,1780645800015,0.0,55.94,1681.21,ETH-28AUG26,1673.64,0.41375,1673.72,28AUG26,2250,,P,ETH-28AUG26-2250-P
0.0125,0.0135,2204.0,0.013026,1780645800015,644.0,60.61,1700.57,ETH-25DEC26,1673.64,0.013,1673.72,25DEC26,3600,,C,ETH-25DEC26-3600-C
0.061,0.0675,742.0,0.064612,1780645800015,720.0,73.35,1673.64,index_price,1673.64,0.06425,1673.72,7JUN26,1775,,P,ETH-7JUN26-1775-P
0.015,0.016,1018.0,0.015478,1780645800016,957.0,80.21,1673.54,ETH-12JUN26,1673.64,0.0155,1673.72,12JUN26,1550,,P,ETH-12JUN26-1550-P
0.0003,0.0008,1919.0,0.000437,1780645800016,0.0,73.98,1700.57,ETH-25DEC26,1673.64,0.00055,1673.72,25DEC26,9000,,C,ETH-25DEC26-9000-C
0.0115,0.013,3565.0,0.012406,1780645800016,22.0,57.64,1685.24,ETH-25SEP26,1673.64,0.01225,1673.72,25SEP26,2700,,C,ETH-25SEP26-2700-C
0.0415,0.043,634.0,0.042444,1780645800016,757.0,63.29,1673.71,ETH-19JUN26,1673.64,0.04225,1673.72,19JUN26,1700,,C,ETH-19JUN26-1700-C
,0.0004,2795.0,1.1e-05,1780645800016,0.0,85.89,1685.21,ETH-25SEP26,1673.64,,1673.72,25SEP26,11000,,C,ETH-25SEP26-11000-C
,0.1815,50.0,0.089643,1780645800016,50.0,80.21,1673.92,ETH-12JUN26,1673.64,,1673.72,12JUN26,1550,,C,ETH-12JUN26-1550-C
0.1955,0.203,1363.0,0.199703,1780645800016,30.0,64.6,1673.68,ETH-19JUN26,1673.64,0.19925,1673.72,19JUN26,2000,,P,ETH-19JUN26-2000-P
0.2765,0.287,428.0,0.282874,1780645800016,0.0,55.74,1681.18,ETH-28AUG26,1673.64,0.28175,1673.72,28AUG26,2100,,P,ETH-28AUG26-2100-P
4.7,5.1935,0.0,4.932401,1780645800016,0.0,79.57,1685.24,ETH-25SEP26,1673.64,4.94675,1673.72,25SEP26,10000,,P,ETH-25SEP26-10000-P
0.0815,0.0835,50773.0,0.083041,1780645800016,16.0,58.17,1700.57,ETH-25DEC26,1673.64,0.0825,1673.72,25DEC26,2200,,C,ETH-25DEC26-2200-C
0.0375,0.039,0.0,0.038551,1780645800016,0.0,70.36,1673.54,ETH-12JUN26,1673.64,0.03825,1673.72,12JUN26,1675,,C,ETH-12JUN26-1675-C
0.357,0.368,369.0,0.362571,1780645800016,85.0,59.77,1716.85,ETH-26MAR27,1673.64,0.3625,1673.72,26MAR27,2100,,P,ETH-26MAR27-2100-P
,0.0001,9397.0,0.0,1780645800016,0.0,162.64,1668.54,ETH-5JUN26,1668.91,,1673.72,5JUN26,2150,,C,ETH-5JUN26-2150-C
0.014,0.015,33.0,0.014575,1780645800016,5.0,73.46,1677.35,ETH-31JUL26,1673.64,0.0145,1673.72,31JUL26,1200,,P,ETH-31JUL26-1200-P
0.0007,0.0012,1449.0,0.000916,1780645800016,0.0,73.27,1677.38,ETH-31JUL26,1673.64,0.00095,1673.72,31JUL26,3400,,C,ETH-31JUL26-3400-C
0.1535,0.218,238.0,0.166945,1780645800016,3.0,123.91,1673.67,index_price,1673.64,0.18575,1673.72,6JUN26,1950,,P,ETH-6JUN26-1950-P
5.881,6.454,55.0,6.165634,1780645800016,0.0,117.6,1674.62,ETH-26JUN26,1673.64,6.1675,1673.72,26JUN26,12000,,P,ETH-26JUN26-12000-P
0.014,0.0145,8766.0,0.013945,1780645800016,1032.0,75.3,1674.65,ETH-26JUN26,1673.64,0.01425,1673.72,26JUN26,1400,,P,ETH-26JUN26-1400-P
1.27,,223.0,1.360682,1780645800016,0.0,61.77,1700.57,ETH-25DEC26,1673.64,,1673.72,25DEC26,4000,,P,ETH-25DEC26-4000-P
2.3575,2.6615,0.0,2.50134,1780645800016,0.0,65.89,1716.85,ETH-26MAR27,1673.64,2.5095,1673.72,26MAR27,6000,,P,ETH-26MAR27-6000-P
0.8175,0.9395,0.0,0.845005,1780645800016,0.0,60.19,1685.24,ETH-25SEP26,1673.64,0.8785,1673.72,25SEP26,3100,,P,ETH-25SEP26-3100-P
0.2015,0.204,407.0,0.202788,1780645800016,6.0,59.95,1700.57,ETH-25DEC26,1673.64,0.20275,1673.72,25DEC26,1600,,C,ETH-25DEC26-1600-C
,,99.0,0.854197,1780645800016,0.0,59.94,1716.85,ETH-26MAR27,1673.64,,1673.72,26MAR27,3100,,P,ETH-26MAR27-3100-P
0.7755,0.9305,0.0,0.849157,1780645800016,0.0,68.96,1677.35,ETH-31JUL26,1673.64,0.853,1673.72,31JUL26,3100,,P,ETH-31JUL26-3100-P
0.06,0.066,964.0,0.064718,1780645800016,725.0,93.46,1673.67,index_price,1673.64,0.063,1673.72,6JUN26,1775,,P,ETH-6JUN26-1775-P
0.0001,0.0005,1132.0,0.000239,1780645800016,0.0,79.94,1677.38,ETH-31JUL26,1673.64,0.0003,1673.72,31JUL26,4200,,C,ETH-31JUL26-4200-C
0.0001,0.0003,1739.0,0.00019,1780645800016,2.0,121.49,1673.64,index_price,1673.64,0.0002,1673.72,7JUN26,2100,,C,ETH-7JUN26-2100-C
6.4095,7.0515,0.0,6.712117,1780645800016,0.0,88.43,1685.24,ETH-25SEP26,1673.64,6.7305,1673.72,25SEP26,13000,,P,ETH-25SEP26-13000-P
,0.0001,2030.0,0.0,1780645800016,2.0,162.65,1668.54,ETH-5JUN26,1668.91,,1673.72,5JUN26,2600,,C,ETH-5JUN26-2600-C
1.1575,,26.0,1.245061,1780645800016,0.0,61.23,1700.57,ETH-25DEC26,1673.64,,1673.72,25DEC26,3800,,P,ETH-25DEC26-3800-P
0.032,0.033,758.0,0.032589,1780645800016,1529.0,71.66,1673.54,ETH-12JUN26,1673.64,0.0325,1673.72,12JUN26,1650,,P,ETH-12JUN26-1650-P
0.083,0.0845,52.0,0.08385,1780645800016,2.0,57.54,1677.35,ETH-31JUL26,1673.64,0.08375,1673.72,31JUL26,1700,,C,ETH-31JUL26-1700-C
0.0031,0.0036,737.0,0.003413,1780645800016,741.0,111.75,1673.64,index_price,1673.64,0.00335,1673.72,7JUN26,1500,,P,ETH-7JUN26-1500-P
0.0001,0.0004,1064.0,0.000206,1780645800016,1050.0,111.21,1673.64,index_price,1673.64,0.00025,1673.72,7JUN26,2050,,C,ETH-7JUN26-2050-C
0.0095,0.0105,2829.0,0.010113,1780645800016,2943.0,82.8,1673.71,ETH-19JUN26,1673.64,0.01,1673.72,19JUN26,1400,,P,ETH-19JUN26-1400-P
0.039,0.186,0.0,0.141502,1780645800016,0.0,91.5,1673.92,ETH-12JUN26,1673.64,0.1125,1673.72,12JUN26,1450,,C,ETH-12JUN26-1450-C
0.222,0.394,51.0,0.226111,1780645800016,1.0,61.42,1685.24,ETH-25SEP26,1673.64,0.308,1673.72,25SEP26,1400,,C,ETH-25SEP26-1400-C
0.834,0.9915,0.0,0.90609,1780645800016,0.0,63.89,1681.21,ETH-28AUG26,1673.64,0.91275,1673.72,28AUG26,3200,,P,ETH-28AUG26-3200-P
0.5225,0.8245,52.0,0.583023,1780645800016,0.0,62.04,1677.38,ETH-31JUL26,1673.64,0.6735,1673.72,31JUL26,2650,,P,ETH-31JUL26-2650-P
0.0075,0.009,1112.0,0.008336,1780645800016,6.0,64.59,1716.88,ETH-26MAR27,1673.64,0.00825,1673.72,26MAR27,5500,,C,ETH-26MAR27-5500-C
1.0565,1.55,547.0,1.138572,1780645800016,0.0,63.85,1685.24,ETH-25SEP26,1673.64,1.30325,1673.72,25SEP26,3600,,P,ETH-25SEP26-3600-P
0.1325,0.1385,511.0,0.13724,1780645800016,0.0,116.27,1673.67,index_price,1673.64,0.1355,1673.72,6JUN26,1900,,P,ETH-6JUN26-1900-P
0.0002,0.0005,1057.0,0.00029,1780645800016,690.0,119.85,1673.67,index_price,1673.64,0.00035,1673.72,6JUN26,1925,,C,ETH-6JUN26-1925-C
0.1425,0.145,4335.0,0.143638,1780645800016,310.0,59.95,1700.6,ETH-25DEC26,1673.64,0.14375,1673.72,25DEC26,1600,,P,ETH-25DEC26-1600-P
0.0195,0.0205,3062.0,0.020222,1780645800016,3280.0,74.3,1673.64,index_price,1673.64,0.02,1673.72,8JUN26,1650,,P,ETH-8JUN26-1650-P
0.116,0.1225,1182.0,0.119627,1780645800016,518.0,61.67,1673.71,ETH-19JUN26,1673.64,0.11925,1673.72,19JUN26,1850,,P,ETH-19JUN26-1850-P
0.0002,0.0006,1670.0,0.000302,1780645800016,0.0,79.05,1700.57,ETH-25DEC26,1673.64,0.0004,1673.72,25DEC26,11000,,C,ETH-25DEC26-11000-C
0.43,0.4395,6441.0,0.434795,1780645800016,0.0,73.97,1674.62,ETH-26JUN26,1673.64,0.43475,1673.72,26JUN26,2400,,P,ETH-26JUN26-2400-P
0.778,0.9355,0.0,0.851397,1780645800016,0.0,93.42,1674.65,ETH-26JUN26,1673.64,0.85675,1673.72,26JUN26,3100,,P,ETH-26JUN26-3100-P
,0.0001,1768.0,0.0,1780645800016,0.0,117.59,1674.62,ETH-26JUN26,1673.64,,1673.72,26JUN26,8000,,C,ETH-26JUN26-8000-C
,0.0048,2058.0,0.0,1780645800016,1100.0,162.64,1668.17,ETH-5JUN26,1668.91,,1673.72,5JUN26,1950,,C,ETH-5JUN26-1950-C
0.2255,0.231,2003.0,0.228391,1780645800016,605.0,162.64,1668.54,ETH-5JUN26,1668.91,0.22825,1673.72,5JUN26,2050,,P,ETH-5JUN26-2050-P
0.007,,121.0,0.041495,1780645800016,122.0,83.34,1673.64,index_price,1673.64,,1673.72,7JUN26,1625,,C,ETH-7JUN26-1625-C
0.0012,0.0017,741.0,0.001445,1780645800016,0.0,68.96,1677.35,ETH-31JUL26,1673.64,0.00145,1673.72,31JUL26,3100,,C,ETH-31JUL26-3100-C
3.014,3.348,0.0,3.179953,1780645800016,0.0,117.59,1674.62,ETH-26JUN26,1673.64,3.181,1673.72,26JUN26,7000,,P,ETH-26JUN26-7000-P
0.012,0.013,255.0,0.012898,1780645800016,255.0,68.91,1673.64,index_price,1673.64,0.0125,1673.72,8JUN26,1725,,C,ETH-8JUN26-1725-C
0.015,0.016,324.0,0.01551,1780645800016,465.0,77.53,1673.64,index_price,1673.64,0.0155,1673.72,8JUN26,1625,,P,ETH-8JUN26-1625-P
0.0023,0.0028,266.0,0.002663,1780645800016,393.0,93.44,1673.67,index_price,1673.64,0.00255,1673.72,6JUN26,1775,,C,ETH-6JUN26-1775-C
0.508,0.7495,112.0,0.524422,1780645800016,0.0,60.54,1677.38,ETH-31JUL26,1673.64,0.62875,1673.72,31JUL26,2550,,P,ETH-31JUL26-2550-P
0.062,0.0635,35.0,0.062842,1780645800016,37.0,60.09,1681.21,ETH-28AUG26,1673.64,0.06275,1673.72,28AUG26,1500,,P,ETH-28AUG26-1500-P
0.052,0.0555,277.0,0.054448,1780645800016,567.0,68.63,1673.64,index_price,1673.64,0.05375,1673.72,8JUN26,1750,,P,ETH-8JUN26-1750-P
,0.0002,690.0,9.5e-05,1780645800016,0.0,160.08,1673.67,index_price,1673.64,,1673.72,6JUN26,2100,,C,ETH-6JUN26-2100-C
0.0655,0.067,16613.0,0.066423,1780645800016,10898.0,60.77,1674.65,ETH-26JUN26,1673.64,0.06625,1673.72,26JUN26,1700,,P,ETH-26JUN26-1700-P
,0.0004,4116.0,0.0,1780645800016,1370.0,162.64,1668.17,ETH-5JUN26,1668.91,,1673.72,5JUN26,1925,,C,ETH-5JUN26-1925-C
1.1795,1.363,1241.0,1.269225,1780645800016,10.0,110.39,1674.65,ETH-26JUN26,1673.64,1.27125,1673.72,26JUN26,3800,,P,ETH-26JUN26-3800-P
0.0325,0.034,418.0,0.033781,1780645800016,105.0,55.74,1681.18,ETH-28AUG26,1673.64,0.03325,1673.72,28AUG26,2100,,C,ETH-28AUG26-2100-C
,0.0006,1518.0,1.6e-05,1780645800016,0.0,79.21,1685.24,ETH-25SEP26,1673.64,,1673.72,25SEP26,9000,,C,ETH-25SEP26-9000-C
,0.0002,1926.0,9.6e-05,1780645800016,211.0,137.36,1673.67,index_price,1673.64,,1673.72,6JUN26,2025,,C,ETH-6JUN26-2025-C
,0.0001,6547.0,0.0,1780645800016,0.0,117.59,1674.65,ETH-26JUN26,1673.64,,1673.72,26JUN26,6000,,C,ETH-26JUN26-6000-C
0.043,0.0445,580.0,0.044321,1780645800016,42.0,60.13,1716.85,ETH-26MAR27,1673.64,0.04375,1673.72,26MAR27,3200,,C,ETH-26MAR27-3200-C
0.0085,0.1805,50.0,0.094615,1780645800016,50.0,94.41,1673.64,index_price,1673.64,0.0945,1673.72,8JUN26,1525,,C,ETH-8JUN26-1525-C
0.0585,0.06,224.0,0.059368,1780645800016,268.0,56.45,1677.35,ETH-31JUL26,1673.64,0.05925,1673.72,31JUL26,1800,,C,ETH-31JUL26-1800-C
0.01,0.011,3117.0,0.010542,1780645800016,1097.0,61.23,1700.57,ETH-25DEC26,1673.64,0.0105,1673.72,25DEC26,3800,,C,ETH-25DEC26-3800-C
0.0005,0.001,1805.0,0.000752,1780645800016,0.0,70.67,1685.21,ETH-25SEP26,1673.64,0.00075,1673.72,25SEP26,4800,,C,ETH-25SEP26-4800-C
0.0985,0.1015,293.0,0.100412,1780645800016,85.0,59.65,1716.85,ETH-26MAR27,1673.64,0.1,1673.72,26MAR27,2400,,C,ETH-26MAR27-2400-C
1.2545,,0.0,1.352169,1780645800016,0.0,61.53,1716.85,ETH-26MAR27,1673.64,,1673.72,26MAR27,4000,,P,ETH-26MAR27-4000-P
0.3005,0.3765,0.0,0.316347,1780645800016,0.0,170.01,1673.67,index_price,1673.64,0.3385,1673.72,6JUN26,2200,,P,ETH-6JUN26-2200-P
0.252,0.2595,1085.0,0.255891,1780645800016,87.0,84.49,1673.54,ETH-12JUN26,1673.64,0.25575,1673.72,12JUN26,2100,,P,ETH-12JUN26-2100-P
0.021,0.0225,24.0,0.021906,1780645800016,23.0,68.6,1681.18,ETH-28AUG26,1673.64,0.02175,1673.72,28AUG26,1200,,P,ETH-28AUG26-1200-P
0.0015,0.0022,12767.0,0.001818,1780645800016,13.0,66.63,1685.24,ETH-25SEP26,1673.64,0.00185,1673.72,25SEP26,4000,,C,ETH-25SEP26-4000-C
0.047,0.0485,3105.0,0.048586,1780645800016,0.0,56.08,1685.21,ETH-25SEP26,1673.64,0.04775,1673.72,25SEP26,2100,,C,ETH-25SEP26-2100-C
0.0145,0.016,5617.0,0.015363,1780645800016,5416.0,59.03,1674.62,ETH-26JUN26,1673.64,0.01525,1673.72,26JUN26,1900,,C,ETH-26JUN26-1900-C
0.511,0.5335,1087.0,0.523295,1780645800016,2.0,58.17,1700.57,ETH-25DEC26,1673.64,0.52225,1673.72,25DEC26,2500,,P,ETH-25DEC26-2500-P
0.039,0.0435,0.0,0.041256,1780645800016,0.0,178.55,1668.54,ETH-5JUN26,1668.91,0.04125,1673.72,5JUN26,1600,,C,ETH-5JUN26-1600-C
0.0011,0.0014,73314.0,0.001272,1780645800016,138.0,77.64,1674.65,ETH-26JUN26,1673.64,0.00125,1673.72,26JUN26,2500,,C,ETH-26JUN26-2500-C
0.0015,0.0018,16849.0,0.001668,1780645800016,60.0,73.97,1674.65,ETH-26JUN26,1673.64,0.00165,1673.72,26JUN26,2400,,C,ETH-26JUN26-2400-C
0.2665,0.2755,765.0,0.271554,1780645800016,4.0,56.39,1677.38,ETH-31JUL26,1673.64,0.271,1673.72,31JUL26,2100,,P,ETH-31JUL26-2100-P
0.0007,0.001,1009.0,0.000858,1780645800016,87.0,83.57,1673.64,index_price,1673.64,0.00085,1673.72,7JUN26,1875,,C,ETH-7JUN26-1875-C
1.5935,,0.0,1.693681,1780645800016,0.0,62.68,1716.85,ETH-26MAR27,1673.64,,1673.72,26MAR27,4600,,P,ETH-26MAR27-4600-P
1.09,,0.0,1.183538,1780645800016,0.0,60.95,1716.85,ETH-26MAR27,1673.64,,1673.72,26MAR27,3700,,P,ETH-26MAR27-3700-P
,0.0001,5490.0,0.0,1780645800016,0.0,162.65,1668.54,ETH-5JUN26,1668.91,,1673.72,5JUN26,2300,,C,ETH-5JUN26-2300-C
0.174,0.177,71.0,0.17504,1780645800016,0.0,59.26,1700.57,ETH-25DEC26,1673.64,0.1755,1673.72,25DEC26,1700,,C,ETH-25DEC26-1700-C
0.397,0.4135,964.0,0.406075,1780645800016,7.0,59.65,1716.85,ETH-26MAR27,1673.64,0.40525,1673.72,26MAR27,2200,,P,ETH-26MAR27-2200-P
0.0002,0.0005,3181.0,0.000274,1780645800016,750.0,75.82,1685.21,ETH-25SEP26,1673.64,0.00035,1673.72,25SEP26,6000,,C,ETH-25SEP26-6000-C
0.099,0.101,21.0,0.100149,1780645800016,135.0,57.77,1681.18,ETH-28AUG26,1673.64,0.1,1673.72,28AUG26,1650,,P,ETH-28AUG26-1650-P
,0.0002,282.0,5e-06,1780645800016,0.0,170.01,1673.67,index_price,1673.64,,1673.72,6JUN26,2300,,C,ETH-6JUN26-2300-C
0.8875,0.915,251.0,0.90228,1780645800016,0.0,59.37,1700.6,ETH-25DEC26,1673.64,0.90125,1673.72,25DEC26,3200,,P,ETH-25DEC26-3200-P
0.0003,0.0007,1174.0,0.000396,1780645800016,0.0,72.71,1685.24,ETH-25SEP26,1673.64,0.0005,1673.72,25SEP26,5400,,C,ETH-25SEP26-5400-C
0.0002,0.0006,1691.0,0.000368,1780645800016,0.0,76.81,1700.57,ETH-25DEC26,1673.64,0.0004,1673.72,25DEC26,10000,,C,ETH-25DEC26-10000-C
0.0335,0.0345,307.0,0.034673,1780645800016,29.0,56.12,1677.35,ETH-31JUL26,1673.64,0.034,1673.72,31JUL26,1950,,C,ETH-31JUL26-1950-C
0.0965,0.098,976.0,0.097112,1780645800016,453.0,57.54,1677.35,ETH-31JUL26,1673.64,0.09725,1673.72,31JUL26,1700,,P,ETH-31JUL26-1700-P
0.021,0.196,50.0,0.108559,1780645800016,50.0,100.18,1673.64,index_price,1673.64,0.1085,1673.72,8JUN26,1500,,C,ETH-8JUN26-1500-C
0.0034,0.0041,23.0,0.003718,1780645800016,1.0,61.64,1681.21,ETH-28AUG26,1673.64,0.00375,1673.72,28AUG26,3000,,C,ETH-28AUG26-3000-C
1.7365,1.9785,110.0,1.848301,1780645800016,0.0,70.67,1685.24,ETH-25SEP26,1673.64,1.8575,1673.72,25SEP26,4800,,P,ETH-25SEP26-4800-P
0.028,0.0295,37.0,0.029262,1780645800016,34.0,55.84,1681.18,ETH-28AUG26,1673.64,0.02875,1673.72,28AUG26,2150,,C,ETH-28AUG26-2150-C
2.107,2.3905,0.0,2.236943,1780645800016,0.0,66.99,1700.57,ETH-25DEC26,1673.64,2.24875,1673.72,25DEC26,5500,,P,ETH-25DEC26-5500-P
0.2855,0.2915,680.0,0.288312,1780645800016,146.0,162.64,1668.17,ETH-5JUN26,1668.91,0.2885,1673.72,5JUN26,2150,,P,ETH-5JUN26-2150-P
0.0012,0.0018,2458.0,0.001472,1780645800016,7.0,67.93,1685.21,ETH-25SEP26,1673.64,0.0015,1673.72,25SEP26,4200,,C,ETH-25SEP26-4200-C
0.483,0.7135,0.0,0.497938,1780645800016,0.0,57.09,1681.18,ETH-28AUG26,1673.64,0.59825,1673.72,28AUG26,2500,,P,ETH-28AUG26-2500-P
2.8995,3.224,1.0,3.060526,1780645800016,0.0,117.59,1674.62,ETH-26JUN26,1673.64,3.06175,1673.72,26JUN26,6800,,P,ETH-26JUN26-6800-P
0.0039,0.0043,0.0,0.003921,1780645800017,0.0,124.8,1673.67,index_price,1673.64,0.0041,1673.72,6JUN26,1550,,P,ETH-6JUN26-1550-P
0.024,0.0285,2.0,0.026276,1780645800017,4.0,136.88,1668.17,ETH-5JUN26,1668.91,0.02625,1673.72,5JUN26,1625,,C,ETH-5JUN26-1625-C
0.168,0.1705,95.0,0.169301,1780645800017,78.0,55.94,1681.21,ETH-28AUG26,1673.64,0.16925,1673.72,28AUG26,1850,,P,ETH-28AUG26-1850-P
2.0895,,0.0,2.21184,1780645800017,0.0,64.59,1716.85,ETH-26MAR27,1673.64,,1673.72,26MAR27,5500,,P,ETH-26MAR27-5500-P
0.305,0.394,54.0,0.306775,1780645800017,0.0,62.94,1716.85,ETH-26MAR27,1673.64,0.3495,1673.72,26MAR27,1400,,C,ETH-26MAR27-1400-C
0.3705,0.3785,24.0,0.374319,1780645800017,24.0,99.52,1673.92,ETH-12JUN26,1673.64,0.3745,1673.72,12JUN26,2300,,P,ETH-12JUN26-2300-P
,0.0001,3517.0,0.0,1780645800017,3276.0,162.64,1668.54,ETH-5JUN26,1668.91,,1673.72,5JUN26,1900,,C,ETH-5JUN26-1900-C
0.0335,0.035,413.0,0.034382,1780645800017,413.0,74.3,1673.64,index_price,1673.64,0.03425,1673.72,8JUN26,1650,,C,ETH-8JUN26-1650-C
0.075,0.081,690.0,0.078039,1780645800017,10.0,74.21,1673.64,index_price,1673.64,0.078,1673.72,7JUN26,1800,,P,ETH-7JUN26-1800-P
,0.0001,1152.0,7e-06,1780645800017,0.0,115.05,1674.65,ETH-26JUN26,1673.64,,1673.72,26JUN26,4800,,C,ETH-26JUN26-4800-C
,0.0002,8037.0,0.000173,1780645800017,9.0,108.2,1674.65,ETH-26JUN26,1673.64,,1673.72,26JUN26,3600,,C,ETH-26JUN26-3600-C
0.0046,0.0055,1975.0,0.005002,1780645800017,705.0,64.6,1673.71,ETH-19JUN26,1673.64,0.00505,1673.72,19JUN26,2000,,C,ETH-19JUN26-2000-C
0.1095,0.1145,3005.0,0.112371,1780645800017,321.0,68.17,1673.92,ETH-12JUN26,1673.64,0.112,1673.72,12JUN26,1850,,P,ETH-12JUN26-1850-P
0.0435,0.046,315.0,0.044607,1780645800017,315.0,77.53,1673.64,index_price,1673.64,0.04475,1673.72,8JUN26,1625,,C,ETH-8JUN26-1625-C
0.3755,0.3855,2742.0,0.380339,1780645800017,9.0,57.27,1677.35,ETH-31JUL26,1673.64,0.3805,1673.72,31JUL26,2300,,P,ETH-31JUL26-2300-P
0.175,0.1795,907.0,0.177892,1780645800017,3.0,61.57,1716.85,ETH-26MAR27,1673.64,0.17725,1673.72,26MAR27,1600,,P,ETH-26MAR27-1600-P
1.581,1.805,403.0,1.687131,1780645800017,0.0,114.85,1674.65,ETH-26JUN26,1673.64,1.693,1673.72,26JUN26,4500,,P,ETH-26JUN26-4500-P
1.0645,1.2465,2590.0,1.149863,1780645800017,20.0,108.2,1674.65,ETH-26JUN26,1673.64,1.1555,1673.72,26JUN26,3600,,P,ETH-26JUN26-3600-P
0.052,0.054,21356.0,0.053217,1780645800017,11.0,58.17,1700.57,ETH-25DEC26,1673.64,0.053,1673.72,25DEC26,2500,,C,ETH-25DEC26-2500-C
0.0065,0.0075,5669.0,0.006942,1780645800017,1.0,58.53,1677.35,ETH-31JUL26,1673.64,0.007,1673.72,31JUL26,2400,,C,ETH-31JUL26-2400-C
0.1095,0.172,116.0,0.121244,1780645800017,0.0,83.57,1673.64,index_price,1673.64,0.14075,1673.72,7JUN26,1875,,P,ETH-7JUN26-1875-P
0.4865,0.506,360.0,0.498305,1780645800017,11.0,59.65,1716.85,ETH-26MAR27,1673.64,0.49625,1673.72,26MAR27,2400,,P,ETH-26MAR27-2400-P
0.0155,0.017,263.0,0.016172,1780645800017,21.0,56.08,1681.18,ETH-28AUG26,1673.64,0.01625,1673.72,28AUG26,2350,,C,ETH-28AUG26-2350-C
0.073,0.0745,0.0,0.073971,1780645800017,0.0,59.26,1681.21,ETH-28AUG26,1673.64,0.07375,1673.72,28AUG26,1550,,P,ETH-28AUG26-1550-P
0.4035,0.4145,471.0,0.408687,1780645800017,12.0,57.76,1677.35,ETH-31JUL26,1673.64,0.409,1673.72,31JUL26,2350,,P,ETH-31JUL26-2350-P
0.171,0.175,2479.0,0.174201,1780645800017,189.0,56.24,1677.38,ETH-31JUL26,1673.64,0.173,1673.72,31JUL26,1900,,P,ETH-31JUL26-1900-P
2.671,2.9885,31.0,2.821671,1780645800017,0.0,117.59,1674.65,ETH-26JUN26,1673.64,2.82975,1673.72,26JUN26,6400,,P,ETH-26JUN26-6400-P
0.0055,0.006,11360.0,0.0057,1780645800017,794.0,93.42,1674.65,ETH-26JUN26,1673.64,0.00575,1673.72,26JUN26,1200,,P,ETH-26JUN26-1200-P
2.3885,2.7175,0.0,2.53024,1780645800017,0.0,68.45,1700.57,ETH-25DEC26,1673.64,2.553,1673.72,25DEC26,6000,,P,ETH-25DEC26-6000-P
0.218,0.221,74.0,0.219642,1780645800017,22.0,61.01,1716.85,ETH-26MAR27,1673.64,0.2195,1673.72,26MAR27,1700,,C,ETH-26MAR27-1700-C
0.0029,0.0035,4425.0,0.003163,1780645800017,0.0,62.89,1677.35,ETH-31JUL26,1673.64,0.0032,1673.72,31JUL26,2700,,C,ETH-31JUL26-2700-C
,,50.0,0.065854,1780645800017,50.0,93.06,1673.64,index_price,1673.64,,1673.72,7JUN26,1575,,C,ETH-7JUN26-1575-C
0.2415,0.2525,12923.0,0.248087,1780645800017,52.0,56.17,1685.24,ETH-25SEP26,1673.64,0.247,1673.72,25SEP26,2000,,P,ETH-25SEP26-2000-P
1.171,1.3815,0.0,1.261436,1780645800017,0.0,69.49,1681.21,ETH-28AUG26,1673.64,1.27625,1673.72,28AUG26,3800,,P,ETH-28AUG26-3800-P
0.091,0.093,10202.0,0.091981,1780645800017,1030.0,61.78,1700.57,ETH-25DEC26,1673.64,0.092,1673.72,25DEC26,1400,,P,ETH-25DEC26-1400-P
0.033,0.0345,385.0,0.033881,1780645800017,832.0,69.2,1673.64,index_price,1673.64,0.03375,1673.72,8JUN26,1700,,P,ETH-8JUN26-1700-P
0.1525,,2.0,0.165629,1780645800017,0.0,95.75,1673.64,index_price,1673.64,,1673.72,7JUN26,1950,,P,ETH-7JUN26-1950-P
,0.0001,45168.0,1e-06,1780645800017,0.0,117.59,1674.65,ETH-26JUN26,1673.64,,1673.72,26JUN26,5500,,C,ETH-26JUN26-5500-C
0.059,0.0605,401.0,0.060148,1780645800017,50.0,55.94,1681.21,ETH-28AUG26,1673.64,0.05975,1673.72,28AUG26,1900,,C,ETH-28AUG26-1900-C
0.0105,0.012,131.0,0.011302,1780645800017,144.0,101.67,1668.17,ETH-5JUN26,1668.91,0.01125,1673.72,5JUN26,1650,,C,ETH-5JUN26-1650-C
2.785,3.1,0.0,2.941099,1780645800017,0.0,117.59,1674.65,ETH-26JUN26,1673.64,2.9425,1673.72,26JUN26,6600,,P,ETH-26JUN26-6600-P
0.018,0.0195,686.0,0.018706,1780645800017,75.0,55.95,1681.18,ETH-28AUG26,1673.64,0.01875,1673.72,28AUG26,2300,,C,ETH-28AUG26-2300-C
0.1645,0.1665,3919.0,0.165758,1780645800017,230.0,56.72,1685.24,ETH-25SEP26,1673.64,0.1655,1673.72,25SEP26,1800,,P,ETH-25SEP26-1800-P
4.082,4.51,0.0,4.292718,1780645800017,0.0,73.98,1700.57,ETH-25DEC26,1673.64,4.296,1673.72,25DEC26,9000,,P,ETH-25DEC26-9000-P
2.0975,2.3655,15.0,2.224537,1780645800017,0.0,117.59,1674.65,ETH-26JUN26,1673.64,2.2315,1673.72,26JUN26,5400,,P,ETH-26JUN26-5400-P
,0.0003,1093.0,0.000184,1780645800017,616.0,130.72,1673.67,index_price,1673.64,,1673.72,6JUN26,1975,,C,ETH-6JUN26-1975-C
0.492,0.6365,0.0,0.553669,1780645800017,0.0,92.47,1673.71,ETH-19JUN26,1673.64,0.56425,1673.72,19JUN26,2600,,P,ETH-19JUN26-2600-P
0.0049,0.0055,8799.0,0.005231,1780645800017,0.0,64.1,1700.57,ETH-25DEC26,1673.64,0.0052,1673.72,25DEC26,4600,,C,ETH-25DEC26-4600-C
4.647,5.1215,0.0,4.88068,1780645800017,0.0,76.81,1700.57,ETH-25DEC26,1673.64,4.88425,1673.72,25DEC26,10000,,P,ETH-25DEC26-10000-P
,,0.0,0.908178,1780645800017,0.0,60.13,1716.85,ETH-26MAR27,1673.64,,1673.72,26MAR27,3200,,P,ETH-26MAR27-3200-P
0.0795,0.082,1302.0,0.081022,1780645800017,47.0,59.66,1716.85,ETH-26MAR27,1673.64,0.08075,1673.72,26MAR27,2600,,C,ETH-26MAR27-2600-C
0.018,0.0195,4855.0,0.018829,1780645800017,363.0,56.56,1685.21,ETH-25SEP26,1673.64,0.01875,1673.72,25SEP26,2500,,C,ETH-25SEP26-2500-C
0.0115,0.0125,1479.0,0.012001,1780645800017,1632.0,91.72,1673.67,index_price,1673.64,0.012,1673.72,6JUN26,1700,,C,ETH-6JUN26-1700-C
0.5505,0.5655,8354.0,0.557584,1780645800017,1.0,57.02,1685.24,ETH-25SEP26,1673.64,0.558,1673.72,25SEP26,2600,,P,ETH-25SEP26-2600-P
0.489,0.499,5121.0,0.494112,1780645800017,1.0,77.64,1674.62,ETH-26JUN26,1673.64,0.494,1673.72,26JUN26,2500,,P,ETH-26JUN26-2500-P
0.121,0.1265,938.0,0.123528,1780645800017,1.0,162.41,1668.17,ETH-5JUN26,1668.91,0.12375,1673.72,5JUN26,1875,,P,ETH-5JUN26-1875-P
,0.0002,800.0,7.2e-05,1780645800017,400.0,170.01,1673.67,index_price,1673.64,,1673.72,6JUN26,2150,,C,ETH-6JUN26-2150-C
,0.0001,2198.0,0.0,1780645800017,0.0,117.59,1674.62,ETH-26JUN26,1673.64,,1673.72,26JUN26,7400,,C,ETH-26JUN26-7400-C
0.423,0.638,110.0,0.43743,1780645800017,0.0,58.53,1677.38,ETH-31JUL26,1673.64,0.5305,1673.72,31JUL26,2400,,P,ETH-31JUL26-2400-P
0.0405,0.0415,1046.0,0.041732,1780645800017,17.0,56.24,1677.35,ETH-31JUL26,1673.64,0.041,1673.72,31JUL26,1900,,C,ETH-31JUL26-1900-C
0.374,0.5655,6.0,0.38676,1780645800017,0.0,55.95,1681.21,ETH-28AUG26,1673.64,0.46975,1673.72,28AUG26,2300,,P,ETH-28AUG26-2300-P
0.0007,0.001,2433.0,0.000768,1780645800017,0.0,73.16,1700.6,ETH-25DEC26,1673.64,0.00085,1673.72,25DEC26,8000,,C,ETH-25DEC26-8000-C
0.241,0.31,0.0,0.255023,1780645800017,0.0,121.49,1673.64,index_price,1673.64,0.2755,1673.72,7JUN26,2100,,P,ETH-7JUN26-2100-P
2.5555,2.852,18.0,2.702244,1780645800017,0.0,117.59,1674.62,ETH-26JUN26,1673.64,2.70375,1673.72,26JUN26,6200,,P,ETH-26JUN26-6200-P
1.008,1.1845,3248.0,1.090148,1780645800017,2.0,104.64,1674.62,ETH-26JUN26,1673.64,1.09625,1673.72,26JUN26,3500,,P,ETH-26JUN26-3500-P
,,0.0,0.846183,1780645800017,0.0,59.09,1700.6,ETH-25DEC26,1673.64,,1673.72,25DEC26,3100,,P,ETH-25DEC26-3100-P
0.0065,0.007,1079.0,0.006835,1780645800017,246.0,62.77,1673.68,ETH-19JUN26,1673.64,0.00675,1673.72,19JUN26,1950,,C,ETH-19JUN26-1950-C
,0.0001,963.0,0.0,1780645800017,0.0,117.59,1674.65,ETH-26JUN26,1673.64,,1673.72,26JUN26,7200,,C,ETH-26JUN26-7200-C
0.0013,0.0019,1807.0,0.00158,1780645800017,0.0,69.88,1700.6,ETH-25DEC26,1673.64,0.0016,1673.72,25DEC26,6500,,C,ETH-25DEC26-6500-C
0.15,0.1535,914.0,0.152725,1780645800017,490.0,56.44,1677.35,ETH-31JUL26,1673.64,0.15175,1673.72,31JUL26,1850,,P,ETH-31JUL26-1850-P
0.0255,0.027,927.0,0.026194,1780645800017,105.0,61.14,1716.85,ETH-26MAR27,1673.64,0.02625,1673.72,26MAR27,3800,,C,ETH-26MAR27-3800-C
0.0305,0.0315,175.0,0.030982,1780645800017,126.0,79.27,1673.64,index_price,1673.64,0.031,1673.72,7JUN26,1650,,C,ETH-7JUN26-1650-C
0.0001,0.0005,987.0,0.000239,1780645800017,0.0,83.46,1677.38,ETH-31JUL26,1673.64,0.0003,1673.72,31JUL26,4400,,C,ETH-31JUL26-4400-C
0.0755,0.0775,7991.0,0.076702,1780645800017,1046.0,59.75,1685.24,ETH-25SEP26,1673.64,0.0765,1673.72,25SEP26,1500,,P,ETH-25SEP26-1500-P
0.2405,0.25,510.0,0.245819,1780645800017,1.0,56.24,1677.35,ETH-31JUL26,1673.64,0.24525,1673.72,31JUL26,2050,,P,ETH-31JUL26-2050-P
0.0003,0.0006,3973.0,0.000421,1780645800017,442.0,116.27,1673.67,index_price,1673.64,0.00045,1673.72,6JUN26,1900,,C,ETH-6JUN26-1900-C
0.461,0.4815,1726.0,0.473019,1780645800017,20.0,58.17,1700.6,ETH-25DEC26,1673.64,0.47125,1673.72,25DEC26,2400,,P,ETH-25DEC26-2400-P
1.1755,1.3835,0.0,1.265432,1780645800017,0.0,77.54,1677.35,ETH-31JUL26,1673.64,1.2795,1673.72,31JUL26,3800,,P,ETH-31JUL26-3800-P
0.0006,0.0009,3372.0,0.000723,1780645800017,49.0,96.3,1673.92,ETH-12JUN26,1673.64,0.00075,1673.72,12JUN26,2250,,C,ETH-12JUN26-2250-C
0.023,0.024,1418.0,0.023712,1780645800017,1555.0,70.09,1673.68,ETH-19JUN26,1673.64,0.0235,1673.72,19JUN26,1550,,P,ETH-19JUN26-1550-P
0.9505,1.1215,5651.0,1.030412,1780645800017,0.0,99.75,1674.65,ETH-26JUN26,1673.64,1.036,1673.72,26JUN26,3400,,P,ETH-26JUN26-3400-P
0.1105,0.26,0.0,0.121618,1780645800017,0.0,74.18,1673.64,index_price,1673.64,0.18525,1673.72,8JUN26,1875,,P,ETH-8JUN26-1875-P
0.4405,0.4585,1576.0,0.451514,1780645800017,0.0,59.65,1716.85,ETH-26MAR27,1673.64,0.4495,1673.72,26MAR27,2300,,P,ETH-26MAR27-2300-P
0.124,0.2345,212.0,0.127715,1780645800017,18.0,68.64,1674.62,ETH-26JUN26,1673.64,0.17925,1673.72,26JUN26,1500,,C,ETH-26JUN26-1500-C
0.2075,0.212,1203.0,0.209816,1780645800017,14.0,61.01,1716.85,ETH-26MAR27,1673.64,0.20975,1673.72,26MAR27,1700,,P,ETH-26MAR27-1700-P
0.098,0.0995,50.0,0.098669,1780645800017,50.0,58.3,1677.38,ETH-31JUL26,1673.64,0.09875,1673.72,31JUL26,1650,,C,ETH-31JUL26-1650-C
0.182,0.2485,0.0,0.196749,1780645800017,0.0,129.7,1673.67,index_price,1673.64,0.21525,1673.72,6JUN26,2000,,P,ETH-6JUN26-2000-P
,0.0004,1351.0,8e-06,1780645800017,0.0,88.05,1685.24,ETH-25SEP26,1673.64,,1673.72,25SEP26,12000,,C,ETH-25SEP26-12000-C
0.208,0.264,50.0,0.212031,1780645800017,0.0,62.27,1681.18,ETH-28AUG26,1673.64,0.236,1673.72,28AUG26,1400,,C,ETH-28AUG26-1400-C
,0.0001,8242.0,0.0,1780645800017,2.0,162.64,1668.17,ETH-5JUN26,1668.91,,1673.72,5JUN26,2100,,C,ETH-5JUN26-2100-C
0.005,0.006,437.0,0.005448,1780645800017,0.0,59.61,1681.21,ETH-28AUG26,1673.64,0.0055,1673.72,28AUG26,2800,,C,ETH-28AUG26-2800-C
0.0165,0.0175,539.0,0.016922,1780645800017,146.0,79.27,1673.64,index_price,1673.64,0.017,1673.72,7JUN26,1650,,P,ETH-7JUN26-1650-P
,,5.0,1.465458,1780645800017,0.0,61.89,1716.85,ETH-26MAR27,1673.64,,1673.72,26MAR27,4200,,P,ETH-26MAR27-4200-P
,0.0001,1888.0,0.0,1780645800017,0.0,117.59,1674.65,ETH-26JUN26,1673.64,,1673.72,26JUN26,6600,,C,ETH-26JUN26-6600-C
0.068,0.0695,13345.0,0.068799,1780645800017,1349.0,59.15,1677.35,ETH-31JUL26,1673.64,0.06875,1673.72,31JUL26,1600,,P,ETH-31JUL26-1600-P
0.0002,0.0006,4884.0,0.000358,1780645800017,0.0,75.82,1685.24,ETH-25SEP26,1673.64,0.0004,1673.72,25SEP26,5800,,C,ETH-25SEP26-5800-C
0.1285,0.131,232.0,0.129658,1780645800017,165.0,58.4,1700.57,ETH-25DEC26,1673.64,0.12975,1673.72,25DEC26,1900,,C,ETH-25DEC26-1900-C
0.093,0.279,0.0,0.136253,1780645800017,0.0,77.25,1673.64,index_price,1673.64,0.186,1673.72,8JUN26,1900,,P,ETH-8JUN26-1900-P
0.1645,0.1715,2311.0,0.167675,1780645800017,28.0,72.18,1673.92,ETH-12JUN26,1673.64,0.168,1673.72,12JUN26,1950,,P,ETH-12JUN26-1950-P
0.0465,0.0485,6342.0,0.047242,1780645800017,176.0,68.32,1716.85,ETH-26MAR27,1673.64,0.0475,1673.72,26MAR27,1000,,P,ETH-26MAR27-1000-P
0.0003,0.0005,650.0,0.000363,1780645800017,38.0,100.21,1673.64,index_price,1673.64,0.0004,1673.72,7JUN26,1975,,C,ETH-7JUN26-1975-C
0.084,0.0855,2089.0,0.08451,1780645800017,1.0,63.75,1674.62,ETH-26JUN26,1673.64,0.08475,1673.72,26JUN26,1600,,C,ETH-26JUN26-1600-C
0.3475,0.3575,717.0,0.352489,1780645800017,0.0,57.05,1677.38,ETH-31JUL26,1673.64,0.3525,1673.72,31JUL26,2250,,P,ETH-31JUL26-2250-P
0.017,0.018,603.0,0.017543,1780645800017,13.0,73.64,1673.68,ETH-19JUN26,1673.64,0.0175,1673.72,19JUN26,1500,,P,ETH-19JUN26-1500-P
0.09,0.092,128.0,0.091096,1780645800017,82.0,56.68,1681.21,ETH-28AUG26,1673.64,0.091,1673.72,28AUG26,1750,,C,ETH-28AUG26-1750-C
,0.0001,7410.0,4.8e-05,1780645800017,0.0,114.81,1674.65,ETH-26JUN26,1673.64,,1673.72,26JUN26,4200,,C,ETH-26JUN26-4200-C
3.301,3.659,0.0,3.478521,1780645800017,0.0,117.59,1674.65,ETH-26JUN26,1673.64,3.48,1673.72,26JUN26,7500,,P,ETH-26JUN26-7500-P
0.0055,0.0065,465.0,0.006424,1780645800017,510.0,73.3,1673.64,index_price,1673.64,0.006,1673.72,7JUN26,1750,,C,ETH-7JUN26-1750-C
0.0035,0.0041,447.0,0.00398,1780645800017,470.0,73.35,1673.64,index_price,1673.64,0.0038,1673.72,7JUN26,1775,,C,ETH-7JUN26-1775-C
,,8.0,0.696426,1780645800017,0.0,59.67,1716.88,ETH-26MAR27,1673.64,,1673.72,26MAR27,2800,,P,ETH-26MAR27-2800-P
0.06,0.062,11841.0,0.061744,1780645800017,21.0,58.17,1700.57,ETH-25DEC26,1673.64,0.061,1673.72,25DEC26,2400,,C,ETH-25DEC26-2400-C
0.0008,0.001,2937.0,0.000878,1780645800017,17.0,92.6,1673.92,ETH-12JUN26,1673.64,0.0009,1673.72,12JUN26,2200,,C,ETH-12JUN26-2200-C
0.173,0.1765,12337.0,0.174693,1780645800017,10000.0,59.26,1700.6,ETH-25DEC26,1673.64,0.17475,1673.72,25DEC26,1700,,P,ETH-25DEC26-1700-P
3.845,4.265,0.0,4.042561,1780645800017,0.0,79.18,1685.24,ETH-25SEP26,1673.64,4.055,1673.72,25SEP26,8500,,P,ETH-25SEP26-8500-P
1.982,2.241,360.0,2.105111,1780645800017,0.0,117.59,1674.65,ETH-26JUN26,1673.64,2.1115,1673.72,26JUN26,5200,,P,ETH-26JUN26-5200-P
1.52,1.7575,0.0,1.622799,1780645800018,0.0,83.46,1677.38,ETH-31JUL26,1673.64,1.63875,1673.72,31JUL26,4400,,P,ETH-31JUL26-4400-P
0.148,,0.0,0.195525,1780645800018,0.0,92.71,1673.64,index_price,1673.64,,1673.72,8JUN26,2000,,P,ETH-8JUN26-2000-P
,0.0001,17242.0,6e-06,1780645800018,0.0,117.5,1674.65,ETH-26JUN26,1673.64,,1673.72,26JUN26,5000,,C,ETH-26JUN26-5000-C
0.282,0.289,495.0,0.285473,1780645800018,182.0,88.12,1673.54,ETH-12JUN26,1673.64,0.2855,1673.72,12JUN26,2150,,P,ETH-12JUN26-2150-P
,,0.0,0.468077,1780645800018,0.0,162.65,1668.17,ETH-5JUN26,1668.91,,1673.72,5JUN26,2450,,P,ETH-5JUN26-2450-P
0.223,0.23,926.0,0.226036,1780645800018,0.0,79.88,1673.92,ETH-12JUN26,1673.64,0.2265,1673.72,12JUN26,2050,,P,ETH-12JUN26-2050-P
0.023,0.024,4883.0,0.023617,1780645800018,7.0,56.22,1685.21,ETH-25SEP26,1673.64,0.0235,1673.72,25SEP26,2400,,C,ETH-25SEP26-2400-C
0.058,0.0605,1351.0,0.059202,1780645800018,4.0,59.74,1716.88,ETH-26MAR27,1673.64,0.05925,1673.72,26MAR27,2900,,C,ETH-26MAR27-2900-C
0.0018,0.0024,10593.0,0.002053,1780645800018,5.0,68.45,1700.6,ETH-25DEC26,1673.64,0.0021,1673.72,25DEC26,6000,,C,ETH-25DEC26-6000-C
0.383,0.571,36.0,0.410834,1780645800018,0.0,85.79,1677.38,ETH-31JUL26,1673.64,0.477,1673.72,31JUL26,1000,,C,ETH-31JUL26-1000-C
0.118,0.1195,150.0,0.118719,1780645800018,100.0,57.77,1681.21,ETH-28AUG26,1673.64,0.11875,1673.72,28AUG26,1650,,C,ETH-28AUG26-1650-C
0.0955,0.137,50.0,0.097819,1780645800018,0.0,70.09,1673.71,ETH-19JUN26,1673.64,0.11625,1673.72,19JUN26,1550,,C,ETH-19JUN26-1550-C
0.0037,0.0043,3808.0,0.004001,1780645800018,0.0,61.33,1677.38,ETH-31JUL26,1673.64,0.004,1673.72,31JUL26,2600,,C,ETH-31JUL26-2600-C
0.085,0.089,6059.0,0.087586,1780645800018,925.0,67.73,1673.54,ETH-12JUN26,1673.64,0.087,1673.72,12JUN26,1800,,P,ETH-12JUN26-1800-P
0.0425,0.044,278.0,0.043556,1780645800018,501.0,65.02,1673.68,ETH-19JUN26,1673.64,0.04325,1673.72,19JUN26,1650,,P,ETH-19JUN26-1650-P
0.2645,0.3415,50.0,0.299331,1780645800018,50.0,73.46,1677.38,ETH-31JUL26,1673.64,0.303,1673.72,31JUL26,1200,,C,ETH-31JUL26-1200-C
0.0023,0.0028,6409.0,0.00256,1780645800018,111.0,64.5,1677.35,ETH-31JUL26,1673.64,0.00255,1673.72,31JUL26,2800,,C,ETH-31JUL26-2800-C
,0.0001,4978.0,1.8e-05,1780645800018,0.0,114.85,1674.62,ETH-26JUN26,1673.64,,1673.72,26JUN26,4500,,C,ETH-26JUN26-4500-C
