bid_price,ask_price,open_interest,mark_price,creation_timestamp_x,volume,mark_iv,underlying_price,underlying_index,estimated_delivery_price,mid_price,price_index,expiration_timestamp,strike,settlement_period,option_type,instrument_id
,0.0001,1223.8,0.0,1779961342010,4.2,69.97,73356.87,BTC-29MAY26,73360.58,,73362.07,29MAY26,96000,,C,BTC-29MAY26-96000-C
,0.0001,424.6,0.0,1779961342010,0.0,114.17,73356.87,BTC-29MAY26,73360.58,,73362.07,29MAY26,40000,,P,BTC-29MAY26-40000-P
0.01,0.0335,0.0,0.02909044,1779961342010,0.0,34.99,73360.04,index_price,73360.58,0.02175,73362.07,31MAY26,71500,,C,BTC-31MAY26-71500-C
0.111,0.114,371.2,0.11247668,1779961342010,0.8,34.46,73666.19,BTC-31JUL26,73360.58,0.1125,73362.07,31JUL26,80000,,P,BTC-31JUL26-80000-P
0.0445,0.0455,108.3,0.04492533,1779961342010,0.4,37.45,73666.19,BTC-31JUL26,73360.58,0.045,73362.07,31JUL26,71000,,P,BTC-31JUL26-71000-P
0.5545,0.5685,0.1,0.56165381,1779961342010,0.0,43.61,73666.19,BTC-31JUL26,73360.58,0.5615,73362.07,31JUL26,115000,,P,BTC-31JUL26-115000-P
0.019,0.0225,16.8,0.01998756,1779961342010,20.2,29.4,73360.04,index_price,73360.58,0.02075,73362.07,31MAY26,74500,,P,BTC-31MAY26-74500-P
0.0715,0.073,474.9,0.07220005,1779961342010,1.3,44.88,74657.45,BTC-25DEC26,73360.58,0.07225,73362.07,25DEC26,65000,,P,BTC-25DEC26-65000-P
,0.0001,478.2,0.0,1779961342010,0.0,96.07,73356.87,BTC-29MAY26,73360.58,,73362.07,29MAY26,52000,,P,BTC-29MAY26-52000-P
0.0165,0.017,391.8,0.01696559,1779961342010,8.6,34.03,73666.19,BTC-31JUL26,73360.58,0.01675,73362.07,31JUL26,83000,,C,BTC-31JUL26-83000-C
0.0975,0.1,13.7,0.09879673,1779961342010,0.1,38.44,73666.19,BTC-31JUL26,73360.58,0.09875,73362.07,31JUL26,69000,,C,BTC-31JUL26-69000-C
0.072,0.082,0.0,0.07687346,1779961342010,0.0,38.1,73360.04,index_price,73360.58,0.077,73362.07,31MAY26,79000,,P,BTC-31MAY26-79000-P
0.0085,0.0095,2.1,0.00895398,1779961342010,2.1,37.04,73392.07,BTC-5JUN26,73360.58,0.009,73362.07,5JUN26,71000,,P,BTC-5JUN26-71000-P
0.475,0.477,46.2,0.47616693,1779961342010,1.4,58.87,74658.06,BTC-25DEC26,73360.58,0.476,73362.07,25DEC26,40000,,C,BTC-25DEC26-40000-C
0.7975,0.8705,0.6,0.81392169,1779961342010,0.0,42.53,74658.06,BTC-25DEC26,73360.58,0.834,73362.07,25DEC26,135000,,P,BTC-25DEC26-135000-P
0.045,0.047,98.7,0.04607525,1779961342010,1.7,41.57,75305.81,BTC-26MAR27,73360.58,0.046,73362.07,26MAR27,105000,,C,BTC-26MAR27-105000-C
0.354,0.389,11.7,0.38497957,1779961342010,10.2,41.74,75305.64,BTC-26MAR27,73360.58,0.3715,73362.07,26MAR27,100000,,P,BTC-26MAR27-100000-P
0.0145,0.0155,0.0,0.01497513,1779961342010,0.0,45.44,73839.66,SYN.BTC-28AUG26,73360.58,0.015,73362.07,28AUG26,58000,,P,BTC-28AUG26-58000-P
0.1365,0.149,0.0,0.13948052,1779961342010,0.0,40.99,73666.19,BTC-31JUL26,73360.58,0.14275,73362.07,31JUL26,65000,,C,BTC-31JUL26-65000-C
0.1285,0.1385,0.0,0.13276175,1779961342010,0.0,35.54,73839.66,SYN.BTC-28AUG26,73360.58,0.1335,73362.07,28AUG26,81000,,P,BTC-28AUG26-81000-P
0.0003,0.0005,48.5,0.00042153,1779961342010,22.9,33.32,73360.04,index_price,73360.58,0.0004,73362.07,30MAY26,76500,,C,BTC-30MAY26-76500-C
0.1,0.1075,0.0,0.10414263,1779961342010,0.0,50.18,73360.04,index_price,73360.58,0.10375,73362.07,30MAY26,81000,,P,BTC-30MAY26-81000-P
0.184,0.199,0.1,0.19569671,1779961342010,0.0,96.06,73356.79,BTC-29MAY26,73360.58,0.1915,73362.07,29MAY26,59000,,C,BTC-29MAY26-59000-C
,0.0001,135.9,1e-08,1779961342010,0.0,99.84,73510.99,BTC-26JUN26,73360.58,,73362.07,26JUN26,320000,,C,BTC-26JUN26-320000-C
0.0006,0.0008,218.9,0.00070845,1779961342010,0.4,40.47,73510.99,BTC-26JUN26,73360.58,0.0007,73362.07,26JUN26,94000,,C,BTC-26JUN26-94000-C
0.1145,0.122,0.0,0.11774713,1779961342010,0.0,50.18,73360.04,index_price,73360.58,0.11825,73362.07,30MAY26,82000,,P,BTC-30MAY26-82000-P
0.8955,0.9125,23.1,0.90451389,1779961342010,0.0,70.25,73510.91,BTC-26JUN26,73360.58,0.904,73362.07,26JUN26,140000,,P,BTC-26JUN26-140000-P
0.0115,0.013,166.9,0.01229096,1779961342010,20.4,42.74,75305.81,BTC-26MAR27,73360.58,0.01225,73362.07,26MAR27,140000,,C,BTC-26MAR27-140000-C
1.038,1.1855,1.8,1.10854312,1779961342010,0.0,73.71,73510.99,BTC-26JUN26,73360.58,1.11175,73362.07,26JUN26,155000,,P,BTC-26JUN26-155000-P
0.0002,0.0004,1333.0,0.00026958,1779961342010,201.9,61.31,73356.79,BTC-29MAY26,73360.58,0.0003,73362.07,29MAY26,69000,,P,BTC-29MAY26-69000-P
0.026,0.0455,0.0,0.04191127,1779961342010,0.0,36.4,73372.558,SYN.BTC-1JUN26,73360.58,0.03575,73362.07,1JUN26,70500,,C,BTC-1JUN26-70500-C
0.2275,0.23,67.4,0.22871687,1779961342010,0.0,45.85,74658.06,BTC-25DEC26,73360.58,0.22875,73362.07,25DEC26,62000,,C,BTC-25DEC26-62000-C
0.0305,0.0315,2997.0,0.03095493,1779961342010,366.0,36.36,73510.99,BTC-26JUN26,73360.58,0.031,73362.07,26JUN26,72000,,P,BTC-26JUN26-72000-P
0.0095,0.01,4669.7,0.01002961,1779961342010,907.6,33.63,73510.99,BTC-26JUN26,73360.58,0.00975,73362.07,26JUN26,80000,,C,BTC-26JUN26-80000-C
0.0004,0.0007,1328.9,0.00054677,1779961342010,657.0,37.47,73411.15,BTC-12JUN26,73360.58,0.00055,73362.07,12JUN26,86000,,C,BTC-12JUN26-86000-C
0.1005,0.1035,1.1,0.10231341,1779961342010,1.0,45.83,73392.07,BTC-5JUN26,73360.58,0.102,73362.07,5JUN26,66000,,C,BTC-5JUN26-66000-C
0.4605,0.473,0.0,0.46688748,1779961342010,0.0,40.21,73666.19,BTC-31JUL26,73360.58,0.46675,73362.07,31JUL26,108000,,P,BTC-31JUL26-108000-P
0.595,0.597,97.8,0.59635663,1779961342010,0.0,74.68,74013.79,BTC-25SEP26,73360.58,0.596,73362.07,25SEP26,30000,,C,BTC-25SEP26-30000-C
0.0645,0.0655,4.5,0.06534465,1779961342010,0.3,36.57,73666.19,BTC-31JUL26,73360.58,0.065,73362.07,31JUL26,73000,,C,BTC-31JUL26-73000-C
0.04,0.0415,36.2,0.04083205,1779961342010,3.2,41.61,75305.64,BTC-26MAR27,73360.58,0.04075,73362.07,26MAR27,108000,,C,BTC-26MAR27-108000-C
0.5605,0.5705,290.4,0.56453983,1779961342010,0.2,56.55,73510.99,BTC-26JUN26,73360.58,0.5655,73362.07,26JUN26,115000,,P,BTC-26JUN26-115000-P
1.498,1.6785,5.8,1.58465162,1779961342010,0.0,77.96,73510.99,BTC-26JUN26,73360.58,1.58825,73362.07,26JUN26,190000,,P,BTC-26JUN26-190000-P
,0.0001,914.6,0.0,1779961342010,0.1,69.97,73356.79,BTC-29MAY26,73360.58,,73362.07,29MAY26,88000,,C,BTC-29MAY26-88000-C
0.0002,0.0007,352.6,0.00036284,1779961342010,0.0,52.15,74013.71,BTC-25SEP26,73360.58,0.00045,73362.07,25SEP26,170000,,C,BTC-25SEP26-170000-C
0.2465,0.2495,137.6,0.24784541,1779961342010,0.0,46.53,74658.06,BTC-25DEC26,73360.58,0.248,73362.07,25DEC26,60000,,C,BTC-25DEC26-60000-C
1.4805,1.6625,0.0,1.56732258,1779961342010,0.0,56.01,74013.79,BTC-25SEP26,73360.58,1.5715,73362.07,25SEP26,190000,,P,BTC-25SEP26-190000-P
0.0715,0.075,0.0,0.0735697,1779961342010,0.0,55.94,73360.04,index_price,73360.58,0.07325,73362.07,30MAY26,68000,,C,BTC-30MAY26-68000-C
0.0022,0.0023,1111.3,0.00212439,1779961342010,8.7,36.55,73666.19,BTC-31JUL26,73360.58,0.00225,73362.07,31JUL26,98000,,C,BTC-31JUL26-98000-C
0.08,0.0815,0.0,0.08043929,1779961342010,0.0,37.54,73839.66,SYN.BTC-28AUG26,73360.58,0.08075,73362.07,28AUG26,73000,,C,BTC-28AUG26-73000-C
0.0033,0.0037,99.3,0.00347166,1779961342010,2.6,44.58,73411.15,BTC-12JUN26,73360.58,0.0035,73362.07,12JUN26,65000,,P,BTC-12JUN26-65000-P
0.021,0.022,0.0,0.02133517,1779961342010,0.0,37.05,73461.03,SYN.BTC-19JUN26,73360.58,0.0215,73362.07,19JUN26,71000,,P,BTC-19JUN26-71000-P
,0.0001,200.1,7e-08,1779961342010,0.0,90.33,73510.99,BTC-26JUN26,73360.58,,73362.07,26JUN26,250000,,C,BTC-26JUN26-250000-C
,0.0001,297.4,7.3e-07,1779961342010,0.0,96.06,73356.87,BTC-29MAY26,73360.58,,73362.07,29MAY26,61000,,P,BTC-29MAY26-61000-P
0.0525,0.054,1213.2,0.05336882,1779961342010,0.8,49.07,75305.81,BTC-26MAR27,73360.58,0.05325,73362.07,26MAR27,55000,,P,BTC-26MAR27-55000-P
0.0145,0.015,95.1,0.01470392,1779961342010,0.4,34.08,73666.19,BTC-31JUL26,73360.58,0.01475,73362.07,31JUL26,84000,,C,BTC-31JUL26-84000-C
0.1155,0.1205,14.7,0.11779338,1779961342010,1.3,37.78,73392.07,BTC-5JUN26,73360.58,0.118,73362.07,5JUN26,82000,,P,BTC-5JUN26-82000-P
0.1165,0.121,0.2,0.11869267,1779961342010,0.0,34.1,73411.15,BTC-12JUN26,73360.58,0.11875,73362.07,12JUN26,82000,,P,BTC-12JUN26-82000-P
0.236,0.2395,29.2,0.23820139,1779961342010,0.0,45.66,74013.79,BTC-25SEP26,73360.58,0.23775,73362.07,25SEP26,58000,,C,BTC-25SEP26-58000-C
0.029,0.032,13.1,0.03044882,1779961342010,11.0,32.55,73360.04,index_price,73360.58,0.0305,73362.07,30MAY26,75500,,P,BTC-30MAY26-75500-P
,0.0001,1984.8,1.6e-07,1779961342010,13.0,96.06,73356.79,BTC-29MAY26,73360.58,,73362.07,29MAY26,60000,,P,BTC-29MAY26-60000-P
0.076,0.079,2157.9,0.07703296,1779961342010,17.6,33.85,73510.99,BTC-26JUN26,73360.58,0.0775,73362.07,26JUN26,78000,,P,BTC-26JUN26-78000-P
0.4255,0.518,0.0,0.451933,1779961342010,0.0,41.61,75305.81,BTC-26MAR27,73360.58,0.47175,73362.07,26MAR27,106000,,P,BTC-26MAR27-106000-P
0.061,0.106,0.0,0.08725814,1779961342010,0.0,51.25,73360.04,index_price,73360.58,0.0835,73362.07,31MAY26,67000,,C,BTC-31MAY26-67000-C
0.0024,0.0029,0.8,0.00265287,1779961342010,0.8,37.47,73839.66,SYN.BTC-28AUG26,73360.58,0.00265,73362.07,28AUG26,105000,,C,BTC-28AUG26-105000-C
2.917,3.201,0.0,3.0532978,1779961342010,0.0,64.66,74013.79,BTC-25SEP26,73360.58,3.059,73362.07,25SEP26,300000,,P,BTC-25SEP26-300000-P
1.7185,1.921,0.0,1.81373608,1779961342010,0.0,51.89,74657.45,BTC-25DEC26,73360.58,1.81975,73362.07,25DEC26,210000,,P,BTC-25DEC26-210000-P
0.0025,0.0029,546.9,0.00267941,1779961342010,0.6,67.66,74013.71,BTC-25SEP26,73360.58,0.0027,73362.07,25SEP26,35000,,P,BTC-25SEP26-35000-P
0.007,0.008,0.0,0.00742283,1779961342010,0.0,41.82,73461.03,SYN.BTC-19JUN26,73360.58,0.0075,73362.07,19JUN26,66000,,P,BTC-19JUN26-66000-P
0.0375,0.0385,181.5,0.03781661,1779961342010,1.5,42.25,74013.79,BTC-25SEP26,73360.58,0.038,73362.07,25SEP26,64000,,P,BTC-25SEP26-64000-P
0.8155,0.833,12.5,0.8250175,1779961342010,0.0,44.16,74013.71,BTC-25SEP26,73360.58,0.82425,73362.07,25SEP26,135000,,P,BTC-25SEP26-135000-P
0.0115,0.0125,0.0,0.01197847,1779961342010,0.0,46.82,73839.66,SYN.BTC-28AUG26,73360.58,0.012,73362.07,28AUG26,56000,,P,BTC-28AUG26-56000-P
0.0004,0.0006,0.0,0.00048641,1779961342010,0.0,52.12,73372.558,SYN.BTC-1JUN26,73360.58,0.0005,73362.07,1JUN26,66000,,P,BTC-1JUN26-66000-P
0.097,0.0985,5593.4,0.09791835,1779961342010,366.2,41.76,74658.06,BTC-25DEC26,73360.58,0.09775,73362.07,25DEC26,80000,,C,BTC-25DEC26-80000-C
,0.0002,1059.5,9.971e-05,1779961342010,66.3,75.0,73356.87,BTC-29MAY26,73360.58,,73362.07,29MAY26,67000,,P,BTC-29MAY26-67000-P
0.4255,0.435,107.9,0.43008143,1779961342010,0.0,40.07,74658.06,BTC-25DEC26,73360.58,0.43025,73362.07,25DEC26,105000,,P,BTC-25DEC26-105000-P
0.0665,0.0735,1.0,0.07026629,1779961342010,0.0,59.83,73356.79,BTC-29MAY26,73360.58,0.07,73362.07,29MAY26,78500,,P,BTC-29MAY26-78500-P
0.0034,0.0038,0.0,0.00356627,1779961342010,0.0,35.05,73372.558,SYN.BTC-1JUN26,73360.58,0.0036,73362.07,1JUN26,71000,,P,BTC-1JUN26-71000-P
1.589,1.783,0.0,1.67993669,1779961342010,0.0,50.66,74657.45,BTC-25DEC26,73360.58,1.686,73362.07,25DEC26,200000,,P,BTC-25DEC26-200000-P
0.0004,0.0005,3447.4,0.0004043,1779961342010,164.2,52.61,73356.87,BTC-29MAY26,73360.58,0.00045,73362.07,29MAY26,70000,,P,BTC-29MAY26-70000-P
0.0004,0.0007,112.9,0.00054672,1779961342010,0.0,43.61,73666.19,BTC-31JUL26,73360.58,0.00055,73362.07,31JUL26,115000,,C,BTC-31JUL26-115000-C
0.0011,0.0014,158.7,0.00122593,1779961342010,107.4,46.34,73360.04,index_price,73360.58,0.00125,73362.07,30MAY26,70000,,P,BTC-30MAY26-70000-P
0.0015,0.0017,148.4,0.0015897,1779961342010,30.9,45.83,73392.07,BTC-5JUN26,73360.58,0.0016,73362.07,5JUN26,66000,,P,BTC-5JUN26-66000-P
0.0004,0.0006,4.5,0.00047038,1779961342010,5.2,30.94,73360.04,index_price,73360.58,0.0005,73362.07,31MAY26,77000,,C,BTC-31MAY26-77000-C
0.011,0.012,0.0,0.01135678,1779961342010,0.0,39.68,73461.29000000001,SYN.BTC-19JUN26,73360.58,0.0115,73362.07,19JUN26,68000,,P,BTC-19JUN26-68000-P
0.274,0.2765,2.8,0.27553181,1779961342010,0.0,47.47,75305.81,BTC-26MAR27,73360.58,0.27525,73362.07,26MAR27,60000,,C,BTC-26MAR27-60000-C
1.201,1.3695,0.0,1.27912245,1779961342010,0.0,47.39,74658.06,BTC-25DEC26,73360.58,1.28525,73362.07,25DEC26,170000,,P,BTC-25DEC26-170000-P
,0.0001,332.4,3e-08,1779961342010,10.0,96.06,73356.79,BTC-29MAY26,73360.58,,73362.07,29MAY26,59000,,P,BTC-29MAY26-59000-P
0.085,0.088,179.8,0.0867385,1779961342010,0.2,75.0,73356.79,BTC-29MAY26,73360.58,0.0865,73362.07,29MAY26,67000,,C,BTC-29MAY26-67000-C
0.0001,0.0003,650.7,0.0001876,1779961342010,0.7,41.75,73392.07,BTC-5JUN26,73360.58,0.0002,73362.07,5JUN26,85000,,C,BTC-5JUN26-85000-C
0.032,0.033,293.5,0.03230668,1779961342010,89.9,34.7,73411.19,BTC-12JUN26,73360.58,0.0325,73362.07,12JUN26,74000,,P,BTC-12JUN26-74000-P
0.0003,0.0004,21.5,0.00033876,1779961342010,18.6,36.01,73360.04,index_price,73360.58,0.00035,73362.07,30MAY26,77000,,C,BTC-30MAY26-77000-C
0.1455,0.1475,1056.7,0.14631729,1779961342010,0.6,43.08,74658.06,BTC-25DEC26,73360.58,0.1465,73362.07,25DEC26,72000,,C,BTC-25DEC26-72000-C
0.0635,0.0645,2478.4,0.06407049,1779961342010,56.8,37.72,74013.79,BTC-25SEP26,73360.58,0.064,73362.07,25SEP26,78000,,C,BTC-25SEP26-78000-C
0.0475,0.0505,302.9,0.04894827,1779961342010,20.2,33.89,73411.15,BTC-12JUN26,73360.58,0.049,73362.07,12JUN26,76000,,P,BTC-12JUN26-76000-P
0.0115,0.0125,3207.8,0.01194735,1779961342010,15.5,58.87,74658.06,BTC-25DEC26,73360.58,0.012,73362.07,25DEC26,40000,,P,BTC-25DEC26-40000-P
0.018,0.0185,26.7,0.01840359,1779961342010,20.2,34.23,73411.15,BTC-12JUN26,73360.58,0.01825,73362.07,12JUN26,75000,,C,BTC-12JUN26-75000-C
0.0055,0.006,962.3,0.00566277,1779961342010,6.6,42.53,74658.06,BTC-25DEC26,73360.58,0.00575,73362.07,25DEC26,135000,,C,BTC-25DEC26-135000-C
0.0755,0.079,656.9,0.07702499,1779961342010,3.8,62.44,73356.87,BTC-29MAY26,73360.58,0.07725,73362.07,29MAY26,79000,,P,BTC-29MAY26-79000-P
0.0225,0.0235,810.5,0.02289594,1779961342010,3.0,34.28,73666.19,BTC-31JUL26,73360.58,0.023,73362.07,31JUL26,81000,,C,BTC-31JUL26-81000-C
0.027,0.0355,4.7,0.03082324,1779961342010,4.5,29.17,73360.04,index_price,73360.58,0.03125,73362.07,31MAY26,75500,,P,BTC-31MAY26-75500-P
0.034,0.0355,0.0,0.03471099,1779961342010,0.0,40.38,73839.66,SYN.BTC-28AUG26,73360.58,0.03475,73362.07,28AUG26,66000,,P,BTC-28AUG26-66000-P
0.262,0.2665,0.0,0.26385798,1779961342010,0.0,96.06,73356.79,BTC-29MAY26,73360.58,0.26425,73362.07,29MAY26,54000,,C,BTC-29MAY26-54000-C
,0.0001,891.3,4.078e-05,1779961342010,0.8,66.68,73510.99,BTC-26JUN26,73360.58,,73362.07,26JUN26,135000,,C,BTC-26JUN26-135000-C
0.0395,0.0405,486.6,0.04003043,1779961342010,63.9,35.16,73666.19,BTC-31JUL26,73360.58,0.04,73362.07,31JUL26,77000,,C,BTC-31JUL26-77000-C
0.001,0.0013,972.9,0.00111337,1779961342010,18.4,47.55,73392.07,BTC-5JUN26,73360.58,0.00115,73362.07,5JUN26,65000,,P,BTC-5JUN26-65000-P
0.0135,0.014,142.5,0.01366317,1779961342010,115.2,33.89,73411.15,BTC-12JUN26,73360.58,0.01375,73362.07,12JUN26,76000,,C,BTC-12JUN26-76000-C
0.401,0.475,0.0,0.41808457,1779961342010,0.0,40.07,74658.06,BTC-25DEC26,73360.58,0.438,73362.07,25DEC26,104000,,P,BTC-25DEC26-104000-P
0.051,0.057,250.0,0.05403525,1779961342010,250.0,34.19,73461.03,SYN.BTC-19JUN26,73360.58,0.054,73362.07,19JUN26,76000,,P,BTC-19JUN26-76000-P
0.2095,0.2155,546.0,0.2129693,1779961342010,1.0,41.03,74658.06,BTC-25DEC26,73360.58,0.2125,73362.07,25DEC26,85000,,P,BTC-25DEC26-85000-P
0.0015,0.0018,793.7,0.00167453,1779961342010,607.9,34.1,73411.15,BTC-12JUN26,73360.58,0.00165,73362.07,12JUN26,82000,,C,BTC-12JUN26-82000-C
0.2015,0.206,47.0,0.20370579,1779961342010,0.0,41.11,74658.06,BTC-25DEC26,73360.58,0.20375,73362.07,25DEC26,84000,,P,BTC-25DEC26-84000-P
0.221,0.2255,0.0,0.22298005,1779961342010,0.0,96.06,73356.87,BTC-29MAY26,73360.58,0.22325,73362.07,29MAY26,57000,,C,BTC-29MAY26-57000-C
0.0125,0.013,860.4,0.01280581,1779961342010,221.4,34.21,73666.19,BTC-31JUL26,73360.58,0.01275,73362.07,31JUL26,85000,,C,BTC-31JUL26-85000-C
0.0001,0.0002,688.4,0.0001482,1779961342010,89.0,48.86,73392.07,BTC-5JUN26,73360.58,0.00015,73362.07,5JUN26,88000,,C,BTC-5JUN26-88000-C
0.171,0.177,33.9,0.1727841,1779961342010,15.0,36.84,74013.79,BTC-25SEP26,73360.58,0.174,73362.07,25SEP26,84000,,P,BTC-25SEP26-84000-P
0.0055,0.006,16.2,0.00579568,1779961342010,16.6,36.97,73360.04,index_price,73360.58,0.00575,73362.07,30MAY26,72500,,P,BTC-30MAY26-72500-P
0.0006,0.0007,21.7,0.00066969,1779961342010,14.2,29.6,73360.04,index_price,73360.58,0.00065,73362.07,31MAY26,76500,,C,BTC-31MAY26-76500-C
1.311,1.493,0.0,1.39443986,1779961342010,0.0,45.8,75305.81,BTC-26MAR27,73360.58,1.402,73362.07,26MAR27,180000,,P,BTC-26MAR27-180000-P
3.47,3.7935,0.0,3.62516507,1779961342010,0.0,102.06,73510.99,BTC-26JUN26,73360.58,3.63175,73362.07,26JUN26,340000,,P,BTC-26JUN26-340000-P
1.1695,1.3265,0.5,1.24457033,1779961342010,0.0,75.18,73510.99,BTC-26JUN26,73360.58,1.248,73362.07,26JUN26,165000,,P,BTC-26JUN26-165000-P
0.1295,0.1325,0.0,0.13089376,1779961342010,0.0,46.07,73411.15,BTC-12JUN26,73360.58,0.131,73362.07,12JUN26,64000,,C,BTC-12JUN26-64000-C
0.3825,0.3895,0.1,0.38599335,1779961342010,0.0,37.84,73665.67,BTC-31JUL26,73360.58,0.386,73362.07,31JUL26,102000,,P,BTC-31JUL26-102000-P
0.251,0.2565,0.4,0.25348808,1779961342010,0.0,35.0,73666.19,BTC-31JUL26,73360.58,0.25375,73362.07,31JUL26,92000,,P,BTC-31JUL26-92000-P
0.0005,0.0008,758.1,0.0006152,1779961342010,2.0,47.87,74013.71,BTC-25SEP26,73360.58,0.00065,73362.07,25SEP26,150000,,C,BTC-25SEP26-150000-C
0.0215,0.0545,4.6,0.02512699,1779961342010,4.6,29.16,73360.04,index_price,73360.58,0.038,73362.07,31MAY26,75000,,P,BTC-31MAY26-75000-P
0.0002,0.0003,334.4,0.0002802,1779961342010,2.5,40.88,73392.07,BTC-5JUN26,73360.58,0.00025,73362.07,5JUN26,84000,,C,BTC-5JUN26-84000-C
0.103,0.107,0.0,0.1053458,1779961342010,0.0,43.01,73411.15,BTC-12JUN26,73360.58,0.105,73362.07,12JUN26,66000,,C,BTC-12JUN26-66000-C
0.696,0.7075,75.4,0.70056921,1779961342010,0.0,65.56,73510.99,BTC-26JUN26,73360.58,0.70175,73362.07,26JUN26,125000,,P,BTC-26JUN26-125000-P
1.1545,1.313,0.0,1.22967452,1779961342010,0.0,50.6,74013.79,BTC-25SEP26,73360.58,1.23375,73362.07,25SEP26,165000,,P,BTC-25SEP26-165000-P
0.2135,0.217,232.3,0.21549556,1779961342010,0.7,44.34,74013.79,BTC-25SEP26,73360.58,0.21525,73362.07,25SEP26,60000,,C,BTC-25SEP26-60000-C
0.4865,0.495,116.7,0.48996582,1779961342010,0.0,38.31,74013.79,BTC-25SEP26,73360.58,0.49075,73362.07,25SEP26,110000,,P,BTC-25SEP26-110000-P
0.0375,0.0385,0.0,0.03791919,1779961342010,0.0,35.6,73461.03,SYN.BTC-19JUN26,73360.58,0.038,73362.07,19JUN26,73000,,C,BTC-19JUN26-73000-C
0.019,0.0195,1.0,0.01947312,1779961342010,1.0,34.19,73461.29000000001,SYN.BTC-19JUN26,73360.58,0.01925,73362.07,19JUN26,76000,,C,BTC-19JUN26-76000-C
4.1535,4.1945,0.2,4.16930213,1779961342010,0.0,102.24,73510.99,BTC-26JUN26,73360.58,4.174,73362.07,26JUN26,380000,,P,BTC-26JUN26-380000-P
0.106,0.183,0.0,0.14088239,1779961342010,0.0,40.38,73839.66,SYN.BTC-28AUG26,73360.58,0.1445,73362.07,28AUG26,66000,,C,BTC-28AUG26-66000-C
0.0065,0.0075,1512.1,0.00677743,1779961342010,2.1,41.78,74658.06,BTC-25DEC26,73360.58,0.007,73362.07,25DEC26,130000,,C,BTC-25DEC26-130000-C
,0.0002,248.5,6.463e-05,1779961342010,0.0,61.2,74013.79,BTC-25SEP26,73360.58,,73362.07,25SEP26,240000,,C,BTC-25SEP26-240000-C
0.153,0.1575,30.8,0.15499084,1779961342010,0.0,34.08,73665.67,BTC-31JUL26,73360.58,0.15525,73362.07,31JUL26,84000,,P,BTC-31JUL26-84000-P
0.079,0.081,66.2,0.08018728,1779961342010,6.0,42.16,75305.81,BTC-26MAR27,73360.58,0.08,73362.07,26MAR27,92000,,C,BTC-26MAR27-92000-C
0.0775,0.095,0.0,0.09062727,1779961342010,0.0,40.17,73372.558,SYN.BTC-1JUN26,73360.58,0.08625,73362.07,1JUN26,80000,,P,BTC-1JUN26-80000-P
0.0014,0.0017,555.1,0.00159683,1779961342010,62.6,33.82,73392.07,BTC-5JUN26,73360.58,0.00155,73362.07,5JUN26,79000,,C,BTC-5JUN26-79000-C
0.4075,0.4195,0.0,0.4129394,1779961342010,0.0,38.75,73665.67,BTC-31JUL26,73360.58,0.4135,73362.07,31JUL26,104000,,P,BTC-31JUL26-104000-P
0.017,0.018,0.0,0.01735961,1779961342010,0.0,37.87,73461.29000000001,SYN.BTC-19JUN26,73360.58,0.0175,73362.07,19JUN26,70000,,P,BTC-19JUN26-70000-P
0.0055,0.0065,59.9,0.00606058,1779961342010,60.3,33.64,73360.04,index_price,73360.58,0.006,73362.07,30MAY26,74000,,C,BTC-30MAY26-74000-C
0.339,0.3465,0.4,0.34241935,1779961342010,0.0,41.9,75305.81,BTC-26MAR27,73360.58,0.34275,73362.07,26MAR27,96000,,P,BTC-26MAR27-96000-P
0.0275,0.029,0.0,0.0282139,1779961342010,0.0,41.48,73839.66,SYN.BTC-28AUG26,73360.58,0.02825,73362.07,28AUG26,64000,,P,BTC-28AUG26-64000-P
0.0895,0.092,559.2,0.09066229,1779961342010,68.1,69.67,73356.79,BTC-29MAY26,73360.58,0.09075,73362.07,29MAY26,80000,,P,BTC-29MAY26-80000-P
0.5525,0.5635,91.7,0.55639463,1779961342010,0.0,39.23,74013.79,BTC-25SEP26,73360.58,0.558,73362.07,25SEP26,115000,,P,BTC-25SEP26-115000-P
0.1855,0.1885,445.2,0.18736884,1779961342010,0.1,48.08,73510.99,BTC-26JUN26,73360.58,0.187,73362.07,26JUN26,60000,,C,BTC-26JUN26-60000-C
0.081,0.0825,1820.3,0.08181187,1779961342010,17.4,38.44,74013.79,BTC-25SEP26,73360.58,0.08175,73362.07,25SEP26,75000,,C,BTC-25SEP26-75000-C
0.42,0.4325,0.0,0.4264798,1779961342010,0.0,39.47,73666.19,BTC-31JUL26,73360.58,0.42625,73362.07,31JUL26,105000,,P,BTC-31JUL26-105000-P
0.1115,0.2095,0.0,0.15250282,1779961342010,0.0,35.19,73839.66,SYN.BTC-28AUG26,73360.58,0.1605,73362.07,28AUG26,83000,,P,BTC-28AUG26-83000-P
,0.0001,554.4,5.6e-07,1779961342010,0.0,77.96,73510.99,BTC-26JUN26,73360.58,,73362.07,26JUN26,190000,,C,BTC-26JUN26-190000-C
0.0945,0.097,275.8,0.09568294,1779961342010,0.0,46.15,75305.81,BTC-26MAR27,73360.58,0.09575,73362.07,26MAR27,65000,,P,BTC-26MAR27-65000-P
0.127,0.13,100.2,0.12863569,1779961342010,0.0,40.21,73666.19,BTC-31JUL26,73360.58,0.1285,73362.07,31JUL26,66000,,C,BTC-31JUL26-66000-C
0.0007,0.0011,150.6,0.00088887,1779961342010,0.0,51.89,74658.06,BTC-25DEC26,73360.58,0.0009,73362.07,25DEC26,210000,,C,BTC-25DEC26-210000-C
0.049,0.0505,215.8,0.04980643,1779961342010,1.4,40.31,74658.06,BTC-25DEC26,73360.58,0.04975,73362.07,25DEC26,92000,,C,BTC-25DEC26-92000-C
2.133,2.361,0.0,2.24269177,1779961342010,0.0,61.2,74013.79,BTC-25SEP26,73360.58,2.247,73362.07,25SEP26,240000,,P,BTC-25SEP26-240000-P
0.0001,0.0002,60.6,0.00019141,1779961342010,41.2,41.93,73356.79,BTC-29MAY26,73360.58,0.00015,73362.07,29MAY26,76500,,C,BTC-29MAY26-76500-C
0.0001,0.0002,2749.8,0.00014558,1779961342010,22.8,61.27,73510.99,BTC-26JUN26,73360.58,0.00015,73362.07,26JUN26,120000,,C,BTC-26JUN26-120000-C
0.086,0.088,392.4,0.08725465,1779961342011,0.0,42.3,75305.81,BTC-26MAR27,73360.58,0.087,73362.07,26MAR27,90000,,C,BTC-26MAR27-90000-C
0.0985,0.1015,322.1,0.10035768,1779961342011,0.0,81.81,73356.87,BTC-29MAY26,73360.58,0.1,73362.07,29MAY26,66000,,C,BTC-29MAY26-66000-C
0.144,0.1475,91.1,0.14508258,1779961342011,0.0,69.96,73356.87,BTC-29MAY26,73360.58,0.14575,73362.07,29MAY26,84000,,P,BTC-29MAY26-84000-P
0.0415,0.0445,491.3,0.04257186,1779961342011,429.6,33.39,73392.07,BTC-5JUN26,73360.58,0.043,73362.07,5JUN26,76000,,P,BTC-5JUN26-76000-P
0.0695,0.071,121.1,0.07016257,1779961342011,0.5,40.84,74658.06,BTC-25DEC26,73360.58,0.07025,73362.07,25DEC26,86000,,C,BTC-25DEC26-86000-C
0.294,0.3025,151.5,0.29726678,1779961342011,0.2,36.73,74013.79,BTC-25SEP26,73360.58,0.29825,73362.07,25SEP26,95000,,P,BTC-25SEP26-95000-P
0.004,0.0045,9.3,0.00424206,1779961342011,9.3,29.33,73372.962,SYN.BTC-1JUN26,73360.58,0.00425,73362.07,1JUN26,75000,,C,BTC-1JUN26-75000-C
1.056,1.223,0.0,1.13142909,1779961342011,0.0,44.14,75305.64,BTC-26MAR27,73360.58,1.1395,73362.07,26MAR27,160000,,P,BTC-26MAR27-160000-P
0.046,0.055,0.0,0.05048655,1779961342011,0.0,31.59,73372.558,SYN.BTC-1JUN26,73360.58,0.0505,73362.07,1JUN26,77000,,P,BTC-1JUN26-77000-P
0.132,0.134,27.0,0.13295606,1779961342011,0.0,42.75,74657.45,BTC-25DEC26,73360.58,0.133,73362.07,25DEC26,74000,,C,BTC-25DEC26-74000-C
0.045,0.047,0.0,0.04595585,1779961342011,0.0,36.29,73461.03,SYN.BTC-19JUN26,73360.58,0.046,73362.07,19JUN26,72000,,C,BTC-19JUN26-72000-C
0.0027,0.0031,20.3,0.00296038,1779961342011,20.3,29.16,73360.04,index_price,73360.58,0.0029,73362.07,31MAY26,75000,,C,BTC-31MAY26-75000-C
0.0001,0.0004,1645.9,0.00019036,1779961342011,93.9,80.74,73510.99,BTC-26JUN26,73360.58,0.00025,73362.07,26JUN26,40000,,P,BTC-26JUN26-40000-P
0.056,0.057,54.6,0.05630829,1779961342011,0.1,36.57,73666.19,BTC-31JUL26,73360.58,0.0565,73362.07,31JUL26,73000,,P,BTC-31JUL26-73000-P
0.0135,0.0145,0.6,0.01402147,1779961342011,0.6,31.68,73360.04,index_price,73360.58,0.014,73362.07,31MAY26,73000,,C,BTC-31MAY26-73000-C
0.1015,0.1245,0.0,0.11448322,1779961342011,0.0,56.11,73372.558,SYN.BTC-1JUN26,73360.58,0.113,73362.07,1JUN26,65000,,C,BTC-1JUN26-65000-C
0.0009,0.001,9.1,0.00095237,1779961342011,10.7,43.75,73360.04,index_price,73360.58,0.00095,73362.07,31MAY26,69000,,P,BTC-31MAY26-69000-P
0.0215,0.0225,600.8,0.02183628,1779961342011,0.7,45.66,74013.79,BTC-25SEP26,73360.58,0.022,73362.07,25SEP26,58000,,P,BTC-25SEP26-58000-P
0.045,0.0465,0.0,0.04555619,1779961342011,0.0,34.48,73461.29000000001,SYN.BTC-19JUN26,73360.58,0.04575,73362.07,19JUN26,75000,,P,BTC-19JUN26-75000-P
0.0315,0.098,0.0,0.06368137,1779961342011,0.0,34.01,73372.962,SYN.BTC-1JUN26,73360.58,0.06475,73362.07,1JUN26,78000,,P,BTC-1JUN26-78000-P
0.3085,0.3115,9.8,0.31033397,1779961342011,0.0,49.21,74657.45,BTC-25DEC26,73360.58,0.31,73362.07,25DEC26,54000,,C,BTC-25DEC26-54000-C
0.001,0.0012,16.2,0.00110962,1779961342011,17.5,29.25,73360.04,index_price,73360.58,0.0011,73362.07,31MAY26,76000,,C,BTC-31MAY26-76000-C
2.944,3.2295,0.0,3.081028,1779961342011,0.0,95.76,73510.99,BTC-26JUN26,73360.58,3.08675,73362.07,26JUN26,300000,,P,BTC-26JUN26-300000-P
0.001,0.0013,941.7,0.00103459,1779961342011,0.1,50.66,74657.45,BTC-25DEC26,73360.58,0.00115,73362.07,25DEC26,200000,,C,BTC-25DEC26-200000-C
0.2765,0.287,1.6,0.28140132,1779961342011,0.3,69.97,73356.87,BTC-29MAY26,73360.58,0.28175,73362.07,29MAY26,94000,,P,BTC-29MAY26-94000-P
0.031,0.0315,12.9,0.0313426,1779961342011,12.0,35.39,73411.15,BTC-12JUN26,73360.58,0.03125,73362.07,12JUN26,73000,,C,BTC-12JUN26-73000-C
0.0001,0.0003,3.8,0.00019271,1779961342011,7.5,35.33,73360.04,index_price,73360.58,0.0002,73362.07,31MAY26,78500,,C,BTC-31MAY26-78500-C
,0.0001,1689.6,0.0,1779961342011,4.9,69.97,73356.87,BTC-29MAY26,73360.58,,73362.07,29MAY26,95000,,C,BTC-29MAY26-95000-C
0.17,0.176,29.1,0.17245585,1779961342011,1.4,35.13,73510.91,BTC-26JUN26,73360.58,0.173,73362.07,26JUN26,86000,,P,BTC-26JUN26-86000-P
0.0125,0.0135,647.8,0.01278184,1779961342011,398.4,35.91,73392.07,BTC-5JUN26,73360.58,0.013,73362.07,5JUN26,72000,,P,BTC-5JUN26-72000-P
0.01,0.011,4.8,0.01042214,1779961342011,4.8,31.01,73372.558,SYN.BTC-1JUN26,73360.58,0.0105,73362.07,1JUN26,73000,,P,BTC-1JUN26-73000-P
,0.0001,1968.7,5.4e-07,1779961342011,0.5,69.96,73356.79,BTC-29MAY26,73360.58,,73362.07,29MAY26,84000,,C,BTC-29MAY26-84000-C
,0.0001,248.8,1.199e-05,1779961342011,0.1,66.78,74013.79,BTC-25SEP26,73360.58,,73362.07,25SEP26,320000,,C,BTC-25SEP26-320000-C
0.3615,0.366,11.3,0.36319289,1779961342011,0.0,69.97,73356.87,BTC-29MAY26,73360.58,0.36375,73362.07,29MAY26,100000,,P,BTC-29MAY26-100000-P
0.413,0.416,48.3,0.41455705,1779961342011,0.0,54.78,74658.06,BTC-25DEC26,73360.58,0.4145,73362.07,25DEC26,45000,,C,BTC-25DEC26-45000-C
0.052,0.06,0.1,0.05660562,1779961342011,0.0,36.97,73360.04,index_price,73360.58,0.056,73362.07,30MAY26,77500,,P,BTC-30MAY26-77500-P
,0.0001,174.2,0.0,1779961342011,0.0,102.24,73510.91,BTC-26JUN26,73360.58,,73362.07,26JUN26,360000,,C,BTC-26JUN26-360000-C
0.036,0.037,743.6,0.03641134,1779961342011,206.2,35.2,73510.99,BTC-26JUN26,73360.58,0.0365,73362.07,26JUN26,74000,,C,BTC-26JUN26-74000-C
,0.0001,1090.2,3e-08,1779961342011,0.9,69.96,73356.87,BTC-29MAY26,73360.58,,73362.07,29MAY26,86000,,C,BTC-29MAY26-86000-C
0.0003,0.0004,171.2,0.00032481,1779961342011,3.7,38.53,73392.07,BTC-5JUN26,73360.58,0.00035,73362.07,5JUN26,83000,,C,BTC-5JUN26-83000-C
0.087,0.088,267.4,0.08744119,1779961342011,7.2,44.1,74658.06,BTC-25DEC26,73360.58,0.0875,73362.07,25DEC26,68000,,P,BTC-25DEC26-68000-P
0.009,0.01,247.7,0.0095646,1779961342011,13.9,34.37,73665.67,BTC-31JUL26,73360.58,0.0095,73362.07,31JUL26,87000,,C,BTC-31JUL26-87000-C
0.542,0.609,1.7,0.55416265,1779961342011,0.0,40.5,74658.06,BTC-25DEC26,73360.58,0.5755,73362.07,25DEC26,115000,,P,BTC-25DEC26-115000-P
0.3315,0.427,0.2,0.36345121,1779961342011,0.0,41.8,75305.81,BTC-26MAR27,73360.58,0.37925,73362.07,26MAR27,98000,,P,BTC-26MAR27-98000-P
0.311,0.4155,0.0,0.35848943,1779961342011,0.0,36.29,73839.66,SYN.BTC-28AUG26,73360.58,0.36325,73362.07,28AUG26,100000,,P,BTC-28AUG26-100000-P
0.0033,0.0037,831.4,0.00352641,1779961342011,0.7,35.48,73666.19,BTC-31JUL26,73360.58,0.0035,73362.07,31JUL26,94000,,C,BTC-31JUL26-94000-C
0.0375,0.0385,670.4,0.0378646,1779961342011,3.2,36.84,74013.79,BTC-25SEP26,73360.58,0.038,73362.07,25SEP26,84000,,C,BTC-25SEP26-84000-C
0.007,0.008,26.1,0.00777638,1779961342011,29.7,33.54,73356.87,BTC-29MAY26,73360.58,0.0075,73362.07,29MAY26,73500,,P,BTC-29MAY26-73500-P
0.3765,0.4515,0.0,0.39433376,1779961342011,0.0,40.07,74658.06,BTC-25DEC26,73360.58,0.414,73362.07,25DEC26,102000,,P,BTC-25DEC26-102000-P
0.0085,0.0095,7.3,0.00893031,1779961342011,9.9,31.68,73360.04,index_price,73360.58,0.009,73362.07,31MAY26,73000,,P,BTC-31MAY26-73000-P
0.0003,0.0008,131.6,0.00036836,1779961342011,0.0,50.6,74013.79,BTC-25SEP26,73360.58,0.00055,73362.07,25SEP26,165000,,C,BTC-25SEP26-165000-C
0.13,0.133,83.0,0.13145231,1779961342011,5.4,69.96,73356.87,BTC-29MAY26,73360.58,0.1315,73362.07,29MAY26,83000,,P,BTC-29MAY26-83000-P
0.2865,0.3895,0.0,0.33237587,1779961342011,0.0,35.94,73839.66,SYN.BTC-28AUG26,73360.58,0.338,73362.07,28AUG26,98000,,P,BTC-28AUG26-98000-P
0.041,0.042,633.8,0.04135233,1779961342011,16.5,41.77,74013.78,BTC-25SEP26,73360.58,0.0415,73362.07,25SEP26,65000,,P,BTC-25SEP26-65000-P
0.22,0.223,0.0,0.22184374,1779961342011,0.0,46.62,73666.19,BTC-31JUL26,73360.58,0.2215,73362.07,31JUL26,58000,,C,BTC-31JUL26-58000-C
1.1835,1.3585,0.1,1.2629209,1779961342011,0.0,45.24,75305.81,BTC-26MAR27,73360.58,1.271,73362.07,26MAR27,170000,,P,BTC-26MAR27-170000-P
0.172,0.175,1.9,0.1735097,1779961342011,2.5,43.31,73665.67,BTC-31JUL26,73360.58,0.1735,73362.07,31JUL26,62000,,C,BTC-31JUL26-62000-C
1.089,1.2435,0.6,1.16218639,1779961342011,0.0,49.74,74013.79,BTC-25SEP26,73360.58,1.16625,73362.07,25SEP26,160000,,P,BTC-25SEP26-160000-P
0.1335,0.136,719.1,0.13492296,1779961342011,1.1,37.36,74013.79,BTC-25SEP26,73360.58,0.13475,73362.07,25SEP26,80000,,P,BTC-25SEP26-80000-P
0.0018,0.0022,1.0,0.0020311,1779961342011,1.0,29.93,73372.962,SYN.BTC-1JUN26,73360.58,0.002,73362.07,1JUN26,76000,,C,BTC-1JUN26-76000-C
0.0001,0.0003,1.6,0.00019129,1779961342011,0.8,38.1,73360.04,index_price,73360.58,0.0002,73362.07,31MAY26,79000,,C,BTC-31MAY26-79000-C
,0.0001,722.6,0.0,1779961342011,0.0,96.06,73356.79,BTC-29MAY26,73360.58,,73362.07,29MAY26,56000,,P,BTC-29MAY26-56000-P
0.288,0.294,0.0,0.2911225,1779961342011,0.0,96.07,73356.79,BTC-29MAY26,73360.58,0.291,73362.07,29MAY26,52000,,C,BTC-29MAY26-52000-C
0.006,0.0065,3510.5,0.00634763,1779961342011,99.4,33.95,73510.99,BTC-26JUN26,73360.58,0.00625,73362.07,26JUN26,82000,,C,BTC-26JUN26-82000-C
,0.0001,451.3,0.0,1779961342011,0.0,69.97,73356.79,BTC-29MAY26,73360.58,,73362.07,29MAY26,89000,,C,BTC-29MAY26-89000-C
0.0002,0.0005,751.7,0.00027457,1779961342011,0.0,53.8,74013.79,BTC-25SEP26,73360.58,0.00035,73362.07,25SEP26,180000,,C,BTC-25SEP26-180000-C
0.2795,0.286,14.0,0.28238288,1779961342011,0.4,42.3,75305.64,BTC-26MAR27,73360.58,0.28275,73362.07,26MAR27,90000,,P,BTC-26MAR27-90000-P
0.304,0.3145,0.7,0.30869693,1779961342011,0.0,69.97,73356.79,BTC-29MAY26,73360.58,0.30925,73362.07,29MAY26,96000,,P,BTC-29MAY26-96000-P
,0.0001,1932.1,0.0,1779961342011,0.0,69.97,73356.79,BTC-29MAY26,73360.58,,73362.07,29MAY26,90000,,C,BTC-29MAY26-90000-C
0.223,0.2285,1685.2,0.22557609,1779961342011,0.2,37.67,73510.99,BTC-26JUN26,73360.58,0.22575,73362.07,26JUN26,90000,,P,BTC-26JUN26-90000-P
0.012,0.0125,1.0,0.01252064,1779961342011,1.0,34.94,73839.66,SYN.BTC-28AUG26,73360.58,0.01225,73362.07,28AUG26,90000,,C,BTC-28AUG26-90000-C
0.026,0.027,1063.2,0.02648914,1779961342011,100.6,34.46,73665.67,BTC-31JUL26,73360.58,0.0265,73362.07,31JUL26,80000,,C,BTC-31JUL26-80000-C
1.8925,2.1015,0.2,1.99275413,1779961342011,0.0,86.18,73510.99,BTC-26JUN26,73360.58,1.997,73362.07,26JUN26,220000,,P,BTC-26JUN26-220000-P
0.0715,0.073,280.9,0.07228488,1779961342011,0.4,47.47,75305.81,BTC-26MAR27,73360.58,0.07225,73362.07,26MAR27,60000,,P,BTC-26MAR27-60000-P
0.1955,0.1985,0.0,0.19724844,1779961342011,0.0,44.84,73666.19,BTC-31JUL26,73360.58,0.197,73362.07,31JUL26,60000,,C,BTC-31JUL26-60000-C
0.2895,0.3005,0.0,0.29444978,1779961342011,0.0,58.3,73392.07,BTC-5JUN26,73360.58,0.295,73362.07,5JUN26,95000,,P,BTC-5JUN26-95000-P
0.2005,0.2025,217.8,0.20155686,1779961342011,0.1,44.88,74658.06,BTC-25DEC26,73360.58,0.2015,73362.07,25DEC26,65000,,C,BTC-25DEC26-65000-C
0.0014,0.0017,161.1,0.00154987,1779961342011,177.0,32.62,73356.87,BTC-29MAY26,73360.58,0.00155,73362.07,29MAY26,74500,,C,BTC-29MAY26-74500-C
0.015,0.016,0.0,0.01526209,1779961342011,0.0,34.04,73461.29000000001,SYN.BTC-19JUN26,73360.58,0.0155,73362.07,19JUN26,77000,,C,BTC-19JUN26-77000-C
,0.0001,11.5,0.00010333,1779961342011,11.5,64.18,73360.04,index_price,73360.58,,73362.07,31MAY26,85000,,C,BTC-31MAY26-85000-C
0.2455,0.248,0.0,0.24700457,1779961342011,0.0,48.49,73666.19,BTC-31JUL26,73360.58,0.24675,73362.07,31JUL26,56000,,C,BTC-31JUL26-56000-C
0.0013,0.0015,989.3,0.00133277,1779961342011,0.1,49.86,74658.06,BTC-25DEC26,73360.58,0.0014,73362.07,25DEC26,190000,,C,BTC-25DEC26-190000-C
0.421,0.43,104.4,0.42447512,1779961342011,0.0,37.82,74013.71,BTC-25SEP26,73360.58,0.4255,73362.07,25SEP26,105000,,P,BTC-25SEP26-105000-P
0.0115,0.012,147.1,0.01173909,1779961342011,8.0,44.84,73666.19,BTC-31JUL26,73360.58,0.01175,73362.07,31JUL26,60000,,P,BTC-31JUL26-60000-P
0.0043,0.0045,845.7,0.00443662,1779961342011,327.7,33.48,73392.07,BTC-5JUN26,73360.58,0.0044,73362.07,5JUN26,77000,,C,BTC-5JUN26-77000-C
1.9775,2.1975,0.0,2.08131837,1779961342011,0.0,53.36,74658.06,BTC-25DEC26,73360.58,2.0875,73362.07,25DEC26,230000,,P,BTC-25DEC26-230000-P
0.102,0.103,1593.5,0.10263397,1779961342011,14.4,39.26,74013.78,BTC-25SEP26,73360.58,0.1025,73362.07,25SEP26,72000,,C,BTC-25SEP26-72000-C
0.7495,0.765,21.9,0.75762234,1779961342011,0.0,42.81,74013.79,BTC-25SEP26,73360.58,0.75725,73362.07,25SEP26,130000,,P,BTC-25SEP26-130000-P
0.086,0.094,0.2,0.09058363,1779961342011,0.0,50.1,73360.04,index_price,73360.58,0.09,73362.07,30MAY26,80000,,P,BTC-30MAY26-80000-P
,0.0001,892.0,0.0,1779961342011,0.0,69.97,73356.79,BTC-29MAY26,73360.58,,73362.07,29MAY26,105000,,C,BTC-29MAY26-105000-C
0.0635,0.0645,1529.8,0.06391575,1779961342011,19.9,39.83,74013.78,BTC-25SEP26,73360.58,0.064,73362.07,25SEP26,70000,,P,BTC-25SEP26-70000-P
0.089,0.0935,97.2,0.09104352,1779961342011,30.5,34.7,73392.07,BTC-5JUN26,73360.58,0.09125,73362.07,5JUN26,80000,,P,BTC-5JUN26-80000-P
0.0085,0.0095,1269.8,0.00903181,1779961342011,2.0,43.45,75305.81,BTC-26MAR27,73360.58,0.009,73362.07,26MAR27,150000,,C,BTC-26MAR27-150000-C
0.017,0.0175,2131.8,0.01731002,1779961342011,18.9,54.78,74658.06,BTC-25DEC26,73360.58,0.01725,73362.07,25DEC26,45000,,P,BTC-25DEC26-45000-P
0.0001,0.0002,2500.3,0.00014577,1779961342011,32.4,56.55,73510.99,BTC-26JUN26,73360.58,0.00015,73362.07,26JUN26,115000,,C,BTC-26JUN26-115000-C
0.0008,0.0009,131.3,0.00092523,1779961342011,8.3,35.66,73411.15,BTC-12JUN26,73360.58,0.00085,73362.07,12JUN26,84000,,C,BTC-12JUN26-84000-C
0.015,0.0155,1929.4,0.01507623,1779961342011,71.8,39.3,73510.99,BTC-26JUN26,73360.58,0.01525,73362.07,26JUN26,68000,,P,BTC-26JUN26-68000-P
,0.0001,1628.5,0.0,1779961342011,7.2,69.97,73356.79,BTC-29MAY26,73360.58,,73362.07,29MAY26,94000,,C,BTC-29MAY26-94000-C
0.0001,0.0003,0.4,0.00017394,1779961342011,0.4,58.49,73360.04,index_price,73360.58,0.0002,73362.07,31MAY26,65000,,P,BTC-31MAY26-65000-P
0.0585,0.061,521.5,0.05964366,1779961342011,6.2,61.31,73356.79,BTC-29MAY26,73360.58,0.05975,73362.07,29MAY26,69000,,C,BTC-29MAY26-69000-C
0.083,0.1225,0.0,0.1177253,1779961342011,0.0,52.74,73360.04,index_price,73360.58,0.10275,73362.07,31MAY26,82000,,P,BTC-31MAY26-82000-P
0.0029,0.0032,1077.2,0.00308836,1779961342011,375.3,32.45,73356.87,BTC-29MAY26,73360.58,0.00305,73362.07,29MAY26,74000,,C,BTC-29MAY26-74000-C
0.0001,0.0002,21.6,0.0001525,1779961342011,18.8,45.58,73360.04,index_price,73360.58,0.00015,73362.07,30MAY26,79000,,C,BTC-30MAY26-79000-C
0.011,0.013,2634.5,0.0118684,1779961342011,384.9,32.45,73356.79,BTC-29MAY26,73360.58,0.012,73362.07,29MAY26,74000,,P,BTC-29MAY26-74000-P
0.103,0.106,500.4,0.10421374,1779961342011,0.5,69.96,73356.87,BTC-29MAY26,73360.58,0.1045,73362.07,29MAY26,81000,,P,BTC-29MAY26-81000-P
3.207,3.5115,0.0,3.35309654,1779961342011,0.0,99.84,73510.99,BTC-26JUN26,73360.58,3.35925,73362.07,26JUN26,320000,,P,BTC-26JUN26-320000-P
0.0021,0.0024,0.2,0.00218128,1779961342011,0.2,37.96,73372.962,SYN.BTC-1JUN26,73360.58,0.00225,73362.07,1JUN26,70000,,P,BTC-1JUN26-70000-P
0.1805,0.183,172.8,0.18206458,1779961342011,0.0,96.06,73356.79,BTC-29MAY26,73360.58,0.18175,73362.07,29MAY26,60000,,C,BTC-29MAY26-60000-C
,0.0002,279.7,9.1e-05,1779961342011,0.0,58.64,74013.71,BTC-25SEP26,73360.58,,73362.07,25SEP26,220000,,C,BTC-25SEP26-220000-C
0.0435,0.045,16.7,0.0443359,1779961342011,1.3,41.61,75305.81,BTC-26MAR27,73360.58,0.04425,73362.07,26MAR27,106000,,C,BTC-26MAR27-106000-C
0.039,0.04,0.0,0.03977043,1779961342011,0.0,35.61,73839.66,SYN.BTC-28AUG26,73360.58,0.0395,73362.07,28AUG26,80000,,C,BTC-28AUG26-80000-C
0.0085,0.009,4086.7,0.00881501,1779961342011,28.0,37.18,74013.79,BTC-25SEP26,73360.58,0.00875,73362.07,25SEP26,100000,,C,BTC-25SEP26-100000-C
0.061,0.063,18.6,0.06208786,1779961342011,0.0,41.8,75305.81,BTC-26MAR27,73360.58,0.062,73362.07,26MAR27,98000,,C,BTC-26MAR27-98000-C
0.0044,0.0048,272.4,0.0046024,1779961342011,1.8,35.0,73666.19,BTC-31JUL26,73360.58,0.0046,73362.07,31JUL26,92000,,C,BTC-31JUL26-92000-C
0.0255,0.0265,3375.7,0.02615234,1779961342011,2.2,44.34,74013.78,BTC-25SEP26,73360.58,0.026,73362.07,25SEP26,60000,,P,BTC-25SEP26-60000-P
0.0004,0.0006,916.5,0.00051072,1779961342011,156.0,37.78,73392.07,BTC-5JUN26,73360.58,0.0005,73362.07,5JUN26,82000,,C,BTC-5JUN26-82000-C
0.11,0.1115,369.6,0.11072205,1779961342011,1.7,43.08,74657.45,BTC-25DEC26,73360.58,0.11075,73362.07,25DEC26,72000,,P,BTC-25DEC26-72000-P
0.3105,0.3145,1.0,0.31312647,1779961342011,0.0,48.71,75305.81,BTC-26MAR27,73360.58,0.3125,73362.07,26MAR27,56000,,C,BTC-26MAR27-56000-C
,0.0001,461.8,1.037e-05,1779961342011,0.0,96.06,73356.79,BTC-29MAY26,73360.58,,73362.07,29MAY26,63000,,P,BTC-29MAY26-63000-P
0.0038,0.004,1057.3,0.00394343,1779961342011,97.4,34.31,73510.99,BTC-26JUN26,73360.58,0.0039,73362.07,26JUN26,84000,,C,BTC-26JUN26-84000-C
0.007,0.008,57.7,0.00739588,1779961342011,19.2,40.44,73411.19,BTC-12JUN26,73360.58,0.0075,73362.07,12JUN26,68000,,P,BTC-12JUN26-68000-P
0.0425,0.0435,1496.2,0.04306491,1779961342011,133.9,35.2,73510.99,BTC-26JUN26,73360.58,0.043,73362.07,26JUN26,74000,,P,BTC-26JUN26-74000-P
0.0225,0.0235,0.0,0.02284942,1779961342011,0.0,42.67,73839.66,SYN.BTC-28AUG26,73360.58,0.023,73362.07,28AUG26,62000,,P,BTC-28AUG26-62000-P
0.1415,0.146,26.6,0.14367767,1779961342011,0.0,34.03,73666.19,BTC-31JUL26,73360.58,0.14375,73362.07,31JUL26,83000,,P,BTC-31JUL26-83000-P
0.1545,0.163,0.0,0.15862785,1779961342011,0.0,50.66,73360.04,index_price,73360.58,0.15875,73362.07,30MAY26,85000,,P,BTC-30MAY26-85000-P
0.0065,0.007,1.8,0.00663044,1779961342011,1.8,32.73,73360.04,index_price,73360.58,0.00675,73362.07,31MAY26,72500,,P,BTC-31MAY26-72500-P
3.7325,4.0755,0.3,3.8972336,1779961342011,0.0,102.24,73510.99,BTC-26JUN26,73360.58,3.904,73362.07,26JUN26,360000,,P,BTC-26JUN26-360000-P
0.0505,0.052,2333.9,0.05150998,1779961342011,518.0,36.36,73510.91,BTC-26JUN26,73360.58,0.05125,73362.07,26JUN26,72000,,C,BTC-26JUN26-72000-C
,0.0001,1222.2,8.93e-06,1779961342011,0.0,75.17,73510.91,BTC-26JUN26,73360.58,,73362.07,26JUN26,160000,,C,BTC-26JUN26-160000-C
0.0004,0.0005,83.9,0.00043733,1779961342011,91.5,35.92,73356.79,BTC-29MAY26,73360.58,0.00045,73362.07,29MAY26,75500,,C,BTC-29MAY26-75500-C
0.287,0.2905,39.7,0.28892601,1779961342011,0.0,48.32,74658.06,BTC-25DEC26,73360.58,0.28875,73362.07,25DEC26,56000,,C,BTC-25DEC26-56000-C
0.0185,0.0215,890.4,0.02017858,1779961342011,50.8,38.12,73356.87,BTC-29MAY26,73360.58,0.02,73362.07,29MAY26,72000,,C,BTC-29MAY26-72000-C
0.0002,0.0004,20.6,0.00027832,1779961342011,16.9,34.34,73360.04,index_price,73360.58,0.0003,73362.07,31MAY26,78000,,C,BTC-31MAY26-78000-C
0.1345,0.1385,19.6,0.13653919,1779961342011,2.0,43.14,73510.99,BTC-26JUN26,73360.58,0.1365,73362.07,26JUN26,64000,,C,BTC-26JUN26-64000-C
0.2425,0.249,2.3,0.2452672,1779961342011,0.0,42.69,75305.81,BTC-26MAR27,73360.58,0.24575,73362.07,26MAR27,86000,,P,BTC-26MAR27-86000-P
0.0185,0.02,830.0,0.01917448,1779961342011,29.3,56.42,75305.81,BTC-26MAR27,73360.58,0.01925,73362.07,26MAR27,40000,,P,BTC-26MAR27-40000-P
,0.0001,813.7,2.5e-07,1779961342011,0.0,89.15,73510.99,BTC-26JUN26,73360.58,,73362.07,26JUN26,230000,,C,BTC-26JUN26-230000-C
0.024,0.026,189.9,0.02489115,1779961342011,4.6,41.64,75305.81,BTC-26MAR27,73360.58,0.025,73362.07,26MAR27,120000,,C,BTC-26MAR27-120000-C
0.0845,0.086,281.2,0.08529344,1779961342011,5.0,35.16,73666.19,BTC-31JUL26,73360.58,0.08525,73362.07,31JUL26,77000,,P,BTC-31JUL26-77000-P
1.761,1.9605,0.0,1.85672023,1779961342011,0.0,86.05,73510.99,BTC-26JUN26,73360.58,1.86075,73362.07,26JUN26,210000,,P,BTC-26JUN26-210000-P
0.006,0.0065,625.8,0.00633209,1779961342011,258.9,38.65,73392.07,BTC-5JUN26,73360.58,0.00625,73362.07,5JUN26,70000,,P,BTC-5JUN26-70000-P
0.0001,0.0005,824.8,0.0002427,1779961342011,0.0,56.01,74013.71,BTC-25SEP26,73360.58,0.0003,73362.07,25SEP26,190000,,C,BTC-25SEP26-190000-C
1.235,1.397,1.9,1.31258525,1779961342011,0.0,75.18,73510.99,BTC-26JUN26,73360.58,1.316,73362.07,26JUN26,170000,,P,BTC-26JUN26-170000-P
0.056,0.0575,53.4,0.05676218,1779961342011,0.0,48.71,75305.81,BTC-26MAR27,73360.58,0.05675,73362.07,26MAR27,56000,,P,BTC-26MAR27-56000-P
0.195,0.203,0.0,0.19918811,1779961342012,0.0,48.86,73392.07,BTC-5JUN26,73360.58,0.199,73362.07,5JUN26,88000,,P,BTC-5JUN26-88000-P
0.172,0.174,52.9,0.17311604,1779961342012,0.0,42.25,74013.79,BTC-25SEP26,73360.58,0.173,73362.07,25SEP26,64000,,C,BTC-25SEP26-64000-C
,0.0001,2392.3,6.604e-05,1779961342012,49.4,92.5,73356.87,BTC-29MAY26,73360.58,,73362.07,29MAY26,65000,,P,BTC-29MAY26-65000-P
0.153,0.156,14.0,0.15480283,1779961342012,0.0,96.06,73356.79,BTC-29MAY26,73360.58,0.1545,73362.07,29MAY26,62000,,C,BTC-29MAY26-62000-C
0.2765,0.283,1.3,0.27956177,1779961342012,0.0,35.48,73666.19,BTC-31JUL26,73360.58,0.27975,73362.07,31JUL26,94000,,P,BTC-31JUL26-94000-P
0.047,0.098,0.0,0.06447344,1779961342012,0.0,37.87,73461.03,SYN.BTC-19JUN26,73360.58,0.0725,73362.07,19JUN26,70000,,C,BTC-19JUN26-70000-C
1.872,2.0815,1.8,1.97256829,1779961342012,0.0,58.64,74013.71,BTC-25SEP26,73360.58,1.97675,73362.07,25SEP26,220000,,P,BTC-25SEP26-220000-P
0.142,0.1495,13.8,0.14481366,1779961342012,0.0,40.88,73392.07,BTC-5JUN26,73360.58,0.14575,73362.07,5JUN26,84000,,P,BTC-5JUN26-84000-P
0.3535,0.3565,59.9,0.35542597,1779961342012,0.0,51.48,74658.06,BTC-25DEC26,73360.58,0.355,73362.07,25DEC26,50000,,C,BTC-25DEC26-50000-C
0.0003,0.0005,0.0,0.00041004,1779961342012,0.0,36.96,73372.558,SYN.BTC-1JUN26,73360.58,0.0004,73362.07,1JUN26,79000,,C,BTC-1JUN26-79000-C
0.0046,0.005,324.0,0.00497984,1779961342012,38.3,33.49,73411.15,BTC-12JUN26,73360.58,0.0048,73362.07,12JUN26,79000,,C,BTC-12JUN26-79000-C
0.0006,0.0008,547.5,0.00068626,1779961342012,22.8,36.01,73392.07,BTC-5JUN26,73360.58,0.0007,73362.07,5JUN26,81000,,C,BTC-5JUN26-81000-C
0.007,0.0075,253.5,0.00719585,1779961342012,10.9,48.49,73666.19,BTC-31JUL26,73360.58,0.00725,73362.07,31JUL26,56000,,P,BTC-31JUL26-56000-P
,0.0001,1258.2,0.0,1779961342012,0.0,96.99,73356.79,BTC-29MAY26,73360.58,,73362.07,29MAY26,50000,,P,BTC-29MAY26-50000-P
0.0028,0.0031,0.0,0.00295301,1779961342012,0.0,39.93,73360.04,index_price,73360.58,0.00295,73362.07,30MAY26,71500,,P,BTC-30MAY26-71500-P
0.0075,0.0085,374.0,0.00817589,1779961342012,121.2,34.37,73666.19,BTC-31JUL26,73360.58,0.008,73362.07,31JUL26,88000,,C,BTC-31JUL26-88000-C
0.0042,0.0045,2138.2,0.0043229,1779961342012,28.4,61.87,74013.79,BTC-25SEP26,73360.58,0.00435,73362.07,25SEP26,40000,,P,BTC-25SEP26-40000-P
0.126,0.1285,10.0,0.12756812,1779961342012,0.0,96.06,73356.79,BTC-29MAY26,73360.58,0.12725,73362.07,29MAY26,64000,,C,BTC-29MAY26-64000-C
2.6555,2.921,0.0,2.7830847,1779961342012,0.0,63.11,74013.79,BTC-25SEP26,73360.58,2.78825,73362.07,25SEP26,280000,,P,BTC-25SEP26-280000-P
0.0575,0.0605,133.4,0.05878617,1779961342012,4.3,33.57,73411.15,BTC-12JUN26,73360.58,0.059,73362.07,12JUN26,77000,,P,BTC-12JUN26-77000-P
0.0225,0.0235,119.8,0.02324766,1779961342012,116.0,34.9,73392.07,BTC-5JUN26,73360.58,0.023,73362.07,5JUN26,73000,,C,BTC-5JUN26-73000-C
0.9625,1.045,4.6,0.97252888,1779961342012,0.0,72.4,73510.99,BTC-26JUN26,73360.58,1.00375,73362.07,26JUN26,145000,,P,BTC-26JUN26-145000-P
0.137,0.1445,3.9,0.14117801,1779961342012,0.0,96.06,73356.79,BTC-29MAY26,73360.58,0.14075,73362.07,29MAY26,63000,,C,BTC-29MAY26-63000-C
0.0046,0.005,1706.4,0.00485715,1779961342012,565.0,34.94,73356.79,BTC-29MAY26,73360.58,0.0048,73362.07,29MAY26,73000,,P,BTC-29MAY26-73000-P
0.208,0.2105,99.0,0.20934813,1779961342012,10.6,96.06,73356.87,BTC-29MAY26,73360.58,0.20925,73362.07,29MAY26,58000,,C,BTC-29MAY26-58000-C
0.4875,0.501,1.1,0.4939261,1779961342012,0.0,41.05,73666.19,BTC-31JUL26,73360.58,0.49425,73362.07,31JUL26,110000,,P,BTC-31JUL26-110000-P
0.0025,0.0029,181.0,0.00272337,1779961342012,6.5,36.0,73666.19,BTC-31JUL26,73360.58,0.0027,73362.07,31JUL26,96000,,C,BTC-31JUL26-96000-C
0.0012,0.0015,262.3,0.00135923,1779961342012,0.3,37.84,73666.19,BTC-31JUL26,73360.58,0.00135,73362.07,31JUL26,102000,,C,BTC-31JUL26-102000-C
0.1425,0.1475,0.0,0.14518771,1779961342012,0.0,35.66,73411.15,BTC-12JUN26,73360.58,0.145,73362.07,12JUN26,84000,,P,BTC-12JUN26-84000-P
0.209,0.2135,3.8,0.21037968,1779961342012,0.0,43.07,75305.81,BTC-26MAR27,73360.58,0.21125,73362.07,26MAR27,82000,,P,BTC-26MAR27-82000-P
0.209,0.2115,12.7,0.2103753,1779961342012,0.0,45.19,74658.06,BTC-25DEC26,73360.58,0.21025,73362.07,25DEC26,64000,,C,BTC-25DEC26-64000-C
0.328,0.336,0.4,0.33211915,1779961342012,0.0,41.97,75305.64,BTC-26MAR27,73360.58,0.332,73362.07,26MAR27,95000,,P,BTC-26MAR27-95000-P
0.0075,0.0085,34.9,0.00805591,1779961342012,28.5,35.74,73360.04,index_price,73360.58,0.008,73362.07,30MAY26,73000,,P,BTC-30MAY26-73000-P
0.0865,0.1535,0.0,0.11777266,1779961342012,0.0,46.64,73372.558,SYN.BTC-1JUN26,73360.58,0.12,73362.07,1JUN26,82000,,P,BTC-1JUN26-82000-P
0.0007,0.0009,130.5,0.00069322,1779961342012,1.0,41.05,73665.67,BTC-31JUL26,73360.58,0.0008,73362.07,31JUL26,110000,,C,BTC-31JUL26-110000-C
0.041,0.0425,1324.0,0.04180982,1779961342012,150.2,40.13,74658.06,BTC-25DEC26,73360.58,0.04175,73362.07,25DEC26,95000,,C,BTC-25DEC26-95000-C
0.6225,0.6365,0.0,0.62941116,1779961342012,0.0,45.88,73666.19,BTC-31JUL26,73360.58,0.6295,73362.07,31JUL26,120000,,P,BTC-31JUL26-120000-P
0.0003,0.0004,2.1,0.00034041,1779961342012,2.1,61.64,73360.04,index_price,73360.58,0.00035,73362.07,30MAY26,67000,,P,BTC-30MAY26-67000-P
0.013,0.014,1413.6,0.01372687,1779961342012,6.7,36.73,74013.79,BTC-25SEP26,73360.58,0.0135,73362.07,25SEP26,95000,,C,BTC-25SEP26-95000-C
0.0185,0.021,30.9,0.01926225,1779961342012,26.1,32.78,73360.04,index_price,73360.58,0.01975,73362.07,30MAY26,74500,,P,BTC-30MAY26-74500-P
,0.0002,0.3,0.00015646,1779961342012,0.3,52.74,73360.04,index_price,73360.58,,73362.07,31MAY26,82000,,C,BTC-31MAY26-82000-C
0.5285,0.5305,15.1,0.52979586,1779961342012,0.0,67.66,74013.79,BTC-25SEP26,73360.58,0.5295,73362.07,25SEP26,35000,,C,BTC-25SEP26-35000-C
,0.0001,556.1,1.3e-07,1779961342012,0.0,89.88,73510.99,BTC-26JUN26,73360.58,,73362.07,26JUN26,240000,,C,BTC-26JUN26-240000-C
2.107,2.3365,0.0,2.21526002,1779961342012,0.0,55.04,74658.06,BTC-25DEC26,73360.58,2.22175,73362.07,25DEC26,240000,,P,BTC-25DEC26-240000-P
0.023,0.062,0.0,0.04989477,1779961342012,0.0,30.94,73360.04,index_price,73360.58,0.0425,73362.07,31MAY26,77000,,P,BTC-31MAY26-77000-P
,0.0001,0.0,8e-08,1779961342012,0.0,54.66,73360.04,index_price,73360.58,,73362.07,30MAY26,87000,,C,BTC-30MAY26-87000-C
0.143,0.2425,0.0,0.18471572,1779961342012,0.0,34.93,73839.66,SYN.BTC-28AUG26,73360.58,0.19275,73362.07,28AUG26,86000,,P,BTC-28AUG26-86000-P
,0.0001,424.2,0.0,1779961342012,0.0,109.4,73356.79,BTC-29MAY26,73360.58,,73362.07,29MAY26,45000,,P,BTC-29MAY26-45000-P
0.2185,0.225,23.4,0.22209048,1779961342012,0.0,40.84,74658.06,BTC-25DEC26,73360.58,0.22175,73362.07,25DEC26,86000,,P,BTC-25DEC26-86000-P
0.0435,0.045,0.0,0.04430231,1779961342012,0.0,35.8,73839.66,SYN.BTC-28AUG26,73360.58,0.04425,73362.07,28AUG26,79000,,C,BTC-28AUG26-79000-C
0.0001,0.0004,1131.6,0.00020408,1779961342012,0.1,57.77,74013.79,BTC-25SEP26,73360.58,0.00025,73362.07,25SEP26,200000,,C,BTC-25SEP26-200000-C
0.1035,0.109,0.0,0.10564636,1779961342012,0.0,36.05,73839.66,SYN.BTC-28AUG26,73360.58,0.10625,73362.07,28AUG26,78000,,P,BTC-28AUG26-78000-P
0.0505,0.054,6.9,0.05255421,1779961342012,1.0,38.65,73392.07,BTC-5JUN26,73360.58,0.05225,73362.07,5JUN26,70000,,C,BTC-5JUN26-70000-C
0.9735,1.09,0.0,1.00091026,1779961342012,0.0,43.45,75305.64,BTC-26MAR27,73360.58,1.03175,73362.07,26MAR27,150000,,P,BTC-26MAR27-150000-P
0.0002,0.0004,0.1,0.00030137,1779961342012,0.1,40.17,73372.558,SYN.BTC-1JUN26,73360.58,0.0003,73362.07,1JUN26,80000,,C,BTC-1JUN26-80000-C
0.0065,0.007,1804.8,0.00647212,1779961342012,7.2,55.99,74013.79,BTC-25SEP26,73360.58,0.00675,73362.07,25SEP26,45000,,P,BTC-25SEP26-45000-P
,0.0001,1351.3,2.21e-06,1779961342012,1.2,69.96,73356.87,BTC-29MAY26,73360.58,,73362.07,29MAY26,83000,,C,BTC-29MAY26-83000-C
0.1125,0.115,23.5,0.11396927,1779961342012,0.0,92.5,73356.79,BTC-29MAY26,73360.58,0.11375,73362.07,29MAY26,65000,,C,BTC-29MAY26-65000-C
0.0365,0.038,92.0,0.03760334,1779961342012,0.0,41.62,75305.81,BTC-26MAR27,73360.58,0.03725,73362.07,26MAR27,110000,,C,BTC-26MAR27-110000-C
0.0006,0.001,476.7,0.00073823,1779961342012,0.1,46.85,74013.79,BTC-25SEP26,73360.58,0.0008,73362.07,25SEP26,145000,,C,BTC-25SEP26-145000-C
0.02,0.0215,86.9,0.02066126,1779961342012,41.2,41.87,75305.81,BTC-26MAR27,73360.58,0.02075,73362.07,26MAR27,125000,,C,BTC-26MAR27-125000-C
0.9625,1.0945,2.1,1.01239723,1779961342012,0.0,44.14,74657.45,BTC-25DEC26,73360.58,1.0285,73362.07,25DEC26,150000,,P,BTC-25DEC26-150000-P
0.099,0.109,0.0,0.10410751,1779961342012,0.0,48.07,73360.04,index_price,73360.58,0.104,73362.07,31MAY26,81000,,P,BTC-31MAY26-81000-P
0.0015,0.0019,2041.7,0.00168144,1779961342012,1222.1,38.12,73356.79,BTC-29MAY26,73360.58,0.0017,73362.07,29MAY26,72000,,P,BTC-29MAY26-72000-P
0.0003,0.0006,828.6,0.00043496,1779961342012,0.0,49.74,74013.79,BTC-25SEP26,73360.58,0.00045,73362.07,25SEP26,160000,,C,BTC-25SEP26-160000-C
0.059,0.0665,0.2,0.06338895,1779961342012,0.4,39.62,73360.04,index_price,73360.58,0.06275,73362.07,30MAY26,78000,,P,BTC-30MAY26-78000-P
0.12,0.124,207.2,0.12182862,1779961342012,0.1,33.95,73510.99,BTC-26JUN26,73360.58,0.122,73362.07,26JUN26,82000,,P,BTC-26JUN26-82000-P
0.2255,0.2285,11.9,0.22690337,1779961342012,0.4,69.97,73356.79,BTC-29MAY26,73360.58,0.227,73362.07,29MAY26,90000,,P,BTC-29MAY26-90000-P
0.0045,0.0049,1.5,0.00473057,1779961342012,1.5,34.08,73372.962,SYN.BTC-1JUN26,73360.58,0.0047,73362.07,1JUN26,71500,,P,BTC-1JUN26-71500-P
0.0345,0.036,184.0,0.03521203,1779961342012,0.0,40.06,74657.45,BTC-25DEC26,73360.58,0.03525,73362.07,25DEC26,98000,,C,BTC-25DEC26-98000-C
0.2635,0.27,0.0,0.26649244,1779961342012,0.0,35.25,73666.19,BTC-31JUL26,73360.58,0.26675,73362.07,31JUL26,93000,,P,BTC-31JUL26-93000-P
0.4555,0.5205,0.0,0.46652602,1779961342012,0.0,40.09,74657.45,BTC-25DEC26,73360.58,0.488,73362.07,25DEC26,108000,,P,BTC-25DEC26-108000-P
0.0009,0.0012,0.3,0.00104788,1779961342012,0.3,31.59,73372.558,SYN.BTC-1JUN26,73360.58,0.00105,73362.07,1JUN26,77000,,C,BTC-1JUN26-77000-C
0.042,0.0455,8.9,0.04327964,1779961342012,0.0,29.6,73360.04,index_price,73360.58,0.04375,73362.07,31MAY26,76500,,P,BTC-31MAY26-76500-P
0.236,0.3385,0.0,0.2810363,1779961342012,0.0,35.39,73839.66,SYN.BTC-28AUG26,73360.58,0.28725,73362.07,28AUG26,94000,,P,BTC-28AUG26-94000-P
0.031,0.032,543.7,0.03160727,1779961342012,22.4,36.72,74013.71,BTC-25SEP26,73360.58,0.0315,73362.07,25SEP26,86000,,C,BTC-25SEP26-86000-C
0.013,0.0145,2538.4,0.01379394,1779961342012,78.0,40.5,74658.06,BTC-25DEC26,73360.58,0.01375,73362.07,25DEC26,115000,,C,BTC-25DEC26-115000-C
0.019,0.0195,456.7,0.01934893,1779961342012,85.2,41.74,73666.19,BTC-31JUL26,73360.58,0.01925,73362.07,31JUL26,64000,,P,BTC-31JUL26-64000-P
0.0038,0.0042,103.5,0.00403192,1779961342012,1.1,35.25,73666.19,BTC-31JUL26,73360.58,0.004,73362.07,31JUL26,93000,,C,BTC-31JUL26-93000-C
0.8465,0.879,0.0,0.87138146,1779961342012,0.0,42.74,75305.81,BTC-26MAR27,73360.58,0.86275,73362.07,26MAR27,140000,,P,BTC-26MAR27-140000-P
0.0115,0.0125,2.6,0.01187258,1779961342012,2.7,30.72,73360.04,index_price,73360.58,0.012,73362.07,31MAY26,73500,,P,BTC-31MAY26-73500-P
0.0615,0.1055,0.0,0.07418582,1779961342012,0.0,44.88,73372.962,SYN.BTC-1JUN26,73360.58,0.0835,73362.07,1JUN26,68000,,C,BTC-1JUN26-68000-C
0.1675,0.1705,933.2,0.16947919,1779961342012,2.2,41.76,74658.06,BTC-25DEC26,73360.58,0.169,73362.07,25DEC26,80000,,P,BTC-25DEC26-80000-P
0.018,0.0185,119.1,0.01800261,1779961342012,0.0,46.88,74013.79,BTC-25SEP26,73360.58,0.01825,73362.07,25SEP26,56000,,P,BTC-25SEP26-56000-P
0.123,0.125,75.0,0.12390497,1779961342012,13.2,45.07,75305.64,BTC-26MAR27,73360.58,0.124,73362.07,26MAR27,70000,,P,BTC-26MAR27-70000-P
0.049,0.0515,750.1,0.04983763,1779961342012,14.3,45.79,73356.79,BTC-29MAY26,73360.58,0.05025,73362.07,29MAY26,77000,,P,BTC-29MAY26-77000-P
0.1765,0.181,15.2,0.17850435,1779961342012,0.0,34.28,73666.19,BTC-31JUL26,73360.58,0.17875,73362.07,31JUL26,86000,,P,BTC-31JUL26-86000-P
0.0012,0.0014,40.6,0.00130983,1779961342012,39.0,32.55,73360.04,index_price,73360.58,0.0013,73362.07,30MAY26,75500,,C,BTC-30MAY26-75500-C
0.239,0.242,0.3,0.24079862,1779961342012,0.0,46.41,75305.81,BTC-26MAR27,73360.58,0.2405,73362.07,26MAR27,64000,,C,BTC-26MAR27-64000-C
0.1845,0.1875,157.8,0.1860768,1779961342012,0.0,41.39,74657.45,BTC-25DEC26,73360.58,0.186,73362.07,25DEC26,82000,,P,BTC-25DEC26-82000-P
0.0485,0.05,0.0,0.04930347,1779961342012,0.0,36.05,73839.66,SYN.BTC-28AUG26,73360.58,0.04925,73362.07,28AUG26,78000,,C,BTC-28AUG26-78000-C
0.016,0.0165,274.8,0.01631938,1779961342012,266.0,34.2,73392.07,BTC-5JUN26,73360.58,0.01625,73362.07,5JUN26,74000,,C,BTC-5JUN26-74000-C
0.0034,0.0038,4821.5,0.00357444,1779961342012,270.9,48.08,73510.99,BTC-26JUN26,73360.58,0.0036,73362.07,26JUN26,60000,,P,BTC-26JUN26-60000-P
0.257,0.2645,596.1,0.26137322,1779961342012,0.0,40.45,74657.45,BTC-25DEC26,73360.58,0.26075,73362.07,25DEC26,90000,,P,BTC-25DEC26-90000-P
0.0029,0.0033,45.2,0.00308382,1779961342012,2.1,35.71,73666.19,BTC-31JUL26,73360.58,0.0031,73362.07,31JUL26,95000,,C,BTC-31JUL26-95000-C
0.0095,0.0105,0.0,0.01001271,1779961342012,0.0,35.16,73839.66,SYN.BTC-28AUG26,73360.58,0.01,73362.07,28AUG26,92000,,C,BTC-28AUG26-92000-C
0.372,0.376,12.8,0.37473063,1779961342012,3.0,51.08,75305.81,BTC-26MAR27,73360.58,0.374,73362.07,26MAR27,50000,,C,BTC-26MAR27-50000-C
0.0002,0.0004,1.4,0.00036062,1779961342012,1.4,32.68,73360.04,index_price,73360.58,0.0003,73362.07,31MAY26,77500,,C,BTC-31MAY26-77500-C
0.06,0.0765,0.0,0.07360434,1779961342012,0.0,33.94,73461.03,SYN.BTC-19JUN26,73360.58,0.06825,73362.07,19JUN26,78000,,P,BTC-19JUN26-78000-P
0.0925,0.095,492.8,0.09384874,1779961342012,9.6,34.88,73666.19,BTC-31JUL26,73360.58,0.09375,73362.07,31JUL26,78000,,P,BTC-31JUL26-78000-P
0.11,0.1195,0.0,0.11418806,1779961342012,0.0,35.8,73839.66,SYN.BTC-28AUG26,73360.58,0.11475,73362.07,28AUG26,79000,,P,BTC-28AUG26-79000-P
1.3305,1.5065,0.0,1.41251161,1779961342012,0.0,48.13,74657.45,BTC-25DEC26,73360.58,1.4185,73362.07,25DEC26,180000,,P,BTC-25DEC26-180000-P
0.1635,0.266,0.0,0.20772926,1779961342012,0.0,34.99,73839.66,SYN.BTC-28AUG26,73360.58,0.21475,73362.07,28AUG26,88000,,P,BTC-28AUG26-88000-P
0.182,0.19,0.1,0.1860066,1779961342012,0.1,69.96,73356.79,BTC-29MAY26,73360.58,0.186,73362.07,29MAY26,87000,,P,BTC-29MAY26-87000-P
,0.0001,1180.5,8.9e-07,1779961342012,0.0,75.45,73510.99,BTC-26JUN26,73360.58,,73362.07,26JUN26,180000,,C,BTC-26JUN26-180000-C
0.29,0.298,983.8,0.29293144,1779961342012,0.4,41.04,73510.99,BTC-26JUN26,73360.58,0.294,73362.07,26JUN26,95000,,P,BTC-26JUN26-95000-P
0.3295,0.3365,0.1,0.33245913,1779961342012,0.0,36.55,73666.19,BTC-31JUL26,73360.58,0.333,73362.07,31JUL26,98000,,P,BTC-31JUL26-98000-P
0.26,0.364,0.0,0.30661724,1779961342012,0.0,35.75,73839.66,SYN.BTC-28AUG26,73360.58,0.312,73362.07,28AUG26,96000,,P,BTC-28AUG26-96000-P
0.0195,0.02,0.1,0.02002996,1779961342012,0.1,34.93,73839.66,SYN.BTC-28AUG26,73360.58,0.01975,73362.07,28AUG26,86000,,C,BTC-28AUG26-86000-C
0.0855,0.0885,0.0,0.08706927,1779961342012,0.0,61.64,73360.04,index_price,73360.58,0.087,73362.07,30MAY26,67000,,C,BTC-30MAY26-67000-C
0.069,0.0705,212.1,0.069727,1779961342012,4.8,35.79,73666.19,BTC-31JUL26,73360.58,0.06975,73362.07,31JUL26,75000,,P,BTC-31JUL26-75000-P
0.0075,0.0085,2105.4,0.0079549,1779961342012,0.1,63.29,74658.06,BTC-25DEC26,73360.58,0.008,73362.07,25DEC26,35000,,P,BTC-25DEC26-35000-P
0.009,0.01,422.9,0.00970219,1779961342012,119.1,34.94,73356.79,BTC-29MAY26,73360.58,0.0095,73362.07,29MAY26,73000,,C,BTC-29MAY26-73000-C
0.092,0.095,4.7,0.09324765,1779961342012,0.0,33.6,73411.15,BTC-12JUN26,73360.58,0.0935,73362.07,12JUN26,80000,,P,BTC-12JUN26-80000-P
0.959,1.104,0.7,1.02725731,1779961342012,0.0,47.87,74013.79,BTC-25SEP26,73360.58,1.0315,73362.07,25SEP26,150000,,P,BTC-25SEP26-150000-P
0.0006,0.0009,156.5,0.00074428,1779961342012,111.0,51.12,73360.04,index_price,73360.58,0.00075,73362.07,30MAY26,69000,,P,BTC-30MAY26-69000-P
0.0007,0.0008,1545.4,0.00075093,1779961342012,297.1,33.41,73356.79,BTC-29MAY26,73360.58,0.00075,73362.07,29MAY26,75000,,C,BTC-29MAY26-75000-C
,0.0001,40.1,9.275e-05,1779961342012,38.7,66.24,73356.79,BTC-29MAY26,73360.58,,73362.07,29MAY26,79500,,C,BTC-29MAY26-79500-C
0.0027,0.003,18.5,0.00281462,1779961342012,18.5,35.97,73356.87,BTC-29MAY26,73360.58,0.00285,73362.07,29MAY26,72500,,P,BTC-29MAY26-72500-P
0.038,0.0395,1920.3,0.03869152,1779961342012,8.5,51.08,75305.81,BTC-26MAR27,73360.58,0.03875,73362.07,26MAR27,50000,,P,BTC-26MAR27-50000-P
0.032,0.0335,363.2,0.0328096,1779961342012,64.0,33.61,73392.07,BTC-5JUN26,73360.58,0.03275,73362.07,5JUN26,75000,,P,BTC-5JUN26-75000-P
0.0031,0.0036,163.0,0.00338033,1779961342012,0.5,46.59,75305.81,BTC-26MAR27,73360.58,0.00335,73362.07,26MAR27,190000,,C,BTC-26MAR27-190000-C
0.0015,0.0017,1608.1,0.00161872,1779961342012,317.0,55.22,73510.99,BTC-26JUN26,73360.58,0.0016,73362.07,26JUN26,55000,,P,BTC-26JUN26-55000-P
0.077,0.078,476.2,0.07724553,1779961342012,26.9,35.46,73665.67,BTC-31JUL26,73360.58,0.0775,73362.07,31JUL26,76000,,P,BTC-31JUL26-76000-P
0.017,0.0185,2883.8,0.01783307,1779961342012,29.3,40.15,74658.06,BTC-25DEC26,73360.58,0.01775,73362.07,25DEC26,110000,,C,BTC-25DEC26-110000-C
0.001,0.0013,350.9,0.0011556,1779961342012,0.0,38.75,73666.19,BTC-31JUL26,73360.58,0.00115,73362.07,31JUL26,104000,,C,BTC-31JUL26-104000-C
0.149,0.1815,0.0,0.15897467,1779961342012,0.0,35.84,73461.03,SYN.BTC-19JUN26,73360.58,0.16525,73362.07,19JUN26,85000,,P,BTC-19JUN26-85000-P
0.2085,0.26,4.7,0.21519816,1779961342012,0.0,36.59,74013.71,BTC-25SEP26,73360.58,0.23425,73362.07,25SEP26,88000,,P,BTC-25SEP26-88000-P
2.155,2.3835,0.1,2.26482253,1779961342012,0.0,89.88,73510.99,BTC-26JUN26,73360.58,2.26925,73362.07,26JUN26,240000,,P,BTC-26JUN26-240000-P
0.141,0.1695,0.0,0.1449443,1779961342012,0.0,59.86,73360.58,index_price,73360.58,0.15525,73362.07,31MAY26,84000,,P,BTC-31MAY26-84000-P
0.0585,0.062,0.0,0.06021132,1779961342012,0.0,51.12,73360.04,index_price,73360.58,0.06025,73362.07,30MAY26,69000,,C,BTC-30MAY26-69000-C
0.1625,0.1655,14.3,0.16382359,1779961342012,0.1,43.96,75305.81,BTC-26MAR27,73360.58,0.164,73362.07,26MAR27,76000,,P,BTC-26MAR27-76000-P
0.0027,0.0031,8.2,0.0029239,1779961342012,8.2,29.48,73372.962,SYN.BTC-1JUN26,73360.58,0.0029,73362.07,1JUN26,75500,,C,BTC-1JUN26-75500-C
0.075,0.076,809.5,0.07552844,1779961342012,10.0,38.18,74013.79,BTC-25SEP26,73360.58,0.0755,73362.07,25SEP26,76000,,C,BTC-25SEP26-76000-C
0.038,0.078,0.0,0.04814613,1779961342012,0.0,37.96,73372.962,SYN.BTC-1JUN26,73360.58,0.058,73362.07,1JUN26,70000,,C,BTC-1JUN26-70000-C
0.0002,0.0003,2065.4,0.0002554,1779961342012,148.3,38.22,73356.79,BTC-29MAY26,73360.58,0.00025,73362.07,29MAY26,76000,,C,BTC-29MAY26-76000-C
0.0625,0.1175,0.0,0.09599241,1779961342012,0.0,34.09,73461.03,SYN.BTC-19JUN26,73360.58,0.09,73362.07,19JUN26,80000,,P,BTC-19JUN26-80000-P
0.088,0.0915,1125.3,0.09004564,1779961342012,0.0,39.3,73510.91,BTC-26JUN26,73360.58,0.08975,73362.07,26JUN26,68000,,C,BTC-26JUN26-68000-C
0.0036,0.0039,1559.7,0.00376171,1779961342012,3.0,38.31,74013.79,BTC-25SEP26,73360.58,0.00375,73362.07,25SEP26,110000,,C,BTC-25SEP26-110000-C
0.0325,0.036,0.0,0.0343615,1779961342012,0.0,41.87,73360.04,index_price,73360.58,0.03425,73362.07,30MAY26,71000,,C,BTC-30MAY26-71000-C
0.087,0.0885,189.4,0.08772694,1779961342012,0.7,41.39,74657.45,BTC-25DEC26,73360.58,0.08775,73362.07,25DEC26,82000,,C,BTC-25DEC26-82000-C
0.0445,0.097,0.0,0.07006996,1779961342012,0.0,35.33,73360.58,index_price,73360.58,0.07075,73362.07,31MAY26,78500,,P,BTC-31MAY26-78500-P
0.0002,0.0003,46.8,0.0002099,1779961342012,39.5,36.97,73360.04,index_price,73360.58,0.00025,73362.07,30MAY26,77500,,C,BTC-30MAY26-77500-C
0.0002,0.0004,1506.2,0.00029147,1779961342012,0.1,49.77,73510.91,BTC-26JUN26,73360.58,0.0003,73362.07,26JUN26,105000,,C,BTC-26JUN26-105000-C
0.045,0.0485,0.0,0.04706205,1779961342012,0.0,46.34,73360.04,index_price,73360.58,0.04675,73362.07,30MAY26,70000,,C,BTC-30MAY26-70000-C
0.0255,0.0265,0.0,0.02606734,1779961342012,0.0,36.29,73461.29000000001,SYN.BTC-19JUN26,73360.58,0.026,73362.07,19JUN26,72000,,P,BTC-19JUN26-72000-P
0.0085,0.009,2473.9,0.00861984,1779961342012,666.8,42.1,73510.99,BTC-26JUN26,73360.58,0.00875,73362.07,26JUN26,65000,,P,BTC-26JUN26-65000-P
0.016,0.017,2588.7,0.01640211,1779961342012,12.0,47.58,74013.79,BTC-25SEP26,73360.58,0.0165,73362.07,25SEP26,55000,,P,BTC-25SEP26-55000-P
0.7415,0.755,52.1,0.7480638,1779961342012,0.0,41.78,74658.06,BTC-25DEC26,73360.58,0.74825,73362.07,25DEC26,130000,,P,BTC-25DEC26-130000-P
0.0215,0.023,83.7,0.02236218,1779961342012,8.0,40.09,74657.45,BTC-25DEC26,73360.58,0.02225,73362.07,25DEC26,106000,,C,BTC-25DEC26-106000-C
0.6025,0.604,233.1,0.60328735,1779961342013,0.0,68.32,74658.06,BTC-25DEC26,73360.58,0.60325,73362.07,25DEC26,30000,,C,BTC-25DEC26-30000-C
0.0012,0.0017,919.2,0.00149972,1779961342013,0.0,48.13,74658.06,BTC-25DEC26,73360.58,0.00145,73362.07,25DEC26,180000,,C,BTC-25DEC26-180000-C
0.031,0.032,314.6,0.03145097,1779961342013,67.6,39.01,73666.19,BTC-31JUL26,73360.58,0.0315,73362.07,31JUL26,68000,,P,BTC-31JUL26-68000-P
0.0875,0.089,107.9,0.08817621,1779961342013,9.3,38.68,74013.71,BTC-25SEP26,73360.58,0.08825,73362.07,25SEP26,74000,,P,BTC-25SEP26-74000-P
0.4275,0.499,0.1,0.4421803,1779961342013,0.0,40.09,74657.45,BTC-25DEC26,73360.58,0.46325,73362.07,25DEC26,106000,,P,BTC-25DEC26-106000-P
0.1205,0.2205,0.0,0.16295282,1779961342013,0.0,35.09,73839.66,SYN.BTC-28AUG26,73360.58,0.1705,73362.07,28AUG26,84000,,P,BTC-28AUG26-84000-P
0.129,0.135,0.0,0.13136933,1779961342013,0.0,50.18,73360.04,index_price,73360.58,0.132,73362.07,30MAY26,83000,,P,BTC-30MAY26-83000-P
0.2605,0.267,0.2,0.26359543,1779961342013,0.0,42.51,75305.64,BTC-26MAR27,73360.58,0.26375,73362.07,26MAR27,88000,,P,BTC-26MAR27-88000-P
2.024,2.2425,6.4,2.12878837,1779961342013,0.0,89.15,73510.99,BTC-26JUN26,73360.58,2.13325,73362.07,26JUN26,230000,,P,BTC-26JUN26-230000-P
0.972,1.115,2.3,1.04053213,1779961342013,0.0,72.71,73510.99,BTC-26JUN26,73360.58,1.0435,73362.07,26JUN26,150000,,P,BTC-26JUN26-150000-P
0.0002,0.0003,1257.9,0.0002235,1779961342013,120.5,53.83,73510.91,BTC-26JUN26,73360.58,0.00025,73362.07,26JUN26,110000,,C,BTC-26JUN26-110000-C
0.16,0.163,11.7,0.16171831,1779961342013,0.0,45.76,73510.99,BTC-26JUN26,73360.58,0.1615,73362.07,26JUN26,62000,,C,BTC-26JUN26-62000-C
0.0065,0.0075,133.0,0.00705593,1779961342013,9.0,34.49,73665.67,BTC-31JUL26,73360.58,0.007,73362.07,31JUL26,89000,,C,BTC-31JUL26-89000-C
,0.0001,595.0,3.202e-05,1779961342013,0.5,72.4,73510.99,BTC-26JUN26,73360.58,,73362.07,26JUN26,145000,,C,BTC-26JUN26-145000-C
,0.0001,198.4,4e-08,1779961342013,0.0,91.06,73510.99,BTC-26JUN26,73360.58,,73362.07,26JUN26,260000,,C,BTC-26JUN26-260000-C
0.0585,0.06,634.5,0.05917652,1779961342013,5.1,45.85,74658.06,BTC-25DEC26,73360.58,0.05925,73362.07,25DEC26,62000,,P,BTC-25DEC26-62000-P
,0.0002,3.4,0.00010735,1779961342013,3.4,59.86,73360.04,index_price,73360.58,,73362.07,31MAY26,84000,,C,BTC-31MAY26-84000-C
0.397,0.4,148.2,0.39847953,1779961342013,0.0,55.99,74013.79,BTC-25SEP26,73360.58,0.3985,73362.07,25SEP26,45000,,C,BTC-25SEP26-45000-C
0.292,0.2995,0.8,0.29503325,1779961342013,0.6,69.97,73356.87,BTC-29MAY26,73360.58,0.29575,73362.07,29MAY26,95000,,P,BTC-29MAY26-95000-P
0.156,0.161,0.0,0.1585974,1779961342013,0.0,36.6,73411.15,BTC-12JUN26,73360.58,0.1585,73362.07,12JUN26,85000,,P,BTC-12JUN26-85000-P
0.0025,0.003,286.5,0.00277589,1779961342013,4.3,47.37,75305.81,BTC-26MAR27,73360.58,0.00275,73362.07,26MAR27,200000,,C,BTC-26MAR27-200000-C
0.0435,0.0765,0.0,0.047462,1779961342013,0.0,39.56,73360.04,index_price,73360.58,0.06,73362.07,31MAY26,70000,,C,BTC-31MAY26-70000-C
0.303,0.3095,0.1,0.30590842,1779961342013,0.0,36.0,73666.19,BTC-31JUL26,73360.58,0.30625,73362.07,31JUL26,96000,,P,BTC-31JUL26-96000-P
,0.0001,4004.9,3.592e-05,1779961342013,2.5,143.69,73510.99,BTC-26JUN26,73360.58,,73362.07,26JUN26,20000,,P,BTC-26JUN26-20000-P
0.862,0.935,0.2,0.87978961,1779961342013,0.0,42.92,74658.06,BTC-25DEC26,73360.58,0.8985,73362.07,25DEC26,140000,,P,BTC-25DEC26-140000-P
0.684,0.698,21.6,0.69038041,1779961342013,0.0,41.59,74013.79,BTC-25SEP26,73360.58,0.691,73362.07,25SEP26,125000,,P,BTC-25SEP26-125000-P
0.0055,0.0065,0.1,0.00605229,1779961342013,0.1,29.32,73372.962,SYN.BTC-1JUN26,73360.58,0.006,73362.07,1JUN26,74500,,C,BTC-1JUN26-74500-C
0.0485,0.052,12.4,0.04992473,1779961342013,0.0,36.01,73360.04,index_price,73360.58,0.05025,73362.07,30MAY26,77000,,P,BTC-30MAY26-77000-P
0.1035,0.1085,0.0,0.10578578,1779961342013,0.0,33.73,73411.15,BTC-12JUN26,73360.58,0.106,73362.07,12JUN26,81000,,P,BTC-12JUN26-81000-P
0.2105,0.314,0.0,0.25595561,1779961342013,0.0,35.16,73839.66,SYN.BTC-28AUG26,73360.58,0.26225,73362.07,28AUG26,92000,,P,BTC-28AUG26-92000-P
,0.0001,2885.2,1.2e-07,1779961342013,0.2,69.96,73356.87,BTC-29MAY26,73360.58,,73362.07,29MAY26,85000,,C,BTC-29MAY26-85000-C
0.3735,0.4115,0.0,0.4069202,1779961342013,0.0,41.68,75305.81,BTC-26MAR27,73360.58,0.3925,73362.07,26MAR27,102000,,P,BTC-26MAR27-102000-P
0.0815,0.0835,0.4,0.08251527,1779961342013,0.4,36.92,73839.66,SYN.BTC-28AUG26,73360.58,0.0825,73362.07,28AUG26,75000,,P,BTC-28AUG26-75000-P
0.0065,0.0075,556.2,0.00704159,1779961342013,503.2,33.39,73392.07,BTC-5JUN26,73360.58,0.007,73362.07,5JUN26,76000,,C,BTC-5JUN26-76000-C
0.2515,0.2545,220.5,0.25343025,1779961342013,0.0,55.22,73510.99,BTC-26JUN26,73360.58,0.253,73362.07,26JUN26,55000,,C,BTC-26JUN26-55000-C
0.0665,0.0685,60.7,0.06761444,1779961342013,1.1,41.9,75305.81,BTC-26MAR27,73360.58,0.0675,73362.07,26MAR27,96000,,C,BTC-26MAR27-96000-C
0.329,0.3725,0.1,0.33456547,1779961342013,0.0,36.97,74013.79,BTC-25SEP26,73360.58,0.35075,73362.07,25SEP26,98000,,P,BTC-25SEP26-98000-P
0.462,0.465,31.4,0.46388505,1779961342013,4.0,61.87,74013.79,BTC-25SEP26,73360.58,0.4635,73362.07,25SEP26,40000,,C,BTC-25SEP26-40000-C
0.054,0.0555,0.0,0.05479741,1779961342013,0.0,36.36,73839.66,SYN.BTC-28AUG26,73360.58,0.05475,73362.07,28AUG26,77000,,C,BTC-28AUG26-77000-C
0.116,0.1195,0.0,0.11803046,1779961342013,0.0,44.58,73411.15,BTC-12JUN26,73360.58,0.11775,73362.07,12JUN26,65000,,C,BTC-12JUN26-65000-C
0.0004,0.0007,320.0,0.00051418,1779961342013,1.0,48.81,74013.71,BTC-25SEP26,73360.58,0.00055,73362.07,25SEP26,155000,,C,BTC-25SEP26-155000-C
0.015,0.016,19.3,0.01560236,1779961342013,19.9,30.09,73360.04,index_price,73360.58,0.0155,73362.07,31MAY26,74000,,P,BTC-31MAY26-74000-P
0.1375,0.199,0.0,0.14237442,1779961342013,0.0,35.31,73839.66,SYN.BTC-28AUG26,73360.58,0.16825,73362.07,28AUG26,82000,,P,BTC-28AUG26-82000-P
,0.0001,23.9,1.231e-05,1779961342013,2.6,50.18,73360.04,index_price,73360.58,,73362.07,30MAY26,82000,,C,BTC-30MAY26-82000-C
0.0685,0.0705,3494.0,0.06955172,1779961342013,122.2,37.75,73510.99,BTC-26JUN26,73360.58,0.0695,73362.07,26JUN26,70000,,C,BTC-26JUN26-70000-C
0.042,0.045,8.9,0.04318634,1779961342013,0.0,33.32,73360.04,index_price,73360.58,0.0435,73362.07,30MAY26,76500,,P,BTC-30MAY26-76500-P
0.0043,0.0046,2.1,0.00440918,1779961342013,2.1,43.01,73411.15,BTC-12JUN26,73360.58,0.00445,73362.07,12JUN26,66000,,P,BTC-12JUN26-66000-P
0.0975,0.099,1128.0,0.09860459,1779961342013,13.1,43.57,74658.06,BTC-25DEC26,73360.58,0.09825,73362.07,25DEC26,70000,,P,BTC-25DEC26-70000-P
0.0535,0.0545,585.9,0.05391433,1779961342013,22.9,40.54,74013.79,BTC-25SEP26,73360.58,0.054,73362.07,25SEP26,68000,,P,BTC-25SEP26-68000-P
0.0175,0.0185,293.8,0.01790173,1779961342013,181.6,34.9,73392.07,BTC-5JUN26,73360.58,0.018,73362.07,5JUN26,73000,,P,BTC-5JUN26-73000-P
0.0033,0.0035,514.7,0.00347386,1779961342013,84.2,33.6,73411.19,BTC-12JUN26,73360.58,0.0034,73362.07,12JUN26,80000,,C,BTC-12JUN26-80000-C
0.008,0.009,820.8,0.00834417,1779961342013,32.9,41.17,74658.06,BTC-25DEC26,73360.58,0.0085,73362.07,25DEC26,125000,,C,BTC-25DEC26-125000-C
,0.0001,4.6,2.9e-07,1779961342013,4.6,50.66,73360.04,index_price,73360.58,,73362.07,30MAY26,85000,,C,BTC-30MAY26-85000-C
0.0695,0.0715,72.1,0.07059613,1779961342013,0.0,41.97,75305.64,BTC-26MAR27,73360.58,0.0705,73362.07,26MAR27,95000,,C,BTC-26MAR27-95000-C
0.16,0.162,1261.9,0.16098885,1779961342013,3.3,43.57,74658.06,BTC-25DEC26,73360.58,0.161,73362.07,25DEC26,70000,,C,BTC-25DEC26-70000-C
0.03,0.031,163.0,0.03048267,1779961342013,1.7,34.64,73666.19,BTC-31JUL26,73360.58,0.0305,73362.07,31JUL26,79000,,C,BTC-31JUL26-79000-C
0.0049,0.0055,1632.3,0.00512267,1779961342013,0.1,68.32,74657.45,BTC-25DEC26,73360.58,0.0052,73362.07,25DEC26,30000,,P,BTC-25DEC26-30000-P
0.0007,0.0011,1117.0,0.00085859,1779961342013,0.5,45.56,74013.79,BTC-25SEP26,73360.58,0.0009,73362.07,25SEP26,140000,,C,BTC-25SEP26-140000-C
0.022,0.025,4883.1,0.0231479,1779961342013,130.8,33.41,73356.87,BTC-29MAY26,73360.58,0.0235,73362.07,29MAY26,75000,,P,BTC-29MAY26-75000-P
0.0305,0.032,2359.8,0.03147622,1779961342013,19.1,40.07,74657.45,BTC-25DEC26,73360.58,0.03125,73362.07,25DEC26,100000,,C,BTC-25DEC26-100000-C
1.35,1.523,7.3,1.43224493,1779961342013,0.0,53.8,74013.79,BTC-25SEP26,73360.58,1.4365,73362.07,25SEP26,180000,,P,BTC-25SEP26-180000-P
0.062,0.0635,141.2,0.06267783,1779961342013,17.1,36.12,73665.67,BTC-31JUL26,73360.58,0.06275,73362.07,31JUL26,74000,,P,BTC-31JUL26-74000-P
0.1645,0.169,16.9,0.16666758,1779961342013,0.0,34.21,73666.19,BTC-31JUL26,73360.58,0.16675,73362.07,31JUL26,85000,,P,BTC-31JUL26-85000-P
0.08,0.082,85.0,0.08103883,1779961342013,3.8,46.9,75305.81,BTC-26MAR27,73360.58,0.081,73362.07,26MAR27,62000,,P,BTC-26MAR27-62000-P
0.008,0.009,0.0,0.00856756,1779961342013,0.0,29.77,73372.558,SYN.BTC-1JUN26,73360.58,0.0085,73362.07,1JUN26,74000,,C,BTC-1JUN26-74000-C
0.031,0.0325,0.0,0.03164335,1779961342016,0.0,35.6,73461.29000000001,SYN.BTC-19JUN26,73360.58,0.03175,73362.07,19JUN26,73000,,P,BTC-19JUN26-73000-P
0.1275,0.135,6.2,0.13123286,1779961342016,2.0,38.53,73392.07,BTC-5JUN26,73360.58,0.13125,73362.07,5JUN26,83000,,P,BTC-5JUN26-83000-P
0.0007,0.0009,1977.0,0.00074463,1779961342016,540.6,44.87,73356.79,BTC-29MAY26,73360.58,0.0008,73362.07,29MAY26,71000,,P,BTC-29MAY26-71000-P
0.3795,0.4245,0.4,0.38541967,1779961342016,0.0,37.27,74013.79,BTC-25SEP26,73360.58,0.402,73362.07,25SEP26,102000,,P,BTC-25SEP26-102000-P
,0.0001,308.5,1e-08,1779961342016,0.0,95.76,73510.99,BTC-26JUN26,73360.58,,73362.07,26JUN26,300000,,C,BTC-26JUN26-300000-C
0.085,0.1145,0.0,0.1089873,1779961342016,0.0,41.82,73461.03,SYN.BTC-19JUN26,73360.58,0.09975,73362.07,19JUN26,66000,,C,BTC-19JUN26-66000-C
0.1115,0.1605,0.0,0.13136682,1779961342016,0.0,57.81,73360.58,index_price,73360.58,0.136,73362.07,31MAY26,83000,,P,BTC-31MAY26-83000-P
0.023,0.024,712.7,0.02365782,1779961342016,1.4,40.07,74658.06,BTC-25DEC26,73360.58,0.0235,73362.07,25DEC26,105000,,C,BTC-25DEC26-105000-C
0.044,0.0455,127.7,0.04491836,1779961342016,0.1,47.4,74658.06,BTC-25DEC26,73360.58,0.04475,73362.07,25DEC26,58000,,P,BTC-25DEC26-58000-P
0.0003,0.0005,8.6,0.00039385,1779961342016,8.7,51.25,73360.58,index_price,73360.58,0.0004,73362.07,31MAY26,67000,,P,BTC-31MAY26-67000-P
0.1015,0.104,172.6,0.10289537,1779961342016,1.1,34.64,73666.19,BTC-31JUL26,73360.58,0.10275,73362.07,31JUL26,79000,,P,BTC-31JUL26-79000-P
0.0014,0.0017,4.4,0.00148525,1779961342016,4.4,39.56,73360.58,index_price,73360.58,0.00155,73362.07,31MAY26,70000,,P,BTC-31MAY26-70000-P
0.012,0.0125,434.2,0.01234338,1779961342016,172.3,38.11,73411.15,BTC-12JUN26,73360.58,0.01225,73362.07,12JUN26,70000,,P,BTC-12JUN26-70000-P
0.9535,1.0345,0.2,0.95982546,1779961342016,0.0,46.85,74013.78,BTC-25SEP26,73360.58,0.994,73362.07,25SEP26,145000,,P,BTC-25SEP26-145000-P
0.068,0.071,69.4,0.06950757,1779961342016,0.1,33.33,73411.15,BTC-12JUN26,73360.58,0.0695,73362.07,12JUN26,78000,,P,BTC-12JUN26-78000-P
0.0125,0.013,0.5,0.01299929,1779961342016,0.5,35.74,73360.04,index_price,73360.58,0.01275,73362.07,30MAY26,73000,,C,BTC-30MAY26-73000-C
0.182,0.1895,0.0,0.18588947,1779961342016,0.0,54.66,73360.04,index_price,73360.58,0.18575,73362.07,30MAY26,87000,,P,BTC-30MAY26-87000-P
0.3755,0.482,0.0,0.42465291,1779961342016,0.0,37.47,73839.66,SYN.BTC-28AUG26,73360.58,0.42875,73362.07,28AUG26,105000,,P,BTC-28AUG26-105000-P
,0.0002,82.9,0.00015879,1779961342016,49.0,51.19,73356.79,BTC-29MAY26,73360.58,,73362.07,29MAY26,77500,,C,BTC-29MAY26-77500-C
0.0001,0.0004,858.7,0.00020529,1779961342016,163.1,40.9,73411.15,BTC-12JUN26,73360.58,0.00025,73362.07,12JUN26,90000,,C,BTC-12JUN26-90000-C
0.2805,0.359,5.2,0.30339519,1779961342016,0.0,40.17,74658.06,BTC-25DEC26,73360.58,0.31975,73362.07,25DEC26,94000,,P,BTC-25DEC26-94000-P
0.024,0.025,295.9,0.02457541,1779961342016,6.4,40.21,73666.19,BTC-31JUL26,73360.58,0.0245,73362.07,31JUL26,66000,,P,BTC-31JUL26-66000-P
0.0007,0.001,226.6,0.00075806,1779961342016,0.1,52.96,74657.45,BTC-25DEC26,73360.58,0.00085,73362.07,25DEC26,220000,,C,BTC-25DEC26-220000-C
0.1305,0.133,833.2,0.13198097,1779961342016,302.0,43.39,75305.81,BTC-26MAR27,73360.58,0.13175,73362.07,26MAR27,80000,,C,BTC-26MAR27-80000-C
1.2845,1.453,0.2,1.36477803,1779961342016,0.0,53.71,74013.79,BTC-25SEP26,73360.58,1.36875,73362.07,25SEP26,175000,,P,BTC-25SEP26-175000-P
0.0555,0.058,68.4,0.0566337,1779961342016,0.0,51.19,73356.87,BTC-29MAY26,73360.58,0.05675,73362.07,29MAY26,77500,,P,BTC-29MAY26-77500-P
0.066,0.073,0.1,0.07017995,1779961342016,0.0,42.24,73360.04,index_price,73360.58,0.0695,73362.07,30MAY26,78500,,P,BTC-30MAY26-78500-P
0.3425,0.347,0.0,0.34565153,1779961342016,0.0,97.79,73356.79,BTC-29MAY26,73360.58,0.34475,73362.07,29MAY26,48000,,C,BTC-29MAY26-48000-C
0.0385,0.0395,72.4,0.0390186,1779961342016,0.1,48.32,74658.06,BTC-25DEC26,73360.58,0.039,73362.07,25DEC26,56000,,P,BTC-25DEC26-56000-P
0.066,0.0675,0.0,0.06680095,1779961342016,0.0,36.92,73839.66,SYN.BTC-28AUG26,73360.58,0.06675,73362.07,28AUG26,75000,,C,BTC-28AUG26-75000-C
0.0945,0.096,2976.4,0.09513285,1779961342016,6.7,38.44,74013.79,BTC-25SEP26,73360.58,0.09525,73362.07,25SEP26,75000,,P,BTC-25SEP26-75000-P
0.1555,0.162,0.4,0.15834645,1779961342016,0.4,41.75,73392.07,BTC-5JUN26,73360.58,0.15875,73362.07,5JUN26,85000,,P,BTC-5JUN26-85000-P
0.0435,0.045,74.5,0.0443112,1779961342016,5.6,40.17,74658.06,BTC-25DEC26,73360.58,0.04425,73362.07,25DEC26,94000,,C,BTC-25DEC26-94000-C
0.0005,0.0006,2.7,0.00057283,1779961342016,2.7,47.05,73360.58,index_price,73360.58,0.00055,73362.07,31MAY26,68000,,P,BTC-31MAY26-68000-P
0.0043,0.0047,1439.2,0.00455813,1779961342016,30.0,42.92,74657.45,BTC-25DEC26,73360.58,0.0045,73362.07,25DEC26,140000,,C,BTC-25DEC26-140000-C
,0.0001,1501.2,0.0,1779961342016,0.0,69.97,73356.79,BTC-29MAY26,73360.58,,73362.07,29MAY26,98000,,C,BTC-29MAY26-98000-C
0.0715,0.0745,601.3,0.07319852,1779961342016,29.7,68.75,73356.87,BTC-29MAY26,73360.58,0.073,73362.07,29MAY26,68000,,C,BTC-29MAY26-68000-C
0.0875,0.089,0.0,0.08800172,1779961342016,0.0,37.93,73839.66,SYN.BTC-28AUG26,73360.58,0.08825,73362.07,28AUG26,72000,,C,BTC-28AUG26-72000-C
0.0215,0.0225,2051.2,0.021872,1779961342016,0.8,36.63,74013.79,BTC-25SEP26,73360.58,0.022,73362.07,25SEP26,90000,,C,BTC-25SEP26-90000-C
0.2595,0.2625,9.2,0.26138961,1779961342016,0.0,46.88,74013.79,BTC-25SEP26,73360.58,0.261,73362.07,25SEP26,56000,,C,BTC-25SEP26-56000-C
,0.0001,652.0,0.0,1779961342016,0.3,69.96,73356.87,BTC-29MAY26,73360.58,,73362.07,29MAY26,87000,,C,BTC-29MAY26-87000-C
0.1365,0.1395,145.9,0.1382254,1779961342016,1.5,42.35,74658.06,BTC-25DEC26,73360.58,0.138,73362.07,25DEC26,76000,,P,BTC-25DEC26-76000-P
0.0004,0.0005,1192.2,0.00053521,1779961342016,0.4,56.26,74658.06,BTC-25DEC26,73360.58,0.00045,73362.07,25DEC26,250000,,C,BTC-25DEC26-250000-C
,0.0001,596.8,0.0,1779961342016,0.0,96.06,73356.87,BTC-29MAY26,73360.58,,73362.07,29MAY26,57000,,P,BTC-29MAY26-57000-P
0.1925,0.195,14.0,0.19371737,1779961342016,0.0,43.2,74013.71,BTC-25SEP26,73360.58,0.19375,73362.07,25SEP26,62000,,C,BTC-25SEP26-62000-C
0.009,0.0095,184.6,0.00918471,1779961342016,4.1,46.62,73666.19,BTC-31JUL26,73360.58,0.00925,73362.07,31JUL26,58000,,P,BTC-31JUL26-58000-P
0.193,0.1955,899.0,0.19436091,1779961342016,0.0,45.07,75305.81,BTC-26MAR27,73360.58,0.19425,73362.07,26MAR27,70000,,C,BTC-26MAR27-70000-C
0.274,0.2855,7.6,0.27943056,1779961342016,0.2,40.47,73510.99,BTC-26JUN26,73360.58,0.27975,73362.07,26JUN26,94000,,P,BTC-26JUN26-94000-P
0.0016,0.002,6.8,0.00184082,1779961342016,7.2,29.16,73360.58,index_price,73360.58,0.0018,73362.07,31MAY26,75500,,C,BTC-31MAY26-75500-C
0.1165,0.1195,0.0,0.11832591,1779961342016,0.0,39.61,73665.67,BTC-31JUL26,73360.58,0.118,73362.07,31JUL26,67000,,C,BTC-31JUL26-67000-C
0.117,0.119,1378.2,0.1181495,1779961342016,0.0,39.83,74013.79,BTC-25SEP26,73360.58,0.118,73362.07,25SEP26,70000,,C,BTC-25SEP26-70000-C
0.0105,0.0115,8.3,0.01093366,1779961342016,12.7,34.34,73360.04,index_price,73360.58,0.011,73362.07,30MAY26,73500,,P,BTC-30MAY26-73500-P
,0.0001,264.7,1.199e-05,1779961342017,0.0,73.71,73510.99,BTC-26JUN26,73360.58,,73362.07,26JUN26,155000,,C,BTC-26JUN26-155000-C
0.0155,0.0165,5.1,0.01595779,1779961342017,5.1,34.99,73839.66,SYN.BTC-28AUG26,73360.58,0.016,73362.07,28AUG26,88000,,C,BTC-28AUG26-88000-C
,0.0001,747.1,0.0,1779961342017,0.0,97.79,73356.79,BTC-29MAY26,73360.58,,73362.07,29MAY26,48000,,P,BTC-29MAY26-48000-P
0.0085,0.0095,1.8,0.00906159,1779961342017,1.8,34.34,73360.04,index_price,73360.58,0.009,73362.07,30MAY26,73500,,C,BTC-30MAY26-73500-C
0.131,0.135,104.0,0.13269551,1779961342017,16.2,34.0,73666.19,BTC-31JUL26,73360.58,0.133,73362.07,31JUL26,82000,,P,BTC-31JUL26-82000-P
0.0025,0.0026,1064.9,0.00256485,1779961342017,12.8,35.13,73510.99,BTC-26JUN26,73360.58,0.00255,73362.07,26JUN26,86000,,C,BTC-26JUN26-86000-C
2.3945,2.641,0.0,2.51287484,1779961342017,0.0,61.4,74013.79,BTC-25SEP26,73360.58,2.51775,73362.07,25SEP26,260000,,P,BTC-25SEP26-260000-P
0.0245,0.0315,0.0,0.02834277,1779961342017,0.0,39.93,73360.04,index_price,73360.58,0.028,73362.07,30MAY26,71500,,C,BTC-30MAY26-71500-C
,0.0001,176.0,4.93e-06,1779961342017,0.0,75.18,73510.99,BTC-26JUN26,73360.58,,73362.07,26JUN26,165000,,C,BTC-26JUN26-165000-C
0.0955,0.1005,0.0,0.09759745,1779961342017,0.0,36.36,73839.66,SYN.BTC-28AUG26,73360.58,0.098,73362.07,28AUG26,77000,,P,BTC-28AUG26-77000-P
0.01,0.011,1269.2,0.01037179,1779961342017,95.9,41.09,73510.99,BTC-26JUN26,73360.58,0.0105,73362.07,26JUN26,66000,,P,BTC-26JUN26-66000-P
,0.0001,1033.8,0.0,1779961342017,0.1,69.97,73356.79,BTC-29MAY26,73360.58,,73362.07,29MAY26,92000,,C,BTC-29MAY26-92000-C
0.4865,0.4965,53.3,0.49122923,1779961342017,0.0,40.15,74657.45,BTC-25DEC26,73360.58,0.4915,73362.07,25DEC26,110000,,P,BTC-25DEC26-110000-P
0.038,0.039,0.0,0.03868857,1779961342017,0.0,40.01,73839.66,SYN.BTC-28AUG26,73360.58,0.0385,73362.07,28AUG26,67000,,P,BTC-28AUG26-67000-P
0.076,0.0805,85.8,0.0780033,1779961342017,0.1,33.82,73392.07,BTC-5JUN26,73360.58,0.07825,73362.07,5JUN26,79000,,P,BTC-5JUN26-79000-P
0.671,0.739,8.5,0.68265799,1779961342017,0.0,41.17,74658.06,BTC-25DEC26,73360.58,0.705,73362.07,25DEC26,125000,,P,BTC-25DEC26-125000-P
0.356,0.3625,0.0,0.35917893,1779961342017,0.0,37.2,73665.67,BTC-31JUL26,73360.58,0.35925,73362.07,31JUL26,100000,,P,BTC-31JUL26-100000-P
0.4335,0.4465,0.0,0.43989456,1779961342017,0.0,39.49,73665.67,BTC-31JUL26,73360.58,0.44,73362.07,31JUL26,106000,,P,BTC-31JUL26-106000-P
0.4715,0.5035,1.2,0.49831474,1779961342017,0.0,41.62,75305.81,BTC-26MAR27,73360.58,0.4875,73362.07,26MAR27,110000,,P,BTC-26MAR27-110000-P
0.2345,0.2425,598.2,0.23785718,1779961342017,0.2,36.63,74013.79,BTC-25SEP26,73360.58,0.2385,73362.07,25SEP26,90000,,P,BTC-25SEP26-90000-P
3.1775,3.4805,0.1,3.32351485,1779961342017,0.0,66.78,74013.79,BTC-25SEP26,73360.58,3.329,73362.07,25SEP26,320000,,P,BTC-25SEP26-320000-P
0.074,0.121,0.0,0.10075996,1779961342017,0.0,55.33,73360.58,index_price,73360.58,0.0975,73362.07,31MAY26,66000,,C,BTC-31MAY26-66000-C
0.121,0.1245,158.8,0.12245832,1779961342017,0.2,34.28,73666.19,BTC-31JUL26,73360.58,0.12275,73362.07,31JUL26,81000,,P,BTC-31JUL26-81000-P
0.2075,0.21,7.4,0.2091002,1779961342017,0.0,45.49,75305.81,BTC-26MAR27,73360.58,0.20875,73362.07,26MAR27,68000,,C,BTC-26MAR27-68000-C
0.2005,0.2055,1.1,0.20276219,1779961342017,0.1,34.37,73666.19,BTC-31JUL26,73360.58,0.203,73362.07,31JUL26,88000,,P,BTC-31JUL26-88000-P
0.052,0.0555,273.0,0.05359229,1779961342017,111.7,33.48,73392.07,BTC-5JUN26,73360.58,0.05375,73362.07,5JUN26,77000,,P,BTC-5JUN26-77000-P
0.0145,0.0155,141.7,0.01511578,1779961342017,3.0,36.73,74013.79,BTC-25SEP26,73360.58,0.015,73362.07,25SEP26,94000,,C,BTC-25SEP26-94000-C
0.0075,0.0085,0.0,0.00799641,1779961342017,0.0,31.82,73372.962,SYN.BTC-1JUN26,73360.58,0.008,73362.07,1JUN26,72500,,P,BTC-1JUN26-72500-P
2.2865,2.5245,0.0,2.40085673,1779961342017,0.0,90.33,73510.99,BTC-26JUN26,73360.58,2.4055,73362.07,26JUN26,250000,,P,BTC-26JUN26-250000-P
0.0575,0.059,52.8,0.05813935,1779961342017,50.1,36.12,73665.67,BTC-31JUL26,73360.58,0.05825,73362.07,31JUL26,74000,,C,BTC-31JUL26-74000-C
0.0385,0.04,208.6,0.03940999,1779961342017,150.2,40.07,74658.06,BTC-25DEC26,73360.58,0.03925,73362.07,25DEC26,96000,,C,BTC-25DEC26-96000-C
0.2115,0.215,10.4,0.21356288,1779961342017,0.0,50.76,73510.99,BTC-26JUN26,73360.58,0.21325,73362.07,26JUN26,58000,,C,BTC-26JUN26-58000-C
,0.0002,157.1,0.00013319,1779961342017,5.7,53.5,73392.07,BTC-5JUN26,73360.58,,73362.07,5JUN26,90000,,C,BTC-5JUN26-90000-C
0.319,0.3215,339.5,0.32061313,1779961342017,0.5,63.17,73510.99,BTC-26JUN26,73360.58,0.32025,73362.07,26JUN26,50000,,C,BTC-26JUN26-50000-C
0.028,0.029,0.0,0.02844564,1779961342017,0.0,35.19,73839.66,SYN.BTC-28AUG26,73360.58,0.0285,73362.07,28AUG26,83000,,C,BTC-28AUG26-83000-C
0.1755,0.1775,184.1,0.17661447,1779961342017,0.0,44.1,74658.06,BTC-25DEC26,73360.58,0.1765,73362.07,25DEC26,68000,,C,BTC-25DEC26-68000-C
0.017,0.018,0.1,0.01755453,1779961342017,0.1,36.97,73360.04,index_price,73360.58,0.0175,73362.07,30MAY26,72500,,C,BTC-30MAY26-72500-C
0.073,0.074,75.0,0.07335869,1779961342017,75.0,37.19,73839.97,SYN.BTC-28AUG26,73360.58,0.0735,73362.07,28AUG26,74000,,C,BTC-28AUG26-74000-C
0.2805,0.326,1.3,0.28517115,1779961342017,0.0,36.73,74013.71,BTC-25SEP26,73360.58,0.30325,73362.07,25SEP26,94000,,P,BTC-25SEP26-94000-P
0.056,0.058,173.9,0.05705999,1779961342017,35.2,41.74,75305.81,BTC-26MAR27,73360.58,0.057,73362.07,26MAR27,100000,,C,BTC-26MAR27-100000-C
0.111,0.113,48.2,0.11208702,1779961342017,0.0,45.49,75305.81,BTC-26MAR27,73360.58,0.112,73362.07,26MAR27,68000,,P,BTC-26MAR27-68000-P
,0.0002,48.8,3.872e-05,1779961342017,0.0,50.18,73360.04,index_price,73360.58,,73362.07,30MAY26,81000,,C,BTC-30MAY26-81000-C
2.681,2.9475,0.0,2.80895947,1779961342017,0.0,91.37,73510.99,BTC-26JUN26,73360.58,2.81425,73362.07,26JUN26,280000,,P,BTC-26JUN26-280000-P
,0.0001,691.0,2.6e-07,1779961342017,0.0,86.18,73510.99,BTC-26JUN26,73360.58,,73362.07,26JUN26,220000,,C,BTC-26JUN26-220000-C
0.4545,0.457,32.6,0.45605329,1779961342017,1.0,80.74,73510.99,BTC-26JUN26,73360.58,0.45575,73362.07,26JUN26,40000,,C,BTC-26JUN26-40000-C
0.0575,0.0595,1780.4,0.05845602,1779961342017,270.5,34.36,73510.99,BTC-26JUN26,73360.58,0.0585,73362.07,26JUN26,76000,,P,BTC-26JUN26-76000-P
0.0026,0.003,0.0,0.00276097,1779961342017,0.0,36.4,73372.558,SYN.BTC-1JUN26,73360.58,0.0028,73362.07,1JUN26,70500,,P,BTC-1JUN26-70500-P
0.0105,0.011,305.0,0.01090473,1779961342017,331.6,33.61,73392.07,BTC-5JUN26,73360.58,0.01075,73362.07,5JUN26,75000,,C,BTC-5JUN26-75000-C
0.0011,0.0014,5657.8,0.00126769,1779961342017,374.8,37.67,73510.99,BTC-26JUN26,73360.58,0.00125,73362.07,26JUN26,90000,,C,BTC-26JUN26-90000-C
2.418,2.6655,0.0,2.53689097,1779961342017,0.0,91.06,73510.99,BTC-26JUN26,73360.58,2.54175,73362.07,26JUN26,260000,,P,BTC-26JUN26-260000-P
0.1175,0.119,666.9,0.11792431,1779961342017,14.4,37.72,74013.79,BTC-25SEP26,73360.58,0.11825,73362.07,25SEP26,78000,,P,BTC-25SEP26-78000-P
,0.0001,1499.4,6.817e-05,1779961342017,8.0,65.57,73510.99,BTC-26JUN26,73360.58,,73362.07,26JUN26,130000,,C,BTC-26JUN26-130000-C
0.0305,0.031,0.0,0.0308084,1779961342017,0.0,35.01,73461.03,SYN.BTC-19JUN26,73360.58,0.03075,73362.07,19JUN26,74000,,C,BTC-19JUN26-74000-C
0.3865,0.3895,5.8,0.38827185,1779961342017,0.0,72.48,73510.99,BTC-26JUN26,73360.58,0.388,73362.07,26JUN26,45000,,C,BTC-26JUN26-45000-C
0.0022,0.0025,174.5,0.00238982,1779961342017,12.9,33.73,73411.15,BTC-12JUN26,73360.58,0.00235,73362.07,12JUN26,81000,,C,BTC-12JUN26-81000-C
0.0955,0.174,0.0,0.13131711,1779961342017,0.0,40.01,73839.66,SYN.BTC-28AUG26,73360.58,0.13475,73362.07,28AUG26,67000,,C,BTC-28AUG26-67000-C
0.658,0.687,0.0,0.68056003,1779961342017,0.0,41.87,75305.81,BTC-26MAR27,73360.58,0.6725,73362.07,26MAR27,125000,,P,BTC-26MAR27-125000-P
0.03,0.0315,528.3,0.03057555,1779961342017,1.1,41.62,75305.81,BTC-26MAR27,73360.58,0.03075,73362.07,26MAR27,115000,,C,BTC-26MAR27-115000-C
0.102,0.104,31.8,0.1032557,1779961342017,1.0,42.69,75305.81,BTC-26MAR27,73360.58,0.103,73362.07,26MAR27,86000,,C,BTC-26MAR27-86000-C
0.0355,0.037,924.8,0.03615344,1779961342017,0.6,48.7,74658.06,BTC-25DEC26,73360.58,0.03625,73362.07,25DEC26,55000,,P,BTC-25DEC26-55000-P
0.208,0.2185,0.0,0.21324167,1779961342017,0.0,69.97,73356.87,BTC-29MAY26,73360.58,0.21325,73362.07,29MAY26,89000,,P,BTC-29MAY26-89000-P
0.01,0.011,186.3,0.01049037,1779961342017,29.9,36.97,74013.71,BTC-25SEP26,73360.58,0.0105,73362.07,25SEP26,98000,,C,BTC-25SEP26-98000-C
0.1965,0.202,10.8,0.19885855,1779961342017,1.3,36.29,73510.99,BTC-26JUN26,73360.58,0.19925,73362.07,26JUN26,88000,,P,BTC-26JUN26-88000-P
0.105,0.14,0.0,0.11428828,1779961342017,0.0,58.49,73360.58,index_price,73360.58,0.1225,73362.07,31MAY26,65000,,C,BTC-31MAY26-65000-C
0.1575,0.161,57.9,0.15871408,1779961342017,0.8,69.96,73356.87,BTC-29MAY26,73360.58,0.15925,73362.07,29MAY26,85000,,P,BTC-29MAY26-85000-P
0.3565,0.3655,271.7,0.35990965,1779961342017,0.0,37.18,74013.79,BTC-25SEP26,73360.58,0.361,73362.07,25SEP26,100000,,P,BTC-25SEP26-100000-P
0.1255,0.203,0.0,0.16147102,1779961342017,0.0,41.48,73839.66,SYN.BTC-28AUG26,73360.58,0.16425,73362.07,28AUG26,64000,,C,BTC-28AUG26-64000-C
0.317,0.32,0.2,0.31838701,1779961342017,0.5,96.99,73356.79,BTC-29MAY26,73360.58,0.3185,73362.07,29MAY26,50000,,C,BTC-29MAY26-50000-C
,0.0001,1024.4,6e-07,1779961342017,0.0,82.12,73510.99,BTC-26JUN26,73360.58,,73362.07,26JUN26,200000,,C,BTC-26JUN26-200000-C
0.095,0.097,0.0,0.09574926,1779961342017,0.0,38.24,73839.66,SYN.BTC-28AUG26,73360.58,0.096,73362.07,28AUG26,71000,,C,BTC-28AUG26-71000-C
0.007,0.0075,54.0,0.00730313,1779961342017,3.1,37.27,74013.79,BTC-25SEP26,73360.58,0.00725,73362.07,25SEP26,102000,,C,BTC-25SEP26-102000-C
0.0515,0.053,45.1,0.05244082,1779961342017,7.0,41.68,75305.81,BTC-26MAR27,73360.58,0.05225,73362.07,26MAR27,102000,,C,BTC-26MAR27-102000-C
0.1515,0.1545,243.9,0.15330214,1779961342017,0.1,42.01,74657.45,BTC-25DEC26,73360.58,0.153,73362.07,25DEC26,78000,,P,BTC-25DEC26-78000-P
0.2345,0.238,0.0,0.23659346,1779961342017,0.0,96.06,73356.79,BTC-29MAY26,73360.58,0.23625,73362.07,29MAY26,56000,,C,BTC-29MAY26-56000-C
0.0001,0.0002,53.0,0.00017778,1779961342017,22.2,39.62,73360.04,index_price,73360.58,0.00015,73362.07,30MAY26,78000,,C,BTC-30MAY26-78000-C
0.0565,0.058,0.0,0.05729215,1779961342017,0.0,38.24,73839.66,SYN.BTC-28AUG26,73360.58,0.05725,73362.07,28AUG26,71000,,P,BTC-28AUG26-71000-P
0.0095,0.01,463.3,0.0098789,1779961342017,12.3,33.57,73411.15,BTC-12JUN26,73360.58,0.00975,73362.07,12JUN26,77000,,C,BTC-12JUN26-77000-C
0.0895,0.105,0.0,0.10096754,1779961342017,0.0,52.12,73372.558,SYN.BTC-1JUN26,73360.58,0.09725,73362.07,1JUN26,66000,,C,BTC-1JUN26-66000-C
0.0535,0.0545,2576.8,0.05404725,1779961342017,62.2,37.36,74013.78,BTC-25SEP26,73360.58,0.054,73362.07,25SEP26,80000,,C,BTC-25SEP26-80000-C
0.016,0.0185,32.4,0.017149,1779961342017,33.8,32.63,73356.79,BTC-29MAY26,73360.58,0.01725,73362.07,29MAY26,74500,,P,BTC-29MAY26-74500-P
,0.0001,231.0,1e-08,1779961342017,0.0,91.37,73510.99,BTC-26JUN26,73360.58,,73362.07,26JUN26,280000,,C,BTC-26JUN26-280000-C
0.196,0.2675,0.0,0.22948939,1779961342017,0.0,45.44,73839.66,SYN.BTC-28AUG26,73360.58,0.23175,73362.07,28AUG26,58000,,C,BTC-28AUG26-58000-C
0.05,0.051,384.6,0.05040124,1779961342017,32.4,37.02,73666.19,BTC-31JUL26,73360.58,0.0505,73362.07,31JUL26,72000,,P,BTC-31JUL26-72000-P
0.0445,0.0475,948.0,0.04614696,1779961342017,15.0,52.61,73356.79,BTC-29MAY26,73360.58,0.046,73362.07,29MAY26,70000,,C,BTC-29MAY26-70000-C
0.2565,0.308,4.0,0.26118037,1779961342017,0.0,36.65,74013.79,BTC-25SEP26,73360.58,0.28225,73362.07,25SEP26,92000,,P,BTC-25SEP26-92000-P
0.0305,0.0565,0.0,0.03495254,1779961342017,0.0,36.31,73360.58,index_price,73360.58,0.0435,73362.07,31MAY26,71000,,C,BTC-31MAY26-71000-C
,0.0001,510.4,0.0,1779961342017,0.0,69.97,73356.79,BTC-29MAY26,73360.58,,73362.07,29MAY26,100000,,C,BTC-29MAY26-100000-C
0.292,0.295,0.5,0.29395104,1779961342017,0.0,48.06,75305.81,BTC-26MAR27,73360.58,0.2935,73362.07,26MAR27,58000,,C,BTC-26MAR27-58000-C
0.0725,0.0745,35.5,0.07364247,1779961342017,0.0,42.02,75305.81,BTC-26MAR27,73360.58,0.0735,73362.07,26MAR27,94000,,C,BTC-26MAR27-94000-C
0.179,0.1815,18.1,0.18039196,1779961342017,0.0,44.69,75305.81,BTC-26MAR27,73360.58,0.18025,73362.07,26MAR27,72000,,C,BTC-26MAR27-72000-C
,0.0001,739.5,4.063e-05,1779961342017,1.1,70.25,73510.99,BTC-26JUN26,73360.58,,73362.07,26JUN26,140000,,C,BTC-26JUN26-140000-C
0.2975,0.301,30.3,0.29945536,1779961342017,0.0,48.7,74658.06,BTC-25DEC26,73360.58,0.29925,73362.07,25DEC26,55000,,C,BTC-25DEC26-55000-C
0.2255,0.2305,2.5,0.22778722,1779961342017,0.0,34.56,73666.19,BTC-31JUL26,73360.58,0.228,73362.07,31JUL26,90000,,P,BTC-31JUL26-90000-P
0.0465,0.048,0.0,0.04719279,1779961342017,0.0,39.05,73839.97,SYN.BTC-28AUG26,73360.58,0.04725,73362.07,28AUG26,69000,,P,BTC-28AUG26-69000-P
0.0004,0.0009,878.5,0.00057749,1779961342017,0.0,55.04,74658.06,BTC-25DEC26,73360.58,0.00065,73362.07,25DEC26,240000,,C,BTC-25DEC26-240000-C
0.0013,0.0016,4.3,0.00140441,1779961342017,4.3,41.24,73372.962,SYN.BTC-1JUN26,73360.58,0.00145,73362.07,1JUN26,69000,,P,BTC-1JUN26-69000-P
0.001,0.0012,374.2,0.00112115,1779961342017,0.5,39.47,73666.19,BTC-31JUL26,73360.58,0.0011,73362.07,31JUL26,105000,,C,BTC-31JUL26-105000-C
0.0195,0.0205,0.0,0.01988856,1779961342017,0.0,31.82,73372.558,SYN.BTC-1JUN26,73360.58,0.02,73362.07,1JUN26,72500,,C,BTC-1JUN26-72500-C
0.013,0.014,9.4,0.01339379,1779961342017,9.5,30.19,73372.962,SYN.BTC-1JUN26,73360.58,0.0135,73362.07,1JUN26,73500,,P,BTC-1JUN26-73500-P
0.1,0.102,57.7,0.10102564,1779961342017,0.2,45.94,75305.81,BTC-26MAR27,73360.58,0.101,73362.07,26MAR27,66000,,P,BTC-26MAR27-66000-P
0.024,0.0255,0.0,0.02460671,1779961342017,0.0,34.48,73461.03,SYN.BTC-19JUN26,73360.58,0.02475,73362.07,19JUN26,75000,,C,BTC-19JUN26-75000-C
0.05,0.051,2221.4,0.05035946,1779961342017,132.5,34.75,73510.99,BTC-26JUN26,73360.58,0.0505,73362.07,26JUN26,75000,,P,BTC-26JUN26-75000-P
0.1255,0.1275,1096.7,0.12649632,1779961342017,3.6,42.55,74657.45,BTC-25DEC26,73360.58,0.1265,73362.07,25DEC26,75000,,C,BTC-25DEC26-75000-C
,0.0001,322.6,2.93e-06,1779961342017,0.0,96.06,73356.79,BTC-29MAY26,73360.58,,73362.07,29MAY26,62000,,P,BTC-29MAY26-62000-P
0.0815,0.0865,0.0,0.08377412,1779961342017,0.0,47.24,73360.04,index_price,73360.58,0.084,73362.07,30MAY26,79500,,P,BTC-30MAY26-79500-P
0.0595,0.0915,0.0,0.06343689,1779961342017,0.0,34.04,73461.03,SYN.BTC-19JUN26,73360.58,0.0755,73362.07,19JUN26,77000,,P,BTC-19JUN26-77000-P
0.024,0.0245,12.9,0.02426592,1779961342017,14.9,34.7,73411.15,BTC-12JUN26,73360.58,0.02425,73362.07,12JUN26,74000,,C,BTC-12JUN26-74000-C
0.142,0.1485,0.0,0.14499762,1779961342017,0.0,50.19,73360.04,index_price,73360.58,0.14525,73362.07,30MAY26,84000,,P,BTC-30MAY26-84000-P
0.591,0.5925,76.8,0.59198533,1779961342017,11.0,107.98,73510.99,BTC-26JUN26,73360.58,0.59175,73362.07,26JUN26,30000,,C,BTC-26JUN26-30000-C
0.0725,0.0735,25.7,0.07301245,1779961342017,0.2,37.02,73666.19,BTC-31JUL26,73360.58,0.073,73362.07,31JUL26,72000,,C,BTC-31JUL26-72000-C
,0.0002,0.3,0.00015882,1779961342017,0.3,57.81,73360.58,index_price,73360.58,,73362.07,31MAY26,83000,,C,BTC-31MAY26-83000-C
0.0021,0.0023,88.7,0.00226349,1779961342017,90.8,32.56,73360.04,index_price,73360.58,0.0022,73362.07,30MAY26,75000,,C,BTC-30MAY26-75000-C
0.828,0.8445,14.2,0.83650338,1779961342017,0.0,66.68,73510.99,BTC-26JUN26,73360.58,0.83625,73362.07,26JUN26,135000,,P,BTC-26JUN26-135000-P
0.01,0.011,3174.0,0.01042989,1779961342017,29.4,51.65,74013.79,BTC-25SEP26,73360.58,0.0105,73362.07,25SEP26,50000,,P,BTC-25SEP26-50000-P
0.024,0.025,1173.0,0.0245956,1779961342017,265.5,34.36,73510.99,BTC-26JUN26,73360.58,0.0245,73362.07,26JUN26,76000,,C,BTC-26JUN26-76000-C
0.0895,0.092,95.1,0.09066856,1779961342017,0.0,46.41,75305.81,BTC-26MAR27,73360.58,0.09075,73362.07,26MAR27,64000,,P,BTC-26MAR27-64000-P
0.0395,0.0405,762.1,0.03994606,1779961342017,6.0,37.92,73666.19,BTC-31JUL26,73360.58,0.04,73362.07,31JUL26,70000,,P,BTC-31JUL26-70000-P
0.5285,0.563,0.0,0.55768561,1779961342017,0.0,41.62,75305.81,BTC-26MAR27,73360.58,0.54575,73362.07,26MAR27,115000,,P,BTC-26MAR27-115000-P
0.1685,0.177,0.0,0.1722586,1779961342017,0.0,52.27,73360.04,index_price,73360.58,0.17275,73362.07,30MAY26,86000,,P,BTC-30MAY26-86000-P
0.014,0.015,30.1,0.01475027,1779961342017,8.9,33.64,73360.04,index_price,73360.58,0.0145,73362.07,30MAY26,74000,,P,BTC-30MAY26-74000-P
0.8765,0.901,1.4,0.89239109,1779961342017,0.0,45.56,74013.79,BTC-25SEP26,73360.58,0.88875,73362.07,25SEP26,140000,,P,BTC-25SEP26-140000-P
0.038,0.039,0.0,0.03814521,1779961342017,0.0,35.01,73461.03,SYN.BTC-19JUN26,73360.58,0.0385,73362.07,19JUN26,74000,,P,BTC-19JUN26-74000-P
0.021,0.024,0.1,0.02268643,1779961342017,0.1,38.26,73360.04,index_price,73360.58,0.0225,73362.07,30MAY26,72000,,C,BTC-30MAY26-72000-C
0.0055,0.0065,1207.6,0.00605124,1779961342017,8.2,34.56,73665.67,BTC-31JUL26,73360.58,0.006,73362.07,31JUL26,90000,,C,BTC-31JUL26-90000-C
0.018,0.019,0.0,0.01853059,1779961342017,0.0,32.73,73360.58,index_price,73360.58,0.0185,73362.07,31MAY26,72500,,C,BTC-31MAY26-72500-C
0.0745,0.078,10.2,0.07655079,1779961342017,0.0,41.83,73392.07,BTC-5JUN26,73360.58,0.07625,73362.07,5JUN26,68000,,C,BTC-5JUN26-68000-C
0.238,0.244,0.0,0.24060964,1779961342017,0.0,34.81,73666.19,BTC-31JUL26,73360.58,0.241,73362.07,31JUL26,91000,,P,BTC-31JUL26-91000-P
,0.0001,129.0,1e-08,1779961342017,0.0,102.06,73510.99,BTC-26JUN26,73360.58,,73362.07,26JUN26,340000,,C,BTC-26JUN26-340000-C
0.1035,0.105,0.2,0.10416189,1779961342017,0.2,38.7,73839.66,SYN.BTC-28AUG26,73360.58,0.10425,73362.07,28AUG26,70000,,C,BTC-28AUG26-70000-C
0.445,0.48,0.0,0.47498702,1779961342017,0.0,41.61,75305.81,BTC-26MAR27,73360.58,0.4625,73362.07,26MAR27,108000,,P,BTC-26MAR27-108000-P
0.0039,0.0044,300.5,0.00418572,1779961342017,1.0,45.8,75305.81,BTC-26MAR27,73360.58,0.00415,73362.07,26MAR27,180000,,C,BTC-26MAR27-180000-C
0.226,0.2305,1.3,0.22760085,1779961342017,0.0,42.9,75305.64,BTC-26MAR27,73360.58,0.22825,73362.07,26MAR27,84000,,P,BTC-26MAR27-84000-P
0.0885,0.0905,0.0,0.08985258,1779961342017,0.0,36.63,73839.66,SYN.BTC-28AUG26,73360.58,0.0895,73362.07,28AUG26,76000,,P,BTC-28AUG26-76000-P
0.0385,0.0405,1.1,0.03951954,1779961342017,0.0,36.19,73411.15,BTC-12JUN26,73360.58,0.0395,73362.07,12JUN26,72000,,C,BTC-12JUN26-72000-C
0.0345,0.0355,407.3,0.03501089,1779961342017,58.5,34.88,73666.19,BTC-31JUL26,73360.58,0.035,73362.07,31JUL26,78000,,C,BTC-31JUL26-78000-C
0.0885,0.091,17.1,0.08970696,1779961342017,0.0,37.92,73666.19,BTC-31JUL26,73360.58,0.08975,73362.07,31JUL26,70000,,C,BTC-31JUL26-70000-C
0.0001,0.0003,0.0,0.00019022,1779961342017,0.0,42.21,73372.558,SYN.BTC-1JUN26,73360.58,0.0002,73362.07,1JUN26,81000,,C,BTC-1JUN26-81000-C
,0.0001,443.5,3.274e-05,1779961342017,5.4,96.06,73356.79,BTC-29MAY26,73360.58,,73362.07,29MAY26,64000,,P,BTC-29MAY26-64000-P
0.002,0.0022,1180.9,0.00202505,1779961342018,6.5,40.57,74013.79,BTC-25SEP26,73360.58,0.0021,73362.07,25SEP26,120000,,C,BTC-25SEP26-120000-C
0.052,0.057,0.0,0.05483633,1779961342018,0.0,37.05,73461.03,SYN.BTC-19JUN26,73360.58,0.0545,73362.07,19JUN26,71000,,C,BTC-19JUN26-71000-C
1.2195,1.383,0.0,1.29722382,1779961342018,0.0,52.15,74013.79,BTC-25SEP26,73360.58,1.30125,73362.07,25SEP26,170000,,P,BTC-25SEP26-170000-P
0.062,0.0635,0.2,0.06308747,1779961342018,0.2,37.93,73839.66,SYN.BTC-28AUG26,73360.58,0.06275,73362.07,28AUG26,72000,,P,BTC-28AUG26-72000-P
0.0295,0.0305,2090.7,0.03010246,1779961342018,119.7,34.75,73510.99,BTC-26JUN26,73360.58,0.03,73362.07,26JUN26,75000,,C,BTC-26JUN26-75000-C
0.094,0.096,19.8,0.09502674,1779961342018,0.1,42.51,75305.64,BTC-26MAR27,73360.58,0.095,73362.07,26MAR27,88000,,C,BTC-26MAR27-88000-C
0.0003,0.0006,1752.0,0.00042605,1779961342018,183.0,72.48,73510.99,BTC-26JUN26,73360.58,0.00045,73362.07,26JUN26,45000,,P,BTC-26JUN26-45000-P
0.0001,0.0002,182.8,0.00017488,1779961342018,6.0,44.25,73392.07,BTC-5JUN26,73360.58,0.00015,73362.07,5JUN26,86000,,C,BTC-5JUN26-86000-C
0.1485,0.1515,73.9,0.14961767,1779961342018,50.6,44.26,75305.81,BTC-26MAR27,73360.58,0.15,73362.07,26MAR27,74000,,P,BTC-26MAR27-74000-P
0.0049,0.006,176.7,0.00545866,1779961342018,0.3,45.24,75305.81,BTC-26MAR27,73360.58,0.00545,73362.07,26MAR27,170000,,C,BTC-26MAR27-170000-C
0.047,0.093,0.0,0.07380001,1779961342018,0.0,47.05,73360.58,index_price,73360.58,0.07,73362.07,31MAY26,68000,,C,BTC-31MAY26-68000-C
0.068,0.0695,0.0,0.06906789,1779961342018,0.0,37.54,73839.66,SYN.BTC-28AUG26,73360.58,0.06875,73362.07,28AUG26,73000,,P,BTC-28AUG26-73000-P
0.1655,0.168,9.3,0.16695554,1779961342018,0.3,44.26,75305.81,BTC-26MAR27,73360.58,0.16675,73362.07,26MAR27,74000,,C,BTC-26MAR27-74000-C
0.067,0.0685,97.6,0.06762398,1779961342018,3.1,45.19,74658.06,BTC-25DEC26,73360.58,0.06775,73362.07,25DEC26,64000,,P,BTC-25DEC26-64000-P
0.025,0.026,5.0,0.02535279,1779961342018,5.0,35.09,73839.66,SYN.BTC-28AUG26,73360.58,0.0255,73362.07,28AUG26,84000,,C,BTC-28AUG26-84000-C
0.0016,0.0017,2017.0,0.001757,1779961342018,73.3,36.29,73510.99,BTC-26JUN26,73360.58,0.00165,73362.07,26JUN26,88000,,C,BTC-26JUN26-88000-C
0.0965,0.1005,3515.0,0.09830374,1779961342018,2.4,33.63,73510.99,BTC-26JUN26,73360.58,0.0985,73362.07,26JUN26,80000,,P,BTC-26JUN26-80000-P
0.168,0.1765,0.0,0.1720536,1779961342018,0.0,37.47,73411.15,BTC-12JUN26,73360.58,0.17225,73362.07,12JUN26,86000,,P,BTC-12JUN26-86000-P
0.0025,0.0028,2439.1,0.00263513,1779961342018,116.5,39.23,74013.71,BTC-25SEP26,73360.58,0.00265,73362.07,25SEP26,115000,,C,BTC-25SEP26-115000-C
0.1715,0.245,0.0,0.20589974,1779961342018,0.0,43.98,73839.66,SYN.BTC-28AUG26,73360.58,0.20825,73362.07,28AUG26,60000,,C,BTC-28AUG26-60000-C
0.5935,0.6865,0.0,0.61839391,1779961342018,0.0,41.64,75305.64,BTC-26MAR27,73360.58,0.64,73362.07,26MAR27,120000,,P,BTC-26MAR27-120000-P
0.0025,0.0026,456.5,0.00265112,1779961342018,93.1,33.45,73392.07,BTC-5JUN26,73360.58,0.00255,73362.07,5JUN26,78000,,C,BTC-5JUN26-78000-C
0.0235,0.0265,109.9,0.02458305,1779961342018,111.6,32.56,73360.04,index_price,73360.58,0.025,73362.07,30MAY26,75000,,P,BTC-30MAY26-75000-P
0.102,0.107,4.2,0.10434352,1779961342018,0.1,36.01,73392.07,BTC-5JUN26,73360.58,0.1045,73362.07,5JUN26,81000,,P,BTC-5JUN26-81000-P
0.0026,0.0029,13.1,0.0027128,1779961342018,14.3,46.07,73411.15,BTC-12JUN26,73360.58,0.00275,73362.07,12JUN26,64000,,P,BTC-12JUN26-64000-P
0.015,0.016,0.0,0.01549976,1779961342018,0.0,31.01,73372.558,SYN.BTC-1JUN26,73360.58,0.0155,73362.07,1JUN26,73000,,C,BTC-1JUN26-73000-C
,0.0001,266.9,0.0,1779961342018,0.0,102.24,73510.99,BTC-26JUN26,73360.58,,73362.07,26JUN26,380000,,C,BTC-26JUN26-380000-C
0.0165,0.0175,0.0,0.01711901,1779961342018,0.0,29.77,73372.558,SYN.BTC-1JUN26,73360.58,0.017,73362.07,1JUN26,74000,,P,BTC-1JUN26-74000-P
0.4015,0.434,0.0,0.42910339,1779961342018,0.0,41.59,75305.81,BTC-26MAR27,73360.58,0.41775,73362.07,26MAR27,104000,,P,BTC-26MAR27-104000-P
0.031,0.0325,85.6,0.03175316,1779961342018,75.2,35.91,73392.07,BTC-5JUN26,73360.58,0.03175,73362.07,5JUN26,72000,,C,BTC-5JUN26-72000-C
0.3185,0.326,9.0,0.32188717,1779961342018,0.0,42.02,75305.81,BTC-26MAR27,73360.58,0.32225,73362.07,26MAR27,94000,,P,BTC-26MAR27-94000-P
0.3665,0.375,258.1,0.37092727,1779961342018,0.0,40.07,74658.06,BTC-25DEC26,73360.58,0.37075,73362.07,25DEC26,100000,,P,BTC-25DEC26-100000-P
0.1295,0.132,893.4,0.13108461,1779961342018,0.6,42.55,74658.06,BTC-25DEC26,73360.58,0.13075,73362.07,25DEC26,75000,,P,BTC-25DEC26-75000-P
0.051,0.0525,46.4,0.05216192,1779961342018,46.4,38.7,73839.97,SYN.BTC-28AUG26,73360.58,0.05175,73362.07,28AUG26,70000,,P,BTC-28AUG26-70000-P
0.018,0.019,0.0,0.01847119,1779961342018,0.0,43.98,73839.66,SYN.BTC-28AUG26,73360.58,0.0185,73362.07,28AUG26,60000,,P,BTC-28AUG26-60000-P
0.001,0.0014,1428.9,0.00119931,1779961342018,0.2,42.81,74013.79,BTC-25SEP26,73360.58,0.0012,73362.07,25SEP26,130000,,C,BTC-25SEP26-130000-C
0.1535,0.1555,16.4,0.15460303,1779961342018,0.0,43.96,75305.81,BTC-26MAR27,73360.58,0.1545,73362.07,26MAR27,76000,,C,BTC-26MAR27-76000-C
0.29,0.2965,0.0,0.29269403,1779961342018,0.0,35.71,73665.67,BTC-31JUL26,73360.58,0.29325,73362.07,31JUL26,95000,,P,BTC-31JUL26-95000-P
0.0155,0.016,2186.7,0.01596568,1779961342018,137.0,33.85,73510.99,BTC-26JUN26,73360.58,0.01575,73362.07,26JUN26,78000,,C,BTC-26JUN26-78000-C
0.0175,0.0185,523.8,0.0181733,1779961342018,0.0,36.65,74013.79,BTC-25SEP26,73360.58,0.018,73362.07,25SEP26,92000,,C,BTC-25SEP26-92000-C
0.0013,0.0017,2270.7,0.00151175,1779961342018,0.1,41.59,74013.71,BTC-25SEP26,73360.58,0.0015,73362.07,25SEP26,125000,,C,BTC-25SEP26-125000-C
0.005,0.0055,276.5,0.00529881,1779961342018,1.6,34.81,73666.19,BTC-31JUL26,73360.58,0.00525,73362.07,31JUL26,91000,,C,BTC-31JUL26-91000-C
0.6085,0.675,18.9,0.61826342,1779961342018,0.0,41.02,74658.06,BTC-25DEC26,73360.58,0.64175,73362.07,25DEC26,120000,,P,BTC-25DEC26-120000-P
0.0755,0.141,0.0,0.10414519,1779961342018,0.0,42.21,73372.962,SYN.BTC-1JUN26,73360.58,0.10825,73362.07,1JUN26,81000,,P,BTC-1JUN26-81000-P
1.6295,1.8195,6.6,1.72068593,1779961342018,0.0,82.12,73510.99,BTC-26JUN26,73360.58,1.7245,73362.07,26JUN26,200000,,P,BTC-26JUN26-200000-P
0.036,0.0395,11.4,0.03691362,1779961342018,1.5,29.25,73360.58,index_price,73360.58,0.03775,73362.07,31MAY26,76000,,P,BTC-31MAY26-76000-P
,0.0001,197.1,6.3e-07,1779961342018,0.0,86.05,73510.99,BTC-26JUN26,73360.58,,73362.07,26JUN26,210000,,C,BTC-26JUN26-210000-C
0.2215,0.29,0.0,0.25357845,1779961342018,0.0,46.82,73839.66,SYN.BTC-28AUG26,73360.58,0.25575,73362.07,28AUG26,56000,,C,BTC-28AUG26-56000-C
1.848,2.0595,0.0,1.94755038,1779961342018,0.0,52.96,74658.06,BTC-25DEC26,73360.58,1.95375,73362.07,25DEC26,220000,,P,BTC-25DEC26-220000-P
0.231,0.2335,1.0,0.23253466,1779961342018,0.0,46.15,75305.81,BTC-26MAR27,73360.58,0.23225,73362.07,26MAR27,65000,,C,BTC-26MAR27-65000-C
0.0165,0.018,664.6,0.01731285,1779961342018,2.6,42.17,75305.81,BTC-26MAR27,73360.58,0.01725,73362.07,26MAR27,130000,,C,BTC-26MAR27-130000-C
0.1165,0.12,256.1,0.11782632,1779961342018,1.0,69.96,73356.87,BTC-29MAY26,73360.58,0.11825,73362.07,29MAY26,82000,,P,BTC-29MAY26-82000-P
0.0002,0.0006,1448.9,0.00036241,1779961342018,0.0,53.71,74013.79,BTC-25SEP26,73360.58,0.0004,73362.07,25SEP26,175000,,C,BTC-25SEP26-175000-C
0.249,0.2595,1.5,0.25413746,1779961342018,0.1,69.97,73356.87,BTC-29MAY26,73360.58,0.25425,73362.07,29MAY26,92000,,P,BTC-29MAY26-92000-P
0.0415,0.045,88.4,0.04303453,1779961342018,2.2,41.93,73356.87,BTC-29MAY26,73360.58,0.04325,73362.07,29MAY26,76500,,P,BTC-29MAY26-76500-P
0.0115,0.012,8.6,0.01181689,1779961342018,8.6,33.94,73461.29000000001,SYN.BTC-19JUN26,73360.58,0.01175,73362.07,19JUN26,78000,,C,BTC-19JUN26-78000-C
0.0745,0.0765,0.0,0.07553016,1779961342018,0.0,37.19,73839.66,SYN.BTC-28AUG26,73360.58,0.0755,73362.07,28AUG26,74000,,P,BTC-28AUG26-74000-P
0.111,0.113,72.8,0.11214788,1779961342018,0.2,42.9,75305.81,BTC-26MAR27,73360.58,0.112,73362.07,26MAR27,84000,,C,BTC-26MAR27-84000-C
0.187,0.238,11.6,0.19357566,1779961342018,0.0,36.72,74013.71,BTC-25SEP26,73360.58,0.2125,73362.07,25SEP26,86000,,P,BTC-25SEP26-86000-P
0.031,0.0345,463.3,0.03285419,1779961342018,5.5,44.87,73356.79,BTC-29MAY26,73360.58,0.03275,73362.07,29MAY26,71000,,C,BTC-29MAY26-71000-C
0.0065,0.0075,1.7,0.00706098,1779961342018,1.7,30.09,73360.58,index_price,73360.58,0.007,73362.07,31MAY26,74000,,C,BTC-31MAY26-74000-C
0.2495,0.257,26.3,0.25242883,1779961342018,0.2,38.92,73510.99,BTC-26JUN26,73360.58,0.25325,73362.07,26JUN26,92000,,P,BTC-26JUN26-92000-P
,0.0001,287.1,1e-08,1779961342018,0.0,96.06,73356.87,BTC-29MAY26,73360.58,,73362.07,29MAY26,58000,,P,BTC-29MAY26-58000-P
0.057,0.0645,0.0,0.06055105,1779961342018,0.0,43.75,73360.58,index_price,73360.58,0.06075,73362.07,31MAY26,69000,,C,BTC-31MAY26-69000-C
0.171,0.174,38.0,0.17237436,1779961342018,0.0,69.96,73356.79,BTC-29MAY26,73360.58,0.1725,73362.07,29MAY26,86000,,P,BTC-29MAY26-86000-P
0.134,0.136,361.8,0.13515703,1779961342018,0.0,40.54,74013.71,BTC-25SEP26,73360.58,0.135,73362.07,25SEP26,68000,,C,BTC-25SEP26-68000-C
0.1985,0.202,6.0,0.19963886,1779961342018,2.5,69.97,73356.79,BTC-29MAY26,73360.58,0.20025,73362.07,29MAY26,88000,,P,BTC-29MAY26-88000-P
0.0001,0.0002,109.0,0.0001511,1779961342018,109.2,42.24,73360.58,index_price,73360.58,0.00015,73362.07,31MAY26,80000,,C,BTC-31MAY26-80000-C
,0.0001,69.1,1.97e-05,1779961342018,0.0,63.11,74013.71,BTC-25SEP26,73360.58,,73362.07,25SEP26,280000,,C,BTC-25SEP26-280000-C
0.0005,0.0008,187.3,0.00058095,1779961342018,0.2,53.36,74658.06,BTC-25DEC26,73360.58,0.00065,73362.07,25DEC26,230000,,C,BTC-25DEC26-230000-C
0.628,0.639,722.5,0.63255678,1779961342018,0.0,61.27,73510.99,BTC-26JUN26,73360.58,0.6335,73362.07,26JUN26,120000,,P,BTC-26JUN26-120000-P
1.1035,1.256,52.5,1.1765572,1779961342018,0.0,75.17,73510.99,BTC-26JUN26,73360.58,1.17975,73362.07,26JUN26,160000,,P,BTC-26JUN26-160000-P
0.0055,0.0065,0.5,0.00605092,1779961342018,0.5,32.62,73372.558,SYN.BTC-1JUN26,73360.58,0.006,73362.07,1JUN26,72000,,P,BTC-1JUN26-72000-P
0.3835,0.3875,2.3,0.3865632,1779961342018,0.0,109.4,73356.87,BTC-29MAY26,73360.58,0.3855,73362.07,29MAY26,45000,,C,BTC-29MAY26-45000-C
0.0245,0.026,1424.9,0.0251515,1779961342018,5.3,51.48,74658.06,BTC-25DEC26,73360.58,0.02525,73362.07,25DEC26,50000,,P,BTC-25DEC26-50000-P
0.0245,0.0575,0.0,0.0302518,1779961342018,0.0,34.08,73372.558,SYN.BTC-1JUN26,73360.58,0.041,73362.07,1JUN26,71500,,C,BTC-1JUN26-71500-C
0.115,0.193,0.0,0.15100305,1779961342018,0.0,40.9,73839.66,SYN.BTC-28AUG26,73360.58,0.154,73362.07,28AUG26,65000,,C,BTC-28AUG26-65000-C
0.0003,0.0006,199.8,0.00042985,1779961342018,0.2,45.88,73666.19,BTC-31JUL26,73360.58,0.00045,73362.07,31JUL26,120000,,C,BTC-31JUL26-120000-C
0.042,0.0435,0.0,0.042696,1779961342018,0.0,39.49,73839.66,SYN.BTC-28AUG26,73360.58,0.04275,73362.07,28AUG26,68000,,P,BTC-28AUG26-68000-P
0.0025,0.0028,19.7,0.00261239,1779961342018,20.9,36.31,73360.58,index_price,73360.58,0.00265,73362.07,31MAY26,71000,,P,BTC-31MAY26-71000-P
,0.0001,0.3,9.7e-07,1779961342018,0.1,50.19,73360.04,index_price,73360.58,,73362.07,30MAY26,84000,,C,BTC-30MAY26-84000-C
0.024,0.025,248.9,0.02459885,1779961342018,46.8,34.2,73392.07,BTC-5JUN26,73360.58,0.0245,73362.07,5JUN26,74000,,P,BTC-5JUN26-74000-P
0.06,0.0615,0.0,0.0605954,1779961342018,0.0,36.63,73839.66,SYN.BTC-28AUG26,73360.58,0.06075,73362.07,28AUG26,76000,,C,BTC-28AUG26-76000-C
0.033,0.0345,1724.9,0.03363754,1779961342018,0.2,49.21,74657.45,BTC-25DEC26,73360.58,0.03375,73362.07,25DEC26,54000,,P,BTC-25DEC26-54000-P
0.278,0.342,4.5,0.2821014,1779961342018,0.0,40.31,74658.06,BTC-25DEC26,73360.58,0.31,73362.07,25DEC26,92000,,P,BTC-25DEC26-92000-P
0.3575,0.3645,985.9,0.36069593,1779961342018,0.1,44.79,73510.99,BTC-26JUN26,73360.58,0.361,73362.07,26JUN26,100000,,P,BTC-26JUN26-100000-P
0.177,0.181,176.1,0.1786031,1779961342018,0.0,43.63,75305.81,BTC-26MAR27,73360.58,0.179,73362.07,26MAR27,78000,,P,BTC-26MAR27-78000-P
0.019,0.0205,76.1,0.01991888,1779961342018,0.1,40.09,74658.06,BTC-25DEC26,73360.58,0.01975,73362.07,25DEC26,108000,,C,BTC-25DEC26-108000-C
0.051,0.052,6508.4,0.05151604,1779961342018,21.6,46.53,74658.06,BTC-25DEC26,73360.58,0.0515,73362.07,25DEC26,60000,,P,BTC-25DEC26-60000-P
2.2365,2.475,10.0,2.34916284,1779961342018,0.0,56.26,74658.06,BTC-25DEC26,73360.58,2.35575,73362.07,25DEC26,250000,,P,BTC-25DEC26-250000-P
0.034,0.035,776.4,0.03464727,1779961342018,19.5,36.79,74013.78,BTC-25SEP26,73360.58,0.0345,73362.07,25SEP26,85000,,C,BTC-25SEP26-85000-C
0.006,0.0065,0.2,0.00601547,1779961342018,0.2,43.0,73461.03,SYN.BTC-19JUN26,73360.58,0.00625,73362.07,19JUN26,65000,,P,BTC-19JUN26-65000-P
1.4395,1.629,0.9,1.52643172,1779961342018,0.0,46.59,75305.81,BTC-26MAR27,73360.58,1.53425,73362.07,26MAR27,190000,,P,BTC-26MAR27-190000-P
0.0025,0.0027,1206.7,0.00244361,1779961342018,0.1,45.56,74658.06,BTC-25DEC26,73360.58,0.0026,73362.07,25DEC26,160000,,C,BTC-25DEC26-160000-C
0.082,0.1095,0.0,0.08569593,1779961342018,0.0,39.68,73461.03,SYN.BTC-19JUN26,73360.58,0.09575,73362.07,19JUN26,68000,,C,BTC-19JUN26-68000-C
0.004,0.0043,91.1,0.00411362,1779961342018,82.7,38.26,73360.04,index_price,73360.58,0.00415,73362.07,30MAY26,72000,,P,BTC-30MAY26-72000-P
0.238,0.2445,3.4,0.24134404,1779961342018,0.0,40.62,74658.06,BTC-25DEC26,73360.58,0.24125,73362.07,25DEC26,88000,,P,BTC-25DEC26-88000-P
0.003,0.0032,704.3,0.00307787,1779961342018,42.3,41.83,73392.07,BTC-5JUN26,73360.58,0.0031,73362.07,5JUN26,68000,,P,BTC-5JUN26-68000-P
0.079,0.0825,0.0,0.08110594,1779961342018,0.0,40.44,73411.19,BTC-12JUN26,73360.58,0.08075,73362.07,12JUN26,68000,,C,BTC-12JUN26-68000-C
0.3045,0.351,1.0,0.30966571,1779961342018,0.0,36.84,74013.71,BTC-25SEP26,73360.58,0.32775,73362.07,25SEP26,96000,,P,BTC-25SEP26-96000-P
0.305,0.3825,0.6,0.325283,1779961342018,0.0,40.07,74657.45,BTC-25DEC26,73360.58,0.34375,73362.07,25DEC26,96000,,P,BTC-25DEC26-96000-P
0.1885,0.193,8.1,0.19057605,1779961342019,0.0,34.37,73666.19,BTC-31JUL26,73360.58,0.19075,73362.07,31JUL26,87000,,P,BTC-31JUL26-87000-P
0.0275,0.0285,132.4,0.02784048,1779961342019,44.4,39.61,73666.19,BTC-31JUL26,73360.58,0.028,73362.07,31JUL26,67000,,P,BTC-31JUL26-67000-P
0.168,0.1765,0.3,0.17195913,1779961342019,0.0,44.25,73392.07,BTC-5JUN26,73360.58,0.17225,73362.07,5JUN26,86000,,P,BTC-5JUN26-86000-P
0.0006,0.0008,77.1,0.00072958,1779961342019,53.1,32.67,73360.04,index_price,73360.58,0.0007,73362.07,30MAY26,76000,,C,BTC-30MAY26-76000-C
0.055,0.0565,2302.3,0.05586727,1779961342019,84.4,40.45,74658.06,BTC-25DEC26,73360.58,0.05575,73362.07,25DEC26,90000,,C,BTC-25DEC26-90000-C
0.223,0.2255,3.6,0.22459806,1779961342019,0.1,45.94,75305.81,BTC-26MAR27,73360.58,0.22425,73362.07,26MAR27,66000,,C,BTC-26MAR27-66000-C
0.0021,0.0023,86.0,0.00215628,1779961342019,85.9,41.87,73360.04,index_price,73360.58,0.0022,73362.07,30MAY26,71000,,P,BTC-30MAY26-71000-P
0.021,0.022,0.0,0.02141828,1779961342019,0.0,29.32,73372.558,SYN.BTC-1JUN26,73360.58,0.0215,73362.07,1JUN26,74500,,P,BTC-1JUN26-74500-P
0.0001,0.0003,0.0,0.00018862,1779961342019,0.0,46.64,73372.558,SYN.BTC-1JUN26,73360.58,0.0002,73362.07,1JUN26,82000,,C,BTC-1JUN26-82000-C
0.167,0.1695,30.4,0.16843289,1779961342019,0.0,96.06,73356.79,BTC-29MAY26,73360.58,0.16825,73362.07,29MAY26,61000,,C,BTC-29MAY26-61000-C
1.5675,1.765,1.0,1.65861382,1779961342019,0.0,47.37,75305.81,BTC-26MAR27,73360.58,1.66625,73362.07,26MAR27,200000,,P,BTC-26MAR27-200000-P
0.0016,0.0019,1782.2,0.00168528,1779961342019,95.8,74.68,74013.71,BTC-25SEP26,73360.58,0.00175,73362.07,25SEP26,30000,,P,BTC-25SEP26-30000-P
0.0029,0.0032,4385.0,0.00316238,1779961342019,79.3,34.68,73510.99,BTC-26JUN26,73360.58,0.00305,73362.07,26JUN26,85000,,C,BTC-26JUN26-85000-C
0.0004,0.0006,30.4,0.00047176,1779961342019,24.7,55.94,73360.04,index_price,73360.58,0.0005,73362.07,30MAY26,68000,,P,BTC-30MAY26-68000-P
,0.0002,291.3,2.877e-05,1779961342019,0.0,61.4,74013.79,BTC-25SEP26,73360.58,,73362.07,25SEP26,260000,,C,BTC-25SEP26-260000-C
0.006,0.0075,820.6,0.00675859,1779961342019,36.1,44.14,75305.81,BTC-26MAR27,73360.58,0.00675,73362.07,26MAR27,160000,,C,BTC-26MAR27-160000-C
0.035,0.036,158.1,0.03546099,1779961342019,2.0,38.44,73666.19,BTC-31JUL26,73360.58,0.0355,73362.07,31JUL26,69000,,P,BTC-31JUL26-69000-P
0.049,0.117,0.0,0.07710686,1779961342019,0.0,36.96,73372.558,SYN.BTC-1JUN26,73360.58,0.083,73362.07,1JUN26,79000,,P,BTC-1JUN26-79000-P
0.076,0.078,128.8,0.07703344,1779961342019,1.0,44.6,74658.06,BTC-25DEC26,73360.58,0.077,73362.07,25DEC26,66000,,P,BTC-25DEC26-66000-P
0.045,0.046,1433.7,0.04535679,1779961342019,26.9,37.07,74013.79,BTC-25SEP26,73360.58,0.0455,73362.07,25SEP26,82000,,C,BTC-25SEP26-82000-C
0.0795,0.083,4.7,0.08113146,1779961342019,0.4,33.49,73411.15,BTC-12JUN26,73360.58,0.08125,73362.07,12JUN26,79000,,P,BTC-12JUN26-79000-P
0.0155,0.0165,348.4,0.01584568,1779961342019,147.8,37.05,73411.19,BTC-12JUN26,73360.58,0.016,73362.07,12JUN26,71000,,P,BTC-12JUN26-71000-P
0.0001,0.0002,1366.8,0.00015364,1779961342019,407.4,45.79,73356.79,BTC-29MAY26,73360.58,0.00015,73362.07,29MAY26,77000,,C,BTC-29MAY26-77000-C
,0.0001,759.8,2.72e-06,1779961342019,0.0,75.18,73510.91,BTC-26JUN26,73360.58,,73362.07,26JUN26,170000,,C,BTC-26JUN26-170000-C
0.298,0.3055,0.2,0.30187434,1779961342019,0.0,42.16,75305.81,BTC-26MAR27,73360.58,0.30175,73362.07,26MAR27,92000,,P,BTC-26MAR27-92000-P
0.0055,0.006,138.6,0.00581871,1779961342019,140.4,33.54,73356.79,BTC-29MAY26,73360.58,0.00575,73362.07,29MAY26,73500,,C,BTC-29MAY26-73500-C
1.46,1.645,0.0,1.54628977,1779961342019,0.0,49.86,74658.06,BTC-25DEC26,73360.58,1.5525,73362.07,25DEC26,190000,,P,BTC-25DEC26-190000-P
0.538,0.54,68.7,0.53914703,1779961342019,3.9,63.29,74658.06,BTC-25DEC26,73360.58,0.539,73362.07,25DEC26,35000,,C,BTC-25DEC26-35000-C
1.072,1.2315,0.0,1.14556529,1779961342019,0.0,45.56,74658.06,BTC-25DEC26,73360.58,1.15175,73362.07,25DEC26,160000,,P,BTC-25DEC26-160000-P
0.33,0.3415,0.1,0.33592903,1779961342019,0.0,69.97,73356.87,BTC-29MAY26,73360.58,0.33575,73362.07,29MAY26,98000,,P,BTC-29MAY26-98000-P
0.0105,0.0115,99.1,0.01106774,1779961342019,9.5,34.28,73665.67,BTC-31JUL26,73360.58,0.011,73362.07,31JUL26,86000,,C,BTC-31JUL26-86000-C
0.0105,0.0115,7079.0,0.01092216,1779961342019,6.0,41.02,74658.06,BTC-25DEC26,73360.58,0.011,73362.07,25DEC26,120000,,C,BTC-25DEC26-120000-C
0.1355,0.138,148.1,0.13649362,1779961342019,40.2,44.69,75305.64,BTC-26MAR27,73360.58,0.13675,73362.07,26MAR27,72000,,P,BTC-26MAR27-72000-P
0.028,0.0925,0.0,0.06099833,1779961342019,0.0,41.24,73372.558,SYN.BTC-1JUN26,73360.58,0.06025,73362.07,1JUN26,69000,,C,BTC-1JUN26-69000-C
,0.0001,507.1,0.0,1779961342019,0.0,96.06,73356.79,BTC-29MAY26,73360.58,,73362.07,29MAY26,54000,,P,BTC-29MAY26-54000-P
0.0003,0.0004,3759.2,0.00035326,1779961342019,115.0,44.79,73510.99,BTC-26JUN26,73360.58,0.00035,73362.07,26JUN26,100000,,C,BTC-26JUN26-100000-C
0.213,0.2185,5.9,0.21521707,1779961342019,0.0,34.49,73666.19,BTC-31JUL26,73360.58,0.21575,73362.07,31JUL26,89000,,P,BTC-31JUL26-89000-P
0.017,0.0555,0.0,0.02642259,1779961342019,0.0,29.33,73372.962,SYN.BTC-1JUN26,73360.58,0.03625,73362.07,1JUN26,75000,,P,BTC-1JUN26-75000-P
0.003,0.0035,1560.5,0.00322066,1779961342019,0.9,44.14,74658.06,BTC-25DEC26,73360.58,0.00325,73362.07,25DEC26,150000,,C,BTC-25DEC26-150000-C
0.0008,0.001,823.6,0.00091358,1779961342019,256.0,38.92,73510.99,BTC-26JUN26,73360.58,0.0009,73362.07,26JUN26,92000,,C,BTC-26JUN26-92000-C
0.011,0.012,0.0,0.01165687,1779961342019,0.0,30.19,73372.962,SYN.BTC-1JUN26,73360.58,0.0115,73362.07,1JUN26,73500,,C,BTC-1JUN26-73500-C
0.0635,0.065,49.6,0.06414568,1779961342019,0.0,48.06,75305.81,BTC-26MAR27,73360.58,0.06425,73362.07,26MAR27,58000,,P,BTC-26MAR27-58000-P
0.0049,0.0055,1121.0,0.00513076,1779961342019,187.2,45.76,73510.99,BTC-26JUN26,73360.58,0.0052,73362.07,26JUN26,62000,,P,BTC-26JUN26-62000-P
0.0095,0.0105,19.0,0.00997903,1779961342019,19.0,48.84,73839.66,SYN.BTC-28AUG26,73360.58,0.01,73362.07,28AUG26,54000,,P,BTC-28AUG26-54000-P
0.035,0.0365,0.0,0.03579028,1779961342019,0.0,35.54,73839.66,SYN.BTC-28AUG26,73360.58,0.03575,73362.07,28AUG26,81000,,C,BTC-28AUG26-81000-C
0.0005,0.0007,3895.5,0.0006059,1779961342019,90.6,41.04,73510.99,BTC-26JUN26,73360.58,0.0006,73362.07,26JUN26,95000,,C,BTC-26JUN26-95000-C
0.022,0.042,0.0,0.0378407,1779961342019,0.0,29.93,73372.558,SYN.BTC-1JUN26,73360.58,0.032,73362.07,1JUN26,76000,,P,BTC-1JUN26-76000-P
0.0255,0.027,336.1,0.02621218,1779961342019,13.4,36.59,74013.79,BTC-25SEP26,73360.58,0.02625,73362.07,25SEP26,88000,,C,BTC-25SEP26-88000-C
0.192,0.194,15.9,0.19299575,1779961342019,0.0,44.6,74658.06,BTC-25DEC26,73360.58,0.193,73362.07,25DEC26,66000,,C,BTC-25DEC26-66000-C
0.027,0.0285,58.7,0.02809369,1779961342019,4.0,40.07,74658.06,BTC-25DEC26,73360.58,0.02775,73362.07,25DEC26,102000,,C,BTC-25DEC26-102000-C
0.109,0.1165,0.0,0.11273562,1779961342019,0.0,39.05,73839.66,SYN.BTC-28AUG26,73360.58,0.11275,73362.07,28AUG26,69000,,C,BTC-28AUG26-69000-C
0.047,0.049,14.6,0.04806767,1779961342019,0.0,41.59,75305.81,BTC-26MAR27,73360.58,0.048,73362.07,26MAR27,104000,,C,BTC-26MAR27-104000-C
0.002,0.0022,2176.2,0.00205566,1779961342019,6.0,47.39,74657.45,BTC-25DEC26,73360.58,0.0021,73362.07,25DEC26,170000,,C,BTC-25DEC26-170000-C
0.0006,0.0008,578.1,0.00071274,1779961342019,4.5,36.6,73411.15,BTC-12JUN26,73360.58,0.0007,73362.07,12JUN26,85000,,C,BTC-12JUN26-85000-C
0.162,0.164,424.9,0.16314081,1779961342019,0.0,41.77,74013.79,BTC-25SEP26,73360.58,0.163,73362.07,25SEP26,65000,,C,BTC-25SEP26-65000-C
0.0001,0.0003,1278.3,0.00017,1779961342020,55.3,68.75,73356.79,BTC-29MAY26,73360.58,0.0002,73362.07,29MAY26,68000,,P,BTC-29MAY26-68000-P
0.7205,0.7505,0.2,0.74361117,1779961342020,0.0,42.17,75305.81,BTC-26MAR27,73360.58,0.7355,73362.07,26MAR27,130000,,P,BTC-26MAR27-130000-P
0.08,0.0865,0.0,0.08385739,1779961342020,0.0,66.24,73356.79,BTC-29MAY26,73360.58,0.08325,73362.07,29MAY26,79500,,P,BTC-29MAY26-79500-P
0.007,0.0075,775.6,0.00715849,1779961342020,4.0,43.14,73510.99,BTC-26JUN26,73360.58,0.00725,73362.07,26JUN26,64000,,P,BTC-26JUN26-64000-P
0.1925,0.1975,135.5,0.19431712,1779961342020,0.0,43.39,75305.81,BTC-26MAR27,73360.58,0.195,73362.07,26MAR27,80000,,P,BTC-26MAR27-80000-P
0.0006,0.0008,0.0,0.00067464,1779961342020,0.0,48.47,73372.558,SYN.BTC-1JUN26,73360.58,0.0007,73362.07,1JUN26,67000,,P,BTC-1JUN26-67000-P
0.148,0.2235,0.0,0.18319225,1779961342020,0.0,42.67,73839.66,SYN.BTC-28AUG26,73360.58,0.18575,73362.07,28AUG26,62000,,C,BTC-28AUG26-62000-C
0.0255,0.026,111.6,0.02576118,1779961342020,34.1,35.39,73411.15,BTC-12JUN26,73360.58,0.02575,73362.07,12JUN26,73000,,P,BTC-12JUN26-73000-P
,0.0001,174.0,1.386e-05,1779961342020,0.0,64.66,74013.71,BTC-25SEP26,73360.58,,73362.07,25SEP26,300000,,C,BTC-25SEP26-300000-C
0.0335,0.0915,0.0,0.06334083,1779961342020,0.0,34.34,73360.58,index_price,73360.58,0.0625,73362.07,31MAY26,78000,,P,BTC-31MAY26-78000-P
0.4865,0.489,18.1,0.48800577,1779961342020,20.2,56.42,75305.81,BTC-26MAR27,73360.58,0.48775,73362.07,26MAR27,40000,,C,BTC-26MAR27-40000-C
0.0009,0.0012,160.5,0.00099759,1779961342020,0.0,44.16,74013.79,BTC-25SEP26,73360.58,0.00105,73362.07,25SEP26,135000,,C,BTC-25SEP26-135000-C
0.075,0.076,285.2,0.07542211,1779961342020,20.6,39.26,74013.78,BTC-25SEP26,73360.58,0.0755,73362.07,25SEP26,72000,,P,BTC-25SEP26-72000-P
0.031,0.032,820.3,0.0314103,1779961342020,1.3,43.2,74013.79,BTC-25SEP26,73360.58,0.0315,73362.07,25SEP26,62000,,P,BTC-25SEP26-62000-P
0.0475,0.05,0.0,0.04867883,1779961342020,0.0,37.05,73411.19,BTC-12JUN26,73360.58,0.04875,73362.07,12JUN26,71000,,C,BTC-12JUN26-71000-C
0.045,0.046,68.8,0.04555736,1779961342020,6.3,35.46,73666.19,BTC-31JUL26,73360.58,0.0455,73362.07,31JUL26,76000,,C,BTC-31JUL26-76000-C
,0.0001,7822.2,8.151e-05,1779961342020,94.8,69.67,73356.79,BTC-29MAY26,73360.58,,73362.07,29MAY26,80000,,C,BTC-29MAY26-80000-C
0.0002,0.0004,0.8,0.00027475,1779961342020,0.8,55.33,73360.58,index_price,73360.58,0.0003,73362.07,31MAY26,66000,,P,BTC-31MAY26-66000-P
,0.0001,911.6,0.00010237,1779961342020,205.7,62.44,73356.79,BTC-29MAY26,73360.58,,73362.07,29MAY26,79000,,C,BTC-29MAY26-79000-C
0.084,0.1165,0.0,0.09047206,1779961342020,0.0,42.24,73360.58,index_price,73360.58,0.10025,73362.07,31MAY26,80000,,P,BTC-31MAY26-80000-P
0.0325,0.059,0.0,0.03590204,1779961342020,0.0,35.05,73372.558,SYN.BTC-1JUN26,73360.58,0.04575,73362.07,1JUN26,71000,,C,BTC-1JUN26-71000-C
0.32,0.3245,0.0,0.32301314,1779961342020,0.0,49.07,75305.81,BTC-26MAR27,73360.58,0.32225,73362.07,26MAR27,55000,,C,BTC-26MAR27-55000-C
0.255,0.2585,2.2,0.25772732,1779961342020,0.0,46.9,75305.81,BTC-26MAR27,73360.58,0.25675,73362.07,26MAR27,62000,,C,BTC-26MAR27-62000-C
0.221,0.232,0.0,0.22641903,1779961342020,0.0,53.5,73392.07,BTC-5JUN26,73360.58,0.2265,73362.07,5JUN26,90000,,P,BTC-5JUN26-90000-P
0.619,0.6305,173.8,0.62333862,1779961342020,0.0,40.57,74013.79,BTC-25SEP26,73360.58,0.62475,73362.07,25SEP26,120000,,P,BTC-25SEP26-120000-P
0.0075,0.0085,0.0,0.00800769,1779961342020,0.0,35.39,73839.66,SYN.BTC-28AUG26,73360.58,0.008,73362.07,28AUG26,94000,,C,BTC-28AUG26-94000-C
0.0215,0.022,3113.8,0.02179159,1779961342020,1029.6,37.75,73510.99,BTC-26JUN26,73360.58,0.02175,73362.07,26JUN26,70000,,P,BTC-26JUN26-70000-P
0.02,0.0525,0.0,0.02367709,1779961342020,0.0,34.14,73360.58,index_price,73360.58,0.03625,73362.07,31MAY26,72000,,C,BTC-31MAY26-72000-C
0.0009,0.001,1295.4,0.00101166,1779961342020,995.8,34.7,73392.07,BTC-5JUN26,73360.58,0.00095,73362.07,5JUN26,80000,,C,BTC-5JUN26-80000-C
0.123,0.125,674.6,0.12439711,1779961342020,0.4,42.1,73510.99,BTC-26JUN26,73360.58,0.124,73362.07,26JUN26,65000,,C,BTC-26JUN26-65000-C
0.333,0.336,32.6,0.33488257,1779961342020,0.0,51.65,74013.79,BTC-25SEP26,73360.58,0.3345,73362.07,25SEP26,50000,,C,BTC-25SEP26-50000-C
0.006,0.007,0.0,0.00650291,1779961342020,0.0,35.75,73839.66,SYN.BTC-28AUG26,73360.58,0.0065,73362.07,28AUG26,96000,,C,BTC-28AUG26-96000-C
0.051,0.052,30.8,0.05161368,1779961342020,1.7,35.79,73665.67,BTC-31JUL26,73360.58,0.0515,73362.07,31JUL26,75000,,C,BTC-31JUL26-75000-C
0.221,0.232,0.1,0.22620081,1779961342020,0.1,40.9,73411.15,BTC-12JUN26,73360.58,0.2265,73362.07,12JUN26,90000,,P,BTC-12JUN26-90000-P
0.012,0.013,229.4,0.01258471,1779961342020,5.6,36.84,74013.71,BTC-25SEP26,73360.58,0.0125,73362.07,25SEP26,96000,,C,BTC-25SEP26-96000-C
0.0335,0.035,19.1,0.03461995,1779961342020,0.0,41.62,75305.81,BTC-26MAR27,73360.58,0.03425,73362.07,26MAR27,112000,,C,BTC-26MAR27-112000-C
0.1205,0.122,157.4,0.12148512,1779961342020,0.0,43.07,75305.81,BTC-26MAR27,73360.58,0.12125,73362.07,26MAR27,82000,,C,BTC-26MAR27-82000-C
0.0065,0.007,245.8,0.00697812,1779961342020,62.8,33.33,73411.15,BTC-12JUN26,73360.58,0.00675,73362.07,12JUN26,78000,,C,BTC-12JUN26-78000-C
,0.0001,2601.1,1.814e-05,1779961342020,0.0,72.71,73510.99,BTC-26JUN26,73360.58,,73362.07,26JUN26,150000,,C,BTC-26JUN26-150000-C
0.0006,0.0009,256.4,0.0008043,1779961342020,2.0,40.21,73666.19,BTC-31JUL26,73360.58,0.00075,73362.07,31JUL26,108000,,C,BTC-31JUL26-108000-C
0.272,0.2745,82.1,0.27328554,1779961342020,0.1,47.58,74013.71,BTC-25SEP26,73360.58,0.27325,73362.07,25SEP26,55000,,C,BTC-25SEP26-55000-C
0.0285,0.032,45.5,0.02964936,1779961342020,14.2,35.92,73356.87,BTC-29MAY26,73360.58,0.03025,73362.07,29MAY26,75500,,P,BTC-29MAY26-75500-P
0.1445,0.15,38.0,0.14663126,1779961342020,0.0,34.31,73510.99,BTC-26JUN26,73360.58,0.14725,73362.07,26JUN26,84000,,P,BTC-26JUN26-84000-P
0.0005,0.0007,0.0,0.00061363,1779961342020,0.0,34.01,73372.558,SYN.BTC-1JUN26,73360.58,0.0006,73362.07,1JUN26,78000,,C,BTC-1JUN26-78000-C
0.107,0.1095,1.7,0.10836156,1779961342020,0.0,39.01,73666.19,BTC-31JUL26,73360.58,0.10825,73362.07,31JUL26,68000,,C,BTC-31JUL26-68000-C
0.0015,0.0018,163.7,0.0016945,1779961342020,7.3,37.2,73666.19,BTC-31JUL26,73360.58,0.00165,73362.07,31JUL26,100000,,C,BTC-31JUL26-100000-C
0.123,0.125,60.1,0.12414984,1779961342020,1.6,42.75,74657.45,BTC-25DEC26,73360.58,0.124,73362.07,25DEC26,74000,,P,BTC-25DEC26-74000-P
,0.0002,155.1,0.00011063,1779961342020,133.6,50.1,73360.04,index_price,73360.58,,73362.07,30MAY26,80000,,C,BTC-30MAY26-80000-C
0.0735,0.0805,0.0,0.07699459,1779961342020,0.0,45.58,73360.04,index_price,73360.58,0.077,73362.07,30MAY26,79000,,P,BTC-30MAY26-79000-P
0.0875,0.089,396.0,0.08835333,1779961342020,0.7,38.68,74013.79,BTC-25SEP26,73360.58,0.08825,73362.07,25SEP26,74000,,C,BTC-25SEP26-74000-C
0.149,0.152,3.0,0.15055889,1779961342020,3.0,41.74,73666.19,BTC-31JUL26,73360.58,0.1505,73362.07,31JUL26,64000,,C,BTC-31JUL26-64000-C
0.0047,0.0055,14.6,0.00496595,1779961342020,15.7,34.14,73360.58,index_price,73360.58,0.0051,73362.07,31MAY26,72000,,P,BTC-31MAY26-72000-P
0.0024,0.0027,938.1,0.00256163,1779961342020,204.3,50.76,73510.99,BTC-26JUN26,73360.58,0.00255,73362.07,26JUN26,58000,,P,BTC-26JUN26-58000-P
0.039,0.041,76.8,0.04006653,1779961342020,15.8,34.23,73411.15,BTC-12JUN26,73360.58,0.04,73362.07,12JUN26,75000,,P,BTC-12JUN26-75000-P
0.064,0.0675,233.5,0.06543219,1779961342020,7.3,33.45,73392.07,BTC-5JUN26,73360.58,0.06575,73362.07,5JUN26,78000,,P,BTC-5JUN26-78000-P
0.4535,0.4555,17.7,0.45470961,1779961342020,0.0,114.17,73356.79,BTC-29MAY26,73360.58,0.4545,73362.07,29MAY26,40000,,C,BTC-29MAY26-40000-C
0.1135,0.117,4.1,0.11546248,1779961342020,0.0,47.55,73392.07,BTC-5JUN26,73360.58,0.11525,73362.07,5JUN26,65000,,C,BTC-5JUN26-65000-C
0.0775,0.0795,602.7,0.0785669,1779961342020,2.4,41.11,74658.06,BTC-25DEC26,73360.58,0.0785,73362.07,25DEC26,84000,,C,BTC-25DEC26-84000-C
0.022,0.023,5.0,0.02253016,1779961342020,5.0,34.99,73839.66,SYN.BTC-28AUG26,73360.58,0.0225,73362.07,28AUG26,85000,,C,BTC-28AUG26-85000-C
0.102,0.103,635.0,0.10236036,1779961342020,3.8,38.18,74013.79,BTC-25SEP26,73360.58,0.1025,73362.07,25SEP26,76000,,P,BTC-25SEP26-76000-P
0.0049,0.0055,0.1,0.00517582,1779961342020,0.1,35.94,73839.66,SYN.BTC-28AUG26,73360.58,0.0052,73362.07,28AUG26,98000,,C,BTC-28AUG26-98000-C
0.0039,0.0045,0.2,0.00420367,1779961342020,0.2,36.29,73839.66,SYN.BTC-28AUG26,73360.58,0.0042,73362.07,28AUG26,100000,,C,BTC-28AUG26-100000-C
0.1195,0.121,272.0,0.1202426,1779961342020,5.5,42.35,74658.06,BTC-25DEC26,73360.58,0.12025,73362.07,25DEC26,76000,,C,BTC-25DEC26-76000-C
0.028,0.053,0.0,0.03191897,1779961342020,0.0,29.48,73372.558,SYN.BTC-1JUN26,73360.58,0.0405,73362.07,1JUN26,75500,,P,BTC-1JUN26-75500-P
0.132,0.1655,0.0,0.1585693,1779961342020,0.0,64.18,73360.58,index_price,73360.58,0.14875,73362.07,31MAY26,85000,,P,BTC-31MAY26-85000-P
0.0035,0.0038,39.6,0.00375768,1779961342020,34.7,32.78,73360.04,index_price,73360.58,0.00365,73362.07,30MAY26,74500,,C,BTC-30MAY26-74500-C
0.0095,0.0105,53.2,0.01014551,1779961342020,53.2,30.73,73360.58,index_price,73360.58,0.01,73362.07,31MAY26,73500,,C,BTC-31MAY26-73500-C
,0.0002,111.0,0.00013391,1779961342020,73.0,59.83,73356.79,BTC-29MAY26,73360.58,,73362.07,29MAY26,78500,,C,BTC-29MAY26-78500-C
,0.0001,2009.3,8.813e-05,1779961342020,53.3,107.98,73510.99,BTC-26JUN26,73360.58,,73362.07,26JUN26,30000,,P,BTC-26JUN26-30000-P
0.0315,0.0325,0.0,0.0318601,1779961342020,0.0,35.31,73839.66,SYN.BTC-28AUG26,73360.58,0.032,73362.07,28AUG26,82000,,C,BTC-28AUG26-82000-C
,0.0002,8.1,0.00011657,1779961342020,1.5,47.24,73360.04,index_price,73360.58,,73362.07,30MAY26,79500,,C,BTC-30MAY26-79500-C
0.024,0.0255,59.6,0.02505547,1779961342020,0.9,40.07,74658.06,BTC-25DEC26,73360.58,0.02475,73362.07,25DEC26,104000,,C,BTC-25DEC26-104000-C
0.057,0.06,0.2,0.05880759,1779961342020,0.2,38.11,73411.19,BTC-12JUN26,73360.58,0.0585,73362.07,12JUN26,70000,,C,BTC-12JUN26-70000-C
0.1525,0.1545,79.8,0.15354162,1779961342020,0.0,41.35,74013.79,BTC-25SEP26,73360.58,0.1535,73362.07,25SEP26,66000,,C,BTC-25SEP26-66000-C
0.0009,0.0011,3.8,0.00096283,1779961342020,3.8,44.88,73372.558,SYN.BTC-1JUN26,73360.58,0.001,73362.07,1JUN26,68000,,P,BTC-1JUN26-68000-P
1.0235,1.1735,0.1,1.09471099,1779961342020,0.0,48.81,74013.79,BTC-25SEP26,73360.58,1.0985,73362.07,25SEP26,155000,,P,BTC-25SEP26-155000-P
0.0055,0.006,1369.0,0.00579408,1779961342020,11.0,37.82,74013.79,BTC-25SEP26,73360.58,0.00575,73362.07,25SEP26,105000,,C,BTC-25SEP26-105000-C
0.0795,0.082,5.4,0.08111139,1779961342020,1.0,37.45,73666.19,BTC-31JUL26,73360.58,0.08075,73362.07,31JUL26,71000,,C,BTC-31JUL26-71000-C
0.062,0.0635,1729.0,0.06262711,1779961342020,7.2,40.62,74658.06,BTC-25DEC26,73360.58,0.06275,73362.07,25DEC26,88000,,C,BTC-25DEC26-88000-C
0.0065,0.0075,51.9,0.00697963,1779961342020,51.9,34.09,73461.03,SYN.BTC-19JUN26,73360.58,0.007,73362.07,19JUN26,80000,,C,BTC-19JUN26-80000-C
0.425,0.438,0.5,0.43138727,1779961342020,0.3,69.97,73356.79,BTC-29MAY26,73360.58,0.4315,73362.07,29MAY26,105000,,P,BTC-29MAY26-105000-P
0.0945,0.1305,0.0,0.12119259,1779961342020,0.0,43.0,73461.03,SYN.BTC-19JUN26,73360.58,0.1125,73362.07,19JUN26,65000,,C,BTC-19JUN26-65000-C
0.0034,0.0038,1.6,0.00355796,1779961342020,1.6,34.99,73360.58,index_price,73360.58,0.0036,73362.07,31MAY26,71500,,P,BTC-31MAY26-71500-P
0.4115,0.445,0.0,0.44039255,1779961342020,0.0,41.57,75305.81,BTC-26MAR27,73360.58,0.42825,73362.07,26MAR27,105000,,P,BTC-26MAR27-105000-P
0.119,0.129,0.4,0.12319903,1779961342020,0.4,35.61,73839.66,SYN.BTC-28AUG26,73360.58,0.124,73362.07,28AUG26,80000,,P,BTC-28AUG26-80000-P
0.062,0.0655,1295.8,0.06345701,1779961342020,40.7,55.32,73356.79,BTC-29MAY26,73360.58,0.06375,73362.07,29MAY26,78000,,P,BTC-29MAY26-78000-P
0.02,0.0205,254.4,0.02031596,1779961342020,18.6,36.19,73411.15,BTC-12JUN26,73360.58,0.02025,73362.07,12JUN26,72000,,P,BTC-12JUN26-72000-P
1.3665,1.538,37.1,1.44861769,1779961342020,0.0,75.45,73510.99,BTC-26JUN26,73360.58,1.45225,73362.07,26JUN26,180000,,P,BTC-26JUN26-180000-P
0.0018,0.0022,0.0,0.0018986,1779961342020,0.0,35.84,73461.03,SYN.BTC-19JUN26,73360.58,0.002,73362.07,19JUN26,85000,,C,BTC-19JUN26-85000-C
0.066,0.0935,0.0,0.0875267,1779961342020,0.0,48.47,73372.558,SYN.BTC-1JUN26,73360.58,0.07975,73362.07,1JUN26,67000,,C,BTC-1JUN26-67000-C
0.0395,0.043,0.0,0.0415507,1779961342020,0.0,37.04,73392.07,BTC-5JUN26,73360.58,0.04125,73362.07,5JUN26,71000,,C,BTC-5JUN26-71000-C
0.4925,0.5025,929.2,0.49660046,1779961342020,0.0,53.83,73510.99,BTC-26JUN26,73360.58,0.4975,73362.07,26JUN26,110000,,P,BTC-26JUN26-110000-P
0.1515,0.155,194.5,0.1532544,1779961342020,1.8,37.07,74013.79,BTC-25SEP26,73360.58,0.15325,73362.07,25SEP26,82000,,P,BTC-25SEP26-82000-P
0.4965,0.586,0.0,0.52189235,1779961342020,0.0,41.62,75305.81,BTC-26MAR27,73360.58,0.54125,73362.07,26MAR27,112000,,P,BTC-26MAR27-112000-P
0.0195,0.02,1090.3,0.01955828,1779961342020,154.7,34.0,73666.19,BTC-31JUL26,73360.58,0.01975,73362.07,31JUL26,82000,,C,BTC-31JUL26-82000-C
0.266,0.2695,39.6,0.26803674,1779961342020,0.0,47.4,74658.06,BTC-25DEC26,73360.58,0.26775,73362.07,25DEC26,58000,,C,BTC-25DEC26-58000-C
0.0215,0.0225,0.0,0.0218454,1779961342020,0.0,40.99,73666.19,BTC-31JUL26,73360.58,0.022,73362.07,31JUL26,65000,,P,BTC-31JUL26-65000-P
0.031,0.032,0.0,0.03128879,1779961342020,0.0,40.9,73839.97,SYN.BTC-28AUG26,73360.58,0.0315,73362.07,28AUG26,65000,,P,BTC-28AUG26-65000-P
0.0355,0.039,31.5,0.03667893,1779961342020,0.6,32.67,73360.04,index_price,73360.58,0.03725,73362.07,30MAY26,76000,,P,BTC-30MAY26-76000-P
,0.0001,1176.5,6.511e-05,1779961342020,4.8,81.81,73356.79,BTC-29MAY26,73360.58,,73362.07,29MAY26,66000,,P,BTC-29MAY26-66000-P
0.4255,0.4325,311.5,0.42865124,1779961342020,0.2,49.77,73510.99,BTC-26JUN26,73360.58,0.429,73362.07,26JUN26,105000,,P,BTC-26JUN26-105000-P
,0.0001,2411.0,8.13e-06,1779961342020,9.6,69.96,73356.79,BTC-29MAY26,73360.58,,73362.07,29MAY26,82000,,C,BTC-29MAY26-82000-C
,0.0002,1895.1,0.00014088,1779961342020,0.1,65.56,73510.99,BTC-26JUN26,73360.58,,73362.07,26JUN26,125000,,C,BTC-26JUN26-125000-C
0.1575,0.1625,2850.5,0.15945365,1779961342021,0.7,34.68,73510.99,BTC-26JUN26,73360.58,0.16,73362.07,26JUN26,85000,,P,BTC-26JUN26-85000-P
0.013,0.0155,0.0,0.01449978,1779961342021,0.0,35.97,73356.87,BTC-29MAY26,73360.58,0.01425,73362.07,29MAY26,72500,,C,BTC-29MAY26-72500-C
,0.0001,0.0,1.3e-07,1779961342021,0.0,52.27,73360.04,index_price,73360.58,,73362.07,30MAY26,86000,,C,BTC-30MAY26-86000-C
0.727,0.7285,103.6,0.72796738,1779961342021,0.0,143.69,73510.99,BTC-26JUN26,73360.58,0.72775,73362.07,26JUN26,20000,,C,BTC-26JUN26-20000-C
0.0445,0.046,177.8,0.04526408,1779961342021,0.4,41.35,74013.79,BTC-25SEP26,73360.58,0.04525,73362.07,25SEP26,66000,,P,BTC-25SEP26-66000-P
0.074,0.075,1589.3,0.0744359,1779961342021,1.0,41.03,74658.06,BTC-25DEC26,73360.58,0.0745,73362.07,25DEC26,85000,,C,BTC-25DEC26-85000-C
0.3265,0.4045,0.7,0.34787406,1779961342021,0.0,40.06,74658.06,BTC-25DEC26,73360.58,0.3655,73362.07,25DEC26,98000,,P,BTC-25DEC26-98000-P
0.1865,0.2895,0.4,0.23137782,1779961342021,0.4,34.94,73839.66,SYN.BTC-28AUG26,73360.58,0.238,73362.07,28AUG26,90000,,P,BTC-28AUG26-90000-P
0.1415,0.144,18.6,0.1428241,1779961342021,2.4,43.63,75305.81,BTC-26MAR27,73360.58,0.14275,73362.07,26MAR27,78000,,C,BTC-26MAR27-78000-C
0.1105,0.1145,413.9,0.11254563,1779961342021,0.0,41.09,73510.99,BTC-26JUN26,73360.58,0.1125,73362.07,26JUN26,66000,,C,BTC-26JUN26-66000-C
,0.0001,1570.9,2.744e-05,1779961342021,19.8,69.96,73356.79,BTC-29MAY26,73360.58,,73362.07,29MAY26,81000,,C,BTC-29MAY26-81000-C
0.131,0.2315,0.4,0.17367306,1779961342021,0.4,34.99,73839.66,SYN.BTC-28AUG26,73360.58,0.18125,73362.07,28AUG26,85000,,P,BTC-28AUG26-85000-P
0.0044,0.0048,8.6,0.0046327,1779961342021,8.7,29.4,73360.58,index_price,73360.58,0.0046,73362.07,31MAY26,74500,,C,BTC-31MAY26-74500-C
0.0001,0.0002,17.3,0.00015332,1779961342021,26.8,42.24,73360.04,index_price,73360.58,0.00015,73362.07,30MAY26,78500,,C,BTC-30MAY26-78500-C
0.035,0.0385,2248.7,0.03630714,1779961342021,129.4,38.22,73356.79,BTC-29MAY26,73360.58,0.03675,73362.07,29MAY26,76000,,P,BTC-29MAY26-76000-P
1.611,1.8025,0.1,1.70239337,1779961342021,0.0,57.77,74013.79,BTC-25SEP26,73360.58,1.70675,73362.07,25SEP26,200000,,P,BTC-25SEP26-200000-P
0.118,0.1645,0.0,0.12178169,1779961342021,0.0,39.49,73839.66,SYN.BTC-28AUG26,73360.58,0.14125,73362.07,28AUG26,68000,,C,BTC-28AUG26-68000-C
0.7645,0.776,106.4,0.76851363,1779961342021,0.0,65.57,73510.99,BTC-26JUN26,73360.58,0.77025,73362.07,26JUN26,130000,,P,BTC-26JUN26-130000-P
0.0395,0.095,0.0,0.05660847,1779961342021,0.0,32.68,73360.58,index_price,73360.58,0.06725,73362.07,31MAY26,77500,,P,BTC-31MAY26-77500-P
0.1075,0.1095,211.1,0.10853032,1779961342021,1.4,42.01,74658.06,BTC-25DEC26,73360.58,0.1085,73362.07,25DEC26,78000,,C,BTC-25DEC26-78000-C
0.0007,0.0009,2443.8,0.00078446,1779961342021,61.2,63.17,73510.99,BTC-26JUN26,73360.58,0.0008,73362.07,26JUN26,50000,,P,BTC-26JUN26-50000-P
0.181,0.1875,491.8,0.18307772,1779961342021,2.0,36.79,74013.79,BTC-25SEP26,73360.58,0.18425,73362.07,25SEP26,85000,,P,BTC-25SEP26-85000-P
0.248,0.3135,0.0,0.27866472,1779961342021,0.0,48.84,73839.66,SYN.BTC-28AUG26,73360.58,0.28075,73362.07,28AUG26,54000,,C,BTC-28AUG26-54000-C
,0.0002,1816.1,0.00014075,1779961342021,151.0,55.32,73356.79,BTC-29MAY26,73360.58,,73362.07,29MAY26,78000,,C,BTC-29MAY26-78000-C
0.0001,0.0002,1.1,0.00016746,1779961342021,1.2,48.07,73360.58,index_price,73360.58,0.00015,73362.07,31MAY26,81000,,C,BTC-31MAY26-81000-C
,0.0001,281.8,3.694e-05,1779961342021,1.0,58.3,73392.07,BTC-5JUN26,73360.58,,73362.07,5JUN26,95000,,C,BTC-5JUN26-95000-C
0.0008,0.0011,41.1,0.00096106,1779961342021,1.6,39.49,73666.19,BTC-31JUL26,73360.58,0.00095,73362.07,31JUL26,106000,,C,BTC-31JUL26-106000-C
0.015,0.0155,538.9,0.01515004,1779961342021,43.8,43.31,73666.19,BTC-31JUL26,73360.58,0.01525,73362.07,31JUL26,62000,,P,BTC-31JUL26-62000-P
0.0003,0.0005,0.0,0.00037301,1779961342021,0.0,56.11,73372.558,SYN.BTC-1JUN26,73360.58,0.0004,73362.07,1JUN26,65000,,P,BTC-1JUN26-65000-P
,0.0001,6.0,3.59e-06,1779961342021,0.1,50.18,73360.04,index_price,73360.58,,73362.07,30MAY26,83000,,C,BTC-30MAY26-83000-C
0.0105,0.0565,0.0,0.02475761,1779961342021,0.0,32.62,73372.962,SYN.BTC-1JUN26,73360.58,0.0335,73362.07,1JUN26,72000,,C,BTC-1JUN26-72000-C
0.311,0.32,90.5,0.31428832,1779961342021,0.0,40.13,74658.06,BTC-25DEC26,73360.58,0.3155,73362.07,25DEC26,95000,,P,BTC-25DEC26-95000-P
