bid_price,ask_price,open_interest,mark_price,creation_timestamp_x,volume,mark_iv,underlying_price,underlying_index,estimated_delivery_price,mid_price,price_index,expiration_timestamp,strike,settlement_period,option_type,instrument_id
0.0685,0.0755,0.0,0.073766,1779961373133,0.0,49.44,1991.77,SYN.ETH-19JUN26,1990.39,0.072,1990.39,19JUN26,1900,,C,ETH-19JUN26-1900-C
1.0955,1.2965,20.0,1.185571,1779961373133,0.0,58.53,2022.93,ETH-25DEC26,1990.39,1.196,1990.39,25DEC26,4400,,P,ETH-25DEC26-4400-P
0.735,0.8845,0.0,0.804722,1779961373133,0.0,59.47,1995.83,ETH-31JUL26,1990.39,0.80975,1990.39,31JUL26,3600,,P,ETH-31JUL26-3600-P
0.9275,1.0915,0.0,1.004721,1779961373133,0.0,64.17,1995.83,ETH-31JUL26,1990.39,1.0095,1990.39,31JUL26,4000,,P,ETH-31JUL26-4000-P
0.063,0.0655,0.0,0.064723,1779961373133,0.0,51.25,2000.22,SYN.ETH-28AUG26,1990.39,0.06425,1990.39,28AUG26,2200,,C,ETH-28AUG26-2200-C
0.007,0.008,6534.0,0.007504,1779961373133,0.0,54.46,2004.52,ETH-25SEP26,1990.39,0.0075,1990.39,25SEP26,3400,,C,ETH-25SEP26-3400-C
1.111,1.2955,281.0,1.196927,1779961373133,0.0,59.86,2004.55,ETH-25SEP26,1990.39,1.20325,1990.39,25SEP26,4400,,P,ETH-25SEP26-4400-P
2.3275,2.615,0.0,2.462055,1779961373133,0.0,65.0,2022.96,ETH-25DEC26,1990.39,2.47125,1990.39,25DEC26,7000,,P,ETH-25DEC26-7000-P
0.265,0.269,152.0,0.268009,1779961373133,0.0,60.29,2043.45,ETH-26MAR27,1990.39,0.267,1990.39,26MAR27,1800,,C,ETH-26MAR27-1800-C
1.413,1.614,1689.0,1.509324,1779961373133,0.0,90.31,1992.63,ETH-26JUN26,1990.39,1.5135,1990.39,26JUN26,5000,,P,ETH-26JUN26-5000-P
0.031,0.032,4507.0,0.031376,1779961373133,1725.0,46.96,1992.6,ETH-26JUN26,1990.39,0.0315,1990.39,26JUN26,2100,,C,ETH-26JUN26-2100-C
0.0905,0.101,0.0,0.097149,1779961373133,0.0,63.15,1989.92,SYN.ETH-1JUN26,1990.39,0.09575,1990.39,1JUN26,1800,,C,ETH-1JUN26-1800-C
0.199,0.2025,973.0,0.199985,1779961373133,0.0,59.33,2043.45,ETH-26MAR27,1990.39,0.20075,1990.39,26MAR27,2000,,P,ETH-26MAR27-2000-P
0.1495,0.151,3190.0,0.149744,1779961373133,4.0,53.39,2004.55,ETH-25SEP26,1990.39,0.15025,1990.39,25SEP26,2100,,P,ETH-25SEP26-2100-P
,0.0001,1322.0,1e-06,1779961373133,0.0,91.99,1992.63,ETH-26JUN26,1990.39,,1990.39,26JUN26,6200,,C,ETH-26JUN26-6200-C
0.0006,0.0009,1119.0,0.000816,1779961373133,957.0,55.06,1989.88,ETH-29MAY26,1990.39,0.00075,1990.39,29MAY26,2075,,C,ETH-29MAY26-2075-C
,0.0001,18840.0,8.9e-05,1779961373133,50.0,164.22,1992.63,ETH-26JUN26,1990.39,,1990.39,26JUN26,500,,P,ETH-26JUN26-500-P
0.02,0.021,0.0,0.020486,1779961373133,0.0,43.01,1989.92,SYN.ETH-1JUN26,1990.39,0.0205,1990.39,1JUN26,2000,,P,ETH-1JUN26-2000-P
0.0029,0.0034,1845.0,0.003151,1779961373133,295.0,59.9,1990.36,index_price,1990.39,0.00315,1990.39,30MAY26,1900,,P,ETH-30MAY26-1900-P
0.112,0.117,743.0,0.116263,1779961373133,0.0,51.49,1992.6,ETH-26JUN26,1990.39,0.1145,1990.39,26JUN26,1800,,C,ETH-26JUN26-1800-C
6.675,7.315,30.0,6.981978,1779961373133,0.0,93.26,2004.52,ETH-25SEP26,1990.39,6.995,1990.39,25SEP26,16000,,P,ETH-25SEP26-16000-P
0.024,0.025,411.0,0.024506,1779961373133,308.0,45.81,1990.97,ETH-12JUN26,1990.39,0.0245,1990.39,12JUN26,2050,,C,ETH-12JUN26-2050-C
0.0865,0.094,0.0,0.091611,1779961373133,0.0,50.78,1991.77,SYN.ETH-19JUN26,1990.39,0.09025,1990.39,19JUN26,1850,,C,ETH-19JUN26-1850-C
0.0006,0.0008,1563.0,0.000719,1779961373133,124.0,61.62,1990.53,ETH-5JUN26,1990.39,0.0007,1990.39,5JUN26,2400,,C,ETH-5JUN26-2400-C
1.129,1.3515,0.0,1.226594,1779961373133,0.0,59.06,2043.45,ETH-26MAR27,1990.39,1.24025,1990.39,26MAR27,4500,,P,ETH-26MAR27-4500-P
0.2415,0.248,1612.0,0.246228,1779961373133,0.0,58.45,2004.52,ETH-25SEP26,1990.39,0.24475,1990.39,25SEP26,1600,,C,ETH-25SEP26-1600-C
0.541,0.5705,349.0,0.553568,1779961373133,92.0,58.02,2043.45,ETH-26MAR27,1990.39,0.55575,1990.39,26MAR27,3000,,P,ETH-26MAR27-3000-P
0.3725,0.436,2.0,0.385358,1779961373133,0.0,51.35,1995.85,ETH-31JUL26,1990.39,0.40425,1990.39,31JUL26,2750,,P,ETH-31JUL26-2750-P
0.0045,0.0049,478.0,0.004778,1779961373133,481.0,42.24,1990.39,index_price,1990.39,0.0047,1990.39,31MAY26,2050,,C,ETH-31MAY26-2050-C
1.4735,1.698,0.0,1.576024,1779961373133,0.0,60.81,2022.93,ETH-25DEC26,1990.39,1.58575,1990.39,25DEC26,5200,,P,ETH-25DEC26-5200-P
0.1945,0.205,0.0,0.201507,1779961373133,0.0,62.84,1991.77,SYN.ETH-19JUN26,1990.39,0.19975,1990.39,19JUN26,1600,,C,ETH-19JUN26-1600-C
0.3995,0.52,8.0,0.456306,1779961373133,0.0,59.77,1992.6,ETH-26JUN26,1990.39,0.45975,1990.39,26JUN26,2900,,P,ETH-26JUN26-2900-P
0.007,0.008,1942.0,0.007461,1779961373133,8.0,59.65,2022.96,ETH-25DEC26,1990.39,0.0075,1990.39,25DEC26,4800,,C,ETH-25DEC26-4800-C
0.007,0.008,142.0,0.007506,1779961373133,0.0,51.35,1995.83,ETH-31JUL26,1990.39,0.0075,1990.39,31JUL26,2750,,C,ETH-31JUL26-2750-C
3.343,3.704,2.0,3.516757,1779961373133,0.0,105.28,1992.6,ETH-26JUN26,1990.39,3.5235,1990.39,26JUN26,9000,,P,ETH-26JUN26-9000-P
1.0295,1.198,0.0,1.110648,1779961373133,0.0,112.27,1989.9,ETH-29MAY26,1990.39,1.11375,1990.39,29MAY26,4200,,P,ETH-29MAY26-4200-P
0.5765,0.6475,1.0,0.605563,1779961373133,0.0,55.38,1995.85,ETH-31JUL26,1990.39,0.612,1990.39,31JUL26,3200,,P,ETH-31JUL26-3200-P
0.3985,0.42,430.0,0.406961,1779961373133,0.0,56.1,2022.96,ETH-25DEC26,1990.39,0.40925,1990.39,25DEC26,2700,,P,ETH-25DEC26-2700-P
0.3965,0.4585,1.0,0.409402,1779961373133,1.0,51.8,1995.83,ETH-31JUL26,1990.39,0.4275,1990.39,31JUL26,2800,,P,ETH-31JUL26-2800-P
,0.0003,1332.0,0.000153,1779961373133,5.0,72.25,2004.52,ETH-25SEP26,1990.39,,1990.39,25SEP26,7500,,C,ETH-25SEP26-7500-C
2.2615,2.5365,0.0,2.392602,1779961373133,0.0,70.75,2004.55,ETH-25SEP26,1990.39,2.399,1990.39,25SEP26,6800,,P,ETH-25SEP26-6800-P
0.0018,0.0022,10.0,0.001987,1779961373133,10.0,59.39,1990.39,index_price,1990.39,0.002,1990.39,31MAY26,1850,,P,ETH-31MAY26-1850-P
0.044,0.0455,1737.0,0.045384,1779961373133,139.0,49.78,1995.85,ETH-31JUL26,1990.39,0.04475,1990.39,31JUL26,2200,,C,ETH-31JUL26-2200-C
0.205,0.3085,249.0,0.247432,1779961373133,0.0,49.9,1995.83,ETH-31JUL26,1990.39,0.25675,1990.39,31JUL26,2450,,P,ETH-31JUL26-2450-P
0.0003,0.0005,1391.0,0.00041,1779961373133,7.0,67.31,1990.53,ETH-5JUN26,1990.39,0.0004,1990.39,5JUN26,2500,,C,ETH-5JUN26-2500-C
0.4925,0.553,0.0,0.506715,1779961373133,0.0,53.23,1995.85,ETH-31JUL26,1990.39,0.52275,1990.39,31JUL26,3000,,P,ETH-31JUL26-3000-P
0.0014,0.0021,2905.0,0.001728,1779961373133,0.0,65.0,2022.96,ETH-25DEC26,1990.39,0.00175,1990.39,25DEC26,7000,,C,ETH-25DEC26-7000-C
0.1385,0.1505,0.0,0.146356,1779961373133,0.0,84.33,1990.39,index_price,1990.39,0.1445,1990.39,31MAY26,1700,,C,ETH-31MAY26-1700-C
0.0037,0.0039,687.0,0.003752,1779961373133,702.0,51.74,1990.39,index_price,1990.39,0.0038,1990.39,31MAY26,1900,,P,ETH-31MAY26-1900-P
0.0105,0.0115,638.0,0.011015,1779961373133,421.0,45.88,1990.97,ETH-12JUN26,1990.39,0.011,1990.39,12JUN26,2150,,C,ETH-12JUN26-2150-C
,0.0001,4430.0,0.0,1779961373133,0.0,152.02,1989.9,ETH-29MAY26,1990.39,,1990.39,29MAY26,1000,,P,ETH-29MAY26-1000-P
0.0115,0.0125,25250.0,0.0123,1779961373133,2896.0,47.35,1989.9,ETH-29MAY26,1990.39,0.012,1990.39,29MAY26,2000,,P,ETH-29MAY26-2000-P
,0.0001,1233.0,0.0,1779961373133,0.0,112.27,1989.9,ETH-29MAY26,1990.39,,1990.39,29MAY26,4200,,C,ETH-29MAY26-4200-C
0.0555,0.058,0.0,0.05738,1779961373133,0.0,51.25,2000.22,SYN.ETH-28AUG26,1990.39,0.05675,1990.39,28AUG26,2250,,C,ETH-28AUG26-2250-C
0.1155,0.1175,4029.0,0.116497,1779961373133,21.0,58.4,2022.96,ETH-25DEC26,1990.39,0.1165,1990.39,25DEC26,1800,,P,ETH-25DEC26-1800-P
0.0002,0.0003,2.0,0.000253,1779961373133,0.0,61.08,1990.39,index_price,1990.39,0.00025,1990.39,31MAY26,2250,,C,ETH-31MAY26-2250-C
0.006,0.007,3575.0,0.006273,1779961373133,0.0,60.07,2022.93,ETH-25DEC26,1990.39,0.0065,1990.39,25DEC26,5000,,C,ETH-25DEC26-5000-C
0.502,0.528,260.0,0.512885,1779961373134,0.0,58.02,2043.42,ETH-26MAR27,1990.39,0.515,1990.39,26MAR27,2900,,P,ETH-26MAR27-2900-P
0.0425,0.052,50.0,0.049158,1779961373134,50.0,51.74,1990.39,index_price,1990.39,0.04725,1990.39,31MAY26,1900,,C,ETH-31MAY26-1900-C
0.04,0.1285,0.0,0.081669,1779961373134,0.0,47.15,1989.92,SYN.ETH-1JUN26,1990.39,0.08425,1990.39,1JUN26,2150,,P,ETH-1JUN26-2150-P
,0.0001,1827.0,0.0,1779961373134,0.0,105.35,1992.63,ETH-26JUN26,1990.39,,1990.39,26JUN26,11000,,C,ETH-26JUN26-11000-C
0.0014,0.002,8557.0,0.001685,1779961373134,0.0,60.38,2004.52,ETH-25SEP26,1990.39,0.0017,1990.39,25SEP26,4500,,C,ETH-25SEP26-4500-C
,0.0001,4384.0,0.0,1779961373134,0.0,112.27,1989.88,ETH-29MAY26,1990.39,,1990.39,29MAY26,3800,,C,ETH-29MAY26-3800-C
0.061,0.062,363.0,0.061753,1779961373134,22.0,49.9,1995.83,ETH-31JUL26,1990.39,0.0615,1990.39,31JUL26,2100,,C,ETH-31JUL26-2100-C
1.083,1.303,0.0,1.179437,1779961373134,0.0,58.89,2043.45,ETH-26MAR27,1990.39,1.193,1990.39,26MAR27,4400,,P,ETH-26MAR27-4400-P
0.444,0.5025,5.0,0.457807,1779961373134,2.0,52.47,1995.83,ETH-31JUL26,1990.39,0.47325,1990.39,31JUL26,2900,,P,ETH-31JUL26-2900-P
0.014,0.015,2.0,0.014569,1779961373134,2.0,43.84,1989.92,SYN.ETH-1JUN26,1990.39,0.0145,1990.39,1JUN26,1975,,P,ETH-1JUN26-1975-P
0.2805,0.387,10.0,0.331719,1779961373134,0.0,112.27,1989.9,ETH-29MAY26,1990.39,0.33375,1990.39,29MAY26,2650,,P,ETH-29MAY26-2650-P
,0.0002,2043.0,0.000211,1779961373134,5.0,70.75,2004.52,ETH-25SEP26,1990.39,,1990.39,25SEP26,7000,,C,ETH-25SEP26-7000-C
0.002,0.0024,12.0,0.002238,1779961373134,12.0,64.66,1990.36,index_price,1990.39,0.0022,1990.39,30MAY26,1875,,P,ETH-30MAY26-1875-P
0.0075,0.0085,254.0,0.00803,1779961373134,261.0,42.08,1990.39,index_price,1990.39,0.008,1990.39,31MAY26,2025,,C,ETH-31MAY26-2025-C
0.035,0.036,217.0,0.035403,1779961373134,166.0,46.56,1990.97,ETH-12JUN26,1990.39,0.0355,1990.39,12JUN26,2000,,C,ETH-12JUN26-2000-C
4.2765,4.7175,0.0,4.487671,1779961373134,0.0,85.52,2004.52,ETH-25SEP26,1990.39,4.497,1990.39,25SEP26,11000,,P,ETH-25SEP26-11000-P
0.5865,0.7385,2.0,0.655287,1779961373134,0.0,54.1,2004.55,ETH-25SEP26,1990.39,0.6625,1990.39,25SEP26,3300,,P,ETH-25SEP26-3300-P
0.0015,0.0019,18653.0,0.001701,1779961373134,2006.0,55.06,1992.63,ETH-26JUN26,1990.39,0.0017,1990.39,26JUN26,2700,,C,ETH-26JUN26-2700-C
0.0046,0.005,100.0,0.004813,1779961373134,100.0,62.84,1991.77,SYN.ETH-19JUN26,1990.39,0.0048,1990.39,19JUN26,1600,,P,ETH-19JUN26-1600-P
0.5365,0.546,216.0,0.538738,1779961373134,0.0,69.88,2043.45,ETH-26MAR27,1990.39,0.54125,1990.39,26MAR27,1000,,C,ETH-26MAR27-1000-C
,0.0001,3260.0,0.0,1779961373134,0.0,109.87,1992.6,ETH-26JUN26,1990.39,,1990.39,26JUN26,13000,,C,ETH-26JUN26-13000-C
,0.0001,2749.0,0.0,1779961373134,0.0,110.09,1992.63,ETH-26JUN26,1990.39,,1990.39,26JUN26,15000,,C,ETH-26JUN26-15000-C
0.0001,0.0002,139.0,0.00015,1779961373134,140.0,70.54,1990.36,index_price,1990.39,0.00015,1990.39,30MAY26,2250,,C,ETH-30MAY26-2250-C
0.041,0.046,504.0,0.043577,1779961373134,226.0,55.06,1989.9,ETH-29MAY26,1990.39,0.0435,1990.39,29MAY26,2075,,P,ETH-29MAY26-2075-P
,0.0002,1105.0,0.000108,1779961373134,0.0,73.32,2004.52,ETH-25SEP26,1990.39,,1990.39,25SEP26,8000,,C,ETH-25SEP26-8000-C
,0.0001,2001.0,0.0,1779961373134,0.0,105.35,1992.63,ETH-26JUN26,1990.39,,1990.39,26JUN26,10000,,C,ETH-26JUN26-10000-C
,0.0001,3128.0,8e-06,1779961373134,0.0,90.43,1992.6,ETH-26JUN26,1990.39,,1990.39,26JUN26,5200,,C,ETH-26JUN26-5200-C
0.0017,0.0019,4445.0,0.001828,1779961373134,322.0,51.6,1990.53,ETH-5JUN26,1990.39,0.0018,1990.39,5JUN26,2250,,C,ETH-5JUN26-2250-C
2.09,2.3595,0.0,2.215552,1779961373134,0.0,64.23,2022.96,ETH-25DEC26,1990.39,2.22475,1990.39,25DEC26,6500,,P,ETH-25DEC26-6500-P
0.1295,0.136,841.0,0.132208,1779961373134,436.0,51.6,1990.53,ETH-5JUN26,1990.39,0.13275,1990.39,5JUN26,2250,,P,ETH-5JUN26-2250-P
0.0125,0.014,150.0,0.013189,1779961373134,150.0,47.28,1991.77,SYN.ETH-19JUN26,1990.39,0.01325,1990.39,19JUN26,2200,,C,ETH-19JUN26-2200-C
0.007,0.0075,7655.0,0.007229,1779961373134,1516.0,47.35,1989.9,ETH-29MAY26,1990.39,0.00725,1990.39,29MAY26,2000,,C,ETH-29MAY26-2000-C
1.015,1.193,555.0,1.097614,1779961373134,0.0,58.65,2004.55,ETH-25SEP26,1990.39,1.104,1990.39,25SEP26,4200,,P,ETH-25SEP26-4200-P
0.048,0.0505,1016.0,0.049581,1779961373134,18.0,58.04,2043.45,ETH-26MAR27,1990.39,0.04925,1990.39,26MAR27,3600,,C,ETH-26MAR27-3600-C
0.0595,0.0675,0.0,0.062644,1779961373134,0.0,46.97,1991.77,SYN.ETH-19JUN26,1990.39,0.0635,1990.39,19JUN26,2050,,P,ETH-19JUN26-2050-P
0.1115,0.206,0.0,0.156014,1779961373134,0.0,59.06,1989.92,SYN.ETH-1JUN26,1990.39,0.15875,1990.39,1JUN26,2300,,P,ETH-1JUN26-2300-P
0.154,0.159,273.0,0.158122,1779961373134,0.0,54.94,1992.6,ETH-26JUN26,1990.39,0.1565,1990.39,26JUN26,1700,,C,ETH-26JUN26-1700-C
0.018,0.019,4635.0,0.0186,1779961373134,2251.0,47.41,1990.5,ETH-5JUN26,1990.39,0.0185,1990.39,5JUN26,1950,,P,ETH-5JUN26-1950-P
0.6375,0.8095,3.0,0.723189,1779961373134,0.0,58.02,2043.45,ETH-26MAR27,1990.39,0.7235,1990.39,26MAR27,3400,,P,ETH-26MAR27-3400-P
0.0001,0.0002,7165.0,0.000147,1779961373134,0.0,78.2,1992.6,ETH-26JUN26,1990.39,0.00015,1990.39,26JUN26,3800,,C,ETH-26JUN26-3800-C
0.0024,0.0027,15978.0,0.002532,1779961373134,306.0,53.0,1992.6,ETH-26JUN26,1990.39,0.00255,1990.39,26JUN26,2600,,C,ETH-26JUN26-2600-C
0.0044,0.0049,280.0,0.004698,1779961373134,279.0,56.01,1990.36,index_price,1990.39,0.00465,1990.39,30MAY26,1925,,P,ETH-30MAY26-1925-P
0.006,0.007,808.0,0.006555,1779961373134,851.0,49.15,1989.9,ETH-29MAY26,1990.39,0.0065,1990.39,29MAY26,1975,,P,ETH-29MAY26-1975-P
0.006,0.007,0.0,0.00677,1779961373134,0.0,42.78,1989.92,SYN.ETH-1JUN26,1990.39,0.0065,1990.39,1JUN26,2050,,C,ETH-1JUN26-2050-C
0.6385,0.7815,2.0,0.705018,1779961373134,0.0,57.63,1995.83,ETH-31JUL26,1990.39,0.71,1990.39,31JUL26,3400,,P,ETH-31JUL26-3400-P
0.001,0.0012,124.0,0.001123,1779961373134,124.0,46.99,1990.39,index_price,1990.39,0.0011,1990.39,31MAY26,2125,,C,ETH-31MAY26-2125-C
0.0805,0.0825,1544.0,0.082101,1779961373134,20.0,56.11,2022.96,ETH-25DEC26,1990.39,0.0815,1990.39,25DEC26,2600,,C,ETH-25DEC26-2600-C
0.0725,0.0735,126.0,0.072967,1779961373134,23.0,50.97,1995.83,ETH-31JUL26,1990.39,0.073,1990.39,31JUL26,1950,,P,ETH-31JUL26-1950-P
0.146,0.187,231.0,0.156786,1779961373134,0.0,54.91,1990.53,ETH-5JUN26,1990.39,0.1665,1990.39,5JUN26,2300,,P,ETH-5JUN26-2300-P
0.0315,0.033,2221.0,0.032856,1779961373134,397.0,49.74,1995.85,ETH-31JUL26,1990.39,0.03225,1990.39,31JUL26,2300,,C,ETH-31JUL26-2300-C
,0.0001,1464.0,4e-06,1779961373134,0.0,90.43,1992.6,ETH-26JUN26,1990.39,,1990.39,26JUN26,5400,,C,ETH-26JUN26-5400-C
0.012,0.013,2274.0,0.012522,1779961373134,0.0,57.87,2022.96,ETH-25DEC26,1990.39,0.0125,1990.39,25DEC26,4200,,C,ETH-25DEC26-4200-C
0.192,0.2025,0.0,0.199161,1779961373134,0.0,67.39,1990.97,ETH-12JUN26,1990.39,0.19725,1990.39,12JUN26,1600,,C,ETH-12JUN26-1600-C
0.3425,0.413,41.0,0.356845,1779961373134,0.0,112.27,1989.9,ETH-29MAY26,1990.39,0.37775,1990.39,29MAY26,2700,,P,ETH-29MAY26-2700-P
,0.0002,1252.0,8.7e-05,1779961373134,0.0,74.97,2004.55,ETH-25SEP26,1990.39,,1990.39,25SEP26,8500,,C,ETH-25SEP26-8500-C
1.3595,1.5945,0.0,1.464144,1779961373134,0.0,59.77,2043.45,ETH-26MAR27,1990.39,1.477,1990.39,26MAR27,5000,,P,ETH-26MAR27-5000-P
0.0245,0.026,214.0,0.025426,1779961373134,165.0,42.08,1990.39,index_price,1990.39,0.02525,1990.39,31MAY26,2025,,P,ETH-31MAY26-2025-P
,0.0001,20839.0,8e-06,1779961373134,1.0,112.27,1989.9,ETH-29MAY26,1990.39,,1990.39,29MAY26,2400,,C,ETH-29MAY26-2400-C
,0.0002,32.0,0.000148,1779961373134,32.0,75.92,1990.36,index_price,1990.39,,1990.39,30MAY26,2275,,C,ETH-30MAY26-2275-C
1.159,1.347,6.0,1.246611,1779961373134,0.0,60.38,2004.52,ETH-25SEP26,1990.39,1.253,1990.39,25SEP26,4500,,P,ETH-25SEP26-4500-P
0.032,0.0415,50.0,0.038263,1779961373134,50.0,48.48,1990.39,index_price,1990.39,0.03675,1990.39,31MAY26,1925,,C,ETH-31MAY26-1925-C
0.161,0.2645,0.0,0.20888,1779961373134,0.0,50.5,1991.77,SYN.ETH-19JUN26,1990.39,0.21275,1990.39,19JUN26,2400,,P,ETH-19JUN26-2400-P
0.016,0.0175,61.0,0.016724,1779961373134,61.0,62.67,2000.22,SYN.ETH-28AUG26,1990.39,0.01675,1990.39,28AUG26,1400,,P,ETH-28AUG26-1400-P
0.054,0.06,413.0,0.056583,1779961373134,20.0,50.78,1990.36,index_price,1990.39,0.057,1990.39,30MAY26,2100,,P,ETH-30MAY26-2100-P
,0.0001,3618.0,0.0,1779961373134,0.0,106.04,1992.63,ETH-26JUN26,1990.39,,1990.39,26JUN26,12000,,C,ETH-26JUN26-12000-C
0.0255,0.027,1033.0,0.026163,1779961373134,0.0,58.89,2043.45,ETH-26MAR27,1990.39,0.02625,1990.39,26MAR27,4400,,C,ETH-26MAR27-4400-C
0.5205,0.548,708.0,0.532216,1779961373134,1.0,56.11,2022.93,ETH-25DEC26,1990.39,0.53425,1990.39,25DEC26,3000,,P,ETH-25DEC26-3000-P
0.001,0.0013,1046.0,0.001176,1779961373134,1049.0,67.81,1990.39,index_price,1990.39,0.00115,1990.39,31MAY26,1800,,P,ETH-31MAY26-1800-P
0.007,0.0075,728.0,0.007058,1779961373134,135.0,52.21,1990.36,index_price,1990.39,0.00725,1990.39,30MAY26,1950,,P,ETH-30MAY26-1950-P
0.0015,0.0018,4.0,0.001659,1779961373134,4.0,69.84,1990.36,index_price,1990.39,0.00165,1990.39,30MAY26,1850,,P,ETH-30MAY26-1850-P
0.2855,0.2985,3243.0,0.292543,1779961373134,10.0,52.68,2004.52,ETH-25SEP26,1990.39,0.292,1990.39,25SEP26,2500,,P,ETH-25SEP26-2500-P
,0.0002,1989.0,2.9e-05,1779961373134,0.0,87.58,2004.52,ETH-25SEP26,1990.39,,1990.39,25SEP26,13000,,C,ETH-25SEP26-13000-C
2.4535,2.7435,0.0,2.592049,1779961373134,0.0,70.75,2004.52,ETH-25SEP26,1990.39,2.5985,1990.39,25SEP26,7200,,P,ETH-25SEP26-7200-P
0.0003,0.0005,15751.0,0.000401,1779961373134,0.0,65.97,1992.6,ETH-26JUN26,1990.39,0.0004,1990.39,26JUN26,3200,,C,ETH-26JUN26-3200-C
0.0095,0.0105,1011.0,0.010012,1779961373134,0.0,50.38,1995.83,ETH-31JUL26,1990.39,0.01,1990.39,31JUL26,2650,,C,ETH-31JUL26-2650-C
,0.0001,3615.0,0.0,1779961373134,0.0,110.0,1992.6,ETH-26JUN26,1990.39,,1990.39,26JUN26,14000,,C,ETH-26JUN26-14000-C
0.006,0.007,12629.0,0.006604,1779961373134,194.0,59.33,1992.63,ETH-26JUN26,1990.39,0.0065,1990.39,26JUN26,1600,,P,ETH-26JUN26-1600-P
0.075,0.171,0.0,0.117734,1779961373134,0.0,47.28,1991.77,SYN.ETH-19JUN26,1990.39,0.123,1990.39,19JUN26,2200,,P,ETH-19JUN26-2200-P
0.009,0.0095,1577.0,0.00946,1779961373134,380.0,58.63,2022.93,ETH-25DEC26,1990.39,0.00925,1990.39,25DEC26,4500,,C,ETH-25DEC26-4500-C
0.0004,0.0006,6546.0,0.000506,1779961373134,52.0,63.81,1992.63,ETH-26JUN26,1990.39,0.0005,1990.39,26JUN26,3100,,C,ETH-26JUN26-3100-C
0.4935,0.4995,2.0,0.497465,1779961373134,0.0,152.02,1989.9,ETH-29MAY26,1990.39,0.4965,1990.39,29MAY26,1000,,C,ETH-29MAY26-1000-C
0.164,0.167,269.0,0.165574,1779961373134,0.0,58.51,2043.45,ETH-26MAR27,1990.39,0.1655,1990.39,26MAR27,2300,,C,ETH-26MAR27-2300-C
0.0049,0.0055,0.0,0.005191,1779961373134,0.0,50.09,1989.92,SYN.ETH-1JUN26,1990.39,0.0052,1990.39,1JUN26,1900,,P,ETH-1JUN26-1900-P
,0.0001,130.0,9.7e-05,1779961373134,0.0,97.29,1990.36,index_price,1990.39,,1990.39,30MAY26,2400,,C,ETH-30MAY26-2400-C
0.1405,0.147,0.0,0.145316,1779961373134,0.0,53.88,2000.22,SYN.ETH-28AUG26,1990.39,0.14375,1990.39,28AUG26,1850,,C,ETH-28AUG26-1850-C
0.0001,0.0005,1928.0,0.000325,1779961373134,10.0,68.84,2004.52,ETH-25SEP26,1990.39,0.0003,1990.39,25SEP26,6400,,C,ETH-25SEP26-6400-C
0.229,0.2345,2088.0,0.231213,1779961373134,0.0,112.27,1989.9,ETH-29MAY26,1990.39,0.23175,1990.39,29MAY26,2450,,P,ETH-29MAY26-2450-P
0.678,0.8495,50.0,0.756929,1779961373134,0.0,56.59,2022.96,ETH-25DEC26,1990.39,0.76375,1990.39,25DEC26,3500,,P,ETH-25DEC26-3500-P
0.009,0.01,1844.0,0.009401,1779961373134,20.0,61.27,2043.45,ETH-26MAR27,1990.39,0.0095,1990.39,26MAR27,6000,,C,ETH-26MAR27-6000-C
0.1595,0.2585,0.0,0.20623,1779961373134,0.0,97.29,1990.36,index_price,1990.39,0.209,1990.39,30MAY26,2400,,P,ETH-30MAY26-2400-P
0.0135,0.0145,2653.0,0.013974,1779961373134,27.0,60.24,1995.85,ETH-31JUL26,1990.39,0.014,1990.39,31JUL26,1500,,P,ETH-31JUL26-1500-P
0.68,0.8815,5.0,0.767021,1779961373136,0.0,58.02,2043.45,ETH-26MAR27,1990.39,0.78075,1990.39,26MAR27,3500,,P,ETH-26MAR27-3500-P
0.7425,0.765,1166.0,0.752554,1779961373136,30.0,55.18,2004.52,ETH-25SEP26,1990.39,0.75375,1990.39,25SEP26,3500,,P,ETH-25SEP26-3500-P
0.005,0.006,8538.0,0.005495,1779961373136,0.0,60.81,2022.93,ETH-25DEC26,1990.39,0.0055,1990.39,25DEC26,5200,,C,ETH-25DEC26-5200-C
0.075,0.167,0.0,0.118377,1779961373136,0.0,66.95,1990.36,index_price,1990.39,0.121,1990.39,30MAY26,2225,,P,ETH-30MAY26-2225-P
0.0002,0.0004,1342.0,0.000322,1779961373136,10.0,69.58,2004.52,ETH-25SEP26,1990.39,0.0003,1990.39,25SEP26,6500,,C,ETH-25SEP26-6500-C
0.4015,0.5175,3.0,0.457352,1779961373136,4.0,112.27,1989.9,ETH-29MAY26,1990.39,0.4595,1990.39,29MAY26,2900,,P,ETH-29MAY26-2900-P
0.394,0.4015,38.0,0.398691,1779961373136,0.0,82.59,1992.6,ETH-26JUN26,1990.39,0.39775,1990.39,26JUN26,1200,,C,ETH-26JUN26-1200-C
0.113,0.1245,96.0,0.120723,1779961373136,0.0,108.2,1989.9,ETH-29MAY26,1990.39,0.11875,1990.39,29MAY26,1750,,C,ETH-29MAY26-1750-C
0.0135,0.0145,1246.0,0.014023,1779961373136,305.0,49.99,1995.85,ETH-31JUL26,1990.39,0.014,1990.39,31JUL26,2550,,C,ETH-31JUL26-2550-C
2.8375,3.159,0.0,2.991088,1779961373136,0.0,73.32,2004.52,ETH-25SEP26,1990.39,2.99825,1990.39,25SEP26,8000,,P,ETH-25SEP26-8000-P
0.0001,0.0003,1475.0,0.000269,1779961373136,5.0,70.75,2004.55,ETH-25SEP26,1990.39,0.0002,1990.39,25SEP26,6800,,C,ETH-25SEP26-6800-C
1.1895,1.3955,0.0,1.282572,1779961373136,0.0,58.88,2022.96,ETH-25DEC26,1990.39,1.2925,1990.39,25DEC26,4600,,P,ETH-25DEC26-4600-P
0.0935,0.104,0.0,0.100592,1779961373136,0.0,58.42,1990.53,ETH-5JUN26,1990.39,0.09875,1990.39,5JUN26,1800,,C,ETH-5JUN26-1800-C
0.0285,0.0305,0.0,0.030495,1779961373136,0.0,51.24,2000.22,SYN.ETH-28AUG26,1990.39,0.0295,1990.39,28AUG26,2500,,C,ETH-28AUG26-2500-C
0.005,0.0055,2773.0,0.005449,1779961373136,4.0,55.52,2004.52,ETH-25SEP26,1990.39,0.00525,1990.39,25SEP26,3600,,C,ETH-25SEP26-3600-C
1.207,1.398,38.0,1.296295,1779961373136,0.0,60.75,2004.55,ETH-25SEP26,1990.39,1.3025,1990.39,25SEP26,4600,,P,ETH-25SEP26-4600-P
,0.0001,21815.0,0.0,1779961373136,1.0,112.27,1989.9,ETH-29MAY26,1990.39,,1990.39,29MAY26,2800,,C,ETH-29MAY26-2800-C
0.065,0.0665,50.0,0.065866,1779961373136,50.0,49.29,1990.97,ETH-12JUN26,1990.39,0.06575,1990.39,12JUN26,1900,,C,ETH-12JUN26-1900-C
0.0625,0.0655,2107.0,0.063336,1779961373136,737.0,45.54,1990.5,ETH-5JUN26,1990.39,0.064,1990.39,5JUN26,2100,,P,ETH-5JUN26-2100-P
0.1595,0.258,0.0,0.205909,1779961373136,0.0,79.65,1990.39,index_price,1990.39,0.20875,1990.39,31MAY26,2400,,P,ETH-31MAY26-2400-P
6.1955,6.7955,0.0,6.483116,1779961373136,0.0,93.26,2004.52,ETH-25SEP26,1990.39,6.4955,1990.39,25SEP26,15000,,P,ETH-25SEP26-15000-P
4.7565,5.237,0.0,4.986522,1779961373136,0.0,87.28,2004.52,ETH-25SEP26,1990.39,4.99675,1990.39,25SEP26,12000,,P,ETH-25SEP26-12000-P
0.011,0.012,95.0,0.011536,1779961373136,45.0,47.96,1990.36,index_price,1990.39,0.0115,1990.39,30MAY26,2000,,C,ETH-30MAY26-2000-C
0.002,0.0024,0.0,0.002173,1779961373136,0.0,59.59,1989.92,SYN.ETH-1JUN26,1990.39,0.0022,1990.39,1JUN26,1825,,P,ETH-1JUN26-1825-P
0.052,0.053,815.0,0.053019,1779961373136,31.0,49.81,1995.83,ETH-31JUL26,1990.39,0.0525,1990.39,31JUL26,2150,,C,ETH-31JUL26-2150-C
0.0475,0.0495,3358.0,0.049218,1779961373136,22.0,56.11,2022.93,ETH-25DEC26,1990.39,0.0485,1990.39,25DEC26,3000,,C,ETH-25DEC26-3000-C
1.001,1.197,62.0,1.088719,1779961373136,0.0,57.87,2022.96,ETH-25DEC26,1990.39,1.099,1990.39,25DEC26,4200,,P,ETH-25DEC26-4200-P
0.199,0.2025,68.0,0.201022,1779961373136,1.0,59.04,2043.42,ETH-26MAR27,1990.39,0.20075,1990.39,26MAR27,2100,,C,ETH-26MAR27-2100-C
0.293,0.363,0.0,0.30648,1779961373136,0.0,73.09,1990.5,ETH-5JUN26,1990.39,0.328,1990.39,5JUN26,2600,,P,ETH-5JUN26-2600-P
0.2235,0.2305,8173.0,0.224937,1779961373136,0.0,56.62,2022.93,ETH-25DEC26,1990.39,0.227,1990.39,25DEC26,2200,,P,ETH-25DEC26-2200-P
0.002,0.0025,4079.0,0.002244,1779961373136,5.0,55.38,1995.83,ETH-31JUL26,1990.39,0.00225,1990.39,31JUL26,3200,,C,ETH-31JUL26-3200-C
0.0295,0.116,0.0,0.06971,1779961373136,0.0,45.59,1989.92,SYN.ETH-1JUN26,1990.39,0.07275,1990.39,1JUN26,2125,,P,ETH-1JUN26-2125-P
0.0265,0.028,3202.0,0.027903,1779961373136,284.0,49.81,1995.83,ETH-31JUL26,1990.39,0.02725,1990.39,31JUL26,2350,,C,ETH-31JUL26-2350-C
0.2795,0.2865,367.0,0.284981,1779961373136,50.0,60.33,2004.52,ETH-25SEP26,1990.39,0.283,1990.39,25SEP26,1500,,C,ETH-25SEP26-1500-C
0.2645,0.275,373.0,0.269269,1779961373136,0.0,49.9,1995.85,ETH-31JUL26,1990.39,0.26975,1990.39,31JUL26,2500,,P,ETH-31JUL26-2500-P
0.446,0.5835,0.0,0.508241,1779961373136,0.0,52.23,2000.22,SYN.ETH-28AUG26,1990.39,0.51475,1990.39,28AUG26,3000,,P,ETH-28AUG26-3000-P
0.4025,0.413,6029.0,0.406408,1779961373136,5.0,57.24,1992.6,ETH-26JUN26,1990.39,0.40775,1990.39,26JUN26,2800,,P,ETH-26JUN26-2800-P
0.0034,0.0038,2416.0,0.003603,1779961373136,13.0,53.23,1995.83,ETH-31JUL26,1990.39,0.0036,1990.39,31JUL26,3000,,C,ETH-31JUL26-3000-C
0.155,0.157,662.0,0.156072,1779961373136,14.0,56.9,2022.93,ETH-25DEC26,1990.39,0.156,1990.39,25DEC26,2100,,C,ETH-25DEC26-2100-C
,0.0001,5003.0,3e-05,1779961373136,20.0,87.0,1992.6,ETH-26JUN26,1990.39,,1990.39,26JUN26,4600,,C,ETH-26JUN26-4600-C
0.0046,0.005,7927.0,0.004799,1779961373136,1.0,52.47,1995.85,ETH-31JUL26,1990.39,0.0048,1990.39,31JUL26,2900,,C,ETH-31JUL26-2900-C
0.497,0.499,518.0,0.498424,1779961373136,2.0,94.65,1992.63,ETH-26JUN26,1990.39,0.498,1990.39,26JUN26,1000,,C,ETH-26JUN26-1000-C
0.019,0.0205,2886.0,0.019723,1779961373136,2683.0,59.48,2043.45,ETH-26MAR27,1990.39,0.01975,1990.39,26MAR27,4800,,C,ETH-26MAR27-4800-C
0.0125,0.0135,1567.0,0.013024,1779961373137,315.0,53.31,2004.52,ETH-25SEP26,1990.39,0.013,1990.39,25SEP26,3100,,C,ETH-25SEP26-3100-C
0.014,0.015,333.0,0.014618,1779961373137,315.0,45.21,1990.53,ETH-5JUN26,1990.39,0.0145,1990.39,5JUN26,2050,,C,ETH-5JUN26-2050-C
0.1235,0.126,50.0,0.125147,1779961373137,0.0,52.08,1995.83,ETH-31JUL26,1990.39,0.12475,1990.39,31JUL26,1850,,C,ETH-31JUL26-1850-C
,0.0002,13587.0,0.000134,1779961373137,402.0,82.99,1992.6,ETH-26JUN26,1990.39,,1990.39,26JUN26,4000,,C,ETH-26JUN26-4000-C
0.044,0.045,3554.0,0.044424,1779961373137,117.0,58.45,2004.52,ETH-25SEP26,1990.39,0.0445,1990.39,25SEP26,1600,,P,ETH-25SEP26-1600-P
0.033,0.0345,1406.0,0.033784,1779961373137,222.0,56.25,2022.96,ETH-25DEC26,1990.39,0.03375,1990.39,25DEC26,3300,,C,ETH-25DEC26-3300-C
0.6355,0.783,0.0,0.703355,1779961373137,0.0,54.54,2000.22,SYN.ETH-28AUG26,1990.39,0.70925,1990.39,28AUG26,3400,,P,ETH-28AUG26-3400-P
0.0845,0.0875,10767.0,0.085286,1779961373137,706.0,46.96,1992.6,ETH-26JUN26,1990.39,0.086,1990.39,26JUN26,2100,,P,ETH-26JUN26-2100-P
0.0375,0.0395,0.0,0.039431,1779961373137,0.0,51.21,2000.22,SYN.ETH-28AUG26,1990.39,0.0385,1990.39,28AUG26,2400,,C,ETH-28AUG26-2400-C
0.2155,0.22,1752.0,0.218842,1779961373137,0.0,57.18,1995.85,ETH-31JUL26,1990.39,0.21775,1990.39,31JUL26,1600,,C,ETH-31JUL26-1600-C
0.0645,0.076,0.0,0.071932,1779961373137,0.0,69.84,1990.36,index_price,1990.39,0.07025,1990.39,30MAY26,1850,,C,ETH-30MAY26-1850-C
0.1845,0.3095,0.0,0.239299,1779961373137,0.0,51.21,2000.22,SYN.ETH-28AUG26,1990.39,0.247,1990.39,28AUG26,2400,,P,ETH-28AUG26-2400-P
0.0115,0.0125,227.0,0.011964,1779961373137,227.0,43.61,1990.39,index_price,1990.39,0.012,1990.39,31MAY26,1975,,P,ETH-31MAY26-1975-P
0.194,0.2595,3.0,0.206459,1779961373137,0.0,61.62,1990.53,ETH-5JUN26,1990.39,0.22675,1990.39,5JUN26,2400,,P,ETH-5JUN26-2400-P
0.0675,0.0715,282.0,0.068688,1779961373137,110.0,53.57,1990.36,index_price,1990.39,0.0695,1990.39,30MAY26,2125,,P,ETH-30MAY26-2125-P
0.0175,0.102,0.0,0.05677,1779961373137,0.0,44.5,1990.39,index_price,1990.39,0.05975,1990.39,31MAY26,2100,,P,ETH-31MAY26-2100-P
0.433,0.439,290.0,0.436556,1779961373137,0.0,66.44,2022.96,ETH-25DEC26,1990.39,0.436,1990.39,25DEC26,1200,,C,ETH-25DEC26-1200-C
0.026,0.0275,23535.0,0.026765,1779961373137,0.0,56.59,2022.96,ETH-25DEC26,1990.39,0.02675,1990.39,25DEC26,3500,,C,ETH-25DEC26-3500-C
0.3555,0.3735,560.0,0.359862,1779961373137,268.0,58.17,2043.45,ETH-26MAR27,1990.39,0.3645,1990.39,26MAR27,2500,,P,ETH-26MAR27-2500-P
,0.0001,6336.0,0.0,1779961373137,0.0,91.99,1992.63,ETH-26JUN26,1990.39,,1990.39,26JUN26,7000,,C,ETH-26JUN26-7000-C
0.029,0.0305,2863.0,0.029755,1779961373137,1.0,66.44,2022.96,ETH-25DEC26,1990.39,0.02975,1990.39,25DEC26,1200,,P,ETH-25DEC26-1200-P
1.8955,2.136,5.0,2.011172,1779961373137,0.0,91.99,1992.6,ETH-26JUN26,1990.39,2.01575,1990.39,26JUN26,6000,,P,ETH-26JUN26-6000-P
0.0016,0.0022,4356.0,0.001887,1779961373137,0.0,59.86,2004.52,ETH-25SEP26,1990.39,0.0019,1990.39,25SEP26,4400,,C,ETH-25SEP26-4400-C
,0.0001,10611.0,2e-06,1779961373137,0.0,112.27,1989.9,ETH-29MAY26,1990.39,,1990.39,29MAY26,2450,,C,ETH-29MAY26-2450-C
0.088,0.1005,71.0,0.095766,1779961373137,0.0,96.35,1989.9,ETH-29MAY26,1990.39,0.09425,1990.39,29MAY26,1800,,C,ETH-29MAY26-1800-C
0.0195,0.02,12641.0,0.019614,1779961373137,7028.0,51.49,1992.63,ETH-26JUN26,1990.39,0.01975,1990.39,26JUN26,1800,,P,ETH-26JUN26-1800-P
0.7395,0.884,17.0,0.809127,1779961373137,0.0,112.27,1989.9,ETH-29MAY26,1990.39,0.81175,1990.39,29MAY26,3600,,P,ETH-29MAY26-3600-P
0.031,0.0345,7310.0,0.031684,1779961373137,957.0,49.9,1989.88,ETH-29MAY26,1990.39,0.03275,1990.39,29MAY26,2050,,P,ETH-29MAY26-2050-P
0.036,0.038,0.0,0.037018,1779961373137,0.0,48.35,1991.77,SYN.ETH-19JUN26,1990.39,0.037,1990.39,19JUN26,1950,,P,ETH-19JUN26-1950-P
0.071,0.0725,1764.0,0.072263,1779961373137,1.0,56.1,2022.96,ETH-25DEC26,1990.39,0.07175,1990.39,25DEC26,2700,,C,ETH-25DEC26-2700-C
0.032,0.033,0.0,0.032521,1779961373137,0.0,57.67,2000.22,SYN.ETH-28AUG26,1990.39,0.0325,1990.39,28AUG26,1600,,P,ETH-28AUG26-1600-P
0.016,0.017,1091.0,0.016683,1779961373137,895.0,45.81,1990.97,ETH-12JUN26,1990.39,0.0165,1990.39,12JUN26,2100,,C,ETH-12JUN26-2100-C
0.0026,0.0031,10.0,0.002808,1779961373137,10.0,56.03,1989.92,SYN.ETH-1JUN26,1990.39,0.00285,1990.39,1JUN26,1850,,P,ETH-1JUN26-1850-P
0.123,0.1245,3552.0,0.123794,1779961373137,3.0,53.91,2004.55,ETH-25SEP26,1990.39,0.12375,1990.39,25SEP26,2000,,C,ETH-25SEP26-2000-C
1.142,1.3455,0.0,1.233957,1779961373137,0.0,58.63,2022.96,ETH-25DEC26,1990.39,1.24375,1990.39,25DEC26,4500,,P,ETH-25DEC26-4500-P
,0.0001,1375.0,0.0,1779961373137,0.0,92.42,1992.63,ETH-26JUN26,1990.39,,1990.39,26JUN26,7500,,C,ETH-26JUN26-7500-C
0.4435,0.5855,164.0,0.489514,1779961373137,0.0,56.1,2022.96,ETH-25DEC26,1990.39,0.5145,1990.39,25DEC26,2900,,P,ETH-25DEC26-2900-P
1.284,1.496,77.0,1.380257,1779961373137,0.0,59.65,2022.96,ETH-25DEC26,1990.39,1.39,1990.39,25DEC26,4800,,P,ETH-25DEC26-4800-P
0.0825,0.0835,114.0,0.083212,1779961373137,64.0,50.5,1995.85,ETH-31JUL26,1990.39,0.083,1990.39,31JUL26,2000,,C,ETH-31JUL26-2000-C
0.0016,0.0018,4454.0,0.001748,1779961373137,2471.0,52.02,1990.97,ETH-12JUN26,1990.39,0.0017,1990.39,12JUN26,2400,,C,ETH-12JUN26-2400-C
,0.0001,7911.0,0.0,1779961373137,1.0,112.27,1989.88,ETH-29MAY26,1990.39,,1990.39,29MAY26,2900,,C,ETH-29MAY26-2900-C
1.3785,1.5965,2.0,1.477935,1779961373137,0.0,60.07,2022.96,ETH-25DEC26,1990.39,1.4875,1990.39,25DEC26,5000,,P,ETH-25DEC26-5000-P
0.812,1.019,2.0,0.901584,1779961373137,0.0,58.22,2043.45,ETH-26MAR27,1990.39,0.9155,1990.39,26MAR27,3800,,P,ETH-26MAR27-3800-P
0.2565,0.2595,5202.0,0.257476,1779961373137,251.0,56.3,2022.96,ETH-25DEC26,1990.39,0.258,1990.39,25DEC26,2300,,P,ETH-25DEC26-2300-P
1.878,2.121,0.0,1.993595,1779961373137,0.0,66.14,2004.52,ETH-25SEP26,1990.39,1.9995,1990.39,25SEP26,6000,,P,ETH-25SEP26-6000-P
0.193,0.1975,2027.0,0.19417,1779961373137,4.0,56.9,2022.96,ETH-25DEC26,1990.39,0.19525,1990.39,25DEC26,2100,,P,ETH-25DEC26-2100-P
0.063,0.154,2.0,0.105883,1779961373137,2.0,63.74,1990.36,index_price,1990.39,0.1085,1990.39,30MAY26,2200,,P,ETH-30MAY26-2200-P
,0.0001,9590.0,0.0,1779961373137,0.0,105.28,1992.6,ETH-26JUN26,1990.39,,1990.39,26JUN26,9000,,C,ETH-26JUN26-9000-C
0.181,0.1835,1486.0,0.182355,1779961373137,0.0,58.72,2043.45,ETH-26MAR27,1990.39,0.18225,1990.39,26MAR27,2200,,C,ETH-26MAR27-2200-C
0.204,0.2115,0.0,0.207221,1779961373137,0.0,52.02,1990.97,ETH-12JUN26,1990.39,0.20775,1990.39,12JUN26,2400,,P,ETH-12JUN26-2400-P
0.042,0.044,1461.0,0.043292,1779961373137,0.0,56.11,2022.96,ETH-25DEC26,1990.39,0.043,1990.39,25DEC26,3100,,C,ETH-25DEC26-3100-C
0.115,0.118,0.0,0.117293,1779961373137,0.0,52.89,2000.22,SYN.ETH-28AUG26,1990.39,0.1165,1990.39,28AUG26,1950,,C,ETH-28AUG26-1950-C
0.319,0.341,50.0,0.322858,1779961373137,0.0,61.53,2043.45,ETH-26MAR27,1990.39,0.33,1990.39,26MAR27,1600,,C,ETH-26MAR27-1600-C
0.037,0.039,67576.0,0.038091,1779961373137,68.0,56.11,2022.96,ETH-25DEC26,1990.39,0.038,1990.39,25DEC26,3200,,C,ETH-25DEC26-3200-C
0.01,0.011,1638.0,0.010508,1779961373137,300.0,58.53,2022.93,ETH-25DEC26,1990.39,0.0105,1990.39,25DEC26,4400,,C,ETH-25DEC26-4400-C
0.3035,0.3115,18343.0,0.307372,1779961373137,10.0,53.0,1992.63,ETH-26JUN26,1990.39,0.3075,1990.39,26JUN26,2600,,P,ETH-26JUN26-2600-P
0.0345,0.0365,1372.0,0.035605,1779961373137,7.0,58.4,2043.45,ETH-26MAR27,1990.39,0.0355,1990.39,26MAR27,4000,,C,ETH-26MAR27-4000-C
2.55,2.8475,0.0,2.691812,1779961373137,0.0,71.66,2004.52,ETH-25SEP26,1990.39,2.69875,1990.39,25SEP26,7400,,P,ETH-25SEP26-7400-P
0.034,0.037,593.0,0.034735,1779961373137,156.0,42.24,1990.39,index_price,1990.39,0.0355,1990.39,31MAY26,2050,,P,ETH-31MAY26-2050-P
0.294,0.303,39.0,0.299825,1779961373137,0.0,70.15,1992.63,ETH-26JUN26,1990.39,0.2985,1990.39,26JUN26,1400,,C,ETH-26JUN26-1400-C
0.0006,0.0009,24.0,0.000746,1779961373137,19.0,49.28,1990.39,index_price,1990.39,0.00075,1990.39,31MAY26,2150,,C,ETH-31MAY26-2150-C
,0.0001,25064.0,0.0,1779961373137,1.0,112.27,1989.9,ETH-29MAY26,1990.39,,1990.39,29MAY26,2500,,C,ETH-29MAY26-2500-C
,0.0001,26855.0,0.0,1779961373137,0.0,112.27,1989.9,ETH-29MAY26,1990.39,,1990.39,29MAY26,3000,,C,ETH-29MAY26-3000-C
0.0004,0.0006,225.0,0.00052,1779961373137,116.0,57.07,1990.36,index_price,1990.39,0.0005,1990.39,30MAY26,2150,,C,ETH-30MAY26-2150-C
0.0002,0.0003,10662.0,0.000249,1779961373137,2.0,72.92,1992.63,ETH-26JUN26,1990.39,0.00025,1990.39,26JUN26,3500,,C,ETH-26JUN26-3500-C
2.4745,2.7635,76.0,2.613406,1779961373137,0.0,91.99,1992.6,ETH-26JUN26,1990.39,2.619,1990.39,26JUN26,7200,,P,ETH-26JUN26-7200-P
0.413,0.4285,1294.0,0.421032,1779961373137,0.0,52.82,2004.52,ETH-25SEP26,1990.39,0.42075,1990.39,25SEP26,2800,,P,ETH-25SEP26-2800-P
0.0335,0.0425,0.0,0.036952,1779961373137,0.0,42.78,1989.92,SYN.ETH-1JUN26,1990.39,0.038,1990.39,1JUN26,2050,,P,ETH-1JUN26-2050-P
1.799,2.0315,44.0,1.910801,1779961373137,0.0,91.99,1992.6,ETH-26JUN26,1990.39,1.91525,1990.39,26JUN26,5800,,P,ETH-26JUN26-5800-P
0.078,0.0885,0.0,0.085059,1779961373137,0.0,59.59,1989.92,SYN.ETH-1JUN26,1990.39,0.08325,1990.39,1JUN26,1825,,C,ETH-1JUN26-1825-C
0.0004,0.0005,342.0,0.000467,1779961373137,342.0,84.33,1990.39,index_price,1990.39,0.00045,1990.39,31MAY26,1700,,P,ETH-31MAY26-1700-P
0.0001,0.0006,2026.0,0.00036,1779961373137,10.0,67.84,2004.55,ETH-25SEP26,1990.39,0.00035,1990.39,25SEP26,6200,,C,ETH-25SEP26-6200-C
0.0715,0.0725,201.0,0.071883,1779961373137,0.0,50.18,1995.83,ETH-31JUL26,1990.39,0.072,1990.39,31JUL26,2050,,C,ETH-31JUL26-2050-C
0.3535,0.4875,0.0,0.413609,1779961373137,0.0,51.46,2000.22,SYN.ETH-28AUG26,1990.39,0.4205,1990.39,28AUG26,2800,,P,ETH-28AUG26-2800-P
0.0005,0.0007,0.0,0.000634,1779961373137,0.0,51.2,1989.92,SYN.ETH-1JUN26,1990.39,0.0006,1990.39,1JUN26,2200,,C,ETH-1JUN26-2200-C
1.1235,1.301,4317.0,1.208232,1779961373137,0.0,84.51,1992.6,ETH-26JUN26,1990.39,1.21225,1990.39,26JUN26,4400,,P,ETH-26JUN26-4400-P
0.022,0.0235,525.0,0.02259,1779961373137,20.0,59.14,2043.45,ETH-26MAR27,1990.39,0.02275,1990.39,26MAR27,4600,,C,ETH-26MAR27-4600-C
0.058,0.059,1654.0,0.058455,1779961373137,14.0,56.86,2004.55,ETH-25SEP26,1990.39,0.0585,1990.39,25SEP26,1700,,P,ETH-25SEP26-1700-P
0.2195,0.2225,76.0,0.221224,1779961373137,12.0,59.33,2043.45,ETH-26MAR27,1990.39,0.221,1990.39,26MAR27,2000,,C,ETH-26MAR27-2000-C
0.0035,0.0039,264.0,0.003803,1779961373137,265.0,47.69,1990.36,index_price,1990.39,0.0037,1990.39,30MAY26,2050,,C,ETH-30MAY26-2050-C
1.6865,1.9145,0.0,1.794214,1779961373137,0.0,64.87,2004.52,ETH-25SEP26,1990.39,1.8005,1990.39,25SEP26,5600,,P,ETH-25SEP26-5600-P
0.0004,0.0009,1487.0,0.000614,1779961373137,0.0,64.87,2004.55,ETH-25SEP26,1990.39,0.00065,1990.39,25SEP26,5500,,C,ETH-25SEP26-5500-C
0.0008,0.0011,156.0,0.000946,1779961373137,111.0,79.89,1990.36,index_price,1990.39,0.00095,1990.39,30MAY26,1800,,P,ETH-30MAY26-1800-P
1.027,1.1965,2109.0,1.10789,1779961373137,0.0,83.53,1992.6,ETH-26JUN26,1990.39,1.11175,1990.39,26JUN26,4200,,P,ETH-26JUN26-4200-P
0.01,0.011,14671.0,0.010498,1779961373137,513.0,47.67,1992.6,ETH-26JUN26,1990.39,0.0105,1990.39,26JUN26,2300,,C,ETH-26JUN26-2300-C
0.0655,0.0755,0.0,0.072514,1779961373137,0.0,59.39,1990.39,index_price,1990.39,0.0705,1990.39,31MAY26,1850,,C,ETH-31MAY26-1850-C
0.029,0.03,2149.0,0.029585,1779961373137,522.0,46.03,1990.5,ETH-5JUN26,1990.39,0.0295,1990.39,5JUN26,2000,,P,ETH-5JUN26-2000-P
0.206,0.2125,332.0,0.210372,1779961373137,0.0,56.86,2004.52,ETH-25SEP26,1990.39,0.20925,1990.39,25SEP26,1700,,C,ETH-25SEP26-1700-C
0.0002,0.0004,12341.0,0.000289,1779961373137,10.0,70.71,1992.6,ETH-26JUN26,1990.39,0.0003,1990.39,26JUN26,3400,,C,ETH-26JUN26-3400-C
0.0705,0.0725,2245.0,0.071748,1779961373137,33.0,63.39,2043.45,ETH-26MAR27,1990.39,0.0715,1990.39,26MAR27,1400,,P,ETH-26MAR27-1400-P
2.598,2.8995,0.0,2.741697,1779961373137,0.0,72.25,2004.52,ETH-25SEP26,1990.39,2.74875,1990.39,25SEP26,7500,,P,ETH-25SEP26-7500-P
0.1475,0.1505,1277.0,0.148894,1779961373137,22.0,60.29,2043.45,ETH-26MAR27,1990.39,0.149,1990.39,26MAR27,1800,,P,ETH-26MAR27-1800-P
0.083,0.084,3349.0,0.083658,1779961373137,192.0,52.98,2004.52,ETH-25SEP26,1990.39,0.0835,1990.39,25SEP26,2200,,C,ETH-25SEP26-2200-C
0.0525,0.055,802.0,0.054189,1779961373137,154.0,58.02,2043.45,ETH-26MAR27,1990.39,0.05375,1990.39,26MAR27,3500,,C,ETH-26MAR27-3500-C
1.6385,1.863,1.0,1.744413,1779961373137,0.0,64.87,2004.55,ETH-25SEP26,1990.39,1.75075,1990.39,25SEP26,5500,,P,ETH-25SEP26-5500-P
0.2655,0.3955,0.0,0.323261,1779961373137,0.0,51.25,2000.22,SYN.ETH-28AUG26,1990.39,0.3305,1990.39,28AUG26,2600,,P,ETH-28AUG26-2600-P
0.7235,0.9275,1.0,0.811351,1779961373137,0.0,58.04,2043.45,ETH-26MAR27,1990.39,0.8255,1990.39,26MAR27,3600,,P,ETH-26MAR27-3600-P
0.0185,0.02,1533.0,0.019676,1779961373137,165.0,52.98,2004.52,ETH-25SEP26,1990.39,0.01925,1990.39,25SEP26,2900,,C,ETH-25SEP26-2900-C
0.011,0.012,3869.0,0.011594,1779961373137,2007.0,50.13,1990.53,ETH-5JUN26,1990.39,0.0115,1990.39,5JUN26,1900,,P,ETH-5JUN26-1900-P
0.24,0.245,52.0,0.243812,1779961373137,0.0,59.83,2043.42,ETH-26MAR27,1990.39,0.2425,1990.39,26MAR27,1900,,C,ETH-26MAR27-1900-C
1.5905,1.8105,4.0,1.694526,1779961373137,0.0,63.87,2004.55,ETH-25SEP26,1990.39,1.7005,1990.39,25SEP26,5400,,P,ETH-25SEP26-5400-P
0.0021,0.003,0.0,0.002531,1779961373137,0.0,56.17,2000.22,SYN.ETH-28AUG26,1990.39,0.00255,1990.39,28AUG26,3600,,C,ETH-28AUG26-3600-C
0.0965,0.0975,3614.0,0.09709,1779961373137,0.0,54.74,2004.52,ETH-25SEP26,1990.39,0.097,1990.39,25SEP26,1900,,P,ETH-25SEP26-1900-P
0.3925,0.4655,9.0,0.407099,1779961373137,5.0,112.27,1989.88,ETH-29MAY26,1990.39,0.429,1990.39,29MAY26,2800,,P,ETH-29MAY26-2800-P
0.0215,0.0225,50.0,0.022077,1779961373137,50.0,43.84,1989.92,SYN.ETH-1JUN26,1990.39,0.022,1990.39,1JUN26,1975,,C,ETH-1JUN26-1975-C
0.6945,0.7145,929.0,0.70367,1779961373137,0.0,54.46,2004.52,ETH-25SEP26,1990.39,0.7045,1990.39,25SEP26,3400,,P,ETH-25SEP26-3400-P
0.172,0.1755,699.0,0.173635,1779961373137,0.0,59.83,2043.45,ETH-26MAR27,1990.39,0.17375,1990.39,26MAR27,1900,,P,ETH-26MAR27-1900-P
0.005,0.006,59.0,0.005418,1779961373137,59.0,48.48,1990.39,index_price,1990.39,0.0055,1990.39,31MAY26,1925,,P,ETH-31MAY26-1925-P
0.075,0.167,0.0,0.118185,1779961373137,0.0,57.77,1990.39,index_price,1990.39,0.121,1990.39,31MAY26,2225,,P,ETH-31MAY26-2225-P
0.7475,0.7495,344.0,0.749158,1779961373137,0.0,164.22,1992.63,ETH-26JUN26,1990.39,0.7485,1990.39,26JUN26,500,,C,ETH-26JUN26-500-C
0.1395,0.15,0.0,0.146382,1779961373137,0.0,77.05,1989.92,SYN.ETH-1JUN26,1990.39,0.14475,1990.39,1JUN26,1700,,C,ETH-1JUN26-1700-C
,0.0001,1191.0,2e-06,1779961373137,0.0,91.99,1992.63,ETH-26JUN26,1990.39,,1990.39,26JUN26,5800,,C,ETH-26JUN26-5800-C
0.0003,0.0005,9.0,0.000413,1779961373137,10.0,55.21,1990.39,index_price,1990.39,0.0004,1990.39,31MAY26,2200,,C,ETH-31MAY26-2200-C
,0.0002,1018.0,0.000155,1779961373137,5.0,71.66,2004.55,ETH-25SEP26,1990.39,,1990.39,25SEP26,7400,,C,ETH-25SEP26-7400-C
0.0011,0.0014,19526.0,0.001195,1779961373137,849.0,57.24,1992.6,ETH-26JUN26,1990.39,0.00125,1990.39,26JUN26,2800,,C,ETH-26JUN26-2800-C
1.4945,1.708,3.0,1.594961,1779961373137,0.0,63.73,2004.52,ETH-25SEP26,1990.39,1.60125,1990.39,25SEP26,5200,,P,ETH-25SEP26-5200-P
0.0335,0.034,8777.0,0.033666,1779961373137,2533.0,49.03,1992.6,ETH-26JUN26,1990.39,0.03375,1990.39,26JUN26,1900,,P,ETH-26JUN26-1900-P
5.7155,6.276,0.0,5.984247,1779961373137,0.0,91.05,2004.52,ETH-25SEP26,1990.39,5.99575,1990.39,25SEP26,14000,,P,ETH-25SEP26-14000-P
0.0016,0.0019,0.0,0.001699,1779961373137,0.0,63.15,1989.92,SYN.ETH-1JUN26,1990.39,0.00175,1990.39,1JUN26,1800,,P,ETH-1JUN26-1800-P
0.0004,0.0006,965.0,0.000515,1779961373137,25.0,64.13,1990.5,ETH-5JUN26,1990.39,0.0005,1990.39,5JUN26,2450,,C,ETH-5JUN26-2450-C
,0.0002,0.0,0.000106,1779961373137,0.0,79.65,1990.39,index_price,1990.39,,1990.39,31MAY26,2400,,C,ETH-31MAY26-2400-C
0.0145,0.0155,11.0,0.01502,1779961373137,11.0,52.48,1991.77,SYN.ETH-19JUN26,1990.39,0.015,1990.39,19JUN26,1800,,P,ETH-19JUN26-1800-P
6.494,6.575,10.0,6.527929,1779961373137,0.0,110.09,1992.63,ETH-26JUN26,1990.39,6.5345,1990.39,26JUN26,15000,,P,ETH-26JUN26-15000-P
0.3585,0.3805,1065.0,0.367365,1779961373137,0.0,56.11,2022.93,ETH-25DEC26,1990.39,0.3695,1990.39,25DEC26,2600,,P,ETH-25DEC26-2600-P
2.07,2.329,0.0,2.193109,1779961373137,0.0,68.84,2004.52,ETH-25SEP26,1990.39,2.1995,1990.39,25SEP26,6400,,P,ETH-25SEP26-6400-P
0.1175,0.119,0.0,0.117832,1779961373137,0.0,51.91,2000.22,SYN.ETH-28AUG26,1990.39,0.11825,1990.39,28AUG26,2050,,P,ETH-28AUG26-2050-P
0.0001,0.0003,1.0,0.0002,1779961373137,1.0,59.06,1989.92,SYN.ETH-1JUN26,1990.39,0.0002,1990.39,1JUN26,2300,,C,ETH-1JUN26-2300-C
0.0235,0.0245,358.0,0.024494,1779961373137,394.0,47.54,1990.36,index_price,1990.39,0.024,1990.39,30MAY26,2025,,P,ETH-30MAY26-2025-P
2.166,2.4325,0.0,2.292843,1779961373137,0.0,69.58,2004.52,ETH-25SEP26,1990.39,2.29925,1990.39,25SEP26,6600,,P,ETH-25SEP26-6600-P
0.023,0.0245,5574.0,0.024188,1779961373137,121.0,52.82,2004.52,ETH-25SEP26,1990.39,0.02375,1990.39,25SEP26,2800,,C,ETH-25SEP26-2800-C
0.0915,0.093,0.0,0.092186,1779961373137,0.0,52.89,2000.22,SYN.ETH-28AUG26,1990.39,0.09225,1990.39,28AUG26,1950,,P,ETH-28AUG26-1950-P
0.054,0.056,654.0,0.05595,1779961373137,300.0,56.1,2022.96,ETH-25DEC26,1990.39,0.055,1990.39,25DEC26,2900,,C,ETH-25DEC26-2900-C
0.076,0.0845,0.0,0.079211,1779961373138,0.0,46.97,1991.77,SYN.ETH-19JUN26,1990.39,0.08025,1990.39,19JUN26,2100,,P,ETH-19JUN26-2100-P
0.0004,0.0008,8643.0,0.000573,1779961373138,0.0,64.17,1995.83,ETH-31JUL26,1990.39,0.0006,1990.39,31JUL26,4000,,C,ETH-31JUL26-4000-C
0.0015,0.0019,1006.0,0.001692,1779961373138,552.0,44.5,1990.39,index_price,1990.39,0.0017,1990.39,31MAY26,2100,,C,ETH-31MAY26-2100-C
0.0245,0.025,269.0,0.024802,1779961373138,134.0,46.03,1990.53,ETH-5JUN26,1990.39,0.02475,1990.39,5JUN26,2000,,C,ETH-5JUN26-2000-C
0.1215,0.1255,14918.0,0.122375,1779961373138,956.0,47.02,1992.6,ETH-26JUN26,1990.39,0.1235,1990.39,26JUN26,2200,,P,ETH-26JUN26-2200-P
0.0047,0.005,6538.0,0.004896,1779961373138,530.0,58.42,1990.5,ETH-5JUN26,1990.39,0.00485,1990.39,5JUN26,1800,,P,ETH-5JUN26-1800-P
0.3575,0.5385,147.0,0.434091,1779961373138,0.0,58.02,2043.45,ETH-26MAR27,1990.39,0.448,1990.39,26MAR27,2700,,P,ETH-26MAR27-2700-P
0.0001,0.0002,916.0,0.000149,1779961373138,24.0,85.2,1990.5,ETH-5JUN26,1990.39,0.00015,1990.39,5JUN26,2800,,C,ETH-5JUN26-2800-C
0.9305,1.0925,3943.0,1.007581,1779961373138,0.0,82.99,1992.6,ETH-26JUN26,1990.39,1.0115,1990.39,26JUN26,4000,,P,ETH-26JUN26-4000-P
0.1615,0.17,9180.0,0.164781,1779961373138,183.0,47.67,1992.63,ETH-26JUN26,1990.39,0.16575,1990.39,26JUN26,2300,,P,ETH-26JUN26-2300-P
0.006,0.007,13301.0,0.0065,1779961373138,0.0,55.18,2004.52,ETH-25SEP26,1990.39,0.0065,1990.39,25SEP26,3500,,C,ETH-25SEP26-3500-C
0.019,0.02,119.0,0.019689,1779961373138,124.0,43.61,1990.39,index_price,1990.39,0.0195,1990.39,31MAY26,1975,,C,ETH-31MAY26-1975-C
0.112,0.206,0.0,0.155713,1779961373138,0.0,66.06,1990.39,index_price,1990.39,0.159,1990.39,31MAY26,2300,,P,ETH-31MAY26-2300-P
,0.0001,52275.0,0.0,1779961373138,0.0,112.27,1989.9,ETH-29MAY26,1990.39,,1990.39,29MAY26,3200,,C,ETH-29MAY26-3200-C
0.0535,0.064,0.0,0.059955,1779961373138,0.0,64.66,1990.39,index_price,1990.39,0.05875,1990.39,30MAY26,1875,,C,ETH-30MAY26-1875-C
0.176,0.1785,629.0,0.178008,1779961373138,0.0,55.66,2004.52,ETH-25SEP26,1990.39,0.17725,1990.39,25SEP26,1800,,C,ETH-25SEP26-1800-C
0.0006,0.0009,2172.0,0.000738,1779961373138,3.0,61.84,1995.83,ETH-31JUL26,1990.39,0.00075,1990.39,31JUL26,3800,,C,ETH-31JUL26-3800-C
0.0575,0.06,1041.0,0.059295,1779961373138,1000.0,58.02,2043.45,ETH-26MAR27,1990.39,0.05875,1990.39,26MAR27,3400,,C,ETH-26MAR27-3400-C
0.0008,0.001,2769.0,0.000928,1779961373138,100.0,58.1,1990.53,ETH-5JUN26,1990.39,0.0009,1990.39,5JUN26,2350,,C,ETH-5JUN26-2350-C
0.085,0.086,2795.0,0.085287,1779961373138,6.0,50.5,1995.85,ETH-31JUL26,1990.39,0.0855,1990.39,31JUL26,2000,,P,ETH-31JUL26-2000-P
0.3525,0.4675,0.0,0.406845,1779961373138,0.0,85.2,1990.53,ETH-5JUN26,1990.39,0.41,1990.39,5JUN26,2800,,P,ETH-5JUN26-2800-P
0.024,0.0255,0.0,0.024872,1779961373138,0.0,46.97,1991.77,SYN.ETH-19JUN26,1990.39,0.02475,1990.39,19JUN26,2100,,C,ETH-19JUN26-2100-C
0.063,0.154,0.0,0.105732,1779961373138,0.0,55.21,1990.39,index_price,1990.39,0.1085,1990.39,31MAY26,2200,,P,ETH-31MAY26-2200-P
0.0002,0.0004,0.0,0.000305,1779961373138,0.0,57.77,1990.39,index_price,1990.39,0.0003,1990.39,31MAY26,2225,,C,ETH-31MAY26-2225-C
0.227,0.2345,0.0,0.232609,1779961373138,0.0,57.67,2000.22,SYN.ETH-28AUG26,1990.39,0.23075,1990.39,28AUG26,1600,,C,ETH-28AUG26-1600-C
0.0005,0.0007,2841.0,0.000608,1779961373138,19.0,59.13,1990.97,ETH-12JUN26,1990.39,0.0006,1990.39,12JUN26,2600,,C,ETH-12JUN26-2600-C
0.3165,0.3225,628.0,0.320684,1779961373138,1.0,61.26,2022.96,ETH-25DEC26,1990.39,0.3195,1990.39,25DEC26,1500,,C,ETH-25DEC26-1500-C
,0.0001,18168.0,8.3e-05,1779961373138,667.0,109.81,1989.9,ETH-29MAY26,1990.39,,1990.39,29MAY26,2300,,C,ETH-29MAY26-2300-C
0.0345,0.0425,0.0,0.039852,1779961373138,0.0,47.42,1989.92,SYN.ETH-1JUN26,1990.39,0.0385,1990.39,1JUN26,1925,,C,ETH-1JUN26-1925-C
0.004,0.0045,0.0,0.004311,1779961373138,0.0,43.18,1989.92,SYN.ETH-1JUN26,1990.39,0.00425,1990.39,1JUN26,2075,,C,ETH-1JUN26-2075-C
0.208,0.3115,0.0,0.256388,1779961373138,0.0,67.31,1990.53,ETH-5JUN26,1990.39,0.25975,1990.39,5JUN26,2500,,P,ETH-5JUN26-2500-P
,0.0001,16659.0,0.000107,1779961373138,1072.0,81.79,1989.9,ETH-29MAY26,1990.39,,1990.39,29MAY26,2200,,C,ETH-29MAY26-2200-C
1.3985,1.6045,1.0,1.495336,1779961373138,0.0,62.64,2004.55,ETH-25SEP26,1990.39,1.5015,1990.39,25SEP26,5000,,P,ETH-25SEP26-5000-P
0.051,0.1405,0.0,0.093393,1779961373138,0.0,59.66,1990.36,index_price,1990.39,0.09575,1990.39,30MAY26,2175,,P,ETH-30MAY26-2175-P
5.2735,5.795,0.0,5.524205,1779961373138,0.0,109.87,1992.6,ETH-26JUN26,1990.39,5.53425,1990.39,26JUN26,13000,,P,ETH-26JUN26-13000-P
0.018,0.019,169.0,0.018304,1779961373138,321.0,49.37,1990.39,index_price,1990.39,0.0185,1990.39,30MAY26,1975,,C,ETH-30MAY26-1975-C
0.0008,0.0012,1555.0,0.000988,1779961373138,57.0,59.47,1995.85,ETH-31JUL26,1990.39,0.001,1990.39,31JUL26,3600,,C,ETH-31JUL26-3600-C
4.2285,4.46,53.0,4.437958,1779961373138,0.0,71.32,2022.93,ETH-25DEC26,1990.39,4.34425,1990.39,25DEC26,11000,,P,ETH-25DEC26-11000-P
0.0615,0.0635,4124.0,0.063507,1779961373138,250.0,56.07,2022.93,ETH-25DEC26,1990.39,0.0625,1990.39,25DEC26,2800,,C,ETH-25DEC26-2800-C
0.0095,0.0105,1.0,0.010226,1779961373138,1.0,45.31,1989.92,SYN.ETH-1JUN26,1990.39,0.01,1990.39,1JUN26,1950,,P,ETH-1JUN26-1950-P
0.0535,0.0585,74459.0,0.055833,1779961373138,392.0,60.96,1989.9,ETH-29MAY26,1990.39,0.056,1990.39,29MAY26,2100,,P,ETH-29MAY26-2100-P
0.6325,0.811,89.0,0.710521,1779961373138,0.0,56.28,2022.96,ETH-25DEC26,1990.39,0.72175,1990.39,25DEC26,3400,,P,ETH-25DEC26-3400-P
0.0635,0.154,0.0,0.106195,1779961373138,0.0,51.2,1989.92,SYN.ETH-1JUN26,1990.39,0.10875,1990.39,1JUN26,2200,,P,ETH-1JUN26-2200-P
2.803,3.1265,0.0,2.955732,1779961373138,0.0,67.16,2022.96,ETH-25DEC26,1990.39,2.96475,1990.39,25DEC26,8000,,P,ETH-25DEC26-8000-P
0.2395,0.2495,28.0,0.246199,1779961373138,0.0,152.02,1989.9,ETH-29MAY26,1990.39,0.2445,1990.39,29MAY26,1500,,C,ETH-29MAY26-1500-C
0.06,0.0615,0.0,0.060717,1779961373138,0.0,54.44,2000.22,SYN.ETH-28AUG26,1990.39,0.06075,1990.39,28AUG26,1800,,P,ETH-28AUG26-1800-P
0.0027,0.003,5417.0,0.002912,1779961373138,1424.0,49.17,1990.5,ETH-5JUN26,1990.39,0.00285,1990.39,5JUN26,2200,,C,ETH-5JUN26-2200-C
0.017,0.018,18385.0,0.017461,1779961373138,384.0,71.91,2022.96,ETH-25DEC26,1990.39,0.0175,1990.39,25DEC26,1000,,P,ETH-25DEC26-1000-P
0.595,0.7925,1.0,0.679878,1779961373138,0.0,58.02,2043.45,ETH-26MAR27,1990.39,0.69375,1990.39,26MAR27,3300,,P,ETH-26MAR27-3300-P
0.146,0.1495,732.0,0.147666,1779961373138,128.0,49.78,1995.83,ETH-31JUL26,1990.39,0.14775,1990.39,31JUL26,2200,,P,ETH-31JUL26-2200-P
0.0033,0.0037,7648.0,0.003434,1779961373138,2710.0,53.07,1989.9,ETH-29MAY26,1990.39,0.0035,1990.39,29MAY26,1950,,P,ETH-29MAY26-1950-P
,0.0001,1200.0,3.1e-05,1779961373138,28.0,91.05,2004.52,ETH-25SEP26,1990.39,,1990.39,25SEP26,14000,,C,ETH-25SEP26-14000-C
0.104,0.1055,0.0,0.10489,1779961373138,0.0,52.57,2000.22,SYN.ETH-28AUG26,1990.39,0.10475,1990.39,28AUG26,2000,,P,ETH-28AUG26-2000-P
0.7315,0.885,0.0,0.802333,1779961373138,0.0,56.17,2000.22,SYN.ETH-28AUG26,1990.39,0.80825,1990.39,28AUG26,3600,,P,ETH-28AUG26-3600-P
0.016,0.017,832.0,0.016677,1779961373138,7.0,49.9,1995.83,ETH-31JUL26,1990.39,0.0165,1990.39,31JUL26,2500,,C,ETH-31JUL26-2500-C
,0.0001,1138.0,0.0,1779961373138,0.0,91.99,1992.63,ETH-26JUN26,1990.39,,1990.39,26JUN26,6800,,C,ETH-26JUN26-6800-C
,0.0001,10041.0,2.9e-05,1779961373138,1.0,112.27,1989.88,ETH-29MAY26,1990.39,,1990.39,29MAY26,2350,,C,ETH-29MAY26-2350-C
1.3165,1.51,340.0,1.408957,1779961373138,0.0,88.39,1992.6,ETH-26JUN26,1990.39,1.41325,1990.39,26JUN26,4800,,P,ETH-26JUN26-4800-P
0.3535,0.359,642.0,0.357122,1779961373138,0.0,62.68,2022.96,ETH-25DEC26,1990.39,0.35625,1990.39,25DEC26,1400,,C,ETH-25DEC26-1400-C
0.643,0.7795,2.0,0.70862,1779961373138,0.0,112.27,1989.88,ETH-29MAY26,1990.39,0.71125,1990.39,29MAY26,3400,,P,ETH-29MAY26-3400-P
0.3885,0.411,524.0,0.396153,1779961373138,0.0,58.02,2043.45,ETH-26MAR27,1990.39,0.39975,1990.39,26MAR27,2600,,P,ETH-26MAR27-2600-P
0.0031,0.0033,323.0,0.003261,1779961373138,470.0,47.36,1989.9,ETH-29MAY26,1990.39,0.0032,1990.39,29MAY26,2025,,C,ETH-29MAY26-2025-C
0.0012,0.0018,3048.0,0.001482,1779961373138,2.0,60.75,2004.55,ETH-25SEP26,1990.39,0.0015,1990.39,25SEP26,4600,,C,ETH-25SEP26-4600-C
0.106,0.1145,0.0,0.111301,1779961373138,0.0,52.48,1991.77,SYN.ETH-19JUN26,1990.39,0.11025,1990.39,19JUN26,1800,,C,ETH-19JUN26-1800-C
0.101,0.1035,664.0,0.102766,1779961373138,225.0,58.02,2043.45,ETH-26MAR27,1990.39,0.10225,1990.39,26MAR27,2800,,C,ETH-26MAR27-2800-C
,0.0001,1592.0,4.3e-05,1779961373138,0.0,78.48,2004.52,ETH-25SEP26,1990.39,,1990.39,25SEP26,10000,,C,ETH-25SEP26-10000-C
0.2565,0.346,65.0,0.306592,1779961373138,0.0,112.27,1989.9,ETH-29MAY26,1990.39,0.30125,1990.39,29MAY26,2600,,P,ETH-29MAY26-2600-P
0.08,0.0815,0.0,0.080705,1779961373138,0.0,53.37,2000.22,SYN.ETH-28AUG26,1990.39,0.08075,1990.39,28AUG26,1900,,P,ETH-28AUG26-1900-P
0.0036,0.0041,0.0,0.003921,1779961373138,0.0,50.5,1991.77,SYN.ETH-19JUN26,1990.39,0.00385,1990.39,19JUN26,2400,,C,ETH-19JUN26-2400-C
0.89,0.9135,988.0,0.899759,1779961373138,0.0,56.58,2004.52,ETH-25SEP26,1990.39,0.90175,1990.39,25SEP26,3800,,P,ETH-25SEP26-3800-P
,0.0001,7426.0,1.7e-05,1779961373138,24.0,93.26,2004.52,ETH-25SEP26,1990.39,,1990.39,25SEP26,16000,,C,ETH-25SEP26-16000-C
0.588,0.765,0.0,0.665082,1779961373138,0.0,56.25,2022.93,ETH-25DEC26,1990.39,0.6765,1990.39,25DEC26,3300,,P,ETH-25DEC26-3300-P
0.029,0.0305,11273.0,0.02979,1779961373138,305.0,56.28,2022.96,ETH-25DEC26,1990.39,0.02975,1990.39,25DEC26,3400,,C,ETH-25DEC26-3400-C
0.009,0.01,2.0,0.0095,1779961373138,3.0,63.75,1995.83,ETH-31JUL26,1990.39,0.0095,1990.39,31JUL26,1400,,P,ETH-31JUL26-1400-P
0.0105,0.0115,7700.0,0.011012,1779961373138,11.0,53.93,2004.52,ETH-25SEP26,1990.39,0.011,1990.39,25SEP26,3200,,C,ETH-25SEP26-3200-C
1.9745,2.2255,0.0,2.093369,1779961373138,0.0,67.84,2004.55,ETH-25SEP26,1990.39,2.1,1990.39,25SEP26,6200,,P,ETH-25SEP26-6200-P
0.19,0.1965,0.0,0.19483,1779961373139,0.0,55.83,2000.22,SYN.ETH-28AUG26,1990.39,0.19325,1990.39,28AUG26,1700,,C,ETH-28AUG26-1700-C
0.176,0.1785,1910.0,0.177234,1779961373139,16.0,57.33,2022.93,ETH-25DEC26,1990.39,0.17725,1990.39,25DEC26,2000,,C,ETH-25DEC26-2000-C
0.0065,0.0075,7239.0,0.006981,1779961373139,1.0,75.75,2004.52,ETH-25SEP26,1990.39,0.007,1990.39,25SEP26,1000,,P,ETH-25SEP26-1000-P
0.0325,0.034,0.0,0.033408,1779961373139,0.0,46.97,1991.77,SYN.ETH-19JUN26,1990.39,0.03325,1990.39,19JUN26,2050,,C,ETH-19JUN26-2050-C
0.257,0.266,0.0,0.262418,1779961373139,0.0,60.24,1995.85,ETH-31JUL26,1990.39,0.2615,1990.39,31JUL26,1500,,C,ETH-31JUL26-1500-C
0.0003,0.0004,94.0,0.000335,1779961373139,75.0,59.66,1990.36,index_price,1990.39,0.00035,1990.39,30MAY26,2175,,C,ETH-30MAY26-2175-C
0.027,0.0285,4.0,0.027986,1779961373139,4.0,42.66,1989.92,SYN.ETH-1JUN26,1990.39,0.02775,1990.39,1JUN26,2025,,P,ETH-1JUN26-2025-P
0.5035,0.51,74.0,0.508108,1779961373139,0.0,75.75,2004.55,ETH-25SEP26,1990.39,0.50675,1990.39,25SEP26,1000,,C,ETH-25SEP26-1000-C
0.0002,0.0003,395.0,0.000261,1779961373139,283.0,63.74,1990.39,index_price,1990.39,0.00025,1990.39,30MAY26,2200,,C,ETH-30MAY26-2200-C
,0.0001,4359.0,2e-06,1779961373139,0.0,152.02,1989.9,ETH-29MAY26,1990.39,,1990.39,29MAY26,1500,,P,ETH-29MAY26-1500-P
0.303,0.311,0.0,0.308048,1779961373139,0.0,63.75,1995.85,ETH-31JUL26,1990.39,0.307,1990.39,31JUL26,1400,,C,ETH-31JUL26-1400-C
0.132,0.1385,104.0,0.135,1779961373139,2.0,47.38,1990.97,ETH-12JUN26,1990.39,0.13525,1990.39,12JUN26,2250,,P,ETH-12JUN26-2250-P
0.0175,0.0185,7846.0,0.018279,1779961373139,981.0,47.02,1992.6,ETH-26JUN26,1990.39,0.018,1990.39,26JUN26,2200,,C,ETH-26JUN26-2200-C
0.0031,0.0036,2196.0,0.00337,1779961373139,615.0,48.76,1990.97,ETH-12JUN26,1990.39,0.00335,1990.39,12JUN26,2300,,C,ETH-12JUN26-2300-C
0.2245,0.2275,327.0,0.226698,1779961373139,3.0,58.4,2022.96,ETH-25DEC26,1990.39,0.226,1990.39,25DEC26,1800,,C,ETH-25DEC26-1800-C
0.0085,0.01,1406.0,0.009324,1779961373139,2.0,78.38,2022.96,ETH-25DEC26,1990.39,0.00925,1990.39,25DEC26,800,,P,ETH-25DEC26-800-P
,0.0002,511.0,0.000145,1779961373139,50.0,81.14,1990.39,index_price,1990.39,,1990.39,30MAY26,2300,,C,ETH-30MAY26-2300-C
1.267,1.497,0.0,1.368749,1779961373139,0.0,59.48,2043.45,ETH-26MAR27,1990.39,1.382,1990.39,26MAR27,4800,,P,ETH-26MAR27-4800-P
0.0006,0.0011,1599.0,0.000824,1779961373139,0.0,63.73,2004.52,ETH-25SEP26,1990.39,0.00085,1990.39,25SEP26,5200,,C,ETH-25SEP26-5200-C
1.0235,1.195,0.0,1.104717,1779961373139,0.0,64.84,1995.85,ETH-31JUL26,1990.39,1.10925,1990.39,31JUL26,4200,,P,ETH-31JUL26-4200-P
0.0026,0.003,1800.0,0.002809,1779961373139,33.0,67.39,1990.97,ETH-12JUN26,1990.39,0.0028,1990.39,12JUN26,1600,,P,ETH-12JUN26-1600-P
0.0032,0.0037,0.0,0.003542,1779961373139,0.0,54.54,2000.22,SYN.ETH-28AUG26,1990.39,0.00345,1990.39,28AUG26,3400,,C,ETH-28AUG26-3400-C
0.0006,0.0008,21292.0,0.000711,1779961373139,94.0,62.28,1992.63,ETH-26JUN26,1990.39,0.0007,1990.39,26JUN26,3000,,C,ETH-26JUN26-3000-C
0.0195,0.104,0.0,0.058093,1779961373139,0.0,44.19,1989.92,SYN.ETH-1JUN26,1990.39,0.06175,1990.39,1JUN26,2100,,P,ETH-1JUN26-2100-P
0.3565,0.366,514.0,0.361317,1779961373139,86.0,50.66,1995.85,ETH-31JUL26,1990.39,0.36125,1990.39,31JUL26,2700,,P,ETH-31JUL26-2700-P
0.303,0.3605,28.0,0.314707,1779961373139,0.0,50.37,1995.83,ETH-31JUL26,1990.39,0.33175,1990.39,31JUL26,2600,,P,ETH-31JUL26-2600-P
0.1025,0.1055,1.0,0.105,1779961373139,1.0,52.57,2000.22,SYN.ETH-28AUG26,1990.39,0.104,1990.39,28AUG26,2000,,C,ETH-28AUG26-2000-C
0.0615,0.063,3183.0,0.062182,1779961373139,51.0,61.26,2022.96,ETH-25DEC26,1990.39,0.06225,1990.39,25DEC26,1500,,P,ETH-25DEC26-1500-P
0.165,0.168,6684.0,0.165899,1779961373139,1.0,57.33,2022.93,ETH-25DEC26,1990.39,0.1665,1990.39,25DEC26,2000,,P,ETH-25DEC26-2000-P
,0.0001,4109.0,0.0,1779961373139,0.0,101.3,1992.6,ETH-26JUN26,1990.39,,1990.39,26JUN26,8500,,C,ETH-26JUN26-8500-C
0.5465,0.672,2.0,0.608113,1779961373139,0.0,112.27,1989.9,ETH-29MAY26,1990.39,0.60925,1990.39,29MAY26,3200,,P,ETH-29MAY26-3200-P
2.571,2.8685,0.0,2.713778,1779961373139,0.0,92.0,1992.63,ETH-26JUN26,1990.39,2.71975,1990.39,26JUN26,7400,,P,ETH-26JUN26-7400-P
0.162,0.1705,0.0,0.164602,1779961373139,0.0,51.25,2000.22,SYN.ETH-28AUG26,1990.39,0.16625,1990.39,28AUG26,2200,,P,ETH-28AUG26-2200-P
4.308,4.7495,0.0,4.520481,1779961373139,0.0,105.35,1992.6,ETH-26JUN26,1990.39,4.52875,1990.39,26JUN26,11000,,P,ETH-26JUN26-11000-P
0.0295,0.031,3490.0,0.030412,1779961373139,1.0,58.62,2043.45,ETH-26MAR27,1990.39,0.03025,1990.39,26MAR27,4200,,C,ETH-26MAR27-4200-C
0.6105,0.6155,151.0,0.613858,1779961373139,0.0,78.38,2022.96,ETH-25DEC26,1990.39,0.613,1990.39,25DEC26,800,,C,ETH-25DEC26-800-C
0.0235,0.025,1500.0,0.024382,1779961373139,10.0,59.06,2043.42,ETH-26MAR27,1990.39,0.02425,1990.39,26MAR27,4500,,C,ETH-26MAR27-4500-C
0.0041,0.0047,1507.0,0.004352,1779961373139,3.0,61.46,2022.93,ETH-25DEC26,1990.39,0.0044,1990.39,25DEC26,5500,,C,ETH-25DEC26-5500-C
0.015,0.016,16541.0,0.015518,1779961373139,101.0,57.57,2022.93,ETH-25DEC26,1990.39,0.0155,1990.39,25DEC26,4000,,C,ETH-25DEC26-4000-C
,0.0001,2901.0,0.0,1779961373139,0.0,112.27,1989.88,ETH-29MAY26,1990.39,,1990.39,29MAY26,3400,,C,ETH-29MAY26-3400-C
3.3175,3.6785,0.0,3.489941,1779961373139,0.0,77.64,2004.52,ETH-25SEP26,1990.39,3.498,1990.39,25SEP26,9000,,P,ETH-25SEP26-9000-P
0.1935,0.1965,2648.0,0.195988,1779961373139,0.0,151.95,1989.9,ETH-29MAY26,1990.39,0.195,1990.39,29MAY26,1600,,C,ETH-29MAY26-1600-C
1.6545,1.8755,134.0,1.760244,1779961373139,0.0,90.44,1992.6,ETH-26JUN26,1990.39,1.765,1990.39,26JUN26,5500,,P,ETH-26JUN26-5500-P
0.41,0.417,0.0,0.41483,1779961373139,0.0,68.53,2004.55,ETH-25SEP26,1990.39,0.4135,1990.39,25SEP26,1200,,C,ETH-25SEP26-1200-C
0.0395,0.1275,0.0,0.080945,1779961373139,0.0,49.28,1990.39,index_price,1990.39,0.0835,1990.39,31MAY26,2150,,P,ETH-31MAY26-2150-P
0.0075,0.0085,800.0,0.007924,1779961373139,1272.0,45.44,1990.39,index_price,1990.39,0.008,1990.39,31MAY26,1950,,P,ETH-31MAY26-1950-P
0.055,0.056,23545.0,0.055414,1779961373139,2579.0,47.61,1992.63,ETH-26JUN26,1990.39,0.0555,1990.39,26JUN26,2000,,P,ETH-26JUN26-2000-P
0.0005,0.0007,5728.0,0.000572,1779961373139,507.0,80.68,1989.9,ETH-29MAY26,1990.39,0.0006,1990.39,29MAY26,1850,,P,ETH-29MAY26-1850-P
0.044,0.0455,0.0,0.044736,1779961373139,0.0,55.83,2000.22,SYN.ETH-28AUG26,1990.39,0.04475,1990.39,28AUG26,1700,,P,ETH-28AUG26-1700-P
0.2145,0.2215,1160.0,0.215928,1779961373139,246.0,52.84,2004.52,ETH-25SEP26,1990.39,0.218,1990.39,25SEP26,2300,,P,ETH-25SEP26-2300-P
0.027,0.0285,1.0,0.027692,1779961373139,1.0,49.44,1991.77,SYN.ETH-19JUN26,1990.39,0.02775,1990.39,19JUN26,1900,,P,ETH-19JUN26-1900-P
0.519,0.5255,14.0,0.523129,1779961373139,0.0,71.91,2022.96,ETH-25DEC26,1990.39,0.52225,1990.39,25DEC26,1000,,C,ETH-25DEC26-1000-C
0.4375,0.462,2223.0,0.447638,1779961373139,0.0,56.07,2022.96,ETH-25DEC26,1990.39,0.44975,1990.39,25DEC26,2800,,P,ETH-25DEC26-2800-P
0.3035,0.312,0.0,0.306537,1779961373139,0.0,59.13,1990.97,ETH-12JUN26,1990.39,0.30775,1990.39,12JUN26,2600,,P,ETH-12JUN26-2600-P
0.0155,0.0165,12934.0,0.016012,1779961373139,22.0,53.15,2004.52,ETH-25SEP26,1990.39,0.016,1990.39,25SEP26,3000,,C,ETH-25SEP26-3000-C
0.1055,0.111,342.0,0.108173,1779961373139,6.0,49.17,1990.53,ETH-5JUN26,1990.39,0.10825,1990.39,5JUN26,2200,,P,ETH-5JUN26-2200-P
0.9195,1.091,137.0,0.998533,1779961373139,0.0,57.59,2004.52,ETH-25SEP26,1990.39,1.00525,1990.39,25SEP26,4000,,P,ETH-25SEP26-4000-P
2.118,2.381,0.0,2.242994,1779961373139,0.0,69.58,2004.55,ETH-25SEP26,1990.39,2.2495,1990.39,25SEP26,6500,,P,ETH-25SEP26-6500-P
0.0125,0.013,65.0,0.012915,1779961373139,84.0,42.46,1990.39,index_price,1990.39,0.01275,1990.39,31MAY26,2000,,C,ETH-31MAY26-2000-C
2.1365,2.3975,60.0,2.262103,1779961373139,0.0,91.99,1992.63,ETH-26JUN26,1990.39,2.267,1990.39,26JUN26,6500,,P,ETH-26JUN26-6500-P
1.782,2.0175,0.0,1.893854,1779961373139,0.0,64.9,2004.55,ETH-25SEP26,1990.39,1.89975,1990.39,25SEP26,5800,,P,ETH-25SEP26-5800-P
3.1015,3.4435,0.0,3.265826,1779961373139,0.0,101.3,1992.63,ETH-26JUN26,1990.39,3.2725,1990.39,26JUN26,8500,,P,ETH-26JUN26-8500-P
0.0355,0.0365,2878.0,0.036547,1779961373139,5.0,52.54,2004.52,ETH-25SEP26,1990.39,0.036,1990.39,25SEP26,2600,,C,ETH-25SEP26-2600-C
0.0019,0.0023,652.0,0.002099,1779961373139,702.0,48.72,1990.39,index_price,1990.39,0.0021,1990.39,30MAY26,2075,,C,ETH-30MAY26-2075-C
2.358,2.64,0.0,2.492319,1779961373139,0.0,70.75,2004.52,ETH-25SEP26,1990.39,2.499,1990.39,25SEP26,7000,,P,ETH-25SEP26-7000-P
0.147,0.15,149.0,0.149232,1779961373139,0.0,54.74,2004.52,ETH-25SEP26,1990.39,0.1485,1990.39,25SEP26,1900,,C,ETH-25SEP26-1900-C
0.1195,0.1215,2533.0,0.120512,1779961373139,38.0,56.3,2022.96,ETH-25DEC26,1990.39,0.1205,1990.39,25DEC26,2300,,C,ETH-25DEC26-2300-C
0.091,0.094,0.0,0.092945,1779961373139,0.0,51.91,2000.22,SYN.ETH-28AUG26,1990.39,0.0925,1990.39,28AUG26,2050,,C,ETH-28AUG26-2050-C
0.0008,0.001,15381.0,0.000907,1779961373139,1.0,59.77,1992.63,ETH-26JUN26,1990.39,0.0009,1990.39,26JUN26,2900,,C,ETH-26JUN26-2900-C
,0.0001,1146.0,0.0,1779961373139,0.0,91.99,1992.6,ETH-26JUN26,1990.39,,1990.39,26JUN26,6400,,C,ETH-26JUN26-6400-C
0.1705,0.2205,35.0,0.181548,1779961373139,0.0,58.1,1990.5,ETH-5JUN26,1990.39,0.1955,1990.39,5JUN26,2350,,P,ETH-5JUN26-2350-P
0.0995,0.1925,0.0,0.14345,1779961373139,0.0,75.92,1990.39,index_price,1990.39,0.146,1990.39,30MAY26,2275,,P,ETH-30MAY26-2275-P
0.156,0.163,0.0,0.160816,1779961373139,0.0,54.44,2000.22,SYN.ETH-28AUG26,1990.39,0.1595,1990.39,28AUG26,1800,,C,ETH-28AUG26-1800-C
0.154,0.159,19877.0,0.155914,1779961373139,222.0,109.81,1989.9,ETH-29MAY26,1990.39,0.1565,1990.39,29MAY26,2300,,P,ETH-29MAY26-2300-P
,0.0001,6237.0,4e-05,1779961373139,8.0,84.51,1992.6,ETH-26JUN26,1990.39,,1990.39,26JUN26,4400,,C,ETH-26JUN26-4400-C
0.044,0.0465,505.0,0.045458,1779961373139,151.0,58.08,2043.45,ETH-26MAR27,1990.39,0.04525,1990.39,26MAR27,3700,,C,ETH-26MAR27-3700-C
0.0165,0.018,1036.0,0.017241,1779961373139,229.0,59.77,2043.45,ETH-26MAR27,1990.39,0.01725,1990.39,26MAR27,5000,,C,ETH-26MAR27-5000-C
0.019,0.02,1570.0,0.019891,1779961373139,3.0,49.9,1995.85,ETH-31JUL26,1990.39,0.0195,1990.39,31JUL26,2450,,C,ETH-31JUL26-2450-C
0.3695,0.3835,525.0,0.376817,1779961373139,0.0,52.75,2004.52,ETH-25SEP26,1990.39,0.3765,1990.39,25SEP26,2700,,P,ETH-25SEP26-2700-P
2.8605,3.1815,0.0,3.014895,1779961373139,0.0,97.01,1992.6,ETH-26JUN26,1990.39,3.021,1990.39,26JUN26,8000,,P,ETH-26JUN26-8000-P
0.0395,0.0405,1229.0,0.039964,1779961373139,190.0,46.56,1990.97,ETH-12JUN26,1990.39,0.04,1990.39,12JUN26,2000,,P,ETH-12JUN26-2000-P
0.0035,0.004,0.0,0.003752,1779961373139,0.0,52.81,1989.92,SYN.ETH-1JUN26,1990.39,0.00375,1990.39,1JUN26,1875,,P,ETH-1JUN26-1875-P
0.135,0.1375,459.0,0.136411,1779961373139,0.0,58.17,2043.45,ETH-26MAR27,1990.39,0.13625,1990.39,26MAR27,2500,,C,ETH-26MAR27-2500-C
,0.0001,2160.0,3e-06,1779961373139,0.0,91.92,1992.63,ETH-26JUN26,1990.39,,1990.39,26JUN26,5600,,C,ETH-26JUN26-5600-C
0.0675,0.0685,3752.0,0.068521,1779961373139,2270.0,52.84,2004.52,ETH-25SEP26,1990.39,0.068,1990.39,25SEP26,2300,,C,ETH-25SEP26-2300-C
0.024,0.025,2542.0,0.024633,1779961373139,0.0,62.53,2004.52,ETH-25SEP26,1990.39,0.0245,1990.39,25SEP26,1400,,P,ETH-25SEP26-1400-P
0.0865,0.089,1297.0,0.087654,1779961373139,5.0,62.35,2043.45,ETH-26MAR27,1990.39,0.08775,1990.39,26MAR27,1500,,P,ETH-26MAR27-1500-P
3.826,4.227,0.0,4.018619,1779961373139,0.0,105.35,1992.63,ETH-26JUN26,1990.39,4.0265,1990.39,26JUN26,10000,,P,ETH-26JUN26-10000-P
0.0485,0.05,50.0,0.049215,1779961373139,0.0,47.68,1990.97,ETH-12JUN26,1990.39,0.04925,1990.39,12JUN26,1950,,C,ETH-12JUN26-1950-C
,0.0002,12179.0,0.000101,1779961373139,517.0,122.87,1989.9,ETH-29MAY26,1990.39,,1990.39,29MAY26,1700,,P,ETH-29MAY26-1700-P
0.0026,0.0029,0.0,0.002701,1779961373139,0.0,55.51,1990.39,index_price,1990.39,0.00275,1990.39,31MAY26,1875,,P,ETH-31MAY26-1875-P
0.35,0.356,0.0,0.353583,1779961373139,0.0,62.35,2043.45,ETH-26MAR27,1990.39,0.353,1990.39,26MAR27,1500,,C,ETH-26MAR27-1500-C
0.0275,0.029,50.0,0.028209,1779961373139,50.0,45.44,1990.39,index_price,1990.39,0.02825,1990.39,31MAY26,1950,,C,ETH-31MAY26-1950-C
0.0037,0.0044,2044.0,0.004044,1779961373139,19.0,56.58,2004.55,ETH-25SEP26,1990.39,0.00405,1990.39,25SEP26,3800,,C,ETH-25SEP26-3800-C
0.5015,0.5125,13309.0,0.506297,1779961373139,0.0,62.28,1992.6,ETH-26JUN26,1990.39,0.507,1990.39,26JUN26,3000,,P,ETH-26JUN26-3000-P
0.8365,0.989,10.0,0.909634,1779961373139,0.0,112.27,1989.9,ETH-29MAY26,1990.39,0.91275,1990.39,29MAY26,3800,,P,ETH-29MAY26-3800-P
,0.0001,8542.0,0.0,1779961373139,1.0,112.27,1989.9,ETH-29MAY26,1990.39,,1990.39,29MAY26,2650,,C,ETH-29MAY26-2650-C
0.0085,0.0095,17283.0,0.009008,1779961373139,241.0,54.1,2004.55,ETH-25SEP26,1990.39,0.009,1990.39,25SEP26,3300,,C,ETH-25SEP26-3300-C
0.129,0.132,1247.0,0.130249,1779961373139,24.0,49.81,1995.85,ETH-31JUL26,1990.39,0.1305,1990.39,31JUL26,2150,,P,ETH-31JUL26-2150-P
0.063,0.0655,906.0,0.064922,1779961373139,270.0,58.02,2043.45,ETH-26MAR27,1990.39,0.06425,1990.39,26MAR27,3300,,C,ETH-26MAR27-3300-C
0.6015,0.6135,2665.0,0.606359,1779961373139,0.0,65.97,1992.6,ETH-26JUN26,1990.39,0.6075,1990.39,26JUN26,3200,,P,ETH-26JUN26-3200-P
0.3525,0.3625,343.0,0.356728,1779961373139,0.0,55.06,1992.63,ETH-26JUN26,1990.39,0.3575,1990.39,26JUN26,2700,,P,ETH-26JUN26-2700-P
0.0025,0.003,195.0,0.002762,1779961373139,229.0,42.81,1990.39,index_price,1990.39,0.00275,1990.39,31MAY26,2075,,C,ETH-31MAY26-2075-C
0.044,0.047,358.0,0.046358,1779961373139,101.0,65.36,1989.88,ETH-29MAY26,1990.39,0.0455,1990.39,29MAY26,1900,,C,ETH-29MAY26-1900-C
0.181,0.183,5492.0,0.181178,1779961373139,393.0,52.98,2004.52,ETH-25SEP26,1990.39,0.182,1990.39,25SEP26,2200,,P,ETH-25SEP26-2200-P
0.0995,0.109,50.0,0.10591,1779961373139,50.0,54.06,1990.97,ETH-12JUN26,1990.39,0.10425,1990.39,12JUN26,1800,,C,ETH-12JUN26-1800-C
0.5985,0.617,1316.0,0.607404,1779961373139,0.0,53.93,2004.52,ETH-25SEP26,1990.39,0.60775,1990.39,25SEP26,3200,,P,ETH-25SEP26-3200-P
0.022,0.0235,0.0,0.023404,1779961373139,0.0,51.25,2000.22,SYN.ETH-28AUG26,1990.39,0.02275,1990.39,28AUG26,2600,,C,ETH-28AUG26-2600-C
0.0835,0.086,635.0,0.085427,1779961373139,43.0,58.02,2043.45,ETH-26MAR27,1990.39,0.08475,1990.39,26MAR27,3000,,C,ETH-26MAR27-3000-C
0.0195,0.0205,1532.0,0.020198,1779961373139,405.0,49.29,1990.97,ETH-12JUN26,1990.39,0.02,1990.39,12JUN26,1900,,P,ETH-12JUN26-1900-P
0.013,0.014,11220.0,0.013477,1779961373139,5.0,68.53,2004.52,ETH-25SEP26,1990.39,0.0135,1990.39,25SEP26,1200,,P,ETH-25SEP26-1200-P
0.139,0.141,2644.0,0.139987,1779961373139,31.0,57.83,2022.96,ETH-25DEC26,1990.39,0.14,1990.39,25DEC26,1900,,P,ETH-25DEC26-1900-P
0.0001,0.0002,0.0,0.000152,1779961373139,0.0,66.06,1990.39,index_price,1990.39,0.00015,1990.39,31MAY26,2300,,C,ETH-31MAY26-2300-C
0.051,0.052,55735.0,0.05169,1779961373139,381.0,47.61,1992.63,ETH-26JUN26,1990.39,0.0515,1990.39,26JUN26,2000,,C,ETH-26JUN26-2000-C
0.0895,0.101,0.0,0.096824,1779961373139,0.0,67.81,1990.39,index_price,1990.39,0.09525,1990.39,31MAY26,1800,,C,ETH-31MAY26-1800-C
,0.0002,1165.0,0.000166,1779961373139,5.0,70.75,2004.55,ETH-25SEP26,1990.39,,1990.39,25SEP26,7200,,C,ETH-25SEP26-7200-C
0.005,0.0055,0.0,0.005466,1779961373140,0.0,53.52,2000.22,SYN.ETH-28AUG26,1990.39,0.00525,1990.39,28AUG26,3200,,C,ETH-28AUG26-3200-C
1.22,1.405,3442.0,1.308595,1779961373140,0.0,87.0,1992.63,ETH-26JUN26,1990.39,1.3125,1990.39,26JUN26,4600,,P,ETH-26JUN26-4600-P
0.0002,0.0003,1429.0,0.000284,1779961373140,12.0,69.58,2004.52,ETH-25SEP26,1990.39,0.00025,1990.39,25SEP26,6600,,C,ETH-25SEP26-6600-C
0.0002,0.0004,14220.0,0.000286,1779961373140,406.0,94.65,1992.63,ETH-26JUN26,1990.39,0.0003,1990.39,26JUN26,1000,,P,ETH-26JUN26-1000-P
,0.0001,7190.0,0.0,1779961373140,0.0,152.02,1989.9,ETH-29MAY26,1990.39,,1990.39,29MAY26,1400,,P,ETH-29MAY26-1400-P
0.087,0.18,0.0,0.130693,1779961373140,0.0,61.08,1990.39,index_price,1990.39,0.1335,1990.39,31MAY26,2250,,P,ETH-31MAY26-2250-P
0.0038,0.0042,15706.0,0.003956,1779961373140,1683.0,64.44,1992.6,ETH-26JUN26,1990.39,0.004,1990.39,26JUN26,1500,,P,ETH-26JUN26-1500-P
0.1095,0.1165,52.0,0.112176,1779961373140,0.0,46.2,1990.97,ETH-12JUN26,1990.39,0.113,1990.39,12JUN26,2200,,P,ETH-12JUN26-2200-P
0.009,0.05,60.0,0.045279,1779961373140,60.0,42.81,1990.39,index_price,1990.39,0.0295,1990.39,31MAY26,2075,,P,ETH-31MAY26-2075-P
1.7025,1.927,0.0,1.81043,1779961373140,0.0,91.92,1992.6,ETH-26JUN26,1990.39,1.81475,1990.39,26JUN26,5600,,P,ETH-26JUN26-5600-P
0.076,0.0785,291.0,0.077928,1779961373140,77.0,58.02,2043.45,ETH-26MAR27,1990.39,0.07725,1990.39,26MAR27,3100,,C,ETH-26MAR27-3100-C
,0.0001,15279.0,9.1e-05,1779961373140,729.0,95.89,1989.9,ETH-29MAY26,1990.39,,1990.39,29MAY26,2250,,C,ETH-29MAY26-2250-C
0.0375,0.0385,839.0,0.038537,1779961373140,275.0,49.66,1995.83,ETH-31JUL26,1990.39,0.038,1990.39,31JUL26,2250,,C,ETH-31JUL26-2250-C
,0.0001,37620.0,0.0,1779961373140,0.0,91.99,1992.6,ETH-26JUN26,1990.39,,1990.39,26JUN26,6500,,C,ETH-26JUN26-6500-C
0.0018,0.0022,0.0,0.001991,1779961373140,0.0,82.17,1995.85,ETH-31JUL26,1990.39,0.002,1990.39,31JUL26,1000,,P,ETH-31JUL26-1000-P
0.246,0.26,2088.0,0.253224,1779961373140,5.0,52.78,2004.55,ETH-25SEP26,1990.39,0.253,1990.39,25SEP26,2400,,P,ETH-25SEP26-2400-P
0.403,0.547,43.0,0.466406,1779961373140,2.0,52.98,2004.52,ETH-25SEP26,1990.39,0.475,1990.39,25SEP26,2900,,P,ETH-25SEP26-2900-P
,0.0001,877.0,2.8e-05,1779961373140,18.0,93.26,2004.52,ETH-25SEP26,1990.39,,1990.39,25SEP26,15000,,C,ETH-25SEP26-15000-C
0.1455,0.154,0.0,0.147726,1779961373140,0.0,51.25,2000.22,SYN.ETH-28AUG26,1990.39,0.14975,1990.39,28AUG26,2150,,P,ETH-28AUG26-2150-P
0.0003,0.0008,1879.0,0.000528,1779961373140,0.0,64.87,2004.52,ETH-25SEP26,1990.39,0.00055,1990.39,25SEP26,5600,,C,ETH-25SEP26-5600-C
5.7555,6.318,0.0,6.026067,1779961373140,0.0,110.0,1992.6,ETH-26JUN26,1990.39,6.03675,1990.39,26JUN26,14000,,P,ETH-26JUN26-14000-P
0.111,0.1135,654.0,0.112764,1779961373140,0.0,58.02,2043.45,ETH-26MAR27,1990.39,0.11225,1990.39,26MAR27,2700,,C,ETH-26MAR27-2700-C
0.5045,0.523,6399.0,0.512629,1779961373140,0.0,53.15,2004.52,ETH-25SEP26,1990.39,0.51375,1990.39,25SEP26,3000,,P,ETH-25SEP26-3000-P
0.723,0.9055,93.0,0.803374,1779961373140,0.0,56.7,2022.93,ETH-25DEC26,1990.39,0.81425,1990.39,25DEC26,3600,,P,ETH-25DEC26-3600-P
0.0008,0.0013,3854.0,0.000973,1779961373140,4.0,62.64,2004.55,ETH-25SEP26,1990.39,0.00105,1990.39,25SEP26,5000,,C,ETH-25SEP26-5000-C
0.043,0.044,8176.0,0.043564,1779961373140,112.0,52.83,1995.85,ETH-31JUL26,1990.39,0.0435,1990.39,31JUL26,1800,,P,ETH-31JUL26-1800-P
0.179,0.1885,0.0,0.182256,1779961373140,0.0,51.25,2000.22,SYN.ETH-28AUG26,1990.39,0.18375,1990.39,28AUG26,2250,,P,ETH-28AUG26-2250-P
0.023,0.0245,1643.0,0.023777,1779961373140,501.0,56.7,2022.96,ETH-25DEC26,1990.39,0.02375,1990.39,25DEC26,3600,,C,ETH-25DEC26-3600-C
0.0004,0.001,1919.0,0.00065,1779961373140,0.0,68.52,2022.96,ETH-25DEC26,1990.39,0.0007,1990.39,25DEC26,9000,,C,ETH-25DEC26-9000-C
0.0285,0.03,3521.0,0.029861,1779961373140,191.0,52.75,2004.52,ETH-25SEP26,1990.39,0.02925,1990.39,25SEP26,2700,,C,ETH-25SEP26-2700-C
,0.0002,2795.0,7.3e-05,1779961373140,0.0,85.52,2004.55,ETH-25SEP26,1990.39,,1990.39,25SEP26,11000,,C,ETH-25SEP26-11000-C
0.048,0.0495,0.0,0.048653,1779961373140,0.0,47.54,1991.77,SYN.ETH-19JUN26,1990.39,0.04875,1990.39,19JUN26,2000,,P,ETH-19JUN26-2000-P
0.132,0.137,0.0,0.132235,1779961373140,0.0,51.53,2000.22,SYN.ETH-28AUG26,1990.39,0.1345,1990.39,28AUG26,2100,,P,ETH-28AUG26-2100-P
3.797,4.1975,0.0,3.988768,1779961373140,0.0,78.48,2004.52,ETH-25SEP26,1990.39,3.99725,1990.39,25SEP26,10000,,P,ETH-25SEP26-10000-P
0.1365,0.1385,50796.0,0.137405,1779961373140,61.0,56.62,2022.96,ETH-25DEC26,1990.39,0.1375,1990.39,25DEC26,2200,,C,ETH-25DEC26-2200-C
0.066,0.077,0.0,0.073131,1779961373140,0.0,56.03,1989.92,SYN.ETH-1JUN26,1990.39,0.0715,1990.39,1JUN26,1850,,C,ETH-1JUN26-1850-C
0.2275,0.232,358.0,0.22872,1779961373140,16.0,59.04,2043.45,ETH-26MAR27,1990.39,0.22975,1990.39,26MAR27,2100,,P,ETH-26MAR27-2100-P
0.0045,0.0049,5777.0,0.004782,1779961373140,1139.0,46.9,1990.5,ETH-5JUN26,1990.39,0.0047,1990.39,5JUN26,2150,,C,ETH-5JUN26-2150-C
0.0001,0.0002,5160.0,0.00016,1779961373140,640.0,108.2,1989.9,ETH-29MAY26,1990.39,0.00015,1990.39,29MAY26,1750,,P,ETH-29MAY26-1750-P
0.0105,0.011,154.0,0.010841,1779961373140,165.0,49.37,1990.39,index_price,1990.39,0.01075,1990.39,30MAY26,1975,,P,ETH-30MAY26-1975-P
0.0002,0.0004,1623.0,0.000314,1779961373140,4298.0,66.01,1989.9,ETH-29MAY26,1990.39,0.0003,1990.39,29MAY26,2125,,C,ETH-29MAY26-2125-C
0.087,0.18,0.0,0.130888,1779961373140,0.0,70.54,1990.39,index_price,1990.39,0.1335,1990.39,30MAY26,2250,,P,ETH-30MAY26-2250-P
0.0013,0.0017,1440.0,0.001492,1779961373140,0.0,57.63,1995.83,ETH-31JUL26,1990.39,0.0015,1990.39,31JUL26,3400,,C,ETH-31JUL26-3400-C
4.7905,5.2725,55.0,5.022343,1779961373140,0.0,106.04,1992.63,ETH-26JUN26,1990.39,5.0315,1990.39,26JUN26,12000,,P,ETH-26JUN26-12000-P
0.0004,0.0006,5.0,0.000523,1779961373140,5.0,51.86,1990.39,index_price,1990.39,0.0005,1990.39,31MAY26,2175,,C,ETH-31MAY26-2175-C
0.0023,0.0026,7822.0,0.002431,1779961373140,207.0,70.15,1992.6,ETH-26JUN26,1990.39,0.00245,1990.39,26JUN26,1400,,P,ETH-26JUN26-1400-P
0.908,1.099,228.0,0.992848,1779961373140,0.0,57.57,2022.96,ETH-25DEC26,1990.39,1.0035,1990.39,25DEC26,4000,,P,ETH-25DEC26-4000-P
1.8265,2.09,0.0,1.945684,1779961373140,0.0,61.27,2043.45,ETH-26MAR27,1990.39,1.95825,1990.39,26MAR27,6000,,P,ETH-26MAR27-6000-P
0.4935,0.641,0.0,0.559528,1779961373140,0.0,53.31,2004.52,ETH-25SEP26,1990.39,0.56725,1990.39,25SEP26,3100,,P,ETH-25SEP26-3100-P
0.2835,0.289,404.0,0.286675,1779961373140,0.0,60.08,2022.96,ETH-25DEC26,1990.39,0.28625,1990.39,25DEC26,1600,,C,ETH-25DEC26-1600-C
0.5125,0.7055,99.0,0.595007,1779961373140,0.0,58.02,2043.45,ETH-26MAR27,1990.39,0.609,1990.39,26MAR27,3100,,P,ETH-26MAR27-3100-P
0.044,0.0535,0.0,0.050389,1779961373140,0.0,50.09,1989.92,SYN.ETH-1JUN26,1990.39,0.04875,1990.39,1JUN26,1900,,C,ETH-1JUN26-1900-C
0.5265,0.5705,0.0,0.556059,1779961373140,0.0,54.36,1995.85,ETH-31JUL26,1990.39,0.5485,1990.39,31JUL26,3100,,P,ETH-31JUL26-3100-P
0.0002,0.0006,1131.0,0.000361,1779961373140,1.0,64.84,1995.83,ETH-31JUL26,1990.39,0.0004,1990.39,31JUL26,4200,,C,ETH-31JUL26-4200-C
5.2355,5.756,0.0,5.485372,1779961373140,0.0,87.58,2004.52,ETH-25SEP26,1990.39,5.49575,1990.39,25SEP26,13000,,P,ETH-25SEP26-13000-P
0.0002,0.0003,1878.0,0.000262,1779961373140,1.0,73.09,1990.5,ETH-5JUN26,1990.39,0.00025,1990.39,5JUN26,2600,,C,ETH-5JUN26-2600-C
0.815,1.0015,26.0,0.897487,1779961373140,0.0,57.05,2022.96,ETH-25DEC26,1990.39,0.90825,1990.39,25DEC26,3800,,P,ETH-25DEC26-3800-P
0.1735,0.1815,0.0,0.178274,1779961373140,0.0,54.71,1995.85,ETH-31JUL26,1990.39,0.1775,1990.39,31JUL26,1700,,C,ETH-31JUL26-1700-C
0.0002,0.0004,11771.0,0.00033,1779961373140,686.0,96.35,1989.9,ETH-29MAY26,1990.39,0.0003,1990.39,29MAY26,1800,,P,ETH-29MAY26-1800-P
0.0175,0.0275,15.0,0.020895,1779961373140,18.0,47.36,1989.9,ETH-29MAY26,1990.39,0.0225,1990.39,29MAY26,2025,,P,ETH-29MAY26-2025-P
0.321,0.3285,0.0,0.326211,1779961373140,0.0,62.53,2004.52,ETH-25SEP26,1990.39,0.32475,1990.39,25SEP26,1400,,C,ETH-25SEP26-1400-C
0.5405,0.6825,0.0,0.60529,1779961373140,0.0,53.52,2000.22,SYN.ETH-28AUG26,1990.39,0.6115,1990.39,28AUG26,3200,,P,ETH-28AUG26-3200-P
0.0305,0.0405,202.0,0.034034,1779961373140,215.0,47.69,1990.39,index_price,1990.39,0.0355,1990.39,30MAY26,2050,,P,ETH-30MAY26-2050-P
0.015,0.016,0.0,0.01543,1779961373140,0.0,43.01,1989.92,SYN.ETH-1JUN26,1990.39,0.0155,1990.39,1JUN26,2000,,C,ETH-1JUN26-2000-C
0.3185,0.384,52.0,0.337761,1779961373140,0.0,50.38,1995.83,ETH-31JUL26,1990.39,0.35125,1990.39,31JUL26,2650,,P,ETH-31JUL26-2650-P
0.012,0.013,1154.0,0.01257,1779961373140,3.0,60.53,2043.42,ETH-26MAR27,1990.39,0.0125,1990.39,26MAR27,5500,,C,ETH-26MAR27-5500-C
0.7915,0.814,547.0,0.80139,1779961373140,0.0,55.52,2004.52,ETH-25SEP26,1990.39,0.80275,1990.39,25SEP26,3600,,P,ETH-25SEP26-3600-P
0.0765,0.0785,4600.0,0.077607,1779961373140,13.0,60.08,2022.93,ETH-25DEC26,1990.39,0.0775,1990.39,25DEC26,1600,,P,ETH-25DEC26-1600-P
0.02,0.021,0.0,0.020433,1779961373140,0.0,50.78,1991.77,SYN.ETH-19JUN26,1990.39,0.0205,1990.39,19JUN26,1850,,P,ETH-19JUN26-1850-P
0.4915,0.57,6.0,0.507606,1779961373140,0.0,112.27,1989.9,ETH-29MAY26,1990.39,0.53075,1990.39,29MAY26,3000,,P,ETH-29MAY26-3000-P
0.0002,0.0006,1670.0,0.000301,1779961373140,0.0,71.32,2022.96,ETH-25DEC26,1990.39,0.0004,1990.39,25DEC26,11000,,C,ETH-25DEC26-11000-C
0.496,0.6235,0.0,0.556278,1779961373140,0.0,63.81,1992.6,ETH-26JUN26,1990.39,0.55975,1990.39,26JUN26,3100,,P,ETH-26JUN26-3100-P
0.207,0.215,6456.0,0.210601,1779961373140,1.0,48.86,1992.6,ETH-26JUN26,1990.39,0.211,1990.39,26JUN26,2400,,P,ETH-26JUN26-2400-P
,0.0001,1770.0,0.0,1779961373140,0.0,97.01,1992.63,ETH-26JUN26,1990.39,,1990.39,26JUN26,8000,,C,ETH-26JUN26-8000-C
0.038,0.0395,73.0,0.038937,1779961373140,22.0,47.41,1990.53,ETH-5JUN26,1990.39,0.03875,1990.39,5JUN26,1950,,C,ETH-5JUN26-1950-C
0.044,0.0455,2269.0,0.04452,1779961373140,362.0,45.21,1990.5,ETH-5JUN26,1990.39,0.04475,1990.39,5JUN26,2050,,P,ETH-5JUN26-2050-P
0.0027,0.0028,731.0,0.002844,1779961373140,28.0,54.36,1995.83,ETH-31JUL26,1990.39,0.00275,1990.39,31JUL26,3100,,C,ETH-31JUL26-3100-C
2.378,2.659,0.0,2.513033,1779961373140,0.0,91.99,1992.63,ETH-26JUN26,1990.39,2.5185,1990.39,26JUN26,7000,,P,ETH-26JUN26-7000-P
0.031,0.04,64.0,0.037287,1779961373140,64.0,56.01,1990.39,index_price,1990.39,0.0355,1990.39,30MAY26,1925,,C,ETH-30MAY26-1925-C
0.028,0.115,0.0,0.068761,1779961373140,0.0,46.99,1990.39,index_price,1990.39,0.0715,1990.39,31MAY26,2125,,P,ETH-31MAY26-2125-P
0.24,0.322,112.0,0.291667,1779961373140,0.0,49.99,1995.83,ETH-31JUL26,1990.39,0.281,1990.39,31JUL26,2550,,P,ETH-31JUL26-2550-P
0.011,0.0115,6124.0,0.011287,1779961373140,729.0,54.94,1992.6,ETH-26JUN26,1990.39,0.01125,1990.39,26JUN26,1700,,P,ETH-26JUN26-1700-P
0.901,0.9165,1251.0,0.907222,1779961373140,0.0,78.2,1992.6,ETH-26JUN26,1990.39,0.90875,1990.39,26JUN26,3800,,P,ETH-26JUN26-3800-P
0.254,0.2595,710.0,0.256339,1779961373140,4.0,112.27,1989.9,ETH-29MAY26,1990.39,0.25675,1990.39,29MAY26,2500,,P,ETH-29MAY26-2500-P
0.081,0.0835,0.0,0.08235,1779961373140,0.0,51.53,2000.22,SYN.ETH-28AUG26,1990.39,0.08225,1990.39,28AUG26,2100,,C,ETH-28AUG26-2100-C
0.03,0.031,50.0,0.030297,1779961373140,50.0,45.31,1989.92,SYN.ETH-1JUN26,1990.39,0.0305,1990.39,1JUN26,1950,,C,ETH-1JUN26-1950-C
,0.0002,1518.0,8.8e-05,1779961373140,0.0,77.64,2004.52,ETH-25SEP26,1990.39,,1990.39,25SEP26,9000,,C,ETH-25SEP26-9000-C
,0.0001,6547.0,1e-06,1779961373140,0.0,91.99,1992.6,ETH-26JUN26,1990.39,,1990.39,26JUN26,6000,,C,ETH-26JUN26-6000-C
0.069,0.0715,309.0,0.071114,1779961373140,10.0,58.02,2043.45,ETH-26MAR27,1990.39,0.07025,1990.39,26MAR27,3200,,C,ETH-26MAR27-3200-C
0.1395,0.143,52.0,0.141697,1779961373140,0.0,52.83,1995.85,ETH-31JUL26,1990.39,0.14125,1990.39,31JUL26,1800,,C,ETH-31JUL26-1800-C
0.0425,0.0525,50.0,0.048304,1779961373140,50.0,59.9,1990.39,index_price,1990.39,0.0475,1990.39,30MAY26,1900,,C,ETH-30MAY26-1900-C
0.0185,0.0195,2264.0,0.019023,1779961373140,114.0,57.05,2022.96,ETH-25DEC26,1990.39,0.019,1990.39,25DEC26,3800,,C,ETH-25DEC26-3800-C
0.001,0.0015,1806.0,0.001234,1779961373140,1.0,61.96,2004.55,ETH-25SEP26,1990.39,0.00125,1990.39,25SEP26,4800,,C,ETH-25SEP26-4800-C
0.149,0.1515,383.0,0.150238,1779961373140,222.0,58.31,2043.45,ETH-26MAR27,1990.39,0.15025,1990.39,26MAR27,2400,,C,ETH-26MAR27-2400-C
0.9015,1.1125,0.0,0.993126,1779961373140,0.0,58.4,2043.45,ETH-26MAR27,1990.39,1.007,1990.39,26MAR27,4000,,P,ETH-26MAR27-4000-P
0.0705,0.0735,987.0,0.071471,1779961373140,547.0,45.81,1990.97,ETH-12JUN26,1990.39,0.072,1990.39,12JUN26,2100,,P,ETH-12JUN26-2100-P
0.0027,0.0034,12754.0,0.003043,1779961373140,0.0,57.59,2004.52,ETH-25SEP26,1990.39,0.00305,1990.39,25SEP26,4000,,C,ETH-25SEP26-4000-C
0.101,0.1025,2538.0,0.102111,1779961373140,248.0,53.39,2004.52,ETH-25SEP26,1990.39,0.10175,1990.39,25SEP26,2100,,C,ETH-25SEP26-2100-C
0.0795,0.081,556.0,0.080129,1779961373141,1.0,49.03,1992.63,ETH-26JUN26,1990.39,0.08025,1990.39,26JUN26,1900,,C,ETH-26JUN26-1900-C
0.3195,0.341,1104.0,0.32905,1779961373141,5.0,56.11,2022.96,ETH-25DEC26,1990.39,0.33025,1990.39,25DEC26,2500,,P,ETH-25DEC26-2500-P
0.0036,0.0039,70564.0,0.003832,1779961373141,1177.0,50.78,1992.6,ETH-26JUN26,1990.39,0.00375,1990.39,26JUN26,2500,,C,ETH-26JUN26-2500-C
0.0055,0.0065,15905.0,0.006133,1779961373141,329.0,48.86,1992.6,ETH-26JUN26,1990.39,0.006,1990.39,26JUN26,2400,,C,ETH-26JUN26-2400-C
0.1135,0.1145,764.0,0.113931,1779961373141,35.0,49.9,1995.83,ETH-31JUL26,1990.39,0.114,1990.39,31JUL26,2100,,P,ETH-31JUL26-2100-P
1.1745,1.3995,0.0,1.27374,1779961373141,0.0,59.14,2043.45,ETH-26MAR27,1990.39,1.287,1990.39,26MAR27,4600,,P,ETH-26MAR27-4600-P
0.0415,0.054,0.0,0.047056,1779961373141,0.0,43.18,1989.92,SYN.ETH-1JUN26,1990.39,0.04775,1990.39,1JUN26,2075,,P,ETH-1JUN26-2075-P
0.7675,0.9725,0.0,0.856166,1779961373141,0.0,58.08,2043.45,ETH-26MAR27,1990.39,0.87,1990.39,26MAR27,3700,,P,ETH-26MAR27-3700-P
0.0205,0.0245,793.0,0.02349,1779961373141,796.0,53.07,1989.9,ETH-29MAY26,1990.39,0.0225,1990.39,29MAY26,1950,,C,ETH-29MAY26-1950-C
0.0011,0.0014,6162.0,0.001286,1779961373141,829.0,54.91,1990.5,ETH-5JUN26,1990.39,0.00125,1990.39,5JUN26,2300,,C,ETH-5JUN26-2300-C
0.2575,0.2645,954.0,0.258992,1779961373141,0.0,58.72,2043.45,ETH-26MAR27,1990.39,0.261,1990.39,26MAR27,2200,,P,ETH-26MAR27-2200-P
0.252,0.257,69.0,0.255316,1779961373141,0.0,59.13,2022.96,ETH-25DEC26,1990.39,0.2545,1990.39,25DEC26,1700,,C,ETH-25DEC26-1700-C
0.0002,0.0006,3268.0,0.00036,1779961373141,10.0,66.14,2004.55,ETH-25SEP26,1990.39,0.0004,1990.39,25SEP26,6000,,C,ETH-25SEP26-6000-C
0.1795,0.184,16959.0,0.180987,1779961373141,94.0,112.27,1989.9,ETH-29MAY26,1990.39,0.18175,1990.39,29MAY26,2350,,P,ETH-29MAY26-2350-P
,0.0001,4581.0,0.0,1779961373141,0.0,152.02,1989.9,ETH-29MAY26,1990.39,,1990.39,29MAY26,1200,,P,ETH-29MAY26-1200-P
0.6075,0.631,252.0,0.619955,1779961373141,0.0,56.11,2022.93,ETH-25DEC26,1990.39,0.61925,1990.39,25DEC26,3200,,P,ETH-25DEC26-3200-P
0.0004,0.0009,1174.0,0.000614,1779961373141,1.0,63.87,2004.52,ETH-25SEP26,1990.39,0.00065,1990.39,25SEP26,5400,,C,ETH-25SEP26-5400-C
0.0002,0.0007,1691.0,0.000419,1779961373141,0.0,69.79,2022.96,ETH-25DEC26,1990.39,0.00045,1990.39,25DEC26,10000,,C,ETH-25DEC26-10000-C
0.0016,0.002,0.0,0.001839,1779961373141,0.0,45.59,1989.92,SYN.ETH-1JUN26,1990.39,0.0018,1990.39,1JUN26,2125,,C,ETH-1JUN26-2125-C
0.095,0.0965,50.0,0.095945,1779961373141,0.0,50.97,1995.83,ETH-31JUL26,1990.39,0.09575,1990.39,31JUL26,1950,,C,ETH-31JUL26-1950-C
,0.0001,26203.0,0.0,1779961373141,1.0,112.27,1989.9,ETH-29MAY26,1990.39,,1990.39,29MAY26,2600,,C,ETH-29MAY26-2600-C
0.0295,0.0305,0.0,0.030037,1779961373141,0.0,54.71,1995.85,ETH-31JUL26,1990.39,0.03,1990.39,31JUL26,1700,,P,ETH-31JUL26-1700-P
0.008,0.009,0.0,0.008406,1779961373141,0.0,52.23,2000.22,SYN.ETH-28AUG26,1990.39,0.0085,1990.39,28AUG26,3000,,C,ETH-28AUG26-3000-C
1.303,1.5015,110.0,1.395823,1779961373141,0.0,61.96,2004.52,ETH-25SEP26,1990.39,1.40225,1990.39,25SEP26,4800,,P,ETH-25SEP26-4800-P
0.0715,0.074,0.0,0.072844,1779961373141,0.0,51.25,2000.22,SYN.ETH-28AUG26,1990.39,0.07275,1990.39,28AUG26,2150,,C,ETH-28AUG26-2150-C
0.0001,0.0003,76.0,0.000191,1779961373141,47.0,66.95,1990.39,index_price,1990.39,0.0002,1990.39,30MAY26,2225,,C,ETH-30MAY26-2225-C
1.6155,1.85,0.0,1.72318,1779961373141,0.0,61.46,2022.96,ETH-25DEC26,1990.39,1.73275,1990.39,25DEC26,5500,,P,ETH-25DEC26-5500-P
0.082,0.0885,816.0,0.084923,1779961373141,10.0,46.9,1990.53,ETH-5JUN26,1990.39,0.08525,1990.39,5JUN26,2150,,P,ETH-5JUN26-2150-P
0.0022,0.0027,2264.0,0.002349,1779961373141,0.0,58.65,2004.55,ETH-25SEP26,1990.39,0.00245,1990.39,25SEP26,4200,,C,ETH-25SEP26-4200-C
0.2235,0.352,0.0,0.280358,1779961373141,0.0,51.24,2000.22,SYN.ETH-28AUG26,1990.39,0.28775,1990.39,28AUG26,2500,,P,ETH-28AUG26-2500-P
2.2815,2.5545,1.0,2.412661,1779961373141,0.0,91.99,1992.63,ETH-26JUN26,1990.39,2.418,1990.39,26JUN26,6800,,P,ETH-26JUN26-6800-P
0.001,0.0014,1.0,0.001234,1779961373141,1.0,47.15,1989.92,SYN.ETH-1JUN26,1990.39,0.0012,1990.39,1JUN26,2150,,C,ETH-1JUN26-2150-C
0.0175,0.0185,411.0,0.01775,1779961373141,451.0,42.46,1990.39,index_price,1990.39,0.018,1990.39,31MAY26,2000,,P,ETH-31MAY26-2000-P
0.0695,0.071,0.0,0.070214,1779961373141,0.0,53.88,2000.22,SYN.ETH-28AUG26,1990.39,0.07025,1990.39,28AUG26,1850,,P,ETH-28AUG26-1850-P
0.0004,0.0006,10584.0,0.000509,1779961373141,4814.0,60.96,1989.9,ETH-29MAY26,1990.39,0.0005,1990.39,29MAY26,2100,,C,ETH-29MAY26-2100-C
1.5925,1.841,0.0,1.704163,1779961373141,0.0,60.53,2043.45,ETH-26MAR27,1990.39,1.71675,1990.39,26MAR27,5500,,P,ETH-26MAR27-5500-P
0.383,0.4205,4.0,0.386616,1779961373141,0.0,63.39,2043.45,ETH-26MAR27,1990.39,0.40175,1990.39,26MAR27,1400,,C,ETH-26MAR27-1400-C
0.006,0.007,269.0,0.006822,1779961373141,257.0,47.54,1990.39,index_price,1990.39,0.0065,1990.39,30MAY26,2025,,C,ETH-30MAY26-2025-C
0.1555,0.162,1.0,0.158615,1779961373141,0.0,48.76,1990.97,ETH-12JUN26,1990.39,0.15875,1990.39,12JUN26,2300,,P,ETH-12JUN26-2300-P
0.0515,0.06,50.0,0.05705,1779961373141,50.0,50.13,1990.5,ETH-5JUN26,1990.39,0.05575,1990.39,5JUN26,1900,,C,ETH-5JUN26-1900-C
0.051,0.141,5.0,0.093282,1779961373141,0.0,51.86,1990.39,index_price,1990.39,0.096,1990.39,31MAY26,2175,,P,ETH-31MAY26-2175-P
0.0001,0.0003,7588.0,0.000184,1779961373141,0.0,73.92,1992.6,ETH-26JUN26,1990.39,0.0002,1990.39,26JUN26,3600,,C,ETH-26JUN26-3600-C
,0.0001,1152.0,2e-05,1779961373141,0.0,88.39,1992.6,ETH-26JUN26,1990.39,,1990.39,26JUN26,4800,,C,ETH-26JUN26-4800-C
0.0435,0.0455,0.0,0.044521,1779961373141,0.0,47.54,1991.77,SYN.ETH-19JUN26,1990.39,0.0445,1990.39,19JUN26,2000,,C,ETH-19JUN26-2000-C
0.0011,0.0013,15510.0,0.001175,1779961373141,6319.0,65.36,1989.9,ETH-29MAY26,1990.39,0.0012,1990.39,29MAY26,1900,,P,ETH-29MAY26-1900-P
0.182,0.19,2726.0,0.185241,1779961373141,130.0,49.74,1995.83,ETH-31JUL26,1990.39,0.186,1990.39,31JUL26,2300,,P,ETH-31JUL26-2300-P
0.1045,0.107,903.0,0.105866,1779961373141,0.0,61.53,2043.45,ETH-26MAR27,1990.39,0.10575,1990.39,26MAR27,1600,,P,ETH-26MAR27-1600-P
0.801,0.815,2601.0,0.806887,1779961373141,0.0,73.92,1992.6,ETH-26JUN26,1990.39,0.808,1990.39,26JUN26,3600,,P,ETH-26JUN26-3600-P
1.172,1.3535,403.0,1.258419,1779961373141,3.0,86.73,1992.6,ETH-26JUN26,1990.39,1.26275,1990.39,26JUN26,4500,,P,ETH-26JUN26-4500-P
0.092,0.094,21483.0,0.093219,1779961373141,64.0,56.11,2022.96,ETH-25DEC26,1990.39,0.093,1990.39,25DEC26,2500,,C,ETH-25DEC26-2500-C
0.0225,0.0235,4177.0,0.023525,1779961373141,10.0,49.8,1995.85,ETH-31JUL26,1990.39,0.023,1990.39,31JUL26,2400,,C,ETH-31JUL26-2400-C
0.323,0.3305,296.0,0.324751,1779961373141,20.0,58.31,2043.45,ETH-26MAR27,1990.39,0.32675,1990.39,26MAR27,2400,,P,ETH-26MAR27-2400-P
0.2,0.2105,450.0,0.20534,1779961373141,105.0,49.81,1995.85,ETH-31JUL26,1990.39,0.20525,1990.39,31JUL26,2350,,P,ETH-31JUL26-2350-P
0.0615,0.0625,1777.0,0.061979,1779961373141,28.0,51.55,1995.83,ETH-31JUL26,1990.39,0.062,1990.39,31JUL26,1900,,P,ETH-31JUL26-1900-P
2.0885,2.345,31.0,2.211917,1779961373141,0.0,91.99,1992.6,ETH-26JUN26,1990.39,2.21675,1990.39,26JUN26,6400,,P,ETH-26JUN26-6400-P
0.0008,0.0011,9111.0,0.000925,1779961373141,29.0,82.59,1992.6,ETH-26JUN26,1990.39,0.00095,1990.39,26JUN26,1200,,P,ETH-26JUN26-1200-P
1.853,2.1045,0.0,1.969159,1779961373141,0.0,62.86,2022.96,ETH-25DEC26,1990.39,1.97875,1990.39,25DEC26,6000,,P,ETH-25DEC26-6000-P
,0.0001,3719.0,0.0,1779961373141,0.0,112.27,1989.9,ETH-29MAY26,1990.39,,1990.39,29MAY26,4000,,C,ETH-29MAY26-4000-C
0.2905,0.2955,55.0,0.294283,1779961373141,0.0,60.83,2043.45,ETH-26MAR27,1990.39,0.293,1990.39,26MAR27,1700,,C,ETH-26MAR27-1700-C
0.2905,0.2995,0.0,0.296451,1779961373141,0.0,152.02,1989.9,ETH-29MAY26,1990.39,0.295,1990.39,29MAY26,1400,,C,ETH-29MAY26-1400-C
0.008,0.009,4392.0,0.008517,1779961373141,2226.0,50.66,1995.85,ETH-31JUL26,1990.39,0.0085,1990.39,31JUL26,2700,,C,ETH-31JUL26-2700-C
0.1215,0.123,13509.0,0.121539,1779961373141,4.0,53.91,2004.52,ETH-25SEP26,1990.39,0.12225,1990.39,25SEP26,2000,,P,ETH-25SEP26-2000-P
0.0795,0.0835,16921.0,0.080652,1779961373141,860.0,70.89,1989.9,ETH-29MAY26,1990.39,0.0815,1990.39,29MAY26,2150,,P,ETH-29MAY26-2150-P
0.0485,0.05,10387.0,0.049187,1779961373141,1520.0,62.68,2022.96,ETH-25DEC26,1990.39,0.04925,1990.39,25DEC26,1400,,P,ETH-25DEC26-1400-P
,0.0001,45168.0,3e-06,1779961373141,0.0,90.44,1992.6,ETH-26JUN26,1990.39,,1990.39,26JUN26,5500,,C,ETH-26JUN26-5500-C
0.1265,0.1315,0.0,0.130809,1779961373141,0.0,53.37,2000.22,SYN.ETH-28AUG26,1990.39,0.129,1990.39,28AUG26,1900,,C,ETH-28AUG26-1900-C
2.185,2.4495,0.0,2.312289,1779961373141,0.0,91.99,1992.6,ETH-26JUN26,1990.39,2.31725,1990.39,26JUN26,6600,,P,ETH-26JUN26-6600-P
0.049,0.051,1.0,0.050762,1779961373141,1.0,51.25,2000.22,SYN.ETH-28AUG26,1990.39,0.05,1990.39,28AUG26,2300,,C,ETH-28AUG26-2300-C
0.0755,0.0765,3662.0,0.075979,1779961373141,15.0,55.66,2004.52,ETH-25SEP26,1990.39,0.076,1990.39,25SEP26,1800,,P,ETH-25SEP26-1800-P
3.2775,3.64,0.0,3.449642,1779961373141,0.0,68.52,2022.96,ETH-25DEC26,1990.39,3.45875,1990.39,25DEC26,9000,,P,ETH-25DEC26-9000-P
1.606,1.8225,15.0,1.710059,1779961373141,0.0,90.43,1992.6,ETH-26JUN26,1990.39,1.71425,1990.39,26JUN26,5400,,P,ETH-26JUN26-5400-P
0.1115,0.206,0.0,0.156011,1779961373141,0.0,81.14,1990.39,index_price,1990.39,0.15875,1990.39,30MAY26,2300,,P,ETH-30MAY26-2300-P
0.0006,0.0009,118.0,0.000758,1779961373141,61.0,53.57,1990.39,index_price,1990.39,0.00075,1990.39,30MAY26,2125,,C,ETH-30MAY26-2125-C
0.0085,0.009,8776.0,0.008643,1779961373141,0.0,58.88,2022.96,ETH-25DEC26,1990.39,0.00875,1990.39,25DEC26,4600,,C,ETH-25DEC26-4600-C
3.7535,4.1535,0.0,3.943743,1779961373141,0.0,69.79,2022.96,ETH-25DEC26,1990.39,3.9535,1990.39,25DEC26,10000,,P,ETH-25DEC26-10000-P
0.5535,0.7485,0.0,0.637131,1779961373141,0.0,58.02,2043.45,ETH-26MAR27,1990.39,0.651,1990.39,26MAR27,3200,,P,ETH-26MAR27-3200-P
0.1225,0.1245,1080.0,0.123764,1779961373141,63.0,58.02,2043.45,ETH-26MAR27,1990.39,0.1235,1990.39,26MAR27,2600,,C,ETH-26MAR27-2600-C
0.044,0.0455,4725.0,0.045361,1779961373141,24.0,52.68,2004.55,ETH-25SEP26,1990.39,0.04475,1990.39,25SEP26,2500,,C,ETH-25SEP26-2500-C
0.0425,0.048,441.0,0.044891,1779961373141,232.0,48.72,1990.39,index_price,1990.39,0.04525,1990.39,30MAY26,2075,,P,ETH-30MAY26-2075-P
,0.0001,18299.0,0.0,1779961373141,1.0,112.27,1989.9,ETH-29MAY26,1990.39,,1990.39,29MAY26,2550,,C,ETH-29MAY26-2550-C
0.326,0.3405,8354.0,0.333616,1779961373141,0.0,52.54,2004.52,ETH-25SEP26,1990.39,0.33325,1990.39,25SEP26,2600,,P,ETH-25SEP26-2600-P
0.2545,0.263,5139.0,0.258487,1779961373141,6.0,50.78,1992.63,ETH-26JUN26,1990.39,0.25875,1990.39,26JUN26,2500,,P,ETH-26JUN26-2500-P
0.0135,0.0145,7.0,0.014048,1779961373141,7.0,49.15,1989.9,ETH-29MAY26,1990.39,0.014,1990.39,29MAY26,1975,,C,ETH-29MAY26-1975-C
0.933,1.0935,0.0,1.010141,1779961373141,0.0,112.27,1989.9,ETH-29MAY26,1990.39,1.01325,1990.39,29MAY26,4000,,P,ETH-29MAY26-4000-P
,0.0001,2198.0,0.0,1779961373141,0.0,92.0,1992.63,ETH-26JUN26,1990.39,,1990.39,26JUN26,7400,,C,ETH-26JUN26-7400-C
0.177,0.234,136.0,0.226014,1779961373141,0.0,49.8,1995.83,ETH-31JUL26,1990.39,0.2055,1990.39,31JUL26,2400,,P,ETH-31JUL26-2400-P
0.109,0.1105,52.0,0.110009,1779961373141,18.0,51.55,1995.85,ETH-31JUL26,1990.39,0.10975,1990.39,31JUL26,1900,,C,ETH-31JUL26-1900-C
0.197,0.2075,0.0,0.200636,1779961373141,0.0,51.25,2000.22,SYN.ETH-28AUG26,1990.39,0.20225,1990.39,28AUG26,2300,,P,ETH-28AUG26-2300-P
,0.0001,18858.0,0.0,1779961373141,3.0,112.27,1989.9,ETH-29MAY26,1990.39,,1990.39,29MAY26,2700,,C,ETH-29MAY26-2700-C
0.029,0.115,83.0,0.068202,1779961373141,0.0,66.01,1989.9,ETH-29MAY26,1990.39,0.072,1990.39,29MAY26,2125,,P,ETH-29MAY26-2125-P
0.0008,0.0014,2434.0,0.001072,1779961373141,25.0,67.16,2022.93,ETH-25DEC26,1990.39,0.0011,1990.39,25DEC26,8000,,C,ETH-25DEC26-8000-C
0.0065,0.0075,2.0,0.007218,1779961373141,2.0,47.42,1989.92,SYN.ETH-1JUN26,1990.39,0.007,1990.39,1JUN26,1925,,P,ETH-1JUN26-1925-P
0.0395,0.101,11.0,0.081004,1779961373141,0.0,57.07,1990.39,index_price,1990.39,0.07025,1990.39,30MAY26,2150,,P,ETH-30MAY26-2150-P
0.0025,0.003,0.0,0.002784,1779961373141,0.0,44.19,1989.92,SYN.ETH-1JUN26,1990.39,0.00275,1990.39,1JUN26,2100,,C,ETH-1JUN26-2100-C
0.2675,0.335,138.0,0.281465,1779961373141,0.0,112.27,1989.88,ETH-29MAY26,1990.39,0.30125,1990.39,29MAY26,2550,,P,ETH-29MAY26-2550-P
0.1035,0.1085,12544.0,0.105684,1779961373141,893.0,81.79,1989.9,ETH-29MAY26,1990.39,0.106,1990.39,29MAY26,2200,,P,ETH-29MAY26-2200-P
0.0013,0.0016,6801.0,0.001487,1779961373141,1768.0,49.9,1989.9,ETH-29MAY26,1990.39,0.00145,1990.39,29MAY26,2050,,C,ETH-29MAY26-2050-C
1.992,2.2405,18.0,2.111544,1779961373141,0.0,91.99,1992.63,ETH-26JUN26,1990.39,2.11625,1990.39,26JUN26,6200,,P,ETH-26JUN26-6200-P
0.0885,0.1005,0.0,0.096355,1779961373141,0.0,79.89,1990.39,index_price,1990.39,0.0945,1990.39,30MAY26,1800,,C,ETH-30MAY26-1800-C
0.051,0.1405,20.0,0.093176,1779961373141,0.0,77.58,1989.9,ETH-29MAY26,1990.39,0.09575,1990.39,29MAY26,2175,,P,ETH-29MAY26-2175-P
0.7515,0.7645,3261.0,0.756765,1779961373141,0.0,72.92,1992.63,ETH-26JUN26,1990.39,0.758,1990.39,26JUN26,3500,,P,ETH-26JUN26-3500-P
0.5005,0.6735,0.0,0.575723,1779961373141,0.0,56.11,2022.93,ETH-25DEC26,1990.39,0.587,1990.39,25DEC26,3100,,P,ETH-25DEC26-3100-P
0.057,0.059,0.0,0.057989,1779961373141,0.0,48.35,1991.77,SYN.ETH-19JUN26,1990.39,0.058,1990.39,19JUN26,1950,,C,ETH-19JUN26-1950-C
,0.0001,963.0,0.0,1779961373141,0.0,91.99,1992.6,ETH-26JUN26,1990.39,,1990.39,26JUN26,7200,,C,ETH-26JUN26-7200-C
0.0255,0.028,233.0,0.027082,1779961373142,234.0,52.21,1990.39,index_price,1990.39,0.02675,1990.39,30MAY26,1950,,C,ETH-30MAY26-1950-C
0.0023,0.0027,1973.0,0.002391,1779961373142,5.0,64.23,2022.93,ETH-25DEC26,1990.39,0.0025,1990.39,25DEC26,6500,,C,ETH-25DEC26-6500-C
0.0515,0.0525,20.0,0.052065,1779961373142,7.0,52.08,1995.85,ETH-31JUL26,1990.39,0.052,1990.39,31JUL26,1850,,P,ETH-31JUL26-1850-P
0.041,0.043,877.0,0.041938,1779961373142,18.0,58.22,2043.45,ETH-26MAR27,1990.39,0.042,1990.39,26MAR27,3800,,C,ETH-26MAR27-3800-C
0.0001,0.0005,986.0,0.000242,1779961373142,0.0,65.78,1995.83,ETH-31JUL26,1990.39,0.0003,1990.39,31JUL26,4400,,C,ETH-31JUL26-4400-C
0.0325,0.034,9015.0,0.033289,1779961373142,500.0,60.33,2004.52,ETH-25SEP26,1990.39,0.03325,1990.39,25SEP26,1500,,P,ETH-25SEP26-1500-P
0.0985,0.0995,339.0,0.099009,1779961373142,1.0,50.18,1995.85,ETH-31JUL26,1990.39,0.099,1990.39,31JUL26,2050,,P,ETH-31JUL26-2050-P
0.289,0.3,1765.0,0.292173,1779961373142,25.0,56.11,2022.93,ETH-25DEC26,1990.39,0.2945,1990.39,25DEC26,2400,,P,ETH-25DEC26-2400-P
0.13,0.1335,18489.0,0.130795,1779961373142,434.0,95.89,1989.9,ETH-29MAY26,1990.39,0.13175,1990.39,29MAY26,2250,,P,ETH-29MAY26-2250-P
0.831,0.9875,0.0,0.904679,1779961373142,0.0,61.84,1995.85,ETH-31JUL26,1990.39,0.90925,1990.39,31JUL26,3800,,P,ETH-31JUL26-3800-P
0.0046,0.005,1926.0,0.004869,1779961373142,385.0,47.38,1990.97,ETH-12JUN26,1990.39,0.0048,1990.39,12JUN26,2250,,C,ETH-12JUN26-2250-C
0.7015,0.7145,5651.0,0.70662,1779961373142,0.0,70.71,1992.6,ETH-26JUN26,1990.39,0.708,1990.39,26JUN26,3400,,P,ETH-26JUN26-3400-P
0.2895,0.297,1066.0,0.291149,1779961373142,1.0,58.51,2043.45,ETH-26MAR27,1990.39,0.29325,1990.39,26MAR27,2300,,P,ETH-26MAR27-2300-P
0.2455,0.255,162.0,0.251163,1779961373142,0.0,64.44,1992.63,ETH-26JUN26,1990.39,0.25025,1990.39,26JUN26,1500,,C,ETH-26JUN26-1500-C
0.125,0.1275,1197.0,0.12623,1779961373142,22.0,60.83,2043.45,ETH-26MAR27,1990.39,0.12625,1990.39,26MAR27,1700,,P,ETH-26MAR27-1700-P
,0.0001,2742.0,0.0,1779961373142,0.0,112.27,1989.88,ETH-29MAY26,1990.39,,1990.39,29MAY26,3600,,C,ETH-29MAY26-3600-C
0.063,0.106,68.0,0.070882,1779961373142,18.0,80.68,1989.88,ETH-29MAY26,1990.39,0.0845,1990.39,29MAY26,1850,,C,ETH-29MAY26-1850-C
,0.0002,1351.0,5.1e-05,1779961373142,0.0,87.28,2004.52,ETH-25SEP26,1990.39,,1990.39,25SEP26,12000,,C,ETH-25SEP26-12000-C
0.312,0.3205,0.0,0.316801,1779961373142,0.0,62.67,2000.22,SYN.ETH-28AUG26,1990.39,0.31625,1990.39,28AUG26,1400,,C,ETH-28AUG26-1400-C
0.008,0.0085,5287.0,0.008314,1779961373142,1989.0,45.54,1990.53,ETH-5JUN26,1990.39,0.00825,1990.39,5JUN26,2100,,C,ETH-5JUN26-2100-C
0.013,0.0145,0.0,0.013763,1779961373142,0.0,51.46,2000.22,SYN.ETH-28AUG26,1990.39,0.01375,1990.39,28AUG26,2800,,C,ETH-28AUG26-2800-C
0.9915,1.207,0.0,1.08581,1779961373142,0.0,58.62,2043.45,ETH-26MAR27,1990.39,1.09925,1990.39,26MAR27,4200,,P,ETH-26MAR27-4200-P
,0.0001,1888.0,0.0,1779961373142,0.0,91.99,1992.6,ETH-26JUN26,1990.39,,1990.39,26JUN26,6600,,C,ETH-26JUN26-6600-C
0.02,0.021,10009.0,0.020502,1779961373142,2103.0,57.18,1995.83,ETH-31JUL26,1990.39,0.0205,1990.39,31JUL26,1600,,P,ETH-31JUL26-1600-P
0.0002,0.0007,4884.0,0.000393,1779961373142,1.0,64.9,2004.52,ETH-25SEP26,1990.39,0.00045,1990.39,25SEP26,5800,,C,ETH-25SEP26-5800-C
0.1985,0.2015,72.0,0.200755,1779961373142,3.0,57.83,2022.96,ETH-25DEC26,1990.39,0.2,1990.39,25DEC26,1900,,C,ETH-25DEC26-1900-C
0.0095,0.0105,10.0,0.010368,1779961373142,10.0,42.66,1989.92,SYN.ETH-1JUN26,1990.39,0.01,1990.39,1JUN26,2025,,C,ETH-1JUN26-2025-C
0.0285,0.029,980.0,0.028662,1779961373142,301.0,47.68,1990.97,ETH-12JUN26,1990.39,0.02875,1990.39,12JUN26,1950,,P,ETH-12JUN26-1950-P
0.0275,0.029,6186.0,0.028119,1779961373142,358.0,69.88,2043.45,ETH-26MAR27,1990.39,0.02825,1990.39,26MAR27,1000,,P,ETH-26MAR27-1000-P
0.0011,0.0014,377.0,0.001218,1779961373142,327.0,50.78,1990.39,index_price,1990.39,0.00125,1990.39,30MAY26,2100,,C,ETH-30MAY26-2100-C
0.2015,0.2045,1764.0,0.203625,1779961373142,0.0,59.33,1992.63,ETH-26JUN26,1990.39,0.203,1990.39,26JUN26,1600,,C,ETH-26JUN26-1600-C
0.1645,0.168,722.0,0.16587,1779961373142,0.0,49.66,1995.85,ETH-31JUL26,1990.39,0.16625,1990.39,31JUL26,2250,,P,ETH-31JUL26-2250-P
,0.0001,7411.0,7e-05,1779961373142,4.0,83.53,1992.6,ETH-26JUN26,1990.39,,1990.39,26JUN26,4200,,C,ETH-26JUN26-4200-C
2.6195,2.92,0.0,2.763964,1779961373142,0.0,92.42,1992.6,ETH-26JUN26,1990.39,2.76975,1990.39,26JUN26,7500,,P,ETH-26JUN26-7500-P
0.3915,0.3995,8.0,0.396958,1779961373142,0.0,152.02,1989.9,ETH-29MAY26,1990.39,0.3955,1990.39,29MAY26,1200,,C,ETH-29MAY26-1200-C
0.0001,0.0002,662.0,0.000162,1779961373142,354.0,77.58,1989.9,ETH-29MAY26,1990.39,0.00015,1990.39,29MAY26,2175,,C,ETH-29MAY26-2175-C
0.055,0.0645,0.0,0.061512,1779961373142,0.0,52.81,1989.92,SYN.ETH-1JUN26,1990.39,0.05975,1990.39,1JUN26,1875,,C,ETH-1JUN26-1875-C
0.1385,0.15,77.0,0.145791,1779961373142,0.0,122.87,1989.9,ETH-29MAY26,1990.39,0.14425,1990.39,29MAY26,1700,,C,ETH-29MAY26-1700-C
0.461,0.579,8.0,0.473032,1779961373142,0.0,58.02,2043.42,ETH-26MAR27,1990.39,0.52,1990.39,26MAR27,2800,,P,ETH-26MAR27-2800-P
0.105,0.1065,11963.0,0.105775,1779961373142,1001.0,56.11,2022.96,ETH-25DEC26,1990.39,0.10575,1990.39,25DEC26,2400,,C,ETH-25DEC26-2400-C
0.007,0.0075,1832.0,0.007159,1779961373142,708.0,46.2,1990.97,ETH-12JUN26,1990.39,0.00725,1990.39,12JUN26,2200,,C,ETH-12JUN26-2200-C
0.095,0.0965,16608.0,0.095682,1779961373142,58.0,59.13,2022.93,ETH-25DEC26,1990.39,0.09575,1990.39,25DEC26,1700,,P,ETH-25DEC26-1700-P
3.0775,3.4185,0.0,3.240504,1779961373142,0.0,74.97,2004.52,ETH-25SEP26,1990.39,3.248,1990.39,25SEP26,8500,,P,ETH-25SEP26-8500-P
0.0001,0.0003,18685.0,0.000201,1779961373142,1604.0,70.89,1989.9,ETH-29MAY26,1990.39,0.0002,1990.39,29MAY26,2150,,C,ETH-29MAY26-2150-C
0.204,0.209,7437.0,0.206092,1779961373142,1.0,112.27,1989.88,ETH-29MAY26,1990.39,0.2065,1990.39,29MAY26,2400,,P,ETH-29MAY26-2400-P
1.5095,1.7185,360.0,1.60969,1779961373142,0.0,90.43,1992.6,ETH-26JUN26,1990.39,1.614,1990.39,26JUN26,5200,,P,ETH-26JUN26-5200-P
1.1195,1.299,0.0,1.204805,1779961373142,0.0,65.78,1995.83,ETH-31JUL26,1990.39,1.20925,1990.39,31JUL26,4400,,P,ETH-31JUL26-4400-P
,0.0001,17244.0,1.5e-05,1779961373142,0.0,90.31,1992.6,ETH-26JUN26,1990.39,,1990.39,26JUN26,5000,,C,ETH-26JUN26-5000-C
0.0895,0.095,313.0,0.090917,1779961373142,20.0,45.88,1990.97,ETH-12JUN26,1990.39,0.09225,1990.39,12JUN26,2150,,P,ETH-12JUN26-2150-P
0.218,0.2855,0.0,0.231374,1779961373142,0.0,64.13,1990.53,ETH-5JUN26,1990.39,0.25175,1990.39,5JUN26,2450,,P,ETH-5JUN26-2450-P
0.0535,0.0555,782.0,0.054181,1779961373142,373.0,45.81,1990.97,ETH-12JUN26,1990.39,0.0545,1990.39,12JUN26,2050,,P,ETH-12JUN26-2050-P
0.0535,0.064,50.0,0.060667,1779961373142,50.0,55.51,1990.39,index_price,1990.39,0.05875,1990.39,31MAY26,1875,,C,ETH-31MAY26-1875-C
0.0545,0.056,3859.0,0.05593,1779961373142,304.0,52.78,2004.52,ETH-25SEP26,1990.39,0.05525,1990.39,25SEP26,2400,,C,ETH-25SEP26-2400-C
0.0915,0.094,1200.0,0.093682,1779961373142,80.0,58.02,2043.42,ETH-26MAR27,1990.39,0.09275,1990.39,26MAR27,2900,,C,ETH-26MAR27-2900-C
0.0029,0.0035,10719.0,0.003164,1779961373142,0.0,62.86,2022.93,ETH-25DEC26,1990.39,0.0032,1990.39,25DEC26,6000,,C,ETH-25DEC26-6000-C
0.4965,0.5035,0.0,0.500954,1779961373142,0.0,82.17,1995.83,ETH-31JUL26,1990.39,0.5,1990.39,31JUL26,1000,,C,ETH-31JUL26-1000-C
,0.0001,9583.0,4.5e-05,1779961373142,604.0,151.95,1989.9,ETH-29MAY26,1990.39,,1990.39,29MAY26,1600,,P,ETH-29MAY26-1600-P
0.0115,0.0125,2047.0,0.012011,1779961373142,60.0,50.37,1995.83,ETH-31JUL26,1990.39,0.012,1990.39,31JUL26,2600,,C,ETH-31JUL26-2600-C
0.0095,0.0105,1955.0,0.010015,1779961373142,1254.0,54.06,1990.97,ETH-12JUN26,1990.39,0.01,1990.39,12JUN26,1800,,P,ETH-12JUN26-1800-P
0.016,0.017,65.0,0.016642,1779961373142,64.0,47.96,1990.39,index_price,1990.39,0.0165,1990.39,30MAY26,2000,,P,ETH-30MAY26-2000-P
0.0006,0.0008,0.0,0.000679,1779961373142,0.0,77.05,1989.92,SYN.ETH-1JUN26,1990.39,0.0007,1990.39,1JUN26,1700,,P,ETH-1JUN26-1700-P
0.006,0.007,6403.0,0.006498,1779961373142,35.0,51.8,1995.85,ETH-31JUL26,1990.39,0.0065,1990.39,31JUL26,2800,,C,ETH-31JUL26-2800-C
,0.0001,4978.0,4e-05,1779961373142,24.0,86.73,1992.63,ETH-26JUN26,1990.39,,1990.39,26JUN26,4500,,C,ETH-26JUN26-4500-C
