bid_price,ask_price,open_interest,mark_price,creation_timestamp_x,volume,mark_iv,underlying_price,underlying_index,estimated_delivery_price,mid_price,price_index,expiration_timestamp,strike,settlement_period,option_type,instrument_id
0.2295,0.2385,0.2,0.23220909,1780406844112,0.0,68.53,68984.49,BTC-5JUN26,68983.51,0.234,68997.04,5JUN26,85000,,P,BTC-5JUN26-85000-P
0.131,0.1325,2970.9,0.13164175,1780406844112,6.2,37.86,69629.98,BTC-25SEP26,68983.51,0.13175,68997.04,25SEP26,75000,,P,BTC-25SEP26-75000-P
0.0033,0.0037,1436.8,0.00346224,1780406844112,5.9,44.77,70231.79,BTC-25DEC26,68983.51,0.0035,68997.04,25DEC26,140000,,C,BTC-25DEC26-140000-C
0.012,0.013,2245.4,0.01264865,1780406844112,214.5,37.36,69629.98,BTC-25SEP26,68983.51,0.0125,68997.04,25SEP26,90000,,C,BTC-25SEP26-90000-C
0.173,0.1755,148.1,0.17433724,1780406844112,1.7,41.6,70230.95,BTC-25DEC26,68983.51,0.17425,68997.04,25DEC26,76000,,P,BTC-25DEC26-76000-P
0.0003,0.0005,1202.3,0.00044132,1780406844112,0.1,58.35,70230.95,BTC-25DEC26,68983.51,0.0004,68997.04,25DEC26,250000,,C,BTC-25DEC26-250000-C
0.0185,0.019,31.9,0.01882538,1780406844112,50.9,42.31,68984.49,BTC-5JUN26,68983.51,0.01875,68997.04,5JUN26,69500,,P,BTC-5JUN26-69500-P
0.161,0.163,901.1,0.16204901,1780406844112,0.9,43.84,70887.17,BTC-26MAR27,68983.51,0.162,68997.04,26MAR27,70000,,C,BTC-26MAR27-70000-C
0.357,0.3675,7.6,0.36041335,1780406844112,0.0,47.43,69110.06,BTC-26JUN26,68983.51,0.36225,68997.04,26JUN26,94000,,P,BTC-26JUN26-94000-P
0.0007,0.0009,14.1,0.00082155,1780406844112,29.0,40.66,68983.51,index_price,68983.51,0.0008,68997.04,4JUN26,72000,,C,BTC-4JUN26-72000-C
,0.0001,264.7,8.99e-06,1780406844112,0.0,85.88,69110.06,BTC-26JUN26,68983.51,,68997.04,26JUN26,155000,,C,BTC-26JUN26-155000-C
0.0085,0.0095,25.1,0.00905931,1780406844112,13.3,37.1,69442.63,BTC-28AUG26,68983.51,0.009,68997.04,28AUG26,88000,,C,BTC-28AUG26-88000-C
0.191,0.1975,104.0,0.19324189,1780406844112,0.0,36.07,69268.62,BTC-31JUL26,68983.51,0.19425,68997.04,31JUL26,82000,,P,BTC-31JUL26-82000-P
0.0007,0.0008,1064.7,0.00071269,1780406844112,27.4,40.5,69110.06,BTC-26JUN26,68983.51,0.00075,68997.04,26JUN26,86000,,C,BTC-26JUN26-86000-C
0.055,0.0595,0.0,0.05818531,1780406844112,0.0,72.24,68983.51,index_price,68983.51,0.05725,68997.04,3JUN26,65000,,C,BTC-3JUN26-65000-C
0.02,0.021,78.4,0.02057201,1780406844113,54.1,41.71,68983.51,index_price,68983.51,0.0205,68997.04,4JUN26,70000,,P,BTC-4JUN26-70000-P
0.1655,0.171,375.9,0.16786435,1780406844113,6.2,35.96,69268.62,BTC-31JUL26,68983.51,0.16825,68997.04,31JUL26,80000,,P,BTC-31JUL26-80000-P
0.0735,0.0745,108.3,0.07384039,1780406844113,7.7,37.38,69268.62,BTC-31JUL26,68983.51,0.074,68997.04,31JUL26,71000,,P,BTC-31JUL26-71000-P
0.6545,0.6695,0.1,0.6606587,1780406844113,0.0,49.75,69268.62,BTC-31JUL26,68983.51,0.662,68997.04,31JUL26,115000,,P,BTC-31JUL26-115000-P
,0.0001,8.0,5.3e-07,1780406844113,0.0,59.32,68983.51,index_price,68983.51,,68997.04,4JUN26,81000,,C,BTC-4JUN26-81000-C
0.0905,0.0925,532.1,0.09165058,1780406844113,58.1,43.7,70231.79,BTC-25DEC26,68983.51,0.0915,68997.04,25DEC26,65000,,P,BTC-25DEC26-65000-P
0.0095,0.0105,0.6,0.0098837,1780406844113,0.6,46.71,68983.51,index_price,68983.51,0.01,68997.04,6JUN26,67500,,P,BTC-6JUN26-67500-P
0.017,0.018,125.1,0.01739227,1780406844113,145.1,42.72,68983.51,index_price,68983.51,0.0175,68997.04,6JUN26,69000,,P,BTC-6JUN26-69000-P
0.0075,0.0085,801.4,0.00805084,1780406844113,404.9,36.12,69268.62,BTC-31JUL26,68983.51,0.008,68997.04,31JUL26,83000,,C,BTC-31JUL26-83000-C
0.055,0.063,0.0,0.05917049,1780406844113,0.0,60.99,68983.51,index_price,68983.51,0.059,68997.04,4JUN26,65000,,C,BTC-4JUN26-65000-C
0.0625,0.0635,14.2,0.06285297,1780406844113,0.0,38.15,69268.62,BTC-31JUL26,68983.51,0.063,68997.04,31JUL26,69000,,C,BTC-31JUL26-69000-C
0.032,0.035,324.2,0.03323831,1780406844113,172.1,39.8,68984.7,BTC-5JUN26,68983.51,0.0335,68997.04,5JUN26,71000,,P,BTC-5JUN26-71000-P
0.038,0.039,12.1,0.03829838,1780406844113,10.6,40.97,69442.63,BTC-28AUG26,68983.51,0.0385,68997.04,28AUG26,63000,,P,BTC-28AUG26-63000-P
0.58,0.5935,0.0,0.58539405,1780406844113,0.0,42.92,69442.63,BTC-28AUG26,68983.51,0.58675,68997.04,28AUG26,110000,,P,BTC-28AUG26-110000-P
0.444,0.446,53.2,0.44508187,1780406844113,0.0,57.66,70230.95,BTC-25DEC26,68983.51,0.445,68997.04,25DEC26,40000,,C,BTC-25DEC26-40000-C
0.9195,0.9355,0.6,0.92647608,1780406844113,0.0,44.32,70230.95,BTC-25DEC26,68983.51,0.9275,68997.04,25DEC26,135000,,P,BTC-25DEC26-135000-P
0.0575,0.06,24.9,0.05838268,1780406844113,0.9,55.33,68983.51,index_price,68983.51,0.05875,68997.04,3JUN26,73000,,P,BTC-3JUN26-73000-P
0.034,0.0355,101.0,0.034753,1780406844113,0.4,41.77,70887.17,BTC-26MAR27,68983.51,0.03475,68997.04,26MAR27,105000,,C,BTC-26MAR27-105000-C
0.4495,0.485,11.7,0.45398627,1780406844113,0.0,41.75,70887.17,BTC-26MAR27,68983.51,0.46725,68997.04,26MAR27,100000,,P,BTC-26MAR27-100000-P
0.0215,0.0225,16.9,0.02186591,1780406844113,0.9,43.96,69442.63,BTC-28AUG26,68983.51,0.022,68997.04,28AUG26,58000,,P,BTC-28AUG26-58000-P
0.0965,0.099,1.0,0.09788673,1780406844113,1.0,40.2,69268.62,BTC-31JUL26,68983.51,0.09775,68997.04,31JUL26,65000,,C,BTC-31JUL26-65000-C
0.185,0.192,0.0,0.18701985,1780406844113,0.0,36.52,69442.63,BTC-28AUG26,68983.51,0.1885,68997.04,28AUG26,81000,,P,BTC-28AUG26-81000-P
0.0345,0.0385,0.0,0.03704585,1780406844113,0.0,48.24,68983.51,index_price,68983.51,0.0365,68997.04,6JUN26,67000,,C,BTC-6JUN26-67000-C
,0.0001,135.9,0.0,1780406844113,0.0,99.84,69110.06,BTC-26JUN26,68983.51,,68997.04,26JUN26,320000,,C,BTC-26JUN26-320000-C
0.0002,0.0003,222.6,0.00024821,1780406844113,0.4,47.43,69110.06,BTC-26JUN26,68983.51,0.00025,68997.04,26JUN26,94000,,C,BTC-26JUN26-94000-C
0.958,1.1,23.1,1.02582897,1780406844113,0.0,75.63,69109.29,BTC-26JUN26,68983.51,1.029,68997.04,26JUN26,140000,,P,BTC-26JUN26-140000-P
0.0575,0.0605,7.9,0.05870386,1780406844113,0.8,43.44,68983.51,index_price,68983.51,0.059,68997.04,4JUN26,73000,,P,BTC-4JUN26-73000-P
0.0085,0.0095,681.0,0.00904714,1780406844113,14.0,43.44,70887.17,BTC-26MAR27,68983.51,0.009,68997.04,26MAR27,140000,,C,BTC-26MAR27-140000-C
1.1675,1.325,1.8,1.24288172,1780406844113,0.0,85.88,69110.06,BTC-26JUN26,68983.51,1.24625,68997.04,26JUN26,155000,,P,BTC-26JUN26-155000-P
0.0002,0.0004,140.8,0.00032521,1780406844113,158.8,44.23,68983.51,index_price,68983.51,0.0003,68997.04,3JUN26,71500,,C,BTC-3JUN26-71500-C
0.191,0.1935,67.3,0.19215039,1780406844113,0.1,44.55,70230.95,BTC-25DEC26,68983.51,0.19225,68997.04,25DEC26,62000,,C,BTC-25DEC26-62000-C
0.0615,0.064,3227.8,0.06262647,1780406844113,340.7,36.69,69110.06,BTC-26JUN26,68983.51,0.06275,68997.04,26JUN26,72000,,P,BTC-26JUN26-72000-P
0.0024,0.0027,4997.7,0.00252256,1780406844113,994.5,36.6,69110.06,BTC-26JUN26,68983.51,0.00255,68997.04,26JUN26,80000,,C,BTC-26JUN26-80000-C
0.0001,0.0002,1333.1,0.00014661,1780406844113,3.7,52.01,69028.42,BTC-12JUN26,68983.51,0.00015,68997.04,12JUN26,86000,,C,BTC-12JUN26-86000-C
0.0435,0.0485,1.1,0.04738595,1780406844113,1.1,53.33,68984.49,BTC-5JUN26,68983.51,0.046,68997.04,5JUN26,66000,,C,BTC-5JUN26-66000-C
0.57,0.572,98.8,0.57129369,1780406844113,1.0,74.19,69629.98,BTC-25SEP26,68983.51,0.571,68997.04,25SEP26,30000,,C,BTC-25SEP26-30000-C
0.554,0.568,0.0,0.55976394,1780406844113,0.0,46.17,69268.62,BTC-31JUL26,68983.51,0.561,68997.04,31JUL26,108000,,P,BTC-31JUL26-108000-P
0.037,0.0375,55.1,0.0372155,1780406844113,33.3,36.76,69268.62,BTC-31JUL26,68983.51,0.03725,68997.04,31JUL26,73000,,C,BTC-31JUL26-73000-C
0.0295,0.031,42.1,0.03047967,1780406844113,1.0,41.79,70887.17,BTC-26MAR27,68983.51,0.03025,68997.04,26MAR27,108000,,C,BTC-26MAR27-108000-C
0.6605,0.67,289.9,0.66411181,1780406844113,1.0,63.2,69110.06,BTC-26JUN26,68983.51,0.66525,68997.04,26JUN26,115000,,P,BTC-26JUN26-115000-P
1.657,1.8495,5.8,1.749328,1780406844113,0.0,85.9,69110.06,BTC-26JUN26,68983.51,1.75325,68997.04,26JUN26,190000,,P,BTC-26JUN26-190000-P
0.0009,0.0011,86.2,0.00100566,1780406844113,92.5,66.65,68983.51,index_price,68983.51,0.001,68997.04,3JUN26,66000,,P,BTC-3JUN26-66000-P
0.0002,0.0006,352.6,0.00029209,1780406844113,0.0,55.52,69630.82,BTC-25SEP26,68983.51,0.0004,68997.04,25SEP26,170000,,C,BTC-25SEP26-170000-C
0.2095,0.212,137.5,0.21082199,1780406844113,0.0,45.2,70230.95,BTC-25DEC26,68983.51,0.21075,68997.04,25DEC26,60000,,C,BTC-25DEC26-60000-C
1.6375,1.8305,0.0,1.7288422,1780406844113,0.0,58.55,69630.82,BTC-25SEP26,68983.51,1.734,68997.04,25SEP26,190000,,P,BTC-25SEP26-190000-P
0.0011,0.0013,1112.6,0.00118464,1780406844113,4.1,40.77,69268.62,BTC-31JUL26,68983.51,0.0012,68997.04,31JUL26,98000,,C,BTC-31JUL26-98000-C
0.051,0.052,5.2,0.05155773,1780406844113,0.2,37.35,69442.63,BTC-28AUG26,68983.51,0.0515,68997.04,28AUG26,73000,,C,BTC-28AUG26-73000-C
0.008,0.009,393.1,0.00844857,1780406844113,515.0,45.25,69028.42,BTC-12JUN26,68983.51,0.0085,68997.04,12JUN26,65000,,P,BTC-12JUN26-65000-P
0.0475,0.049,163.7,0.04844015,1780406844113,200.7,37.29,69047.83,BTC-19JUN26,68983.51,0.04825,68997.04,19JUN26,71000,,P,BTC-19JUN26-71000-P
,0.0001,200.1,0.0,1780406844113,0.0,90.33,69110.06,BTC-26JUN26,68983.51,,68997.04,26JUN26,250000,,C,BTC-26JUN26-250000-C
0.0635,0.065,1213.2,0.06403987,1780406844113,0.0,47.66,70887.17,BTC-26MAR27,68983.51,0.06425,68997.04,26MAR27,55000,,P,BTC-26MAR27-55000-P
0.007,0.0075,197.6,0.00710109,1780406844113,58.1,36.53,69268.62,BTC-31JUL26,68983.51,0.00725,68997.04,31JUL26,84000,,C,BTC-31JUL26-84000-C
0.1875,0.1905,14.7,0.18874537,1780406844113,0.3,67.38,68984.49,BTC-5JUN26,68983.51,0.189,68997.04,5JUN26,82000,,P,BTC-5JUN26-82000-P
0.1855,0.1925,1.0,0.18816925,1780406844113,0.0,44.81,69028.42,BTC-12JUN26,68983.51,0.189,68997.04,12JUN26,82000,,P,BTC-12JUN26-82000-P
0.1955,0.1985,29.2,0.19718699,1780406844113,0.0,44.18,69629.98,BTC-25SEP26,68983.51,0.197,68997.04,25SEP26,58000,,C,BTC-25SEP26-58000-C
,0.0001,97.4,4e-08,1780406844113,0.0,60.97,68983.51,index_price,68983.51,,68997.04,3JUN26,78000,,C,BTC-3JUN26-78000-C
0.1305,0.136,2145.0,0.13296959,1780406844113,24.3,36.04,69110.06,BTC-26JUN26,68983.51,0.13325,68997.04,26JUN26,78000,,P,BTC-26JUN26-78000-P
0.524,0.5845,0.0,0.52861961,1780406844113,0.0,41.78,70887.17,BTC-26MAR27,68983.51,0.55425,68997.04,26MAR27,106000,,P,BTC-26MAR27-106000-P
0.029,0.03,11.1,0.02964421,1780406844113,11.1,40.11,68983.51,index_price,68983.51,0.0295,68997.04,6JUN26,70500,,P,BTC-6JUN26-70500-P
0.0017,0.002,27.3,0.00186778,1780406844113,4.0,41.49,69442.63,BTC-28AUG26,68983.51,0.00185,68997.04,28AUG26,105000,,C,BTC-28AUG26-105000-C
3.164,3.4655,0.0,3.30843919,1780406844113,0.0,64.66,69629.98,BTC-25SEP26,68983.51,3.31475,68997.04,25SEP26,300000,,P,BTC-25SEP26-300000-P
0.112,0.1205,0.0,0.11674859,1780406844113,0.0,67.36,68983.51,index_price,68983.51,0.11625,68997.04,6JUN26,61000,,C,BTC-6JUN26-61000-C
1.89,2.105,0.0,1.99085126,1780406844113,0.0,54.18,70231.79,BTC-25DEC26,68983.51,1.9975,68997.04,25DEC26,210000,,P,BTC-25DEC26-210000-P
0.0033,0.0036,543.5,0.00342695,1780406844113,0.6,66.85,69630.82,BTC-25SEP26,68983.51,0.00345,68997.04,25SEP26,35000,,P,BTC-25SEP26-35000-P
0.0365,0.0445,0.0,0.04059256,1780406844113,0.0,39.63,68983.51,index_price,68983.51,0.0405,68997.04,6JUN26,71500,,P,BTC-6JUN26-71500-P
0.0165,0.0175,83.5,0.01709097,1780406844113,42.4,41.62,69047.83,BTC-19JUN26,68983.51,0.017,68997.04,19JUN26,66000,,P,BTC-19JUN26-66000-P
0.053,0.054,182.0,0.05351413,1780406844113,1.3,41.16,69629.98,BTC-25SEP26,68983.51,0.0535,68997.04,25SEP26,64000,,P,BTC-25SEP26-64000-P
0.9325,1.0145,12.5,0.9395839,1780406844113,0.0,47.62,69630.82,BTC-25SEP26,68983.51,0.9735,68997.04,25SEP26,135000,,P,BTC-25SEP26-135000-P
0.017,0.018,265.2,0.01742922,1780406844113,201.9,45.42,69442.63,BTC-28AUG26,68983.51,0.0175,68997.04,28AUG26,56000,,P,BTC-28AUG26-56000-P
0.073,0.074,5652.8,0.07343906,1780406844113,305.7,41.25,70230.95,BTC-25DEC26,68983.51,0.0735,68997.04,25DEC26,80000,,C,BTC-25DEC26-80000-C
0.507,0.518,107.9,0.51105668,1780406844113,0.0,40.5,70230.95,BTC-25DEC26,68983.51,0.5125,68997.04,25DEC26,105000,,P,BTC-25DEC26-105000-P
1.753,1.9575,0.0,1.84856024,1780406844113,0.0,52.78,70231.79,BTC-25DEC26,68983.51,1.85525,68997.04,25DEC26,200000,,P,BTC-25DEC26-200000-P
0.0003,0.0006,137.9,0.00045432,1780406844113,0.0,49.75,69268.62,BTC-31JUL26,68983.51,0.00045,68997.04,31JUL26,115000,,C,BTC-31JUL26-115000-C
0.004,0.0044,367.4,0.00415701,1780406844113,163.4,53.33,68984.7,BTC-5JUN26,68983.51,0.0042,68997.04,5JUN26,66000,,P,BTC-5JUN26-66000-P
0.063,0.1275,0.0,0.08744887,1780406844113,0.0,51.21,68983.51,index_price,68983.51,0.09525,68997.04,4JUN26,75000,,P,BTC-4JUN26-75000-P
0.026,0.027,217.4,0.02663409,1780406844113,254.9,39.68,69046.99,BTC-19JUN26,68983.51,0.0265,68997.04,19JUN26,68000,,P,BTC-19JUN26-68000-P
0.239,0.242,4.8,0.2408,1780406844113,0.0,46.15,70887.17,BTC-26MAR27,68983.51,0.2405,68997.04,26MAR27,60000,,C,BTC-26MAR27-60000-C
1.34,1.5175,0.0,1.42225057,1780406844113,0.0,49.64,70230.95,BTC-25DEC26,68983.51,1.42875,68997.04,25DEC26,170000,,P,BTC-25DEC26-170000-P
0.1295,0.132,0.0,0.13103823,1780406844113,0.0,40.97,69442.63,BTC-28AUG26,68983.51,0.13075,68997.04,28AUG26,63000,,C,BTC-28AUG26-63000-C
,0.0001,657.0,3.95e-06,1780406844113,8.0,68.53,68984.49,BTC-5JUN26,68983.51,,68997.04,5JUN26,85000,,C,BTC-5JUN26-85000-C
0.074,0.0785,405.0,0.07591232,1780406844113,15.6,36.97,69027.58,BTC-12JUN26,68983.51,0.07625,68997.04,12JUN26,74000,,P,BTC-12JUN26-74000-P
0.1145,0.1155,1057.6,0.11501434,1780406844113,2.0,42.12,70230.95,BTC-25DEC26,68983.51,0.115,68997.04,25DEC26,72000,,C,BTC-25DEC26-72000-C
0.0405,0.041,2661.6,0.04071726,1780406844113,141.0,37.25,69629.98,BTC-25SEP26,68983.51,0.04075,68997.04,25SEP26,78000,,C,BTC-25SEP26-78000-C
0.014,0.015,26.3,0.01452249,1780406844113,36.0,44.18,68983.51,index_price,68983.51,0.0145,68997.04,6JUN26,68500,,P,BTC-6JUN26-68500-P
0.1005,0.105,298.5,0.10262022,1780406844113,1.0,37.56,69027.58,BTC-12JUN26,68983.51,0.10275,68997.04,12JUN26,76000,,P,BTC-12JUN26-76000-P
0.014,0.015,3394.7,0.01462476,1780406844113,49.0,57.66,70230.95,BTC-25DEC26,68983.51,0.0145,68997.04,25DEC26,40000,,P,BTC-25DEC26-40000-P
0.0022,0.0026,134.5,0.00250024,1780406844113,96.1,37.12,69028.42,BTC-12JUN26,68983.51,0.0024,68997.04,12JUN26,75000,,C,BTC-12JUN26-75000-C
0.0041,0.0044,982.2,0.00426881,1780406844113,17.5,44.32,70230.95,BTC-25DEC26,68983.51,0.00425,68997.04,25DEC26,135000,,C,BTC-25DEC26-135000-C
0.0105,0.011,1286.7,0.0110343,1780406844113,57.6,35.97,69268.62,BTC-31JUL26,68983.51,0.01075,68997.04,31JUL26,81000,,C,BTC-31JUL26-81000-C
0.0525,0.0535,3.8,0.05277319,1780406844113,2.2,39.58,69442.63,BTC-28AUG26,68983.51,0.053,68997.04,28AUG26,66000,,P,BTC-28AUG26-66000-P
,0.0001,941.3,7.98e-06,1780406844113,0.0,71.79,69110.06,BTC-26JUN26,68983.51,,68997.04,26JUN26,135000,,C,BTC-26JUN26-135000-C
0.02,0.021,513.3,0.0205676,1780406844113,8.9,36.01,69269.46,BTC-31JUL26,68983.51,0.0205,68997.04,31JUL26,77000,,C,BTC-31JUL26-77000-C
0.0025,0.0029,1160.8,0.0027017,1780406844113,73.8,56.87,68984.7,BTC-5JUN26,68983.51,0.0027,68997.04,5JUN26,65000,,P,BTC-5JUN26-65000-P
0.0015,0.0017,472.9,0.00162491,1780406844113,312.5,37.56,69028.42,BTC-12JUN26,68983.51,0.0016,68997.04,12JUN26,76000,,C,BTC-12JUN26-76000-C
0.492,0.504,0.0,0.49773269,1780406844113,0.0,40.43,70230.95,BTC-25DEC26,68983.51,0.498,68997.04,25DEC26,104000,,P,BTC-25DEC26-104000-P
0.103,0.108,250.2,0.10507669,1780406844113,0.1,36.49,69047.83,BTC-19JUN26,68983.51,0.1055,68997.04,19JUN26,76000,,P,BTC-19JUN26-76000-P
0.085,0.123,0.0,0.08726048,1780406844113,0.0,55.5,68983.51,index_price,68983.51,0.104,68997.04,3JUN26,75000,,P,BTC-3JUN26-75000-P
0.262,0.267,546.0,0.2642688,1780406844113,0.0,40.65,70230.95,BTC-25DEC26,68983.51,0.2645,68997.04,25DEC26,85000,,P,BTC-25DEC26-85000-P
0.0002,0.0003,808.0,0.00025325,1780406844113,4.6,44.81,69028.42,BTC-12JUN26,68983.51,0.00025,68997.04,12JUN26,82000,,C,BTC-12JUN26-82000-C
0.251,0.256,47.0,0.25336866,1780406844113,0.0,40.7,70230.95,BTC-25DEC26,68983.51,0.2535,68997.04,25DEC26,84000,,P,BTC-25DEC26-84000-P
0.012,0.013,63.1,0.01247232,1780406844113,18.3,44.23,68983.51,index_price,68983.51,0.0125,68997.04,4JUN26,69000,,P,BTC-4JUN26-69000-P
0.0055,0.0065,1001.4,0.00606913,1780406844113,228.2,36.64,69268.62,BTC-31JUL26,68983.51,0.006,68997.04,31JUL26,85000,,C,BTC-31JUL26-85000-C
,0.0001,696.8,8.7e-07,1780406844113,0.0,72.07,68984.49,BTC-5JUN26,68983.51,,68997.04,5JUN26,88000,,C,BTC-5JUN26-88000-C
0.2265,0.2345,33.9,0.22908688,1780406844113,0.0,37.06,69629.98,BTC-25SEP26,68983.51,0.2305,68997.04,25SEP26,84000,,P,BTC-25SEP26-84000-P
1.4555,1.646,0.0,1.54252221,1780406844113,0.0,47.02,70887.17,BTC-26MAR27,68983.51,1.55075,68997.04,26MAR27,180000,,P,BTC-26MAR27-180000-P
3.7545,4.0995,0.0,3.91984986,1780406844113,0.0,102.06,69110.06,BTC-26JUN26,68983.51,3.927,68997.04,26JUN26,340000,,P,BTC-26JUN26-340000-P
0.0055,0.006,12.8,0.00573083,1780406844113,12.8,41.71,68983.51,index_price,68983.51,0.00575,68997.04,4JUN26,70000,,C,BTC-4JUN26-70000-C
1.3075,1.475,0.5,1.38757694,1780406844113,0.0,85.89,69110.06,BTC-26JUN26,68983.51,1.39125,68997.04,26JUN26,165000,,P,BTC-26JUN26-165000-P
0.0765,0.081,0.2,0.07923661,1780406844113,0.1,47.07,69028.42,BTC-12JUN26,68983.51,0.07875,68997.04,12JUN26,64000,,C,BTC-12JUN26-64000-C
0.4685,0.4825,0.1,0.47343215,1780406844113,0.0,43.0,69269.46,BTC-31JUL26,68983.51,0.4755,68997.04,31JUL26,102000,,P,BTC-31JUL26-102000-P
0.327,0.3375,0.4,0.33044505,1780406844113,0.0,38.46,69268.62,BTC-31JUL26,68983.51,0.33225,68997.04,31JUL26,92000,,P,BTC-31JUL26-92000-P
0.0004,0.0007,759.1,0.0004839,1780406844113,0.0,51.2,69630.82,BTC-25SEP26,68983.51,0.00055,68997.04,25SEP26,150000,,C,BTC-25SEP26-150000-C
,0.0002,819.9,7.41e-06,1780406844113,6.1,67.87,68984.49,BTC-5JUN26,68983.51,,68997.04,5JUN26,84000,,C,BTC-5JUN26-84000-C
0.053,0.0565,1.1,0.05512476,1780406844113,1.1,43.66,69028.42,BTC-12JUN26,68983.51,0.05475,68997.04,12JUN26,66000,,C,BTC-12JUN26-66000-C
0.804,0.8155,75.4,0.80877586,1780406844113,0.0,63.95,69110.06,BTC-26JUN26,68983.51,0.80975,68997.04,26JUN26,125000,,P,BTC-26JUN26-125000-P
0.0018,0.0021,0.8,0.00188405,1780406844113,0.8,61.02,68983.51,index_price,68983.51,0.00195,68997.04,6JUN26,63000,,P,BTC-6JUN26-63000-P
1.29,1.4595,0.0,1.36997899,1780406844113,0.0,54.69,69629.98,BTC-25SEP26,68983.51,1.37475,68997.04,25SEP26,165000,,P,BTC-25SEP26-165000-P
0.1735,0.176,233.3,0.17493064,1780406844113,1.0,43.04,69629.98,BTC-25SEP26,68983.51,0.17475,68997.04,25SEP26,60000,,C,BTC-25SEP26-60000-C
0.5775,0.589,116.7,0.58217529,1780406844113,0.0,40.74,69629.98,BTC-25SEP26,68983.51,0.58325,68997.04,25SEP26,110000,,P,BTC-25SEP26-110000-P
0.0365,0.0395,43.6,0.03798661,1780406844113,25.6,40.61,68983.51,index_price,68983.51,0.038,68997.04,4JUN26,71500,,P,BTC-4JUN26-71500-P
0.011,0.0115,164.8,0.01118913,1780406844113,58.8,36.39,69046.99,BTC-19JUN26,68983.51,0.01125,68997.04,19JUN26,73000,,C,BTC-19JUN26-73000-C
0.0041,0.0045,158.2,0.00435326,1780406844113,95.7,36.49,69046.99,BTC-19JUN26,68983.51,0.0043,68997.04,19JUN26,76000,,C,BTC-19JUN26-76000-C
0.0001,0.0002,7.0,0.0001812,1780406844113,0.8,47.88,69047.83,BTC-19JUN26,68983.51,0.00015,68997.04,19JUN26,90000,,C,BTC-19JUN26-90000-C
4.48,4.5205,0.2,4.49865572,1780406844113,0.0,102.24,69110.06,BTC-26JUN26,68983.51,4.50025,68997.04,26JUN26,380000,,P,BTC-26JUN26-380000-P
0.1015,0.103,0.0,0.10231018,1780406844113,0.0,39.58,69442.63,BTC-28AUG26,68983.51,0.10225,68997.04,28AUG26,66000,,C,BTC-28AUG26-66000-C
0.0046,0.0055,1507.4,0.00506527,1780406844113,1.9,43.52,70230.95,BTC-25DEC26,68983.51,0.00505,68997.04,25DEC26,130000,,C,BTC-25DEC26-130000-C
,0.0002,247.6,2.4e-05,1780406844113,0.9,61.2,69629.98,BTC-25SEP26,68983.51,,68997.04,25SEP26,240000,,C,BTC-25SEP26-240000-C
0.217,0.2235,31.5,0.21977212,1780406844113,0.0,36.53,69269.46,BTC-31JUL26,68983.51,0.22025,68997.04,31JUL26,84000,,P,BTC-31JUL26-84000-P
0.061,0.0625,66.2,0.06154163,1780406844113,0.0,41.78,70887.17,BTC-26MAR27,68983.51,0.06175,68997.04,26MAR27,92000,,C,BTC-26MAR27-92000-C
0.0002,0.0003,0.0,0.00025443,1780406844113,0.0,49.02,68983.51,index_price,68983.51,0.00025,68997.04,6JUN26,77000,,C,BTC-6JUN26-77000-C
0.0001,0.0002,458.3,0.00013913,1780406844113,4.9,63.54,68984.49,BTC-5JUN26,68983.51,0.00015,68997.04,5JUN26,79000,,C,BTC-5JUN26-79000-C
0.4965,0.511,0.0,0.50220304,1780406844113,0.0,44.11,69269.46,BTC-31JUL26,68983.51,0.50375,68997.04,31JUL26,104000,,P,BTC-31JUL26-104000-P
0.0395,0.0405,97.9,0.04008318,1780406844113,18.9,37.99,69047.83,BTC-19JUN26,68983.51,0.04,68997.04,19JUN26,70000,,P,BTC-19JUN26-70000-P
0.402,0.411,1.4,0.40571207,1780406844113,1.0,41.69,70887.17,BTC-26MAR27,68983.51,0.4065,68997.04,26MAR27,96000,,P,BTC-26MAR27-96000-P
0.0425,0.0435,60.2,0.04272441,1780406844113,1.3,40.49,69442.63,BTC-28AUG26,68983.51,0.043,68997.04,28AUG26,64000,,P,BTC-28AUG26-64000-P
0.1555,0.2125,0.0,0.1888141,1780406844113,0.0,59.32,68983.51,index_price,68983.51,0.184,68997.04,4JUN26,82000,,P,BTC-4JUN26-82000-P
0.6485,0.6605,91.7,0.6534249,1780406844113,0.0,42.23,69629.98,BTC-25SEP26,68983.51,0.6545,68997.04,25SEP26,115000,,P,BTC-25SEP26-115000-P
0.012,0.013,2.5,0.01237612,1780406844113,3.6,45.09,68984.49,BTC-5JUN26,68983.51,0.0125,68997.04,5JUN26,68500,,P,BTC-5JUN26-68500-P
0.1375,0.141,440.2,0.13928156,1780406844113,5.4,48.91,69110.06,BTC-26JUN26,68983.51,0.13925,68997.04,26JUN26,60000,,C,BTC-26JUN26-60000-C
0.0545,0.055,1909.0,0.05453312,1780406844113,169.0,37.86,69629.98,BTC-25SEP26,68983.51,0.05475,68997.04,25SEP26,75000,,C,BTC-25SEP26-75000-C
0.5115,0.5245,0.0,0.5165241,1780406844113,0.0,44.24,69268.62,BTC-31JUL26,68983.51,0.518,68997.04,31JUL26,105000,,P,BTC-31JUL26-105000-P
0.209,0.217,0.0,0.21145248,1780406844113,0.0,36.56,69442.63,BTC-28AUG26,68983.51,0.213,68997.04,28AUG26,83000,,P,BTC-28AUG26-83000-P
,0.0001,554.4,1.4e-07,1780406844113,0.0,85.9,69110.06,BTC-26JUN26,68983.51,,68997.04,26JUN26,190000,,C,BTC-26JUN26-190000-C
0.1145,0.1175,275.8,0.11578593,1780406844113,0.1,44.93,70887.17,BTC-26MAR27,68983.51,0.116,68997.04,26MAR27,65000,,P,BTC-26MAR27-65000-P
0.0865,0.0895,100.8,0.08829573,1780406844113,0.0,39.62,69268.62,BTC-31JUL26,68983.51,0.088,68997.04,31JUL26,66000,,C,BTC-31JUL26-66000-C
0.0555,0.0645,0.0,0.0596325,1780406844113,0.0,39.67,68983.51,index_price,68983.51,0.06,68997.04,6JUN26,73000,,P,BTC-6JUN26-73000-P
0.0005,0.001,150.9,0.00075105,1780406844113,0.3,54.18,70230.95,BTC-25DEC26,68983.51,0.00075,68997.04,25DEC26,210000,,C,BTC-25DEC26-210000-C
0.034,0.0355,221.0,0.03483627,1780406844113,0.1,40.21,70230.95,BTC-25DEC26,68983.51,0.03475,68997.04,25DEC26,92000,,C,BTC-25DEC26-92000-C
2.331,2.573,0.0,2.44677161,1780406844113,0.0,61.2,69629.98,BTC-25SEP26,68983.51,2.452,68997.04,25SEP26,240000,,P,BTC-25SEP26-240000-P
,0.0001,2755.6,1.689e-05,1780406844113,51.3,63.2,69110.06,BTC-26JUN26,68983.51,,68997.04,26JUN26,120000,,C,BTC-26JUN26-120000-C
0.0665,0.0685,297.3,0.06732342,1780406844113,199.3,41.85,70887.17,BTC-26MAR27,68983.51,0.0675,68997.04,26MAR27,90000,,C,BTC-26MAR27-90000-C
0.101,0.1035,404.3,0.10197196,1780406844113,19.0,51.54,68984.7,BTC-5JUN26,68983.51,0.10225,68997.04,5JUN26,76000,,P,BTC-5JUN26-76000-P
0.369,0.378,151.5,0.37238044,1780406844114,0.0,38.06,69629.98,BTC-25SEP26,68983.51,0.3735,68997.04,25SEP26,95000,,P,BTC-25SEP26-95000-P
0.05,0.0515,108.9,0.05055663,1780406844114,7.4,40.49,70230.95,BTC-25DEC26,68983.51,0.05075,68997.04,25DEC26,86000,,C,BTC-25DEC26-86000-C
1.1835,1.358,0.0,1.26234822,1780406844114,0.0,45.31,70888.01,BTC-26MAR27,68983.51,1.27075,68997.04,26MAR27,160000,,P,BTC-26MAR27-160000-P
0.102,0.104,27.2,0.10322603,1780406844114,0.1,41.89,70231.79,BTC-25DEC26,68983.51,0.103,68997.04,25DEC26,74000,,C,BTC-25DEC26-74000-C
0.0145,0.0155,254.9,0.01514208,1780406844114,276.0,36.77,69047.83,BTC-19JUN26,68983.51,0.015,68997.04,19JUN26,72000,,C,BTC-19JUN26-72000-C
0.0005,0.0007,1565.4,0.00051178,1780406844114,119.0,90.23,69110.06,BTC-26JUN26,68983.51,0.0006,68997.04,26JUN26,40000,,P,BTC-26JUN26-40000-P
0.09,0.093,103.0,0.09108437,1780406844114,74.9,36.76,69268.62,BTC-31JUL26,68983.51,0.0915,68997.04,31JUL26,73000,,P,BTC-31JUL26-73000-P
0.0295,0.031,604.1,0.03015099,1780406844114,2.6,44.18,69629.98,BTC-25SEP26,68983.51,0.03025,68997.04,25SEP26,58000,,P,BTC-25SEP26-58000-P
0.09,0.0945,2.0,0.09230917,1780406844114,0.0,36.47,69047.83,BTC-19JUN26,68983.51,0.09225,68997.04,19JUN26,75000,,P,BTC-19JUN26-75000-P
0.271,0.2745,9.8,0.2731931,1780406844114,0.0,47.75,70231.79,BTC-25DEC26,68983.51,0.27275,68997.04,25DEC26,54000,,C,BTC-25DEC26-54000-C
3.195,3.4995,0.0,3.34104399,1780406844114,0.0,95.76,69110.06,BTC-26JUN26,68983.51,3.34725,68997.04,26JUN26,300000,,P,BTC-26JUN26-300000-P
0.0006,0.0011,942.4,0.00084576,1780406844114,0.0,52.78,70231.79,BTC-25DEC26,68983.51,0.00085,68997.04,25DEC26,200000,,C,BTC-25DEC26-200000-C
0.0055,0.0065,533.5,0.00595667,1780406844114,371.3,36.94,69028.42,BTC-12JUN26,68983.51,0.006,68997.04,12JUN26,73000,,C,BTC-12JUN26-73000-C
0.0001,0.0002,40.0,0.00011903,1780406844114,28.3,51.21,68983.51,index_price,68983.51,0.00015,68997.04,4JUN26,75000,,C,BTC-4JUN26-75000-C
0.0145,0.0155,2.9,0.0150197,1780406844114,2.9,43.57,68984.49,BTC-5JUN26,68983.51,0.015,68997.04,5JUN26,69000,,C,BTC-5JUN26-69000-C
0.0445,0.048,638.7,0.04560393,1780406844114,44.0,39.81,68984.7,BTC-5JUN26,68983.51,0.04625,68997.04,5JUN26,72000,,P,BTC-5JUN26-72000-P
0.2425,0.2485,29.9,0.2451453,1780406844114,0.0,40.5,69109.29,BTC-26JUN26,68983.51,0.2455,68997.04,26JUN26,86000,,P,BTC-26JUN26-86000-P
,0.0001,248.8,4.08e-06,1780406844114,0.0,66.78,69629.98,BTC-25SEP26,68983.51,,68997.04,25SEP26,320000,,C,BTC-25SEP26-320000-C
0.3785,0.3815,48.3,0.38034893,1780406844114,0.0,53.23,70230.95,BTC-25DEC26,68983.51,0.38,68997.04,25DEC26,45000,,C,BTC-25DEC26-45000-C
,0.0002,100.6,5.399e-05,1780406844114,91.7,55.33,68983.51,index_price,68983.51,,68997.04,3JUN26,73500,,C,BTC-3JUN26-73500-C
,0.0001,174.2,0.0,1780406844114,0.5,102.24,69109.29,BTC-26JUN26,68983.51,,68997.04,26JUN26,360000,,C,BTC-26JUN26-360000-C
0.0007,0.0009,10.2,0.00080227,1780406844114,10.2,40.77,68983.51,index_price,68983.51,0.0008,68997.04,6JUN26,74000,,C,BTC-6JUN26-74000-C
0.012,0.013,889.7,0.01260265,1780406844114,201.7,36.03,69110.06,BTC-26JUN26,68983.51,0.0125,68997.04,26JUN26,74000,,C,BTC-26JUN26-74000-C
0.05,0.0535,32.5,0.05119118,1780406844114,0.3,52.38,68983.51,index_price,68983.51,0.05175,68997.04,3JUN26,72500,,P,BTC-3JUN26-72500-P
0.019,0.02,0.0,0.01937674,1780406844114,0.0,45.09,68984.7,BTC-5JUN26,68983.51,0.0195,68997.04,5JUN26,68500,,C,BTC-5JUN26-68500-C
,0.0002,214.5,1.522e-05,1780406844114,43.8,67.7,68984.49,BTC-5JUN26,68983.51,,68997.04,5JUN26,83000,,C,BTC-5JUN26-83000-C
0.1105,0.112,272.0,0.11112664,1780406844114,2.7,43.06,70230.95,BTC-25DEC26,68983.51,0.11125,68997.04,25DEC26,68000,,P,BTC-25DEC26-68000-P
0.0043,0.0046,288.5,0.00447164,1780406844114,6.2,36.97,69269.46,BTC-31JUL26,68983.51,0.00445,68997.04,31JUL26,87000,,C,BTC-31JUL26-87000-C
0.4255,0.456,0.2,0.42948748,1780406844114,0.0,41.66,70887.17,BTC-26MAR27,68983.51,0.44075,68997.04,26MAR27,98000,,P,BTC-26MAR27-98000-P
0.6415,0.6545,1.7,0.64694331,1780406844114,0.0,41.44,70230.95,BTC-25DEC26,68983.51,0.648,68997.04,25DEC26,115000,,P,BTC-25DEC26-115000-P
0.439,0.448,0.1,0.4428345,1780406844114,0.1,39.88,69442.63,BTC-28AUG26,68983.51,0.4435,68997.04,28AUG26,100000,,P,BTC-28AUG26-100000-P
0.016,0.019,117.7,0.01733452,1780406844114,133.0,42.33,68983.51,index_price,68983.51,0.0175,68997.04,3JUN26,70000,,P,BTC-3JUN26-70000-P
0.0016,0.002,818.9,0.0017921,1780406844114,17.2,39.12,69268.62,BTC-31JUL26,68983.51,0.0018,68997.04,31JUL26,94000,,C,BTC-31JUL26-94000-C
0.0225,0.023,688.5,0.02272522,1780406844114,0.3,37.06,69630.82,BTC-25SEP26,68983.51,0.02275,68997.04,25SEP26,84000,,C,BTC-25SEP26-84000-C
0.4655,0.4775,0.0,0.47132647,1780406844114,0.0,40.32,70230.95,BTC-25DEC26,68983.51,0.4715,68997.04,25DEC26,102000,,P,BTC-25DEC26-102000-P
0.002,0.0024,53.4,0.0023004,1780406844114,54.9,40.64,68983.51,index_price,68983.51,0.0022,68997.04,4JUN26,71000,,C,BTC-4JUN26-71000-C
0.0002,0.0005,131.1,0.00034001,1780406844114,0.0,54.69,69629.98,BTC-25SEP26,68983.51,0.00035,68997.04,25SEP26,165000,,C,BTC-25SEP26-165000-C
0.0325,0.0335,47.0,0.03276269,1780406844114,63.4,38.72,69046.99,BTC-19JUN26,68983.51,0.033,68997.04,19JUN26,69000,,P,BTC-19JUN26-69000-P
0.411,0.4195,0.0,0.41453411,1780406844114,0.0,39.27,69442.63,BTC-28AUG26,68983.51,0.41525,68997.04,28AUG26,98000,,P,BTC-28AUG26-98000-P
0.058,0.0595,639.5,0.05866665,1780406844114,11.3,40.77,69629.98,BTC-25SEP26,68983.51,0.05875,68997.04,25SEP26,65000,,P,BTC-25SEP26-65000-P
0.0024,0.0027,16.3,0.00251149,1780406844114,10.6,56.31,68983.51,index_price,68983.51,0.00255,68997.04,4JUN26,66000,,P,BTC-4JUN26-66000-P
0.0125,0.0135,1.0,0.01323044,1780406844114,1.0,51.02,68983.51,index_price,68983.51,0.013,68997.04,3JUN26,68500,,C,BTC-3JUN26-68500-C
0.175,0.1785,0.0,0.17731648,1780406844114,0.0,45.51,69268.62,BTC-31JUL26,68983.51,0.17675,68997.04,31JUL26,58000,,C,BTC-31JUL26-58000-C
1.319,1.5015,0.1,1.40223741,1780406844114,0.0,46.11,70887.17,BTC-26MAR27,68983.51,1.41025,68997.04,26MAR27,170000,,P,BTC-26MAR27-170000-P
0.1265,0.131,1.9,0.12963044,1780406844114,0.0,42.24,69269.46,BTC-31JUL26,68983.51,0.12875,68997.04,31JUL26,62000,,C,BTC-31JUL26-62000-C
1.221,1.385,0.6,1.29821745,1780406844114,0.0,53.65,69629.98,BTC-25SEP26,68983.51,1.303,68997.04,25SEP26,160000,,P,BTC-25SEP26-160000-P
0.181,0.185,718.4,0.18246723,1780406844114,14.0,37.09,69629.98,BTC-25SEP26,68983.51,0.183,68997.04,25SEP26,80000,,P,BTC-25SEP26-80000-P
0.11,0.154,0.0,0.11634012,1780406844114,0.0,52.63,68983.51,index_price,68983.51,0.132,68997.04,4JUN26,77000,,P,BTC-4JUN26-77000-P
0.0014,0.0015,4431.0,0.00147439,1780406844114,1559.7,37.23,69110.06,BTC-26JUN26,68983.51,0.00145,68997.04,26JUN26,82000,,C,BTC-26JUN26-82000-C
0.0001,0.0004,749.7,0.00018949,1780406844114,0.0,56.38,69629.98,BTC-25SEP26,68983.51,0.00025,68997.04,25SEP26,180000,,C,BTC-25SEP26-180000-C
0.3335,0.341,14.0,0.33695313,1780406844114,0.0,41.85,70888.01,BTC-26MAR27,68983.51,0.33725,68997.04,26MAR27,90000,,P,BTC-26MAR27-90000-P
0.3,0.307,1671.6,0.30274717,1780406844114,17.9,44.43,69110.06,BTC-26JUN26,68983.51,0.3035,68997.04,26JUN26,90000,,P,BTC-26JUN26-90000-P
0.0065,0.0075,44.7,0.00705263,1780406844114,6.9,37.18,69442.63,BTC-28AUG26,68983.51,0.007,68997.04,28AUG26,90000,,C,BTC-28AUG26-90000-C
0.0125,0.013,5863.8,0.01293956,1780406844114,174.3,35.96,69269.46,BTC-31JUL26,68983.51,0.01275,68997.04,31JUL26,80000,,C,BTC-31JUL26-80000-C
0.0865,0.0885,279.8,0.08721981,1780406844114,2.3,46.15,70887.17,BTC-26MAR27,68983.51,0.0875,68997.04,26MAR27,60000,,P,BTC-26MAR27-60000-P
2.0765,2.2995,0.2,2.18343227,1780406844114,0.0,86.38,69110.06,BTC-26JUN26,68983.51,2.188,68997.04,26JUN26,220000,,P,BTC-26JUN26-220000-P
0.0002,0.0003,58.4,0.00026291,1780406844114,34.9,45.17,68983.51,index_price,68983.51,0.00025,68997.04,4JUN26,73500,,C,BTC-4JUN26-73500-C
0.1495,0.154,8.0,0.15281491,1780406844114,0.0,43.78,69268.62,BTC-31JUL26,68983.51,0.15175,68997.04,31JUL26,60000,,C,BTC-31JUL26-60000-C
0.372,0.3845,0.1,0.37717046,1780406844114,0.0,72.07,68984.49,BTC-5JUN26,68983.51,0.37825,68997.04,5JUN26,95000,,P,BTC-5JUN26-95000-P
0.015,0.0155,33.5,0.01528035,1780406844114,52.6,43.57,68984.49,BTC-5JUN26,68983.51,0.01525,68997.04,5JUN26,69000,,P,BTC-5JUN26-69000-P
0.165,0.167,218.2,0.16614337,1780406844114,0.5,43.7,70230.95,BTC-25DEC26,68983.51,0.166,68997.04,25DEC26,65000,,C,BTC-25DEC26-65000-C
0.003,0.0033,161.7,0.00311194,1780406844114,109.5,36.62,69047.83,BTC-19JUN26,68983.51,0.00315,68997.04,19JUN26,77000,,C,BTC-19JUN26-77000-C
0.051,0.054,20.9,0.05219046,1780406844114,0.0,39.83,68984.7,BTC-5JUN26,68983.51,0.0525,68997.04,5JUN26,72500,,P,BTC-5JUN26-72500-P
0.1995,0.2045,0.0,0.20289137,1780406844114,0.0,47.46,69268.62,BTC-31JUL26,68983.51,0.202,68997.04,31JUL26,56000,,C,BTC-31JUL26-56000-C
0.0008,0.0013,989.3,0.00104427,1780406844114,0.0,51.77,70230.95,BTC-25DEC26,68983.51,0.00105,68997.04,25DEC26,190000,,C,BTC-25DEC26-190000-C
0.5075,0.518,104.4,0.51158141,1780406844114,0.0,40.03,69630.82,BTC-25SEP26,68983.51,0.51275,68997.04,25SEP26,105000,,P,BTC-25SEP26-105000-P
0.019,0.0195,193.4,0.0190085,1780406844114,68.5,43.78,69268.62,BTC-31JUL26,68983.51,0.01925,68997.04,31JUL26,60000,,P,BTC-31JUL26-60000-P
0.0002,0.0003,605.2,0.00020977,1780406844114,37.4,55.76,68984.49,BTC-5JUN26,68983.51,0.00025,68997.04,5JUN26,77000,,C,BTC-5JUN26-77000-C
0.008,0.0085,3.4,0.00819025,1780406844114,3.4,48.24,68983.51,index_price,68983.51,0.00825,68997.04,6JUN26,67000,,P,BTC-6JUN26-67000-P
2.1655,2.399,0.0,2.27538931,1780406844114,0.0,55.89,70230.95,BTC-25DEC26,68983.51,2.28225,68997.04,25DEC26,230000,,P,BTC-25DEC26-230000-P
0.071,0.072,1594.6,0.07159388,1780406844114,12.4,38.56,69629.98,BTC-25SEP26,68983.51,0.0715,68997.04,25SEP26,72000,,C,BTC-25SEP26-72000-C
0.861,0.8775,21.9,0.86783596,1780406844114,0.0,45.7,69629.98,BTC-25SEP26,68983.51,0.86925,68997.04,25SEP26,130000,,P,BTC-25SEP26-130000-P
0.0895,0.0905,1493.4,0.09021083,1780406844114,80.0,39.1,69630.82,BTC-25SEP26,68983.51,0.09,68997.04,25SEP26,70000,,P,BTC-25SEP26-70000-P
0.066,0.1305,0.0,0.0946472,1780406844114,0.0,51.28,68983.51,index_price,68983.51,0.09825,68997.04,4JUN26,75500,,P,BTC-4JUN26-75500-P
0.1585,0.1615,97.7,0.15983701,1780406844114,0.1,67.16,68984.49,BTC-5JUN26,68983.51,0.16,68997.04,5JUN26,80000,,P,BTC-5JUN26-80000-P
0.006,0.007,1771.5,0.00657028,1780406844114,0.0,44.13,70887.17,BTC-26MAR27,68983.51,0.0065,68997.04,26MAR27,150000,,C,BTC-26MAR27-150000-C
0.0205,0.0215,2160.1,0.02108469,1780406844114,2.5,53.23,70230.95,BTC-25DEC26,68983.51,0.021,68997.04,25DEC26,45000,,P,BTC-25DEC26-45000-P
,0.0001,2507.2,4.495e-05,1780406844114,1.0,63.2,69110.06,BTC-26JUN26,68983.51,,68997.04,26JUN26,115000,,C,BTC-26JUN26-115000-C
0.008,0.009,2.4,0.0085134,1780406844114,2.4,42.74,68983.51,index_price,68983.51,0.0085,68997.04,4JUN26,69500,,C,BTC-4JUN26-69500-C
0.0001,0.0003,137.1,0.00018382,1780406844114,2.4,48.31,69028.42,BTC-12JUN26,68983.51,0.0002,68997.04,12JUN26,84000,,C,BTC-12JUN26-84000-C
0.0315,0.0325,2085.0,0.03218933,1780406844114,379.9,39.32,69110.06,BTC-26JUN26,68983.51,0.032,68997.04,26JUN26,68000,,P,BTC-26JUN26-68000-P
0.0011,0.0015,54.6,0.00139883,1780406844114,64.1,40.61,68983.51,index_price,68983.51,0.0013,68997.04,4JUN26,71500,,C,BTC-4JUN26-71500-C
3.4745,3.7995,0.0,3.63044693,1780406844114,0.0,99.84,69110.06,BTC-26JUN26,68983.51,3.637,68997.04,26JUN26,320000,,P,BTC-26JUN26-320000-P
,0.0002,278.7,3.406e-05,1780406844114,1.0,58.65,69630.82,BTC-25SEP26,68983.51,,68997.04,25SEP26,220000,,C,BTC-25SEP26-220000-C
0.0325,0.034,19.1,0.03327795,1780406844114,0.0,41.78,70887.17,BTC-26MAR27,68983.51,0.03325,68997.04,26MAR27,106000,,C,BTC-26MAR27-106000-C
0.022,0.025,47.2,0.02332429,1780406844114,52.7,42.33,68983.51,index_price,68983.51,0.0235,68997.04,3JUN26,70500,,P,BTC-3JUN26-70500-P
0.0225,0.0235,116.4,0.02309011,1780406844114,102.3,36.5,69442.63,BTC-28AUG26,68983.51,0.023,68997.04,28AUG26,80000,,C,BTC-28AUG26-80000-C
0.005,0.0055,4075.4,0.00528488,1780406844114,17.9,38.95,69629.98,BTC-25SEP26,68983.51,0.00525,68997.04,25SEP26,100000,,C,BTC-25SEP26-100000-C
0.046,0.048,28.4,0.04700179,1780406844114,0.1,41.66,70887.17,BTC-26MAR27,68983.51,0.047,68997.04,26MAR27,98000,,C,BTC-26MAR27-98000-C
0.088,0.0965,0.0,0.09231177,1780406844114,0.0,49.38,69027.58,BTC-12JUN26,68983.51,0.09225,68997.04,12JUN26,63000,,C,BTC-12JUN26-63000-C
,0.0001,8.0,1.4e-07,1780406844114,0.0,59.32,68983.51,index_price,68983.51,,68997.04,4JUN26,82000,,C,BTC-4JUN26-82000-C
0.0022,0.0025,287.5,0.00229589,1780406844114,11.7,38.46,69268.62,BTC-31JUL26,68983.51,0.00235,68997.04,31JUL26,92000,,C,BTC-31JUL26-92000-C
,0.0001,22.8,5.1e-07,1780406844114,3.3,59.32,68983.51,index_price,68983.51,,68997.04,3JUN26,76500,,C,BTC-3JUN26-76500-C
0.036,0.0375,3456.4,0.03661754,1780406844114,52.5,43.04,69630.82,BTC-25SEP26,68983.51,0.03675,68997.04,25SEP26,60000,,P,BTC-25SEP26-60000-P
,0.0002,1166.5,2.982e-05,1780406844114,31.3,67.38,68984.49,BTC-5JUN26,68983.51,,68997.04,5JUN26,82000,,C,BTC-5JUN26-82000-C
0.139,0.1415,380.2,0.14019155,1780406844114,7.7,42.12,70231.79,BTC-25DEC26,68983.51,0.14025,68997.04,25DEC26,72000,,P,BTC-25DEC26-72000-P
0.2765,0.2795,1.0,0.27835831,1780406844114,0.0,47.36,70887.17,BTC-26MAR27,68983.51,0.278,68997.04,26MAR27,56000,,C,BTC-26MAR27-56000-C
0.001,0.0011,1118.9,0.00102121,1780406844114,204.6,38.92,69110.06,BTC-26JUN26,68983.51,0.00105,68997.04,26JUN26,84000,,C,BTC-26JUN26-84000-C
0.019,0.02,582.8,0.01957195,1780406844114,764.3,40.68,69027.58,BTC-12JUN26,68983.51,0.0195,68997.04,12JUN26,68000,,P,BTC-12JUN26-68000-P
0.0815,0.086,1465.2,0.0833935,1780406844114,37.7,36.03,69110.06,BTC-26JUN26,68983.51,0.08375,68997.04,26JUN26,74000,,P,BTC-26JUN26-74000-P
0.034,0.035,26.3,0.03431625,1780406844114,0.6,41.51,69442.63,BTC-28AUG26,68983.51,0.0345,68997.04,28AUG26,62000,,P,BTC-28AUG26-62000-P
0.204,0.21,31.4,0.20628531,1780406844114,0.0,36.12,69268.62,BTC-31JUL26,68983.51,0.207,68997.04,31JUL26,83000,,P,BTC-31JUL26-83000-P
4.034,4.3995,0.3,4.20925279,1780406844114,0.0,102.24,69110.06,BTC-26JUN26,68983.51,4.21675,68997.04,26JUN26,360000,,P,BTC-26JUN26-360000-P
0.0037,0.004,4.1,0.00381975,1780406844114,4.2,54.26,68983.51,index_price,68983.51,0.00385,68997.04,6JUN26,65000,,P,BTC-6JUN26-65000-P
,0.0001,1222.2,4.97e-06,1780406844114,0.0,85.89,69109.29,BTC-26JUN26,68983.51,,68997.04,26JUN26,160000,,C,BTC-26JUN26-160000-C
0.0205,0.021,2359.4,0.02079792,1780406844114,352.7,36.69,69110.06,BTC-26JUN26,68983.51,0.02075,68997.04,26JUN26,72000,,C,BTC-26JUN26-72000-C
0.2505,0.2525,39.7,0.25141917,1780406844114,0.0,46.8,70230.95,BTC-25DEC26,68983.51,0.2515,68997.04,25DEC26,56000,,C,BTC-25DEC26-56000-C
0.203,0.207,0.0,0.20521459,1780406844114,0.0,60.12,69047.83,BTC-19JUN26,68983.51,0.205,68997.04,19JUN26,55000,,C,BTC-19JUN26-55000-C
0.087,0.0905,30.2,0.08924048,1780406844114,0.0,43.32,69110.06,BTC-26JUN26,68983.51,0.08875,68997.04,26JUN26,64000,,C,BTC-26JUN26-64000-C
0.2905,0.2975,2.3,0.29367566,1780406844114,0.0,42.01,70887.17,BTC-26MAR27,68983.51,0.294,68997.04,26MAR27,86000,,P,BTC-26MAR27-86000-P
0.022,0.023,864.8,0.02250877,1780406844114,3.8,55.01,70887.17,BTC-26MAR27,68983.51,0.0225,68997.04,26MAR27,40000,,P,BTC-26MAR27-40000-P
,0.0001,813.7,0.0,1780406844114,0.0,89.15,69110.06,BTC-26JUN26,68983.51,,68997.04,26JUN26,230000,,C,BTC-26JUN26-230000-C
0.018,0.019,268.3,0.01855964,1780406844114,0.0,42.18,70887.17,BTC-26MAR27,68983.51,0.0185,68997.04,26MAR27,120000,,C,BTC-26MAR27-120000-C
0.1305,0.135,272.5,0.13218271,1780406844114,0.7,36.01,69268.62,BTC-31JUL26,68983.51,0.13275,68997.04,31JUL26,77000,,P,BTC-31JUL26-77000-P
1.9365,2.1495,0.0,2.03873081,1780406844114,0.0,86.33,69110.06,BTC-26JUN26,68983.51,2.043,68997.04,26JUN26,210000,,P,BTC-26JUN26-210000-P
,0.0001,57.2,3e-07,1780406844114,0.0,60.97,68983.51,index_price,68983.51,,68997.04,3JUN26,77000,,C,BTC-3JUN26-77000-C
0.0225,0.0235,2987.1,0.02298835,1780406844114,546.1,41.18,68984.49,BTC-5JUN26,68983.51,0.023,68997.04,5JUN26,70000,,P,BTC-5JUN26-70000-P
,0.0002,824.3,0.00016701,1780406844114,1.5,58.55,69630.82,BTC-25SEP26,68983.51,,68997.04,25SEP26,190000,,C,BTC-25SEP26-190000-C
0.1285,0.1375,0.0,0.13074707,1780406844114,0.0,60.97,68983.51,index_price,68983.51,0.133,68997.04,3JUN26,78000,,P,BTC-3JUN26-78000-P
0.0155,0.0165,13.2,0.01610571,1780406844114,13.9,42.74,68983.51,index_price,68983.51,0.016,68997.04,4JUN26,69500,,P,BTC-4JUN26-69500-P
1.3775,1.55,1.9,1.45992644,1780406844114,0.0,85.89,69110.06,BTC-26JUN26,68983.51,1.46375,68997.04,26JUN26,170000,,P,BTC-26JUN26-170000-P
0.0675,0.0695,62.2,0.06835013,1780406844114,0.0,47.36,70887.17,BTC-26MAR27,68983.51,0.0685,68997.04,26MAR27,56000,,P,BTC-26MAR27-56000-P
0.272,0.283,0.0,0.27569561,1780406844114,0.0,72.07,68984.49,BTC-5JUN26,68983.51,0.2775,68997.04,5JUN26,88000,,P,BTC-5JUN26-88000-P
0.133,0.135,52.9,0.13438144,1780406844114,0.0,41.16,69629.98,BTC-25SEP26,68983.51,0.134,68997.04,25SEP26,64000,,C,BTC-25SEP26-64000-C
0.0014,0.0017,29.5,0.00152301,1780406844114,36.8,60.99,68983.51,index_price,68983.51,0.00155,68997.04,4JUN26,65000,,P,BTC-4JUN26-65000-P
0.3555,0.3665,1.3,0.35882872,1780406844114,0.0,39.12,69268.62,BTC-31JUL26,68983.51,0.361,68997.04,31JUL26,94000,,P,BTC-31JUL26-94000-P
0.0001,0.0002,62.4,0.00014919,1780406844114,14.3,49.06,68983.51,index_price,68983.51,0.00015,68997.04,4JUN26,74500,,C,BTC-4JUN26-74500-C
0.0255,0.0265,17.4,0.02625896,1780406844114,16.4,37.99,69047.83,BTC-19JUN26,68983.51,0.026,68997.04,19JUN26,70000,,C,BTC-19JUN26-70000-C
0.0255,0.026,10.5,0.02589758,1780406844114,10.5,39.37,69028.42,BTC-12JUN26,68983.51,0.02575,68997.04,12JUN26,69000,,C,BTC-12JUN26-69000-C
0.081,0.0875,0.0,0.08395609,1780406844114,0.0,44.1,69047.83,BTC-19JUN26,68983.51,0.08425,68997.04,19JUN26,64000,,C,BTC-19JUN26-64000-C
0.0041,0.0044,15.4,0.00423284,1780406844114,15.2,51.78,68983.51,index_price,68983.51,0.00425,68997.04,4JUN26,67000,,P,BTC-4JUN26-67000-P
0.2165,0.2195,13.8,0.21771602,1780406844114,0.0,67.87,68984.49,BTC-5JUN26,68983.51,0.218,68997.04,5JUN26,84000,,P,BTC-5JUN26-84000-P
2.0535,2.2755,1.8,2.1595527,1780406844114,0.0,58.65,69630.82,BTC-25SEP26,68983.51,2.1645,68997.04,25SEP26,220000,,P,BTC-25SEP26-220000-P
0.0025,0.0028,35.3,0.00276022,1780406844114,52.7,39.8,68984.7,BTC-5JUN26,68983.51,0.00265,68997.04,5JUN26,71500,,C,BTC-5JUN26-71500-C
0.317,0.3205,59.9,0.31906457,1780406844114,0.0,49.89,70230.95,BTC-25DEC26,68983.51,0.31875,68997.04,25DEC26,50000,,C,BTC-25DEC26-50000-C
0.0005,0.0006,370.1,0.00053092,1780406844114,69.8,40.33,69028.42,BTC-12JUN26,68983.51,0.00055,68997.04,12JUN26,79000,,C,BTC-12JUN26-79000-C
,0.0002,551.2,5.932e-05,1780406844114,7.9,67.28,68984.49,BTC-5JUN26,68983.51,,68997.04,5JUN26,81000,,C,BTC-5JUN26-81000-C
0.011,0.0115,409.8,0.01133872,1780406844114,160.1,47.46,69268.62,BTC-31JUL26,68983.51,0.01125,68997.04,31JUL26,56000,,P,BTC-31JUL26-56000-P
0.0037,0.0041,393.8,0.00387851,1780406844114,28.9,37.21,69268.62,BTC-31JUL26,68983.51,0.0039,68997.04,31JUL26,88000,,C,BTC-31JUL26-88000-C
0.005,0.0055,2380.1,0.00542509,1780406844114,44.5,60.43,69629.98,BTC-25SEP26,68983.51,0.00525,68997.04,25SEP26,40000,,P,BTC-25SEP26-40000-P
2.8855,3.168,0.0,3.02121228,1780406844114,0.0,63.11,69629.98,BTC-25SEP26,68983.51,3.02675,68997.04,25SEP26,280000,,P,BTC-25SEP26-280000-P
0.1145,0.12,130.6,0.11658685,1780406844114,2.0,38.42,69028.42,BTC-12JUN26,68983.51,0.11725,68997.04,12JUN26,77000,,P,BTC-12JUN26-77000-P
0.0007,0.0009,662.9,0.00082919,1780406844114,598.5,40.43,68984.49,BTC-5JUN26,68983.51,0.0008,68997.04,5JUN26,73000,,C,BTC-5JUN26-73000-C
1.0275,1.175,4.6,1.09818013,1780406844114,0.0,79.3,69110.06,BTC-26JUN26,68983.51,1.10125,68997.04,26JUN26,145000,,P,BTC-26JUN26-145000-P
0.038,0.0415,29.2,0.03924194,1780406844114,30.2,39.8,68984.7,BTC-5JUN26,68983.51,0.03975,68997.04,5JUN26,71500,,P,BTC-5JUN26-71500-P
0.092,0.1285,0.0,0.09450654,1780406844114,0.0,55.61,68983.51,index_price,68983.51,0.11025,68997.04,3JUN26,75500,,P,BTC-3JUN26-75500-P
0.028,0.0285,80.2,0.02806524,1780406844114,80.3,41.49,69268.62,BTC-31JUL26,68983.51,0.02825,68997.04,31JUL26,63000,,P,BTC-31JUL26-63000-P
0.5825,0.597,1.1,0.58858853,1780406844114,0.0,47.17,69268.62,BTC-31JUL26,68983.51,0.58975,68997.04,31JUL26,110000,,P,BTC-31JUL26-110000-P
0.0008,0.0009,274.0,0.00090305,1780406844114,12.1,43.0,69268.62,BTC-31JUL26,68983.51,0.00085,68997.04,31JUL26,102000,,C,BTC-31JUL26-102000-C
0.0013,0.0016,279.4,0.00145433,1780406844114,65.7,39.96,69268.62,BTC-31JUL26,68983.51,0.00145,68997.04,31JUL26,96000,,C,BTC-31JUL26-96000-C
0.214,0.224,0.0,0.21707338,1780406844114,0.0,48.31,69027.58,BTC-12JUN26,68983.51,0.219,68997.04,12JUN26,84000,,P,BTC-12JUN26-84000-P
0.2505,0.2565,3.7,0.25288899,1780406844114,0.1,42.25,70887.17,BTC-26MAR27,68983.51,0.2535,68997.04,26MAR27,82000,,P,BTC-26MAR27-82000-P
0.173,0.1755,12.7,0.17451249,1780406844114,0.0,43.96,70230.95,BTC-25DEC26,68983.51,0.17425,68997.04,25DEC26,64000,,C,BTC-25DEC26-64000-C
0.3905,0.399,0.4,0.39404141,1780406844114,0.0,41.74,70888.01,BTC-26MAR27,68983.51,0.39475,68997.04,26MAR27,95000,,P,BTC-26MAR27-95000-P
0.012,0.013,132.9,0.01247851,1780406844114,137.9,44.34,68983.51,index_price,68983.51,0.0125,68997.04,3JUN26,69500,,P,BTC-3JUN26-69500-P
0.0004,0.0008,130.6,0.00056695,1780406844114,0.8,47.17,69269.46,BTC-31JUL26,68983.51,0.0006,68997.04,31JUL26,110000,,C,BTC-31JUL26-110000-C
0.028,0.0295,1331.3,0.0290368,1780406844114,0.5,40.22,70230.95,BTC-25DEC26,68983.51,0.02875,68997.04,25DEC26,95000,,C,BTC-25DEC26-95000-C
0.726,0.742,0.0,0.73275094,1780406844114,0.0,52.06,69268.62,BTC-31JUL26,68983.51,0.734,68997.04,31JUL26,120000,,P,BTC-31JUL26-120000-P
0.0075,0.0085,2172.9,0.00804285,1780406844114,122.1,38.06,69629.98,BTC-25SEP26,68983.51,0.008,68997.04,25SEP26,95000,,C,BTC-25SEP26-95000-C
0.4995,0.5015,15.1,0.50077626,1780406844114,0.0,66.85,69629.98,BTC-25SEP26,68983.51,0.5005,68997.04,25SEP26,35000,,C,BTC-25SEP26-35000-C
,0.0001,556.1,0.0,1780406844114,0.0,89.88,69110.06,BTC-26JUN26,68983.51,,68997.04,26JUN26,240000,,C,BTC-26JUN26-240000-C
2.303,2.5465,0.0,2.41776411,1780406844114,0.0,57.47,70230.95,BTC-25DEC26,68983.51,2.42475,68997.04,25DEC26,240000,,P,BTC-25DEC26-240000-P
0.247,0.255,0.0,0.24960931,1780406844115,0.0,36.58,69442.63,BTC-28AUG26,68983.51,0.251,68997.04,28AUG26,86000,,P,BTC-28AUG26-86000-P
0.273,0.277,23.4,0.27507386,1780406844115,0.0,40.49,70230.95,BTC-25DEC26,68983.51,0.275,68997.04,25DEC26,86000,,P,BTC-25DEC26-86000-P
0.0255,0.0265,6.2,0.02588868,1780406844115,0.2,36.47,69441.79,BTC-28AUG26,68983.51,0.026,68997.04,28AUG26,79000,,C,BTC-28AUG26-79000-C
,0.0002,1130.0,9.686e-05,1780406844115,0.4,58.55,69629.98,BTC-25SEP26,68983.51,,68997.04,25SEP26,200000,,C,BTC-25SEP26-200000-C
0.1505,0.155,3.6,0.15244932,1780406844115,0.0,36.55,69442.63,BTC-28AUG26,68983.51,0.15275,68997.04,28AUG26,78000,,P,BTC-28AUG26-78000-P
0.0685,0.077,0.0,0.07308321,1780406844115,0.0,65.64,68983.51,index_price,68983.51,0.07275,68997.04,4JUN26,64000,,C,BTC-4JUN26-64000-C
0.008,0.0085,69.6,0.00823117,1780406844115,110.4,41.18,68984.7,BTC-5JUN26,68983.51,0.00825,68997.04,5JUN26,70000,,C,BTC-5JUN26-70000-C
1.0475,1.214,1.6,1.12261979,1780406844115,1.6,44.13,70888.01,BTC-26MAR27,68983.51,1.13075,68997.04,26MAR27,150000,,P,BTC-26MAR27-150000-P
0.008,0.009,1648.7,0.00844433,1780406844115,306.0,54.59,69629.98,BTC-25SEP26,68983.51,0.0085,68997.04,25SEP26,45000,,P,BTC-25SEP26-45000-P
,0.0001,0.0,0.0,1780406844115,0.0,60.97,68983.51,index_price,68983.51,,68997.04,3JUN26,82000,,C,BTC-3JUN26-82000-C
0.027,0.0285,86.4,0.02791717,1780406844115,3.5,41.8,70887.17,BTC-26MAR27,68983.51,0.02775,68997.04,26MAR27,110000,,C,BTC-26MAR27-110000-C
0.0004,0.0008,477.8,0.00058242,1780406844115,0.0,50.23,69630.82,BTC-25SEP26,68983.51,0.0006,68997.04,25SEP26,145000,,C,BTC-25SEP26-145000-C
0.0145,0.0155,111.3,0.01510799,1780406844115,72.7,42.31,70887.17,BTC-26MAR27,68983.51,0.015,68997.04,26MAR27,125000,,C,BTC-26MAR27-125000-C
0.094,0.098,0.0,0.0962506,1780406844115,0.0,45.5,69046.99,BTC-19JUN26,68983.51,0.096,68997.04,19JUN26,63000,,C,BTC-19JUN26-63000-C
1.065,1.225,2.1,1.13845504,1780406844115,0.0,46.53,70231.79,BTC-25DEC26,68983.51,1.145,68997.04,25DEC26,150000,,P,BTC-25DEC26-150000-P
0.0002,0.0007,828.8,0.00038572,1780406844115,0.2,53.65,69629.98,BTC-25SEP26,68983.51,0.00045,68997.04,25SEP26,160000,,C,BTC-25SEP26-160000-C
0.041,0.046,0.0,0.04421971,1780406844115,0.0,66.65,68983.51,index_price,68983.51,0.0435,68997.04,3JUN26,66000,,C,BTC-3JUN26-66000-C
0.0013,0.0015,13.5,0.00133187,1780406844115,13.7,64.34,68983.51,index_price,68983.51,0.0014,68997.04,6JUN26,62000,,P,BTC-6JUN26-62000-P
0.1855,0.1915,207.3,0.18802641,1780406844115,0.2,37.23,69110.06,BTC-26JUN26,68983.51,0.1885,68997.04,26JUN26,82000,,P,BTC-26JUN26-82000-P
0.0235,0.025,186.4,0.02420349,1780406844115,0.0,40.25,70231.79,BTC-25DEC26,68983.51,0.02425,68997.04,25DEC26,98000,,C,BTC-25DEC26-98000-C
0.341,0.352,0.0,0.34462306,1780406844115,0.0,38.78,69268.62,BTC-31JUL26,68983.51,0.3465,68997.04,31JUL26,93000,,P,BTC-31JUL26-93000-P
0.056,0.118,0.0,0.08760795,1780406844115,0.0,43.23,68983.51,index_price,68983.51,0.087,68997.04,6JUN26,75000,,P,BTC-6JUN26-75000-P
0.547,0.558,0.0,0.55131298,1780406844115,0.0,40.71,70231.79,BTC-25DEC26,68983.51,0.5525,68997.04,25DEC26,108000,,P,BTC-25DEC26-108000-P
0.016,0.017,0.0,0.0165222,1780406844115,0.0,46.1,68983.51,index_price,68983.51,0.0165,68997.04,4JUN26,68500,,C,BTC-4JUN26-68500-C
0.0175,0.0195,0.0,0.01861032,1780406844115,0.0,54.43,68983.51,index_price,68983.51,0.0185,68997.04,3JUN26,68000,,C,BTC-3JUN26-68000-C
0.355,0.365,0.0,0.35838689,1780406844115,0.0,38.16,69441.79,BTC-28AUG26,68983.51,0.36,68997.04,28AUG26,94000,,P,BTC-28AUG26-94000-P
0.018,0.019,621.7,0.01865431,1780406844115,24.0,37.1,69630.82,BTC-25SEP26,68983.51,0.0185,68997.04,25SEP26,86000,,C,BTC-25SEP26-86000-C
0.009,0.01,2593.1,0.00950749,1780406844115,23.2,41.44,70230.95,BTC-25DEC26,68983.51,0.0095,68997.04,25DEC26,115000,,C,BTC-25DEC26-115000-C
0.0315,0.0325,525.8,0.03189266,1780406844115,21.1,40.8,69268.62,BTC-31JUL26,68983.51,0.032,68997.04,31JUL26,64000,,P,BTC-31JUL26-64000-P
0.0018,0.0022,95.3,0.002023,1780406844115,8.0,38.78,69268.62,BTC-31JUL26,68983.51,0.002,68997.04,31JUL26,93000,,C,BTC-31JUL26-93000-C
0.9775,1.0725,0.0,0.98402669,1780406844115,0.0,43.44,70887.17,BTC-26MAR27,68983.51,1.025,68997.04,26MAR27,140000,,P,BTC-26MAR27-140000-P
0.0315,0.039,0.0,0.03484334,1780406844115,0.0,39.64,68983.51,index_price,68983.51,0.03525,68997.04,6JUN26,71000,,P,BTC-6JUN26-71000-P
0.085,0.0925,0.0,0.08871842,1780406844115,0.0,61.02,68983.51,index_price,68983.51,0.08875,68997.04,6JUN26,63000,,C,BTC-6JUN26-63000-C
0.21,0.2145,933.3,0.21252486,1780406844115,0.9,41.25,70230.95,BTC-25DEC26,68983.51,0.21225,68997.04,25DEC26,80000,,P,BTC-25DEC26-80000-P
0.0245,0.0255,135.6,0.02482681,1780406844115,1.3,45.47,69629.98,BTC-25SEP26,68983.51,0.025,68997.04,25SEP26,56000,,P,BTC-25SEP26-56000-P
0.1485,0.152,83.2,0.14953879,1780406844115,15.5,43.84,70888.01,BTC-26MAR27,68983.51,0.15025,68997.04,26MAR27,70000,,P,BTC-26MAR27-70000-P
0.0645,0.0675,26.1,0.06584615,1780406844115,1.1,45.17,68983.51,index_price,68983.51,0.066,68997.04,4JUN26,73500,,P,BTC-4JUN26-73500-P
0.244,0.251,15.2,0.24680454,1780406844115,0.0,36.89,69268.62,BTC-31JUL26,68983.51,0.2475,68997.04,31JUL26,86000,,P,BTC-31JUL26-86000-P
0.0011,0.0013,57.7,0.00130293,1780406844115,61.6,42.33,68983.51,index_price,68983.51,0.0012,68997.04,3JUN26,70500,,C,BTC-3JUN26-70500-C
0.2055,0.208,0.5,0.20681231,1780406844115,0.2,45.16,70887.17,BTC-26MAR27,68983.51,0.20675,68997.04,26MAR27,64000,,C,BTC-26MAR27-64000-C
0.2305,0.234,157.8,0.2323835,1780406844115,0.0,40.91,70231.79,BTC-25DEC26,68983.51,0.23225,68997.04,25DEC26,82000,,P,BTC-25DEC26-82000-P
0.0285,0.0295,16.4,0.02917484,1780406844115,1.5,36.55,69442.63,BTC-28AUG26,68983.51,0.029,68997.04,28AUG26,78000,,C,BTC-28AUG26-78000-C
0.0004,0.0006,722.9,0.00044039,1780406844115,31.9,42.69,68984.49,BTC-5JUN26,68983.51,0.0005,68997.04,5JUN26,74000,,C,BTC-5JUN26-74000-C
0.007,0.008,5074.2,0.00747419,1780406844115,1492.0,48.91,69110.06,BTC-26JUN26,68983.51,0.0075,68997.04,26JUN26,60000,,P,BTC-26JUN26-60000-P
0.3175,0.3255,596.1,0.32081204,1780406844115,0.0,40.23,70231.79,BTC-25DEC26,68983.51,0.3215,68997.04,25DEC26,90000,,P,BTC-25DEC26-90000-P
0.0015,0.0018,44.9,0.00162074,1780406844115,0.0,39.57,69268.62,BTC-31JUL26,68983.51,0.00165,68997.04,31JUL26,95000,,C,BTC-31JUL26-95000-C
0.0055,0.006,20.4,0.00576279,1780406844115,0.2,37.7,69442.63,BTC-28AUG26,68983.51,0.00575,68997.04,28AUG26,92000,,C,BTC-28AUG26-92000-C
0.3385,0.342,11.8,0.34062373,1780406844115,0.0,49.56,70887.17,BTC-26MAR27,68983.51,0.34025,68997.04,26MAR27,50000,,C,BTC-26MAR27-50000-C
0.13,0.1345,0.0,0.13196417,1780406844115,0.0,37.03,69047.83,BTC-19JUN26,68983.51,0.13225,68997.04,19JUN26,78000,,P,BTC-19JUN26-78000-P
0.1415,0.1475,491.3,0.14363697,1780406844115,1.2,35.9,69268.62,BTC-31JUL26,68983.51,0.1445,68997.04,31JUL26,78000,,P,BTC-31JUL26-78000-P
0.162,0.1685,0.0,0.16356411,1780406844115,0.0,36.47,69442.63,BTC-28AUG26,68983.51,0.16525,68997.04,28AUG26,79000,,P,BTC-28AUG26-79000-P
1.4775,1.664,0.0,1.56418424,1780406844115,0.0,50.38,70231.79,BTC-25DEC26,68983.51,1.57075,68997.04,25DEC26,180000,,P,BTC-25DEC26-180000-P
0.2735,0.2805,0.0,0.27634334,1780406844115,0.0,37.1,69442.63,BTC-28AUG26,68983.51,0.277,68997.04,28AUG26,88000,,P,BTC-28AUG26-88000-P
,0.0001,1180.5,4.6e-07,1780406844115,0.0,85.89,69110.06,BTC-26JUN26,68983.51,,68997.04,26JUN26,180000,,C,BTC-26JUN26-180000-C
0.372,0.38,982.9,0.37491208,1780406844115,25.4,48.85,69110.06,BTC-26JUN26,68983.51,0.376,68997.04,26JUN26,95000,,P,BTC-26JUN26-95000-P
0.4115,0.424,0.1,0.41596751,1780406844115,0.0,40.77,69268.62,BTC-31JUL26,68983.51,0.41775,68997.04,31JUL26,98000,,P,BTC-31JUL26-98000-P
0.383,0.393,0.0,0.38637402,1780406844115,0.0,38.7,69442.63,BTC-28AUG26,68983.51,0.388,68997.04,28AUG26,96000,,P,BTC-28AUG26-96000-P
0.0105,0.0115,104.3,0.01112719,1780406844115,57.3,36.58,69442.63,BTC-28AUG26,68983.51,0.011,68997.04,28AUG26,86000,,C,BTC-28AUG26-86000-C
0.0095,0.01,2110.5,0.00966228,1780406844115,0.1,62.2,70230.95,BTC-25DEC26,68983.51,0.00975,68997.04,25DEC26,35000,,P,BTC-25DEC26-35000-P
0.109,0.113,215.6,0.11052428,1780406844115,5.1,36.25,69268.62,BTC-31JUL26,68983.51,0.111,68997.04,31JUL26,75000,,P,BTC-31JUL26-75000-P
0.021,0.022,32.5,0.02138268,1780406844115,34.6,40.57,69047.83,BTC-19JUN26,68983.51,0.0215,68997.04,19JUN26,67000,,P,BTC-19JUN26-67000-P
0.031,0.0325,0.0,0.03149195,1780406844115,0.0,46.71,68983.51,index_price,68983.51,0.03175,68997.04,6JUN26,67500,,C,BTC-6JUN26-67500-C
0.1565,0.1635,5.7,0.15935018,1780406844115,0.0,41.82,69028.42,BTC-12JUN26,68983.51,0.16,68997.04,12JUN26,80000,,P,BTC-12JUN26-80000-P
1.0825,1.2365,0.7,1.15470116,1780406844115,0.0,51.2,69629.98,BTC-25SEP26,68983.51,1.1595,68997.04,25SEP26,150000,,P,BTC-25SEP26-150000-P
0.0455,0.047,1918.9,0.04597357,1780406844115,8.3,49.56,70887.17,BTC-26MAR27,68983.51,0.04625,68997.04,26MAR27,50000,,P,BTC-26MAR27-50000-P
0.0865,0.0895,370.7,0.08752031,1780406844115,1.2,46.56,68984.7,BTC-5JUN26,68983.51,0.088,68997.04,5JUN26,75000,,P,BTC-5JUN26-75000-P
0.0025,0.003,173.0,0.00269285,1780406844115,0.4,47.95,70887.17,BTC-26MAR27,68983.51,0.00275,68997.04,26MAR27,190000,,C,BTC-26MAR27-190000-C
0.0032,0.0034,1800.7,0.00328539,1780406844115,284.8,57.2,69110.06,BTC-26JUN26,68983.51,0.0033,68997.04,26JUN26,55000,,P,BTC-26JUN26-55000-P
0.1195,0.1235,480.9,0.12114403,1780406844115,0.2,36.13,69269.46,BTC-31JUL26,68983.51,0.1215,68997.04,31JUL26,76000,,P,BTC-31JUL26-76000-P
0.0115,0.013,2880.7,0.01226564,1780406844115,3.2,40.95,70230.95,BTC-25DEC26,68983.51,0.01225,68997.04,25DEC26,110000,,C,BTC-25DEC26-110000-C
0.0007,0.0008,354.4,0.00080081,1780406844115,0.0,44.11,69268.62,BTC-31JUL26,68983.51,0.00075,68997.04,31JUL26,104000,,C,BTC-31JUL26-104000-C
0.2285,0.2385,0.0,0.23147539,1780406844115,0.0,42.68,69047.83,BTC-19JUN26,68983.51,0.2335,68997.04,19JUN26,85000,,P,BTC-19JUN26-85000-P
0.2765,0.285,4.7,0.27927233,1780406844115,0.0,37.3,69630.82,BTC-25SEP26,68983.51,0.28075,68997.04,25SEP26,88000,,P,BTC-25SEP26-88000-P
2.356,2.5995,0.1,2.4728352,1780406844115,0.0,89.88,69110.06,BTC-26JUN26,68983.51,2.47775,68997.04,26JUN26,240000,,P,BTC-26JUN26-240000-P
0.1335,0.1375,0.0,0.13558642,1780406844115,0.0,50.39,69047.83,BTC-19JUN26,68983.51,0.1355,68997.04,19JUN26,60000,,C,BTC-19JUN26-60000-C
0.1415,0.186,0.0,0.1452438,1780406844115,0.0,60.97,68983.51,index_price,68983.51,0.16375,68997.04,3JUN26,79000,,P,BTC-3JUN26-79000-P
0.1955,0.2005,14.3,0.19761315,1780406844115,0.0,42.93,70887.17,BTC-26MAR27,68983.51,0.198,68997.04,26MAR27,76000,,P,BTC-26MAR27-76000-P
0.0495,0.05,852.7,0.04953077,1780406844115,33.2,37.62,69630.82,BTC-25SEP26,68983.51,0.04975,68997.04,25SEP26,76000,,C,BTC-25SEP26-76000-C
0.1575,0.1625,0.0,0.1599365,1780406844115,0.0,38.29,69047.83,BTC-19JUN26,68983.51,0.16,68997.04,19JUN26,80000,,P,BTC-19JUN26-80000-P
0.0475,0.0485,1108.2,0.04821936,1780406844115,14.5,39.32,69110.06,BTC-26JUN26,68983.51,0.048,68997.04,26JUN26,68000,,C,BTC-26JUN26-68000-C
0.009,0.01,18.5,0.00961678,1780406844115,18.7,46.1,68983.51,index_price,68983.51,0.0095,68997.04,4JUN26,68500,,P,BTC-4JUN26-68500-P
0.0023,0.0025,1616.5,0.00241597,1780406844115,52.3,40.74,69629.98,BTC-25SEP26,68983.51,0.0024,68997.04,25SEP26,110000,,C,BTC-25SEP26-110000-C
0.064,0.0655,189.5,0.06482056,1780406844115,1.5,40.91,70231.79,BTC-25DEC26,68983.51,0.06475,68997.04,25DEC26,82000,,C,BTC-25DEC26-82000-C
0.0001,0.0002,1532.8,0.00015301,1780406844115,0.1,59.05,69109.29,BTC-26JUN26,68983.51,0.00015,68997.04,26JUN26,105000,,C,BTC-26JUN26-105000-C
,0.0002,34.0,1.482e-05,1780406844115,0.3,52.63,68983.51,index_price,68983.51,,68997.04,4JUN26,77000,,C,BTC-4JUN26-77000-C
0.057,0.06,702.0,0.05793271,1780406844115,77.7,36.77,69047.83,BTC-19JUN26,68983.51,0.0585,68997.04,19JUN26,72000,,P,BTC-19JUN26-72000-P
0.022,0.0225,2616.6,0.02234664,1780406844115,10.9,46.03,69629.98,BTC-25SEP26,68983.51,0.02225,68997.04,25SEP26,55000,,P,BTC-25SEP26-55000-P
0.018,0.019,2888.5,0.01846747,1780406844115,563.5,42.15,69110.06,BTC-26JUN26,68983.51,0.0185,68997.04,26JUN26,65000,,P,BTC-26JUN26-65000-P
0.85,0.864,52.1,0.85607969,1780406844115,0.0,43.52,70230.95,BTC-25DEC26,68983.51,0.857,68997.04,25DEC26,130000,,P,BTC-25DEC26-130000-P
0.0145,0.016,192.0,0.01521114,1780406844115,53.6,40.62,70231.79,BTC-25DEC26,68983.51,0.01525,68997.04,25DEC26,106000,,C,BTC-25DEC26-106000-C
0.578,0.5805,245.8,0.57885543,1780406844115,0.0,67.02,70230.95,BTC-25DEC26,68983.51,0.57925,68997.04,25DEC26,30000,,C,BTC-25DEC26-30000-C
0.0011,0.0015,919.4,0.0012412,1780406844115,5.2,50.38,70230.95,BTC-25DEC26,68983.51,0.0013,68997.04,25DEC26,180000,,C,BTC-25DEC26-180000-C
0.025,0.026,98.9,0.02548543,1780406844115,111.3,39.37,69028.42,BTC-12JUN26,68983.51,0.0255,68997.04,12JUN26,69000,,P,BTC-12JUN26-69000-P
0.052,0.053,304.7,0.05247534,1780406844115,13.0,38.62,69268.62,BTC-31JUL26,68983.51,0.0525,68997.04,31JUL26,68000,,P,BTC-31JUL26-68000-P
0.122,0.1235,107.7,0.12253975,1780406844115,2.3,38.06,69630.82,BTC-25SEP26,68983.51,0.12275,68997.04,25SEP26,74000,,P,BTC-25SEP26-74000-P
0.52,0.531,0.1,0.52449982,1780406844115,0.0,40.62,70231.79,BTC-25DEC26,68983.51,0.5255,68997.04,25DEC26,106000,,P,BTC-25DEC26-106000-P
0.2215,0.2295,0.0,0.22398309,1780406844115,0.0,36.57,69442.63,BTC-28AUG26,68983.51,0.2255,68997.04,28AUG26,84000,,P,BTC-28AUG26-84000-P
0.3125,0.319,0.2,0.31490556,1780406844115,0.0,41.88,70888.01,BTC-26MAR27,68983.51,0.31575,68997.04,26MAR27,88000,,P,BTC-26MAR27-88000-P
2.2165,2.4495,6.4,2.32813373,1780406844115,0.0,89.15,69110.06,BTC-26JUN26,68983.51,2.333,68997.04,26JUN26,230000,,P,BTC-26JUN26-230000-P
1.0975,1.25,2.3,1.17053123,1780406844115,0.0,82.82,69110.06,BTC-26JUN26,68983.51,1.17375,68997.04,26JUN26,150000,,P,BTC-26JUN26-150000-P
,0.0002,1313.6,9.439e-05,1780406844115,12.6,61.98,69109.29,BTC-26JUN26,68983.51,,68997.04,26JUN26,110000,,C,BTC-26JUN26-110000-C
0.111,0.115,12.3,0.11347271,1780406844115,0.5,45.93,69110.06,BTC-26JUN26,68983.51,0.113,68997.04,26JUN26,62000,,C,BTC-26JUN26-62000-C
0.0005,0.0007,18.2,0.00062118,1780406844115,17.3,41.8,68984.49,BTC-5JUN26,68983.51,0.0006,68997.04,5JUN26,73500,,C,BTC-5JUN26-73500-C
0.0032,0.0036,133.0,0.00338041,1780406844115,3.7,37.49,69269.46,BTC-31JUL26,68983.51,0.0034,68997.04,31JUL26,89000,,C,BTC-31JUL26-89000-C
,0.0001,651.0,8.86e-06,1780406844115,0.0,79.3,69110.06,BTC-26JUN26,68983.51,,68997.04,26JUN26,145000,,C,BTC-26JUN26-145000-C
,0.0001,198.4,0.0,1780406844115,0.0,91.06,69110.06,BTC-26JUN26,68983.51,,68997.04,26JUN26,260000,,C,BTC-26JUN26-260000-C
0.074,0.0755,664.5,0.07494188,1780406844115,41.9,44.55,70230.95,BTC-25DEC26,68983.51,0.07475,68997.04,25DEC26,62000,,P,BTC-25DEC26-62000-P
0.3605,0.3635,148.4,0.36217915,1780406844115,0.4,54.59,69629.98,BTC-25SEP26,68983.51,0.362,68997.04,25SEP26,45000,,C,BTC-25SEP26-45000-C
0.2285,0.238,0.0,0.23152872,1780406844115,0.0,49.78,69028.42,BTC-12JUN26,68983.51,0.23325,68997.04,12JUN26,85000,,P,BTC-12JUN26-85000-P
0.1405,0.184,0.0,0.14532653,1780406844115,0.0,59.12,68983.51,index_price,68983.51,0.16225,68997.04,4JUN26,79000,,P,BTC-4JUN26-79000-P
0.002,0.0024,311.0,0.00220631,1780406844115,11.4,48.7,70887.17,BTC-26MAR27,68983.51,0.0022,68997.04,26MAR27,200000,,C,BTC-26MAR27-200000-C
0.013,0.014,14.8,0.01356884,1780406844115,15.7,41.77,68983.51,index_price,68983.51,0.0135,68997.04,6JUN26,69500,,C,BTC-6JUN26-69500-C
0.3835,0.395,0.1,0.38736408,1780406844115,0.0,39.96,69268.62,BTC-31JUL26,68983.51,0.38925,68997.04,31JUL26,96000,,P,BTC-31JUL26-96000-P
,0.0001,4041.0,1.886e-05,1780406844115,36.1,144.1,69110.06,BTC-26JUN26,68983.51,,68997.04,26JUN26,20000,,P,BTC-26JUN26-20000-P
0.99,1.0655,0.2,0.99686237,1780406844115,0.0,44.77,70230.95,BTC-25DEC26,68983.51,1.02775,68997.04,25DEC26,140000,,P,BTC-25DEC26-140000-P
0.7895,0.8055,21.6,0.79628286,1780406844115,0.0,44.69,69629.98,BTC-25SEP26,68983.51,0.7975,68997.04,25SEP26,125000,,P,BTC-25SEP26-125000-P
0.171,0.178,0.1,0.17373689,1780406844115,0.0,43.11,69028.42,BTC-12JUN26,68983.51,0.1745,68997.04,12JUN26,81000,,P,BTC-12JUN26-81000-P
0.024,0.0255,125.0,0.02498929,1780406844115,130.2,40.79,68983.51,index_price,68983.51,0.02475,68997.04,6JUN26,70000,,P,BTC-6JUN26-70000-P
0.3275,0.3375,1.0,0.33065063,1780406844115,0.0,37.7,69442.63,BTC-28AUG26,68983.51,0.3325,68997.04,28AUG26,92000,,P,BTC-28AUG26-92000-P
0.474,0.5145,0.0,0.47854746,1780406844115,0.0,41.75,70887.17,BTC-26MAR27,68983.51,0.49425,68997.04,26MAR27,102000,,P,BTC-26MAR27-102000-P
0.12,0.1235,24.3,0.1213476,1780406844115,0.0,36.93,69442.63,BTC-28AUG26,68983.51,0.12175,68997.04,28AUG26,75000,,P,BTC-28AUG26-75000-P
0.0002,0.0003,1014.6,0.00026033,1780406844115,344.4,51.54,68984.49,BTC-5JUN26,68983.51,0.00025,68997.04,5JUN26,76000,,C,BTC-5JUN26-76000-C
0.205,0.2085,220.5,0.20742733,1780406844115,0.0,57.2,69110.06,BTC-26JUN26,68983.51,0.20675,68997.04,26JUN26,55000,,C,BTC-26JUN26-55000-C
0.0505,0.052,60.7,0.05144038,1780406844115,0.0,41.69,70887.17,BTC-26MAR27,68983.51,0.05125,68997.04,26MAR27,96000,,C,BTC-26MAR27-96000-C
0.41,0.419,0.1,0.41371482,1780406844115,0.0,38.66,69629.98,BTC-25SEP26,68983.51,0.4145,68997.04,25SEP26,98000,,P,BTC-25SEP26-98000-P
0.4295,0.432,31.4,0.43096716,1780406844115,0.0,60.43,69629.98,BTC-25SEP26,68983.51,0.43075,68997.04,25SEP26,40000,,C,BTC-25SEP26-40000-C
0.032,0.033,0.6,0.03278889,1780406844115,0.1,36.64,69442.63,BTC-28AUG26,68983.51,0.0325,68997.04,28AUG26,77000,,C,BTC-28AUG26-77000-C
0.0645,0.0685,7.1,0.06680784,1780406844115,4.1,45.25,69028.42,BTC-12JUN26,68983.51,0.0665,68997.04,12JUN26,65000,,C,BTC-12JUN26-65000-C
0.0003,0.0006,320.2,0.00039273,1780406844115,0.0,51.97,69630.82,BTC-25SEP26,68983.51,0.00045,68997.04,25SEP26,155000,,C,BTC-25SEP26-155000-C
0.197,0.2045,0.0,0.19913412,1780406844116,0.0,36.55,69442.63,BTC-28AUG26,68983.51,0.20075,68997.04,28AUG26,82000,,P,BTC-28AUG26-82000-P
0.032,0.033,3471.8,0.03258949,1780406844116,396.3,37.78,69110.06,BTC-26JUN26,68983.51,0.0325,68997.04,26JUN26,70000,,C,BTC-26JUN26-70000-C
0.011,0.0115,175.8,0.01125227,1780406844116,63.6,43.66,69028.42,BTC-12JUN26,68983.51,0.01125,68997.04,12JUN26,66000,,P,BTC-12JUN26-66000-P
0.124,0.126,1082.9,0.12517286,1780406844116,500.8,42.59,70230.95,BTC-25DEC26,68983.51,0.125,68997.04,25DEC26,70000,,P,BTC-25DEC26-70000-P
0.076,0.077,600.4,0.07638581,1780406844116,53.4,39.71,69629.98,BTC-25SEP26,68983.51,0.0765,68997.04,25SEP26,68000,,P,BTC-25SEP26-68000-P
0.0005,0.0007,102.1,0.00061523,1780406844116,194.8,42.5,68983.51,index_price,68983.51,0.0006,68997.04,3JUN26,71000,,C,BTC-3JUN26-71000-C
0.058,0.061,554.0,0.05907596,1780406844116,9.1,40.43,68984.49,BTC-5JUN26,68983.51,0.0595,68997.04,5JUN26,73000,,P,BTC-5JUN26-73000-P
0.0003,0.0005,1338.0,0.00040775,1780406844116,605.8,41.82,69027.58,BTC-12JUN26,68983.51,0.0004,68997.04,12JUN26,80000,,C,BTC-12JUN26-80000-C
0.0055,0.0065,623.5,0.00601674,1780406844116,2.7,42.63,70230.95,BTC-25DEC26,68983.51,0.006,68997.04,25DEC26,125000,,C,BTC-25DEC26-125000-C
0.053,0.0545,72.3,0.05387671,1780406844116,0.2,41.74,70888.01,BTC-26MAR27,68983.51,0.05375,68997.04,26MAR27,95000,,C,BTC-26MAR27-95000-C
0.1275,0.1295,1017.7,0.12847279,1780406844116,447.8,42.59,70230.95,BTC-25DEC26,68983.51,0.1285,68997.04,25DEC26,70000,,C,BTC-25DEC26-70000-C
0.0145,0.0155,207.9,0.01507961,1780406844116,35.0,35.9,69268.62,BTC-31JUL26,68983.51,0.015,68997.04,31JUL26,79000,,C,BTC-31JUL26-79000-C
0.006,0.0065,1626.0,0.0060126,1780406844116,5.8,67.02,70231.79,BTC-25DEC26,68983.51,0.00625,68997.04,25DEC26,30000,,P,BTC-25DEC26-30000-P
0.0005,0.0009,1116.8,0.00068578,1780406844116,0.3,49.05,69629.98,BTC-25SEP26,68983.51,0.0007,68997.04,25SEP26,140000,,C,BTC-25SEP26-140000-C
0.0205,0.022,2426.6,0.02139848,1780406844116,90.0,40.26,70231.79,BTC-25DEC26,68983.51,0.02125,68997.04,25DEC26,100000,,C,BTC-25DEC26-100000-C
0.041,0.0495,0.0,0.04566123,1780406844116,0.0,56.31,68983.51,index_price,68983.51,0.04525,68997.04,4JUN26,66000,,C,BTC-4JUN26-66000-C
1.4985,1.6815,7.3,1.5852502,1780406844116,0.0,56.38,69629.98,BTC-25SEP26,68983.51,1.59,68997.04,25SEP26,180000,,P,BTC-25SEP26-180000-P
0.0995,0.103,148.1,0.10053326,1780406844116,3.7,36.49,69269.46,BTC-31JUL26,68983.51,0.10125,68997.04,31JUL26,74000,,P,BTC-31JUL26-74000-P
0.2305,0.2375,21.8,0.23317672,1780406844116,5.1,36.64,69268.62,BTC-31JUL26,68983.51,0.234,68997.04,31JUL26,85000,,P,BTC-31JUL26-85000-P
0.097,0.0995,85.0,0.09792944,1780406844116,0.0,45.61,70887.17,BTC-26MAR27,68983.51,0.09825,68997.04,26MAR27,62000,,P,BTC-26MAR27-62000-P
0.0665,0.0705,110.8,0.06846296,1780406844116,5.5,36.39,69047.83,BTC-19JUN26,68983.51,0.0685,68997.04,19JUN26,73000,,P,BTC-19JUN26-73000-P
0.202,0.205,6.2,0.2032273,1780406844116,0.0,67.7,68984.49,BTC-5JUN26,68983.51,0.2035,68997.04,5JUN26,83000,,P,BTC-5JUN26-83000-P
0.465,0.4765,0.4,0.46934588,1780406844116,0.0,39.29,69629.98,BTC-25SEP26,68983.51,0.47075,68997.04,25SEP26,102000,,P,BTC-25SEP26-102000-P
,0.0001,308.5,0.0,1780406844116,0.0,95.76,69110.06,BTC-26JUN26,68983.51,,68997.04,26JUN26,300000,,C,BTC-26JUN26-300000-C
0.0595,0.062,0.0,0.06119957,1780406844116,0.0,41.62,69047.83,BTC-19JUN26,68983.51,0.06075,68997.04,19JUN26,66000,,C,BTC-19JUN26-66000-C
,0.0001,13.3,1.26e-05,1780406844116,1.5,57.43,68983.51,index_price,68983.51,,68997.04,4JUN26,78000,,C,BTC-4JUN26-78000-C
0.027,0.03,14.2,0.02776715,1780406844116,17.7,40.17,68984.49,BTC-5JUN26,68983.51,0.0285,68997.04,5JUN26,70500,,P,BTC-5JUN26-70500-P
0.0001,0.0002,73.1,0.00017631,1780406844116,117.9,52.38,68983.51,index_price,68983.51,0.00015,68997.04,3JUN26,72500,,C,BTC-3JUN26-72500-C
0.0715,0.0785,0.0,0.07501093,1780406844116,0.0,57.63,68983.51,index_price,68983.51,0.075,68997.04,6JUN26,64000,,C,BTC-6JUN26-64000-C
0.0155,0.0165,829.0,0.01600657,1780406844116,26.4,40.5,70230.95,BTC-25DEC26,68983.51,0.016,68997.04,25DEC26,105000,,C,BTC-25DEC26-105000-C
,0.0001,33.5,3.86e-05,1780406844116,16.0,51.35,68983.51,index_price,68983.51,,68997.04,4JUN26,76000,,C,BTC-4JUN26-76000-C
0.011,0.0115,14.7,0.01131647,1780406844116,14.7,42.31,68984.7,BTC-5JUN26,68983.51,0.01125,68997.04,5JUN26,69500,,C,BTC-5JUN26-69500-C
0.0555,0.0575,129.3,0.05654548,1780406844116,2.5,45.99,70230.95,BTC-25DEC26,68983.51,0.0565,68997.04,25DEC26,58000,,P,BTC-25DEC26-58000-P
0.1535,0.1595,172.9,0.15556783,1780406844116,0.0,35.9,69268.62,BTC-31JUL26,68983.51,0.1565,68997.04,31JUL26,79000,,P,BTC-31JUL26-79000-P
0.098,0.1065,0.0,0.10266093,1780406844116,0.0,64.34,68983.51,index_price,68983.51,0.10225,68997.04,6JUN26,62000,,C,BTC-6JUN26-62000-C
0.0325,0.0335,1656.6,0.03291887,1780406844116,168.6,38.43,69028.42,BTC-12JUN26,68983.51,0.033,68997.04,12JUN26,70000,,P,BTC-12JUN26-70000-P
1.013,1.1625,0.2,1.08299243,1780406844116,0.0,50.23,69630.82,BTC-25SEP26,68983.51,1.08775,68997.04,25SEP26,145000,,P,BTC-25SEP26-145000-P
0.0048,0.0055,505.3,0.00497894,1780406844116,505.4,49.38,69027.58,BTC-12JUN26,68983.51,0.00515,68997.04,12JUN26,63000,,P,BTC-12JUN26-63000-P
0.1285,0.134,70.4,0.13073062,1780406844116,0.0,39.36,69028.42,BTC-12JUN26,68983.51,0.13125,68997.04,12JUN26,78000,,P,BTC-12JUN26-78000-P
0.51,0.5195,0.0,0.51396804,1780406844116,0.0,41.49,69442.63,BTC-28AUG26,68983.51,0.51475,68997.04,28AUG26,105000,,P,BTC-28AUG26-105000-P
,0.0001,1131.0,4.552e-05,1780406844116,28.0,54.83,69028.42,BTC-12JUN26,68983.51,,68997.04,12JUN26,90000,,C,BTC-12JUN26-90000-C
0.3655,0.3735,5.2,0.36927743,1780406844116,0.0,40.21,70230.95,BTC-25DEC26,68983.51,0.3695,68997.04,25DEC26,94000,,P,BTC-25DEC26-94000-P
0.041,0.042,289.2,0.04110868,1780406844116,56.1,39.62,69268.62,BTC-31JUL26,68983.51,0.0415,68997.04,31JUL26,66000,,P,BTC-31JUL26-66000-P
0.0005,0.0009,226.6,0.00070273,1780406844116,0.0,55.74,70231.79,BTC-25DEC26,68983.51,0.0007,68997.04,25DEC26,220000,,C,BTC-25DEC26-220000-C
0.068,0.132,0.0,0.10190515,1780406844116,0.0,45.23,68983.51,index_price,68983.51,0.1,68997.04,6JUN26,76000,,P,BTC-6JUN26-76000-P
0.1045,0.1065,924.2,0.10523924,1780406844116,1.1,42.48,70887.17,BTC-26MAR27,68983.51,0.1055,68997.04,26MAR27,80000,,C,BTC-26MAR27-80000-C
1.4285,1.6075,0.2,1.51347021,1780406844116,0.0,55.57,69629.98,BTC-25SEP26,68983.51,1.518,68997.04,25SEP26,175000,,P,BTC-25SEP26-175000-P
,0.0001,53.1,5.77e-06,1780406844116,8.0,59.12,68983.51,index_price,68983.51,,68997.04,4JUN26,79000,,C,BTC-4JUN26-79000-C
0.048,0.0495,72.6,0.04877923,1780406844116,0.3,46.8,70230.95,BTC-25DEC26,68983.51,0.04875,68997.04,25DEC26,56000,,P,BTC-25DEC26-56000-P
0.0405,0.0415,1.7,0.04127599,1780406844116,0.7,36.93,69442.63,BTC-28AUG26,68983.51,0.041,68997.04,28AUG26,75000,,C,BTC-28AUG26-75000-C
0.03,0.0315,75.4,0.03085163,1780406844116,0.8,40.21,70230.95,BTC-25DEC26,68983.51,0.03075,68997.04,25DEC26,94000,,C,BTC-25DEC26-94000-C
0.017,0.0175,0.7,0.01725849,1780406844116,0.7,42.72,68983.51,index_price,68983.51,0.01725,68997.04,6JUN26,69000,,C,BTC-6JUN26-69000-C
0.0565,0.058,113.9,0.0573836,1780406844116,114.0,37.6,69442.63,BTC-28AUG26,68983.51,0.05725,68997.04,28AUG26,72000,,C,BTC-28AUG26-72000-C
0.2185,0.222,9.2,0.2205857,1780406844116,1.0,45.47,69629.98,BTC-25SEP26,68983.51,0.22025,68997.04,25SEP26,56000,,C,BTC-25SEP26-56000-C
0.1525,0.155,14.3,0.15393568,1780406844116,1.0,42.03,69630.82,BTC-25SEP26,68983.51,0.15375,68997.04,25SEP26,62000,,C,BTC-25SEP26-62000-C
0.0145,0.015,390.4,0.01463695,1780406844116,317.2,45.51,69268.62,BTC-31JUL26,68983.51,0.01475,68997.04,31JUL26,58000,,P,BTC-31JUL26-58000-P
,0.0001,32.9,1.4e-06,1780406844116,29.0,55.61,68983.51,index_price,68983.51,,68997.04,3JUN26,75500,,C,BTC-3JUN26-75500-C
0.078,0.0805,0.0,0.0792886,1780406844116,0.0,39.12,69269.46,BTC-31JUL26,68983.51,0.07925,68997.04,31JUL26,67000,,C,BTC-31JUL26-67000-C
0.0845,0.0855,1276.3,0.08490945,1780406844116,133.6,39.1,69629.98,BTC-25SEP26,68983.51,0.085,68997.04,25SEP26,70000,,C,BTC-25SEP26-70000-C
2.608,2.8705,0.0,2.73398656,1780406844116,0.0,61.4,69629.98,BTC-25SEP26,68983.51,2.73925,68997.04,25SEP26,260000,,P,BTC-25SEP26-260000-P
,0.0001,176.0,2.74e-06,1780406844116,0.0,85.89,69110.06,BTC-26JUN26,68983.51,,68997.04,26JUN26,165000,,C,BTC-26JUN26-165000-C
0.14,0.1445,3.8,0.14166241,1780406844116,0.5,36.64,69442.63,BTC-28AUG26,68983.51,0.14225,68997.04,28AUG26,77000,,P,BTC-28AUG26-77000-P
0.1485,0.2015,0.0,0.15982029,1780406844116,0.0,59.23,68983.51,index_price,68983.51,0.175,68997.04,4JUN26,80000,,P,BTC-4JUN26-80000-P
0.0045,0.0048,994.0,0.0045786,1780406844116,940.6,50.39,69047.83,BTC-19JUN26,68983.51,0.00465,68997.04,19JUN26,60000,,P,BTC-19JUN26-60000-P
0.022,0.0225,1320.7,0.02233415,1780406844116,247.6,41.17,69110.06,BTC-26JUN26,68983.51,0.02225,68997.04,26JUN26,66000,,P,BTC-26JUN26-66000-P
0.574,0.5855,53.3,0.5785086,1780406844116,0.0,40.95,70231.79,BTC-25DEC26,68983.51,0.57975,68997.04,25DEC26,110000,,P,BTC-25DEC26-110000-P
0.058,0.059,1.5,0.0585136,1780406844116,0.8,39.19,69442.63,BTC-28AUG26,68983.51,0.0585,68997.04,28AUG26,67000,,P,BTC-28AUG26-67000-P
0.0004,0.0006,87.8,0.00047451,1780406844116,86.6,72.24,68983.51,index_price,68983.51,0.0005,68997.04,3JUN26,65000,,P,BTC-3JUN26-65000-P
0.144,0.147,86.8,0.1453392,1780406844116,0.1,63.54,68984.7,BTC-5JUN26,68983.51,0.1455,68997.04,5JUN26,79000,,P,BTC-5JUN26-79000-P
0.008,0.009,30.1,0.00848494,1780406844116,31.4,46.96,68983.51,index_price,68983.51,0.0085,68997.04,3JUN26,69000,,C,BTC-3JUN26-69000-C
0.78,0.794,8.5,0.78583829,1780406844116,0.0,42.63,70230.95,BTC-25DEC26,68983.51,0.787,68997.04,25DEC26,125000,,P,BTC-25DEC26-125000-P
0.4395,0.4525,0.0,0.44463825,1780406844116,0.0,41.62,69269.46,BTC-31JUL26,68983.51,0.446,68997.04,31JUL26,100000,,P,BTC-31JUL26-100000-P
0.0026,0.0028,108.2,0.00267125,1780406844116,108.5,57.63,68983.51,index_price,68983.51,0.0027,68997.04,6JUN26,64000,,P,BTC-6JUN26-64000-P
0.0435,0.0465,28.8,0.04465819,1780406844116,42.0,40.66,68983.51,index_price,68983.51,0.045,68997.04,4JUN26,72000,,P,BTC-4JUN26-72000-P
0.525,0.5385,0.0,0.53090023,1780406844116,0.0,44.59,69268.62,BTC-31JUL26,68983.51,0.53175,68997.04,31JUL26,106000,,P,BTC-31JUL26-106000-P
0.5745,0.5935,1.2,0.57968681,1780406844116,0.0,41.8,70887.17,BTC-26MAR27,68983.51,0.584,68997.04,26MAR27,110000,,P,BTC-26MAR27-110000-P
0.302,0.3095,597.8,0.30517901,1780406844116,1.2,37.36,69629.98,BTC-25SEP26,68983.51,0.30575,68997.04,25SEP26,90000,,P,BTC-25SEP26-90000-P
3.4415,3.7635,0.1,3.59566755,1780406844116,0.0,66.78,69629.98,BTC-25SEP26,68983.51,3.6025,68997.04,25SEP26,320000,,P,BTC-25SEP26-320000-P
0.175,0.1775,7.2,0.17622793,1780406844116,0.1,44.29,70887.17,BTC-26MAR27,68983.51,0.17625,68997.04,26MAR27,68000,,C,BTC-26MAR27-68000-C
0.178,0.1845,110.8,0.18039565,1780406844116,0.0,35.97,69268.62,BTC-31JUL26,68983.51,0.18125,68997.04,31JUL26,81000,,P,BTC-31JUL26-81000-P
0.2715,0.281,2.0,0.27429577,1780406844116,0.0,37.21,69268.62,BTC-31JUL26,68983.51,0.27625,68997.04,31JUL26,88000,,P,BTC-31JUL26-88000-P
0.1155,0.118,250.7,0.11644266,1780406844116,1.5,55.76,68984.49,BTC-5JUN26,68983.51,0.11675,68997.04,5JUN26,77000,,P,BTC-5JUN26-77000-P
0.0085,0.009,154.3,0.00856215,1780406844116,16.0,37.67,69629.98,BTC-25SEP26,68983.51,0.00875,68997.04,25SEP26,94000,,C,BTC-25SEP26-94000-C
0.104,0.141,0.0,0.10909907,1780406844116,0.0,51.72,68983.51,index_price,68983.51,0.1225,68997.04,4JUN26,76500,,P,BTC-4JUN26-76500-P
2.496,2.7495,0.0,2.61753666,1780406844116,0.0,90.33,69110.06,BTC-26JUN26,68983.51,2.62275,68997.04,26JUN26,250000,,P,BTC-26JUN26-250000-P
0.0003,0.0004,40.8,0.00036948,1780406844116,43.0,43.44,68983.51,index_price,68983.51,0.00035,68997.04,4JUN26,73000,,C,BTC-4JUN26-73000-C
0.0008,0.0011,22.2,0.00093801,1780406844116,22.4,65.64,68983.51,index_price,68983.51,0.00095,68997.04,4JUN26,64000,,P,BTC-4JUN26-64000-P
0.032,0.0325,96.8,0.03222783,1780406844116,27.8,36.49,69269.46,BTC-31JUL26,68983.51,0.03225,68997.04,31JUL26,74000,,C,BTC-31JUL26-74000-C
0.0265,0.028,209.4,0.02732911,1780406844116,0.0,40.23,70230.95,BTC-25DEC26,68983.51,0.02725,68997.04,25DEC26,96000,,C,BTC-25DEC26-96000-C
0.1635,0.1675,10.6,0.16604294,1780406844116,0.2,52.05,69110.06,BTC-26JUN26,68983.51,0.1655,68997.04,26JUN26,58000,,C,BTC-26JUN26-58000-C
,0.0001,257.0,1.8e-07,1780406844116,0.0,72.07,68984.49,BTC-5JUN26,68983.51,,68997.04,5JUN26,90000,,C,BTC-5JUN26-90000-C
0.276,0.2795,339.5,0.27813904,1780406844116,0.0,67.09,69110.06,BTC-26JUN26,68983.51,0.27775,68997.04,26JUN26,50000,,C,BTC-26JUN26-50000-C
0.0205,0.0215,167.2,0.02094997,1780406844116,183.3,41.77,68983.51,index_price,68983.51,0.021,68997.04,6JUN26,69500,,P,BTC-6JUN26-69500-P
0.0155,0.0165,73.4,0.01617323,1780406844116,50.2,36.56,69442.63,BTC-28AUG26,68983.51,0.016,68997.04,28AUG26,83000,,C,BTC-28AUG26-83000-C
0.142,0.1435,184.3,0.14290371,1780406844116,0.4,43.06,70230.95,BTC-25DEC26,68983.51,0.14275,68997.04,25DEC26,68000,,C,BTC-25DEC26-68000-C
0.0455,0.0465,143.4,0.04620895,1780406844116,30.5,37.14,69441.79,BTC-28AUG26,68983.51,0.046,68997.04,28AUG26,74000,,C,BTC-28AUG26-74000-C
0.355,0.3635,1.3,0.35853829,1780406844116,0.0,37.67,69630.82,BTC-25SEP26,68983.51,0.35925,68997.04,25SEP26,94000,,P,BTC-25SEP26-94000-P
0.0425,0.044,201.5,0.04328659,1780406844116,2.8,41.75,70887.17,BTC-26MAR27,68983.51,0.04325,68997.04,26MAR27,100000,,C,BTC-26MAR27-100000-C
0.1345,0.137,48.2,0.13550371,1780406844116,0.0,44.29,70887.17,BTC-26MAR27,68983.51,0.13575,68997.04,26MAR27,68000,,P,BTC-26MAR27-68000-P
2.9155,3.1995,0.0,3.05164106,1780406844116,0.0,91.37,69110.06,BTC-26JUN26,68983.51,3.0575,68997.04,26JUN26,280000,,P,BTC-26JUN26-280000-P
,0.0001,691.0,1e-08,1780406844116,0.0,86.38,69110.06,BTC-26JUN26,68983.51,,68997.04,26JUN26,220000,,C,BTC-26JUN26-220000-C
0.42,0.4225,33.0,0.42170592,1780406844116,0.0,90.23,69110.06,BTC-26JUN26,68983.51,0.42125,68997.04,26JUN26,40000,,C,BTC-26JUN26-40000-C
0.105,0.11,1748.3,0.10725586,1780406844116,14.7,36.03,69109.29,BTC-26JUN26,68983.51,0.1075,68997.04,26JUN26,76000,,P,BTC-26JUN26-76000-P
0.0002,0.0004,499.0,0.00030479,1780406844116,457.0,46.57,68984.49,BTC-5JUN26,68983.51,0.0003,68997.04,5JUN26,75000,,C,BTC-5JUN26-75000-C
0.0003,0.0005,5577.2,0.00043397,1780406844116,663.7,44.43,69110.06,BTC-26JUN26,68983.51,0.0004,68997.04,26JUN26,90000,,C,BTC-26JUN26-90000-C
2.636,2.8995,0.0,2.76223813,1780406844116,0.0,91.06,69110.06,BTC-26JUN26,68983.51,2.76775,68997.04,26JUN26,260000,,P,BTC-26JUN26-260000-P
0.1595,0.1635,668.1,0.16091023,1780406844116,2.8,37.25,69629.98,BTC-25SEP26,68983.51,0.1615,68997.04,25SEP26,78000,,P,BTC-25SEP26-78000-P
,0.0001,1510.4,8.15e-06,1780406844116,0.0,68.16,69110.06,BTC-26JUN26,68983.51,,68997.04,26JUN26,130000,,C,BTC-26JUN26-130000-C
0.008,0.0085,232.4,0.00826404,1780406844116,11.0,36.36,69047.83,BTC-19JUN26,68983.51,0.00825,68997.04,19JUN26,74000,,C,BTC-19JUN26-74000-C
0.3465,0.351,5.8,0.34972452,1780406844116,0.0,77.92,69110.06,BTC-26JUN26,68983.51,0.34875,68997.04,26JUN26,45000,,C,BTC-26JUN26-45000-C
0.0002,0.0004,209.9,0.00030767,1780406844116,65.1,43.11,69028.42,BTC-12JUN26,68983.51,0.0003,68997.04,12JUN26,81000,,C,BTC-12JUN26-81000-C
0.093,0.0945,0.9,0.09364963,1780406844116,0.9,39.19,69442.63,BTC-28AUG26,68983.51,0.09375,68997.04,28AUG26,67000,,C,BTC-28AUG26-67000-C
0.0055,0.006,5.1,0.0055552,1780406844116,5.1,51.09,68983.51,index_price,68983.51,0.00575,68997.04,6JUN26,66000,,P,BTC-6JUN26-66000-P
0.0495,0.052,0.0,0.05100807,1780406844116,0.0,40.57,69047.83,BTC-19JUN26,68983.51,0.05075,68997.04,19JUN26,67000,,C,BTC-19JUN26-67000-C
0.7735,0.794,0.0,0.77848258,1780406844116,0.0,42.31,70887.17,BTC-26MAR27,68983.51,0.78375,68997.04,26MAR27,125000,,P,BTC-26MAR27-125000-P
0.022,0.023,529.9,0.02264638,1780406844116,1.2,41.95,70887.17,BTC-26MAR27,68983.51,0.0225,68997.04,26MAR27,115000,,C,BTC-26MAR27-115000-C
0.0675,0.1335,0.0,0.10186616,1780406844116,0.0,51.35,68983.51,index_price,68983.51,0.1005,68997.04,4JUN26,76000,,P,BTC-4JUN26-76000-P
0.114,0.154,0.0,0.11625058,1780406844116,0.0,60.97,68983.51,index_price,68983.51,0.134,68997.04,3JUN26,77000,,P,BTC-3JUN26-77000-P
0.0795,0.0815,41.8,0.08047394,1780406844116,1.1,42.01,70887.17,BTC-26MAR27,68983.51,0.0805,68997.04,26MAR27,86000,,C,BTC-26MAR27-86000-C
0.0028,0.0031,190.5,0.00293339,1780406844116,210.5,53.5,69028.42,BTC-12JUN26,68983.51,0.00295,68997.04,12JUN26,61000,,P,BTC-12JUN26-61000-P
0.0445,0.046,1086.2,0.0452487,1780406844116,2.7,47.23,70230.95,BTC-25DEC26,68983.51,0.04525,68997.04,25DEC26,55000,,P,BTC-25DEC26-55000-P
0.006,0.0065,178.8,0.00629288,1780406844116,1.1,38.66,69630.82,BTC-25SEP26,68983.51,0.00625,68997.04,25SEP26,98000,,C,BTC-25SEP26-98000-C
0.2705,0.281,16.0,0.27392299,1780406844116,1.0,42.49,69110.06,BTC-26JUN26,68983.51,0.27575,68997.04,26JUN26,88000,,P,BTC-26JUN26-88000-P
0.4375,0.4465,271.9,0.44142972,1780406844116,0.0,38.95,69630.82,BTC-25SEP26,68983.51,0.442,68997.04,25SEP26,100000,,P,BTC-25SEP26-100000-P
0.1195,0.122,0.0,0.1210633,1780406844116,0.0,40.49,69442.63,BTC-28AUG26,68983.51,0.12075,68997.04,28AUG26,64000,,C,BTC-28AUG26-64000-C
,0.0001,1024.4,5e-08,1780406844118,0.0,85.97,69110.06,BTC-26JUN26,68983.51,,68997.04,26JUN26,200000,,C,BTC-26JUN26-200000-C
0.063,0.064,0.4,0.06369049,1780406844118,0.4,37.87,69442.63,BTC-28AUG26,68983.51,0.0635,68997.04,28AUG26,71000,,C,BTC-28AUG26-71000-C
0.0043,0.0047,54.3,0.00447815,1780406844118,0.0,39.29,69629.98,BTC-25SEP26,68983.51,0.0045,68997.04,25SEP26,102000,,C,BTC-25SEP26-102000-C
0.039,0.04,45.1,0.03963379,1780406844118,0.0,41.75,70887.17,BTC-26MAR27,68983.51,0.0395,68997.04,26MAR27,102000,,C,BTC-26MAR27-102000-C
0.0505,0.054,17.5,0.05159467,1780406844118,1.5,41.44,68983.51,index_price,68983.51,0.05225,68997.04,4JUN26,72500,,P,BTC-4JUN26-72500-P
0.1915,0.194,245.5,0.1928159,1780406844118,2.5,41.36,70231.79,BTC-25DEC26,68983.51,0.19275,68997.04,25DEC26,78000,,P,BTC-25DEC26-78000-P
0.0855,0.087,3.8,0.08615828,1780406844118,0.7,37.87,69442.63,BTC-28AUG26,68983.51,0.08625,68997.04,28AUG26,71000,,P,BTC-28AUG26-71000-P
0.001,0.0012,578.9,0.00110475,1780406844118,47.5,38.42,69028.42,BTC-12JUN26,68983.51,0.0011,68997.04,12JUN26,77000,,C,BTC-12JUN26-77000-C
0.0335,0.034,2773.6,0.03355136,1780406844118,176.3,37.09,69629.98,BTC-25SEP26,68983.51,0.03375,68997.04,25SEP26,80000,,C,BTC-25SEP26-80000-C
0.0043,0.0045,47.1,0.00438979,1780406844118,62.6,54.43,68983.51,index_price,68983.51,0.0044,68997.04,3JUN26,68000,,P,BTC-3JUN26-68000-P
,0.0001,231.0,0.0,1780406844118,0.0,91.37,69110.06,BTC-26JUN26,68983.51,,68997.04,26JUN26,280000,,C,BTC-26JUN26-280000-C
0.185,0.188,0.0,0.18661053,1780406844118,0.0,43.96,69442.63,BTC-28AUG26,68983.51,0.1865,68997.04,28AUG26,58000,,C,BTC-28AUG26-58000-C
0.0815,0.0825,409.7,0.08222045,1780406844118,60.1,37.08,69268.62,BTC-31JUL26,68983.51,0.082,68997.04,31JUL26,72000,,P,BTC-31JUL26-72000-P
0.3285,0.3385,4.0,0.3318146,1780406844118,0.0,37.65,69629.98,BTC-25SEP26,68983.51,0.3335,68997.04,25SEP26,92000,,P,BTC-25SEP26-92000-P
0.258,0.2605,0.5,0.25910302,1780406844118,0.0,46.71,70887.17,BTC-26MAR27,68983.51,0.25925,68997.04,26MAR27,58000,,C,BTC-26MAR27-58000-C
0.1115,0.1605,0.0,0.1307739,1780406844118,0.0,51.82,68983.51,index_price,68983.51,0.136,68997.04,6JUN26,78000,,P,BTC-6JUN26-78000-P
0.0555,0.057,41.5,0.05624265,1780406844118,5.2,41.72,70887.17,BTC-26MAR27,68983.51,0.05625,68997.04,26MAR27,94000,,C,BTC-26MAR27-94000-C
0.148,0.15,20.6,0.14897834,1780406844118,2.3,43.5,70887.17,BTC-26MAR27,68983.51,0.149,68997.04,26MAR27,72000,,C,BTC-26MAR27-72000-C
,0.0001,789.5,8.44e-06,1780406844118,0.0,75.63,69110.06,BTC-26JUN26,68983.51,,68997.04,26JUN26,140000,,C,BTC-26JUN26-140000-C
0.2605,0.2635,30.3,0.26212722,1780406844118,0.0,47.23,70230.95,BTC-25DEC26,68983.51,0.262,68997.04,25DEC26,55000,,C,BTC-25DEC26-55000-C
0.299,0.309,2.5,0.30226063,1780406844118,0.0,37.83,69268.62,BTC-31JUL26,68983.51,0.304,68997.04,31JUL26,90000,,P,BTC-31JUL26-90000-P
0.071,0.072,16.4,0.07134871,1780406844118,0.1,38.46,69442.63,BTC-28AUG26,68983.51,0.0715,68997.04,28AUG26,69000,,P,BTC-28AUG26-69000-P
0.0003,0.0008,878.5,0.00050673,1780406844118,0.0,57.47,70230.95,BTC-25DEC26,68983.51,0.00055,68997.04,25DEC26,240000,,C,BTC-25DEC26-240000-C
0.0006,0.0008,393.0,0.00070206,1780406844118,0.2,44.24,69268.62,BTC-31JUL26,68983.51,0.0007,68997.04,31JUL26,105000,,C,BTC-31JUL26-105000-C
0.121,0.1235,81.6,0.12209183,1780406844118,0.1,44.69,70887.17,BTC-26MAR27,68983.51,0.12225,68997.04,26MAR27,66000,,P,BTC-26MAR27-66000-P
0.0055,0.0065,200.5,0.00606894,1780406844118,104.7,36.47,69047.83,BTC-19JUN26,68983.51,0.006,68997.04,19JUN26,75000,,C,BTC-19JUN26-75000-C
0.0935,0.097,2229.6,0.09505326,1780406844118,47.2,36.03,69110.06,BTC-26JUN26,68983.51,0.09525,68997.04,26JUN26,75000,,P,BTC-26JUN26-75000-P
0.1425,0.206,0.0,0.17431675,1780406844118,0.0,59.32,68983.51,index_price,68983.51,0.17425,68997.04,4JUN26,81000,,P,BTC-4JUN26-81000-P
0.0965,0.0985,1089.9,0.09756226,1780406844118,17.6,41.73,70231.79,BTC-25DEC26,68983.51,0.0975,68997.04,25DEC26,75000,,C,BTC-25DEC26-75000-C
0.116,0.1215,0.0,0.11831858,1780406844118,0.0,36.62,69047.83,BTC-19JUN26,68983.51,0.11875,68997.04,19JUN26,77000,,P,BTC-19JUN26-77000-P
0.0035,0.004,364.6,0.00389057,1780406844118,252.9,36.97,69027.58,BTC-12JUN26,68983.51,0.00375,68997.04,12JUN26,74000,,C,BTC-12JUN26-74000-C
0.0001,0.0002,51.3,0.00011943,1780406844118,74.8,55.33,68983.51,index_price,68983.51,0.00015,68997.04,3JUN26,73000,,C,BTC-3JUN26-73000-C
0.565,0.567,68.9,0.56604286,1780406844118,0.0,116.72,69110.06,BTC-26JUN26,68983.51,0.566,68997.04,26JUN26,30000,,C,BTC-26JUN26-30000-C
,0.0001,58.7,6.2e-07,1780406844118,20.0,56.42,68983.51,index_price,68983.51,,68997.04,3JUN26,76000,,C,BTC-3JUN26-76000-C
0.0425,0.0435,146.1,0.04278815,1780406844118,135.5,37.08,69268.62,BTC-31JUL26,68983.51,0.043,68997.04,31JUL26,72000,,C,BTC-31JUL26-72000-C
0.0034,0.0038,32.9,0.00361938,1780406844118,44.9,40.64,68983.51,index_price,68983.51,0.0036,68997.04,4JUN26,70500,,C,BTC-4JUN26-70500-C
0.01,0.0105,26.0,0.01036081,1780406844118,26.0,40.79,68983.51,index_price,68983.51,0.01025,68997.04,6JUN26,70000,,C,BTC-6JUN26-70000-C
0.947,1.025,14.2,0.95347777,1780406844118,0.0,71.79,69110.06,BTC-26JUN26,68983.51,0.986,68997.04,26JUN26,135000,,P,BTC-26JUN26-135000-P
0.0305,0.0315,0.0,0.03076582,1780406844118,0.0,42.12,69442.63,BTC-28AUG26,68983.51,0.031,68997.04,28AUG26,61000,,P,BTC-28AUG26-61000-P
0.0135,0.014,2882.1,0.01371852,1780406844118,314.3,49.96,69629.98,BTC-25SEP26,68983.51,0.01375,68997.04,25SEP26,50000,,P,BTC-25SEP26-50000-P
0.0055,0.006,549.3,0.00576171,1780406844118,550.4,40.17,68984.7,BTC-5JUN26,68983.51,0.00575,68997.04,5JUN26,70500,,C,BTC-5JUN26-70500-C
0.007,0.0075,1025.4,0.00752619,1780406844118,235.0,36.03,69110.06,BTC-26JUN26,68983.51,0.00725,68997.04,26JUN26,76000,,C,BTC-26JUN26-76000-C
0.1065,0.1415,0.0,0.10900241,1780406844118,0.0,59.32,68983.51,index_price,68983.51,0.124,68997.04,3JUN26,76500,,P,BTC-3JUN26-76500-P
0.1085,0.111,95.2,0.10966011,1780406844118,0.0,45.16,70887.17,BTC-26MAR27,68983.51,0.10975,68997.04,26MAR27,64000,,P,BTC-26MAR27-64000-P
0.1505,0.1545,0.0,0.15230758,1780406844118,0.0,42.12,69442.63,BTC-28AUG26,68983.51,0.1525,68997.04,28AUG26,61000,,C,BTC-28AUG26-61000-C
0.0655,0.0665,807.0,0.06608514,1780406844118,37.1,37.73,69268.62,BTC-31JUL26,68983.51,0.066,68997.04,31JUL26,70000,,P,BTC-31JUL26-70000-P
0.64,0.6625,0.0,0.64495101,1780406844118,0.0,41.95,70887.17,BTC-26MAR27,68983.51,0.65125,68997.04,26MAR27,115000,,P,BTC-26MAR27-115000-P
0.0285,0.0325,0.0,0.03079652,1780406844118,0.0,60.4,68983.51,index_price,68983.51,0.0305,68997.04,3JUN26,67000,,C,BTC-3JUN26-67000-C
0.069,0.0785,0.0,0.07340952,1780406844118,0.0,40.77,68983.51,index_price,68983.51,0.07375,68997.04,6JUN26,74000,,P,BTC-6JUN26-74000-P
0.9435,1.0885,1.4,1.01128855,1780406844118,0.0,49.05,69629.98,BTC-25SEP26,68983.51,1.016,68997.04,25SEP26,140000,,P,BTC-25SEP26-140000-P
0.0785,0.0825,198.5,0.08002107,1780406844118,0.0,36.36,69047.83,BTC-19JUN26,68983.51,0.0805,68997.04,19JUN26,74000,,P,BTC-19JUN26-74000-P
0.0028,0.0031,1213.1,0.00297024,1780406844118,23.1,37.83,69269.46,BTC-31JUL26,68983.51,0.00295,68997.04,31JUL26,90000,,C,BTC-31JUL26-90000-C
0.0235,0.0245,42.1,0.02418785,1780406844118,31.9,46.57,68984.49,BTC-5JUN26,68983.51,0.024,68997.04,5JUN26,68000,,C,BTC-5JUN26-68000-C
0.3115,0.3235,0.0,0.31631734,1780406844118,0.0,38.09,69268.62,BTC-31JUL26,68983.51,0.3175,68997.04,31JUL26,91000,,P,BTC-31JUL26-91000-P
,0.0001,129.0,0.0,1780406844118,0.0,102.06,69110.06,BTC-26JUN26,68983.51,,68997.04,26JUN26,340000,,C,BTC-26JUN26-340000-C
0.07,0.071,4.1,0.07043805,1780406844118,4.3,38.15,69441.79,BTC-28AUG26,68983.51,0.0705,68997.04,28AUG26,70000,,C,BTC-28AUG26-70000-C
0.549,0.5605,0.0,0.55403532,1780406844118,0.0,41.79,70887.17,BTC-26MAR27,68983.51,0.55475,68997.04,26MAR27,108000,,P,BTC-26MAR27-108000-P
0.003,0.0035,300.6,0.00326279,1780406844118,0.4,47.02,70887.17,BTC-26MAR27,68983.51,0.00325,68997.04,26MAR27,180000,,C,BTC-26MAR27-180000-C
0.27,0.277,5.8,0.27302873,1780406844118,0.0,42.14,70888.01,BTC-26MAR27,68983.51,0.2735,68997.04,26MAR27,84000,,P,BTC-26MAR27-84000-P
0.13,0.134,5.5,0.13129363,1780406844118,0.0,36.77,69442.63,BTC-28AUG26,68983.51,0.132,68997.04,28AUG26,76000,,P,BTC-28AUG26-76000-P
0.0085,0.0095,144.2,0.00891321,1780406844118,158.7,37.04,69028.42,BTC-12JUN26,68983.51,0.009,68997.04,12JUN26,72000,,C,BTC-12JUN26-72000-C
0.017,0.018,523.1,0.0175853,1780406844118,418.3,35.9,69268.62,BTC-31JUL26,68983.51,0.0175,68997.04,31JUL26,78000,,C,BTC-31JUL26-78000-C
0.055,0.056,39.1,0.05552595,1780406844118,22.1,37.73,69268.62,BTC-31JUL26,68983.51,0.0555,68997.04,31JUL26,70000,,C,BTC-31JUL26-70000-C
0.0013,0.0016,1187.9,0.00140941,1780406844118,1.3,43.45,69629.98,BTC-25SEP26,68983.51,0.00145,68997.04,25SEP26,120000,,C,BTC-25SEP26-120000-C
0.0195,0.0205,221.0,0.02013273,1780406844118,242.1,37.29,69046.99,BTC-19JUN26,68983.51,0.02,68997.04,19JUN26,71000,,C,BTC-19JUN26-71000-C
1.36,1.5335,0.0,1.44173831,1780406844118,0.0,55.52,69629.98,BTC-25SEP26,68983.51,1.44675,68997.04,25SEP26,170000,,P,BTC-25SEP26-170000-P
0.0935,0.095,85.0,0.09425235,1780406844118,4.0,37.6,69442.63,BTC-28AUG26,68983.51,0.09425,68997.04,28AUG26,72000,,P,BTC-28AUG26-72000-P
0.009,0.01,2912.4,0.00979431,1780406844118,986.7,36.02,69110.06,BTC-26JUN26,68983.51,0.0095,68997.04,26JUN26,75000,,C,BTC-26JUN26-75000-C
0.073,0.0745,23.8,0.07348985,1780406844118,0.2,41.88,70888.01,BTC-26MAR27,68983.51,0.07375,68997.04,26MAR27,88000,,C,BTC-26MAR27-88000-C
0.026,0.027,100.0,0.02634332,1780406844118,100.0,45.38,68983.51,index_price,68983.51,0.0265,68997.04,6JUN26,68000,,C,BTC-6JUN26-68000-C
0.0009,0.001,1815.9,0.00088112,1780406844118,79.1,77.92,69110.06,BTC-26JUN26,68983.51,0.00095,68997.04,26JUN26,45000,,P,BTC-26JUN26-45000-P
,0.0001,207.0,3.18e-06,1780406844118,3.0,71.06,68984.49,BTC-5JUN26,68983.51,,68997.04,5JUN26,86000,,C,BTC-5JUN26-86000-C
0.1795,0.1835,72.2,0.18073282,1780406844118,0.0,43.2,70887.17,BTC-26MAR27,68983.51,0.1815,68997.04,26MAR27,74000,,P,BTC-26MAR27-74000-P
0.0038,0.0043,179.0,0.00404796,1780406844118,2.1,46.11,70887.17,BTC-26MAR27,68983.51,0.00405,68997.04,26MAR27,170000,,C,BTC-26MAR27-170000-C
0.102,0.1035,4.2,0.10282743,1780406844118,1.2,37.35,69442.63,BTC-28AUG26,68983.51,0.10275,68997.04,28AUG26,73000,,P,BTC-28AUG26-73000-P
0.136,0.138,11.5,0.13681506,1780406844118,0.3,43.2,70887.17,BTC-26MAR27,68983.51,0.137,68997.04,26MAR27,74000,,C,BTC-26MAR27-74000-C
0.085,0.0865,95.8,0.08578112,1780406844118,2.0,43.96,70230.95,BTC-25DEC26,68983.51,0.08575,68997.04,25DEC26,64000,,P,BTC-25DEC26-64000-P
0.0135,0.0145,25.3,0.01430288,1780406844118,18.6,36.57,69442.63,BTC-28AUG26,68983.51,0.014,68997.04,28AUG26,84000,,C,BTC-28AUG26-84000-C
0.085,0.09,0.0,0.0879104,1780406844118,0.0,64.31,68984.49,BTC-5JUN26,68983.51,0.0875,68997.04,5JUN26,63000,,C,BTC-5JUN26-63000-C
0.0004,0.0006,2022.5,0.00055008,1780406844118,620.1,42.49,69110.06,BTC-26JUN26,68983.51,0.0005,68997.04,26JUN26,88000,,C,BTC-26JUN26-88000-C
0.0011,0.0013,21.5,0.00119186,1780406844118,21.5,64.31,68984.49,BTC-5JUN26,68983.51,0.0012,68997.04,5JUN26,63000,,P,BTC-5JUN26-63000-P
0.2995,0.3105,0.0,0.30366948,1780406844118,0.0,47.88,69047.83,BTC-19JUN26,68983.51,0.305,68997.04,19JUN26,90000,,P,BTC-19JUN26-90000-P
0.1575,0.163,2504.4,0.16013429,1780406844118,1028.1,36.6,69110.06,BTC-26JUN26,68983.51,0.16025,68997.04,26JUN26,80000,,P,BTC-26JUN26-80000-P
0.006,0.0065,9.4,0.00625829,1780406844118,9.5,51.02,68983.51,index_price,68983.51,0.00625,68997.04,3JUN26,68500,,P,BTC-3JUN26-68500-P
0.243,0.253,0.0,0.24600972,1780406844118,0.0,52.01,69028.42,BTC-12JUN26,68983.51,0.248,68997.04,12JUN26,86000,,P,BTC-12JUN26-86000-P
0.0028,0.0031,12.5,0.0030584,1780406844118,15.5,39.64,68983.51,index_price,68983.51,0.00295,68997.04,6JUN26,72000,,C,BTC-6JUN26-72000-C
0.0017,0.0021,2445.7,0.00185834,1780406844118,222.7,42.23,69630.82,BTC-25SEP26,68983.51,0.0019,68997.04,25SEP26,115000,,C,BTC-25SEP26-115000-C
0.1615,0.1645,3.0,0.16333509,1780406844118,0.0,42.64,69442.63,BTC-28AUG26,68983.51,0.163,68997.04,28AUG26,60000,,C,BTC-28AUG26-60000-C
0.706,0.745,0.0,0.71139925,1780406844118,0.0,42.18,70887.17,BTC-26MAR27,68983.51,0.7255,68997.04,26MAR27,120000,,P,BTC-26MAR27-120000-P
0.0001,0.0002,741.8,0.00015432,1780406844118,416.5,59.03,68984.49,BTC-5JUN26,68983.51,0.00015,68997.04,5JUN26,78000,,C,BTC-5JUN26-78000-C
0.0115,0.0125,23.0,0.01198241,1780406844118,23.0,45.38,68983.51,index_price,68983.51,0.012,68997.04,6JUN26,68000,,P,BTC-6JUN26-68000-P
0.0085,0.009,299.8,0.00869239,1780406844118,272.6,45.5,69047.83,BTC-19JUN26,68983.51,0.00875,68997.04,19JUN26,63000,,P,BTC-19JUN26-63000-P
0.033,0.034,5.2,0.03342168,1780406844118,5.5,38.72,69047.83,BTC-19JUN26,68983.51,0.0335,68997.04,19JUN26,69000,,C,BTC-19JUN26-69000-C
0.1715,0.178,4.0,0.17427834,1780406844118,0.0,67.28,68984.49,BTC-5JUN26,68983.51,0.17475,68997.04,5JUN26,81000,,P,BTC-5JUN26-81000-P
0.006,0.007,643.8,0.00639056,1780406844118,526.7,47.07,69028.42,BTC-12JUN26,68983.51,0.0065,68997.04,12JUN26,64000,,P,BTC-12JUN26-64000-P
,0.0001,266.9,0.0,1780406844118,0.0,102.24,69110.06,BTC-26JUN26,68983.51,,68997.04,26JUN26,380000,,C,BTC-26JUN26-380000-C
0.4985,0.518,0.0,0.50343082,1780406844118,0.0,41.76,70887.17,BTC-26MAR27,68983.51,0.50825,68997.04,26MAR27,104000,,P,BTC-26MAR27-104000-P
0.0016,0.002,263.6,0.00185369,1780406844118,286.3,39.81,68984.49,BTC-5JUN26,68983.51,0.0018,68997.04,5JUN26,72000,,C,BTC-5JUN26-72000-C
0.378,0.3875,9.0,0.38230035,1780406844118,0.0,41.72,70887.17,BTC-26MAR27,68983.51,0.38275,68997.04,26MAR27,94000,,P,BTC-26MAR27-94000-P
0.004,0.0043,25.1,0.00422204,1780406844118,25.4,39.63,68983.51,index_price,68983.51,0.00415,68997.04,6JUN26,71500,,C,BTC-6JUN26-71500-C
0.4415,0.451,258.1,0.44525572,1780406844118,0.3,40.26,70230.95,BTC-25DEC26,68983.51,0.44625,68997.04,25DEC26,100000,,P,BTC-25DEC26-100000-P
0.164,0.1665,895.3,0.16545519,1780406844118,5.0,41.73,70230.95,BTC-25DEC26,68983.51,0.16525,68997.04,25DEC26,75000,,P,BTC-25DEC26-75000-P
0.078,0.0795,87.3,0.07850489,1780406844118,31.4,38.15,69441.79,BTC-28AUG26,68983.51,0.07875,68997.04,28AUG26,70000,,P,BTC-28AUG26-70000-P
0.027,0.028,8.2,0.02739238,1780406844118,6.1,42.64,69442.63,BTC-28AUG26,68983.51,0.0275,68997.04,28AUG26,60000,,P,BTC-28AUG26-60000-P
0.029,0.0315,129.4,0.02988497,1780406844118,44.0,42.5,68983.51,index_price,68983.51,0.03025,68997.04,3JUN26,71000,,P,BTC-3JUN26-71000-P
0.0007,0.001,1428.8,0.00084768,1780406844118,0.0,45.7,69629.98,BTC-25SEP26,68983.51,0.00085,68997.04,25SEP26,130000,,C,BTC-25SEP26-130000-C
0.1245,0.1265,309.0,0.12548139,1780406844118,103.5,42.93,70887.17,BTC-26MAR27,68983.51,0.1255,68997.04,26MAR27,76000,,C,BTC-26MAR27-76000-C
0.3685,0.3805,0.0,0.37309393,1780406844118,0.0,39.57,69269.46,BTC-31JUL26,68983.51,0.3745,68997.04,31JUL26,95000,,P,BTC-31JUL26-95000-P
0.0085,0.009,522.8,0.00876117,1780406844118,530.1,46.96,68983.51,index_price,68983.51,0.00875,68997.04,3JUN26,69000,,P,BTC-3JUN26-69000-P
0.004,0.0044,2574.2,0.00429815,1780406844118,187.9,36.04,69110.06,BTC-26JUN26,68983.51,0.0042,68997.04,26JUN26,78000,,C,BTC-26JUN26-78000-C
0.01,0.011,463.1,0.01056135,1780406844118,2.8,37.65,69630.82,BTC-25SEP26,68983.51,0.0105,68997.04,25SEP26,92000,,C,BTC-25SEP26-92000-C
0.0011,0.0013,2268.1,0.00110182,1780406844118,15.6,44.69,69630.82,BTC-25SEP26,68983.51,0.0012,68997.04,25SEP26,125000,,C,BTC-25SEP26-125000-C
0.0245,0.0305,0.0,0.02702734,1780406844118,0.0,50.02,68983.51,index_price,68983.51,0.0275,68997.04,4JUN26,67500,,C,BTC-4JUN26-67500-C
0.012,0.0125,6.5,0.01212887,1780406844118,6.5,44.23,68983.51,index_price,68983.51,0.01225,68997.04,4JUN26,69000,,C,BTC-4JUN26-69000-C
0.0024,0.0029,276.0,0.00259039,1780406844118,0.5,38.09,69268.62,BTC-31JUL26,68983.51,0.00265,68997.04,31JUL26,91000,,C,BTC-31JUL26-91000-C
0.71,0.7235,18.9,0.71615485,1780406844118,0.0,42.04,70230.95,BTC-25DEC26,68983.51,0.71675,68997.04,25DEC26,120000,,P,BTC-25DEC26-120000-P
1.797,2.0,6.6,1.89402937,1780406844118,0.0,85.97,69110.06,BTC-26JUN26,68983.51,1.8985,68997.04,26JUN26,200000,,P,BTC-26JUN26-200000-P
,0.0001,197.1,2e-08,1780406844118,0.0,86.33,69110.06,BTC-26JUN26,68983.51,,68997.04,26JUN26,210000,,C,BTC-26JUN26-210000-C
0.209,0.2125,0.0,0.21097575,1780406844119,0.0,45.42,69442.63,BTC-28AUG26,68983.51,0.21075,68997.04,28AUG26,56000,,C,BTC-28AUG26-56000-C
2.028,2.2525,0.0,2.13318866,1780406844119,0.0,55.74,70230.95,BTC-25DEC26,68983.51,2.14025,68997.04,25DEC26,220000,,P,BTC-25DEC26-220000-P
0.197,0.2,1.0,0.19883114,1780406844119,0.0,44.93,70887.17,BTC-26MAR27,68983.51,0.1985,68997.04,26MAR27,65000,,C,BTC-26MAR27-65000-C
0.012,0.013,676.6,0.01257077,1780406844119,0.3,42.62,70887.17,BTC-26MAR27,68983.51,0.0125,68997.04,26MAR27,130000,,C,BTC-26MAR27-130000-C
0.0425,0.0455,0.0,0.04434831,1780406844119,0.0,42.24,69028.42,BTC-12JUN26,68983.51,0.044,68997.04,12JUN26,67000,,C,BTC-12JUN26-67000-C
0.0001,0.0004,1447.9,0.00021675,1780406844119,1.0,55.57,69629.98,BTC-25SEP26,68983.51,0.00025,68997.04,25SEP26,175000,,C,BTC-25SEP26-175000-C
0.0425,0.051,0.0,0.04667626,1780406844119,0.0,39.64,68983.51,index_price,68983.51,0.04675,68997.04,6JUN26,72000,,P,BTC-6JUN26-72000-P
0.0021,0.0024,92.4,0.00227432,1780406844119,28.0,37.03,69047.83,BTC-19JUN26,68983.51,0.00225,68997.04,19JUN26,78000,,C,BTC-19JUN26-78000-C
0.1105,0.114,3.3,0.11187961,1780406844119,0.2,37.14,69442.63,BTC-28AUG26,68983.51,0.11225,68997.04,28AUG26,74000,,P,BTC-28AUG26-74000-P
0.0007,0.0009,1185.9,0.00080296,1780406844119,566.7,40.17,69047.83,BTC-19JUN26,68983.51,0.0008,68997.04,19JUN26,82000,,C,BTC-19JUN26-82000-C
0.087,0.089,73.8,0.088041,1780406844119,0.3,42.14,70887.17,BTC-26MAR27,68983.51,0.088,68997.04,26MAR27,84000,,C,BTC-26MAR27-84000-C
,0.0001,47.9,0.0,1780406844119,0.0,60.97,68983.51,index_price,68983.51,,68997.04,3JUN26,79000,,C,BTC-3JUN26-79000-C
0.251,0.2595,11.6,0.25373887,1780406844119,0.0,37.1,69630.82,BTC-25SEP26,68983.51,0.25525,68997.04,25SEP26,86000,,P,BTC-25SEP26-86000-P
0.021,0.022,0.0,0.02151485,1780406844119,0.0,48.01,68983.51,index_price,68983.51,0.0215,68997.04,4JUN26,68000,,C,BTC-4JUN26-68000-C
0.0019,0.0022,3.2,0.00217453,1780406844119,3.2,39.64,68983.51,index_price,68983.51,0.00205,68997.04,6JUN26,72500,,C,BTC-6JUN26-72500-C
0.3285,0.3365,26.3,0.33161506,1780406844119,0.0,46.53,69110.06,BTC-26JUN26,68983.51,0.3325,68997.04,26JUN26,92000,,P,BTC-26JUN26-92000-P
0.0001,0.0003,23.4,0.00017795,1780406844119,2.1,46.46,68983.51,index_price,68983.51,0.0002,68997.04,4JUN26,74000,,C,BTC-4JUN26-74000-C
0.099,0.1005,361.8,0.09980732,1780406844119,0.0,39.71,69630.82,BTC-25SEP26,68983.51,0.09975,68997.04,25SEP26,68000,,C,BTC-25SEP26-68000-C
,0.0001,68.7,6.74e-06,1780406844119,0.0,63.11,69630.82,BTC-25SEP26,68983.51,,68997.04,25SEP26,280000,,C,BTC-25SEP26-280000-C
0.0004,0.0008,187.3,0.00051766,1780406844119,0.0,55.89,70230.95,BTC-25DEC26,68983.51,0.0006,68997.04,25DEC26,230000,,C,BTC-25DEC26-230000-C
0.7325,0.7415,722.5,0.73643449,1780406844119,0.0,63.2,69110.06,BTC-26JUN26,68983.51,0.737,68997.04,26JUN26,120000,,P,BTC-26JUN26-120000-P
1.2375,1.4,52.5,1.31522843,1780406844119,0.0,85.89,69110.06,BTC-26JUN26,68983.51,1.31875,68997.04,26JUN26,160000,,P,BTC-26JUN26-160000-P
0.0485,0.058,0.0,0.05303974,1780406844119,0.0,39.64,68983.51,index_price,68983.51,0.05325,68997.04,6JUN26,72500,,P,BTC-6JUN26-72500-P
0.0305,0.032,1506.8,0.03099319,1780406844119,1.1,49.89,70230.95,BTC-25DEC26,68983.51,0.03125,68997.04,25DEC26,50000,,P,BTC-25DEC26-50000-P
,0.0002,91.9,2.312e-05,1780406844119,54.5,55.35,68983.51,index_price,68983.51,,68997.04,3JUN26,74000,,C,BTC-3JUN26-74000-C
0.1715,0.1785,0.0,0.17423731,1780406844119,0.0,60.97,68983.51,index_price,68983.51,0.175,68997.04,3JUN26,81000,,P,BTC-3JUN26-81000-P
0.11,0.1125,0.0,0.11147787,1780406844119,0.0,40.03,69442.63,BTC-28AUG26,68983.51,0.11125,68997.04,28AUG26,65000,,C,BTC-28AUG26-65000-C
0.0002,0.0006,201.0,0.00036376,1780406844119,1.2,52.06,69268.62,BTC-31JUL26,68983.51,0.0004,68997.04,31JUL26,120000,,C,BTC-31JUL26-120000-C
0.064,0.0655,1.7,0.06475703,1780406844119,0.5,38.85,69442.63,BTC-28AUG26,68983.51,0.06475,68997.04,28AUG26,68000,,P,BTC-28AUG26-68000-P
0.072,0.075,414.7,0.07316008,1780406844119,13.4,42.69,68984.7,BTC-5JUN26,68983.51,0.0735,68997.04,5JUN26,74000,,P,BTC-5JUN26-74000-P
0.1155,0.12,0.0,0.11856197,1780406844119,0.0,41.49,69268.62,BTC-31JUL26,68983.51,0.11775,68997.04,31JUL26,63000,,C,BTC-31JUL26-63000-C
0.036,0.0375,5.4,0.03682107,1780406844119,0.1,36.77,69442.63,BTC-28AUG26,68983.51,0.03675,68997.04,28AUG26,76000,,C,BTC-28AUG26-76000-C
0.0415,0.043,1756.9,0.04207601,1780406844119,2.8,47.75,70231.79,BTC-25DEC26,68983.51,0.04225,68997.04,25DEC26,54000,,P,BTC-25DEC26-54000-P
0.341,0.349,4.5,0.34478493,1780406844119,0.0,40.21,70230.95,BTC-25DEC26,68983.51,0.345,68997.04,25DEC26,92000,,P,BTC-25DEC26-92000-P
0.444,0.4525,988.1,0.44717272,1780406844119,7.0,53.1,69110.06,BTC-26JUN26,68983.51,0.44825,68997.04,26JUN26,100000,,P,BTC-26JUN26-100000-P
0.213,0.2185,179.6,0.21526043,1780406844119,5.2,42.68,70887.17,BTC-26MAR27,68983.51,0.21575,68997.04,26MAR27,78000,,P,BTC-26MAR27-78000-P
0.0013,0.0017,45.3,0.00151994,1780406844119,56.3,39.67,68983.51,index_price,68983.51,0.0015,68997.04,6JUN26,73000,,C,BTC-6JUN26-73000-C
0.013,0.014,91.6,0.01354716,1780406844119,0.0,40.71,70230.95,BTC-25DEC26,68983.51,0.0135,68997.04,25DEC26,108000,,C,BTC-25DEC26-108000-C
0.0645,0.066,6526.2,0.06513633,1780406844119,43.6,45.2,70230.95,BTC-25DEC26,68983.51,0.06525,68997.04,25DEC26,60000,,P,BTC-25DEC26-60000-P
2.4405,2.694,10.0,2.56008442,1780406844119,0.0,58.35,70230.95,BTC-25DEC26,68983.51,2.56725,68997.04,25DEC26,250000,,P,BTC-25DEC26-250000-P
0.02,0.021,864.3,0.020613,1780406844119,179.7,37.09,69630.82,BTC-25SEP26,68983.51,0.0205,68997.04,25SEP26,85000,,C,BTC-25SEP26-85000-C
0.0135,0.014,146.3,0.01365848,1780406844119,83.2,42.83,69047.83,BTC-19JUN26,68983.51,0.01375,68997.04,19JUN26,65000,,P,BTC-19JUN26-65000-P
0.0105,0.0115,21.2,0.01088109,1780406844119,22.6,44.1,69047.83,BTC-19JUN26,68983.51,0.011,68997.04,19JUN26,64000,,P,BTC-19JUN26-64000-P
0.0305,0.034,20.0,0.03163931,1780406844119,17.9,40.64,68983.51,index_price,68983.51,0.03225,68997.04,4JUN26,71000,,P,BTC-4JUN26-71000-P
1.5915,1.7905,0.9,1.68302224,1780406844119,0.0,47.95,70887.17,BTC-26MAR27,68983.51,1.691,68997.04,26MAR27,190000,,P,BTC-26MAR27-190000-P
0.064,0.0685,0.1,0.06611622,1780406844119,0.1,41.8,68984.49,BTC-5JUN26,68983.51,0.06625,68997.04,5JUN26,73500,,P,BTC-5JUN26-73500-P
0.0018,0.0022,1206.7,0.0020025,1780406844119,10.5,47.83,70230.95,BTC-25DEC26,68983.51,0.002,68997.04,25DEC26,160000,,C,BTC-25DEC26-160000-C
0.041,0.042,2.0,0.04177628,1780406844119,2.0,39.68,69047.83,BTC-19JUN26,68983.51,0.0415,68997.04,19JUN26,68000,,C,BTC-19JUN26-68000-C
0.295,0.3005,3.4,0.29733156,1780406844119,0.0,40.24,70230.95,BTC-25DEC26,68983.51,0.29775,68997.04,25DEC26,88000,,P,BTC-25DEC26-88000-P
0.0095,0.0105,1158.3,0.00995196,1780406844119,1418.0,46.57,68984.49,BTC-5JUN26,68983.51,0.01,68997.04,5JUN26,68000,,P,BTC-5JUN26-68000-P
0.0335,0.035,4.0,0.03447088,1780406844119,4.2,40.68,69028.42,BTC-12JUN26,68983.51,0.03425,68997.04,12JUN26,68000,,C,BTC-12JUN26-68000-C
0.3825,0.3915,1.0,0.38609745,1780406844119,0.0,38.25,69630.82,BTC-25SEP26,68983.51,0.387,68997.04,25SEP26,96000,,P,BTC-25SEP26-96000-P
0.3905,0.3995,0.6,0.39423206,1780406844119,0.0,40.23,70231.79,BTC-25DEC26,68983.51,0.395,68997.04,25DEC26,96000,,P,BTC-25DEC26-96000-P
0.2575,0.2645,8.1,0.26045235,1780406844119,0.0,36.97,69268.62,BTC-31JUL26,68983.51,0.261,68997.04,31JUL26,87000,,P,BTC-31JUL26-87000-P
0.0465,0.047,140.0,0.0465381,1780406844119,24.3,39.12,69268.62,BTC-31JUL26,68983.51,0.04675,68997.04,31JUL26,67000,,P,BTC-31JUL26-67000-P
0.2435,0.253,0.3,0.24670485,1780406844119,0.0,71.06,68984.49,BTC-5JUN26,68983.51,0.24825,68997.04,5JUN26,86000,,P,BTC-5JUN26-86000-P
0.0385,0.04,2363.6,0.03934052,1780406844119,57.1,40.23,70230.95,BTC-25DEC26,68983.51,0.03925,68997.04,25DEC26,90000,,C,BTC-25DEC26-90000-C
0.189,0.1925,3.6,0.19103004,1780406844119,0.0,44.69,70887.17,BTC-26MAR27,68983.51,0.19075,68997.04,26MAR27,66000,,C,BTC-26MAR27-66000-C
0.0004,0.0006,15.1,0.00050916,1780406844119,10.3,41.44,68983.51,index_price,68983.51,0.0005,68997.04,4JUN26,72500,,C,BTC-4JUN26-72500-C
1.7275,1.935,1.0,1.82360566,1780406844119,0.0,48.7,70887.17,BTC-26MAR27,68983.51,1.83125,68997.04,26MAR27,200000,,P,BTC-26MAR27-200000-P
0.0021,0.0022,1747.0,0.00213714,1780406844119,48.9,74.19,69630.82,BTC-25SEP26,68983.51,0.00215,68997.04,25SEP26,30000,,P,BTC-25SEP26-30000-P
0.0007,0.001,3776.0,0.0008544,1780406844119,3185.3,39.74,69110.06,BTC-26JUN26,68983.51,0.00085,68997.04,26JUN26,85000,,C,BTC-26JUN26-85000-C
0.0645,0.0675,19.1,0.06556562,1780406844119,1.4,55.33,68983.51,index_price,68983.51,0.066,68997.04,3JUN26,73500,,P,BTC-3JUN26-73500-P
0.0049,0.0055,830.9,0.00522874,1780406844119,5.0,45.31,70887.17,BTC-26MAR27,68983.51,0.0052,68997.04,26MAR27,160000,,C,BTC-26MAR27-160000-C
,0.0001,291.3,9.99e-06,1780406844119,1.0,61.4,69629.98,BTC-25SEP26,68983.51,,68997.04,25SEP26,260000,,C,BTC-25SEP26-260000-C
0.049,0.111,0.0,0.08023017,1780406844119,0.0,49.06,68983.51,index_price,68983.51,0.08,68997.04,4JUN26,74500,,P,BTC-4JUN26-74500-P
0.0585,0.06,176.4,0.0589756,1780406844119,87.2,38.15,69268.62,BTC-31JUL26,68983.51,0.05925,68997.04,31JUL26,69000,,P,BTC-31JUL26-69000-P
0.097,0.0985,129.9,0.09776162,1780406844119,0.2,43.44,70230.95,BTC-25DEC26,68983.51,0.09775,68997.04,25DEC26,66000,,P,BTC-25DEC26-66000-P
0.0275,0.028,1654.7,0.02759835,1780406844119,222.6,37.03,69630.82,BTC-25SEP26,68983.51,0.02775,68997.04,25SEP26,82000,,C,BTC-25SEP26-82000-C
0.1425,0.149,5.0,0.14498658,1780406844119,0.9,40.33,69028.42,BTC-12JUN26,68983.51,0.14575,68997.04,12JUN26,79000,,P,BTC-12JUN26-79000-P
0.0405,0.043,399.3,0.04172257,1780406844119,50.0,37.58,69028.42,BTC-12JUN26,68983.51,0.04175,68997.04,12JUN26,71000,,P,BTC-12JUN26-71000-P
,0.0001,759.8,1.51e-06,1780406844119,0.0,85.89,69109.29,BTC-26JUN26,68983.51,,68997.04,26JUN26,170000,,C,BTC-26JUN26-170000-C
0.356,0.3635,0.2,0.35938533,1780406844119,0.0,41.78,70887.17,BTC-26MAR27,68983.51,0.35975,68997.04,26MAR27,92000,,P,BTC-26MAR27-92000-P
0.0145,0.0155,20.0,0.0149626,1780406844119,20.0,42.24,69028.42,BTC-12JUN26,68983.51,0.015,68997.04,12JUN26,67000,,P,BTC-12JUN26-67000-P
1.615,1.811,0.0,1.70637303,1780406844119,0.0,51.77,70230.95,BTC-25DEC26,68983.51,1.713,68997.04,25DEC26,190000,,P,BTC-25DEC26-190000-P
0.5105,0.5125,68.7,0.51131225,1780406844119,0.0,62.2,70230.95,BTC-25DEC26,68983.51,0.5115,68997.04,25DEC26,35000,,C,BTC-25DEC26-35000-C
1.2025,1.371,0.0,1.28017409,1780406844119,0.0,47.83,70230.95,BTC-25DEC26,68983.51,1.28675,68997.04,25DEC26,160000,,P,BTC-25DEC26-160000-P
0.005,0.0055,107.0,0.0052604,1780406844119,12.1,36.89,69269.46,BTC-31JUL26,68983.51,0.00525,68997.04,31JUL26,86000,,C,BTC-31JUL26-86000-C
0.007,0.008,7096.4,0.00752616,1780406844119,56.4,42.04,70230.95,BTC-25DEC26,68983.51,0.0075,68997.04,25DEC26,120000,,C,BTC-25DEC26-120000-C
0.0003,0.0004,0.0,0.00030852,1780406844119,0.0,45.23,68983.51,index_price,68983.51,0.00035,68997.04,6JUN26,76000,,C,BTC-6JUN26-76000-C
0.164,0.167,141.2,0.1646821,1780406844119,16.4,43.5,70888.01,BTC-26MAR27,68983.51,0.1655,68997.04,26MAR27,72000,,P,BTC-26MAR27-72000-P
0.0001,0.0002,3746.6,0.00015806,1780406844119,7.4,53.1,69110.06,BTC-26JUN26,68983.51,0.00015,68997.04,26JUN26,100000,,C,BTC-26JUN26-100000-C
0.0001,0.0003,0.0,0.00018788,1780406844119,0.0,51.82,68983.51,index_price,68983.51,0.0002,68997.04,6JUN26,78000,,C,BTC-6JUN26-78000-C
0.285,0.295,5.9,0.28822057,1780406844119,0.0,37.49,69268.62,BTC-31JUL26,68983.51,0.29,68997.04,31JUL26,89000,,P,BTC-31JUL26-89000-P
0.0026,0.0028,1561.3,0.00266918,1780406844119,9.6,46.53,70230.95,BTC-25DEC26,68983.51,0.0027,68997.04,25DEC26,150000,,C,BTC-25DEC26-150000-C
0.0003,0.0004,817.9,0.00036157,1780406844119,7.3,46.53,69110.06,BTC-26JUN26,68983.51,0.00035,68997.04,26JUN26,92000,,C,BTC-26JUN26-92000-C
0.0765,0.0785,49.8,0.07730884,1780406844119,0.1,46.71,70887.17,BTC-26MAR27,68983.51,0.0775,68997.04,26MAR27,58000,,P,BTC-26MAR27-58000-P
0.0105,0.011,1574.4,0.01062074,1780406844119,473.7,45.94,69110.06,BTC-26JUN26,68983.51,0.01075,68997.04,26JUN26,62000,,P,BTC-26JUN26-62000-P
,0.0001,5.1,1.8e-06,1780406844119,4.0,59.23,68983.51,index_price,68983.51,,68997.04,4JUN26,80000,,C,BTC-4JUN26-80000-C
0.0135,0.0145,36.0,0.01389848,1780406844119,17.7,47.02,69442.63,BTC-28AUG26,68983.51,0.014,68997.04,28AUG26,54000,,P,BTC-28AUG26-54000-P
0.02,0.021,365.0,0.02054251,1780406844119,370.1,36.52,69442.63,BTC-28AUG26,68983.51,0.0205,68997.04,28AUG26,81000,,C,BTC-28AUG26-81000-C
0.004,0.0044,0.5,0.00425943,1780406844119,0.5,38.41,69442.63,BTC-28AUG26,68983.51,0.0042,68997.04,28AUG26,95000,,C,BTC-28AUG26-95000-C
0.0002,0.0003,3826.1,0.00024815,1780406844119,36.9,48.85,69110.06,BTC-26JUN26,68983.51,0.00025,68997.04,26JUN26,95000,,C,BTC-26JUN26-95000-C
0.0008,0.0011,0.2,0.00092484,1780406844119,0.2,67.36,68983.51,index_price,68983.51,0.00095,68997.04,6JUN26,61000,,P,BTC-6JUN26-61000-P
0.015,0.016,343.1,0.01546487,1780406844119,0.1,37.3,69629.98,BTC-25SEP26,68983.51,0.0155,68997.04,25SEP26,88000,,C,BTC-25SEP26-88000-C
0.1565,0.159,15.9,0.15801584,1780406844119,0.1,43.44,70230.95,BTC-25DEC26,68983.51,0.15775,68997.04,25DEC26,66000,,C,BTC-25DEC26-66000-C
0.0185,0.0195,59.8,0.01899209,1780406844119,1.0,40.32,70230.95,BTC-25DEC26,68983.51,0.019,68997.04,25DEC26,102000,,C,BTC-25DEC26-102000-C
,0.0002,39.4,9.53e-06,1780406844119,29.8,55.44,68983.51,index_price,68983.51,,68997.04,3JUN26,74500,,C,BTC-3JUN26-74500-C
0.077,0.078,2.0,0.07768283,1780406844119,1.0,38.46,69442.63,BTC-28AUG26,68983.51,0.0775,68997.04,28AUG26,69000,,C,BTC-28AUG26-69000-C
0.0355,0.037,15.8,0.03630316,1780406844119,0.9,41.76,70887.17,BTC-26MAR27,68983.51,0.03625,68997.04,26MAR27,104000,,C,BTC-26MAR27-104000-C
0.3675,0.377,0.0,0.37235014,1780406844119,0.0,38.41,69442.63,BTC-28AUG26,68983.51,0.37225,68997.04,28AUG26,95000,,P,BTC-28AUG26-95000-P
0.0016,0.0018,2188.5,0.00169327,1780406844119,1.3,49.64,70231.79,BTC-25DEC26,68983.51,0.0017,68997.04,25DEC26,170000,,C,BTC-25DEC26-170000-C
0.0001,0.0002,681.7,0.00015238,1780406844119,89.9,49.78,69028.42,BTC-12JUN26,68983.51,0.00015,68997.04,12JUN26,85000,,C,BTC-12JUN26-85000-C
0.124,0.126,423.2,0.12517251,1780406844119,1.0,40.77,69629.98,BTC-25SEP26,68983.51,0.125,68997.04,25SEP26,65000,,C,BTC-25SEP26-65000-C
0.841,0.8565,0.2,0.84648035,1780406844119,0.0,42.62,70887.17,BTC-26MAR27,68983.51,0.84875,68997.04,26MAR27,130000,,P,BTC-26MAR27-130000-P
0.2315,0.237,135.5,0.23379898,1780406844119,0.0,42.48,70887.17,BTC-26MAR27,68983.51,0.23425,68997.04,26MAR27,80000,,P,BTC-26MAR27-80000-P
0.015,0.0155,999.7,0.01532986,1780406844119,189.7,43.32,69110.06,BTC-26JUN26,68983.51,0.01525,68997.04,26JUN26,64000,,P,BTC-26JUN26-64000-P
0.1395,0.1425,0.0,0.14145705,1780406844119,0.0,41.51,69442.63,BTC-28AUG26,68983.51,0.141,68997.04,28AUG26,62000,,C,BTC-28AUG26-62000-C
0.062,0.0655,255.4,0.06349164,1780406844119,20.2,36.94,69028.42,BTC-12JUN26,68983.51,0.06375,68997.04,12JUN26,73000,,P,BTC-12JUN26-73000-P
,0.0001,174.0,4.68e-06,1780406844119,0.0,64.66,69630.82,BTC-25SEP26,68983.51,,68997.04,25SEP26,300000,,C,BTC-25SEP26-300000-C
0.4565,0.46,20.1,0.4582289,1780406844119,0.0,55.01,70887.17,BTC-26MAR27,68983.51,0.45825,68997.04,26MAR27,40000,,C,BTC-26MAR27-40000-C
0.0995,0.1375,0.0,0.10175414,1780406844119,0.0,56.42,68983.51,index_price,68983.51,0.1185,68997.04,3JUN26,76000,,P,BTC-3JUN26-76000-P
0.0007,0.001,161.5,0.00078837,1780406844119,1.1,47.62,69629.98,BTC-25SEP26,68983.51,0.00085,68997.04,25SEP26,135000,,C,BTC-25SEP26-135000-C
0.105,0.1065,282.0,0.10561816,1780406844119,16.1,38.56,69630.82,BTC-25SEP26,68983.51,0.10575,68997.04,25SEP26,72000,,P,BTC-25SEP26-72000-P
0.044,0.045,820.5,0.04434548,1780406844119,3.7,42.03,69629.98,BTC-25SEP26,68983.51,0.0445,68997.04,25SEP26,62000,,P,BTC-25SEP26-62000-P
0.0125,0.0135,384.1,0.01316116,1780406844119,387.4,37.58,69027.58,BTC-12JUN26,68983.51,0.013,68997.04,12JUN26,71000,,C,BTC-12JUN26-71000-C
0.0235,0.0245,128.5,0.02396549,1780406844119,16.2,36.13,69269.46,BTC-31JUL26,68983.51,0.024,68997.04,31JUL26,76000,,C,BTC-31JUL26-76000-C
,0.0001,122.8,3.72e-06,1780406844119,112.5,55.5,68983.51,index_price,68983.51,,68997.04,3JUN26,75000,,C,BTC-3JUN26-75000-C
0.285,0.2895,0.0,0.28815505,1780406844119,0.0,47.66,70887.17,BTC-26MAR27,68983.51,0.28725,68997.04,26MAR27,55000,,C,BTC-26MAR27-55000-C
0.222,0.2245,2.2,0.22329564,1780406844119,0.0,45.61,70887.17,BTC-26MAR27,68983.51,0.22325,68997.04,26MAR27,62000,,C,BTC-26MAR27-62000-C
0.0011,0.0014,40.9,0.00128902,1780406844119,0.8,42.92,69442.63,BTC-28AUG26,68983.51,0.00125,68997.04,28AUG26,110000,,C,BTC-28AUG26-110000-C
0.0055,0.006,10.5,0.00572017,1780406844119,10.5,39.64,68983.51,index_price,68983.51,0.00575,68997.04,6JUN26,71000,,C,BTC-6JUN26-71000-C
0.3005,0.3125,0.0,0.30468798,1780406844119,0.0,72.07,68984.49,BTC-5JUN26,68983.51,0.3065,68997.04,5JUN26,90000,,P,BTC-5JUN26-90000-P
0.0001,0.0003,159.0,0.00019975,1780406844119,197.8,47.08,68983.51,index_price,68983.51,0.0002,68997.04,3JUN26,72000,,C,BTC-3JUN26-72000-C
0.7195,0.7325,173.8,0.72478321,1780406844119,0.0,43.45,69629.98,BTC-25SEP26,68983.51,0.726,68997.04,25SEP26,120000,,P,BTC-25SEP26-120000-P
0.0011,0.0013,149.9,0.00121421,1780406844119,131.4,39.84,68984.49,BTC-5JUN26,68983.51,0.0012,68997.04,5JUN26,72500,,C,BTC-5JUN26-72500-C
0.0045,0.0049,9.0,0.00469714,1780406844119,5.0,38.16,69442.63,BTC-28AUG26,68983.51,0.0047,68997.04,28AUG26,94000,,C,BTC-28AUG26-94000-C
0.045,0.046,2979.2,0.04549016,1780406844119,666.7,37.77,69110.06,BTC-26JUN26,68983.51,0.0455,68997.04,26JUN26,70000,,P,BTC-26JUN26-70000-P
0.0001,0.0002,1428.5,0.00011452,1780406844119,107.9,67.16,68984.49,BTC-5JUN26,68983.51,0.00015,68997.04,5JUN26,80000,,C,BTC-5JUN26-80000-C
0.0016,0.002,340.9,0.00179076,1780406844119,222.1,60.12,69047.83,BTC-19JUN26,68983.51,0.0018,68997.04,19JUN26,55000,,P,BTC-19JUN26-55000-P
0.077,0.0785,654.6,0.07790794,1780406844119,22.0,42.15,69110.06,BTC-26JUN26,68983.51,0.07775,68997.04,26JUN26,65000,,C,BTC-26JUN26-65000-C
0.294,0.297,32.6,0.2956461,1780406844120,0.0,49.96,69629.98,BTC-25SEP26,68983.51,0.2955,68997.04,25SEP26,50000,,C,BTC-25SEP26-50000-C
0.0037,0.004,3.5,0.00388236,1780406844120,0.6,38.7,69442.63,BTC-28AUG26,68983.51,0.00385,68997.04,28AUG26,96000,,C,BTC-28AUG26-96000-C
0.0275,0.0285,99.0,0.02778229,1780406844120,89.8,36.25,69269.46,BTC-31JUL26,68983.51,0.028,68997.04,31JUL26,75000,,C,BTC-31JUL26-75000-C
,0.0001,0.0,0.0,1780406844120,0.0,60.97,68983.51,index_price,68983.51,,68997.04,3JUN26,81000,,C,BTC-3JUN26-81000-C
0.2995,0.3115,0.1,0.30385576,1780406844120,0.0,54.83,69028.42,BTC-12JUN26,68983.51,0.3055,68997.04,12JUN26,90000,,P,BTC-12JUN26-90000-P
0.007,0.008,263.8,0.00739841,1780406844120,11.1,38.25,69630.82,BTC-25SEP26,68983.51,0.0075,68997.04,25SEP26,96000,,C,BTC-25SEP26-96000-C
0.025,0.026,28.7,0.02566118,1780406844120,2.0,41.86,70887.17,BTC-26MAR27,68983.51,0.0255,68997.04,26MAR27,112000,,C,BTC-26MAR27-112000-C
0.0955,0.0975,171.8,0.09611525,1780406844120,13.5,42.25,70887.17,BTC-26MAR27,68983.51,0.0965,68997.04,26MAR27,82000,,C,BTC-26MAR27-82000-C
0.186,0.193,0.0,0.18873406,1780406844120,0.0,60.97,68983.51,index_price,68983.51,0.1895,68997.04,3JUN26,82000,,P,BTC-3JUN26-82000-P
0.0008,0.0009,1582.7,0.00076175,1780406844120,1035.3,39.36,69028.42,BTC-12JUN26,68983.51,0.00085,68997.04,12JUN26,78000,,C,BTC-12JUN26-78000-C
,0.0001,2651.1,9.23e-06,1780406844120,0.0,82.82,69110.06,BTC-26JUN26,68983.51,,68997.04,26JUN26,150000,,C,BTC-26JUN26-150000-C
0.0005,0.0008,260.8,0.00063269,1780406844120,0.0,46.17,69268.62,BTC-31JUL26,68983.51,0.00065,68997.04,31JUL26,108000,,C,BTC-31JUL26-108000-C
0.2305,0.2335,82.1,0.23246698,1780406844120,0.0,46.03,69630.82,BTC-25SEP26,68983.51,0.232,68997.04,25SEP26,55000,,C,BTC-25SEP26-55000-C
0.214,0.2205,38.5,0.21651353,1780406844120,0.0,38.92,69110.06,BTC-26JUN26,68983.51,0.21725,68997.04,26JUN26,84000,,P,BTC-26JUN26-84000-P
0.1175,0.1215,0.0,0.11923979,1780406844120,0.0,53.5,69027.58,BTC-12JUN26,68983.51,0.1195,68997.04,12JUN26,61000,,C,BTC-12JUN26-61000-C
0.0705,0.0715,2.0,0.07078928,1780406844120,1.1,38.62,69268.62,BTC-31JUL26,68983.51,0.071,68997.04,31JUL26,68000,,C,BTC-31JUL26-68000-C
0.0009,0.0011,196.5,0.00098227,1780406844120,1.0,41.62,69268.62,BTC-31JUL26,68983.51,0.001,68997.04,31JUL26,100000,,C,BTC-31JUL26-100000-C
0.1555,0.158,61.8,0.15688038,1780406844120,11.5,41.89,70231.79,BTC-25DEC26,68983.51,0.15675,68997.04,25DEC26,74000,,P,BTC-25DEC26-74000-P
0.0595,0.0605,469.5,0.05979257,1780406844120,100.6,38.06,69629.98,BTC-25SEP26,68983.51,0.06,68997.04,25SEP26,74000,,C,BTC-25SEP26-74000-C
0.1065,0.109,3.0,0.10795283,1780406844120,0.0,40.8,69268.62,BTC-31JUL26,68983.51,0.10775,68997.04,31JUL26,64000,,C,BTC-31JUL26-64000-C
0.1205,0.1705,0.0,0.13083564,1780406844120,0.0,57.43,68983.51,index_price,68983.51,0.1455,68997.04,4JUN26,78000,,P,BTC-4JUN26-78000-P
0.005,0.0055,852.3,0.00531145,1780406844120,171.3,52.05,69110.06,BTC-26JUN26,68983.51,0.00525,68997.04,26JUN26,58000,,P,BTC-26JUN26-58000-P
0.087,0.092,215.2,0.08900877,1780406844120,1.4,37.12,69027.58,BTC-12JUN26,68983.51,0.0895,68997.04,12JUN26,75000,,P,BTC-12JUN26-75000-P
0.1295,0.1325,223.8,0.13088375,1780406844120,15.0,59.03,68984.49,BTC-5JUN26,68983.51,0.131,68997.04,5JUN26,78000,,P,BTC-5JUN26-78000-P
0.0075,0.008,103.9,0.00776839,1780406844120,103.9,40.11,68983.51,index_price,68983.51,0.00775,68997.04,6JUN26,70500,,C,BTC-6JUN26-70500-C
0.058,0.0625,4.1,0.06042717,1780406844120,4.1,56.87,68984.49,BTC-5JUN26,68983.51,0.06025,68997.04,5JUN26,65000,,C,BTC-5JUN26-65000-C
,0.0001,203.9,0.0,1780406844120,0.0,60.97,68983.51,index_price,68983.51,,68997.04,3JUN26,80000,,C,BTC-3JUN26-80000-C
0.0565,0.058,603.8,0.05732858,1780406844120,2.2,40.7,70230.95,BTC-25DEC26,68983.51,0.05725,68997.04,25DEC26,84000,,C,BTC-25DEC26-84000-C
0.186,0.1925,0.0,0.18842562,1780406844120,0.0,40.17,69046.99,BTC-19JUN26,68983.51,0.18925,68997.04,19JUN26,82000,,P,BTC-19JUN26-82000-P
0.012,0.013,231.4,0.01262641,1780406844120,229.1,36.58,69442.63,BTC-28AUG26,68983.51,0.0125,68997.04,28AUG26,85000,,C,BTC-28AUG26-85000-C
0.14,0.1425,640.7,0.14100084,1780406844120,16.3,37.62,69630.82,BTC-25SEP26,68983.51,0.14125,68997.04,25SEP26,76000,,P,BTC-25SEP26-76000-P
0.003,0.0034,4.5,0.00324054,1780406844120,1.2,39.27,69442.63,BTC-28AUG26,68983.51,0.0032,68997.04,28AUG26,98000,,C,BTC-28AUG26-98000-C
0.157,0.1645,0.0,0.15974055,1780406844120,0.0,60.97,68983.51,index_price,68983.51,0.16075,68997.04,3JUN26,80000,,P,BTC-3JUN26-80000-P
0.0575,0.0655,0.0,0.06166473,1780406844120,0.0,54.26,68983.51,index_price,68983.51,0.0615,68997.04,6JUN26,65000,,C,BTC-6JUN26-65000-C
,0.0002,4.3,2.263e-05,1780406844120,1.1,51.72,68983.51,index_price,68983.51,,68997.04,4JUN26,76500,,C,BTC-4JUN26-76500-C
0.0025,0.0029,68.8,0.00273901,1780406844120,34.5,39.88,69442.63,BTC-28AUG26,68983.51,0.0027,68997.04,28AUG26,100000,,C,BTC-28AUG26-100000-C
0.091,0.093,277.3,0.09220574,1780406844120,4.0,41.6,70230.95,BTC-25DEC26,68983.51,0.092,68997.04,25DEC26,76000,,C,BTC-25DEC26-76000-C
0.0023,0.0026,77.1,0.00256154,1780406844120,79.4,42.33,68983.51,index_price,68983.51,0.00245,68997.04,3JUN26,70000,,C,BTC-3JUN26-70000-C
0.007,0.0075,81.2,0.00736057,1780406844120,25.2,48.01,68983.51,index_price,68983.51,0.00725,68997.04,4JUN26,68000,,P,BTC-4JUN26-68000-P
0.0001,0.0002,8.6,6.85e-05,1780406844120,7.0,51.28,68983.51,index_price,68983.51,0.00015,68997.04,4JUN26,75500,,C,BTC-4JUN26-75500-C
0.0019,0.0022,63.2,0.00207923,1780406844120,71.3,60.4,68983.51,index_price,68983.51,0.00205,68997.04,3JUN26,67000,,P,BTC-3JUN26-67000-P
0.0001,0.0002,2563.8,0.00014726,1780406844120,223.3,116.72,69110.06,BTC-26JUN26,68983.51,0.00015,68997.04,26JUN26,30000,,P,BTC-26JUN26-30000-P
0.0175,0.0185,259.9,0.01825582,1780406844120,137.2,36.55,69442.63,BTC-28AUG26,68983.51,0.018,68997.04,28AUG26,82000,,C,BTC-28AUG26-82000-C
0.0165,0.0175,59.2,0.01692116,1780406844120,1.5,40.43,70230.95,BTC-25DEC26,68983.51,0.017,68997.04,25DEC26,104000,,C,BTC-25DEC26-104000-C
0.0185,0.019,5.5,0.01884424,1780406844120,7.7,38.43,69028.42,BTC-12JUN26,68983.51,0.01875,68997.04,12JUN26,70000,,C,BTC-12JUN26-70000-C
0.115,0.117,79.7,0.11633908,1780406844120,0.0,40.4,69629.98,BTC-25SEP26,68983.51,0.116,68997.04,25SEP26,66000,,C,BTC-25SEP26-66000-C
1.1515,1.3105,0.1,1.22641722,1780406844120,0.0,51.97,69629.98,BTC-25SEP26,68983.51,1.231,68997.04,25SEP26,155000,,P,BTC-25SEP26-155000-P
0.0035,0.0038,1039.5,0.00362933,1780406844120,1.0,40.03,69629.98,BTC-25SEP26,68983.51,0.00365,68997.04,25SEP26,105000,,C,BTC-25SEP26-105000-C
0.0485,0.0495,103.9,0.04884464,1780406844120,99.4,37.38,69268.62,BTC-31JUL26,68983.51,0.049,68997.04,31JUL26,71000,,C,BTC-31JUL26-71000-C
0.044,0.0445,1740.0,0.04433718,1780406844120,15.8,40.24,70230.95,BTC-25DEC26,68983.51,0.04425,68997.04,25DEC26,88000,,C,BTC-25DEC26-88000-C
0.036,0.0385,77.9,0.03684333,1780406844120,56.8,44.23,68983.51,index_price,68983.51,0.03725,68997.04,3JUN26,71500,,P,BTC-3JUN26-71500-P
0.0012,0.0014,1396.0,0.00128025,1780406844120,1079.5,38.29,69047.83,BTC-19JUN26,68983.51,0.0013,68997.04,19JUN26,80000,,C,BTC-19JUN26-80000-C
0.07,0.0735,1.0,0.07225028,1780406844120,0.0,42.83,69047.83,BTC-19JUN26,68983.51,0.07175,68997.04,19JUN26,65000,,C,BTC-19JUN26-65000-C
0.5115,0.522,0.0,0.51598766,1780406844120,0.0,41.77,70887.17,BTC-26MAR27,68983.51,0.51675,68997.04,26MAR27,105000,,P,BTC-26MAR27-105000-P
0.173,0.18,0.5,0.17516649,1780406844120,0.0,36.5,69442.63,BTC-28AUG26,68983.51,0.1765,68997.04,28AUG26,80000,,P,BTC-28AUG26-80000-P
0.0505,0.0545,280.5,0.0519614,1780406844120,25.4,37.04,69028.42,BTC-12JUN26,68983.51,0.0525,68997.04,12JUN26,72000,,P,BTC-12JUN26-72000-P
0.021,0.022,1.0,0.02163605,1780406844120,1.0,44.18,68983.51,index_price,68983.51,0.0215,68997.04,6JUN26,68500,,C,BTC-6JUN26-68500-C
1.517,1.7,37.1,1.60462686,1780406844120,0.0,85.89,69110.06,BTC-26JUN26,68983.51,1.6085,68997.04,26JUN26,180000,,P,BTC-26JUN26-180000-P
0.0003,0.0005,1054.4,0.00040312,1780406844120,14.7,42.68,69047.83,BTC-19JUN26,68983.51,0.0004,68997.04,19JUN26,85000,,C,BTC-19JUN26-85000-C
0.0048,0.0055,96.0,0.00495391,1780406844120,98.3,44.34,68983.51,index_price,68983.51,0.00515,68997.04,3JUN26,69500,,C,BTC-3JUN26-69500-C
0.0038,0.0041,119.7,0.00400354,1780406844120,140.0,39.8,68984.7,BTC-5JUN26,68983.51,0.00395,68997.04,5JUN26,71000,,C,BTC-5JUN26-71000-C
0.5875,0.5975,929.2,0.59181052,1780406844120,0.0,61.98,69110.06,BTC-26JUN26,68983.51,0.5925,68997.04,26JUN26,110000,,P,BTC-26JUN26-110000-P
0.011,0.012,1.8,0.01131346,1780406844120,1.8,49.02,69442.63,BTC-28AUG26,68983.51,0.0115,68997.04,28AUG26,52000,,P,BTC-28AUG26-52000-P
0.203,0.21,196.8,0.20523711,1780406844120,2.3,37.03,69629.98,BTC-25SEP26,68983.51,0.2065,68997.04,25SEP26,82000,,P,BTC-25SEP26-82000-P
0.6005,0.6235,0.0,0.60564482,1780406844120,0.0,41.86,70887.17,BTC-26MAR27,68983.51,0.612,68997.04,26MAR27,112000,,P,BTC-26MAR27-112000-P
0.0705,0.08,0.6,0.07278313,1780406844120,1.0,55.35,68983.51,index_price,68983.51,0.07525,68997.04,3JUN26,74000,,P,BTC-3JUN26-74000-P
0.009,0.01,1243.2,0.00945565,1780406844120,105.9,36.07,69268.62,BTC-31JUL26,68983.51,0.0095,68997.04,31JUL26,82000,,C,BTC-31JUL26-82000-C
0.2295,0.232,39.6,0.23070828,1780406844120,0.0,45.99,70230.95,BTC-25DEC26,68983.51,0.23075,68997.04,25DEC26,58000,,C,BTC-25DEC26-58000-C
0.036,0.037,96.3,0.03626312,1780406844120,8.0,40.2,69268.62,BTC-31JUL26,68983.51,0.0365,68997.04,31JUL26,65000,,P,BTC-31JUL26-65000-P
0.047,0.0485,31.2,0.04753994,1780406844120,18.4,40.03,69442.63,BTC-28AUG26,68983.51,0.04775,68997.04,28AUG26,65000,,P,BTC-28AUG26-65000-P
0.5155,0.525,310.9,0.51951841,1780406844120,0.0,59.05,69110.06,BTC-26JUN26,68983.51,0.52025,68997.04,26JUN26,105000,,P,BTC-26JUN26-105000-P
0.078,0.107,0.2,0.08001792,1780406844120,0.2,55.44,68983.51,index_price,68983.51,0.0925,68997.04,3JUN26,74500,,P,BTC-3JUN26-74500-P
,0.0001,1944.0,7.53e-06,1780406844120,0.0,63.95,69110.06,BTC-26JUN26,68983.51,,68997.04,26JUN26,125000,,C,BTC-26JUN26-125000-C
0.228,0.235,2850.2,0.23081686,1780406844120,5.3,39.74,69110.06,BTC-26JUN26,68983.51,0.2315,68997.04,26JUN26,85000,,P,BTC-26JUN26-85000-P
0.71,0.711,103.6,0.71061592,1780406844120,0.2,144.1,69110.06,BTC-26JUN26,68983.51,0.7105,68997.04,26JUN26,20000,,C,BTC-26JUN26-20000-C
0.072,0.0745,14.2,0.07301006,1780406844120,0.4,46.46,68983.51,index_price,68983.51,0.07325,68997.04,4JUN26,74000,,P,BTC-4JUN26-74000-P
0.0635,0.065,189.6,0.06419468,1780406844120,15.5,40.4,69629.98,BTC-25SEP26,68983.51,0.06425,68997.04,25SEP26,66000,,P,BTC-25SEP26-66000-P
0.0535,0.0545,1666.7,0.05399014,1780406844120,43.1,40.65,70231.79,BTC-25DEC26,68983.51,0.054,68997.04,25DEC26,85000,,C,BTC-25DEC26-85000-C
0.4155,0.4245,0.7,0.41958359,1780406844120,0.0,40.25,70230.95,BTC-25DEC26,68983.51,0.42,68997.04,25DEC26,98000,,P,BTC-25DEC26-98000-P
0.3,0.3075,0.5,0.30313857,1780406844120,0.1,37.18,69442.63,BTC-28AUG26,68983.51,0.30375,68997.04,28AUG26,90000,,P,BTC-28AUG26-90000-P
0.114,0.116,55.8,0.11491468,1780406844120,34.3,42.68,70887.17,BTC-26MAR27,68983.51,0.115,68997.04,26MAR27,78000,,C,BTC-26MAR27-78000-C
0.066,0.068,457.5,0.06730447,1780406844120,2.0,41.17,69109.29,BTC-26JUN26,68983.51,0.067,68997.04,26JUN26,66000,,C,BTC-26JUN26-66000-C
0.234,0.2425,0.4,0.23670757,1780406844120,0.0,36.58,69442.63,BTC-28AUG26,68983.51,0.23825,68997.04,28AUG26,85000,,P,BTC-28AUG26-85000-P
1.776,1.9785,0.1,1.87238653,1780406844120,0.0,58.55,69629.98,BTC-25SEP26,68983.51,1.87725,68997.04,25SEP26,200000,,P,BTC-25SEP26-200000-P
0.085,0.086,1.0,0.0854921,1780406844120,1.1,38.85,69442.63,BTC-28AUG26,68983.51,0.0855,68997.04,28AUG26,68000,,C,BTC-28AUG26-68000-C
0.8765,0.887,106.4,0.88112722,1780406844121,4.3,68.16,69110.06,BTC-26JUN26,68983.51,0.88175,68997.04,26JUN26,130000,,P,BTC-26JUN26-130000-P
0.0004,0.0006,0.0,0.00050601,1780406844121,0.0,43.23,68983.51,index_price,68983.51,0.0005,68997.04,6JUN26,75000,,C,BTC-6JUN26-75000-C
0.26,0.2645,0.0,0.26246381,1780406844121,0.0,49.02,69442.63,BTC-28AUG26,68983.51,0.26225,68997.04,28AUG26,52000,,C,BTC-28AUG26-52000-C
0.025,0.028,25.4,0.02570943,1780406844121,20.4,40.64,68983.51,index_price,68983.51,0.0265,68997.04,4JUN26,70500,,P,BTC-4JUN26-70500-P
0.005,0.006,0.0,0.00562419,1780406844121,0.0,50.02,68983.51,index_price,68983.51,0.0055,68997.04,4JUN26,67500,,P,BTC-4JUN26-67500-P
0.0815,0.083,211.1,0.08220725,1780406844121,0.1,41.36,70230.95,BTC-25DEC26,68983.51,0.08225,68997.04,25DEC26,78000,,C,BTC-25DEC26-78000-C
0.0016,0.0017,2461.1,0.00164637,1780406844121,11.9,67.09,69110.06,BTC-26JUN26,68983.51,0.00165,68997.04,26JUN26,50000,,P,BTC-26JUN26-50000-P
0.239,0.2455,491.8,0.24133611,1780406844121,0.0,37.09,69629.98,BTC-25SEP26,68983.51,0.24225,68997.04,25SEP26,85000,,P,BTC-25SEP26-85000-P
0.043,0.0455,58.7,0.04396624,1780406844121,9.6,47.08,68983.51,index_price,68983.51,0.04425,68997.04,3JUN26,72000,,P,BTC-3JUN26-72000-P
0.2345,0.2375,0.0,0.23624692,1780406844121,0.0,47.02,69442.63,BTC-28AUG26,68983.51,0.236,68997.04,28AUG26,54000,,C,BTC-28AUG26-54000-C
,0.0001,290.8,0.0,1780406844121,0.0,72.07,68984.49,BTC-5JUN26,68983.51,,68997.04,5JUN26,95000,,C,BTC-5JUN26-95000-C
0.0005,0.0008,42.8,0.00064179,1780406844121,0.0,44.59,69268.62,BTC-31JUL26,68983.51,0.00065,68997.04,31JUL26,106000,,C,BTC-31JUL26-106000-C
0.0445,0.052,0.0,0.04890549,1780406844121,0.0,51.09,68983.51,index_price,68983.51,0.04825,68997.04,6JUN26,66000,,C,BTC-6JUN26-66000-C
0.0245,0.025,504.2,0.02469715,1780406844121,109.6,42.24,69268.62,BTC-31JUL26,68983.51,0.02475,68997.04,31JUL26,62000,,P,BTC-31JUL26-62000-P
0.11,0.138,0.0,0.11634575,1780406844121,0.0,49.02,68983.51,index_price,68983.51,0.124,68997.04,6JUN26,77000,,P,BTC-6JUN26-77000-P
0.029,0.0365,0.0,0.03288485,1780406844121,0.0,51.78,68983.51,index_price,68983.51,0.03275,68997.04,4JUN26,67000,,C,BTC-4JUN26-67000-C
0.378,0.3875,90.5,0.38170118,1780406844121,0.0,40.22,70230.95,BTC-25DEC26,68983.51,0.38275,68997.04,25DEC26,95000,,P,BTC-25DEC26-95000-P
