bid_price,ask_price,open_interest,mark_price,creation_timestamp_x,volume,mark_iv,underlying_price,underlying_index,estimated_delivery_price,mid_price,price_index,expiration_timestamp,strike,settlement_period,option_type,instrument_id
0.2295,0.2385,0.2,0.23259568,1780406837589,0.0,68.53,68967.43,BTC-5JUN26,68967.89,0.234,68982.19,5JUN26,85000,,P,BTC-5JUN26-85000-P
0.131,0.1325,2970.9,0.13181135,1780406837589,6.2,37.86,69614.19,BTC-25SEP26,68967.89,0.13175,68982.19,25SEP26,75000,,P,BTC-25SEP26-75000-P
0.0033,0.0037,1436.8,0.0034551,1780406837589,5.9,44.77,70214.12,BTC-25DEC26,68967.89,0.0035,68982.19,25DEC26,140000,,C,BTC-25DEC26-140000-C
0.012,0.013,2245.4,0.01262142,1780406837589,214.5,37.36,69614.19,BTC-25SEP26,68967.89,0.0125,68982.19,25SEP26,90000,,C,BTC-25SEP26-90000-C
0.1735,0.1755,148.1,0.17451818,1780406837589,1.7,41.6,70215.56,BTC-25DEC26,68967.89,0.1745,68982.19,25DEC26,76000,,P,BTC-25DEC26-76000-P
0.0003,0.0005,1202.3,0.00044057,1780406837589,0.1,58.35,70215.56,BTC-25DEC26,68967.89,0.0004,68982.19,25DEC26,250000,,C,BTC-25DEC26-250000-C
0.0185,0.0195,31.9,0.01896739,1780406837589,50.9,42.32,68967.35,BTC-5JUN26,68967.89,0.019,68982.19,5JUN26,69500,,P,BTC-5JUN26-69500-P
0.161,0.163,901.1,0.1619125,1780406837589,0.9,43.84,70871.11,BTC-26MAR27,68967.89,0.162,68982.19,26MAR27,70000,,C,BTC-26MAR27-70000-C
0.357,0.3675,7.6,0.3608489,1780406837589,0.0,47.43,69093.42,BTC-26JUN26,68967.89,0.36225,68982.19,26JUN26,94000,,P,BTC-26JUN26-94000-P
0.0007,0.0009,14.1,0.00080362,1780406837589,29.0,40.66,68968.38,index_price,68967.89,0.0008,68982.19,4JUN26,72000,,C,BTC-4JUN26-72000-C
,0.0001,264.7,8.94e-06,1780406837589,0.0,85.88,69093.42,BTC-26JUN26,68967.89,,68982.19,26JUN26,155000,,C,BTC-26JUN26-155000-C
0.0085,0.0095,25.1,0.00902746,1780406837589,13.3,37.1,69425.14,BTC-28AUG26,68967.89,0.009,68982.19,28AUG26,88000,,C,BTC-28AUG26-88000-C
0.191,0.1975,104.0,0.19358834,1780406837589,0.0,36.07,69252.97,BTC-31JUL26,68967.89,0.19425,68982.19,31JUL26,82000,,P,BTC-31JUL26-82000-P
0.0007,0.0008,1064.7,0.00070744,1780406837589,27.4,40.5,69093.42,BTC-26JUN26,68967.89,0.00075,68982.19,26JUN26,86000,,C,BTC-26JUN26-86000-C
0.055,0.0595,0.0,0.05795118,1780406837589,0.0,72.23,68968.38,index_price,68967.89,0.05725,68982.19,3JUN26,65000,,C,BTC-3JUN26-65000-C
0.02,0.021,78.4,0.02076711,1780406837589,54.1,41.71,68968.38,index_price,68967.89,0.0205,68982.19,4JUN26,70000,,P,BTC-4JUN26-70000-P
0.1655,0.171,375.9,0.16817853,1780406837589,6.2,35.96,69252.97,BTC-31JUL26,68967.89,0.16825,68982.19,31JUL26,80000,,P,BTC-31JUL26-80000-P
0.0735,0.0745,108.3,0.0740333,1780406837589,7.7,37.38,69252.97,BTC-31JUL26,68967.89,0.074,68982.19,31JUL26,71000,,P,BTC-31JUL26-71000-P
0.6545,0.6695,0.1,0.66118428,1780406837589,0.0,49.76,69252.97,BTC-31JUL26,68967.89,0.662,68982.19,31JUL26,115000,,P,BTC-31JUL26-115000-P
,0.0001,8.0,5.1e-07,1780406837589,0.0,59.32,68968.38,index_price,68967.89,,68982.19,4JUN26,81000,,C,BTC-4JUN26-81000-C
0.091,0.0925,532.1,0.09176272,1780406837589,58.1,43.7,70215.56,BTC-25DEC26,68967.89,0.09175,68982.19,25DEC26,65000,,P,BTC-25DEC26-65000-P
0.0095,0.0105,0.6,0.00996228,1780406837589,0.6,46.71,68967.89,index_price,68967.89,0.01,68982.19,6JUN26,67500,,P,BTC-6JUN26-67500-P
0.017,0.018,125.1,0.0175178,1780406837589,145.1,42.71,68967.89,index_price,68967.89,0.0175,68982.19,6JUN26,69000,,P,BTC-6JUN26-69000-P
0.0075,0.0085,801.4,0.00801521,1780406837589,404.9,36.12,69252.97,BTC-31JUL26,68967.89,0.008,68982.19,31JUL26,83000,,C,BTC-31JUL26-83000-C
0.055,0.063,0.0,0.05893266,1780406837589,0.0,60.99,68968.38,index_price,68967.89,0.059,68982.19,4JUN26,65000,,C,BTC-4JUN26-65000-C
0.0625,0.063,14.2,0.06269875,1780406837589,0.0,38.15,69252.97,BTC-31JUL26,68967.89,0.06275,68982.19,31JUL26,69000,,C,BTC-31JUL26-69000-C
0.032,0.035,324.2,0.03345456,1780406837589,172.1,39.81,68967.43,BTC-5JUN26,68967.89,0.0335,68982.19,5JUN26,71000,,P,BTC-5JUN26-71000-P
0.038,0.039,12.1,0.03839726,1780406837589,10.6,40.97,69425.14,BTC-28AUG26,68967.89,0.0385,68982.19,28AUG26,63000,,P,BTC-28AUG26-63000-P
0.58,0.5935,0.0,0.58589316,1780406837589,0.0,42.93,69423.48,BTC-28AUG26,68967.89,0.58675,68982.19,28AUG26,110000,,P,BTC-28AUG26-110000-P
0.444,0.446,53.2,0.44496017,1780406837589,0.0,57.66,70215.56,BTC-25DEC26,68967.89,0.445,68982.19,25DEC26,40000,,C,BTC-25DEC26-40000-C
0.9195,0.9355,0.6,0.92695123,1780406837589,0.0,44.32,70215.56,BTC-25DEC26,68967.89,0.9275,68982.19,25DEC26,135000,,P,BTC-25DEC26-135000-P
0.0575,0.061,24.9,0.05865218,1780406837589,0.9,55.3,68968.38,index_price,68967.89,0.05925,68982.19,3JUN26,73000,,P,BTC-3JUN26-73000-P
0.034,0.035,101.0,0.03470182,1780406837589,0.4,41.77,70871.11,BTC-26MAR27,68967.89,0.0345,68982.19,26MAR27,105000,,C,BTC-26MAR27-105000-C
0.4495,0.485,11.7,0.45437431,1780406837590,0.0,41.75,70869.67,BTC-26MAR27,68967.89,0.46725,68982.19,26MAR27,100000,,P,BTC-26MAR27-100000-P
0.0215,0.0225,16.9,0.02192623,1780406837590,0.9,43.96,69425.14,BTC-28AUG26,68967.89,0.022,68982.19,28AUG26,58000,,P,BTC-28AUG26-58000-P
0.0965,0.099,1.0,0.09769855,1780406837590,1.0,40.2,69252.97,BTC-31JUL26,68967.89,0.09775,68982.19,31JUL26,65000,,C,BTC-31JUL26-65000-C
0.185,0.192,0.0,0.18732837,1780406837590,0.0,36.52,69423.48,BTC-28AUG26,68967.89,0.1885,68982.19,28AUG26,81000,,P,BTC-28AUG26-81000-P
0.0345,0.0385,0.0,0.03687352,1780406837590,0.0,48.23,68967.89,index_price,68967.89,0.0365,68982.19,6JUN26,67000,,C,BTC-6JUN26-67000-C
,0.0001,135.9,0.0,1780406837590,0.0,99.84,69093.42,BTC-26JUN26,68967.89,,68982.19,26JUN26,320000,,C,BTC-26JUN26-320000-C
0.0002,0.0003,222.6,0.00024639,1780406837590,0.4,47.43,69093.42,BTC-26JUN26,68967.89,0.00025,68982.19,26JUN26,94000,,C,BTC-26JUN26-94000-C
0.958,1.1,23.1,1.02643766,1780406837590,0.0,75.63,69091.98,BTC-26JUN26,68967.89,1.029,68982.19,26JUN26,140000,,P,BTC-26JUN26-140000-P
0.058,0.0605,7.9,0.05898726,1780406837590,0.8,43.45,68968.38,index_price,68967.89,0.05925,68982.19,4JUN26,73000,,P,BTC-4JUN26-73000-P
0.0085,0.0095,681.0,0.00903112,1780406837590,14.0,43.44,70871.11,BTC-26MAR27,68967.89,0.009,68982.19,26MAR27,140000,,C,BTC-26MAR27-140000-C
1.168,1.325,1.8,1.24355563,1780406837590,0.0,85.88,69093.42,BTC-26JUN26,68967.89,1.2465,68982.19,26JUN26,155000,,P,BTC-26JUN26-155000-P
0.0002,0.0004,140.8,0.00031524,1780406837590,158.8,44.23,68968.38,index_price,68967.89,0.0003,68982.19,3JUN26,71500,,C,BTC-3JUN26-71500-C
0.1905,0.193,67.3,0.19202197,1780406837590,0.1,44.55,70215.56,BTC-25DEC26,68967.89,0.19175,68982.19,25DEC26,62000,,C,BTC-25DEC26-62000-C
0.0615,0.064,3227.8,0.06285937,1780406837590,340.7,36.69,69093.42,BTC-26JUN26,68967.89,0.06275,68982.19,26JUN26,72000,,P,BTC-26JUN26-72000-P
0.0024,0.0027,4997.7,0.00250375,1780406837590,994.5,36.6,69093.42,BTC-26JUN26,68967.89,0.00255,68982.19,26JUN26,80000,,C,BTC-26JUN26-80000-C
0.0001,0.0002,1333.1,0.00014522,1780406837590,3.7,52.01,69010.42,BTC-12JUN26,68967.89,0.00015,68982.19,12JUN26,86000,,C,BTC-12JUN26-86000-C
0.0435,0.0485,1.1,0.04713893,1780406837590,1.1,53.33,68967.43,BTC-5JUN26,68967.89,0.046,68982.19,5JUN26,66000,,C,BTC-5JUN26-66000-C
0.57,0.572,98.8,0.5711966,1780406837590,1.0,74.19,69614.19,BTC-25SEP26,68967.89,0.571,68982.19,25SEP26,30000,,C,BTC-25SEP26-30000-C
0.554,0.568,0.0,0.56027325,1780406837590,0.0,46.17,69252.97,BTC-31JUL26,68967.89,0.561,68982.19,31JUL26,108000,,P,BTC-31JUL26-108000-P
0.0365,0.0375,55.1,0.03710612,1780406837590,33.3,36.76,69252.97,BTC-31JUL26,68967.89,0.037,68982.19,31JUL26,73000,,C,BTC-31JUL26-73000-C
0.0295,0.031,42.1,0.03043373,1780406837590,1.0,41.79,70871.11,BTC-26MAR27,68967.89,0.03025,68982.19,26MAR27,108000,,C,BTC-26MAR27-108000-C
0.6605,0.67,289.9,0.66461155,1780406837590,1.0,63.2,69093.42,BTC-26JUN26,68967.89,0.66525,68982.19,26JUN26,115000,,P,BTC-26JUN26-115000-P
1.6575,1.8495,5.8,1.75015415,1780406837590,0.0,85.9,69093.42,BTC-26JUN26,68967.89,1.7535,68982.19,26JUN26,190000,,P,BTC-26JUN26-190000-P
0.0009,0.0011,86.2,0.00102511,1780406837590,92.5,66.65,68968.38,index_price,68967.89,0.001,68982.19,3JUN26,66000,,P,BTC-3JUN26-66000-P
0.0002,0.0006,352.6,0.0002914,1780406837590,0.0,55.52,69614.68,BTC-25SEP26,68967.89,0.0004,68982.19,25SEP26,170000,,C,BTC-25SEP26-170000-C
0.2095,0.212,137.5,0.21068888,1780406837590,0.0,45.2,70215.56,BTC-25DEC26,68967.89,0.21075,68982.19,25DEC26,60000,,C,BTC-25DEC26-60000-C
1.6375,1.8305,0.0,1.72947796,1780406837590,0.0,58.55,69614.68,BTC-25SEP26,68967.89,1.734,68982.19,25SEP26,190000,,P,BTC-25SEP26-190000-P
0.0011,0.0013,1112.6,0.00117823,1780406837590,4.1,40.77,69252.97,BTC-31JUL26,68967.89,0.0012,68982.19,31JUL26,98000,,C,BTC-31JUL26-98000-C
0.051,0.052,5.2,0.05143817,1780406837590,0.2,37.35,69425.14,BTC-28AUG26,68967.89,0.0515,68982.19,28AUG26,73000,,C,BTC-28AUG26-73000-C
0.008,0.009,393.1,0.00850308,1780406837590,515.0,45.25,69011.86,BTC-12JUN26,68967.89,0.0085,68982.19,12JUN26,65000,,P,BTC-12JUN26-65000-P
0.0475,0.0495,163.7,0.04864752,1780406837590,200.7,37.29,69030.95,BTC-19JUN26,68967.89,0.0485,68982.19,19JUN26,71000,,P,BTC-19JUN26-71000-P
,0.0001,200.1,0.0,1780406837590,0.0,90.33,69093.42,BTC-26JUN26,68967.89,,68982.19,26JUN26,250000,,C,BTC-26JUN26-250000-C
0.0635,0.065,1213.2,0.06412479,1780406837590,0.0,47.65,70871.11,BTC-26MAR27,68967.89,0.06425,68982.19,26MAR27,55000,,P,BTC-26MAR27-55000-P
0.007,0.0075,197.6,0.00706763,1780406837590,58.1,36.53,69252.97,BTC-31JUL26,68967.89,0.00725,68982.19,31JUL26,84000,,C,BTC-31JUL26-84000-C
0.188,0.1915,14.7,0.18911775,1780406837590,0.3,67.36,68967.43,BTC-5JUN26,68967.89,0.18975,68982.19,5JUN26,82000,,P,BTC-5JUN26-82000-P
0.1855,0.1925,1.0,0.18848132,1780406837590,0.0,44.81,69010.42,BTC-12JUN26,68967.89,0.189,68982.19,12JUN26,82000,,P,BTC-12JUN26-82000-P
0.1955,0.1985,29.2,0.19704433,1780406837590,0.0,44.17,69614.19,BTC-25SEP26,68967.89,0.197,68982.19,25SEP26,58000,,C,BTC-25SEP26-58000-C
,0.0001,97.4,4e-08,1780406837590,0.0,60.97,68968.38,index_price,68967.89,,68982.19,3JUN26,78000,,C,BTC-3JUN26-78000-C
0.1305,0.136,2145.0,0.13328225,1780406837590,24.3,36.05,69093.42,BTC-26JUN26,68967.89,0.13325,68982.19,26JUN26,78000,,P,BTC-26JUN26-78000-P
0.524,0.5845,0.0,0.52904547,1780406837590,0.0,41.78,70871.11,BTC-26MAR27,68967.89,0.55425,68982.19,26MAR27,106000,,P,BTC-26MAR27-106000-P
0.029,0.0305,11.1,0.02982285,1780406837590,11.1,40.11,68967.89,index_price,68967.89,0.02975,68982.19,6JUN26,70500,,P,BTC-6JUN26-70500-P
0.0017,0.002,27.3,0.00186036,1780406837590,4.0,41.49,69425.14,BTC-28AUG26,68967.89,0.00185,68982.19,28AUG26,105000,,C,BTC-28AUG26-105000-C
3.1645,3.466,0.0,3.30944365,1780406837590,0.0,64.66,69614.19,BTC-25SEP26,68967.89,3.31525,68982.19,25SEP26,300000,,P,BTC-25SEP26-300000-P
0.112,0.1205,0.0,0.1165387,1780406837590,0.0,67.35,68967.89,index_price,68967.89,0.11625,68982.19,6JUN26,61000,,C,BTC-6JUN26-61000-C
1.89,2.105,0.0,1.99160151,1780406837590,0.0,54.18,70214.12,BTC-25DEC26,68967.89,1.9975,68982.19,25DEC26,210000,,P,BTC-25DEC26-210000-P
0.0033,0.0036,543.5,0.00343256,1780406837590,0.6,66.85,69614.68,BTC-25SEP26,68967.89,0.00345,68982.19,25SEP26,35000,,P,BTC-25SEP26-35000-P
0.0365,0.0445,0.0,0.04080119,1780406837590,0.0,39.63,68967.89,index_price,68967.89,0.0405,68982.19,6JUN26,71500,,P,BTC-6JUN26-71500-P
0.017,0.0175,83.5,0.01718787,1780406837590,42.4,41.62,69030.95,BTC-19JUN26,68967.89,0.01725,68982.19,19JUN26,66000,,P,BTC-19JUN26-66000-P
0.053,0.054,182.0,0.05360075,1780406837590,1.3,41.16,69614.19,BTC-25SEP26,68967.89,0.0535,68982.19,25SEP26,64000,,P,BTC-25SEP26-64000-P
0.9325,1.0145,12.5,0.94003391,1780406837590,0.0,47.62,69614.68,BTC-25SEP26,68967.89,0.9735,68982.19,25SEP26,135000,,P,BTC-25SEP26-135000-P
0.017,0.018,265.2,0.01747867,1780406837590,201.9,45.42,69425.14,BTC-28AUG26,68967.89,0.0175,68982.19,28AUG26,56000,,P,BTC-28AUG26-56000-P
0.073,0.074,5652.8,0.0733583,1780406837590,305.7,41.25,70215.56,BTC-25DEC26,68967.89,0.0735,68982.19,25DEC26,80000,,C,BTC-25DEC26-80000-C
0.507,0.518,107.9,0.51140589,1780406837590,0.0,40.5,70215.56,BTC-25DEC26,68967.89,0.5125,68982.19,25DEC26,105000,,P,BTC-25DEC26-105000-P
1.753,1.9575,0.0,1.84927438,1780406837590,0.0,52.79,70214.12,BTC-25DEC26,68967.89,1.85525,68982.19,25DEC26,200000,,P,BTC-25DEC26-200000-P
0.0003,0.0006,137.9,0.00045244,1780406837590,0.0,49.76,69252.97,BTC-31JUL26,68967.89,0.00045,68982.19,31JUL26,115000,,C,BTC-31JUL26-115000-C
0.004,0.0044,367.4,0.0041973,1780406837590,163.4,53.33,68967.35,BTC-5JUN26,68967.89,0.0042,68982.19,5JUN26,66000,,P,BTC-5JUN26-66000-P
0.062,0.128,0.0,0.08774551,1780406837590,0.0,51.19,68968.38,index_price,68967.89,0.095,68982.19,4JUN26,75000,,P,BTC-4JUN26-75000-P
0.0265,0.027,217.4,0.02677165,1780406837590,254.9,39.68,69030.95,BTC-19JUN26,68967.89,0.02675,68982.19,19JUN26,68000,,P,BTC-19JUN26-68000-P
0.239,0.242,4.8,0.24064179,1780406837590,0.0,46.15,70871.11,BTC-26MAR27,68967.89,0.2405,68982.19,26MAR27,60000,,C,BTC-26MAR27-60000-C
1.34,1.5175,0.0,1.42285559,1780406837590,0.0,49.64,70215.56,BTC-25DEC26,68967.89,1.42875,68982.19,25DEC26,170000,,P,BTC-25DEC26-170000-P
0.1295,0.132,0.0,0.13084853,1780406837590,0.0,40.97,69423.48,BTC-28AUG26,68967.89,0.13075,68982.19,28AUG26,63000,,C,BTC-28AUG26-63000-C
,0.0001,657.0,3.86e-06,1780406837590,8.0,68.53,68967.43,BTC-5JUN26,68967.89,,68982.19,5JUN26,85000,,C,BTC-5JUN26-85000-C
0.074,0.0785,405.0,0.07616216,1780406837590,15.6,36.97,69011.86,BTC-12JUN26,68967.89,0.07625,68982.19,12JUN26,74000,,P,BTC-12JUN26-74000-P
0.1145,0.1155,1057.6,0.11490993,1780406837590,2.0,42.12,70215.56,BTC-25DEC26,68967.89,0.115,68982.19,25DEC26,72000,,C,BTC-25DEC26-72000-C
0.0405,0.041,2661.6,0.04064899,1780406837590,141.0,37.25,69614.19,BTC-25SEP26,68967.89,0.04075,68982.19,25SEP26,78000,,C,BTC-25SEP26-78000-C
0.014,0.015,26.3,0.01463219,1780406837590,36.0,44.18,68967.89,index_price,68967.89,0.0145,68982.19,6JUN26,68500,,P,BTC-6JUN26-68500-P
0.1005,0.106,298.5,0.10289617,1780406837590,1.0,37.56,69010.42,BTC-12JUN26,68967.89,0.10325,68982.19,12JUN26,76000,,P,BTC-12JUN26-76000-P
0.014,0.015,3394.7,0.01464615,1780406837590,49.0,57.66,70215.56,BTC-25DEC26,68967.89,0.0145,68982.19,25DEC26,40000,,P,BTC-25DEC26-40000-P
0.0022,0.0026,134.5,0.00247716,1780406837590,96.1,37.12,69011.86,BTC-12JUN26,68967.89,0.0024,68982.19,12JUN26,75000,,C,BTC-12JUN26-75000-C
0.0041,0.0044,982.2,0.00426103,1780406837590,17.5,44.32,70215.56,BTC-25DEC26,68967.89,0.00425,68982.19,25DEC26,135000,,C,BTC-25DEC26-135000-C
0.0105,0.011,1286.7,0.01098796,1780406837590,57.6,35.97,69252.97,BTC-31JUL26,68967.89,0.01075,68982.19,31JUL26,81000,,C,BTC-31JUL26-81000-C
0.0525,0.0535,3.8,0.05290233,1780406837590,2.2,39.58,69425.14,BTC-28AUG26,68967.89,0.053,68982.19,28AUG26,66000,,P,BTC-28AUG26-66000-P
,0.0001,941.3,7.92e-06,1780406837590,0.0,71.79,69093.42,BTC-26JUN26,68967.89,,68982.19,26JUN26,135000,,C,BTC-26JUN26-135000-C
0.02,0.021,513.3,0.02051017,1780406837590,8.9,36.01,69252.97,BTC-31JUL26,68967.89,0.0205,68982.19,31JUL26,77000,,C,BTC-31JUL26-77000-C
0.0026,0.0029,1160.8,0.00272886,1780406837590,73.8,56.87,68967.35,BTC-5JUN26,68967.89,0.00275,68982.19,5JUN26,65000,,P,BTC-5JUN26-65000-P
0.0014,0.0017,472.9,0.00160922,1780406837590,312.5,37.56,69011.86,BTC-12JUN26,68967.89,0.00155,68982.19,12JUN26,76000,,C,BTC-12JUN26-76000-C
0.492,0.504,0.0,0.49807586,1780406837590,0.0,40.43,70215.56,BTC-25DEC26,68967.89,0.498,68982.19,25DEC26,104000,,P,BTC-25DEC26-104000-P
0.1035,0.108,250.2,0.10538103,1780406837590,0.1,36.49,69029.51,BTC-19JUN26,68967.89,0.10575,68982.19,19JUN26,76000,,P,BTC-19JUN26-76000-P
0.085,0.123,0.0,0.08754107,1780406837590,0.0,55.48,68968.38,index_price,68967.89,0.104,68982.19,3JUN26,75000,,P,BTC-3JUN26-75000-P
0.2625,0.267,546.0,0.26450766,1780406837590,0.0,40.65,70215.56,BTC-25DEC26,68967.89,0.26475,68982.19,25DEC26,85000,,P,BTC-25DEC26-85000-P
0.0002,0.0003,808.0,0.00025066,1780406837590,4.6,44.81,69011.86,BTC-12JUN26,68967.89,0.00025,68982.19,12JUN26,82000,,C,BTC-12JUN26-82000-C
0.251,0.256,47.0,0.25360066,1780406837590,0.0,40.7,70215.56,BTC-25DEC26,68967.89,0.2535,68982.19,25DEC26,84000,,P,BTC-25DEC26-84000-P
0.012,0.013,63.1,0.01261293,1780406837590,18.3,44.23,68968.38,index_price,68967.89,0.0125,68982.19,4JUN26,69000,,P,BTC-4JUN26-69000-P
0.0055,0.0065,1001.4,0.00604079,1780406837590,228.2,36.64,69252.97,BTC-31JUL26,68967.89,0.006,68982.19,31JUL26,85000,,C,BTC-31JUL26-85000-C
,0.0001,696.8,8.5e-07,1780406837590,0.0,72.07,68967.43,BTC-5JUN26,68967.89,,68982.19,5JUN26,88000,,C,BTC-5JUN26-88000-C
0.2265,0.2345,33.9,0.22932526,1780406837590,0.0,37.06,69614.19,BTC-25SEP26,68967.89,0.2305,68982.19,25SEP26,84000,,P,BTC-25SEP26-84000-P
1.4555,1.646,0.0,1.54332331,1780406837590,0.0,47.02,70871.11,BTC-26MAR27,68967.89,1.55075,68982.19,26MAR27,180000,,P,BTC-26MAR27-180000-P
3.755,4.0995,0.0,3.92132823,1780406837590,0.0,102.06,69093.42,BTC-26JUN26,68967.89,3.92725,68982.19,26JUN26,340000,,P,BTC-26JUN26-340000-P
0.0055,0.006,12.8,0.00564623,1780406837590,12.8,41.71,68968.38,index_price,68967.89,0.00575,68982.19,4JUN26,70000,,C,BTC-4JUN26-70000-C
1.308,1.475,0.5,1.38829437,1780406837590,0.0,85.89,69093.42,BTC-26JUN26,68967.89,1.3915,68982.19,26JUN26,165000,,P,BTC-26JUN26-165000-P
0.0765,0.081,0.2,0.0790324,1780406837590,0.1,47.07,69010.42,BTC-12JUN26,68967.89,0.07875,68982.19,12JUN26,64000,,C,BTC-12JUN26-64000-C
0.4685,0.4825,0.1,0.47389544,1780406837590,0.0,43.0,69251.53,BTC-31JUL26,68967.89,0.4755,68982.19,31JUL26,102000,,P,BTC-31JUL26-102000-P
0.327,0.3375,0.4,0.33086952,1780406837590,0.0,38.46,69252.97,BTC-31JUL26,68967.89,0.33225,68982.19,31JUL26,92000,,P,BTC-31JUL26-92000-P
0.0004,0.0007,759.1,0.00048277,1780406837590,0.0,51.2,69614.68,BTC-25SEP26,68967.89,0.00055,68982.19,25SEP26,150000,,C,BTC-25SEP26-150000-C
,0.0002,819.9,7.24e-06,1780406837590,6.1,67.85,68967.43,BTC-5JUN26,68967.89,,68982.19,5JUN26,84000,,C,BTC-5JUN26-84000-C
0.053,0.0565,1.1,0.05494059,1780406837590,1.1,43.66,69010.42,BTC-12JUN26,68967.89,0.05475,68982.19,12JUN26,66000,,C,BTC-12JUN26-66000-C
0.804,0.8155,75.4,0.80931932,1780406837590,0.0,63.95,69093.42,BTC-26JUN26,68967.89,0.80975,68982.19,26JUN26,125000,,P,BTC-26JUN26-125000-P
0.0018,0.0021,0.8,0.00190054,1780406837590,0.8,61.02,68967.89,index_price,68967.89,0.00195,68982.19,6JUN26,63000,,P,BTC-6JUN26-63000-P
1.2905,1.4595,0.0,1.37053081,1780406837590,0.0,54.69,69614.19,BTC-25SEP26,68967.89,1.375,68982.19,25SEP26,165000,,P,BTC-25SEP26-165000-P
0.1735,0.176,233.3,0.17479082,1780406837590,1.0,43.04,69614.19,BTC-25SEP26,68967.89,0.17475,68982.19,25SEP26,60000,,C,BTC-25SEP26-60000-C
0.5775,0.589,116.7,0.58253745,1780406837590,0.0,40.74,69614.19,BTC-25SEP26,68967.89,0.58325,68982.19,25SEP26,110000,,P,BTC-25SEP26-110000-P
0.037,0.0405,43.6,0.03824413,1780406837590,25.6,40.61,68968.38,index_price,68967.89,0.03875,68982.19,4JUN26,71500,,P,BTC-4JUN26-71500-P
0.011,0.0115,164.8,0.01111615,1780406837590,58.8,36.39,69030.95,BTC-19JUN26,68967.89,0.01125,68982.19,19JUN26,73000,,C,BTC-19JUN26-73000-C
0.0041,0.0045,158.2,0.00431888,1780406837590,95.7,36.49,69029.51,BTC-19JUN26,68967.89,0.0043,68982.19,19JUN26,76000,,C,BTC-19JUN26-76000-C
0.0001,0.0002,7.0,0.00017954,1780406837590,0.8,47.88,69030.95,BTC-19JUN26,68967.89,0.00015,68982.19,19JUN26,90000,,C,BTC-19JUN26-90000-C
4.48,4.52,0.2,4.50030802,1780406837590,0.0,102.24,69093.42,BTC-26JUN26,68967.89,4.5,68982.19,26JUN26,380000,,P,BTC-26JUN26-380000-P
0.1015,0.103,0.0,0.102137,1780406837590,0.0,39.58,69423.48,BTC-28AUG26,68967.89,0.10225,68982.19,28AUG26,66000,,C,BTC-28AUG26-66000-C
0.0046,0.0055,1507.4,0.00505616,1780406837590,1.9,43.52,70215.56,BTC-25DEC26,68967.89,0.00505,68982.19,25DEC26,130000,,C,BTC-25DEC26-130000-C
,0.0002,247.6,2.394e-05,1780406837590,0.9,61.2,69614.19,BTC-25SEP26,68967.89,,68982.19,25SEP26,240000,,C,BTC-25SEP26-240000-C
0.217,0.2235,31.5,0.22012393,1780406837590,0.0,36.53,69251.53,BTC-31JUL26,68967.89,0.22025,68982.19,31JUL26,84000,,P,BTC-31JUL26-84000-P
0.061,0.0625,66.2,0.06146009,1780406837590,0.0,41.78,70871.11,BTC-26MAR27,68967.89,0.06175,68982.19,26MAR27,92000,,C,BTC-26MAR27-92000-C
0.0002,0.0003,0.0,0.00025097,1780406837590,0.0,49.02,68967.89,index_price,68967.89,0.00025,68982.19,6JUN26,77000,,C,BTC-6JUN26-77000-C
0.0001,0.0002,458.3,0.00013669,1780406837590,4.9,63.54,68967.43,BTC-5JUN26,68967.89,0.00015,68982.19,5JUN26,79000,,C,BTC-5JUN26-79000-C
0.4965,0.511,0.0,0.50267605,1780406837590,0.0,44.11,69251.53,BTC-31JUL26,68967.89,0.50375,68982.19,31JUL26,104000,,P,BTC-31JUL26-104000-P
0.04,0.0405,97.9,0.04026752,1780406837590,18.9,38.0,69030.95,BTC-19JUN26,68967.89,0.04025,68982.19,19JUN26,70000,,P,BTC-19JUN26-70000-P
0.402,0.411,1.4,0.40607463,1780406837590,1.0,41.69,70871.11,BTC-26MAR27,68967.89,0.4065,68982.19,26MAR27,96000,,P,BTC-26MAR27-96000-P
0.0425,0.0435,60.2,0.04283195,1780406837590,1.3,40.49,69425.14,BTC-28AUG26,68967.89,0.043,68982.19,28AUG26,64000,,P,BTC-28AUG26-64000-P
0.155,0.2135,0.0,0.18914174,1780406837590,0.0,59.32,68968.38,index_price,68967.89,0.18425,68982.19,4JUN26,82000,,P,BTC-4JUN26-82000-P
0.6485,0.6605,91.7,0.65380464,1780406837590,0.0,42.23,69614.19,BTC-25SEP26,68967.89,0.6545,68982.19,25SEP26,115000,,P,BTC-25SEP26-115000-P
0.012,0.013,2.5,0.01251147,1780406837590,3.6,45.08,68967.43,BTC-5JUN26,68967.89,0.0125,68982.19,5JUN26,68500,,P,BTC-5JUN26-68500-P
0.137,0.141,440.2,0.13904127,1780406837590,5.4,48.9,69093.42,BTC-26JUN26,68967.89,0.139,68982.19,26JUN26,60000,,C,BTC-26JUN26-60000-C
0.054,0.055,1909.0,0.05445161,1780406837590,169.0,37.86,69614.19,BTC-25SEP26,68967.89,0.0545,68982.19,25SEP26,75000,,C,BTC-25SEP26-75000-C
0.5115,0.5245,0.0,0.5170189,1780406837590,0.0,44.24,69252.97,BTC-31JUL26,68967.89,0.518,68982.19,31JUL26,105000,,P,BTC-31JUL26-105000-P
0.209,0.217,0.0,0.21178149,1780406837590,0.0,36.56,69423.48,BTC-28AUG26,68967.89,0.213,68982.19,28AUG26,83000,,P,BTC-28AUG26-83000-P
,0.0001,554.4,1.4e-07,1780406837590,0.0,85.9,69093.42,BTC-26JUN26,68967.89,,68982.19,26JUN26,190000,,C,BTC-26JUN26-190000-C
0.115,0.1175,275.8,0.11592949,1780406837590,0.1,44.93,70871.11,BTC-26MAR27,68967.89,0.11625,68982.19,26MAR27,65000,,P,BTC-26MAR27-65000-P
0.0865,0.0895,100.8,0.08811298,1780406837590,0.0,39.62,69252.97,BTC-31JUL26,68967.89,0.088,68982.19,31JUL26,66000,,C,BTC-31JUL26-66000-C
0.0555,0.065,0.0,0.05987291,1780406837590,0.0,39.67,68967.89,index_price,68967.89,0.06025,68982.19,6JUN26,73000,,P,BTC-6JUN26-73000-P
0.0005,0.001,150.9,0.00075009,1780406837590,0.3,54.18,70215.56,BTC-25DEC26,68967.89,0.00075,68982.19,25DEC26,210000,,C,BTC-25DEC26-210000-C
0.034,0.0355,221.0,0.03478849,1780406837590,0.1,40.21,70215.56,BTC-25DEC26,68967.89,0.03475,68982.19,25DEC26,92000,,C,BTC-25DEC26-92000-C
2.3315,2.5735,0.0,2.44757512,1780406837590,0.0,61.2,69614.19,BTC-25SEP26,68967.89,2.4525,68982.19,25SEP26,240000,,P,BTC-25SEP26-240000-P
,0.0001,2755.6,1.677e-05,1780406837590,51.3,63.2,69093.42,BTC-26JUN26,68967.89,,68982.19,26JUN26,120000,,C,BTC-26JUN26-120000-C
0.0665,0.0685,297.3,0.06723738,1780406837590,199.3,41.85,70871.11,BTC-26MAR27,68967.89,0.0675,68982.19,26MAR27,90000,,C,BTC-26MAR27-90000-C
0.1015,0.104,404.3,0.10233753,1780406837590,19.0,51.54,68967.43,BTC-5JUN26,68967.89,0.10275,68982.19,5JUN26,76000,,P,BTC-5JUN26-76000-P
0.369,0.378,151.5,0.37268025,1780406837590,0.0,38.06,69614.19,BTC-25SEP26,68967.89,0.3735,68982.19,25SEP26,95000,,P,BTC-25SEP26-95000-P
0.0495,0.0515,108.9,0.05049244,1780406837590,7.4,40.49,70215.56,BTC-25DEC26,68967.89,0.0505,68982.19,25DEC26,86000,,C,BTC-25DEC26-86000-C
1.1835,1.358,0.0,1.2630562,1780406837590,0.0,45.31,70869.67,BTC-26MAR27,68967.89,1.27075,68982.19,26MAR27,160000,,P,BTC-26MAR27-160000-P
0.102,0.104,27.2,0.10312974,1780406837590,0.1,41.89,70214.12,BTC-25DEC26,68967.89,0.103,68982.19,25DEC26,74000,,C,BTC-25DEC26-74000-C
0.0145,0.0155,254.9,0.01505248,1780406837590,276.0,36.77,69030.95,BTC-19JUN26,68967.89,0.015,68982.19,19JUN26,72000,,C,BTC-19JUN26-72000-C
0.0005,0.0007,1565.4,0.00051004,1780406837590,119.0,90.15,69093.42,BTC-26JUN26,68967.89,0.0006,68982.19,26JUN26,40000,,P,BTC-26JUN26-40000-P
0.09,0.093,103.0,0.09130981,1780406837590,74.9,36.76,69252.97,BTC-31JUL26,68967.89,0.0915,68982.19,31JUL26,73000,,P,BTC-31JUL26-73000-P
0.0295,0.031,604.1,0.03020253,1780406837590,2.6,44.17,69614.19,BTC-25SEP26,68967.89,0.03025,68982.19,25SEP26,58000,,P,BTC-25SEP26-58000-P
0.09,0.0945,2.0,0.09259836,1780406837591,0.0,36.47,69030.95,BTC-19JUN26,68967.89,0.09225,68982.19,19JUN26,75000,,P,BTC-19JUN26-75000-P
0.271,0.2745,9.8,0.27305393,1780406837591,0.0,47.75,70214.12,BTC-25DEC26,68967.89,0.27275,68982.19,25DEC26,54000,,C,BTC-25DEC26-54000-C
3.1955,3.4995,0.0,3.34234843,1780406837591,0.0,95.76,69093.42,BTC-26JUN26,68967.89,3.3475,68982.19,26JUN26,300000,,P,BTC-26JUN26-300000-P
0.0006,0.0011,942.4,0.00084446,1780406837591,0.0,52.79,70215.56,BTC-25DEC26,68967.89,0.00085,68982.19,25DEC26,200000,,C,BTC-25DEC26-200000-C
0.0055,0.006,533.5,0.00590859,1780406837591,371.3,36.94,69011.86,BTC-12JUN26,68967.89,0.00575,68982.19,12JUN26,73000,,C,BTC-12JUN26-73000-C
0.0001,0.0002,40.0,0.000116,1780406837591,28.3,51.19,68968.38,index_price,68967.89,0.00015,68982.19,4JUN26,75000,,C,BTC-4JUN26-75000-C
0.0145,0.0155,2.9,0.01490221,1780406837591,2.9,43.56,68967.35,BTC-5JUN26,68967.89,0.015,68982.19,5JUN26,69000,,C,BTC-5JUN26-69000-C
0.0445,0.048,638.7,0.04589762,1780406837591,44.0,39.81,68967.43,BTC-5JUN26,68967.89,0.04625,68982.19,5JUN26,72000,,P,BTC-5JUN26-72000-P
0.243,0.2485,29.9,0.24551399,1780406837591,0.0,40.5,69091.98,BTC-26JUN26,68967.89,0.24575,68982.19,26JUN26,86000,,P,BTC-26JUN26-86000-P
,0.0001,248.8,4.07e-06,1780406837591,0.0,66.78,69614.19,BTC-25SEP26,68967.89,,68982.19,25SEP26,320000,,C,BTC-25SEP26-320000-C
0.3785,0.3815,48.3,0.38021845,1780406837591,0.0,53.23,70215.56,BTC-25DEC26,68967.89,0.38,68982.19,25DEC26,45000,,C,BTC-25DEC26-45000-C
,0.0002,100.6,5.214e-05,1780406837591,91.7,55.31,68968.38,index_price,68967.89,,68982.19,3JUN26,73500,,C,BTC-3JUN26-73500-C
,0.0001,174.2,0.0,1780406837591,0.5,102.24,69091.98,BTC-26JUN26,68967.89,,68982.19,26JUN26,360000,,C,BTC-26JUN26-360000-C
0.0007,0.0009,10.2,0.00079086,1780406837591,10.2,40.77,68967.89,index_price,68967.89,0.0008,68982.19,6JUN26,74000,,C,BTC-6JUN26-74000-C
0.012,0.013,889.7,0.0125379,1780406837591,201.7,36.03,69093.42,BTC-26JUN26,68967.89,0.0125,68982.19,26JUN26,74000,,C,BTC-26JUN26-74000-C
0.0505,0.0535,32.5,0.05145752,1780406837591,0.3,52.38,68968.38,index_price,68967.89,0.052,68982.19,3JUN26,72500,,P,BTC-3JUN26-72500-P
0.019,0.0195,0.0,0.01918748,1780406837591,0.0,45.08,68967.43,BTC-5JUN26,68967.89,0.01925,68982.19,5JUN26,68500,,C,BTC-5JUN26-68500-C
,0.0002,214.5,1.489e-05,1780406837591,43.8,67.68,68967.43,BTC-5JUN26,68967.89,,68982.19,5JUN26,83000,,C,BTC-5JUN26-83000-C
0.1105,0.112,272.0,0.1112535,1780406837591,2.7,43.06,70215.56,BTC-25DEC26,68967.89,0.11125,68982.19,25DEC26,68000,,P,BTC-25DEC26-68000-P
0.0043,0.0047,288.5,0.00445017,1780406837591,6.2,36.97,69251.53,BTC-31JUL26,68967.89,0.0045,68982.19,31JUL26,87000,,C,BTC-31JUL26-87000-C
0.4255,0.456,0.2,0.42986213,1780406837591,0.0,41.66,70871.11,BTC-26MAR27,68967.89,0.44075,68982.19,26MAR27,98000,,P,BTC-26MAR27-98000-P
0.6415,0.6545,1.7,0.64733796,1780406837591,0.0,41.44,70215.56,BTC-25DEC26,68967.89,0.648,68982.19,25DEC26,115000,,P,BTC-25DEC26-115000-P
0.439,0.448,0.1,0.44328198,1780406837591,0.1,39.89,69423.48,BTC-28AUG26,68967.89,0.4435,68982.19,28AUG26,100000,,P,BTC-28AUG26-100000-P
0.0165,0.019,117.7,0.01753917,1780406837591,133.0,42.34,68968.38,index_price,68967.89,0.01775,68982.19,3JUN26,70000,,P,BTC-3JUN26-70000-P
0.0016,0.002,818.9,0.00178277,1780406837591,17.2,39.12,69252.97,BTC-31JUL26,68967.89,0.0018,68982.19,31JUL26,94000,,C,BTC-31JUL26-94000-C
0.0225,0.023,688.5,0.02268234,1780406837591,0.3,37.06,69614.68,BTC-25SEP26,68967.89,0.02275,68982.19,25SEP26,84000,,C,BTC-25SEP26-84000-C
0.4655,0.4775,0.0,0.47166072,1780406837591,0.0,40.32,70215.56,BTC-25DEC26,68967.89,0.4715,68982.19,25DEC26,102000,,P,BTC-25DEC26-102000-P
0.002,0.0023,53.4,0.0022582,1780406837591,54.9,40.64,68968.38,index_price,68967.89,0.00215,68982.19,4JUN26,71000,,C,BTC-4JUN26-71000-C
0.0002,0.0005,131.1,0.00033937,1780406837591,0.0,54.69,69614.19,BTC-25SEP26,68967.89,0.00035,68982.19,25SEP26,165000,,C,BTC-25SEP26-165000-C
0.0325,0.0335,47.0,0.03291909,1780406837591,63.4,38.72,69030.95,BTC-19JUN26,68967.89,0.033,68982.19,19JUN26,69000,,P,BTC-19JUN26-69000-P
0.411,0.4195,0.0,0.41497051,1780406837591,0.0,39.27,69423.48,BTC-28AUG26,68967.89,0.41525,68982.19,28AUG26,98000,,P,BTC-28AUG26-98000-P
0.058,0.0595,639.5,0.05875894,1780406837591,11.3,40.77,69614.19,BTC-25SEP26,68967.89,0.05875,68982.19,25SEP26,65000,,P,BTC-25SEP26-65000-P
0.0024,0.0027,16.3,0.00254695,1780406837591,10.6,56.31,68968.38,index_price,68967.89,0.00255,68982.19,4JUN26,66000,,P,BTC-4JUN26-66000-P
0.0125,0.0135,1.0,0.01307473,1780406837591,1.0,51.02,68968.38,index_price,68967.89,0.013,68982.19,3JUN26,68500,,C,BTC-3JUN26-68500-C
0.175,0.1785,0.0,0.17709962,1780406837591,0.0,45.51,69252.97,BTC-31JUL26,68967.89,0.17675,68982.19,31JUL26,58000,,C,BTC-31JUL26-58000-C
1.319,1.5015,0.1,1.40299194,1780406837591,0.0,46.11,70871.11,BTC-26MAR27,68967.89,1.41025,68982.19,26MAR27,170000,,P,BTC-26MAR27-170000-P
0.1265,0.131,1.9,0.12942371,1780406837591,0.0,42.23,69251.53,BTC-31JUL26,68967.89,0.12875,68982.19,31JUL26,62000,,C,BTC-31JUL26-62000-C
1.221,1.385,0.6,1.29875254,1780406837591,0.0,53.65,69614.19,BTC-25SEP26,68967.89,1.303,68982.19,25SEP26,160000,,P,BTC-25SEP26-160000-P
0.181,0.185,718.4,0.18267626,1780406837591,14.0,37.09,69614.19,BTC-25SEP26,68967.89,0.183,68982.19,25SEP26,80000,,P,BTC-25SEP26-80000-P
0.109,0.154,0.0,0.11664733,1780406837591,0.0,52.61,68968.38,index_price,68967.89,0.1315,68982.19,4JUN26,77000,,P,BTC-4JUN26-77000-P
0.0014,0.0015,4431.0,0.00146398,1780406837591,1559.7,37.23,69093.42,BTC-26JUN26,68967.89,0.00145,68982.19,26JUN26,82000,,C,BTC-26JUN26-82000-C
0.0001,0.0004,749.7,0.00018902,1780406837591,0.0,56.38,69614.19,BTC-25SEP26,68967.89,0.00025,68982.19,25SEP26,180000,,C,BTC-25SEP26-180000-C
0.3335,0.341,14.0,0.33727074,1780406837591,0.0,41.85,70869.67,BTC-26MAR27,68967.89,0.33725,68982.19,26MAR27,90000,,P,BTC-26MAR27-90000-P
0.3,0.307,1671.6,0.30313731,1780406837591,17.9,44.46,69093.42,BTC-26JUN26,68967.89,0.3035,68982.19,26JUN26,90000,,P,BTC-26JUN26-90000-P
0.0065,0.0075,44.7,0.00702689,1780406837591,6.9,37.18,69425.14,BTC-28AUG26,68967.89,0.007,68982.19,28AUG26,90000,,C,BTC-28AUG26-90000-C
0.0125,0.013,5863.8,0.01288682,1780406837591,174.3,35.96,69252.97,BTC-31JUL26,68967.89,0.01275,68982.19,31JUL26,80000,,C,BTC-31JUL26-80000-C
0.0865,0.0885,279.8,0.0873307,1780406837591,2.3,46.15,70871.11,BTC-26MAR27,68967.89,0.0875,68982.19,26MAR27,60000,,P,BTC-26MAR27-60000-P
2.077,2.3,0.2,2.18438886,1780406837591,0.0,86.38,69093.42,BTC-26JUN26,68967.89,2.1885,68982.19,26JUN26,220000,,P,BTC-26JUN26-220000-P
0.0002,0.0003,58.4,0.00025699,1780406837591,34.9,45.17,68968.38,index_price,68967.89,0.00025,68982.19,4JUN26,73500,,C,BTC-4JUN26-73500-C
0.1495,0.154,8.0,0.15260091,1780406837591,0.0,43.78,69252.97,BTC-31JUL26,68967.89,0.15175,68982.19,31JUL26,60000,,C,BTC-31JUL26-60000-C
0.372,0.3845,0.1,0.37760262,1780406837591,0.0,72.07,68967.43,BTC-5JUN26,68967.89,0.37825,68982.19,5JUN26,95000,,P,BTC-5JUN26-95000-P
0.015,0.016,33.5,0.01540101,1780406837591,52.6,43.56,68967.35,BTC-5JUN26,68967.89,0.0155,68982.19,5JUN26,69000,,P,BTC-5JUN26-69000-P
0.165,0.167,218.2,0.16602299,1780406837591,0.5,43.7,70215.56,BTC-25DEC26,68967.89,0.166,68982.19,25DEC26,65000,,C,BTC-25DEC26-65000-C
0.0029,0.0032,161.7,0.00308564,1780406837591,109.5,36.62,69030.95,BTC-19JUN26,68967.89,0.00305,68982.19,19JUN26,77000,,C,BTC-19JUN26-77000-C
0.0515,0.054,20.9,0.05251883,1780406837591,0.0,39.84,68967.43,BTC-5JUN26,68967.89,0.05275,68982.19,5JUN26,72500,,P,BTC-5JUN26-72500-P
0.1995,0.2045,0.0,0.20267253,1780406837591,0.0,47.46,69252.97,BTC-31JUL26,68967.89,0.202,68982.19,31JUL26,56000,,C,BTC-31JUL26-56000-C
0.0008,0.0013,989.3,0.00104249,1780406837591,0.0,51.77,70215.56,BTC-25DEC26,68967.89,0.00105,68982.19,25DEC26,190000,,C,BTC-25DEC26-190000-C
0.5075,0.518,104.4,0.5119241,1780406837591,0.0,40.03,69614.68,BTC-25SEP26,68967.89,0.51275,68982.19,25SEP26,105000,,P,BTC-25SEP26-105000-P
0.019,0.0195,193.4,0.01906969,1780406837591,68.5,43.78,69252.97,BTC-31JUL26,68967.89,0.01925,68982.19,31JUL26,60000,,P,BTC-31JUL26-60000-P
0.0001,0.0003,605.2,0.00020585,1780406837591,37.4,55.76,68967.43,BTC-5JUN26,68967.89,0.0002,68982.19,5JUN26,77000,,C,BTC-5JUN26-77000-C
0.008,0.0085,3.4,0.00825718,1780406837591,3.4,48.23,68967.89,index_price,68967.89,0.00825,68982.19,6JUN26,67000,,P,BTC-6JUN26-67000-P
2.1655,2.399,0.0,2.27621121,1780406837591,0.0,55.89,70215.56,BTC-25DEC26,68967.89,2.28225,68982.19,25DEC26,230000,,P,BTC-25DEC26-230000-P
0.071,0.072,1594.6,0.07149879,1780406837591,12.4,38.56,69614.19,BTC-25SEP26,68967.89,0.0715,68982.19,25SEP26,72000,,C,BTC-25SEP26-72000-C
0.861,0.8775,21.9,0.86826906,1780406837591,0.0,45.7,69614.19,BTC-25SEP26,68967.89,0.86925,68982.19,25SEP26,130000,,P,BTC-25SEP26-130000-P
0.09,0.091,1493.4,0.09033914,1780406837591,80.0,39.1,69614.68,BTC-25SEP26,68967.89,0.0905,68982.19,25SEP26,70000,,P,BTC-25SEP26-70000-P
0.065,0.131,0.0,0.09494676,1780406837591,0.0,51.23,68968.38,index_price,68967.89,0.098,68982.19,4JUN26,75500,,P,BTC-4JUN26-75500-P
0.159,0.1625,97.7,0.16019872,1780406837591,0.1,67.14,68967.43,BTC-5JUN26,68967.89,0.16075,68982.19,5JUN26,80000,,P,BTC-5JUN26-80000-P
0.006,0.007,1771.5,0.00655882,1780406837591,0.0,44.13,70871.11,BTC-26MAR27,68967.89,0.0065,68982.19,26MAR27,150000,,C,BTC-26MAR27-150000-C
0.0205,0.0215,2160.1,0.02111518,1780406837591,2.5,53.23,70215.56,BTC-25DEC26,68967.89,0.021,68982.19,25DEC26,45000,,P,BTC-25DEC26-45000-P
,0.0001,2507.2,4.465e-05,1780406837591,1.0,63.2,69093.42,BTC-26JUN26,68967.89,,68982.19,26JUN26,115000,,C,BTC-26JUN26-115000-C
0.008,0.009,2.4,0.00840389,1780406837591,2.4,42.73,68968.38,index_price,68967.89,0.0085,68982.19,4JUN26,69500,,C,BTC-4JUN26-69500-C
0.0001,0.0003,137.1,0.00018199,1780406837591,2.4,48.31,69011.86,BTC-12JUN26,68967.89,0.0002,68982.19,12JUN26,84000,,C,BTC-12JUN26-84000-C
0.032,0.0325,2085.0,0.03233175,1780406837591,379.9,39.32,69093.42,BTC-26JUN26,68967.89,0.03225,68982.19,26JUN26,68000,,P,BTC-26JUN26-68000-P
0.0011,0.0014,54.6,0.00137066,1780406837591,64.1,40.61,68968.38,index_price,68967.89,0.00125,68982.19,4JUN26,71500,,C,BTC-4JUN26-71500-C
3.4755,3.7995,0.0,3.63183833,1780406837591,0.0,99.84,69093.42,BTC-26JUN26,68967.89,3.6375,68982.19,26JUN26,320000,,P,BTC-26JUN26-320000-P
,0.0002,278.7,3.397e-05,1780406837591,1.0,58.65,69614.68,BTC-25SEP26,68967.89,,68982.19,25SEP26,220000,,C,BTC-25SEP26-220000-C
0.0325,0.034,19.1,0.0332284,1780406837591,0.0,41.78,70871.11,BTC-26MAR27,68967.89,0.03325,68982.19,26MAR27,106000,,C,BTC-26MAR27-106000-C
0.0225,0.026,47.2,0.02355469,1780406837591,52.7,42.33,68968.38,index_price,68967.89,0.02425,68982.19,3JUN26,70500,,P,BTC-3JUN26-70500-P
0.0225,0.0235,116.4,0.02302193,1780406837591,102.3,36.5,69425.14,BTC-28AUG26,68967.89,0.023,68982.19,28AUG26,80000,,C,BTC-28AUG26-80000-C
0.005,0.0055,4075.4,0.00527234,1780406837591,17.9,38.95,69614.19,BTC-25SEP26,68967.89,0.00525,68982.19,25SEP26,100000,,C,BTC-25SEP26-100000-C
0.046,0.048,28.4,0.04693691,1780406837591,0.1,41.66,70871.11,BTC-26MAR27,68967.89,0.047,68982.19,26MAR27,98000,,C,BTC-26MAR27-98000-C
0.088,0.0965,0.0,0.09210131,1780406837591,0.0,49.38,69011.86,BTC-12JUN26,68967.89,0.09225,68982.19,12JUN26,63000,,C,BTC-12JUN26-63000-C
,0.0001,8.0,1.4e-07,1780406837591,0.0,59.32,68968.38,index_price,68967.89,,68982.19,4JUN26,82000,,C,BTC-4JUN26-82000-C
0.0022,0.0025,287.5,0.00228405,1780406837591,11.7,38.46,69252.97,BTC-31JUL26,68967.89,0.00235,68982.19,31JUL26,92000,,C,BTC-31JUL26-92000-C
,0.0001,22.8,4.9e-07,1780406837591,3.3,59.32,68968.38,index_price,68967.89,,68982.19,3JUN26,76500,,C,BTC-3JUN26-76500-C
0.036,0.0375,3456.4,0.03667861,1780406837591,52.5,43.04,69614.68,BTC-25SEP26,68967.89,0.03675,68982.19,25SEP26,60000,,P,BTC-25SEP26-60000-P
,0.0002,1166.5,2.917e-05,1780406837591,31.3,67.36,68967.43,BTC-5JUN26,68967.89,,68982.19,5JUN26,82000,,C,BTC-5JUN26-82000-C
0.1395,0.1415,380.2,0.1403447,1780406837591,7.7,42.12,70215.56,BTC-25DEC26,68967.89,0.1405,68982.19,25DEC26,72000,,P,BTC-25DEC26-72000-P
0.2765,0.2795,1.0,0.27819803,1780406837591,0.0,47.36,70871.11,BTC-26MAR27,68967.89,0.278,68982.19,26MAR27,56000,,C,BTC-26MAR27-56000-C
0.001,0.0011,1118.9,0.0010139,1780406837591,204.6,38.93,69093.42,BTC-26JUN26,68967.89,0.00105,68982.19,26JUN26,84000,,C,BTC-26JUN26-84000-C
0.019,0.02,582.8,0.01968455,1780406837591,764.3,40.69,69011.86,BTC-12JUN26,68967.89,0.0195,68982.19,12JUN26,68000,,P,BTC-12JUN26-68000-P
0.0815,0.086,1465.2,0.08365052,1780406837591,37.7,36.03,69093.42,BTC-26JUN26,68967.89,0.08375,68982.19,26JUN26,74000,,P,BTC-26JUN26-74000-P
0.034,0.035,26.3,0.03440631,1780406837591,0.6,41.51,69425.14,BTC-28AUG26,68967.89,0.0345,68982.19,28AUG26,62000,,P,BTC-28AUG26-62000-P
0.204,0.21,31.4,0.20663036,1780406837591,0.0,36.12,69252.97,BTC-31JUL26,68967.89,0.207,68982.19,31JUL26,83000,,P,BTC-31JUL26-83000-P
4.035,4.3995,0.3,4.21081812,1780406837591,0.0,102.24,69093.42,BTC-26JUN26,68967.89,4.21725,68982.19,26JUN26,360000,,P,BTC-26JUN26-360000-P
0.0037,0.0041,4.1,0.00385348,1780406837591,4.2,54.26,68967.89,index_price,68967.89,0.0039,68982.19,6JUN26,65000,,P,BTC-6JUN26-65000-P
,0.0001,1222.2,4.94e-06,1780406837591,0.0,85.89,69091.98,BTC-26JUN26,68967.89,,68982.19,26JUN26,160000,,C,BTC-26JUN26-160000-C
0.0205,0.021,2359.4,0.02069574,1780406837591,352.7,36.69,69093.42,BTC-26JUN26,68967.89,0.02075,68982.19,26JUN26,72000,,C,BTC-26JUN26-72000-C
0.25,0.2525,39.7,0.2512838,1780406837591,0.0,46.8,70215.56,BTC-25DEC26,68967.89,0.25125,68982.19,25DEC26,56000,,C,BTC-25DEC26-56000-C
0.203,0.207,0.0,0.20498046,1780406837591,0.0,60.12,69029.51,BTC-19JUN26,68967.89,0.205,68982.19,19JUN26,55000,,C,BTC-19JUN26-55000-C
0.087,0.09,30.2,0.08903809,1780406837591,0.0,43.32,69093.42,BTC-26JUN26,68967.89,0.0885,68982.19,26JUN26,64000,,C,BTC-26JUN26-64000-C
0.2905,0.2975,2.3,0.29396705,1780406837591,0.0,42.01,70871.11,BTC-26MAR27,68967.89,0.294,68982.19,26MAR27,86000,,P,BTC-26MAR27-86000-P
0.022,0.023,864.8,0.02254018,1780406837591,3.8,55.01,70871.11,BTC-26MAR27,68967.89,0.0225,68982.19,26MAR27,40000,,P,BTC-26MAR27-40000-P
,0.0001,813.7,0.0,1780406837591,0.0,89.15,69093.42,BTC-26JUN26,68967.89,,68982.19,26JUN26,230000,,C,BTC-26JUN26-230000-C
0.018,0.019,268.3,0.01852927,1780406837591,0.0,42.18,70871.11,BTC-26MAR27,68967.89,0.0185,68982.19,26MAR27,120000,,C,BTC-26MAR27-120000-C
0.1305,0.135,272.5,0.13246208,1780406837591,0.7,36.01,69252.97,BTC-31JUL26,68967.89,0.13275,68982.19,31JUL26,77000,,P,BTC-31JUL26-77000-P
1.9375,2.1495,0.0,2.03964392,1780406837591,0.0,86.33,69093.42,BTC-26JUN26,68967.89,2.0435,68982.19,26JUN26,210000,,P,BTC-26JUN26-210000-P
,0.0001,57.2,2.9e-07,1780406837591,0.0,60.97,68968.38,index_price,68967.89,,68982.19,3JUN26,77000,,C,BTC-3JUN26-77000-C
0.0225,0.0235,2987.1,0.02320196,1780406837591,546.1,41.19,68967.43,BTC-5JUN26,68967.89,0.023,68982.19,5JUN26,70000,,P,BTC-5JUN26-70000-P
,0.0002,824.3,0.0001666,1780406837591,1.5,58.55,69614.68,BTC-25SEP26,68967.89,,68982.19,25SEP26,190000,,C,BTC-25SEP26-190000-C
0.1285,0.1375,0.0,0.13103904,1780406837591,0.0,60.97,68968.38,index_price,68967.89,0.133,68982.19,3JUN26,78000,,P,BTC-3JUN26-78000-P
0.0155,0.0165,13.2,0.01627391,1780406837591,13.9,42.73,68968.38,index_price,68967.89,0.016,68982.19,4JUN26,69500,,P,BTC-4JUN26-69500-P
1.3775,1.55,1.9,1.46066562,1780406837591,0.0,85.89,69093.42,BTC-26JUN26,68967.89,1.46375,68982.19,26JUN26,170000,,P,BTC-26JUN26-170000-P
0.0675,0.0695,62.2,0.06844101,1780406837591,0.0,47.36,70871.11,BTC-26MAR27,68967.89,0.0685,68982.19,26MAR27,56000,,P,BTC-26MAR27-56000-P
0.272,0.283,0.0,0.27609591,1780406837591,0.0,72.07,68967.43,BTC-5JUN26,68967.89,0.2775,68982.19,5JUN26,88000,,P,BTC-5JUN26-88000-P
0.133,0.135,52.9,0.13425377,1780406837591,0.0,41.16,69614.19,BTC-25SEP26,68967.89,0.134,68982.19,25SEP26,64000,,C,BTC-25SEP26-64000-C
0.0014,0.0017,29.5,0.0015449,1780406837591,36.8,60.99,68968.38,index_price,68967.89,0.00155,68982.19,4JUN26,65000,,P,BTC-4JUN26-65000-P
0.3555,0.3665,1.3,0.35925053,1780406837591,0.0,39.12,69252.97,BTC-31JUL26,68967.89,0.361,68982.19,31JUL26,94000,,P,BTC-31JUL26-94000-P
0.0001,0.0002,62.4,0.00014582,1780406837591,14.3,49.06,68968.38,index_price,68967.89,0.00015,68982.19,4JUN26,74500,,C,BTC-4JUN26-74500-C
0.0255,0.0265,17.4,0.02613133,1780406837591,16.4,38.0,69030.95,BTC-19JUN26,68967.89,0.026,68982.19,19JUN26,70000,,C,BTC-19JUN26-70000-C
0.0255,0.026,10.5,0.02576964,1780406837591,10.5,39.37,69010.42,BTC-12JUN26,68967.89,0.02575,68982.19,12JUN26,69000,,C,BTC-12JUN26-69000-C
0.081,0.0875,0.0,0.08373403,1780406837591,0.0,44.1,69029.51,BTC-19JUN26,68967.89,0.08425,68982.19,19JUN26,64000,,C,BTC-19JUN26-64000-C
0.0041,0.0044,15.4,0.00429079,1780406837591,15.2,51.78,68968.38,index_price,68967.89,0.00425,68982.19,4JUN26,67000,,P,BTC-4JUN26-67000-P
0.217,0.2205,13.8,0.21809798,1780406837591,0.0,67.85,68967.43,BTC-5JUN26,68967.89,0.21875,68982.19,5JUN26,84000,,P,BTC-5JUN26-84000-P
2.054,2.276,1.8,2.16028922,1780406837591,0.0,58.65,69614.68,BTC-25SEP26,68967.89,2.165,68982.19,25SEP26,220000,,P,BTC-25SEP26-220000-P
0.0025,0.0028,35.3,0.00271342,1780406837591,52.7,39.81,68967.43,BTC-5JUN26,68967.89,0.00265,68982.19,5JUN26,71500,,C,BTC-5JUN26-71500-C
0.317,0.3205,59.9,0.31892464,1780406837591,0.0,49.88,70215.56,BTC-25DEC26,68967.89,0.31875,68982.19,25DEC26,50000,,C,BTC-25DEC26-50000-C
0.0005,0.0006,370.1,0.00052495,1780406837591,69.8,40.32,69011.86,BTC-12JUN26,68967.89,0.00055,68982.19,12JUN26,79000,,C,BTC-12JUN26-79000-C
,0.0002,551.2,5.811e-05,1780406837591,7.9,67.26,68967.43,BTC-5JUN26,68967.89,,68982.19,5JUN26,81000,,C,BTC-5JUN26-81000-C
0.011,0.012,409.8,0.01137673,1780406837591,160.1,47.46,69252.97,BTC-31JUL26,68967.89,0.0115,68982.19,31JUL26,56000,,P,BTC-31JUL26-56000-P
0.0037,0.0041,393.8,0.00385929,1780406837591,28.9,37.21,69252.97,BTC-31JUL26,68967.89,0.0039,68982.19,31JUL26,88000,,C,BTC-31JUL26-88000-C
0.005,0.0055,2380.1,0.00543438,1780406837591,44.5,60.43,69614.19,BTC-25SEP26,68967.89,0.00525,68982.19,25SEP26,40000,,P,BTC-25SEP26-40000-P
2.8865,3.1685,0.0,3.02214977,1780406837591,0.0,63.11,69614.19,BTC-25SEP26,68967.89,3.0275,68982.19,25SEP26,280000,,P,BTC-25SEP26-280000-P
0.1145,0.12,130.6,0.11687144,1780406837591,2.0,38.42,69010.42,BTC-12JUN26,68967.89,0.11725,68982.19,12JUN26,77000,,P,BTC-12JUN26-77000-P
0.0007,0.0009,662.9,0.0008123,1780406837591,598.5,40.43,68967.43,BTC-5JUN26,68967.89,0.0008,68982.19,5JUN26,73000,,C,BTC-5JUN26-73000-C
1.028,1.175,4.6,1.09881055,1780406837591,0.0,79.3,69093.42,BTC-26JUN26,68967.89,1.1015,68982.19,26JUN26,145000,,P,BTC-26JUN26-145000-P
0.038,0.0415,29.2,0.03954065,1780406837591,30.2,39.81,68967.43,BTC-5JUN26,68967.89,0.03975,68982.19,5JUN26,71500,,P,BTC-5JUN26-71500-P
0.092,0.1285,0.0,0.09478909,1780406837591,0.0,55.59,68968.38,index_price,68967.89,0.11025,68982.19,3JUN26,75500,,P,BTC-3JUN26-75500-P
0.028,0.029,80.2,0.0281524,1780406837591,80.3,41.48,69252.97,BTC-31JUL26,68967.89,0.0285,68982.19,31JUL26,63000,,P,BTC-31JUL26-63000-P
0.5825,0.597,1.1,0.5890901,1780406837591,0.0,47.17,69252.97,BTC-31JUL26,68967.89,0.58975,68982.19,31JUL26,110000,,P,BTC-31JUL26-110000-P
0.0008,0.0009,274.0,0.00089851,1780406837591,12.1,43.0,69252.97,BTC-31JUL26,68967.89,0.00085,68982.19,31JUL26,102000,,C,BTC-31JUL26-102000-C
0.0013,0.0016,279.4,0.00144686,1780406837591,65.7,39.96,69252.97,BTC-31JUL26,68967.89,0.00145,68982.19,31JUL26,96000,,C,BTC-31JUL26-96000-C
0.214,0.224,0.0,0.21739388,1780406837591,0.0,48.31,69010.42,BTC-12JUN26,68967.89,0.219,68982.19,12JUN26,84000,,P,BTC-12JUN26-84000-P
0.2505,0.2565,3.7,0.25314644,1780406837591,0.1,42.25,70871.11,BTC-26MAR27,68967.89,0.2535,68982.19,26MAR27,82000,,P,BTC-26MAR27-82000-P
0.173,0.1755,12.7,0.17438865,1780406837591,0.0,43.96,70215.56,BTC-25DEC26,68967.89,0.17425,68982.19,25DEC26,64000,,C,BTC-25DEC26-64000-C
0.3905,0.399,0.4,0.39439769,1780406837591,0.0,41.74,70869.67,BTC-26MAR27,68967.89,0.39475,68982.19,26MAR27,95000,,P,BTC-26MAR27-95000-P
0.012,0.013,132.9,0.01264628,1780406837591,137.9,44.34,68968.38,index_price,68967.89,0.0125,68982.19,3JUN26,69500,,P,BTC-3JUN26-69500-P
0.0004,0.0008,130.6,0.000564,1780406837591,0.8,47.17,69252.97,BTC-31JUL26,68967.89,0.0006,68982.19,31JUL26,110000,,C,BTC-31JUL26-110000-C
0.028,0.0295,1331.3,0.02899543,1780406837591,0.5,40.22,70215.56,BTC-25DEC26,68967.89,0.02875,68982.19,25DEC26,95000,,C,BTC-25DEC26-95000-C
0.726,0.7435,0.0,0.73329965,1780406837591,0.0,52.06,69252.97,BTC-31JUL26,68967.89,0.73475,68982.19,31JUL26,120000,,P,BTC-31JUL26-120000-P
0.0075,0.0085,2172.9,0.00802457,1780406837591,122.1,38.06,69614.19,BTC-25SEP26,68967.89,0.008,68982.19,25SEP26,95000,,C,BTC-25SEP26-95000-C
0.4995,0.5015,15.1,0.50066468,1780406837591,0.0,66.85,69614.19,BTC-25SEP26,68967.89,0.5005,68982.19,25SEP26,35000,,C,BTC-25SEP26-35000-C
,0.0001,556.1,0.0,1780406837591,0.0,89.88,69093.42,BTC-26JUN26,68967.89,,68982.19,26JUN26,240000,,C,BTC-26JUN26-240000-C
2.303,2.5465,0.0,2.41862172,1780406837591,0.0,57.47,70215.56,BTC-25DEC26,68967.89,2.42475,68982.19,25DEC26,240000,,P,BTC-25DEC26-240000-P
0.247,0.255,0.0,0.24996559,1780406837591,0.0,36.58,69423.48,BTC-28AUG26,68967.89,0.251,68982.19,28AUG26,86000,,P,BTC-28AUG26-86000-P
0.273,0.277,23.4,0.27531731,1780406837591,0.0,40.49,70215.56,BTC-25DEC26,68967.89,0.275,68982.19,25DEC26,86000,,P,BTC-25DEC26-86000-P
0.0255,0.0265,6.2,0.02581218,1780406837591,0.2,36.47,69425.14,BTC-28AUG26,68967.89,0.026,68982.19,28AUG26,79000,,C,BTC-28AUG26-79000-C
,0.0002,1130.0,9.662e-05,1780406837591,0.4,58.55,69614.19,BTC-25SEP26,68967.89,,68982.19,25SEP26,200000,,C,BTC-25SEP26-200000-C
0.1505,0.155,3.6,0.15272659,1780406837591,0.0,36.55,69423.48,BTC-28AUG26,68967.89,0.15275,68982.19,28AUG26,78000,,P,BTC-28AUG26-78000-P
0.0685,0.077,0.0,0.07284121,1780406837591,0.0,65.64,68968.38,index_price,68967.89,0.07275,68982.19,4JUN26,64000,,C,BTC-4JUN26-64000-C
0.0075,0.0085,69.6,0.00812635,1780406837591,110.4,41.19,68967.43,BTC-5JUN26,68967.89,0.008,68982.19,5JUN26,70000,,C,BTC-5JUN26-70000-C
1.0475,1.214,1.6,1.1232811,1780406837592,1.6,44.13,70869.67,BTC-26MAR27,68967.89,1.13075,68982.19,26MAR27,150000,,P,BTC-26MAR27-150000-P
0.008,0.009,1648.7,0.00845913,1780406837592,306.0,54.59,69614.19,BTC-25SEP26,68967.89,0.0085,68982.19,25SEP26,45000,,P,BTC-25SEP26-45000-P
,0.0001,0.0,0.0,1780406837592,0.0,60.97,68968.38,index_price,68967.89,,68982.19,3JUN26,82000,,C,BTC-3JUN26-82000-C
0.027,0.0285,86.4,0.02787466,1780406837592,3.5,41.8,70871.11,BTC-26MAR27,68967.89,0.02775,68982.19,26MAR27,110000,,C,BTC-26MAR27-110000-C
0.0004,0.0008,477.8,0.00058103,1780406837592,0.0,50.23,69614.68,BTC-25SEP26,68967.89,0.0006,68982.19,25SEP26,145000,,C,BTC-25SEP26-145000-C
0.0145,0.0155,111.3,0.01508321,1780406837592,72.7,42.32,70871.11,BTC-26MAR27,68967.89,0.015,68982.19,26MAR27,125000,,C,BTC-26MAR27-125000-C
0.094,0.098,0.0,0.09602193,1780406837592,0.0,45.5,69030.95,BTC-19JUN26,68967.89,0.096,68982.19,19JUN26,63000,,C,BTC-19JUN26-63000-C
1.065,1.225,2.1,1.13898671,1780406837592,0.0,46.53,70214.12,BTC-25DEC26,68967.89,1.145,68982.19,25DEC26,150000,,P,BTC-25DEC26-150000-P
0.0002,0.0007,828.8,0.00038509,1780406837592,0.2,53.65,69614.19,BTC-25SEP26,68967.89,0.00045,68982.19,25SEP26,160000,,C,BTC-25SEP26-160000-C
0.041,0.046,0.0,0.0439921,1780406837592,0.0,66.65,68968.38,index_price,68967.89,0.0435,68982.19,3JUN26,66000,,C,BTC-3JUN26-66000-C
0.0013,0.0015,13.5,0.00134388,1780406837592,13.7,64.34,68967.89,index_price,68967.89,0.0014,68982.19,6JUN26,62000,,P,BTC-6JUN26-62000-P
0.186,0.1915,207.3,0.18837255,1780406837592,0.2,37.23,69093.42,BTC-26JUN26,68967.89,0.18875,68982.19,26JUN26,82000,,P,BTC-26JUN26-82000-P
0.0235,0.025,186.4,0.02416584,1780406837592,0.0,40.25,70215.56,BTC-25DEC26,68967.89,0.02425,68982.19,25DEC26,98000,,C,BTC-25DEC26-98000-C
0.341,0.352,0.0,0.34503925,1780406837592,0.0,38.78,69252.97,BTC-31JUL26,68967.89,0.3465,68982.19,31JUL26,93000,,P,BTC-31JUL26-93000-P
0.055,0.119,0.0,0.08786862,1780406837592,0.0,43.23,68967.89,index_price,68967.89,0.087,68982.19,6JUN26,75000,,P,BTC-6JUN26-75000-P
0.547,0.558,0.0,0.55167698,1780406837592,0.0,40.71,70214.12,BTC-25DEC26,68967.89,0.5525,68982.19,25DEC26,108000,,P,BTC-25DEC26-108000-P
0.016,0.017,0.0,0.01636335,1780406837592,0.0,46.1,68968.38,index_price,68967.89,0.0165,68982.19,4JUN26,68500,,C,BTC-4JUN26-68500-C
0.017,0.0195,0.0,0.01842973,1780406837592,0.0,54.43,68968.38,index_price,68967.89,0.01825,68982.19,3JUN26,68000,,C,BTC-3JUN26-68000-C
0.355,0.365,0.0,0.35879912,1780406837592,0.0,38.16,69425.14,BTC-28AUG26,68967.89,0.36,68982.19,28AUG26,94000,,P,BTC-28AUG26-94000-P
0.018,0.019,621.7,0.01861776,1780406837592,24.0,37.1,69614.68,BTC-25SEP26,68967.89,0.0185,68982.19,25SEP26,86000,,C,BTC-25SEP26-86000-C
0.009,0.01,2593.1,0.00949076,1780406837592,23.2,41.44,70215.56,BTC-25DEC26,68967.89,0.0095,68982.19,25DEC26,115000,,C,BTC-25DEC26-115000-C
0.0315,0.0325,525.8,0.03199297,1780406837592,21.1,40.8,69252.97,BTC-31JUL26,68967.89,0.032,68982.19,31JUL26,64000,,P,BTC-31JUL26-64000-P
0.0018,0.0022,95.3,0.00201264,1780406837592,8.0,38.78,69252.97,BTC-31JUL26,68967.89,0.002,68982.19,31JUL26,93000,,C,BTC-31JUL26-93000-C
0.9775,1.0725,0.0,0.98463857,1780406837592,0.0,43.44,70871.11,BTC-26MAR27,68967.89,1.025,68982.19,26MAR27,140000,,P,BTC-26MAR27-140000-P
0.0315,0.0405,0.0,0.03503792,1780406837592,0.0,39.64,68967.89,index_price,68967.89,0.036,68982.19,6JUN26,71000,,P,BTC-6JUN26-71000-P
0.085,0.0925,0.0,0.08850993,1780406837592,0.0,61.02,68967.89,index_price,68967.89,0.08875,68982.19,6JUN26,63000,,C,BTC-6JUN26-63000-C
0.21,0.2145,933.3,0.21273027,1780406837592,0.9,41.25,70215.56,BTC-25DEC26,68967.89,0.21225,68982.19,25DEC26,80000,,P,BTC-25DEC26-80000-P
0.0245,0.0255,135.6,0.02486883,1780406837592,1.3,45.47,69614.19,BTC-25SEP26,68967.89,0.025,68982.19,25SEP26,56000,,P,BTC-25SEP26-56000-P
0.1485,0.152,83.2,0.14971623,1780406837592,15.5,43.84,70871.11,BTC-26MAR27,68967.89,0.15025,68982.19,26MAR27,70000,,P,BTC-26MAR27-70000-P
0.065,0.0685,26.1,0.06613391,1780406837592,1.1,45.17,68968.38,index_price,68967.89,0.06675,68982.19,4JUN26,73500,,P,BTC-4JUN26-73500-P
0.244,0.251,15.2,0.24717448,1780406837592,0.0,36.89,69252.97,BTC-31JUL26,68967.89,0.2475,68982.19,31JUL26,86000,,P,BTC-31JUL26-86000-P
0.0011,0.0013,57.7,0.00126944,1780406837592,61.6,42.33,68968.38,index_price,68967.89,0.0012,68982.19,3JUN26,70500,,C,BTC-3JUN26-70500-C
0.2055,0.208,0.5,0.20666297,1780406837592,0.2,45.16,70871.11,BTC-26MAR27,68967.89,0.20675,68982.19,26MAR27,64000,,C,BTC-26MAR27-64000-C
0.2305,0.234,157.8,0.23260243,1780406837592,0.0,40.91,70214.12,BTC-25DEC26,68967.89,0.23225,68982.19,25DEC26,82000,,P,BTC-25DEC26-82000-P
0.0285,0.0295,16.4,0.02909483,1780406837592,1.5,36.55,69425.14,BTC-28AUG26,68967.89,0.029,68982.19,28AUG26,78000,,C,BTC-28AUG26-78000-C
0.0004,0.0005,722.9,0.00043053,1780406837592,31.9,42.68,68967.43,BTC-5JUN26,68967.89,0.00045,68982.19,5JUN26,74000,,C,BTC-5JUN26-74000-C
0.007,0.008,5074.2,0.00751096,1780406837592,1492.0,48.9,69093.42,BTC-26JUN26,68967.89,0.0075,68982.19,26JUN26,60000,,P,BTC-26JUN26-60000-P
0.3175,0.3255,596.1,0.32108164,1780406837592,0.0,40.23,70214.12,BTC-25DEC26,68967.89,0.3215,68982.19,25DEC26,90000,,P,BTC-25DEC26-90000-P
0.0015,0.0018,44.9,0.00161195,1780406837592,0.0,39.57,69252.97,BTC-31JUL26,68967.89,0.00165,68982.19,31JUL26,95000,,C,BTC-31JUL26-95000-C
0.0055,0.006,20.4,0.0057408,1780406837592,0.2,37.7,69425.14,BTC-28AUG26,68967.89,0.00575,68982.19,28AUG26,92000,,C,BTC-28AUG26-92000-C
0.3385,0.342,11.8,0.34046079,1780406837592,0.0,49.56,70871.11,BTC-26MAR27,68967.89,0.34025,68982.19,26MAR27,50000,,C,BTC-26MAR27-50000-C
0.13,0.1355,0.0,0.1322921,1780406837592,0.0,37.03,69029.51,BTC-19JUN26,68967.89,0.13275,68982.19,19JUN26,78000,,P,BTC-19JUN26-78000-P
0.1415,0.1475,491.3,0.14392936,1780406837592,1.2,35.9,69252.97,BTC-31JUL26,68967.89,0.1445,68982.19,31JUL26,78000,,P,BTC-31JUL26-78000-P
0.162,0.1685,0.0,0.16384948,1780406837592,0.0,36.47,69423.48,BTC-28AUG26,68967.89,0.16525,68982.19,28AUG26,79000,,P,BTC-28AUG26-79000-P
1.4775,1.664,0.0,1.56482581,1780406837592,0.0,50.38,70214.12,BTC-25DEC26,68967.89,1.57075,68982.19,25DEC26,180000,,P,BTC-25DEC26-180000-P
0.2735,0.2805,0.0,0.27671458,1780406837592,0.0,37.1,69423.48,BTC-28AUG26,68967.89,0.277,68982.19,28AUG26,88000,,P,BTC-28AUG26-88000-P
,0.0001,1180.5,4.6e-07,1780406837592,0.0,85.89,69093.42,BTC-26JUN26,68967.89,,68982.19,26JUN26,180000,,C,BTC-26JUN26-180000-C
0.372,0.38,982.9,0.37532338,1780406837592,25.4,48.85,69093.42,BTC-26JUN26,68967.89,0.376,68982.19,26JUN26,95000,,P,BTC-26JUN26-95000-P
0.4115,0.424,0.1,0.41641058,1780406837592,0.0,40.77,69252.97,BTC-31JUL26,68967.89,0.41775,68982.19,31JUL26,98000,,P,BTC-31JUL26-98000-P
0.383,0.393,0.0,0.38679862,1780406837592,0.0,38.7,69423.48,BTC-28AUG26,68967.89,0.388,68982.19,28AUG26,96000,,P,BTC-28AUG26-96000-P
0.0105,0.0115,104.3,0.01108955,1780406837592,57.3,36.58,69425.14,BTC-28AUG26,68967.89,0.011,68982.19,28AUG26,86000,,C,BTC-28AUG26-86000-C
0.0095,0.01,2110.5,0.00967422,1780406837592,0.1,62.2,70215.56,BTC-25DEC26,68967.89,0.00975,68982.19,25DEC26,35000,,P,BTC-25DEC26-35000-P
0.1095,0.113,215.6,0.11077918,1780406837592,5.1,36.25,69252.97,BTC-31JUL26,68967.89,0.11125,68982.19,31JUL26,75000,,P,BTC-31JUL26-75000-P
0.021,0.022,32.5,0.02149595,1780406837592,34.6,40.57,69030.95,BTC-19JUN26,68967.89,0.0215,68982.19,19JUN26,67000,,P,BTC-19JUN26-67000-P
0.031,0.032,0.0,0.03132949,1780406837592,0.0,46.71,68967.89,index_price,68967.89,0.0315,68982.19,6JUN26,67500,,C,BTC-6JUN26-67500-C
0.1565,0.1635,5.7,0.15965302,1780406837592,0.0,41.82,69010.42,BTC-12JUN26,68967.89,0.16,68982.19,12JUN26,80000,,P,BTC-12JUN26-80000-P
1.0825,1.2365,0.7,1.15520226,1780406837592,0.0,51.2,69614.19,BTC-25SEP26,68967.89,1.1595,68982.19,25SEP26,150000,,P,BTC-25SEP26-150000-P
0.0455,0.047,1918.9,0.04603489,1780406837592,8.3,49.56,70871.11,BTC-26MAR27,68967.89,0.04625,68982.19,26MAR27,50000,,P,BTC-26MAR27-50000-P
0.0865,0.0895,370.7,0.08787963,1780406837592,1.2,46.57,68967.43,BTC-5JUN26,68967.89,0.088,68982.19,5JUN26,75000,,P,BTC-5JUN26-75000-P
0.0025,0.003,173.0,0.00268679,1780406837592,0.4,47.95,70871.11,BTC-26MAR27,68967.89,0.00275,68982.19,26MAR27,190000,,C,BTC-26MAR27-190000-C
0.0032,0.0034,1800.7,0.00329534,1780406837592,284.8,57.19,69093.42,BTC-26JUN26,68967.89,0.0033,68982.19,26JUN26,55000,,P,BTC-26JUN26-55000-P
0.1195,0.1235,480.9,0.12140865,1780406837592,0.2,36.13,69251.53,BTC-31JUL26,68967.89,0.1215,68982.19,31JUL26,76000,,P,BTC-31JUL26-76000-P
0.0115,0.013,2880.7,0.01224487,1780406837592,3.2,40.95,70215.56,BTC-25DEC26,68967.89,0.01225,68982.19,25DEC26,110000,,C,BTC-25DEC26-110000-C
0.0007,0.0008,354.4,0.00079682,1780406837592,0.0,44.11,69252.97,BTC-31JUL26,68967.89,0.00075,68982.19,31JUL26,104000,,C,BTC-31JUL26-104000-C
0.2285,0.2385,0.0,0.23185049,1780406837592,0.0,42.69,69029.51,BTC-19JUN26,68967.89,0.2335,68982.19,19JUN26,85000,,P,BTC-19JUN26-85000-P
0.2765,0.285,4.7,0.27953388,1780406837592,0.0,37.3,69614.68,BTC-25SEP26,68967.89,0.28075,68982.19,25SEP26,88000,,P,BTC-25SEP26-88000-P
2.3565,2.5995,0.1,2.47387875,1780406837592,0.0,89.88,69093.42,BTC-26JUN26,68967.89,2.478,68982.19,26JUN26,240000,,P,BTC-26JUN26-240000-P
0.1335,0.1375,0.0,0.13534676,1780406837592,0.0,50.38,69029.51,BTC-19JUN26,68967.89,0.1355,68982.19,19JUN26,60000,,C,BTC-19JUN26-60000-C
0.1415,0.186,0.0,0.14553951,1780406837592,0.0,60.97,68968.38,index_price,68967.89,0.16375,68982.19,3JUN26,79000,,P,BTC-3JUN26-79000-P
0.1955,0.2005,14.3,0.19783216,1780406837592,0.0,42.93,70871.11,BTC-26MAR27,68967.89,0.198,68982.19,26MAR27,76000,,P,BTC-26MAR27-76000-P
0.0495,0.05,852.7,0.04945389,1780406837592,33.2,37.62,69614.68,BTC-25SEP26,68967.89,0.04975,68982.19,25SEP26,76000,,C,BTC-25SEP26-76000-C
0.158,0.1635,0.0,0.1602809,1780406837592,0.0,38.29,69029.51,BTC-19JUN26,68967.89,0.16075,68982.19,19JUN26,80000,,P,BTC-19JUN26-80000-P
0.0475,0.0485,1108.2,0.04806611,1780406837592,14.5,39.32,69093.42,BTC-26JUN26,68967.89,0.048,68982.19,26JUN26,68000,,C,BTC-26JUN26-68000-C
0.009,0.01,18.5,0.00973164,1780406837592,18.7,46.1,68968.38,index_price,68967.89,0.0095,68982.19,4JUN26,68500,,P,BTC-4JUN26-68500-P
0.0023,0.0025,1616.5,0.00240982,1780406837592,52.3,40.74,69614.19,BTC-25SEP26,68967.89,0.0024,68982.19,25SEP26,110000,,C,BTC-25SEP26-110000-C
0.064,0.0655,189.5,0.06474616,1780406837592,1.5,40.91,70214.12,BTC-25DEC26,68967.89,0.06475,68982.19,25DEC26,82000,,C,BTC-25DEC26-82000-C
0.0001,0.0002,1532.8,0.00015248,1780406837592,0.1,59.07,69091.98,BTC-26JUN26,68967.89,0.00015,68982.19,26JUN26,105000,,C,BTC-26JUN26-105000-C
,0.0002,34.0,1.436e-05,1780406837592,0.3,52.61,68968.38,index_price,68967.89,,68982.19,4JUN26,77000,,C,BTC-4JUN26-77000-C
0.057,0.06,702.0,0.05816399,1780406837592,77.7,36.77,69029.51,BTC-19JUN26,68967.89,0.0585,68982.19,19JUN26,72000,,P,BTC-19JUN26-72000-P
0.022,0.0225,2616.6,0.02238641,1780406837592,10.9,46.03,69614.19,BTC-25SEP26,68967.89,0.02225,68982.19,25SEP26,55000,,P,BTC-25SEP26-55000-P
0.018,0.019,2888.5,0.01855288,1780406837592,563.5,42.15,69093.42,BTC-26JUN26,68967.89,0.0185,68982.19,26JUN26,65000,,P,BTC-26JUN26-65000-P
0.85,0.864,52.1,0.85653561,1780406837592,0.0,43.52,70215.56,BTC-25DEC26,68967.89,0.857,68982.19,25DEC26,130000,,P,BTC-25DEC26-130000-P
0.0145,0.016,192.0,0.01518532,1780406837592,53.6,40.62,70215.56,BTC-25DEC26,68967.89,0.01525,68982.19,25DEC26,106000,,C,BTC-25DEC26-106000-C
0.578,0.5805,245.8,0.57875639,1780406837592,0.0,67.02,70215.56,BTC-25DEC26,68967.89,0.57925,68982.19,25DEC26,30000,,C,BTC-25DEC26-30000-C
0.0011,0.0015,919.4,0.00123888,1780406837592,5.2,50.38,70215.56,BTC-25DEC26,68967.89,0.0013,68982.19,25DEC26,180000,,C,BTC-25DEC26-180000-C
0.025,0.026,98.9,0.02562227,1780406837592,111.3,39.37,69011.86,BTC-12JUN26,68967.89,0.0255,68982.19,12JUN26,69000,,P,BTC-12JUN26-69000-P
0.052,0.053,304.7,0.05262574,1780406837592,13.0,38.62,69252.97,BTC-31JUL26,68967.89,0.0525,68982.19,31JUL26,68000,,P,BTC-31JUL26-68000-P
0.122,0.1235,107.7,0.12269981,1780406837592,2.3,38.06,69614.68,BTC-25SEP26,68967.89,0.12275,68982.19,25SEP26,74000,,P,BTC-25SEP26-74000-P
0.52,0.531,0.1,0.52485318,1780406837592,0.0,40.62,70214.12,BTC-25DEC26,68967.89,0.5255,68982.19,25DEC26,106000,,P,BTC-25DEC26-106000-P
0.2215,0.2295,0.0,0.22432159,1780406837592,0.0,36.57,69423.48,BTC-28AUG26,68967.89,0.2255,68982.19,28AUG26,84000,,P,BTC-28AUG26-84000-P
0.3125,0.319,0.2,0.31520794,1780406837592,0.0,41.88,70869.67,BTC-26MAR27,68967.89,0.31575,68982.19,26MAR27,88000,,P,BTC-26MAR27-88000-P
2.217,2.4495,6.4,2.3291338,1780406837592,0.0,89.15,69093.42,BTC-26JUN26,68967.89,2.33325,68982.19,26JUN26,230000,,P,BTC-26JUN26-230000-P
1.098,1.25,2.3,1.1711834,1780406837592,0.0,82.82,69093.42,BTC-26JUN26,68967.89,1.174,68982.19,26JUN26,150000,,P,BTC-26JUN26-150000-P
,0.0002,1313.6,9.378e-05,1780406837592,12.6,61.98,69091.98,BTC-26JUN26,68967.89,,68982.19,26JUN26,110000,,C,BTC-26JUN26-110000-C
0.111,0.115,12.3,0.11324969,1780406837592,0.5,45.93,69093.42,BTC-26JUN26,68967.89,0.113,68982.19,26JUN26,62000,,C,BTC-26JUN26-62000-C
0.0005,0.0007,18.2,0.00060841,1780406837592,17.3,41.8,68967.43,BTC-5JUN26,68967.89,0.0006,68982.19,5JUN26,73500,,C,BTC-5JUN26-73500-C
0.0032,0.0036,133.0,0.00336344,1780406837592,3.7,37.49,69251.53,BTC-31JUL26,68967.89,0.0034,68982.19,31JUL26,89000,,C,BTC-31JUL26-89000-C
,0.0001,651.0,8.81e-06,1780406837592,0.0,79.3,69093.42,BTC-26JUN26,68967.89,,68982.19,26JUN26,145000,,C,BTC-26JUN26-145000-C
,0.0001,198.4,0.0,1780406837592,0.0,91.06,69093.42,BTC-26JUN26,68967.89,,68982.19,26JUN26,260000,,C,BTC-26JUN26-260000-C
0.074,0.076,664.5,0.07503524,1780406837592,41.9,44.55,70215.56,BTC-25DEC26,68967.89,0.075,68982.19,25DEC26,62000,,P,BTC-25DEC26-62000-P
0.3605,0.3635,148.4,0.36204329,1780406837592,0.4,54.59,69614.19,BTC-25SEP26,68967.89,0.362,68982.19,25SEP26,45000,,C,BTC-25SEP26-45000-C
0.2285,0.238,0.0,0.23185348,1780406837592,0.0,49.78,69010.42,BTC-12JUN26,68967.89,0.23325,68982.19,12JUN26,85000,,P,BTC-12JUN26-85000-P
0.1395,0.184,0.0,0.14564204,1780406837592,0.0,59.12,68968.38,index_price,68967.89,0.16175,68982.19,4JUN26,79000,,P,BTC-4JUN26-79000-P
0.002,0.0024,311.0,0.00220204,1780406837592,11.4,48.71,70871.11,BTC-26MAR27,68967.89,0.0022,68982.19,26MAR27,200000,,C,BTC-26MAR27-200000-C
0.013,0.014,14.8,0.01346374,1780406837592,15.7,41.77,68967.89,index_price,68967.89,0.0135,68982.19,6JUN26,69500,,C,BTC-6JUN26-69500-C
0.3835,0.395,0.1,0.38779691,1780406837592,0.0,39.96,69252.97,BTC-31JUL26,68967.89,0.38925,68982.19,31JUL26,96000,,P,BTC-31JUL26-96000-P
,0.0001,4041.0,1.892e-05,1780406837592,36.1,144.1,69093.42,BTC-26JUN26,68967.89,,68982.19,26JUN26,20000,,P,BTC-26JUN26-20000-P
0.99,1.0655,0.2,0.99735605,1780406837592,0.0,44.77,70215.56,BTC-25DEC26,68967.89,1.02775,68982.19,25DEC26,140000,,P,BTC-25DEC26-140000-P
0.7895,0.8055,21.6,0.79669858,1780406837592,0.0,44.69,69614.19,BTC-25SEP26,68967.89,0.7975,68982.19,25SEP26,125000,,P,BTC-25SEP26-125000-P
0.171,0.178,0.1,0.17404468,1780406837592,0.0,43.11,69010.42,BTC-12JUN26,68967.89,0.1745,68982.19,12JUN26,81000,,P,BTC-12JUN26-81000-P
0.0245,0.0255,125.0,0.02515153,1780406837592,130.2,40.79,68967.89,index_price,68967.89,0.025,68982.19,6JUN26,70000,,P,BTC-6JUN26-70000-P
0.3275,0.3375,1.0,0.33105006,1780406837592,0.0,37.7,69423.48,BTC-28AUG26,68967.89,0.3325,68982.19,28AUG26,92000,,P,BTC-28AUG26-92000-P
0.474,0.5145,0.0,0.47894836,1780406837592,0.0,41.75,70871.11,BTC-26MAR27,68967.89,0.49425,68982.19,26MAR27,102000,,P,BTC-26MAR27-102000-P
0.12,0.1235,24.3,0.12159043,1780406837592,0.0,36.93,69423.48,BTC-28AUG26,68967.89,0.12175,68982.19,28AUG26,75000,,P,BTC-28AUG26-75000-P
0.0002,0.0003,1014.6,0.00025544,1780406837592,344.4,51.54,68967.43,BTC-5JUN26,68967.89,0.00025,68982.19,5JUN26,76000,,C,BTC-5JUN26-76000-C
0.205,0.2085,220.5,0.20720172,1780406837592,0.0,57.19,69093.42,BTC-26JUN26,68967.89,0.20675,68982.19,26JUN26,55000,,C,BTC-26JUN26-55000-C
0.0505,0.052,60.7,0.05138748,1780406837592,0.0,41.69,70871.02,BTC-26MAR27,68967.89,0.05125,68982.19,26MAR27,96000,,C,BTC-26MAR27-96000-C
0.41,0.419,0.1,0.41402833,1780406837592,0.0,38.66,69614.19,BTC-25SEP26,68967.89,0.4145,68982.19,25SEP26,98000,,P,BTC-25SEP26-98000-P
0.4295,0.432,31.4,0.43084251,1780406837592,0.0,60.43,69614.19,BTC-25SEP26,68967.89,0.43075,68982.19,25SEP26,40000,,C,BTC-25SEP26-40000-C
0.032,0.033,0.6,0.0327034,1780406837592,0.1,36.64,69425.14,BTC-28AUG26,68967.89,0.0325,68982.19,28AUG26,77000,,C,BTC-28AUG26-77000-C
0.0645,0.0685,7.1,0.06661292,1780406837592,4.1,45.25,69010.42,BTC-12JUN26,68967.89,0.0665,68982.19,12JUN26,65000,,C,BTC-12JUN26-65000-C
0.0003,0.0006,320.2,0.00039204,1780406837592,0.0,51.97,69614.68,BTC-25SEP26,68967.89,0.00045,68982.19,25SEP26,155000,,C,BTC-25SEP26-155000-C
0.197,0.2045,0.0,0.19945325,1780406837592,0.0,36.55,69423.48,BTC-28AUG26,68967.89,0.20075,68982.19,28AUG26,82000,,P,BTC-28AUG26-82000-P
0.032,0.033,3471.8,0.03245061,1780406837592,396.3,37.78,69093.42,BTC-26JUN26,68967.89,0.0325,68982.19,26JUN26,70000,,C,BTC-26JUN26-70000-C
0.011,0.012,175.8,0.01132137,1780406837592,63.6,43.66,69011.86,BTC-12JUN26,68967.89,0.0115,68982.19,12JUN26,66000,,P,BTC-12JUN26-66000-P
0.124,0.1265,1082.9,0.12531266,1780406837593,500.8,42.59,70215.56,BTC-25DEC26,68967.89,0.12525,68982.19,25DEC26,70000,,P,BTC-25DEC26-70000-P
0.076,0.077,600.4,0.07649899,1780406837593,53.4,39.7,69614.19,BTC-25SEP26,68967.89,0.0765,68982.19,25SEP26,68000,,P,BTC-25SEP26-68000-P
0.0005,0.0007,102.1,0.00059732,1780406837593,194.8,42.5,68968.38,index_price,68967.89,0.0006,68982.19,3JUN26,71000,,C,BTC-3JUN26-71000-C
0.058,0.061,554.0,0.05939116,1780406837593,9.1,40.43,68967.43,BTC-5JUN26,68967.89,0.0595,68982.19,5JUN26,73000,,P,BTC-5JUN26-73000-P
0.0003,0.0005,1338.0,0.00040359,1780406837593,605.8,41.82,69011.86,BTC-12JUN26,68967.89,0.0004,68982.19,12JUN26,80000,,C,BTC-12JUN26-80000-C
0.0055,0.0065,623.5,0.00600593,1780406837593,2.7,42.63,70215.56,BTC-25DEC26,68967.89,0.006,68982.19,25DEC26,125000,,C,BTC-25DEC26-125000-C
0.053,0.0545,72.3,0.05380692,1780406837593,0.2,41.74,70869.67,BTC-26MAR27,68967.89,0.05375,68982.19,26MAR27,95000,,C,BTC-26MAR27-95000-C
0.1275,0.1295,1017.7,0.12836219,1780406837593,447.8,42.59,70215.56,BTC-25DEC26,68967.89,0.1285,68982.19,25DEC26,70000,,C,BTC-25DEC26-70000-C
0.0145,0.0155,207.9,0.01502156,1780406837593,35.0,35.9,69252.97,BTC-31JUL26,68967.89,0.015,68982.19,31JUL26,79000,,C,BTC-31JUL26-79000-C
0.006,0.0065,1626.0,0.00602088,1780406837593,5.8,67.02,70215.56,BTC-25DEC26,68967.89,0.00625,68982.19,25DEC26,30000,,P,BTC-25DEC26-30000-P
0.0005,0.0009,1116.8,0.00068411,1780406837593,0.3,49.05,69614.19,BTC-25SEP26,68967.89,0.0007,68982.19,25SEP26,140000,,C,BTC-25SEP26-140000-C
0.0205,0.022,2426.6,0.02136452,1780406837593,90.0,40.26,70215.56,BTC-25DEC26,68967.89,0.02125,68982.19,25DEC26,100000,,C,BTC-25DEC26-100000-C
0.041,0.0495,0.0,0.04543298,1780406837593,0.0,56.31,68968.38,index_price,68967.89,0.04525,68982.19,4JUN26,66000,,C,BTC-4JUN26-66000-C
1.4985,1.6815,7.3,1.58585241,1780406837593,0.0,56.38,69614.19,BTC-25SEP26,68967.89,1.59,68982.19,25SEP26,180000,,P,BTC-25SEP26-180000-P
0.0995,0.103,148.1,0.10077259,1780406837593,3.7,36.49,69251.53,BTC-31JUL26,68967.89,0.10125,68982.19,31JUL26,74000,,P,BTC-31JUL26-74000-P
0.2305,0.2375,21.8,0.23353824,1780406837593,5.1,36.64,69252.97,BTC-31JUL26,68967.89,0.234,68982.19,31JUL26,85000,,P,BTC-31JUL26-85000-P
0.097,0.0995,85.0,0.09805159,1780406837593,0.0,45.61,70871.11,BTC-26MAR27,68967.89,0.09825,68982.19,26MAR27,62000,,P,BTC-26MAR27-62000-P
0.0665,0.0705,110.8,0.06871532,1780406837593,5.5,36.39,69029.51,BTC-19JUN26,68967.89,0.0685,68982.19,19JUN26,73000,,P,BTC-19JUN26-73000-P
0.2025,0.206,6.2,0.20360454,1780406837593,0.0,67.68,68967.43,BTC-5JUN26,68967.89,0.20425,68982.19,5JUN26,83000,,P,BTC-5JUN26-83000-P
0.465,0.4765,0.4,0.46967596,1780406837593,0.0,39.29,69614.19,BTC-25SEP26,68967.89,0.47075,68982.19,25SEP26,102000,,P,BTC-25SEP26-102000-P
,0.0001,308.5,0.0,1780406837593,0.0,95.76,69093.42,BTC-26JUN26,68967.89,,68982.19,26JUN26,300000,,C,BTC-26JUN26-300000-C
0.0595,0.062,0.0,0.06100232,1780406837593,0.0,41.62,69030.95,BTC-19JUN26,68967.89,0.06075,68982.19,19JUN26,66000,,C,BTC-19JUN26-66000-C
,0.0001,13.3,1.23e-05,1780406837593,1.5,57.43,68968.38,index_price,68967.89,,68982.19,4JUN26,78000,,C,BTC-4JUN26-78000-C
0.027,0.03,14.2,0.02800412,1780406837593,17.7,40.17,68967.43,BTC-5JUN26,68967.89,0.0285,68982.19,5JUN26,70500,,P,BTC-5JUN26-70500-P
0.0001,0.0003,73.1,0.00017126,1780406837593,117.9,52.38,68968.38,index_price,68967.89,0.0002,68982.19,3JUN26,72500,,C,BTC-3JUN26-72500-C
0.0715,0.0785,0.0,0.07480586,1780406837593,0.0,57.63,68967.89,index_price,68967.89,0.075,68982.19,6JUN26,64000,,C,BTC-6JUN26-64000-C
0.0155,0.0165,829.0,0.01598019,1780406837593,26.4,40.5,70215.56,BTC-25DEC26,68967.89,0.016,68982.19,25DEC26,105000,,C,BTC-25DEC26-105000-C
,0.0001,33.5,3.734e-05,1780406837593,16.0,51.31,68968.38,index_price,68967.89,,68982.19,4JUN26,76000,,C,BTC-4JUN26-76000-C
0.011,0.0115,14.7,0.0112186,1780406837593,14.7,42.32,68967.35,BTC-5JUN26,68967.89,0.01125,68982.19,5JUN26,69500,,C,BTC-5JUN26-69500-C
0.056,0.0575,129.3,0.05661811,1780406837593,2.5,45.99,70215.56,BTC-25DEC26,68967.89,0.05675,68982.19,25DEC26,58000,,P,BTC-25DEC26-58000-P
0.1535,0.1595,172.9,0.15587213,1780406837593,0.0,35.9,69252.97,BTC-31JUL26,68967.89,0.1565,68982.19,31JUL26,79000,,P,BTC-31JUL26-79000-P
0.098,0.1065,0.0,0.10245154,1780406837593,0.0,64.34,68967.89,index_price,68967.89,0.10225,68982.19,6JUN26,62000,,C,BTC-6JUN26-62000-C
0.0325,0.0335,1656.6,0.0330838,1780406837593,168.6,38.44,69011.86,BTC-12JUN26,68967.89,0.033,68982.19,12JUN26,70000,,P,BTC-12JUN26-70000-P
1.013,1.1625,0.2,1.08347654,1780406837593,0.0,50.23,69614.68,BTC-25SEP26,68967.89,1.08775,68982.19,25SEP26,145000,,P,BTC-25SEP26-145000-P
0.0048,0.0055,505.3,0.00501023,1780406837593,505.4,49.38,69010.42,BTC-12JUN26,68967.89,0.00515,68982.19,12JUN26,63000,,P,BTC-12JUN26-63000-P
0.1285,0.134,70.4,0.13102206,1780406837593,0.0,39.36,69010.42,BTC-12JUN26,68967.89,0.13125,68982.19,12JUN26,78000,,P,BTC-12JUN26-78000-P
0.51,0.5195,0.0,0.51444158,1780406837593,0.0,41.49,69423.48,BTC-28AUG26,68967.89,0.51475,68982.19,28AUG26,105000,,P,BTC-28AUG26-105000-P
,0.0001,1131.0,4.506e-05,1780406837593,28.0,54.83,69010.42,BTC-12JUN26,68967.89,,68982.19,12JUN26,90000,,C,BTC-12JUN26-90000-C
0.3655,0.3735,5.2,0.36957013,1780406837593,0.0,40.21,70215.56,BTC-25DEC26,68967.89,0.3695,68982.19,25DEC26,94000,,P,BTC-25DEC26-94000-P
0.041,0.042,289.2,0.04122864,1780406837593,56.1,39.62,69252.97,BTC-31JUL26,68967.89,0.0415,68982.19,31JUL26,66000,,P,BTC-31JUL26-66000-P
0.0005,0.0009,226.6,0.00070177,1780406837593,0.0,55.74,70215.56,BTC-25DEC26,68967.89,0.0007,68982.19,25DEC26,220000,,C,BTC-25DEC26-220000-C
0.067,0.133,0.0,0.10217157,1780406837593,0.0,45.22,68967.89,index_price,68967.89,0.1,68982.19,6JUN26,76000,,P,BTC-6JUN26-76000-P
0.1045,0.1065,924.2,0.10512506,1780406837593,1.1,42.48,70871.11,BTC-26MAR27,68967.89,0.1055,68982.19,26MAR27,80000,,C,BTC-26MAR27-80000-C
1.4295,1.6075,0.2,1.51405565,1780406837593,0.0,55.57,69614.19,BTC-25SEP26,68967.89,1.5185,68982.19,25SEP26,175000,,P,BTC-25SEP26-175000-P
,0.0001,53.1,5.62e-06,1780406837593,8.0,59.12,68968.38,index_price,68967.89,,68982.19,4JUN26,79000,,C,BTC-4JUN26-79000-C
0.048,0.0495,72.6,0.04884418,1780406837593,0.3,46.8,70215.56,BTC-25DEC26,68967.89,0.04875,68982.19,25DEC26,56000,,P,BTC-25DEC26-56000-P
0.0405,0.0415,1.7,0.04117527,1780406837593,0.7,36.93,69425.14,BTC-28AUG26,68967.89,0.041,68982.19,28AUG26,75000,,C,BTC-28AUG26-75000-C
0.03,0.0315,75.4,0.03080807,1780406837593,0.8,40.21,70215.56,BTC-25DEC26,68967.89,0.03075,68982.19,25DEC26,94000,,C,BTC-25DEC26-94000-C
0.017,0.0175,0.7,0.01713762,1780406837593,0.7,42.71,68967.89,index_price,68967.89,0.01725,68982.19,6JUN26,69000,,C,BTC-6JUN26-69000-C
0.0565,0.058,113.9,0.05725613,1780406837593,114.0,37.6,69425.14,BTC-28AUG26,68967.89,0.05725,68982.19,28AUG26,72000,,C,BTC-28AUG26-72000-C
0.2185,0.222,9.2,0.22044022,1780406837593,1.0,45.47,69614.19,BTC-25SEP26,68967.89,0.22025,68982.19,25SEP26,56000,,C,BTC-25SEP26-56000-C
0.1525,0.155,14.3,0.15380018,1780406837593,1.0,42.03,69614.68,BTC-25SEP26,68967.89,0.15375,68982.19,25SEP26,62000,,C,BTC-25SEP26-62000-C
0.0145,0.015,390.4,0.01468611,1780406837593,317.2,45.51,69252.97,BTC-31JUL26,68967.89,0.01475,68982.19,31JUL26,58000,,P,BTC-31JUL26-58000-P
,0.0001,32.9,1.33e-06,1780406837593,29.0,55.59,68968.38,index_price,68967.89,,68982.19,3JUN26,75500,,C,BTC-3JUN26-75500-C
0.078,0.08,0.0,0.07911507,1780406837593,0.0,39.12,69251.53,BTC-31JUL26,68967.89,0.079,68982.19,31JUL26,67000,,C,BTC-31JUL26-67000-C
0.0845,0.0855,1276.3,0.08480338,1780406837593,133.6,39.1,69614.19,BTC-25SEP26,68967.89,0.085,68982.19,25SEP26,70000,,C,BTC-25SEP26-70000-C
2.609,2.871,0.0,2.73485708,1780406837593,0.0,61.4,69614.19,BTC-25SEP26,68967.89,2.74,68982.19,25SEP26,260000,,P,BTC-25SEP26-260000-P
,0.0001,176.0,2.73e-06,1780406837593,0.0,85.89,69093.42,BTC-26JUN26,68967.89,,68982.19,26JUN26,165000,,C,BTC-26JUN26-165000-C
0.14,0.1445,3.8,0.14192962,1780406837593,0.5,36.64,69423.48,BTC-28AUG26,68967.89,0.14225,68982.19,28AUG26,77000,,P,BTC-28AUG26-77000-P
0.1475,0.2015,0.0,0.16013989,1780406837593,0.0,59.23,68968.38,index_price,68967.89,0.1745,68982.19,4JUN26,80000,,P,BTC-4JUN26-80000-P
0.0045,0.0048,994.0,0.00460635,1780406837593,940.6,50.38,69029.51,BTC-19JUN26,68967.89,0.00465,68982.19,19JUN26,60000,,P,BTC-19JUN26-60000-P
0.022,0.0225,1320.7,0.02243413,1780406837593,247.6,41.17,69093.42,BTC-26JUN26,68967.89,0.02225,68982.19,26JUN26,66000,,P,BTC-26JUN26-66000-P
0.574,0.5855,53.3,0.57888133,1780406837593,0.0,40.95,70214.12,BTC-25DEC26,68967.89,0.57975,68982.19,25DEC26,110000,,P,BTC-25DEC26-110000-P
0.058,0.0595,1.5,0.05865479,1780406837593,0.8,39.19,69425.14,BTC-28AUG26,68967.89,0.05875,68982.19,28AUG26,67000,,P,BTC-28AUG26-67000-P
0.0004,0.0006,87.8,0.00048368,1780406837593,86.6,72.23,68968.38,index_price,68967.89,0.0005,68982.19,3JUN26,65000,,P,BTC-3JUN26-65000-P
0.1445,0.148,86.8,0.14572202,1780406837593,0.1,63.54,68967.43,BTC-5JUN26,68967.89,0.14625,68982.19,5JUN26,79000,,P,BTC-5JUN26-79000-P
0.008,0.0085,30.1,0.00835985,1780406837593,31.4,46.97,68968.38,index_price,68967.89,0.00825,68982.19,3JUN26,69000,,C,BTC-3JUN26-69000-C
0.78,0.794,8.5,0.78627463,1780406837593,0.0,42.63,70215.56,BTC-25DEC26,68967.89,0.787,68982.19,25DEC26,125000,,P,BTC-25DEC26-125000-P
0.4395,0.4525,0.0,0.44509153,1780406837593,0.0,41.62,69251.53,BTC-31JUL26,68967.89,0.446,68982.19,31JUL26,100000,,P,BTC-31JUL26-100000-P
0.0026,0.0028,108.2,0.00269473,1780406837593,108.5,57.63,68967.89,index_price,68967.89,0.0027,68982.19,6JUN26,64000,,P,BTC-6JUN26-64000-P
0.0435,0.0465,28.8,0.04492795,1780406837593,42.0,40.66,68968.38,index_price,68967.89,0.045,68982.19,4JUN26,72000,,P,BTC-4JUN26-72000-P
0.525,0.5385,0.0,0.53140004,1780406837593,0.0,44.59,69251.53,BTC-31JUL26,68967.89,0.53175,68982.19,31JUL26,106000,,P,BTC-31JUL26-106000-P
0.5745,0.5935,1.2,0.58013766,1780406837593,0.0,41.8,70871.11,BTC-26MAR27,68967.89,0.584,68982.19,26MAR27,110000,,P,BTC-26MAR27-110000-P
0.302,0.3095,597.8,0.30545312,1780406837593,1.2,37.36,69614.19,BTC-25SEP26,68967.89,0.30575,68982.19,25SEP26,90000,,P,BTC-25SEP26-90000-P
3.442,3.764,0.1,3.59673898,1780406837593,0.0,66.78,69614.19,BTC-25SEP26,68967.89,3.603,68982.19,25SEP26,320000,,P,BTC-25SEP26-320000-P
0.175,0.1775,7.2,0.1760858,1780406837593,0.1,44.29,70871.11,BTC-26MAR27,68967.89,0.17625,68982.19,26MAR27,68000,,C,BTC-26MAR27-68000-C
0.178,0.1845,110.8,0.18072082,1780406837593,0.0,35.97,69252.97,BTC-31JUL26,68967.89,0.18125,68982.19,31JUL26,81000,,P,BTC-31JUL26-81000-P
0.2715,0.281,2.0,0.27468017,1780406837593,0.0,37.21,69252.97,BTC-31JUL26,68967.89,0.27625,68982.19,31JUL26,88000,,P,BTC-31JUL26-88000-P
0.1155,0.119,250.7,0.11678902,1780406837593,1.5,55.76,68967.43,BTC-5JUN26,68967.89,0.11725,68982.19,5JUN26,77000,,P,BTC-5JUN26-77000-P
0.008,0.009,154.3,0.00854291,1780406837593,16.0,37.67,69614.19,BTC-25SEP26,68967.89,0.0085,68982.19,25SEP26,94000,,C,BTC-25SEP26-94000-C
0.104,0.141,0.0,0.10940399,1780406837593,0.0,51.69,68968.38,index_price,68967.89,0.1225,68982.19,4JUN26,76500,,P,BTC-4JUN26-76500-P
2.4965,2.7495,0.0,2.6186237,1780406837593,0.0,90.33,69093.42,BTC-26JUN26,68967.89,2.623,68982.19,26JUN26,250000,,P,BTC-26JUN26-250000-P
0.0003,0.0004,40.8,0.0003612,1780406837593,43.0,43.45,68968.38,index_price,68967.89,0.00035,68982.19,4JUN26,73000,,C,BTC-4JUN26-73000-C
0.0008,0.0011,22.2,0.00095173,1780406837593,22.4,65.64,68968.38,index_price,68967.89,0.00095,68982.19,4JUN26,64000,,P,BTC-4JUN26-64000-P
0.032,0.0325,96.8,0.03212776,1780406837593,27.8,36.49,69252.97,BTC-31JUL26,68967.89,0.03225,68982.19,31JUL26,74000,,C,BTC-31JUL26-74000-C
0.0265,0.028,209.4,0.02728953,1780406837593,0.0,40.23,70215.56,BTC-25DEC26,68967.89,0.02725,68982.19,25DEC26,96000,,C,BTC-25DEC26-96000-C
0.1635,0.1675,10.6,0.16582087,1780406837593,0.2,52.06,69093.42,BTC-26JUN26,68967.89,0.1655,68982.19,26JUN26,58000,,C,BTC-26JUN26-58000-C
,0.0001,257.0,1.7e-07,1780406837593,0.0,72.07,68967.43,BTC-5JUN26,68967.89,,68982.19,5JUN26,90000,,C,BTC-5JUN26-90000-C
0.276,0.2795,339.5,0.27792707,1780406837593,0.0,67.07,69093.42,BTC-26JUN26,68967.89,0.27775,68982.19,26JUN26,50000,,C,BTC-26JUN26-50000-C
0.0205,0.0215,167.2,0.02109306,1780406837593,183.3,41.77,68967.89,index_price,68967.89,0.021,68982.19,6JUN26,69500,,P,BTC-6JUN26-69500-P
0.0155,0.0165,73.4,0.01612205,1780406837593,50.2,36.56,69425.14,BTC-28AUG26,68967.89,0.016,68982.19,28AUG26,83000,,C,BTC-28AUG26-83000-C
0.1415,0.1435,184.3,0.14278732,1780406837593,0.4,43.06,70215.56,BTC-25DEC26,68967.89,0.1425,68982.19,25DEC26,68000,,C,BTC-25DEC26-68000-C
0.0455,0.0465,143.4,0.04609945,1780406837593,30.5,37.14,69425.14,BTC-28AUG26,68967.89,0.046,68982.19,28AUG26,74000,,C,BTC-28AUG26-74000-C
0.355,0.3635,1.3,0.35883379,1780406837593,0.0,37.67,69614.68,BTC-25SEP26,68967.89,0.35925,68982.19,25SEP26,94000,,P,BTC-25SEP26-94000-P
0.0425,0.044,201.5,0.04322612,1780406837593,2.8,41.75,70871.11,BTC-26MAR27,68967.89,0.04325,68982.19,26MAR27,100000,,C,BTC-26MAR27-100000-C
0.1345,0.137,48.2,0.13566656,1780406837593,0.0,44.29,70871.11,BTC-26MAR27,68967.89,0.13575,68982.19,26MAR27,68000,,P,BTC-26MAR27-68000-P
2.9165,3.1995,0.0,3.05285854,1780406837593,0.0,91.37,69093.42,BTC-26JUN26,68967.89,3.058,68982.19,26JUN26,280000,,P,BTC-26JUN26-280000-P
,0.0001,691.0,1e-08,1780406837593,0.0,86.38,69093.42,BTC-26JUN26,68967.89,,68982.19,26JUN26,220000,,C,BTC-26JUN26-220000-C
0.42,0.4225,33.0,0.42153025,1780406837593,0.0,90.15,69093.42,BTC-26JUN26,68967.89,0.42125,68982.19,26JUN26,40000,,C,BTC-26JUN26-40000-C
0.105,0.11,1748.3,0.1075436,1780406837593,14.7,36.04,69091.98,BTC-26JUN26,68967.89,0.1075,68982.19,26JUN26,76000,,P,BTC-26JUN26-76000-P
0.0002,0.0004,499.0,0.00029861,1780406837593,457.0,46.57,68967.43,BTC-5JUN26,68967.89,0.0003,68982.19,5JUN26,75000,,C,BTC-5JUN26-75000-C
0.0003,0.0005,5577.2,0.00043278,1780406837594,663.7,44.46,69093.42,BTC-26JUN26,68967.89,0.0004,68982.19,26JUN26,90000,,C,BTC-26JUN26-90000-C
2.6365,2.8995,0.0,2.76336864,1780406837594,0.0,91.06,69093.42,BTC-26JUN26,68967.89,2.768,68982.19,26JUN26,260000,,P,BTC-26JUN26-260000-P
0.1595,0.1635,668.1,0.16110313,1780406837594,2.8,37.25,69614.19,BTC-25SEP26,68967.89,0.1615,68982.19,25SEP26,78000,,P,BTC-25SEP26-78000-P
,0.0001,1510.4,8.1e-06,1780406837594,0.0,68.16,69093.42,BTC-26JUN26,68967.89,,68982.19,26JUN26,130000,,C,BTC-26JUN26-130000-C
0.008,0.0085,232.4,0.00820591,1780406837594,11.0,36.36,69030.95,BTC-19JUN26,68967.89,0.00825,68982.19,19JUN26,74000,,C,BTC-19JUN26-74000-C
0.3465,0.351,5.8,0.34952951,1780406837594,0.0,77.88,69093.42,BTC-26JUN26,68967.89,0.34875,68982.19,26JUN26,45000,,C,BTC-26JUN26-45000-C
0.0002,0.0004,209.9,0.00030463,1780406837594,65.1,43.11,69011.86,BTC-12JUN26,68967.89,0.0003,68982.19,12JUN26,81000,,C,BTC-12JUN26-81000-C
0.093,0.094,0.9,0.09348392,1780406837594,0.9,39.19,69423.48,BTC-28AUG26,68967.89,0.0935,68982.19,28AUG26,67000,,C,BTC-28AUG26-67000-C
0.0055,0.006,5.1,0.00560141,1780406837594,5.1,51.09,68967.89,index_price,68967.89,0.00575,68982.19,6JUN26,66000,,P,BTC-6JUN26-66000-P
0.0495,0.052,0.0,0.05082274,1780406837594,0.0,40.57,69029.51,BTC-19JUN26,68967.89,0.05075,68982.19,19JUN26,67000,,C,BTC-19JUN26-67000-C
0.7735,0.794,0.0,0.77901844,1780406837594,0.0,42.32,70871.11,BTC-26MAR27,68967.89,0.78375,68982.19,26MAR27,125000,,P,BTC-26MAR27-125000-P
0.022,0.023,529.9,0.02261163,1780406837594,1.2,41.95,70871.11,BTC-26MAR27,68967.89,0.0225,68982.19,26MAR27,115000,,C,BTC-26MAR27-115000-C
0.0665,0.1345,0.0,0.10216858,1780406837594,0.0,51.31,68968.38,index_price,68967.89,0.1005,68982.19,4JUN26,76000,,P,BTC-4JUN26-76000-P
0.114,0.154,0.0,0.11653879,1780406837594,0.0,60.97,68968.38,index_price,68967.89,0.134,68982.19,3JUN26,77000,,P,BTC-3JUN26-77000-P
0.0795,0.0815,41.8,0.08037961,1780406837594,1.1,42.01,70871.11,BTC-26MAR27,68967.89,0.0805,68982.19,26MAR27,86000,,C,BTC-26MAR27-86000-C
0.0028,0.0032,190.5,0.00295274,1780406837594,210.5,53.49,69011.86,BTC-12JUN26,68967.89,0.003,68982.19,12JUN26,61000,,P,BTC-12JUN26-61000-P
0.0445,0.046,1086.2,0.04530904,1780406837594,2.7,47.23,70215.56,BTC-25DEC26,68967.89,0.04525,68982.19,25DEC26,55000,,P,BTC-25DEC26-55000-P
0.006,0.0065,178.8,0.00627826,1780406837594,1.1,38.66,69614.68,BTC-25SEP26,68967.89,0.00625,68982.19,25SEP26,98000,,C,BTC-25SEP26-98000-C
0.2705,0.281,16.0,0.27430418,1780406837594,1.0,42.52,69093.42,BTC-26JUN26,68967.89,0.27575,68982.19,26JUN26,88000,,P,BTC-26JUN26-88000-P
0.4375,0.4465,271.9,0.441752,1780406837594,0.0,38.95,69614.68,BTC-25SEP26,68967.89,0.442,68982.19,25SEP26,100000,,P,BTC-25SEP26-100000-P
0.1195,0.122,0.0,0.12087768,1780406837594,0.0,40.49,69423.48,BTC-28AUG26,68967.89,0.12075,68982.19,28AUG26,64000,,C,BTC-28AUG26-64000-C
,0.0001,1024.4,5e-08,1780406837595,0.0,85.97,69093.42,BTC-26JUN26,68967.89,,68982.19,26JUN26,200000,,C,BTC-26JUN26-200000-C
0.063,0.064,0.4,0.06355693,1780406837595,0.4,37.87,69425.14,BTC-28AUG26,68967.89,0.0635,68982.19,28AUG26,71000,,C,BTC-28AUG26-71000-C
0.0043,0.0047,54.3,0.00446671,1780406837595,0.0,39.29,69614.19,BTC-25SEP26,68967.89,0.0045,68982.19,25SEP26,102000,,C,BTC-25SEP26-102000-C
0.039,0.04,45.1,0.03957722,1780406837595,0.0,41.75,70871.11,BTC-26MAR27,68967.89,0.0395,68982.19,26MAR27,102000,,C,BTC-26MAR27-102000-C
0.0505,0.054,17.5,0.05187274,1780406837595,1.5,41.44,68968.38,index_price,68967.89,0.05225,68982.19,4JUN26,72500,,P,BTC-4JUN26-72500-P
0.1915,0.1945,245.5,0.19300695,1780406837595,2.5,41.36,70215.56,BTC-25DEC26,68967.89,0.193,68982.19,25DEC26,78000,,P,BTC-25DEC26-78000-P
0.086,0.087,3.8,0.08634994,1780406837595,0.7,37.87,69425.14,BTC-28AUG26,68967.89,0.0865,68982.19,28AUG26,71000,,P,BTC-28AUG26-71000-P
0.001,0.0012,578.9,0.00109386,1780406837595,47.5,38.42,69011.86,BTC-12JUN26,68967.89,0.0011,68982.19,12JUN26,77000,,C,BTC-12JUN26-77000-C
0.0335,0.034,2773.6,0.03349253,1780406837595,176.3,37.09,69614.19,BTC-25SEP26,68967.89,0.03375,68982.19,25SEP26,80000,,C,BTC-25SEP26-80000-C
0.0043,0.0045,47.1,0.00446373,1780406837595,62.6,54.43,68968.38,index_price,68967.89,0.0044,68982.19,3JUN26,68000,,P,BTC-3JUN26-68000-P
,0.0001,231.0,0.0,1780406837595,0.0,91.37,69093.42,BTC-26JUN26,68967.89,,68982.19,26JUN26,280000,,C,BTC-26JUN26-280000-C
0.185,0.188,0.0,0.18640517,1780406837595,0.0,43.96,69423.48,BTC-28AUG26,68967.89,0.1865,68982.19,28AUG26,58000,,C,BTC-28AUG26-58000-C
0.0815,0.083,409.7,0.08242836,1780406837595,60.1,37.08,69252.97,BTC-31JUL26,68967.89,0.08225,68982.19,31JUL26,72000,,P,BTC-31JUL26-72000-P
0.3285,0.3385,4.0,0.33209958,1780406837595,0.0,37.65,69614.19,BTC-25SEP26,68967.89,0.3335,68982.19,25SEP26,92000,,P,BTC-25SEP26-92000-P
0.258,0.2605,0.5,0.25894376,1780406837595,0.0,46.71,70871.11,BTC-26MAR27,68967.89,0.25925,68982.19,26MAR27,58000,,C,BTC-26MAR27-58000-C
0.1105,0.161,0.0,0.13104995,1780406837595,0.0,51.82,68967.89,index_price,68967.89,0.13575,68982.19,6JUN26,78000,,P,BTC-6JUN26-78000-P
0.0555,0.057,41.5,0.05616871,1780406837595,5.2,41.72,70871.11,BTC-26MAR27,68967.89,0.05625,68982.19,26MAR27,94000,,C,BTC-26MAR27-94000-C
0.148,0.15,20.6,0.14884706,1780406837595,2.3,43.5,70871.11,BTC-26MAR27,68967.89,0.149,68982.19,26MAR27,72000,,C,BTC-26MAR27-72000-C
,0.0001,789.5,8.39e-06,1780406837595,0.0,75.63,69093.42,BTC-26JUN26,68967.89,,68982.19,26JUN26,140000,,C,BTC-26JUN26-140000-C
0.2605,0.2635,30.3,0.26199081,1780406837595,0.0,47.23,70215.56,BTC-25DEC26,68967.89,0.262,68982.19,25DEC26,55000,,C,BTC-25DEC26-55000-C
0.299,0.309,2.5,0.30265825,1780406837595,0.0,37.82,69252.97,BTC-31JUL26,68967.89,0.304,68982.19,31JUL26,90000,,P,BTC-31JUL26-90000-P
0.071,0.072,16.4,0.07151385,1780406837595,0.1,38.46,69425.14,BTC-28AUG26,68967.89,0.0715,68982.19,28AUG26,69000,,P,BTC-28AUG26-69000-P
0.0003,0.0008,878.5,0.00050582,1780406837595,0.0,57.47,70215.56,BTC-25DEC26,68967.89,0.00055,68982.19,25DEC26,240000,,C,BTC-25DEC26-240000-C
0.0006,0.0008,393.0,0.00069853,1780406837595,0.2,44.24,69252.97,BTC-31JUL26,68967.89,0.0007,68982.19,31JUL26,105000,,C,BTC-31JUL26-105000-C
0.121,0.1235,81.6,0.12224157,1780406837595,0.1,44.69,70871.11,BTC-26MAR27,68967.89,0.12225,68982.19,26MAR27,66000,,P,BTC-26MAR27-66000-P
0.0055,0.0065,200.5,0.00602388,1780406837595,104.7,36.47,69030.95,BTC-19JUN26,68967.89,0.006,68982.19,19JUN26,75000,,C,BTC-19JUN26-75000-C
0.0935,0.097,2229.6,0.09532634,1780406837595,47.2,36.03,69093.42,BTC-26JUN26,68967.89,0.09525,68982.19,26JUN26,75000,,P,BTC-26JUN26-75000-P
0.142,0.2065,0.0,0.17464038,1780406837595,0.0,59.32,68968.38,index_price,68967.89,0.17425,68982.19,4JUN26,81000,,P,BTC-4JUN26-81000-P
0.0965,0.0985,1089.9,0.09746667,1780406837595,17.6,41.73,70214.12,BTC-25DEC26,68967.89,0.0975,68982.19,25DEC26,75000,,C,BTC-25DEC26-75000-C
0.1165,0.1215,0.0,0.11863544,1780406837595,0.0,36.62,69029.51,BTC-19JUN26,68967.89,0.119,68982.19,19JUN26,77000,,P,BTC-19JUN26-77000-P
0.0035,0.004,364.6,0.00385645,1780406837595,252.9,36.97,69011.86,BTC-12JUN26,68967.89,0.00375,68982.19,12JUN26,74000,,C,BTC-12JUN26-74000-C
0.0001,0.0002,51.3,0.00011567,1780406837595,74.8,55.3,68968.38,index_price,68967.89,0.00015,68982.19,3JUN26,73000,,C,BTC-3JUN26-73000-C
0.565,0.567,68.9,0.56591313,1780406837595,0.0,116.73,69093.42,BTC-26JUN26,68967.89,0.566,68982.19,26JUN26,30000,,C,BTC-26JUN26-30000-C
,0.0001,58.7,5.9e-07,1780406837595,20.0,56.42,68968.38,index_price,68967.89,,68982.19,3JUN26,76000,,C,BTC-3JUN26-76000-C
0.0425,0.043,146.1,0.04269256,1780406837595,135.5,37.08,69252.97,BTC-31JUL26,68967.89,0.04275,68982.19,31JUL26,72000,,C,BTC-31JUL26-72000-C
0.0034,0.0037,32.9,0.00355908,1780406837595,44.9,40.64,68968.38,index_price,68967.89,0.00355,68982.19,4JUN26,70500,,C,BTC-4JUN26-70500-C
0.01,0.0105,26.0,0.01027308,1780406837595,26.0,40.79,68967.89,index_price,68967.89,0.01025,68982.19,6JUN26,70000,,C,BTC-6JUN26-70000-C
0.947,1.025,14.2,0.95406472,1780406837595,0.0,71.79,69093.42,BTC-26JUN26,68967.89,0.986,68982.19,26JUN26,135000,,P,BTC-26JUN26-135000-P
0.0305,0.0315,0.0,0.03084674,1780406837596,0.0,42.11,69425.14,BTC-28AUG26,68967.89,0.031,68982.19,28AUG26,61000,,P,BTC-28AUG26-61000-P
0.0135,0.0145,2882.1,0.01374222,1780406837596,314.3,49.95,69614.19,BTC-25SEP26,68967.89,0.014,68982.19,25SEP26,50000,,P,BTC-25SEP26-50000-P
0.0055,0.006,549.3,0.00569809,1780406837596,550.4,40.17,68967.35,BTC-5JUN26,68967.89,0.00575,68982.19,5JUN26,70500,,C,BTC-5JUN26-70500-C
0.007,0.0075,1025.4,0.007482,1780406837596,235.0,36.04,69093.42,BTC-26JUN26,68967.89,0.00725,68982.19,26JUN26,76000,,C,BTC-26JUN26-76000-C
0.1065,0.1415,0.0,0.10928874,1780406837596,0.0,59.32,68968.38,index_price,68967.89,0.124,68982.19,3JUN26,76500,,P,BTC-3JUN26-76500-P
0.1085,0.111,95.2,0.1097978,1780406837596,0.0,45.16,70871.11,BTC-26MAR27,68967.89,0.10975,68982.19,26MAR27,64000,,P,BTC-26MAR27-64000-P
0.15,0.1545,0.0,0.15210908,1780406837596,0.0,42.11,69423.48,BTC-28AUG26,68967.89,0.15225,68982.19,28AUG26,61000,,C,BTC-28AUG26-61000-C
0.066,0.0665,807.0,0.06626261,1780406837596,37.1,37.73,69252.97,BTC-31JUL26,68967.89,0.06625,68982.19,31JUL26,70000,,P,BTC-31JUL26-70000-P
0.64,0.6625,0.0,0.64543204,1780406837596,0.0,41.95,70871.11,BTC-26MAR27,68967.89,0.65125,68982.19,26MAR27,115000,,P,BTC-26MAR27-115000-P
0.0285,0.0325,0.0,0.03058365,1780406837596,0.0,60.4,68968.38,index_price,68967.89,0.0305,68982.19,3JUN26,67000,,C,BTC-3JUN26-67000-C
0.069,0.0785,0.0,0.07366236,1780406837596,0.0,40.77,68967.89,index_price,68967.89,0.07375,68982.19,6JUN26,74000,,P,BTC-6JUN26-74000-P
0.9435,1.0885,1.4,1.01175563,1780406837596,0.0,49.05,69614.19,BTC-25SEP26,68967.89,1.016,68982.19,25SEP26,140000,,P,BTC-25SEP26-140000-P
0.0785,0.0825,198.5,0.08029274,1780406837596,0.0,36.36,69029.51,BTC-19JUN26,68967.89,0.0805,68982.19,19JUN26,74000,,P,BTC-19JUN26-74000-P
0.0028,0.0031,1213.1,0.00295507,1780406837596,23.1,37.82,69251.53,BTC-31JUL26,68967.89,0.00295,68982.19,31JUL26,90000,,C,BTC-31JUL26-90000-C
0.0235,0.0245,42.1,0.02399348,1780406837596,31.9,46.57,68967.43,BTC-5JUN26,68967.89,0.024,68982.19,5JUN26,68000,,C,BTC-5JUN26-68000-C
0.3115,0.3235,0.0,0.31672084,1780406837596,0.0,38.09,69252.97,BTC-31JUL26,68967.89,0.3175,68982.19,31JUL26,91000,,P,BTC-31JUL26-91000-P
,0.0001,129.0,0.0,1780406837596,0.0,102.06,69093.42,BTC-26JUN26,68967.89,,68982.19,26JUN26,340000,,C,BTC-26JUN26-340000-C
0.0695,0.071,4.1,0.07029666,1780406837596,4.3,38.15,69425.14,BTC-28AUG26,68967.89,0.07025,68982.19,28AUG26,70000,,C,BTC-28AUG26-70000-C
0.549,0.5605,0.0,0.55447377,1780406837596,0.0,41.79,70871.11,BTC-26MAR27,68967.89,0.55475,68982.19,26MAR27,108000,,P,BTC-26MAR27-108000-P
0.003,0.0035,300.6,0.00325658,1780406837596,0.4,47.02,70871.11,BTC-26MAR27,68967.89,0.00325,68982.19,26MAR27,180000,,C,BTC-26MAR27-180000-C
0.27,0.277,5.8,0.27330666,1780406837596,0.0,42.14,70871.11,BTC-26MAR27,68967.89,0.2735,68982.19,26MAR27,84000,,P,BTC-26MAR27-84000-P
0.13,0.134,5.5,0.13154932,1780406837596,0.0,36.77,69423.48,BTC-28AUG26,68967.89,0.132,68982.19,28AUG26,76000,,P,BTC-28AUG26-76000-P
0.0085,0.0095,144.2,0.0088471,1780406837596,158.7,37.04,69011.86,BTC-12JUN26,68967.89,0.009,68982.19,12JUN26,72000,,C,BTC-12JUN26-72000-C
0.017,0.018,523.1,0.01751994,1780406837596,418.3,35.9,69252.97,BTC-31JUL26,68967.89,0.0175,68982.19,31JUL26,78000,,C,BTC-31JUL26-78000-C
0.055,0.056,39.1,0.0554142,1780406837596,22.1,37.73,69252.97,BTC-31JUL26,68967.89,0.0555,68982.19,31JUL26,70000,,C,BTC-31JUL26-70000-C
0.0013,0.0016,1187.9,0.00140581,1780406837596,1.3,43.45,69614.19,BTC-25SEP26,68967.89,0.00145,68982.19,25SEP26,120000,,C,BTC-25SEP26-120000-C
0.0195,0.0205,221.0,0.02002367,1780406837596,242.1,37.29,69030.95,BTC-19JUN26,68967.89,0.02,68982.19,19JUN26,71000,,C,BTC-19JUN26-71000-C
1.36,1.5335,0.0,1.44230682,1780406837596,0.0,55.52,69614.19,BTC-25SEP26,68967.89,1.44675,68982.19,25SEP26,170000,,P,BTC-25SEP26-170000-P
0.094,0.095,85.0,0.09445468,1780406837596,4.0,37.6,69425.14,BTC-28AUG26,68967.89,0.0945,68982.19,28AUG26,72000,,P,BTC-28AUG26-72000-P
0.009,0.01,2912.4,0.00973923,1780406837596,986.7,36.03,69093.42,BTC-26JUN26,68967.89,0.0095,68982.19,26JUN26,75000,,C,BTC-26JUN26-75000-C
0.073,0.0745,23.8,0.07339753,1780406837596,0.2,41.88,70869.67,BTC-26MAR27,68967.89,0.07375,68982.19,26MAR27,88000,,C,BTC-26MAR27-88000-C
0.0255,0.027,100.0,0.02619382,1780406837596,100.0,45.38,68967.89,index_price,68967.89,0.02625,68982.19,6JUN26,68000,,C,BTC-6JUN26-68000-C
0.0009,0.001,1815.9,0.00088178,1780406837596,79.1,77.88,69093.42,BTC-26JUN26,68967.89,0.00095,68982.19,26JUN26,45000,,P,BTC-26JUN26-45000-P
,0.0001,207.0,3.11e-06,1780406837596,3.0,71.06,68967.43,BTC-5JUN26,68967.89,,68982.19,5JUN26,86000,,C,BTC-5JUN26-86000-C
0.1795,0.1835,72.2,0.18093876,1780406837596,0.0,43.2,70871.11,BTC-26MAR27,68967.89,0.1815,68982.19,26MAR27,74000,,P,BTC-26MAR27-74000-P
0.0038,0.0043,179.0,0.00404003,1780406837596,2.1,46.11,70871.11,BTC-26MAR27,68967.89,0.00405,68982.19,26MAR27,170000,,C,BTC-26MAR27-170000-C
0.1025,0.1035,4.2,0.10304225,1780406837596,1.2,37.35,69423.48,BTC-28AUG26,68967.89,0.103,68982.19,28AUG26,73000,,P,BTC-28AUG26-73000-P
0.1355,0.1375,11.5,0.1366891,1780406837596,0.3,43.2,70871.11,BTC-26MAR27,68967.89,0.1365,68982.19,26MAR27,74000,,C,BTC-26MAR27-74000-C
0.085,0.0865,95.8,0.08588622,1780406837596,2.0,43.96,70215.56,BTC-25DEC26,68967.89,0.08575,68982.19,25DEC26,64000,,P,BTC-25DEC26-64000-P
0.0135,0.0145,25.3,0.01425662,1780406837596,18.6,36.57,69425.14,BTC-28AUG26,68967.89,0.014,68982.19,28AUG26,84000,,C,BTC-28AUG26-84000-C
0.085,0.09,0.0,0.08763995,1780406837596,0.0,64.31,68967.43,BTC-5JUN26,68967.89,0.0875,68982.19,5JUN26,63000,,C,BTC-5JUN26-63000-C
0.0004,0.0006,2022.5,0.00054864,1780406837596,620.1,42.52,69093.42,BTC-26JUN26,68967.89,0.0005,68982.19,26JUN26,88000,,C,BTC-26JUN26-88000-C
0.0011,0.0013,21.5,0.001208,1780406837596,21.5,64.31,68967.43,BTC-5JUN26,68967.89,0.0012,68982.19,5JUN26,63000,,P,BTC-5JUN26-63000-P
0.2995,0.3105,0.0,0.30406892,1780406837596,0.0,47.88,69029.51,BTC-19JUN26,68967.89,0.305,68982.19,19JUN26,90000,,P,BTC-19JUN26-90000-P
0.158,0.163,2504.4,0.16046334,1780406837596,1028.1,36.6,69093.42,BTC-26JUN26,68967.89,0.1605,68982.19,26JUN26,80000,,P,BTC-26JUN26-80000-P
0.006,0.0065,9.4,0.00635898,1780406837596,9.5,51.02,68968.38,index_price,68967.89,0.00625,68982.19,3JUN26,68500,,P,BTC-3JUN26-68500-P
0.243,0.253,0.0,0.24633835,1780406837596,0.0,52.01,69010.42,BTC-12JUN26,68967.89,0.248,68982.19,12JUN26,86000,,P,BTC-12JUN26-86000-P
0.0028,0.0031,12.5,0.00302224,1780406837596,15.5,39.63,68967.89,index_price,68967.89,0.00295,68982.19,6JUN26,72000,,C,BTC-6JUN26-72000-C
0.0017,0.0021,2445.7,0.00185304,1780406837596,222.7,42.23,69614.68,BTC-25SEP26,68967.89,0.0019,68982.19,25SEP26,115000,,C,BTC-25SEP26-115000-C
0.1615,0.1645,3.0,0.16313493,1780406837596,0.0,42.64,69423.48,BTC-28AUG26,68967.89,0.163,68982.19,28AUG26,60000,,C,BTC-28AUG26-60000-C
0.706,0.746,0.0,0.71190709,1780406837596,0.0,42.18,70869.67,BTC-26MAR27,68967.89,0.726,68982.19,26MAR27,120000,,P,BTC-26MAR27-120000-P
0.0001,0.0002,741.8,0.00015165,1780406837596,416.5,59.04,68967.43,BTC-5JUN26,68967.89,0.00015,68982.19,5JUN26,78000,,C,BTC-5JUN26-78000-C
0.0115,0.0125,23.0,0.01207574,1780406837596,23.0,45.38,68967.89,index_price,68967.89,0.012,68982.19,6JUN26,68000,,P,BTC-6JUN26-68000-P
0.0085,0.009,299.8,0.0087445,1780406837596,272.6,45.5,69030.95,BTC-19JUN26,68967.89,0.00875,68982.19,19JUN26,63000,,P,BTC-19JUN26-63000-P
0.033,0.0335,5.2,0.03327056,1780406837596,5.5,38.72,69029.51,BTC-19JUN26,68967.89,0.03325,68982.19,19JUN26,69000,,C,BTC-19JUN26-69000-C
0.1715,0.178,4.0,0.1746456,1780406837596,0.0,67.26,68967.43,BTC-5JUN26,68967.89,0.17475,68982.19,5JUN26,81000,,P,BTC-5JUN26-81000-P
0.006,0.007,643.8,0.00643194,1780406837596,526.7,47.07,69011.86,BTC-12JUN26,68967.89,0.0065,68982.19,12JUN26,64000,,P,BTC-12JUN26-64000-P
,0.0001,266.9,0.0,1780406837596,0.0,102.24,69093.42,BTC-26JUN26,68967.89,,68982.19,26JUN26,380000,,C,BTC-26JUN26-380000-C
0.4985,0.518,0.0,0.50384461,1780406837596,0.0,41.76,70871.11,BTC-26MAR27,68967.89,0.50825,68982.19,26MAR27,104000,,P,BTC-26MAR27-104000-P
0.0016,0.002,263.6,0.00181985,1780406837596,286.3,39.81,68967.43,BTC-5JUN26,68967.89,0.0018,68982.19,5JUN26,72000,,C,BTC-5JUN26-72000-C
0.378,0.3875,9.0,0.382648,1780406837596,0.0,41.72,70871.11,BTC-26MAR27,68967.89,0.38275,68982.19,26MAR27,94000,,P,BTC-26MAR27-94000-P
0.004,0.0043,25.1,0.00417535,1780406837596,25.4,39.63,68967.89,index_price,68967.89,0.00415,68982.19,6JUN26,71500,,C,BTC-6JUN26-71500-C
0.4415,0.451,258.1,0.44557948,1780406837596,0.3,40.26,70215.56,BTC-25DEC26,68967.89,0.44625,68982.19,25DEC26,100000,,P,BTC-25DEC26-100000-P
0.1645,0.167,895.3,0.16562789,1780406837596,5.0,41.73,70215.56,BTC-25DEC26,68967.89,0.16575,68982.19,25DEC26,75000,,P,BTC-25DEC26-75000-P
0.078,0.0795,87.3,0.07868414,1780406837596,31.4,38.15,69425.14,BTC-28AUG26,68967.89,0.07875,68982.19,28AUG26,70000,,P,BTC-28AUG26-70000-P
0.027,0.028,8.2,0.02746705,1780406837596,6.1,42.64,69425.14,BTC-28AUG26,68967.89,0.0275,68982.19,28AUG26,60000,,P,BTC-28AUG26-60000-P
0.029,0.0325,129.4,0.03013283,1780406837596,44.0,42.5,68968.38,index_price,68967.89,0.03075,68982.19,3JUN26,71000,,P,BTC-3JUN26-71000-P
0.0007,0.001,1428.8,0.0008455,1780406837596,0.0,45.7,69614.19,BTC-25SEP26,68967.89,0.00085,68982.19,25SEP26,130000,,C,BTC-25SEP26-130000-C
0.1245,0.1265,309.0,0.12535954,1780406837596,103.5,42.93,70871.11,BTC-26MAR27,68967.89,0.1255,68982.19,26MAR27,76000,,C,BTC-26MAR27-76000-C
0.3685,0.3805,0.0,0.37352086,1780406837596,0.0,39.57,69251.53,BTC-31JUL26,68967.89,0.3745,68982.19,31JUL26,95000,,P,BTC-31JUL26-95000-P
0.0085,0.009,522.8,0.00889435,1780406837596,530.1,46.97,68968.38,index_price,68967.89,0.00875,68982.19,3JUN26,69000,,P,BTC-3JUN26-69000-P
0.004,0.0044,2574.2,0.00427821,1780406837596,187.9,36.05,69093.42,BTC-26JUN26,68967.89,0.0042,68982.19,26JUN26,78000,,C,BTC-26JUN26-78000-C
0.01,0.011,463.1,0.0105383,1780406837596,2.8,37.65,69614.68,BTC-25SEP26,68967.89,0.0105,68982.19,25SEP26,92000,,C,BTC-25SEP26-92000-C
0.0011,0.0013,2268.1,0.001099,1780406837596,15.6,44.69,69614.68,BTC-25SEP26,68967.89,0.0012,68982.19,25SEP26,125000,,C,BTC-25SEP26-125000-C
0.0245,0.0305,0.0,0.02682944,1780406837596,0.0,50.01,68968.38,index_price,68967.89,0.0275,68982.19,4JUN26,67500,,C,BTC-4JUN26-67500-C
0.0115,0.0125,6.5,0.01199378,1780406837596,6.5,44.23,68968.38,index_price,68967.89,0.012,68982.19,4JUN26,69000,,C,BTC-4JUN26-69000-C
0.0024,0.0029,276.0,0.00257652,1780406837596,0.5,38.09,69252.97,BTC-31JUL26,68967.89,0.00265,68982.19,31JUL26,91000,,C,BTC-31JUL26-91000-C
0.71,0.7235,18.9,0.71657088,1780406837596,0.0,42.04,70215.56,BTC-25DEC26,68967.89,0.71675,68982.19,25DEC26,120000,,P,BTC-25DEC26-120000-P
1.7975,2.0,6.6,1.894899,1780406837596,0.0,85.97,69093.42,BTC-26JUN26,68967.89,1.89875,68982.19,26JUN26,200000,,P,BTC-26JUN26-200000-P
,0.0001,197.1,2e-08,1780406837596,0.0,86.33,69093.42,BTC-26JUN26,68967.89,,68982.19,26JUN26,210000,,C,BTC-26JUN26-210000-C
0.209,0.2125,0.0,0.21076869,1780406837596,0.0,45.42,69423.48,BTC-28AUG26,68967.89,0.21075,68982.19,28AUG26,56000,,C,BTC-28AUG26-56000-C
2.028,2.2525,0.0,2.13397468,1780406837596,0.0,55.74,70215.56,BTC-25DEC26,68967.89,2.14025,68982.19,25DEC26,220000,,P,BTC-25DEC26-220000-P
0.197,0.2,1.0,0.19868317,1780406837596,0.0,44.93,70871.11,BTC-26MAR27,68967.89,0.1985,68982.19,26MAR27,65000,,C,BTC-26MAR27-65000-C
0.012,0.013,676.6,0.01254934,1780406837596,0.3,42.62,70871.11,BTC-26MAR27,68967.89,0.0125,68982.19,26MAR27,130000,,C,BTC-26MAR27-130000-C
0.0425,0.045,0.0,0.04418697,1780406837596,0.0,42.26,69010.42,BTC-12JUN26,68967.89,0.04375,68982.19,12JUN26,67000,,C,BTC-12JUN26-67000-C
0.0001,0.0004,1447.9,0.00021625,1780406837596,1.0,55.57,69614.19,BTC-25SEP26,68967.89,0.00025,68982.19,25SEP26,175000,,C,BTC-25SEP26-175000-C
0.0425,0.051,0.0,0.04689722,1780406837596,0.0,39.63,68967.89,index_price,68967.89,0.04675,68982.19,6JUN26,72000,,P,BTC-6JUN26-72000-P
0.0021,0.0024,92.4,0.00225463,1780406837596,28.0,37.03,69030.95,BTC-19JUN26,68967.89,0.00225,68982.19,19JUN26,78000,,C,BTC-19JUN26-78000-C
0.1105,0.114,3.3,0.11210907,1780406837596,0.2,37.14,69423.48,BTC-28AUG26,68967.89,0.11225,68982.19,28AUG26,74000,,P,BTC-28AUG26-74000-P
0.0007,0.0009,1185.9,0.00079548,1780406837596,566.7,40.17,69030.95,BTC-19JUN26,68967.89,0.0008,68982.19,19JUN26,82000,,C,BTC-19JUN26-82000-C
0.087,0.089,73.8,0.08794218,1780406837596,0.3,42.14,70871.11,BTC-26MAR27,68967.89,0.088,68982.19,26MAR27,84000,,C,BTC-26MAR27-84000-C
,0.0001,47.9,0.0,1780406837596,0.0,60.97,68968.38,index_price,68967.89,,68982.19,3JUN26,79000,,C,BTC-3JUN26-79000-C
0.251,0.2595,11.6,0.25399027,1780406837596,0.0,37.1,69614.68,BTC-25SEP26,68967.89,0.25525,68982.19,25SEP26,86000,,P,BTC-25SEP26-86000-P
0.021,0.022,0.0,0.02133509,1780406837596,0.0,48.0,68968.38,index_price,68967.89,0.0215,68982.19,4JUN26,68000,,C,BTC-4JUN26-68000-C
0.0019,0.0022,3.2,0.00214714,1780406837596,3.2,39.64,68967.89,index_price,68967.89,0.00205,68982.19,6JUN26,72500,,C,BTC-6JUN26-72500-C
0.3285,0.3365,26.3,0.33201305,1780406837596,0.0,46.54,69093.42,BTC-26JUN26,68967.89,0.3325,68982.19,26JUN26,92000,,P,BTC-26JUN26-92000-P
0.0001,0.0003,23.4,0.00017366,1780406837596,2.1,46.46,68968.38,index_price,68967.89,0.0002,68982.19,4JUN26,74000,,C,BTC-4JUN26-74000-C
0.099,0.1005,361.8,0.09969282,1780406837596,0.0,39.7,69614.68,BTC-25SEP26,68967.89,0.09975,68982.19,25SEP26,68000,,C,BTC-25SEP26-68000-C
,0.0001,68.7,6.72e-06,1780406837596,0.0,63.11,69614.68,BTC-25SEP26,68967.89,,68982.19,25SEP26,280000,,C,BTC-25SEP26-280000-C
0.0004,0.0008,187.3,0.0005168,1780406837596,0.0,55.89,70215.56,BTC-25DEC26,68967.89,0.0006,68982.19,25DEC26,230000,,C,BTC-25DEC26-230000-C
0.7325,0.742,722.5,0.73695615,1780406837596,0.0,63.2,69093.42,BTC-26JUN26,68967.89,0.73725,68982.19,26JUN26,120000,,P,BTC-26JUN26-120000-P
1.238,1.4,52.5,1.3159241,1780406837596,0.0,85.89,69093.42,BTC-26JUN26,68967.89,1.319,68982.19,26JUN26,160000,,P,BTC-26JUN26-160000-P
0.0485,0.058,0.0,0.05327125,1780406837596,0.0,39.64,68967.89,index_price,68967.89,0.05325,68982.19,6JUN26,72500,,P,BTC-6JUN26-72500-P
0.0305,0.032,1506.8,0.03103212,1780406837596,1.1,49.88,70215.56,BTC-25DEC26,68967.89,0.03125,68982.19,25DEC26,50000,,P,BTC-25DEC26-50000-P
,0.0002,91.9,2.227e-05,1780406837596,54.5,55.32,68968.38,index_price,68967.89,,68982.19,3JUN26,74000,,C,BTC-3JUN26-74000-C
0.1715,0.1785,0.0,0.1745405,1780406837596,0.0,60.97,68968.38,index_price,68967.89,0.175,68982.19,3JUN26,81000,,P,BTC-3JUN26-81000-P
0.11,0.1125,0.0,0.11129881,1780406837596,0.0,40.03,69423.48,BTC-28AUG26,68967.89,0.11125,68982.19,28AUG26,65000,,C,BTC-28AUG26-65000-C
0.0002,0.0006,201.0,0.00036208,1780406837596,1.2,52.06,69252.97,BTC-31JUL26,68967.89,0.0004,68982.19,31JUL26,120000,,C,BTC-31JUL26-120000-C
0.0645,0.0655,1.7,0.06490923,1780406837596,0.5,38.85,69425.14,BTC-28AUG26,68967.89,0.065,68982.19,28AUG26,68000,,P,BTC-28AUG26-68000-P
0.0725,0.076,414.7,0.07351046,1780406837596,13.4,42.68,68967.43,BTC-5JUN26,68967.89,0.07425,68982.19,5JUN26,74000,,P,BTC-5JUN26-74000-P
0.1155,0.12,0.0,0.11836018,1780406837596,0.0,41.48,69252.97,BTC-31JUL26,68967.89,0.11775,68982.19,31JUL26,63000,,C,BTC-31JUL26-63000-C
0.036,0.037,5.4,0.03672863,1780406837596,0.1,36.77,69425.14,BTC-28AUG26,68967.89,0.0365,68982.19,28AUG26,76000,,C,BTC-28AUG26-76000-C
0.0415,0.043,1756.9,0.04213001,1780406837596,2.8,47.75,70215.56,BTC-25DEC26,68967.89,0.04225,68982.19,25DEC26,54000,,P,BTC-25DEC26-54000-P
0.341,0.349,4.5,0.34506625,1780406837596,0.0,40.21,70215.56,BTC-25DEC26,68967.89,0.345,68982.19,25DEC26,92000,,P,BTC-25DEC26-92000-P
0.444,0.4525,988.1,0.44760713,1780406837596,7.0,53.13,69093.42,BTC-26JUN26,68967.89,0.44825,68982.19,26JUN26,100000,,P,BTC-26JUN26-100000-P
0.213,0.2185,179.6,0.21549299,1780406837596,5.2,42.68,70871.11,BTC-26MAR27,68967.89,0.21575,68982.19,26MAR27,78000,,P,BTC-26MAR27-78000-P
0.0013,0.0017,45.3,0.00149967,1780406837596,56.3,39.67,68967.89,index_price,68967.89,0.0015,68982.19,6JUN26,73000,,C,BTC-6JUN26-73000-C
0.013,0.014,91.6,0.01352482,1780406837596,0.0,40.71,70215.56,BTC-25DEC26,68967.89,0.0135,68982.19,25DEC26,108000,,C,BTC-25DEC26-108000-C
0.0645,0.066,6526.2,0.06521785,1780406837596,43.6,45.2,70215.56,BTC-25DEC26,68967.89,0.06525,68982.19,25DEC26,60000,,P,BTC-25DEC26-60000-P
2.4405,2.694,10.0,2.56097796,1780406837596,0.0,58.35,70215.56,BTC-25DEC26,68967.89,2.56725,68982.19,25DEC26,250000,,P,BTC-25DEC26-250000-P
0.02,0.021,864.3,0.02057323,1780406837596,179.7,37.09,69614.68,BTC-25SEP26,68967.89,0.0205,68982.19,25SEP26,85000,,C,BTC-25SEP26-85000-C
0.0135,0.014,146.3,0.01373629,1780406837596,83.2,42.83,69030.95,BTC-19JUN26,68967.89,0.01375,68982.19,19JUN26,65000,,P,BTC-19JUN26-65000-P
0.0105,0.0115,21.2,0.01094426,1780406837596,22.6,44.1,69030.95,BTC-19JUN26,68967.89,0.011,68982.19,19JUN26,64000,,P,BTC-19JUN26-64000-P
0.0305,0.034,20.0,0.0318808,1780406837596,17.9,40.64,68968.38,index_price,68967.89,0.03225,68982.19,4JUN26,71000,,P,BTC-4JUN26-71000-P
1.5915,1.7905,0.9,1.68386834,1780406837596,0.0,47.95,70871.11,BTC-26MAR27,68967.89,1.691,68982.19,26MAR27,190000,,P,BTC-26MAR27-190000-P
0.064,0.0685,0.1,0.06643781,1780406837596,0.1,41.8,68967.43,BTC-5JUN26,68967.89,0.06625,68982.19,5JUN26,73500,,P,BTC-5JUN26-73500-P
0.0018,0.0022,1206.7,0.00199877,1780406837597,10.5,47.83,70215.56,BTC-25DEC26,68967.89,0.002,68982.19,25DEC26,160000,,C,BTC-25DEC26-160000-C
0.041,0.042,2.0,0.04161078,1780406837597,2.0,39.68,69029.51,BTC-19JUN26,68967.89,0.0415,68982.19,19JUN26,68000,,C,BTC-19JUN26-68000-C
0.295,0.3005,3.4,0.29758728,1780406837597,0.0,40.24,70215.56,BTC-25DEC26,68967.89,0.29775,68982.19,25DEC26,88000,,P,BTC-25DEC26-88000-P
0.0095,0.0105,1158.3,0.01003907,1780406837597,1418.0,46.57,68967.35,BTC-5JUN26,68967.89,0.01,68982.19,5JUN26,68000,,P,BTC-5JUN26-68000-P
0.0335,0.0345,4.0,0.03432254,1780406837597,4.2,40.69,69010.42,BTC-12JUN26,68967.89,0.034,68982.19,12JUN26,68000,,C,BTC-12JUN26-68000-C
0.3825,0.3915,1.0,0.38640022,1780406837597,0.0,38.25,69614.68,BTC-25SEP26,68967.89,0.387,68982.19,25SEP26,96000,,P,BTC-25SEP26-96000-P
0.3905,0.3995,0.6,0.39453589,1780406837597,0.0,40.23,70214.12,BTC-25DEC26,68967.89,0.395,68982.19,25DEC26,96000,,P,BTC-25DEC26-96000-P
0.2575,0.2645,8.1,0.26082991,1780406837597,0.0,36.97,69252.97,BTC-31JUL26,68967.89,0.261,68982.19,31JUL26,87000,,P,BTC-31JUL26-87000-P
0.0465,0.0475,140.0,0.04667188,1780406837597,24.3,39.12,69252.97,BTC-31JUL26,68967.89,0.047,68982.19,31JUL26,67000,,P,BTC-31JUL26-67000-P
0.2435,0.253,0.3,0.24709601,1780406837597,0.0,71.06,68967.43,BTC-5JUN26,68967.89,0.24825,68982.19,5JUN26,86000,,P,BTC-5JUN26-86000-P
0.0385,0.04,2363.6,0.03928818,1780406837597,57.1,40.23,70215.56,BTC-25DEC26,68967.89,0.03925,68982.19,25DEC26,90000,,C,BTC-25DEC26-90000-C
0.189,0.192,3.6,0.19088377,1780406837597,0.0,44.69,70871.11,BTC-26MAR27,68967.89,0.1905,68982.19,26MAR27,66000,,C,BTC-26MAR27-66000-C
0.0004,0.0006,15.1,0.00049754,1780406837597,10.3,41.44,68968.38,index_price,68967.89,0.0005,68982.19,4JUN26,72500,,C,BTC-4JUN26-72500-C
1.7275,1.9355,1.0,1.82449841,1780406837597,0.0,48.71,70871.11,BTC-26MAR27,68967.89,1.8315,68982.19,26MAR27,200000,,P,BTC-26MAR27-200000-P
0.0021,0.0022,1747.0,0.0021405,1780406837597,48.9,74.19,69614.68,BTC-25SEP26,68967.89,0.00215,68982.19,25SEP26,30000,,P,BTC-25SEP26-30000-P
0.0007,0.001,3776.0,0.00084823,1780406837597,3185.3,39.74,69093.42,BTC-26JUN26,68967.89,0.00085,68982.19,26JUN26,85000,,C,BTC-26JUN26-85000-C
0.065,0.068,19.1,0.0658389,1780406837597,1.4,55.31,68968.38,index_price,68967.89,0.0665,68982.19,3JUN26,73500,,P,BTC-3JUN26-73500-P
0.0049,0.0055,830.9,0.0052191,1780406837597,5.0,45.31,70871.11,BTC-26MAR27,68967.89,0.0052,68982.19,26MAR27,160000,,C,BTC-26MAR27-160000-C
,0.0001,291.3,9.96e-06,1780406837597,1.0,61.4,69614.19,BTC-25SEP26,68967.89,,68982.19,25SEP26,260000,,C,BTC-25SEP26-260000-C
0.048,0.112,0.0,0.08052447,1780406837597,0.0,49.06,68968.38,index_price,68967.89,0.08,68982.19,4JUN26,74500,,P,BTC-4JUN26-74500-P
0.0585,0.06,176.4,0.05913785,1780406837597,87.2,38.15,69252.97,BTC-31JUL26,68967.89,0.05925,68982.19,31JUL26,69000,,P,BTC-31JUL26-69000-P
0.097,0.0985,129.9,0.09787814,1780406837597,0.2,43.44,70215.56,BTC-25DEC26,68967.89,0.09775,68982.19,25DEC26,66000,,P,BTC-25DEC26-66000-P
0.0275,0.028,1654.7,0.02754796,1780406837597,222.6,37.03,69614.68,BTC-25SEP26,68967.89,0.02775,68982.19,25SEP26,82000,,C,BTC-25SEP26-82000-C
0.1425,0.149,5.0,0.14528375,1780406837597,0.9,40.32,69010.42,BTC-12JUN26,68967.89,0.14575,68982.19,12JUN26,79000,,P,BTC-12JUN26-79000-P
0.041,0.0435,399.3,0.04191176,1780406837597,50.0,37.58,69010.42,BTC-12JUN26,68967.89,0.04225,68982.19,12JUN26,71000,,P,BTC-12JUN26-71000-P
,0.0001,759.8,1.51e-06,1780406837597,0.0,85.89,69091.98,BTC-26JUN26,68967.89,,68982.19,26JUN26,170000,,C,BTC-26JUN26-170000-C
0.356,0.3635,0.2,0.35971642,1780406837597,0.0,41.78,70871.11,BTC-26MAR27,68967.89,0.35975,68982.19,26MAR27,92000,,P,BTC-26MAR27-92000-P
0.0145,0.0155,20.0,0.01505837,1780406837597,20.0,42.26,69010.42,BTC-12JUN26,68967.89,0.015,68982.19,12JUN26,67000,,P,BTC-12JUN26-67000-P
1.615,1.811,0.0,1.70705091,1780406837597,0.0,51.77,70215.56,BTC-25DEC26,68967.89,1.713,68982.19,25DEC26,190000,,P,BTC-25DEC26-190000-P
0.51,0.5125,68.7,0.51119898,1780406837597,0.0,62.2,70215.56,BTC-25DEC26,68967.89,0.51125,68982.19,25DEC26,35000,,C,BTC-25DEC26-35000-C
1.2025,1.371,0.0,1.2807427,1780406837597,0.0,47.83,70215.56,BTC-25DEC26,68967.89,1.28675,68982.19,25DEC26,160000,,P,BTC-25DEC26-160000-P
0.005,0.0055,107.0,0.00523589,1780406837597,12.1,36.89,69252.97,BTC-31JUL26,68967.89,0.00525,68982.19,31JUL26,86000,,C,BTC-31JUL26-86000-C
0.007,0.008,7096.4,0.00751293,1780406837597,56.4,42.04,70215.56,BTC-25DEC26,68967.89,0.0075,68982.19,25DEC26,120000,,C,BTC-25DEC26-120000-C
0.0003,0.0004,0.0,0.00030354,1780406837597,0.0,45.22,68967.89,index_price,68967.89,0.00035,68982.19,6JUN26,76000,,C,BTC-6JUN26-76000-C
0.164,0.167,141.2,0.16487375,1780406837597,16.4,43.5,70871.11,BTC-26MAR27,68967.89,0.1655,68982.19,26MAR27,72000,,P,BTC-26MAR27-72000-P
0.0001,0.0002,3746.6,0.00015765,1780406837597,7.4,53.13,69093.42,BTC-26JUN26,68967.89,0.00015,68982.19,26JUN26,100000,,C,BTC-26JUN26-100000-C
0.0001,0.0003,0.0,0.00018539,1780406837597,0.0,51.82,68967.89,index_price,68967.89,0.0002,68982.19,6JUN26,78000,,C,BTC-6JUN26-78000-C
0.285,0.295,5.9,0.28862547,1780406837597,0.0,37.49,69252.97,BTC-31JUL26,68967.89,0.29,68982.19,31JUL26,89000,,P,BTC-31JUL26-89000-P
0.0026,0.0028,1561.3,0.00266427,1780406837597,9.6,46.53,70215.56,BTC-25DEC26,68967.89,0.0027,68982.19,25DEC26,150000,,C,BTC-25DEC26-150000-C
0.0003,0.0004,817.9,0.00035953,1780406837597,7.3,46.54,69093.42,BTC-26JUN26,68967.89,0.00035,68982.19,26JUN26,92000,,C,BTC-26JUN26-92000-C
0.0765,0.0785,49.8,0.07740971,1780406837597,0.1,46.71,70871.11,BTC-26MAR27,68967.89,0.0775,68982.19,26MAR27,58000,,P,BTC-26MAR27-58000-P
0.0105,0.011,1574.4,0.01066836,1780406837597,473.7,45.93,69093.42,BTC-26JUN26,68967.89,0.01075,68982.19,26JUN26,62000,,P,BTC-26JUN26-62000-P
,0.0001,5.1,1.75e-06,1780406837597,4.0,59.23,68968.38,index_price,68967.89,,68982.19,4JUN26,80000,,C,BTC-4JUN26-80000-C
0.0135,0.0145,36.0,0.01393779,1780406837597,17.7,47.02,69425.14,BTC-28AUG26,68967.89,0.014,68982.19,28AUG26,54000,,P,BTC-28AUG26-54000-P
0.0195,0.021,365.0,0.02048,1780406837597,370.1,36.52,69425.14,BTC-28AUG26,68967.89,0.02025,68982.19,28AUG26,81000,,C,BTC-28AUG26-81000-C
0.004,0.0044,0.5,0.0042434,1780406837597,0.5,38.41,69425.14,BTC-28AUG26,68967.89,0.0042,68982.19,28AUG26,95000,,C,BTC-28AUG26-95000-C
0.0002,0.0003,3826.1,0.00024637,1780406837597,36.9,48.85,69093.42,BTC-26JUN26,68967.89,0.00025,68982.19,26JUN26,95000,,C,BTC-26JUN26-95000-C
0.0009,0.0011,0.2,0.00093277,1780406837597,0.2,67.35,68967.89,index_price,68967.89,0.001,68982.19,6JUN26,61000,,P,BTC-6JUN26-61000-P
0.015,0.016,343.1,0.01543178,1780406837597,0.1,37.3,69614.19,BTC-25SEP26,68967.89,0.0155,68982.19,25SEP26,88000,,C,BTC-25SEP26-88000-C
0.1565,0.159,15.9,0.15789626,1780406837597,0.1,43.44,70215.56,BTC-25DEC26,68967.89,0.15775,68982.19,25DEC26,66000,,C,BTC-25DEC26-66000-C
0.0185,0.0195,59.8,0.01896146,1780406837597,1.0,40.32,70215.56,BTC-25DEC26,68967.89,0.019,68982.19,25DEC26,102000,,C,BTC-25DEC26-102000-C
,0.0002,39.4,9.16e-06,1780406837597,29.8,55.42,68968.38,index_price,68967.89,,68982.19,3JUN26,74500,,C,BTC-3JUN26-74500-C
0.077,0.078,2.0,0.07753191,1780406837597,1.0,38.46,69423.48,BTC-28AUG26,68967.89,0.0775,68982.19,28AUG26,69000,,C,BTC-28AUG26-69000-C
0.0355,0.037,15.8,0.0362505,1780406837597,0.9,41.76,70871.11,BTC-26MAR27,68967.89,0.03625,68982.19,26MAR27,104000,,C,BTC-26MAR27-104000-C
0.3675,0.377,0.0,0.37276926,1780406837597,0.0,38.41,69423.48,BTC-28AUG26,68967.89,0.37225,68982.19,28AUG26,95000,,P,BTC-28AUG26-95000-P
0.0016,0.0018,2188.5,0.00169016,1780406837597,1.3,49.64,70214.12,BTC-25DEC26,68967.89,0.0017,68982.19,25DEC26,170000,,C,BTC-25DEC26-170000-C
0.0001,0.0002,681.7,0.00015096,1780406837597,89.9,49.78,69010.42,BTC-12JUN26,68967.89,0.00015,68982.19,12JUN26,85000,,C,BTC-12JUN26-85000-C
0.124,0.126,423.2,0.12504716,1780406837597,1.0,40.77,69614.19,BTC-25SEP26,68967.89,0.125,68982.19,25SEP26,65000,,C,BTC-25SEP26-65000-C
0.841,0.8575,0.2,0.84704198,1780406837597,0.0,42.62,70871.11,BTC-26MAR27,68967.89,0.84925,68982.19,26MAR27,130000,,P,BTC-26MAR27-130000-P
0.2315,0.237,135.5,0.23404361,1780406837597,0.0,42.48,70871.11,BTC-26MAR27,68967.89,0.23425,68982.19,26MAR27,80000,,P,BTC-26MAR27-80000-P
0.015,0.0155,999.7,0.01540576,1780406837597,189.7,43.32,69093.42,BTC-26JUN26,68967.89,0.01525,68982.19,26JUN26,64000,,P,BTC-26JUN26-64000-P
0.1395,0.1425,0.0,0.14126311,1780406837597,0.0,41.51,69423.48,BTC-28AUG26,68967.89,0.141,68982.19,28AUG26,62000,,C,BTC-28AUG26-62000-C
0.062,0.0655,255.4,0.06372369,1780406837597,20.2,36.94,69010.42,BTC-12JUN26,68967.89,0.06375,68982.19,12JUN26,73000,,P,BTC-12JUN26-73000-P
,0.0001,174.0,4.67e-06,1780406837597,0.0,64.66,69614.68,BTC-25SEP26,68967.89,,68982.19,25SEP26,300000,,C,BTC-25SEP26-300000-C
0.4565,0.46,20.1,0.4580809,1780406837597,0.0,55.01,70871.11,BTC-26MAR27,68967.89,0.45825,68982.19,26MAR27,40000,,C,BTC-26MAR27-40000-C
0.0995,0.1375,0.0,0.1020386,1780406837597,0.0,56.42,68968.38,index_price,68967.89,0.1185,68982.19,3JUN26,76000,,P,BTC-3JUN26-76000-P
0.0007,0.001,161.5,0.00078637,1780406837597,1.1,47.62,69614.19,BTC-25SEP26,68967.89,0.00085,68982.19,25SEP26,135000,,C,BTC-25SEP26-135000-C
0.1055,0.1065,282.0,0.10576415,1780406837597,16.1,38.56,69614.68,BTC-25SEP26,68967.89,0.106,68982.19,25SEP26,72000,,P,BTC-25SEP26-72000-P
0.044,0.045,820.5,0.04441757,1780406837597,3.7,42.03,69614.19,BTC-25SEP26,68967.89,0.0445,68982.19,25SEP26,62000,,P,BTC-25SEP26-62000-P
0.0125,0.0135,384.1,0.01307789,1780406837597,387.4,37.58,69011.86,BTC-12JUN26,68967.89,0.013,68982.19,12JUN26,71000,,C,BTC-12JUN26-71000-C
0.0235,0.0245,128.5,0.02390002,1780406837597,16.2,36.13,69252.97,BTC-31JUL26,68967.89,0.024,68982.19,31JUL26,76000,,C,BTC-31JUL26-76000-C
,0.0001,122.8,3.56e-06,1780406837597,112.5,55.48,68968.38,index_price,68967.89,,68982.19,3JUN26,75000,,C,BTC-3JUN26-75000-C
0.285,0.2895,0.0,0.28799328,1780406837597,0.0,47.65,70871.11,BTC-26MAR27,68967.89,0.28725,68982.19,26MAR27,55000,,C,BTC-26MAR27-55000-C
0.222,0.2245,2.2,0.22313972,1780406837597,0.0,45.61,70871.11,BTC-26MAR27,68967.89,0.22325,68982.19,26MAR27,62000,,C,BTC-26MAR27-62000-C
0.0011,0.0014,40.9,0.00128426,1780406837597,0.8,42.93,69425.14,BTC-28AUG26,68967.89,0.00125,68982.19,28AUG26,110000,,C,BTC-28AUG26-110000-C
0.0055,0.006,10.5,0.00566121,1780406837597,10.5,39.64,68967.89,index_price,68967.89,0.00575,68982.19,6JUN26,71000,,C,BTC-6JUN26-71000-C
0.3005,0.3125,0.0,0.30509739,1780406837597,0.0,72.07,68967.43,BTC-5JUN26,68967.89,0.3065,68982.19,5JUN26,90000,,P,BTC-5JUN26-90000-P
0.0001,0.0003,159.0,0.00019372,1780406837597,197.8,47.09,68968.38,index_price,68967.89,0.0002,68982.19,3JUN26,72000,,C,BTC-3JUN26-72000-C
0.7195,0.7325,173.8,0.7251814,1780406837597,0.0,43.45,69614.19,BTC-25SEP26,68967.89,0.726,68982.19,25SEP26,120000,,P,BTC-25SEP26-120000-P
0.0011,0.0013,149.9,0.00119052,1780406837597,131.4,39.84,68967.43,BTC-5JUN26,68967.89,0.0012,68982.19,5JUN26,72500,,C,BTC-5JUN26-72500-C
0.0045,0.0048,9.0,0.00467879,1780406837597,5.0,38.16,69425.14,BTC-28AUG26,68967.89,0.00465,68982.19,28AUG26,94000,,C,BTC-28AUG26-94000-C
0.045,0.046,2979.2,0.04566525,1780406837597,666.7,37.78,69093.42,BTC-26JUN26,68967.89,0.0455,68982.19,26JUN26,70000,,P,BTC-26JUN26-70000-P
0.0001,0.0002,1428.5,0.0001123,1780406837597,107.9,67.14,68967.43,BTC-5JUN26,68967.89,0.00015,68982.19,5JUN26,80000,,C,BTC-5JUN26-80000-C
0.0016,0.002,340.9,0.00180175,1780406837597,222.1,60.12,69030.95,BTC-19JUN26,68967.89,0.0018,68982.19,19JUN26,55000,,P,BTC-19JUN26-55000-P
0.0765,0.0785,654.6,0.07771072,1780406837597,22.0,42.15,69093.42,BTC-26JUN26,68967.89,0.0775,68982.19,26JUN26,65000,,C,BTC-26JUN26-65000-C
0.294,0.297,32.6,0.29550239,1780406837597,0.0,49.95,69614.19,BTC-25SEP26,68967.89,0.2955,68982.19,25SEP26,50000,,C,BTC-25SEP26-50000-C
0.0037,0.004,3.5,0.00386722,1780406837597,0.6,38.7,69425.14,BTC-28AUG26,68967.89,0.00385,68982.19,28AUG26,96000,,C,BTC-28AUG26-96000-C
0.027,0.028,99.0,0.0276932,1780406837597,89.8,36.25,69252.97,BTC-31JUL26,68967.89,0.0275,68982.19,31JUL26,75000,,C,BTC-31JUL26-75000-C
,0.0001,0.0,0.0,1780406837597,0.0,60.97,68968.38,index_price,68967.89,,68982.19,3JUN26,81000,,C,BTC-3JUN26-81000-C
0.2995,0.3115,0.1,0.30420066,1780406837597,0.0,54.83,69010.42,BTC-12JUN26,68967.89,0.3055,68982.19,12JUN26,90000,,P,BTC-12JUN26-90000-P
0.007,0.008,263.8,0.00737975,1780406837597,11.1,38.25,69614.68,BTC-25SEP26,68967.89,0.0075,68982.19,25SEP26,96000,,C,BTC-25SEP26-96000-C
0.025,0.026,28.7,0.02562272,1780406837597,2.0,41.86,70871.11,BTC-26MAR27,68967.89,0.0255,68982.19,26MAR27,112000,,C,BTC-26MAR27-112000-C
0.0955,0.0975,171.8,0.09600493,1780406837597,13.5,42.25,70871.11,BTC-26MAR27,68967.89,0.0965,68982.19,26MAR27,82000,,C,BTC-26MAR27-82000-C
0.186,0.193,0.0,0.189041,1780406837597,0.0,60.97,68968.38,index_price,68967.89,0.1895,68982.19,3JUN26,82000,,P,BTC-3JUN26-82000-P
0.0008,0.0009,1582.7,0.00075387,1780406837597,1035.3,39.36,69011.86,BTC-12JUN26,68967.89,0.00085,68982.19,12JUN26,78000,,C,BTC-12JUN26-78000-C
,0.0001,2651.1,9.18e-06,1780406837597,0.0,82.82,69093.42,BTC-26JUN26,68967.89,,68982.19,26JUN26,150000,,C,BTC-26JUN26-150000-C
0.0005,0.0008,260.8,0.00062943,1780406837597,0.0,46.17,69252.97,BTC-31JUL26,68967.89,0.00065,68982.19,31JUL26,108000,,C,BTC-31JUL26-108000-C
0.2305,0.2335,82.1,0.23232259,1780406837597,0.0,46.03,69614.68,BTC-25SEP26,68967.89,0.232,68982.19,25SEP26,55000,,C,BTC-25SEP26-55000-C
0.214,0.2205,38.5,0.21687146,1780406837597,0.0,38.93,69093.42,BTC-26JUN26,68967.89,0.21725,68982.19,26JUN26,84000,,P,BTC-26JUN26-84000-P
0.1175,0.1215,0.0,0.11902505,1780406837597,0.0,53.49,69011.86,BTC-12JUN26,68967.89,0.1195,68982.19,12JUN26,61000,,C,BTC-12JUN26-61000-C
0.07,0.0715,2.0,0.07062778,1780406837597,1.1,38.62,69252.97,BTC-31JUL26,68967.89,0.07075,68982.19,31JUL26,68000,,C,BTC-31JUL26-68000-C
0.0009,0.0011,196.5,0.00097689,1780406837597,1.0,41.62,69252.97,BTC-31JUL26,68967.89,0.001,68982.19,31JUL26,100000,,C,BTC-31JUL26-100000-C
0.1555,0.158,61.8,0.15704881,1780406837597,11.5,41.89,70214.12,BTC-25DEC26,68967.89,0.15675,68982.19,25DEC26,74000,,P,BTC-25DEC26-74000-P
0.059,0.0605,469.5,0.05970486,1780406837597,100.6,38.06,69614.19,BTC-25SEP26,68967.89,0.05975,68982.19,25SEP26,74000,,C,BTC-25SEP26-74000-C
0.1065,0.109,3.0,0.1077596,1780406837597,0.0,40.8,69252.97,BTC-31JUL26,68967.89,0.10775,68982.19,31JUL26,64000,,C,BTC-31JUL26-64000-C
0.119,0.1705,0.0,0.13114699,1780406837597,0.0,57.43,68968.38,index_price,68967.89,0.14475,68982.19,4JUN26,78000,,P,BTC-4JUN26-78000-P
0.005,0.0055,852.3,0.00534156,1780406837597,171.3,52.06,69093.42,BTC-26JUN26,68967.89,0.00525,68982.19,26JUN26,58000,,P,BTC-26JUN26-58000-P
0.0875,0.092,215.2,0.08927349,1780406837597,1.4,37.12,69010.42,BTC-12JUN26,68967.89,0.08975,68982.19,12JUN26,75000,,P,BTC-12JUN26-75000-P
0.13,0.1335,223.8,0.13123591,1780406837597,15.0,59.04,68967.43,BTC-5JUN26,68967.89,0.13175,68982.19,5JUN26,78000,,P,BTC-5JUN26-78000-P
0.0075,0.008,103.9,0.00769526,1780406837597,103.9,40.11,68967.89,index_price,68967.89,0.00775,68982.19,6JUN26,70500,,C,BTC-6JUN26-70500-C
0.058,0.0625,4.1,0.06016731,1780406837597,4.1,56.87,68967.43,BTC-5JUN26,68967.89,0.06025,68982.19,5JUN26,65000,,C,BTC-5JUN26-65000-C
,0.0001,203.9,0.0,1780406837597,0.0,60.97,68968.38,index_price,68967.89,,68982.19,3JUN26,80000,,C,BTC-3JUN26-80000-C
0.0565,0.058,603.8,0.05726009,1780406837597,2.2,40.7,70215.56,BTC-25DEC26,68967.89,0.05725,68982.19,25DEC26,84000,,C,BTC-25DEC26-84000-C
0.186,0.1925,0.0,0.18878359,1780406837597,0.0,40.17,69030.95,BTC-19JUN26,68967.89,0.18925,68982.19,19JUN26,82000,,P,BTC-19JUN26-82000-P
0.012,0.013,231.4,0.01258458,1780406837597,229.1,36.58,69425.14,BTC-28AUG26,68967.89,0.0125,68982.19,28AUG26,85000,,C,BTC-28AUG26-85000-C
0.14,0.143,640.7,0.14117843,1780406837598,16.3,37.62,69614.68,BTC-25SEP26,68967.89,0.1415,68982.19,25SEP26,76000,,P,BTC-25SEP26-76000-P
0.003,0.0034,4.5,0.00322804,1780406837598,1.2,39.27,69425.14,BTC-28AUG26,68967.89,0.0032,68982.19,28AUG26,98000,,C,BTC-28AUG26-98000-C
0.157,0.1645,0.0,0.16004,1780406837598,0.0,60.97,68968.38,index_price,68967.89,0.16075,68982.19,3JUN26,80000,,P,BTC-3JUN26-80000-P
0.0575,0.0655,0.0,0.06146635,1780406837598,0.0,54.26,68967.89,index_price,68967.89,0.0615,68982.19,6JUN26,65000,,C,BTC-6JUN26-65000-C
,0.0002,4.3,2.189e-05,1780406837598,1.1,51.69,68968.38,index_price,68967.89,,68982.19,4JUN26,76500,,C,BTC-4JUN26-76500-C
0.0025,0.0029,68.8,0.00272844,1780406837598,34.5,39.89,69425.14,BTC-28AUG26,68967.89,0.0027,68982.19,28AUG26,100000,,C,BTC-28AUG26-100000-C
0.091,0.093,277.3,0.09211482,1780406837598,4.0,41.6,70215.56,BTC-25DEC26,68967.89,0.092,68982.19,25DEC26,76000,,C,BTC-25DEC26-76000-C
0.0023,0.0026,77.1,0.00250417,1780406837598,79.4,42.34,68968.38,index_price,68967.89,0.00245,68982.19,3JUN26,70000,,C,BTC-3JUN26-70000-C
0.007,0.0075,81.2,0.00745251,1780406837598,25.2,48.0,68968.38,index_price,68967.89,0.00725,68982.19,4JUN26,68000,,P,BTC-4JUN26-68000-P
0.0001,0.0002,8.6,6.639e-05,1780406837598,7.0,51.23,68968.38,index_price,68967.89,0.00015,68982.19,4JUN26,75500,,C,BTC-4JUN26-75500-C
0.002,0.0022,63.2,0.00211716,1780406837598,71.3,60.4,68968.38,index_price,68967.89,0.0021,68982.19,3JUN26,67000,,P,BTC-3JUN26-67000-P
0.0001,0.0002,2563.8,0.00014797,1780406837598,223.3,116.73,69093.42,BTC-26JUN26,68967.89,0.00015,68982.19,26JUN26,30000,,P,BTC-26JUN26-30000-P
0.0175,0.0185,259.9,0.01819934,1780406837598,137.2,36.55,69425.14,BTC-28AUG26,68967.89,0.018,68982.19,28AUG26,82000,,C,BTC-28AUG26-82000-C
0.0165,0.0175,59.2,0.0168923,1780406837598,1.5,40.43,70215.56,BTC-25DEC26,68967.89,0.017,68982.19,25DEC26,104000,,C,BTC-25DEC26-104000-C
0.0185,0.019,5.5,0.01874055,1780406837598,7.7,38.44,69011.86,BTC-12JUN26,68967.89,0.01875,68982.19,12JUN26,70000,,C,BTC-12JUN26-70000-C
0.115,0.117,79.7,0.11621774,1780406837598,0.0,40.4,69614.19,BTC-25SEP26,68967.89,0.116,68982.19,25SEP26,66000,,C,BTC-25SEP26-66000-C
1.1515,1.3105,0.1,1.22693551,1780406837598,0.0,51.97,69614.19,BTC-25SEP26,68967.89,1.231,68982.19,25SEP26,155000,,P,BTC-25SEP26-155000-P
0.0035,0.0038,1039.5,0.00362046,1780406837598,1.0,40.03,69614.19,BTC-25SEP26,68967.89,0.00365,68982.19,25SEP26,105000,,C,BTC-25SEP26-105000-C
0.0485,0.0495,103.9,0.04871191,1780406837598,99.4,37.38,69252.97,BTC-31JUL26,68967.89,0.049,68982.19,31JUL26,71000,,C,BTC-31JUL26-71000-C
0.044,0.0445,1740.0,0.04427812,1780406837598,15.8,40.24,70215.56,BTC-25DEC26,68967.89,0.04425,68982.19,25DEC26,88000,,C,BTC-25DEC26-88000-C
0.036,0.0395,77.9,0.03710099,1780406837598,56.8,44.23,68968.38,index_price,68967.89,0.03775,68982.19,3JUN26,71500,,P,BTC-3JUN26-71500-P
0.0012,0.0014,1396.0,0.00126811,1780406837598,1079.5,38.29,69030.95,BTC-19JUN26,68967.89,0.0013,68982.19,19JUN26,80000,,C,BTC-19JUN26-80000-C
0.07,0.0735,1.0,0.0720384,1780406837598,0.0,42.83,69030.95,BTC-19JUN26,68967.89,0.07175,68982.19,19JUN26,65000,,C,BTC-19JUN26-65000-C
0.5115,0.522,0.0,0.51640741,1780406837598,0.0,41.77,70871.11,BTC-26MAR27,68967.89,0.51675,68982.19,26MAR27,105000,,P,BTC-26MAR27-105000-P
0.173,0.18,0.5,0.17546477,1780406837598,0.0,36.5,69423.48,BTC-28AUG26,68967.89,0.1765,68982.19,28AUG26,80000,,P,BTC-28AUG26-80000-P
0.0505,0.0545,280.5,0.05217158,1780406837598,25.4,37.04,69010.42,BTC-12JUN26,68967.89,0.0525,68982.19,12JUN26,72000,,P,BTC-12JUN26-72000-P
0.021,0.0215,1.0,0.02150113,1780406837598,1.0,44.18,68967.89,index_price,68967.89,0.02125,68982.19,6JUN26,68500,,C,BTC-6JUN26-68500-C
1.5175,1.7,37.1,1.60540952,1780406837598,0.0,85.89,69093.42,BTC-26JUN26,68967.89,1.60875,68982.19,26JUN26,180000,,P,BTC-26JUN26-180000-P
0.0003,0.0005,1054.4,0.0003994,1780406837598,14.7,42.69,69030.95,BTC-19JUN26,68967.89,0.0004,68982.19,19JUN26,85000,,C,BTC-19JUN26-85000-C
0.0047,0.005,96.0,0.00486153,1780406837598,98.3,44.34,68968.38,index_price,68967.89,0.00485,68982.19,3JUN26,69500,,C,BTC-3JUN26-69500-C
0.0037,0.004,119.7,0.00394066,1780406837598,140.0,39.81,68967.43,BTC-5JUN26,68967.89,0.00385,68982.19,5JUN26,71000,,C,BTC-5JUN26-71000-C
0.5875,0.5975,929.2,0.59228821,1780406837598,0.0,61.98,69093.42,BTC-26JUN26,68967.89,0.5925,68982.19,26JUN26,110000,,P,BTC-26JUN26-110000-P
0.011,0.012,1.8,0.01134402,1780406837598,1.8,49.02,69425.14,BTC-28AUG26,68967.89,0.0115,68982.19,28AUG26,52000,,P,BTC-28AUG26-52000-P
0.203,0.21,196.8,0.20546128,1780406837598,2.3,37.03,69614.19,BTC-25SEP26,68967.89,0.2065,68982.19,25SEP26,82000,,P,BTC-25SEP26-82000-P
0.6005,0.6255,0.0,0.60610868,1780406837598,0.0,41.86,70871.11,BTC-26MAR27,68967.89,0.613,68982.19,26MAR27,112000,,P,BTC-26MAR27-112000-P
0.0705,0.0815,0.6,0.07305927,1780406837598,1.0,55.32,68968.38,index_price,68967.89,0.076,68982.19,3JUN26,74000,,P,BTC-3JUN26-74000-P
0.009,0.01,1243.2,0.00941434,1780406837598,105.9,36.07,69252.97,BTC-31JUL26,68967.89,0.0095,68982.19,31JUL26,82000,,C,BTC-31JUL26-82000-C
0.229,0.2315,39.6,0.23057344,1780406837598,0.0,45.99,70215.56,BTC-25DEC26,68967.89,0.23025,68982.19,25DEC26,58000,,C,BTC-25DEC26-58000-C
0.036,0.037,96.3,0.03637306,1780406837598,8.0,40.2,69252.97,BTC-31JUL26,68967.89,0.0365,68982.19,31JUL26,65000,,P,BTC-31JUL26-65000-P
0.047,0.0485,31.2,0.04765861,1780406837598,18.4,40.03,69425.14,BTC-28AUG26,68967.89,0.04775,68982.19,28AUG26,65000,,P,BTC-28AUG26-65000-P
0.5155,0.525,310.9,0.51997443,1780406837598,0.0,59.07,69093.42,BTC-26JUN26,68967.89,0.52025,68982.19,26JUN26,105000,,P,BTC-26JUN26-105000-P
0.078,0.107,0.2,0.08029641,1780406837598,0.2,55.42,68968.38,index_price,68967.89,0.0925,68982.19,3JUN26,74500,,P,BTC-3JUN26-74500-P
,0.0001,1944.0,7.47e-06,1780406837598,0.0,63.95,69093.42,BTC-26JUN26,68967.89,,68982.19,26JUN26,125000,,C,BTC-26JUN26-125000-C
0.228,0.235,2850.2,0.23118028,1780406837598,5.3,39.74,69093.42,BTC-26JUN26,68967.89,0.2315,68982.19,26JUN26,85000,,P,BTC-26JUN26-85000-P
0.71,0.711,103.6,0.71052902,1780406837598,0.2,144.1,69093.42,BTC-26JUN26,68967.89,0.7105,68982.19,26JUN26,20000,,C,BTC-26JUN26-20000-C
0.072,0.0755,14.2,0.07330145,1780406837598,0.4,46.46,68968.38,index_price,68967.89,0.07375,68982.19,4JUN26,74000,,P,BTC-4JUN26-74000-P
0.0635,0.065,189.6,0.06429431,1780406837598,15.5,40.4,69614.19,BTC-25SEP26,68967.89,0.06425,68982.19,25SEP26,66000,,P,BTC-25SEP26-66000-P
0.0535,0.0545,1666.7,0.05392494,1780406837598,43.1,40.65,70214.12,BTC-25DEC26,68967.89,0.054,68982.19,25DEC26,85000,,C,BTC-25DEC26-85000-C
0.4155,0.4245,0.7,0.4198965,1780406837598,0.0,40.25,70215.56,BTC-25DEC26,68967.89,0.42,68982.19,25DEC26,98000,,P,BTC-25DEC26-98000-P
0.3,0.3075,0.5,0.30352508,1780406837598,0.1,37.18,69423.48,BTC-28AUG26,68967.89,0.30375,68982.19,28AUG26,90000,,P,BTC-28AUG26-90000-P
0.114,0.116,55.8,0.11479741,1780406837598,34.3,42.68,70871.11,BTC-26MAR27,68967.89,0.115,68982.19,26MAR27,78000,,C,BTC-26MAR27-78000-C
0.066,0.068,457.5,0.06711747,1780406837598,2.0,41.17,69091.98,BTC-26JUN26,68967.89,0.067,68982.19,26JUN26,66000,,C,BTC-26JUN26-66000-C
0.234,0.2425,0.4,0.23705509,1780406837598,0.0,36.58,69423.48,BTC-28AUG26,68967.89,0.23825,68982.19,28AUG26,85000,,P,BTC-28AUG26-85000-P
1.7765,1.9785,0.1,1.87305594,1780406837598,0.0,58.55,69614.19,BTC-25SEP26,68967.89,1.8775,68982.19,25SEP26,200000,,P,BTC-25SEP26-200000-P
0.0845,0.086,1.0,0.08533282,1780406837598,1.1,38.85,69425.14,BTC-28AUG26,68967.89,0.08525,68982.19,28AUG26,68000,,C,BTC-28AUG26-68000-C
0.8765,0.887,106.4,0.88156416,1780406837598,4.3,68.16,69093.42,BTC-26JUN26,68967.89,0.88175,68982.19,26JUN26,130000,,P,BTC-26JUN26-130000-P
0.0004,0.0006,0.0,0.00049885,1780406837598,0.0,43.23,68967.89,index_price,68967.89,0.0005,68982.19,6JUN26,75000,,C,BTC-6JUN26-75000-C
0.26,0.2645,0.0,0.26225618,1780406837598,0.0,49.02,69423.48,BTC-28AUG26,68967.89,0.26225,68982.19,28AUG26,52000,,C,BTC-28AUG26-52000-C
0.0255,0.028,25.7,0.02593082,1780406837598,20.4,40.64,68968.38,index_price,68967.89,0.02675,68982.19,4JUN26,70500,,P,BTC-4JUN26-70500-P
0.005,0.006,0.0,0.005696,1780406837598,0.0,50.01,68968.38,index_price,68967.89,0.0055,68982.19,4JUN26,67500,,P,BTC-4JUN26-67500-P
0.0815,0.083,211.1,0.08211928,1780406837598,0.1,41.36,70215.56,BTC-25DEC26,68967.89,0.08225,68982.19,25DEC26,78000,,C,BTC-25DEC26-78000-C
0.0016,0.0017,2461.1,0.00165014,1780406837598,11.9,67.07,69093.42,BTC-26JUN26,68967.89,0.00165,68982.19,26JUN26,50000,,P,BTC-26JUN26-50000-P
0.239,0.2455,491.8,0.24158094,1780406837598,0.0,37.09,69614.19,BTC-25SEP26,68967.89,0.24225,68982.19,25SEP26,85000,,P,BTC-25SEP26-85000-P
0.043,0.0465,58.7,0.04422972,1780406837598,9.6,47.09,68968.38,index_price,68967.89,0.04475,68982.19,3JUN26,72000,,P,BTC-3JUN26-72000-P
0.2345,0.2375,0.0,0.23603888,1780406837598,0.0,47.02,69423.48,BTC-28AUG26,68967.89,0.236,68982.19,28AUG26,54000,,C,BTC-28AUG26-54000-C
,0.0001,290.8,0.0,1780406837598,0.0,72.07,68967.43,BTC-5JUN26,68967.89,,68982.19,5JUN26,95000,,C,BTC-5JUN26-95000-C
0.0005,0.0008,42.8,0.00063852,1780406837598,0.0,44.59,69252.97,BTC-31JUL26,68967.89,0.00065,68982.19,31JUL26,106000,,C,BTC-31JUL26-106000-C
0.0445,0.052,0.0,0.04871601,1780406837598,0.0,51.09,68967.89,index_price,68967.89,0.04825,68982.19,6JUN26,66000,,C,BTC-6JUN26-66000-C
0.0245,0.0255,504.2,0.02477479,1780406837598,109.6,42.23,69252.97,BTC-31JUL26,68967.89,0.025,68982.19,31JUL26,62000,,P,BTC-31JUL26-62000-P
0.11,0.1385,0.0,0.11661727,1780406837598,0.0,49.02,68967.89,index_price,68967.89,0.12425,68982.19,6JUN26,77000,,P,BTC-6JUN26-77000-P
0.029,0.0365,0.0,0.03267509,1780406837598,0.0,51.78,68968.38,index_price,68967.89,0.03275,68982.19,4JUN26,67000,,C,BTC-4JUN26-67000-C
0.378,0.3875,90.5,0.38199964,1780406837598,0.0,40.22,70215.56,BTC-25DEC26,68967.89,0.38275,68982.19,25DEC26,95000,,P,BTC-25DEC26-95000-P
