bid_price,ask_price,open_interest,mark_price,creation_timestamp_x,volume,mark_iv,underlying_price,underlying_index,estimated_delivery_price,mid_price,price_index,expiration_timestamp,strike,settlement_period,option_type,instrument_id
0.2295,0.2385,0.2,0.23235394,1780406843008,0.0,68.53,68983.59,BTC-5JUN26,68984.35,0.234,68985.8,5JUN26,85000,,P,BTC-5JUN26-85000-P
0.131,0.1325,2970.9,0.1316499,1780406843008,6.2,37.86,69630.86,BTC-25SEP26,68984.35,0.13175,68985.8,25SEP26,75000,,P,BTC-25SEP26-75000-P
0.0033,0.0037,1436.8,0.00346187,1780406843008,5.9,44.77,70230.99,BTC-25DEC26,68984.35,0.0035,68985.8,25DEC26,140000,,C,BTC-25DEC26-140000-C
0.012,0.013,2245.4,0.01264742,1780406843008,214.5,37.36,69630.86,BTC-25SEP26,68984.35,0.0125,68985.8,25SEP26,90000,,C,BTC-25SEP26-90000-C
0.173,0.1755,148.1,0.17434567,1780406843008,1.7,41.6,70231.76,BTC-25DEC26,68984.35,0.17425,68985.8,25DEC26,76000,,P,BTC-25DEC26-76000-P
0.0003,0.0005,1202.3,0.00044129,1780406843008,0.1,58.35,70231.76,BTC-25DEC26,68984.35,0.0004,68985.8,25DEC26,250000,,C,BTC-25DEC26-250000-C
0.0185,0.0195,31.9,0.01889519,1780406843008,50.9,42.32,68983.59,BTC-5JUN26,68984.35,0.019,68985.8,5JUN26,69500,,P,BTC-5JUN26-69500-P
0.161,0.163,901.1,0.16199198,1780406843008,0.9,43.84,70886.81,BTC-26MAR27,68984.35,0.162,68985.8,26MAR27,70000,,C,BTC-26MAR27-70000-C
0.357,0.3675,7.6,0.36059858,1780406843008,0.0,47.43,69109.26,BTC-26JUN26,68984.35,0.36225,68985.8,26JUN26,94000,,P,BTC-26JUN26-94000-P
0.0007,0.0009,14.1,0.00082077,1780406843008,29.0,40.66,68984.35,index_price,68984.35,0.0008,68985.8,4JUN26,72000,,C,BTC-4JUN26-72000-C
,0.0001,264.7,8.97e-06,1780406843008,0.0,85.88,69109.26,BTC-26JUN26,68984.35,,68985.8,26JUN26,155000,,C,BTC-26JUN26-155000-C
0.0085,0.0095,25.1,0.00904737,1780406843008,13.3,37.1,69441.5,BTC-28AUG26,68984.35,0.009,68985.8,28AUG26,88000,,C,BTC-28AUG26-88000-C
0.191,0.1975,104.0,0.1933966,1780406843008,0.0,36.07,69268.58,BTC-31JUL26,68984.35,0.19425,68985.8,31JUL26,82000,,P,BTC-31JUL26-82000-P
0.0007,0.0008,1064.7,0.00071071,1780406843008,27.4,40.5,69109.26,BTC-26JUN26,68984.35,0.00075,68985.8,26JUN26,86000,,C,BTC-26JUN26-86000-C
0.055,0.0595,0.0,0.05817579,1780406843008,0.0,72.24,68984.35,index_price,68984.35,0.05725,68985.8,3JUN26,65000,,C,BTC-3JUN26-65000-C
0.02,0.021,78.4,0.02058056,1780406843008,54.1,41.71,68984.35,index_price,68984.35,0.0205,68985.8,4JUN26,70000,,P,BTC-4JUN26-70000-P
0.1655,0.171,375.9,0.16799859,1780406843008,6.2,35.96,69268.58,BTC-31JUL26,68984.35,0.16825,68985.8,31JUL26,80000,,P,BTC-31JUL26-80000-P
0.0735,0.0745,108.3,0.07392244,1780406843008,7.7,37.38,69268.58,BTC-31JUL26,68984.35,0.074,68985.8,31JUL26,71000,,P,BTC-31JUL26-71000-P
0.6545,0.6695,0.1,0.66088295,1780406843008,0.0,49.75,69268.58,BTC-31JUL26,68984.35,0.662,68985.8,31JUL26,115000,,P,BTC-31JUL26-115000-P
,0.0001,8.0,5.2e-07,1780406843008,0.0,59.32,68984.35,index_price,68984.35,,68985.8,4JUN26,81000,,C,BTC-4JUN26-81000-C
0.0905,0.0925,532.1,0.09165577,1780406843008,58.1,43.7,70230.99,BTC-25DEC26,68984.35,0.0915,68985.8,25DEC26,65000,,P,BTC-25DEC26-65000-P
0.0095,0.0105,0.6,0.00988761,1780406843008,0.6,46.71,68984.35,index_price,68984.35,0.01,68985.8,6JUN26,67500,,P,BTC-6JUN26-67500-P
0.017,0.018,125.1,0.01739881,1780406843008,145.1,42.72,68984.35,index_price,68984.35,0.0175,68985.8,6JUN26,69000,,P,BTC-6JUN26-69000-P
0.0075,0.0085,801.4,0.00803571,1780406843008,404.9,36.12,69268.58,BTC-31JUL26,68984.35,0.008,68985.8,31JUL26,83000,,C,BTC-31JUL26-83000-C
0.055,0.063,0.0,0.05916,1780406843008,0.0,60.99,68984.35,index_price,68984.35,0.059,68985.8,4JUN26,65000,,C,BTC-4JUN26-65000-C
0.0625,0.0635,14.2,0.06278761,1780406843008,0.0,38.15,69268.58,BTC-31JUL26,68984.35,0.063,68985.8,31JUL26,69000,,C,BTC-31JUL26-69000-C
0.032,0.035,324.2,0.0333545,1780406843008,172.1,39.8,68983.59,BTC-5JUN26,68984.35,0.0335,68985.8,5JUN26,71000,,P,BTC-5JUN26-71000-P
0.038,0.039,12.1,0.03833541,1780406843008,10.6,40.97,69442.48,BTC-28AUG26,68984.35,0.0385,68985.8,28AUG26,63000,,P,BTC-28AUG26-63000-P
0.58,0.5935,0.0,0.58557924,1780406843008,0.0,42.93,69441.5,BTC-28AUG26,68984.35,0.58675,68985.8,28AUG26,110000,,P,BTC-28AUG26-110000-P
0.444,0.446,53.2,0.44507661,1780406843008,0.0,57.66,70231.76,BTC-25DEC26,68984.35,0.445,68985.8,25DEC26,40000,,C,BTC-25DEC26-40000-C
0.9195,0.9355,0.6,0.92649738,1780406843008,0.0,44.32,70231.76,BTC-25DEC26,68984.35,0.9275,68985.8,25DEC26,135000,,P,BTC-25DEC26-135000-P
0.0575,0.06,24.9,0.05839357,1780406843008,0.9,55.32,68984.35,index_price,68984.35,0.05875,68985.8,3JUN26,73000,,P,BTC-3JUN26-73000-P
0.034,0.0355,101.0,0.03473146,1780406843008,0.4,41.77,70886.81,BTC-26MAR27,68984.35,0.03475,68985.8,26MAR27,105000,,C,BTC-26MAR27-105000-C
0.4495,0.485,11.7,0.45414926,1780406843008,0.0,41.75,70885.42,BTC-26MAR27,68984.35,0.46725,68985.8,26MAR27,100000,,P,BTC-26MAR27-100000-P
0.0215,0.0225,16.9,0.02188853,1780406843008,0.9,43.96,69441.5,BTC-28AUG26,68984.35,0.022,68985.8,28AUG26,58000,,P,BTC-28AUG26-58000-P
0.0965,0.099,1.0,0.09780655,1780406843008,1.0,40.2,69268.58,BTC-31JUL26,68984.35,0.09775,68985.8,31JUL26,65000,,C,BTC-31JUL26-65000-C
0.185,0.192,0.0,0.18713428,1780406843008,0.0,36.52,69441.5,BTC-28AUG26,68984.35,0.1885,68985.8,28AUG26,81000,,P,BTC-28AUG26-81000-P
0.0345,0.0385,0.0,0.03703684,1780406843008,0.0,48.24,68984.35,index_price,68984.35,0.0365,68985.8,6JUN26,67000,,C,BTC-6JUN26-67000-C
,0.0001,135.9,0.0,1780406843008,0.0,99.84,69109.26,BTC-26JUN26,68984.35,,68985.8,26JUN26,320000,,C,BTC-26JUN26-320000-C
0.0002,0.0003,222.6,0.00024752,1780406843008,0.4,47.43,69109.26,BTC-26JUN26,68984.35,0.00025,68985.8,26JUN26,94000,,C,BTC-26JUN26-94000-C
0.958,1.1,23.1,1.0260632,1780406843008,0.0,75.63,69107.87,BTC-26JUN26,68984.35,1.029,68985.8,26JUN26,140000,,P,BTC-26JUN26-140000-P
0.0575,0.0605,7.9,0.05871634,1780406843008,0.8,43.44,68984.35,index_price,68984.35,0.059,68985.8,4JUN26,73000,,P,BTC-4JUN26-73000-P
0.0085,0.0095,681.0,0.00904035,1780406843008,14.0,43.44,70886.81,BTC-26MAR27,68984.35,0.009,68985.8,26MAR27,140000,,C,BTC-26MAR27-140000-C
1.1675,1.325,1.8,1.24314104,1780406843008,0.0,85.88,69109.26,BTC-26JUN26,68984.35,1.24625,68985.8,26JUN26,155000,,P,BTC-26JUN26-155000-P
0.0002,0.0005,140.8,0.00032479,1780406843008,158.8,44.23,68984.35,index_price,68984.35,0.00035,68985.8,3JUN26,71500,,C,BTC-3JUN26-71500-C
0.191,0.1935,67.3,0.1921447,1780406843008,0.1,44.55,70231.76,BTC-25DEC26,68984.35,0.19225,68985.8,25DEC26,62000,,C,BTC-25DEC26-62000-C
0.0615,0.064,3227.8,0.06272658,1780406843008,340.7,36.69,69109.26,BTC-26JUN26,68984.35,0.06275,68985.8,26JUN26,72000,,P,BTC-26JUN26-72000-P
0.0024,0.0027,4997.7,0.00251535,1780406843008,994.5,36.6,69109.26,BTC-26JUN26,68984.35,0.00255,68985.8,26JUN26,80000,,C,BTC-26JUN26-80000-C
0.0001,0.0002,1333.1,0.00014655,1780406843008,3.7,52.01,69027.68,BTC-12JUN26,68984.35,0.00015,68985.8,12JUN26,86000,,C,BTC-12JUN26-86000-C
0.0435,0.0485,1.1,0.04729331,1780406843008,1.1,53.33,68983.59,BTC-5JUN26,68984.35,0.046,68985.8,5JUN26,66000,,C,BTC-5JUN26-66000-C
0.57,0.572,98.8,0.571289,1780406843008,1.0,74.19,69630.86,BTC-25SEP26,68984.35,0.571,68985.8,25SEP26,30000,,C,BTC-25SEP26-30000-C
0.554,0.568,0.0,0.55999116,1780406843008,0.0,46.17,69268.58,BTC-31JUL26,68984.35,0.561,68985.8,31JUL26,108000,,P,BTC-31JUL26-108000-P
0.037,0.0375,55.1,0.03716868,1780406843008,33.3,36.76,69268.58,BTC-31JUL26,68984.35,0.03725,68985.8,31JUL26,73000,,C,BTC-31JUL26-73000-C
0.0295,0.031,42.1,0.0304604,1780406843008,1.0,41.79,70885.42,BTC-26MAR27,68984.35,0.03025,68985.8,26MAR27,108000,,C,BTC-26MAR27-108000-C
0.6605,0.67,289.9,0.66430411,1780406843008,1.0,63.2,69109.26,BTC-26JUN26,68984.35,0.66525,68985.8,26JUN26,115000,,P,BTC-26JUN26-115000-P
1.657,1.8495,5.8,1.749328,1780406843008,0.0,85.9,69109.26,BTC-26JUN26,68984.35,1.75325,68985.8,26JUN26,190000,,P,BTC-26JUN26-190000-P
0.0009,0.0011,86.2,0.00100645,1780406843008,92.5,66.65,68984.35,index_price,68984.35,0.001,68985.8,3JUN26,66000,,P,BTC-3JUN26-66000-P
0.0002,0.0006,352.6,0.00029206,1780406843008,0.0,55.52,69630.09,BTC-25SEP26,68984.35,0.0004,68985.8,25SEP26,170000,,C,BTC-25SEP26-170000-C
0.2095,0.212,137.5,0.21081584,1780406843008,0.0,45.2,70231.76,BTC-25DEC26,68984.35,0.21075,68985.8,25DEC26,60000,,C,BTC-25DEC26-60000-C
1.6375,1.8305,0.0,1.72887274,1780406843008,0.0,58.55,69630.09,BTC-25SEP26,68984.35,1.734,68985.8,25SEP26,190000,,P,BTC-25SEP26-190000-P
0.0011,0.0013,1112.6,0.00118195,1780406843008,4.1,40.77,69268.58,BTC-31JUL26,68984.35,0.0012,68985.8,31JUL26,98000,,C,BTC-31JUL26-98000-C
0.051,0.052,5.2,0.0515135,1780406843008,0.2,37.35,69441.5,BTC-28AUG26,68984.35,0.0515,68985.8,28AUG26,73000,,C,BTC-28AUG26-73000-C
0.008,0.009,393.1,0.00845078,1780406843008,515.0,45.25,69027.68,BTC-12JUN26,68984.35,0.0085,68985.8,12JUN26,65000,,P,BTC-12JUN26-65000-P
0.0475,0.049,163.7,0.04851622,1780406843008,200.7,37.29,69046.89,BTC-19JUN26,68984.35,0.04825,68985.8,19JUN26,71000,,P,BTC-19JUN26-71000-P
,0.0001,200.1,0.0,1780406843008,0.0,90.33,69109.26,BTC-26JUN26,68984.35,,68985.8,26JUN26,250000,,C,BTC-26JUN26-250000-C
0.0635,0.065,1213.2,0.06407567,1780406843008,0.0,47.66,70886.81,BTC-26MAR27,68984.35,0.06425,68985.8,26MAR27,55000,,P,BTC-26MAR27-55000-P
0.007,0.0075,197.6,0.0070871,1780406843008,58.1,36.53,69268.58,BTC-31JUL26,68984.35,0.00725,68985.8,31JUL26,84000,,C,BTC-31JUL26-84000-C
0.1875,0.1905,14.7,0.18888492,1780406843008,0.3,67.38,68983.59,BTC-5JUN26,68984.35,0.189,68985.8,5JUN26,82000,,P,BTC-5JUN26-82000-P
0.1855,0.1925,1.0,0.1881824,1780406843008,0.0,44.81,69027.68,BTC-12JUN26,68984.35,0.189,68985.8,12JUN26,82000,,P,BTC-12JUN26-82000-P
0.1955,0.1985,29.2,0.19717998,1780406843008,0.0,44.17,69630.86,BTC-25SEP26,68984.35,0.197,68985.8,25SEP26,58000,,C,BTC-25SEP26-58000-C
,0.0001,97.4,4e-08,1780406843008,0.0,60.97,68984.35,index_price,68984.35,,68985.8,3JUN26,78000,,C,BTC-3JUN26-78000-C
0.1305,0.136,2145.0,0.13309018,1780406843008,24.3,36.05,69109.26,BTC-26JUN26,68984.35,0.13325,68985.8,26JUN26,78000,,P,BTC-26JUN26-78000-P
0.524,0.5845,0.0,0.52879846,1780406843008,0.0,41.78,70886.81,BTC-26MAR27,68984.35,0.55425,68985.8,26MAR27,106000,,P,BTC-26MAR27-106000-P
0.029,0.03,11.1,0.02965351,1780406843009,11.1,40.11,68984.35,index_price,68984.35,0.0295,68985.8,6JUN26,70500,,P,BTC-6JUN26-70500-P
0.0017,0.002,27.3,0.00186498,1780406843009,4.0,41.49,69441.5,BTC-28AUG26,68984.35,0.00185,68985.8,28AUG26,105000,,C,BTC-28AUG26-105000-C
3.164,3.4655,0.0,3.30848745,1780406843009,0.0,64.66,69630.86,BTC-25SEP26,68984.35,3.31475,68985.8,25SEP26,300000,,P,BTC-25SEP26-300000-P
0.112,0.1205,0.0,0.11673756,1780406843009,0.0,67.36,68984.35,index_price,68984.35,0.11625,68985.8,6JUN26,61000,,C,BTC-6JUN26-61000-C
1.89,2.105,0.0,1.9908849,1780406843009,0.0,54.18,70230.99,BTC-25DEC26,68984.35,1.9975,68985.8,25DEC26,210000,,P,BTC-25DEC26-210000-P
0.0033,0.0036,543.5,0.00342719,1780406843009,0.6,66.85,69630.09,BTC-25SEP26,68984.35,0.00345,68985.8,25SEP26,35000,,P,BTC-25SEP26-35000-P
0.0365,0.0445,0.0,0.04060333,1780406843009,0.0,39.63,68984.35,index_price,68984.35,0.0405,68985.8,6JUN26,71500,,P,BTC-6JUN26-71500-P
0.0165,0.0175,83.5,0.01712604,1780406843009,42.4,41.62,69047.76,BTC-19JUN26,68984.35,0.017,68985.8,19JUN26,66000,,P,BTC-19JUN26-66000-P
0.053,0.054,182.0,0.05351829,1780406843009,1.3,41.16,69630.86,BTC-25SEP26,68984.35,0.0535,68985.8,25SEP26,64000,,P,BTC-25SEP26-64000-P
0.9325,1.0145,12.5,0.93960553,1780406843009,0.0,47.62,69630.09,BTC-25SEP26,68984.35,0.9735,68985.8,25SEP26,135000,,P,BTC-25SEP26-135000-P
0.017,0.018,265.2,0.01744763,1780406843009,201.9,45.42,69441.5,BTC-28AUG26,68984.35,0.0175,68985.8,28AUG26,56000,,P,BTC-28AUG26-56000-P
0.073,0.074,5652.8,0.07343532,1780406843009,305.7,41.25,70231.76,BTC-25DEC26,68984.35,0.0735,68985.8,25DEC26,80000,,C,BTC-25DEC26-80000-C
0.507,0.518,107.9,0.51107233,1780406843009,0.0,40.5,70231.76,BTC-25DEC26,68984.35,0.5125,68985.8,25DEC26,105000,,P,BTC-25DEC26-105000-P
1.753,1.9575,0.0,1.84859225,1780406843009,0.0,52.78,70230.99,BTC-25DEC26,68984.35,1.85525,68985.8,25DEC26,200000,,P,BTC-25DEC26-200000-P
0.0003,0.0006,137.9,0.00045348,1780406843009,0.0,49.75,69268.58,BTC-31JUL26,68984.35,0.00045,68985.8,31JUL26,115000,,C,BTC-31JUL26-115000-C
0.004,0.0044,367.4,0.00415701,1780406843009,163.4,53.33,68983.59,BTC-5JUN26,68984.35,0.0042,68985.8,5JUN26,66000,,P,BTC-5JUN26-66000-P
0.063,0.1275,0.0,0.08746186,1780406843009,0.0,51.21,68984.35,index_price,68984.35,0.09525,68985.8,4JUN26,75000,,P,BTC-4JUN26-75000-P
0.026,0.027,217.4,0.02668404,1780406843009,254.9,39.68,69046.89,BTC-19JUN26,68984.35,0.0265,68985.8,19JUN26,68000,,P,BTC-19JUN26-68000-P
0.239,0.242,4.8,0.24073379,1780406843009,0.0,46.15,70886.81,BTC-26MAR27,68984.35,0.2405,68985.8,26MAR27,60000,,C,BTC-26MAR27-60000-C
1.34,1.5175,0.0,1.42227768,1780406843009,0.0,49.64,70231.76,BTC-25DEC26,68984.35,1.42875,68985.8,25DEC26,170000,,P,BTC-25DEC26-170000-P
0.1295,0.132,0.0,0.13096811,1780406843009,0.0,40.97,69441.5,BTC-28AUG26,68984.35,0.13075,68985.8,28AUG26,63000,,C,BTC-28AUG26-63000-C
,0.0001,657.0,3.91e-06,1780406843009,8.0,68.53,68983.59,BTC-5JUN26,68984.35,,68985.8,5JUN26,85000,,C,BTC-5JUN26-85000-C
0.074,0.0785,405.0,0.07592281,1780406843009,15.6,36.97,69028.45,BTC-12JUN26,68984.35,0.07625,68985.8,12JUN26,74000,,P,BTC-12JUN26-74000-P
0.1145,0.1155,1057.6,0.11500943,1780406843009,2.0,42.12,70231.76,BTC-25DEC26,68984.35,0.115,68985.8,25DEC26,72000,,C,BTC-25DEC26-72000-C
0.0405,0.041,2661.6,0.04071395,1780406843009,141.0,37.25,69630.86,BTC-25SEP26,68984.35,0.04075,68985.8,25SEP26,78000,,C,BTC-25SEP26-78000-C
0.014,0.015,26.3,0.01452819,1780406843009,36.0,44.18,68984.35,index_price,68984.35,0.0145,68985.8,6JUN26,68500,,P,BTC-6JUN26-68500-P
0.1005,0.106,298.5,0.10263188,1780406843009,1.0,37.56,69027.68,BTC-12JUN26,68984.35,0.10325,68985.8,12JUN26,76000,,P,BTC-12JUN26-76000-P
0.014,0.015,3394.7,0.01462591,1780406843009,49.0,57.66,70231.76,BTC-25DEC26,68984.35,0.0145,68985.8,25DEC26,40000,,P,BTC-25DEC26-40000-P
0.0022,0.0026,134.5,0.0024993,1780406843009,96.1,37.12,69027.68,BTC-12JUN26,68984.35,0.0024,68985.8,12JUN26,75000,,C,BTC-12JUN26-75000-C
0.0041,0.0044,982.2,0.00426849,1780406843009,17.5,44.32,70231.76,BTC-25DEC26,68984.35,0.00425,68985.8,25DEC26,135000,,C,BTC-25DEC26-135000-C
0.0105,0.011,1286.7,0.01101465,1780406843009,57.6,35.97,69268.58,BTC-31JUL26,68984.35,0.01075,68985.8,31JUL26,81000,,C,BTC-31JUL26-81000-C
0.0525,0.0535,3.8,0.05282145,1780406843009,2.2,39.58,69441.5,BTC-28AUG26,68984.35,0.053,68985.8,28AUG26,66000,,P,BTC-28AUG26-66000-P
,0.0001,941.3,7.96e-06,1780406843009,0.0,71.79,69109.26,BTC-26JUN26,68984.35,,68985.8,26JUN26,135000,,C,BTC-26JUN26-135000-C
0.02,0.021,513.3,0.02053616,1780406843009,8.9,36.01,69268.58,BTC-31JUL26,68984.35,0.0205,68985.8,31JUL26,77000,,C,BTC-31JUL26-77000-C
0.0025,0.0029,1160.8,0.00271503,1780406843009,73.8,56.87,68983.59,BTC-5JUN26,68984.35,0.0027,68985.8,5JUN26,65000,,P,BTC-5JUN26-65000-P
0.0015,0.0017,472.9,0.00162428,1780406843009,312.5,37.56,69027.68,BTC-12JUN26,68984.35,0.0016,68985.8,12JUN26,76000,,C,BTC-12JUN26-76000-C
0.492,0.504,0.0,0.49774796,1780406843009,0.0,40.43,70231.76,BTC-25DEC26,68984.35,0.498,68985.8,25DEC26,104000,,P,BTC-25DEC26-104000-P
0.103,0.108,250.2,0.1051885,1780406843009,0.1,36.49,69046.89,BTC-19JUN26,68984.35,0.1055,68985.8,19JUN26,76000,,P,BTC-19JUN26-76000-P
0.085,0.123,0.0,0.08727186,1780406843009,0.0,55.5,68984.35,index_price,68984.35,0.104,68985.8,3JUN26,75000,,P,BTC-3JUN26-75000-P
0.262,0.267,546.0,0.26427967,1780406843009,0.0,40.65,70231.76,BTC-25DEC26,68984.35,0.2645,68985.8,25DEC26,85000,,P,BTC-25DEC26-85000-P
0.0002,0.0003,808.0,0.00025315,1780406843009,4.6,44.81,69027.68,BTC-12JUN26,68984.35,0.00025,68985.8,12JUN26,82000,,C,BTC-12JUN26-82000-C
0.251,0.256,47.0,0.25337918,1780406843009,0.0,40.7,70231.76,BTC-25DEC26,68984.35,0.2535,68985.8,25DEC26,84000,,P,BTC-25DEC26-84000-P
0.012,0.013,63.1,0.01247826,1780406843009,18.3,44.23,68984.35,index_price,68984.35,0.0125,68985.8,4JUN26,69000,,P,BTC-4JUN26-69000-P
0.0055,0.0065,1001.4,0.00605716,1780406843009,228.2,36.64,69268.58,BTC-31JUL26,68984.35,0.006,68985.8,31JUL26,85000,,C,BTC-31JUL26-85000-C
,0.0001,696.8,8.6e-07,1780406843009,0.0,72.07,68983.59,BTC-5JUN26,68984.35,,68985.8,5JUN26,88000,,C,BTC-5JUN26-88000-C
0.2265,0.2345,33.9,0.22909853,1780406843009,0.0,37.06,69630.86,BTC-25SEP26,68984.35,0.2305,68985.8,25SEP26,84000,,P,BTC-25SEP26-84000-P
1.4555,1.646,0.0,1.5428585,1780406843009,0.0,47.02,70886.81,BTC-26MAR27,68984.35,1.55075,68985.8,26MAR27,180000,,P,BTC-26MAR27-180000-P
3.7545,4.0995,0.0,3.91984986,1780406843009,0.0,102.06,69109.26,BTC-26JUN26,68984.35,3.927,68985.8,26JUN26,340000,,P,BTC-26JUN26-340000-P
0.0055,0.006,12.8,0.0057271,1780406843009,12.8,41.71,68984.35,index_price,68984.35,0.00575,68985.8,4JUN26,70000,,C,BTC-4JUN26-70000-C
1.3075,1.475,0.5,1.38785301,1780406843009,0.0,85.89,69109.26,BTC-26JUN26,68984.35,1.39125,68985.8,26JUN26,165000,,P,BTC-26JUN26-165000-P
0.0765,0.081,0.2,0.07922785,1780406843009,0.1,47.07,69027.68,BTC-12JUN26,68984.35,0.07875,68985.8,12JUN26,64000,,C,BTC-12JUN26-64000-C
0.4685,0.4825,0.1,0.47362985,1780406843009,0.0,43.0,69267.19,BTC-31JUL26,68984.35,0.4755,68985.8,31JUL26,102000,,P,BTC-31JUL26-102000-P
0.327,0.3375,0.4,0.33063445,1780406843009,0.0,38.46,69268.58,BTC-31JUL26,68984.35,0.33225,68985.8,31JUL26,92000,,P,BTC-31JUL26-92000-P
0.0004,0.0007,759.1,0.00048386,1780406843009,0.0,51.2,69630.09,BTC-25SEP26,68984.35,0.00055,68985.8,25SEP26,150000,,C,BTC-25SEP26-150000-C
,0.0002,819.9,7.35e-06,1780406843009,6.1,67.86,68983.59,BTC-5JUN26,68984.35,,68985.8,5JUN26,84000,,C,BTC-5JUN26-84000-C
0.053,0.0565,1.1,0.05511706,1780406843009,1.1,43.66,69027.68,BTC-12JUN26,68984.35,0.05475,68985.8,12JUN26,66000,,C,BTC-12JUN26-66000-C
0.804,0.8155,75.4,0.80898498,1780406843009,0.0,63.95,69109.26,BTC-26JUN26,68984.35,0.80975,68985.8,26JUN26,125000,,P,BTC-26JUN26-125000-P
0.0018,0.0021,0.8,0.00188481,1780406843009,0.8,61.02,68984.35,index_price,68984.35,0.00195,68985.8,6JUN26,63000,,P,BTC-6JUN26-63000-P
1.29,1.4595,0.0,1.37000553,1780406843009,0.0,54.69,69630.86,BTC-25SEP26,68984.35,1.37475,68985.8,25SEP26,165000,,P,BTC-25SEP26-165000-P
0.1735,0.176,233.3,0.17492371,1780406843009,1.0,43.04,69630.86,BTC-25SEP26,68984.35,0.17475,68985.8,25SEP26,60000,,C,BTC-25SEP26-60000-C
0.5775,0.589,116.7,0.58219272,1780406843009,0.0,40.74,69630.86,BTC-25SEP26,68984.35,0.58325,68985.8,25SEP26,110000,,P,BTC-25SEP26-110000-P
0.0365,0.0395,43.6,0.03799793,1780406843009,25.6,40.61,68984.35,index_price,68984.35,0.038,68985.8,4JUN26,71500,,P,BTC-4JUN26-71500-P
0.011,0.0115,164.8,0.01116214,1780406843009,58.8,36.39,69047.76,BTC-19JUN26,68984.35,0.01125,68985.8,19JUN26,73000,,C,BTC-19JUN26-73000-C
0.0041,0.0045,158.2,0.00434055,1780406843009,95.7,36.49,69047.76,BTC-19JUN26,68984.35,0.0043,68985.8,19JUN26,76000,,C,BTC-19JUN26-76000-C
0.0001,0.0002,7.0,0.00018059,1780406843009,0.8,47.88,69046.89,BTC-19JUN26,68984.35,0.00015,68985.8,19JUN26,90000,,C,BTC-19JUN26-90000-C
4.48,4.5205,0.2,4.49929153,1780406843009,0.0,102.24,69109.26,BTC-26JUN26,68984.35,4.50025,68985.8,26JUN26,380000,,P,BTC-26JUN26-380000-P
0.1015,0.103,0.0,0.10224618,1780406843009,0.0,39.58,69442.48,BTC-28AUG26,68984.35,0.10225,68985.8,28AUG26,66000,,C,BTC-28AUG26-66000-C
0.0046,0.0055,1507.4,0.00506491,1780406843009,1.9,43.52,70231.76,BTC-25DEC26,68984.35,0.00505,68985.8,25DEC26,130000,,C,BTC-25DEC26-130000-C
,0.0002,247.6,2.4e-05,1780406843009,0.9,61.2,69630.86,BTC-25SEP26,68984.35,,68985.8,25SEP26,240000,,C,BTC-25SEP26-240000-C
0.217,0.2235,31.5,0.21992254,1780406843009,0.0,36.53,69267.19,BTC-31JUL26,68984.35,0.22025,68985.8,31JUL26,84000,,P,BTC-31JUL26-84000-P
0.061,0.0625,66.2,0.061508,1780406843009,0.0,41.78,70886.81,BTC-26MAR27,68984.35,0.06175,68985.8,26MAR27,92000,,C,BTC-26MAR27-92000-C
0.0002,0.0003,0.0,0.00025426,1780406843009,0.0,49.02,68984.35,index_price,68984.35,0.00025,68985.8,6JUN26,77000,,C,BTC-6JUN26-77000-C
0.0001,0.0002,458.3,0.00013822,1780406843009,4.9,63.54,68983.59,BTC-5JUN26,68984.35,0.00015,68985.8,5JUN26,79000,,C,BTC-5JUN26-79000-C
0.4965,0.511,0.0,0.50240488,1780406843009,0.0,44.11,69267.19,BTC-31JUL26,68984.35,0.50375,68985.8,31JUL26,104000,,P,BTC-31JUL26-104000-P
0.0395,0.0405,97.9,0.04015023,1780406843009,18.9,37.99,69047.76,BTC-19JUN26,68984.35,0.04,68985.8,19JUN26,70000,,P,BTC-19JUN26-70000-P
0.402,0.411,1.4,0.40586398,1780406843009,1.0,41.69,70886.81,BTC-26MAR27,68984.35,0.4065,68985.8,26MAR27,96000,,P,BTC-26MAR27-96000-P
0.0425,0.0435,60.2,0.04276487,1780406843009,1.3,40.49,69441.5,BTC-28AUG26,68984.35,0.043,68985.8,28AUG26,64000,,P,BTC-28AUG26-64000-P
0.1555,0.2125,0.0,0.18882849,1780406843009,0.0,59.32,68984.35,index_price,68984.35,0.184,68985.8,4JUN26,82000,,P,BTC-4JUN26-82000-P
0.6485,0.6605,91.7,0.6534431,1780406843009,0.0,42.23,69630.86,BTC-25SEP26,68984.35,0.6545,68985.8,25SEP26,115000,,P,BTC-25SEP26-115000-P
0.012,0.013,2.5,0.01237612,1780406843009,3.6,45.09,68983.59,BTC-5JUN26,68984.35,0.0125,68985.8,5JUN26,68500,,P,BTC-5JUN26-68500-P
0.1375,0.141,440.2,0.13917891,1780406843009,5.4,48.91,69109.26,BTC-26JUN26,68984.35,0.13925,68985.8,26JUN26,60000,,C,BTC-26JUN26-60000-C
0.0545,0.055,1909.0,0.0545292,1780406843009,169.0,37.86,69630.86,BTC-25SEP26,68984.35,0.05475,68985.8,25SEP26,75000,,C,BTC-25SEP26-75000-C
0.5115,0.5245,0.0,0.51674484,1780406843009,0.0,44.24,69268.58,BTC-31JUL26,68984.35,0.518,68985.8,31JUL26,105000,,P,BTC-31JUL26-105000-P
0.209,0.217,0.0,0.21157437,1780406843009,0.0,36.56,69441.5,BTC-28AUG26,68984.35,0.213,68985.8,28AUG26,83000,,P,BTC-28AUG26-83000-P
,0.0001,554.4,1.4e-07,1780406843009,0.0,85.9,69109.26,BTC-26JUN26,68984.35,,68985.8,26JUN26,190000,,C,BTC-26JUN26-190000-C
0.1145,0.1175,275.8,0.11584683,1780406843009,0.1,44.93,70886.81,BTC-26MAR27,68984.35,0.116,68985.8,26MAR27,65000,,P,BTC-26MAR27-65000-P
0.0865,0.0895,100.8,0.08821814,1780406843009,0.0,39.62,69268.58,BTC-31JUL26,68984.35,0.088,68985.8,31JUL26,66000,,C,BTC-31JUL26-66000-C
0.0555,0.0645,0.0,0.05964495,1780406843009,0.0,39.67,68984.35,index_price,68984.35,0.06,68985.8,6JUN26,73000,,P,BTC-6JUN26-73000-P
0.0005,0.001,150.9,0.00075106,1780406843009,0.3,54.18,70231.76,BTC-25DEC26,68984.35,0.00075,68985.8,25DEC26,210000,,C,BTC-25DEC26-210000-C
0.034,0.0355,221.0,0.03483426,1780406843009,0.1,40.21,70231.76,BTC-25DEC26,68984.35,0.03475,68985.8,25DEC26,92000,,C,BTC-25DEC26-92000-C
2.331,2.573,0.0,2.44681022,1780406843009,0.0,61.2,69630.86,BTC-25SEP26,68984.35,2.452,68985.8,25SEP26,240000,,P,BTC-25SEP26-240000-P
,0.0001,2755.6,1.684e-05,1780406843009,51.3,63.2,69109.26,BTC-26JUN26,68984.35,,68985.8,26JUN26,120000,,C,BTC-26JUN26-120000-C
0.0665,0.0685,297.3,0.06728785,1780406843009,199.3,41.85,70886.81,BTC-26MAR27,68984.35,0.0675,68985.8,26MAR27,90000,,C,BTC-26MAR27-90000-C
0.101,0.104,404.3,0.10212437,1780406843009,19.0,51.54,68983.59,BTC-5JUN26,68984.35,0.1025,68985.8,5JUN26,76000,,P,BTC-5JUN26-76000-P
0.369,0.378,151.5,0.37239492,1780406843009,0.0,38.06,69630.86,BTC-25SEP26,68984.35,0.3735,68985.8,25SEP26,95000,,P,BTC-25SEP26-95000-P
0.05,0.0515,108.9,0.0505534,1780406843009,7.4,40.49,70231.76,BTC-25DEC26,68984.35,0.05075,68985.8,25DEC26,86000,,C,BTC-25DEC26-86000-C
1.1835,1.358,0.0,1.26264539,1780406843009,0.0,45.31,70885.42,BTC-26MAR27,68984.35,1.27075,68985.8,26MAR27,160000,,P,BTC-26MAR27-160000-P
0.102,0.104,27.2,0.10322205,1780406843009,0.1,41.89,70231.76,BTC-25DEC26,68984.35,0.103,68985.8,25DEC26,74000,,C,BTC-25DEC26-74000-C
0.0145,0.0155,254.9,0.0151089,1780406843009,276.0,36.77,69046.89,BTC-19JUN26,68984.35,0.015,68985.8,19JUN26,72000,,C,BTC-19JUN26-72000-C
0.0005,0.0007,1565.4,0.000511,1780406843009,119.0,90.2,69109.26,BTC-26JUN26,68984.35,0.0006,68985.8,26JUN26,40000,,P,BTC-26JUN26-40000-P
0.09,0.093,103.0,0.09118043,1780406843009,74.9,36.76,69268.58,BTC-31JUL26,68984.35,0.0915,68985.8,31JUL26,73000,,P,BTC-31JUL26-73000-P
0.0295,0.031,604.1,0.03015332,1780406843009,2.6,44.17,69630.86,BTC-25SEP26,68984.35,0.03025,68985.8,25SEP26,58000,,P,BTC-25SEP26-58000-P
0.09,0.0945,2.0,0.09241539,1780406843009,0.0,36.47,69046.89,BTC-19JUN26,68984.35,0.09225,68985.8,19JUN26,75000,,P,BTC-19JUN26-75000-P
0.271,0.2745,9.8,0.27318661,1780406843009,0.0,47.75,70230.99,BTC-25DEC26,68984.35,0.27275,68985.8,25DEC26,54000,,C,BTC-25DEC26-54000-C
3.195,3.4995,0.0,3.34104399,1780406843009,0.0,95.76,69109.26,BTC-26JUN26,68984.35,3.34725,68985.8,26JUN26,300000,,P,BTC-26JUN26-300000-P
0.0006,0.0011,942.4,0.00084573,1780406843009,0.0,52.78,70230.99,BTC-25DEC26,68984.35,0.00085,68985.8,25DEC26,200000,,C,BTC-25DEC26-200000-C
0.0055,0.0065,533.5,0.00595459,1780406843009,371.3,36.94,69027.68,BTC-12JUN26,68984.35,0.006,68985.8,12JUN26,73000,,C,BTC-12JUN26-73000-C
0.0001,0.0002,40.0,0.00011886,1780406843009,28.3,51.21,68984.35,index_price,68984.35,0.00015,68985.8,4JUN26,75000,,C,BTC-4JUN26-75000-C
0.0145,0.0155,2.9,0.01496182,1780406843009,2.9,43.56,68983.59,BTC-5JUN26,68984.35,0.015,68985.8,5JUN26,69000,,C,BTC-5JUN26-69000-C
0.0445,0.048,638.7,0.04571386,1780406843009,44.0,39.81,68983.59,BTC-5JUN26,68984.35,0.04625,68985.8,5JUN26,72000,,P,BTC-5JUN26-72000-P
0.2425,0.2485,29.9,0.24528721,1780406843009,0.0,40.5,69109.26,BTC-26JUN26,68984.35,0.2455,68985.8,26JUN26,86000,,P,BTC-26JUN26-86000-P
,0.0001,248.8,4.08e-06,1780406843009,0.0,66.78,69630.86,BTC-25SEP26,68984.35,,68985.8,25SEP26,320000,,C,BTC-25SEP26-320000-C
0.3785,0.3815,48.3,0.38034319,1780406843009,0.0,53.23,70231.76,BTC-25DEC26,68984.35,0.38,68985.8,25DEC26,45000,,C,BTC-25DEC26-45000-C
,0.0002,100.6,5.39e-05,1780406843009,91.7,55.33,68984.35,index_price,68984.35,,68985.8,3JUN26,73500,,C,BTC-3JUN26-73500-C
,0.0001,174.2,0.0,1780406843009,0.5,102.24,69107.87,BTC-26JUN26,68984.35,,68985.8,26JUN26,360000,,C,BTC-26JUN26-360000-C
0.0007,0.0009,10.2,0.00080169,1780406843009,10.2,40.77,68984.35,index_price,68984.35,0.0008,68985.8,6JUN26,74000,,C,BTC-6JUN26-74000-C
0.012,0.013,889.7,0.0125782,1780406843009,201.7,36.03,69109.26,BTC-26JUN26,68984.35,0.0125,68985.8,26JUN26,74000,,C,BTC-26JUN26-74000-C
0.05,0.0535,32.5,0.051202,1780406843009,0.3,52.38,68984.35,index_price,68984.35,0.05175,68985.8,3JUN26,72500,,P,BTC-3JUN26-72500-P
0.019,0.02,0.0,0.01929779,1780406843009,0.0,45.09,68983.59,BTC-5JUN26,68984.35,0.0195,68985.8,5JUN26,68500,,C,BTC-5JUN26-68500-C
,0.0002,214.5,1.51e-05,1780406843009,43.8,67.7,68983.59,BTC-5JUN26,68984.35,,68985.8,5JUN26,83000,,C,BTC-5JUN26-83000-C
0.1105,0.112,272.0,0.1111321,1780406843009,2.7,43.06,70231.76,BTC-25DEC26,68984.35,0.11125,68985.8,25DEC26,68000,,P,BTC-25DEC26-68000-P
0.0043,0.0046,288.5,0.00446261,1780406843009,6.2,36.97,69267.19,BTC-31JUL26,68984.35,0.00445,68985.8,31JUL26,87000,,C,BTC-31JUL26-87000-C
0.4255,0.456,0.2,0.42964492,1780406843009,0.0,41.66,70886.81,BTC-26MAR27,68984.35,0.44075,68985.8,26MAR27,98000,,P,BTC-26MAR27-98000-P
0.6415,0.6545,1.7,0.64696101,1780406843009,0.0,41.44,70231.76,BTC-25DEC26,68984.35,0.648,68985.8,25DEC26,115000,,P,BTC-25DEC26-115000-P
0.439,0.448,0.1,0.44300054,1780406843009,0.1,39.88,69441.5,BTC-28AUG26,68984.35,0.4435,68985.8,28AUG26,100000,,P,BTC-28AUG26-100000-P
0.016,0.019,117.7,0.01734291,1780406843009,133.0,42.33,68984.35,index_price,68984.35,0.0175,68985.8,3JUN26,70000,,P,BTC-3JUN26-70000-P
0.0016,0.002,818.9,0.00178814,1780406843009,17.2,39.12,69268.58,BTC-31JUL26,68984.35,0.0018,68985.8,31JUL26,94000,,C,BTC-31JUL26-94000-C
0.0225,0.023,688.5,0.02272335,1780406843009,0.3,37.06,69630.09,BTC-25SEP26,68984.35,0.02275,68985.8,25SEP26,84000,,C,BTC-25SEP26-84000-C
0.4655,0.4775,0.0,0.47134144,1780406843009,0.0,40.32,70231.76,BTC-25DEC26,68984.35,0.4715,68985.8,25DEC26,102000,,P,BTC-25DEC26-102000-P
0.002,0.0024,53.4,0.00229856,1780406843009,54.9,40.64,68984.35,index_price,68984.35,0.0022,68985.8,4JUN26,71000,,C,BTC-4JUN26-71000-C
0.0002,0.0005,131.1,0.00034001,1780406843009,0.0,54.69,69630.86,BTC-25SEP26,68984.35,0.00035,68985.8,25SEP26,165000,,C,BTC-25SEP26-165000-C
0.0325,0.0335,47.0,0.0328206,1780406843009,63.4,38.72,69046.89,BTC-19JUN26,68984.35,0.033,68985.8,19JUN26,69000,,P,BTC-19JUN26-69000-P
0.411,0.4195,0.0,0.41469604,1780406843009,0.0,39.27,69442.48,BTC-28AUG26,68984.35,0.41525,68985.8,28AUG26,98000,,P,BTC-28AUG26-98000-P
0.058,0.0595,639.5,0.05867094,1780406843009,11.3,40.77,69630.86,BTC-25SEP26,68984.35,0.05875,68985.8,25SEP26,65000,,P,BTC-25SEP26-65000-P
0.0024,0.0027,16.3,0.00251298,1780406843009,10.6,56.31,68984.35,index_price,68984.35,0.00255,68985.8,4JUN26,66000,,P,BTC-4JUN26-66000-P
0.0125,0.0135,1.0,0.01322409,1780406843009,1.0,51.02,68984.35,index_price,68984.35,0.013,68985.8,3JUN26,68500,,C,BTC-3JUN26-68500-C
0.175,0.1785,0.0,0.177224,1780406843009,0.0,45.51,69268.58,BTC-31JUL26,68984.35,0.17675,68985.8,31JUL26,58000,,C,BTC-31JUL26-58000-C
1.319,1.5015,0.1,1.40255418,1780406843009,0.0,46.11,70886.81,BTC-26MAR27,68984.35,1.41025,68985.8,26MAR27,170000,,P,BTC-26MAR27-170000-P
0.1265,0.131,1.9,0.12954259,1780406843009,0.0,42.24,69267.19,BTC-31JUL26,68984.35,0.12875,68985.8,31JUL26,62000,,C,BTC-31JUL26-62000-C
1.221,1.385,0.6,1.2982432,1780406843009,0.0,53.65,69630.86,BTC-25SEP26,68984.35,1.303,68985.8,25SEP26,160000,,P,BTC-25SEP26-160000-P
0.181,0.185,718.4,0.18247734,1780406843009,14.0,37.09,69630.86,BTC-25SEP26,68984.35,0.183,68985.8,25SEP26,80000,,P,BTC-25SEP26-80000-P
0.11,0.154,0.0,0.11635361,1780406843009,0.0,52.63,68984.35,index_price,68984.35,0.132,68985.8,4JUN26,77000,,P,BTC-4JUN26-77000-P
0.0014,0.0015,4431.0,0.00147047,1780406843009,1559.7,37.23,69109.26,BTC-26JUN26,68984.35,0.00145,68985.8,26JUN26,82000,,C,BTC-26JUN26-82000-C
0.0001,0.0004,749.7,0.00018947,1780406843009,0.0,56.38,69630.86,BTC-25SEP26,68984.35,0.00025,68985.8,25SEP26,180000,,C,BTC-25SEP26-180000-C
0.3335,0.341,14.0,0.33708702,1780406843009,0.0,41.85,70885.42,BTC-26MAR27,68984.35,0.33725,68985.8,26MAR27,90000,,P,BTC-26MAR27-90000-P
0.3,0.307,1671.6,0.30289737,1780406843009,17.9,44.44,69109.26,BTC-26JUN26,68984.35,0.3035,68985.8,26JUN26,90000,,P,BTC-26JUN26-90000-P
0.0065,0.0075,44.7,0.00704295,1780406843009,6.9,37.18,69441.5,BTC-28AUG26,68984.35,0.007,68985.8,28AUG26,90000,,C,BTC-28AUG26-90000-C
0.0125,0.013,5863.8,0.01291722,1780406843009,174.3,35.96,69267.19,BTC-31JUL26,68984.35,0.01275,68985.8,31JUL26,80000,,C,BTC-31JUL26-80000-C
0.0865,0.0885,279.8,0.08726657,1780406843009,2.3,46.15,70886.81,BTC-26MAR27,68984.35,0.0875,68985.8,26MAR27,60000,,P,BTC-26MAR27-60000-P
2.0765,2.2995,0.2,2.18343227,1780406843009,0.0,86.38,69109.26,BTC-26JUN26,68984.35,2.188,68985.8,26JUN26,220000,,P,BTC-26JUN26-220000-P
0.0002,0.0003,58.4,0.00026267,1780406843009,34.9,45.17,68984.35,index_price,68984.35,0.00025,68985.8,4JUN26,73500,,C,BTC-4JUN26-73500-C
0.1495,0.154,8.0,0.15272387,1780406843009,0.0,43.78,69268.58,BTC-31JUL26,68984.35,0.15175,68985.8,31JUL26,60000,,C,BTC-31JUL26-60000-C
0.372,0.3845,0.1,0.37733239,1780406843009,0.0,72.07,68983.59,BTC-5JUN26,68984.35,0.37825,68985.8,5JUN26,95000,,P,BTC-5JUN26-95000-P
0.015,0.0155,33.5,0.01528035,1780406843009,52.6,43.57,68983.59,BTC-5JUN26,68984.35,0.01525,68985.8,5JUN26,69000,,P,BTC-5JUN26-69000-P
0.165,0.167,218.2,0.16613815,1780406843009,0.5,43.7,70231.76,BTC-25DEC26,68984.35,0.166,68985.8,25DEC26,65000,,C,BTC-25DEC26-65000-C
0.003,0.0033,161.7,0.00310221,1780406843009,109.5,36.62,69046.89,BTC-19JUN26,68984.35,0.00315,68985.8,19JUN26,77000,,C,BTC-19JUN26-77000-C
0.051,0.054,20.9,0.05232732,1780406843010,0.0,39.84,68983.59,BTC-5JUN26,68984.35,0.0525,68985.8,5JUN26,72500,,P,BTC-5JUN26-72500-P
0.1995,0.2045,0.0,0.20279843,1780406843010,0.0,47.46,69268.58,BTC-31JUL26,68984.35,0.202,68985.8,31JUL26,56000,,C,BTC-31JUL26-56000-C
0.0008,0.0013,989.3,0.00104421,1780406843010,0.0,51.77,70231.76,BTC-25DEC26,68984.35,0.00105,68985.8,25DEC26,190000,,C,BTC-25DEC26-190000-C
0.5075,0.518,104.4,0.51159792,1780406843010,0.0,40.03,69630.09,BTC-25SEP26,68984.35,0.51275,68985.8,25SEP26,105000,,P,BTC-25SEP26-105000-P
0.019,0.0195,193.4,0.0190349,1780406843010,68.5,43.78,69268.58,BTC-31JUL26,68984.35,0.01925,68985.8,31JUL26,60000,,P,BTC-31JUL26-60000-P
0.0002,0.0003,605.2,0.00020824,1780406843010,37.4,55.76,68983.59,BTC-5JUN26,68984.35,0.00025,68985.8,5JUN26,77000,,C,BTC-5JUN26-77000-C
0.008,0.0085,3.4,0.00819365,1780406843010,3.4,48.24,68984.35,index_price,68984.35,0.00825,68985.8,6JUN26,67000,,P,BTC-6JUN26-67000-P
2.1655,2.399,0.0,2.27542612,1780406843010,0.0,55.89,70231.76,BTC-25DEC26,68984.35,2.28225,68985.8,25DEC26,230000,,P,BTC-25DEC26-230000-P
0.071,0.072,1594.6,0.07158932,1780406843010,12.4,38.56,69630.86,BTC-25SEP26,68984.35,0.0715,68985.8,25SEP26,72000,,C,BTC-25SEP26-72000-C
0.861,0.8775,21.9,0.86785678,1780406843010,0.0,45.7,69630.86,BTC-25SEP26,68984.35,0.86925,68985.8,25SEP26,130000,,P,BTC-25SEP26-130000-P
0.0895,0.0905,1493.4,0.09021688,1780406843010,80.0,39.1,69630.09,BTC-25SEP26,68984.35,0.09,68985.8,25SEP26,70000,,P,BTC-25SEP26-70000-P
0.066,0.1305,0.0,0.09466031,1780406843010,0.0,51.27,68984.35,index_price,68984.35,0.09825,68985.8,4JUN26,75500,,P,BTC-4JUN26-75500-P
0.1585,0.1615,97.7,0.15997261,1780406843010,0.1,67.16,68983.59,BTC-5JUN26,68984.35,0.16,68985.8,5JUN26,80000,,P,BTC-5JUN26-80000-P
0.006,0.007,1771.5,0.00656534,1780406843010,0.0,44.13,70886.81,BTC-26MAR27,68984.35,0.0065,68985.8,26MAR27,150000,,C,BTC-26MAR27-150000-C
0.0205,0.0215,2160.1,0.02108616,1780406843010,2.5,53.23,70231.76,BTC-25DEC26,68984.35,0.021,68985.8,25DEC26,45000,,P,BTC-25DEC26-45000-P
,0.0001,2507.2,4.483e-05,1780406843010,1.0,63.2,69109.26,BTC-26JUN26,68984.35,,68985.8,26JUN26,115000,,C,BTC-26JUN26-115000-C
0.008,0.009,2.4,0.00850862,1780406843010,2.4,42.74,68984.35,index_price,68984.35,0.0085,68985.8,4JUN26,69500,,C,BTC-4JUN26-69500-C
0.0001,0.0003,137.1,0.00018375,1780406843010,2.4,48.31,69027.68,BTC-12JUN26,68984.35,0.0002,68985.8,12JUN26,84000,,C,BTC-12JUN26-84000-C
0.0315,0.0325,2085.0,0.03224505,1780406843010,379.9,39.32,69109.26,BTC-26JUN26,68984.35,0.032,68985.8,26JUN26,68000,,P,BTC-26JUN26-68000-P
0.0011,0.0015,54.6,0.0013976,1780406843010,64.1,40.61,68984.35,index_price,68984.35,0.0013,68985.8,4JUN26,71500,,C,BTC-4JUN26-71500-C
3.4745,3.7995,0.0,3.63044693,1780406843010,0.0,99.84,69109.26,BTC-26JUN26,68984.35,3.637,68985.8,26JUN26,320000,,P,BTC-26JUN26-320000-P
,0.0002,278.7,3.406e-05,1780406843010,1.0,58.65,69630.09,BTC-25SEP26,68984.35,,68985.8,25SEP26,220000,,C,BTC-25SEP26-220000-C
0.0325,0.034,19.1,0.03325722,1780406843010,0.0,41.78,70886.81,BTC-26MAR27,68984.35,0.03325,68985.8,26MAR27,106000,,C,BTC-26MAR27-106000-C
0.022,0.025,47.2,0.02333369,1780406843010,52.7,42.33,68984.35,index_price,68984.35,0.0235,68985.8,3JUN26,70500,,P,BTC-3JUN26-70500-P
0.0225,0.0235,116.4,0.02306469,1780406843010,102.3,36.5,69441.5,BTC-28AUG26,68984.35,0.023,68985.8,28AUG26,80000,,C,BTC-28AUG26-80000-C
0.005,0.0055,4075.4,0.00528434,1780406843010,17.9,38.95,69630.86,BTC-25SEP26,68984.35,0.00525,68985.8,25SEP26,100000,,C,BTC-25SEP26-100000-C
0.046,0.048,28.4,0.04697472,1780406843010,0.1,41.66,70886.81,BTC-26MAR27,68984.35,0.047,68985.8,26MAR27,98000,,C,BTC-26MAR27-98000-C
0.088,0.0965,0.0,0.09230267,1780406843010,0.0,49.38,69028.45,BTC-12JUN26,68984.35,0.09225,68985.8,12JUN26,63000,,C,BTC-12JUN26-63000-C
,0.0001,8.0,1.4e-07,1780406843010,0.0,59.32,68984.35,index_price,68984.35,,68985.8,4JUN26,82000,,C,BTC-4JUN26-82000-C
0.0022,0.0025,287.5,0.00229088,1780406843010,11.7,38.46,69268.58,BTC-31JUL26,68984.35,0.00235,68985.8,31JUL26,92000,,C,BTC-31JUL26-92000-C
,0.0001,22.8,5.1e-07,1780406843010,3.3,59.32,68984.35,index_price,68984.35,,68985.8,3JUN26,76500,,C,BTC-3JUN26-76500-C
0.036,0.0375,3456.4,0.03662027,1780406843010,52.5,43.04,69630.09,BTC-25SEP26,68984.35,0.03675,68985.8,25SEP26,60000,,P,BTC-25SEP26-60000-P
,0.0002,1166.5,2.96e-05,1780406843010,31.3,67.38,68983.59,BTC-5JUN26,68984.35,,68985.8,5JUN26,82000,,C,BTC-5JUN26-82000-C
0.139,0.1415,380.2,0.14019817,1780406843010,7.7,42.12,70231.76,BTC-25DEC26,68984.35,0.14025,68985.8,25DEC26,72000,,P,BTC-25DEC26-72000-P
0.2765,0.2795,1.0,0.27829104,1780406843010,0.0,47.36,70886.81,BTC-26MAR27,68984.35,0.278,68985.8,26MAR27,56000,,C,BTC-26MAR27-56000-C
0.001,0.0011,1118.9,0.00101846,1780406843010,204.6,38.93,69109.26,BTC-26JUN26,68984.35,0.00105,68985.8,26JUN26,84000,,C,BTC-26JUN26-84000-C
0.019,0.02,582.8,0.01957676,1780406843010,764.3,40.68,69028.45,BTC-12JUN26,68984.35,0.0195,68985.8,12JUN26,68000,,P,BTC-12JUN26-68000-P
0.0815,0.086,1465.2,0.08349287,1780406843010,37.7,36.03,69109.26,BTC-26JUN26,68984.35,0.08375,68985.8,26JUN26,74000,,P,BTC-26JUN26-74000-P
0.034,0.035,26.3,0.03434998,1780406843010,0.6,41.51,69441.5,BTC-28AUG26,68984.35,0.0345,68985.8,28AUG26,62000,,P,BTC-28AUG26-62000-P
0.204,0.21,31.4,0.20643263,1780406843010,0.0,36.12,69268.58,BTC-31JUL26,68984.35,0.207,68985.8,31JUL26,83000,,P,BTC-31JUL26-83000-P
4.034,4.3995,0.3,4.20925279,1780406843010,0.0,102.24,69109.26,BTC-26JUN26,68984.35,4.21675,68985.8,26JUN26,360000,,P,BTC-26JUN26-360000-P
0.0037,0.004,4.1,0.00382145,1780406843010,4.2,54.26,68984.35,index_price,68984.35,0.00385,68985.8,6JUN26,65000,,P,BTC-6JUN26-65000-P
,0.0001,1222.2,4.96e-06,1780406843010,0.0,85.89,69107.87,BTC-26JUN26,68984.35,,68985.8,26JUN26,160000,,C,BTC-26JUN26-160000-C
0.0205,0.021,2359.4,0.02075555,1780406843010,352.7,36.69,69107.87,BTC-26JUN26,68984.35,0.02075,68985.8,26JUN26,72000,,C,BTC-26JUN26-72000-C
0.2505,0.2525,39.7,0.25141313,1780406843010,0.0,46.8,70231.76,BTC-25DEC26,68984.35,0.2515,68985.8,25DEC26,56000,,C,BTC-25DEC26-56000-C
0.203,0.207,0.0,0.20512849,1780406843010,0.0,60.12,69046.89,BTC-19JUN26,68984.35,0.205,68985.8,19JUN26,55000,,C,BTC-19JUN26-55000-C
0.087,0.0905,30.2,0.08916227,1780406843010,0.0,43.32,69109.26,BTC-26JUN26,68984.35,0.08875,68985.8,26JUN26,64000,,C,BTC-26JUN26-64000-C
0.2905,0.2975,2.3,0.29379828,1780406843010,0.0,42.01,70886.81,BTC-26MAR27,68984.35,0.294,68985.8,26MAR27,86000,,P,BTC-26MAR27-86000-P
0.022,0.023,864.8,0.02252207,1780406843010,3.8,55.01,70886.81,BTC-26MAR27,68984.35,0.0225,68985.8,26MAR27,40000,,P,BTC-26MAR27-40000-P
,0.0001,813.7,0.0,1780406843010,0.0,89.15,69109.26,BTC-26JUN26,68984.35,,68985.8,26JUN26,230000,,C,BTC-26JUN26-230000-C
0.018,0.019,268.3,0.01854685,1780406843010,0.0,42.18,70886.81,BTC-26MAR27,68984.35,0.0185,68985.8,26MAR27,120000,,C,BTC-26MAR27-120000-C
0.1305,0.135,272.5,0.13230198,1780406843010,0.7,36.01,69268.58,BTC-31JUL26,68984.35,0.13275,68985.8,31JUL26,77000,,P,BTC-31JUL26-77000-P
1.9365,2.1495,0.0,2.03873081,1780406843010,0.0,86.33,69109.26,BTC-26JUN26,68984.35,2.043,68985.8,26JUN26,210000,,P,BTC-26JUN26-210000-P
,0.0001,57.2,3e-07,1780406843010,0.0,60.97,68984.35,index_price,68984.35,,68985.8,3JUN26,77000,,C,BTC-3JUN26-77000-C
0.0225,0.0235,2987.1,0.02306773,1780406843010,546.1,41.18,68983.59,BTC-5JUN26,68984.35,0.023,68985.8,5JUN26,70000,,P,BTC-5JUN26-70000-P
,0.0002,824.3,0.00016699,1780406843010,1.5,58.55,69630.09,BTC-25SEP26,68984.35,,68985.8,25SEP26,190000,,C,BTC-25SEP26-190000-C
0.1285,0.1375,0.0,0.13075891,1780406843010,0.0,60.97,68984.35,index_price,68984.35,0.133,68985.8,3JUN26,78000,,P,BTC-3JUN26-78000-P
0.0155,0.0165,13.2,0.01611313,1780406843010,13.9,42.74,68984.35,index_price,68984.35,0.016,68985.8,4JUN26,69500,,P,BTC-4JUN26-69500-P
1.3775,1.55,1.9,1.46021088,1780406843010,0.0,85.89,69109.26,BTC-26JUN26,68984.35,1.46375,68985.8,26JUN26,170000,,P,BTC-26JUN26-170000-P
0.0675,0.0695,62.2,0.0683883,1780406843010,0.0,47.36,70886.81,BTC-26MAR27,68984.35,0.0685,68985.8,26MAR27,56000,,P,BTC-26MAR27-56000-P
0.272,0.283,0.0,0.2758456,1780406843010,0.0,72.07,68983.59,BTC-5JUN26,68984.35,0.2775,68985.8,5JUN26,88000,,P,BTC-5JUN26-88000-P
0.133,0.135,52.9,0.1343753,1780406843010,0.0,41.16,69630.86,BTC-25SEP26,68984.35,0.134,68985.8,25SEP26,64000,,C,BTC-25SEP26-64000-C
0.0014,0.0017,29.5,0.00152393,1780406843010,36.8,60.99,68984.35,index_price,68984.35,0.00155,68985.8,4JUN26,65000,,P,BTC-4JUN26-65000-P
0.3555,0.3665,1.3,0.35900875,1780406843010,0.0,39.12,69268.58,BTC-31JUL26,68984.35,0.361,68985.8,31JUL26,94000,,P,BTC-31JUL26-94000-P
0.0001,0.0002,62.4,0.00014905,1780406843010,14.3,49.06,68984.35,index_price,68984.35,0.00015,68985.8,4JUN26,74500,,C,BTC-4JUN26-74500-C
0.0255,0.0265,17.4,0.02621132,1780406843010,16.4,37.99,69046.89,BTC-19JUN26,68984.35,0.026,68985.8,19JUN26,70000,,C,BTC-19JUN26-70000-C
0.0255,0.026,10.5,0.02589209,1780406843010,10.5,39.37,69027.68,BTC-12JUN26,68984.35,0.02575,68985.8,12JUN26,69000,,C,BTC-12JUN26-69000-C
0.081,0.0875,0.0,0.08387461,1780406843010,0.0,44.1,69046.89,BTC-19JUN26,68984.35,0.08425,68985.8,19JUN26,64000,,C,BTC-19JUN26-64000-C
0.0041,0.0044,15.4,0.00423531,1780406843010,15.2,51.78,68984.35,index_price,68984.35,0.00425,68985.8,4JUN26,67000,,P,BTC-4JUN26-67000-P
0.2165,0.2195,13.8,0.21785914,1780406843010,0.0,67.86,68983.59,BTC-5JUN26,68984.35,0.218,68985.8,5JUN26,84000,,P,BTC-5JUN26-84000-P
2.0535,2.2755,1.8,2.15958809,1780406843010,0.0,58.65,69630.09,BTC-25SEP26,68984.35,2.1645,68985.8,25SEP26,220000,,P,BTC-25SEP26-220000-P
0.0025,0.0028,35.3,0.00274251,1780406843010,52.7,39.8,68983.59,BTC-5JUN26,68984.35,0.00265,68985.8,5JUN26,71500,,C,BTC-5JUN26-71500-C
0.317,0.3205,59.9,0.31905794,1780406843010,0.0,49.89,70231.76,BTC-25DEC26,68984.35,0.31875,68985.8,25DEC26,50000,,C,BTC-25DEC26-50000-C
0.0005,0.0006,370.1,0.00053065,1780406843010,69.8,40.33,69027.68,BTC-12JUN26,68984.35,0.00055,68985.8,12JUN26,79000,,C,BTC-12JUN26-79000-C
,0.0002,551.2,5.89e-05,1780406843010,7.9,67.28,68983.59,BTC-5JUN26,68984.35,,68985.8,5JUN26,81000,,C,BTC-5JUN26-81000-C
0.011,0.0115,409.8,0.01135538,1780406843010,160.1,47.46,69268.58,BTC-31JUL26,68984.35,0.01125,68985.8,31JUL26,56000,,P,BTC-31JUL26-56000-P
0.0037,0.0041,393.8,0.00387039,1780406843010,28.9,37.21,69268.58,BTC-31JUL26,68984.35,0.0039,68985.8,31JUL26,88000,,C,BTC-31JUL26-88000-C
0.005,0.0055,2380.1,0.0054255,1780406843010,44.5,60.43,69630.86,BTC-25SEP26,68984.35,0.00525,68985.8,25SEP26,40000,,P,BTC-25SEP26-40000-P
2.8855,3.168,0.0,3.02125733,1780406843010,0.0,63.11,69630.86,BTC-25SEP26,68984.35,3.02675,68985.8,25SEP26,280000,,P,BTC-25SEP26-280000-P
0.1145,0.12,130.6,0.11659888,1780406843010,2.0,38.42,69027.68,BTC-12JUN26,68984.35,0.11725,68985.8,12JUN26,77000,,P,BTC-12JUN26-77000-P
0.0007,0.0009,662.9,0.00082278,1780406843010,598.5,40.43,68983.59,BTC-5JUN26,68984.35,0.0008,68985.8,5JUN26,73000,,C,BTC-5JUN26-73000-C
1.0275,1.175,4.6,1.09842272,1780406843010,0.0,79.3,69109.26,BTC-26JUN26,68984.35,1.10125,68985.8,26JUN26,145000,,P,BTC-26JUN26-145000-P
0.038,0.0415,29.2,0.03936636,1780406843010,30.2,39.8,68983.59,BTC-5JUN26,68984.35,0.03975,68985.8,5JUN26,71500,,P,BTC-5JUN26-71500-P
0.092,0.1285,0.0,0.09451799,1780406843010,0.0,55.61,68984.35,index_price,68984.35,0.11025,68985.8,3JUN26,75500,,P,BTC-3JUN26-75500-P
0.028,0.0285,80.2,0.02810316,1780406843010,80.3,41.48,69268.58,BTC-31JUL26,68984.35,0.02825,68985.8,31JUL26,63000,,P,BTC-31JUL26-63000-P
0.5825,0.597,1.1,0.5888026,1780406843010,0.0,47.17,69268.58,BTC-31JUL26,68984.35,0.58975,68985.8,31JUL26,110000,,P,BTC-31JUL26-110000-P
0.0008,0.0009,274.0,0.0009011,1780406843010,12.1,43.0,69268.58,BTC-31JUL26,68984.35,0.00085,68985.8,31JUL26,102000,,C,BTC-31JUL26-102000-C
0.0013,0.0016,279.4,0.00145114,1780406843010,65.7,39.96,69268.58,BTC-31JUL26,68984.35,0.00145,68985.8,31JUL26,96000,,C,BTC-31JUL26-96000-C
0.214,0.224,0.0,0.21708688,1780406843010,0.0,48.31,69028.45,BTC-12JUN26,68984.35,0.219,68985.8,12JUN26,84000,,P,BTC-12JUN26-84000-P
0.2505,0.2565,3.7,0.25299808,1780406843010,0.1,42.25,70886.81,BTC-26MAR27,68984.35,0.2535,68985.8,26MAR27,82000,,P,BTC-26MAR27-82000-P
0.173,0.1755,12.7,0.17450695,1780406843010,0.0,43.96,70231.76,BTC-25DEC26,68984.35,0.17425,68985.8,25DEC26,64000,,C,BTC-25DEC26-64000-C
0.3905,0.399,0.4,0.39419092,1780406843010,0.0,41.74,70885.42,BTC-26MAR27,68984.35,0.39475,68985.8,26MAR27,95000,,P,BTC-26MAR27-95000-P
0.012,0.013,132.9,0.01248505,1780406843010,137.9,44.34,68984.35,index_price,68984.35,0.0125,68985.8,3JUN26,69500,,P,BTC-3JUN26-69500-P
0.0004,0.0008,130.6,0.00056571,1780406843010,0.8,47.17,69267.19,BTC-31JUL26,68984.35,0.0006,68985.8,31JUL26,110000,,C,BTC-31JUL26-110000-C
0.028,0.0295,1331.3,0.02903509,1780406843010,0.5,40.22,70231.76,BTC-25DEC26,68984.35,0.02875,68985.8,25DEC26,95000,,C,BTC-25DEC26-95000-C
0.726,0.742,0.0,0.73298509,1780406843010,0.0,52.06,69268.58,BTC-31JUL26,68984.35,0.734,68985.8,31JUL26,120000,,P,BTC-31JUL26-120000-P
0.0075,0.0085,2172.9,0.00804204,1780406843010,122.1,38.06,69630.86,BTC-25SEP26,68984.35,0.008,68985.8,25SEP26,95000,,C,BTC-25SEP26-95000-C
0.4995,0.5015,15.1,0.50077086,1780406843010,0.0,66.85,69630.86,BTC-25SEP26,68984.35,0.5005,68985.8,25SEP26,35000,,C,BTC-25SEP26-35000-C
,0.0001,556.1,0.0,1780406843010,0.0,89.88,69109.26,BTC-26JUN26,68984.35,,68985.8,26JUN26,240000,,C,BTC-26JUN26-240000-C
2.303,2.5465,0.0,2.41780251,1780406843010,0.0,57.47,70231.76,BTC-25DEC26,68984.35,2.42475,68985.8,25DEC26,240000,,P,BTC-25DEC26-240000-P
0.247,0.255,0.0,0.24974133,1780406843010,0.0,36.58,69441.5,BTC-28AUG26,68984.35,0.251,68985.8,28AUG26,86000,,P,BTC-28AUG26-86000-P
0.273,0.277,23.4,0.2750844,1780406843010,0.0,40.49,70231.76,BTC-25DEC26,68984.35,0.275,68985.8,25DEC26,86000,,P,BTC-25DEC26-86000-P
0.0255,0.0265,6.2,0.02586056,1780406843010,0.2,36.47,69442.48,BTC-28AUG26,68984.35,0.026,68985.8,28AUG26,79000,,C,BTC-28AUG26-79000-C
,0.0002,1130.0,9.685e-05,1780406843010,0.4,58.55,69630.86,BTC-25SEP26,68984.35,,68985.8,25SEP26,200000,,C,BTC-25SEP26-200000-C
0.1505,0.155,3.6,0.15255194,1780406843010,0.0,36.55,69441.5,BTC-28AUG26,68984.35,0.15275,68985.8,28AUG26,78000,,P,BTC-28AUG26-78000-P
0.0685,0.077,0.0,0.07307257,1780406843010,0.0,65.63,68984.35,index_price,68984.35,0.07275,68985.8,4JUN26,64000,,C,BTC-4JUN26-64000-C
0.008,0.0085,69.6,0.00819123,1780406843010,110.4,41.18,68983.59,BTC-5JUN26,68984.35,0.00825,68985.8,5JUN26,70000,,C,BTC-5JUN26-70000-C
1.0475,1.214,1.6,1.12289729,1780406843010,1.6,44.13,70885.42,BTC-26MAR27,68984.35,1.13075,68985.8,26MAR27,150000,,P,BTC-26MAR27-150000-P
0.008,0.009,1648.7,0.00844496,1780406843010,306.0,54.59,69630.86,BTC-25SEP26,68984.35,0.0085,68985.8,25SEP26,45000,,P,BTC-25SEP26-45000-P
,0.0001,0.0,0.0,1780406843010,0.0,60.97,68984.35,index_price,68984.35,,68985.8,3JUN26,82000,,C,BTC-3JUN26-82000-C
0.027,0.0285,86.4,0.02789929,1780406843010,3.5,41.8,70886.81,BTC-26MAR27,68984.35,0.02775,68985.8,26MAR27,110000,,C,BTC-26MAR27-110000-C
0.0004,0.0008,477.8,0.00058236,1780406843010,0.0,50.23,69630.09,BTC-25SEP26,68984.35,0.0006,68985.8,25SEP26,145000,,C,BTC-25SEP26-145000-C
0.0145,0.0155,111.3,0.01509744,1780406843010,72.7,42.31,70886.81,BTC-26MAR27,68984.35,0.015,68985.8,26MAR27,125000,,C,BTC-26MAR27-125000-C
0.094,0.098,0.0,0.09616654,1780406843010,0.0,45.5,69047.76,BTC-19JUN26,68984.35,0.096,68985.8,19JUN26,63000,,C,BTC-19JUN26-63000-C
1.065,1.225,2.1,1.13847887,1780406843010,0.0,46.53,70230.99,BTC-25DEC26,68984.35,1.145,68985.8,25DEC26,150000,,P,BTC-25DEC26-150000-P
0.0002,0.0007,828.8,0.00038572,1780406843010,0.2,53.65,69630.86,BTC-25SEP26,68984.35,0.00045,68985.8,25SEP26,160000,,C,BTC-25SEP26-160000-C
0.041,0.046,0.0,0.04421048,1780406843010,0.0,66.65,68984.35,index_price,68984.35,0.0435,68985.8,3JUN26,66000,,C,BTC-3JUN26-66000-C
0.0013,0.0015,13.5,0.00133246,1780406843010,13.7,64.34,68984.35,index_price,68984.35,0.0014,68985.8,6JUN26,62000,,P,BTC-6JUN26-62000-P
0.1855,0.1915,207.3,0.18815969,1780406843010,0.2,37.23,69109.26,BTC-26JUN26,68984.35,0.1885,68985.8,26JUN26,82000,,P,BTC-26JUN26-82000-P
0.0235,0.025,186.4,0.02420176,1780406843010,0.0,40.25,70230.99,BTC-25DEC26,68984.35,0.02425,68985.8,25DEC26,98000,,C,BTC-25DEC26-98000-C
0.341,0.352,0.0,0.34480068,1780406843010,0.0,38.78,69268.58,BTC-31JUL26,68984.35,0.3465,68985.8,31JUL26,93000,,P,BTC-31JUL26-93000-P
0.056,0.118,0.0,0.08762148,1780406843010,0.0,43.23,68984.35,index_price,68984.35,0.087,68985.8,6JUN26,75000,,P,BTC-6JUN26-75000-P
0.547,0.558,0.0,0.55132935,1780406843010,0.0,40.71,70230.99,BTC-25DEC26,68984.35,0.5525,68985.8,25DEC26,108000,,P,BTC-25DEC26-108000-P
0.016,0.017,0.0,0.01651528,1780406843010,0.0,46.1,68984.35,index_price,68984.35,0.0165,68985.8,4JUN26,68500,,C,BTC-4JUN26-68500-C
0.0175,0.0195,0.0,0.01860293,1780406843010,0.0,54.43,68984.35,index_price,68984.35,0.0185,68985.8,3JUN26,68000,,C,BTC-3JUN26-68000-C
0.355,0.365,0.0,0.35853995,1780406843010,0.0,38.16,69442.48,BTC-28AUG26,68984.35,0.36,68985.8,28AUG26,94000,,P,BTC-28AUG26-94000-P
0.018,0.019,621.7,0.01865275,1780406843010,24.0,37.1,69630.09,BTC-25SEP26,68984.35,0.0185,68985.8,25SEP26,86000,,C,BTC-25SEP26-86000-C
0.009,0.01,2593.1,0.00950676,1780406843010,23.2,41.44,70231.76,BTC-25DEC26,68984.35,0.0095,68985.8,25DEC26,115000,,C,BTC-25DEC26-115000-C
0.0315,0.0325,525.8,0.03193537,1780406843010,21.1,40.8,69268.58,BTC-31JUL26,68984.35,0.032,68985.8,31JUL26,64000,,P,BTC-31JUL26-64000-P
0.0018,0.0022,95.3,0.00201859,1780406843010,8.0,38.78,69268.58,BTC-31JUL26,68984.35,0.002,68985.8,31JUL26,93000,,C,BTC-31JUL26-93000-C
0.9775,1.0725,0.0,0.9842835,1780406843010,0.0,43.44,70886.81,BTC-26MAR27,68984.35,1.025,68985.8,26MAR27,140000,,P,BTC-26MAR27-140000-P
0.0315,0.039,0.0,0.03485338,1780406843010,0.0,39.64,68984.35,index_price,68984.35,0.03525,68985.8,6JUN26,71000,,P,BTC-6JUN26-71000-P
0.085,0.0925,0.0,0.08870752,1780406843010,0.0,61.02,68984.35,index_price,68984.35,0.08875,68985.8,6JUN26,63000,,C,BTC-6JUN26-63000-C
0.21,0.2145,933.3,0.21253393,1780406843010,0.9,41.25,70231.76,BTC-25DEC26,68984.35,0.21225,68985.8,25DEC26,80000,,P,BTC-25DEC26-80000-P
0.0245,0.0255,135.6,0.02482857,1780406843010,1.3,45.47,69630.86,BTC-25SEP26,68984.35,0.025,68985.8,25SEP26,56000,,P,BTC-25SEP26-56000-P
0.1485,0.152,83.2,0.14961355,1780406843010,15.5,43.84,70885.42,BTC-26MAR27,68984.35,0.15025,68985.8,26MAR27,70000,,P,BTC-26MAR27-70000-P
0.0645,0.0675,26.1,0.06585881,1780406843010,1.1,45.17,68984.35,index_price,68984.35,0.066,68985.8,4JUN26,73500,,P,BTC-4JUN26-73500-P
0.244,0.251,15.2,0.24696244,1780406843010,0.0,36.89,69268.58,BTC-31JUL26,68984.35,0.2475,68985.8,31JUL26,86000,,P,BTC-31JUL26-86000-P
0.0011,0.0013,57.7,0.00130164,1780406843010,61.6,42.33,68984.35,index_price,68984.35,0.0012,68985.8,3JUN26,70500,,C,BTC-3JUN26-70500-C
0.2055,0.208,0.5,0.20674945,1780406843010,0.2,45.16,70886.81,BTC-26MAR27,68984.35,0.20675,68985.8,26MAR27,64000,,C,BTC-26MAR27-64000-C
0.2305,0.234,157.8,0.23239342,1780406843010,0.0,40.91,70230.99,BTC-25DEC26,68984.35,0.23225,68985.8,25DEC26,82000,,P,BTC-25DEC26-82000-P
0.0285,0.0295,16.4,0.0291448,1780406843010,1.5,36.55,69442.48,BTC-28AUG26,68984.35,0.029,68985.8,28AUG26,78000,,C,BTC-28AUG26-78000-C
0.0004,0.0006,722.9,0.00043673,1780406843010,31.9,42.69,68983.59,BTC-5JUN26,68984.35,0.0005,68985.8,5JUN26,74000,,C,BTC-5JUN26-74000-C
0.007,0.008,5074.2,0.0074881,1780406843010,1492.0,48.91,69109.26,BTC-26JUN26,68984.35,0.0075,68985.8,26JUN26,60000,,P,BTC-26JUN26-60000-P
0.3175,0.3255,596.1,0.32082425,1780406843010,0.0,40.23,70230.99,BTC-25DEC26,68984.35,0.3215,68985.8,25DEC26,90000,,P,BTC-25DEC26-90000-P
0.0015,0.0018,44.9,0.00161706,1780406843010,0.0,39.57,69268.58,BTC-31JUL26,68984.35,0.00165,68985.8,31JUL26,95000,,C,BTC-31JUL26-95000-C
0.0055,0.006,20.4,0.00575463,1780406843010,0.2,37.7,69441.5,BTC-28AUG26,68984.35,0.00575,68985.8,28AUG26,92000,,C,BTC-28AUG26-92000-C
0.3385,0.342,11.8,0.34055567,1780406843010,0.0,49.56,70886.81,BTC-26MAR27,68984.35,0.34025,68985.8,26MAR27,50000,,C,BTC-26MAR27-50000-C
0.13,0.1345,0.0,0.13208468,1780406843010,0.0,37.03,69046.89,BTC-19JUN26,68984.35,0.13225,68985.8,19JUN26,78000,,P,BTC-19JUN26-78000-P
0.1415,0.1475,491.3,0.14376173,1780406843010,1.2,35.9,69268.58,BTC-31JUL26,68984.35,0.1445,68985.8,31JUL26,78000,,P,BTC-31JUL26-78000-P
0.162,0.1685,0.0,0.16367036,1780406843010,0.0,36.47,69441.5,BTC-28AUG26,68984.35,0.16525,68985.8,28AUG26,79000,,P,BTC-28AUG26-79000-P
1.4775,1.664,0.0,1.56421297,1780406843010,0.0,50.38,70230.99,BTC-25DEC26,68984.35,1.57075,68985.8,25DEC26,180000,,P,BTC-25DEC26-180000-P
0.2735,0.2805,0.0,0.27648106,1780406843010,0.0,37.1,69441.5,BTC-28AUG26,68984.35,0.277,68985.8,28AUG26,88000,,P,BTC-28AUG26-88000-P
,0.0001,1180.5,4.6e-07,1780406843010,0.0,85.89,69109.26,BTC-26JUN26,68984.35,,68985.8,26JUN26,180000,,C,BTC-26JUN26-180000-C
0.372,0.38,982.9,0.37507036,1780406843010,25.4,48.85,69109.26,BTC-26JUN26,68984.35,0.376,68985.8,26JUN26,95000,,P,BTC-26JUN26-95000-P
0.4115,0.424,0.1,0.41615662,1780406843010,0.0,40.77,69268.58,BTC-31JUL26,68984.35,0.41775,68985.8,31JUL26,98000,,P,BTC-31JUL26-98000-P
0.383,0.393,0.0,0.38653159,1780406843010,0.0,38.7,69442.48,BTC-28AUG26,68984.35,0.388,68985.8,28AUG26,96000,,P,BTC-28AUG26-96000-P
0.0105,0.0115,104.3,0.01111295,1780406843011,57.3,36.58,69441.5,BTC-28AUG26,68984.35,0.011,68985.8,28AUG26,86000,,C,BTC-28AUG26-86000-C
0.0095,0.01,2110.5,0.00966269,1780406843011,0.1,62.2,70231.76,BTC-25DEC26,68984.35,0.00975,68985.8,25DEC26,35000,,P,BTC-25DEC26-35000-P
0.109,0.113,215.6,0.1106327,1780406843011,5.1,36.25,69268.58,BTC-31JUL26,68984.35,0.111,68985.8,31JUL26,75000,,P,BTC-31JUL26-75000-P
0.021,0.022,32.5,0.02142432,1780406843011,34.6,40.57,69046.89,BTC-19JUN26,68984.35,0.0215,68985.8,19JUN26,67000,,P,BTC-19JUN26-67000-P
0.031,0.0325,0.0,0.03148337,1780406843011,0.0,46.71,68984.35,index_price,68984.35,0.03175,68985.8,6JUN26,67500,,C,BTC-6JUN26-67500-C
0.1565,0.1635,5.7,0.15936296,1780406843011,0.0,41.82,69028.45,BTC-12JUN26,68984.35,0.16,68985.8,12JUN26,80000,,P,BTC-12JUN26-80000-P
1.0825,1.2365,0.7,1.15472525,1780406843011,0.0,51.2,69630.86,BTC-25SEP26,68984.35,1.1595,68985.8,25SEP26,150000,,P,BTC-25SEP26-150000-P
0.0455,0.047,1918.9,0.04599965,1780406843011,8.3,49.56,70886.81,BTC-26MAR27,68984.35,0.04625,68985.8,26MAR27,50000,,P,BTC-26MAR27-50000-P
0.0865,0.0895,370.7,0.08767011,1780406843011,1.2,46.57,68983.59,BTC-5JUN26,68984.35,0.088,68985.8,5JUN26,75000,,P,BTC-5JUN26-75000-P
0.0025,0.003,173.0,0.00269042,1780406843011,0.4,47.95,70886.81,BTC-26MAR27,68984.35,0.00275,68985.8,26MAR27,190000,,C,BTC-26MAR27-190000-C
0.0032,0.0034,1800.7,0.00329043,1780406843011,284.8,57.19,69109.26,BTC-26JUN26,68984.35,0.0033,68985.8,26JUN26,55000,,P,BTC-26JUN26-55000-P
0.1195,0.1235,480.9,0.12125723,1780406843011,0.2,36.13,69267.19,BTC-31JUL26,68984.35,0.1215,68985.8,31JUL26,76000,,P,BTC-31JUL26-76000-P
0.0115,0.013,2880.7,0.01226475,1780406843011,3.2,40.95,70231.76,BTC-25DEC26,68984.35,0.01225,68985.8,25DEC26,110000,,C,BTC-25DEC26-110000-C
0.0007,0.0008,354.4,0.00079911,1780406843011,0.0,44.11,69268.58,BTC-31JUL26,68984.35,0.00075,68985.8,31JUL26,104000,,C,BTC-31JUL26-104000-C
0.2285,0.2385,0.0,0.23161325,1780406843011,0.0,42.69,69046.89,BTC-19JUN26,68984.35,0.2335,68985.8,19JUN26,85000,,P,BTC-19JUN26-85000-P
0.2765,0.285,4.7,0.27928486,1780406843011,0.0,37.3,69630.09,BTC-25SEP26,68984.35,0.28075,68985.8,25SEP26,88000,,P,BTC-25SEP26-88000-P
2.356,2.5995,0.1,2.4728352,1780406843011,0.0,89.88,69109.26,BTC-26JUN26,68984.35,2.47775,68985.8,26JUN26,240000,,P,BTC-26JUN26-240000-P
0.1335,0.1375,0.0,0.13549844,1780406843011,0.0,50.38,69046.89,BTC-19JUN26,68984.35,0.1355,68985.8,19JUN26,60000,,C,BTC-19JUN26-60000-C
0.1415,0.186,0.0,0.14525578,1780406843011,0.0,60.97,68984.35,index_price,68984.35,0.16375,68985.8,3JUN26,79000,,P,BTC-3JUN26-79000-P
0.1955,0.2005,14.3,0.19770545,1780406843011,0.0,42.93,70886.81,BTC-26MAR27,68984.35,0.198,68985.8,26MAR27,76000,,P,BTC-26MAR27-76000-P
0.0495,0.05,852.7,0.04952712,1780406843011,33.2,37.62,69630.09,BTC-25SEP26,68984.35,0.04975,68985.8,25SEP26,76000,,C,BTC-25SEP26-76000-C
0.1575,0.1625,0.0,0.16006319,1780406843011,0.0,38.29,69047.76,BTC-19JUN26,68984.35,0.16,68985.8,19JUN26,80000,,P,BTC-19JUN26-80000-P
0.0475,0.0485,1108.2,0.0481613,1780406843011,14.5,39.32,69107.87,BTC-26JUN26,68984.35,0.048,68985.8,26JUN26,68000,,C,BTC-26JUN26-68000-C
0.009,0.01,18.5,0.00962189,1780406843011,18.7,46.1,68984.35,index_price,68984.35,0.0095,68985.8,4JUN26,68500,,P,BTC-4JUN26-68500-P
0.0023,0.0025,1616.5,0.0024157,1780406843011,52.3,40.74,69630.86,BTC-25SEP26,68984.35,0.0024,68985.8,25SEP26,110000,,C,BTC-25SEP26-110000-C
0.064,0.0655,189.5,0.06481735,1780406843011,1.5,40.91,70230.99,BTC-25DEC26,68984.35,0.06475,68985.8,25DEC26,82000,,C,BTC-25DEC26-82000-C
0.0001,0.0002,1532.8,0.00015282,1780406843011,0.1,59.06,69107.87,BTC-26JUN26,68984.35,0.00015,68985.8,26JUN26,105000,,C,BTC-26JUN26-105000-C
,0.0002,34.0,1.479e-05,1780406843011,0.3,52.63,68984.35,index_price,68984.35,,68985.8,4JUN26,77000,,C,BTC-4JUN26-77000-C
0.057,0.06,702.0,0.05801749,1780406843011,77.7,36.77,69047.76,BTC-19JUN26,68984.35,0.0585,68985.8,19JUN26,72000,,P,BTC-19JUN26-72000-P
0.022,0.0225,2616.6,0.0223485,1780406843011,10.9,46.03,69630.86,BTC-25SEP26,68984.35,0.02225,68985.8,25SEP26,55000,,P,BTC-25SEP26-55000-P
0.018,0.019,2888.5,0.01849981,1780406843011,563.5,42.15,69109.26,BTC-26JUN26,68984.35,0.0185,68985.8,26JUN26,65000,,P,BTC-26JUN26-65000-P
0.85,0.864,52.1,0.85610014,1780406843011,0.0,43.52,70231.76,BTC-25DEC26,68984.35,0.857,68985.8,25DEC26,130000,,P,BTC-25DEC26-130000-P
0.0145,0.016,192.0,0.01520995,1780406843011,53.6,40.62,70230.99,BTC-25DEC26,68984.35,0.01525,68985.8,25DEC26,106000,,C,BTC-25DEC26-106000-C
0.578,0.5805,245.8,0.578851,1780406843011,0.0,67.02,70231.76,BTC-25DEC26,68984.35,0.57925,68985.8,25DEC26,30000,,C,BTC-25DEC26-30000-C
0.0011,0.0015,919.4,0.00124111,1780406843011,5.2,50.38,70231.76,BTC-25DEC26,68984.35,0.0013,68985.8,25DEC26,180000,,C,BTC-25DEC26-180000-C
0.025,0.026,98.9,0.02549109,1780406843011,111.3,39.37,69028.45,BTC-12JUN26,68984.35,0.0255,68985.8,12JUN26,69000,,P,BTC-12JUN26-69000-P
0.052,0.053,304.7,0.05253962,1780406843011,13.0,38.62,69268.58,BTC-31JUL26,68984.35,0.0525,68985.8,31JUL26,68000,,P,BTC-31JUL26-68000-P
0.122,0.1235,107.7,0.1225471,1780406843011,2.3,38.06,69630.09,BTC-25SEP26,68984.35,0.12275,68985.8,25SEP26,74000,,P,BTC-25SEP26-74000-P
0.52,0.531,0.1,0.5245156,1780406843011,0.0,40.62,70230.99,BTC-25DEC26,68984.35,0.5255,68985.8,25DEC26,106000,,P,BTC-25DEC26-106000-P
0.2215,0.2295,0.0,0.22410848,1780406843011,0.0,36.57,69441.5,BTC-28AUG26,68984.35,0.2255,68985.8,28AUG26,84000,,P,BTC-28AUG26-84000-P
0.3125,0.319,0.2,0.31503323,1780406843011,0.0,41.88,70885.42,BTC-26MAR27,68984.35,0.31575,68985.8,26MAR27,88000,,P,BTC-26MAR27-88000-P
2.2165,2.4495,6.4,2.32813373,1780406843011,0.0,89.15,69109.26,BTC-26JUN26,68984.35,2.333,68985.8,26JUN26,230000,,P,BTC-26JUN26-230000-P
1.0975,1.25,2.3,1.17078218,1780406843011,0.0,82.82,69109.26,BTC-26JUN26,68984.35,1.17375,68985.8,26JUN26,150000,,P,BTC-26JUN26-150000-P
,0.0002,1313.6,9.416e-05,1780406843011,12.6,61.98,69107.87,BTC-26JUN26,68984.35,,68985.8,26JUN26,110000,,C,BTC-26JUN26-110000-C
0.111,0.115,12.3,0.11338643,1780406843011,0.5,45.93,69109.26,BTC-26JUN26,68984.35,0.113,68985.8,26JUN26,62000,,C,BTC-26JUN26-62000-C
0.0005,0.0007,18.2,0.00061633,1780406843011,17.3,41.8,68983.59,BTC-5JUN26,68984.35,0.0006,68985.8,5JUN26,73500,,C,BTC-5JUN26-73500-C
0.0032,0.0036,133.0,0.00337324,1780406843011,3.7,37.49,69267.19,BTC-31JUL26,68984.35,0.0034,68985.8,31JUL26,89000,,C,BTC-31JUL26-89000-C
,0.0001,651.0,8.84e-06,1780406843011,0.0,79.3,69109.26,BTC-26JUN26,68984.35,,68985.8,26JUN26,145000,,C,BTC-26JUN26-145000-C
,0.0001,198.4,0.0,1780406843011,0.0,91.06,69109.26,BTC-26JUN26,68984.35,,68985.8,26JUN26,260000,,C,BTC-26JUN26-260000-C
0.074,0.0755,664.5,0.07494612,1780406843011,41.9,44.55,70231.76,BTC-25DEC26,68984.35,0.07475,68985.8,25DEC26,62000,,P,BTC-25DEC26-62000-P
0.3605,0.3635,148.4,0.36217255,1780406843011,0.4,54.59,69630.86,BTC-25SEP26,68984.35,0.362,68985.8,25SEP26,45000,,C,BTC-25SEP26-45000-C
0.2285,0.238,0.0,0.23154241,1780406843011,0.0,49.78,69027.68,BTC-12JUN26,68984.35,0.23325,68985.8,12JUN26,85000,,P,BTC-12JUN26-85000-P
0.107,0.184,0.0,0.14534039,1780406843011,0.0,59.12,68984.35,index_price,68984.35,0.1455,68985.8,4JUN26,79000,,P,BTC-4JUN26-79000-P
0.002,0.0024,311.0,0.0022045,1780406843011,11.4,48.7,70886.81,BTC-26MAR27,68984.35,0.0022,68985.8,26MAR27,200000,,C,BTC-26MAR27-200000-C
0.013,0.014,14.8,0.01356329,1780406843011,15.7,41.77,68984.35,index_price,68984.35,0.0135,68985.8,6JUN26,69500,,C,BTC-6JUN26-69500-C
0.3835,0.395,0.1,0.38754879,1780406843011,0.0,39.96,69268.58,BTC-31JUL26,68984.35,0.38925,68985.8,31JUL26,96000,,P,BTC-31JUL26-96000-P
,0.0001,4041.0,1.888e-05,1780406843011,36.1,144.1,69109.26,BTC-26JUN26,68984.35,,68985.8,26JUN26,20000,,P,BTC-26JUN26-20000-P
0.99,1.0655,0.2,0.99688443,1780406843011,0.0,44.77,70231.76,BTC-25DEC26,68984.35,1.02775,68985.8,25DEC26,140000,,P,BTC-25DEC26-140000-P
0.7895,0.8055,21.6,0.79630285,1780406843011,0.0,44.69,69630.86,BTC-25SEP26,68984.35,0.7975,68985.8,25SEP26,125000,,P,BTC-25SEP26-125000-P
0.171,0.178,0.1,0.17374988,1780406843011,0.0,43.11,69027.68,BTC-12JUN26,68984.35,0.1745,68985.8,12JUN26,81000,,P,BTC-12JUN26-81000-P
0.0245,0.0255,125.0,0.02499787,1780406843011,130.2,40.79,68984.35,index_price,68984.35,0.025,68985.8,6JUN26,70000,,P,BTC-6JUN26-70000-P
0.3275,0.3375,1.0,0.33079895,1780406843011,0.0,37.7,69441.5,BTC-28AUG26,68984.35,0.3325,68985.8,28AUG26,92000,,P,BTC-28AUG26-92000-P
0.474,0.5145,0.0,0.47871584,1780406843011,0.0,41.75,70886.81,BTC-26MAR27,68984.35,0.49425,68985.8,26MAR27,102000,,P,BTC-26MAR27-102000-P
0.12,0.1235,24.3,0.12143717,1780406843011,0.0,36.93,69441.5,BTC-28AUG26,68984.35,0.12175,68985.8,28AUG26,75000,,P,BTC-28AUG26-75000-P
0.0002,0.0003,1014.6,0.00025847,1780406843011,344.4,51.54,68983.59,BTC-5JUN26,68984.35,0.00025,68985.8,5JUN26,76000,,C,BTC-5JUN26-76000-C
0.205,0.2085,220.5,0.20734034,1780406843011,0.0,57.19,69109.26,BTC-26JUN26,68984.35,0.20675,68985.8,26JUN26,55000,,C,BTC-26JUN26-55000-C
0.0505,0.052,60.7,0.05141154,1780406843011,0.0,41.69,70886.81,BTC-26MAR27,68984.35,0.05125,68985.8,26MAR27,96000,,C,BTC-26MAR27-96000-C
0.41,0.419,0.1,0.41372995,1780406843011,0.0,38.66,69630.86,BTC-25SEP26,68984.35,0.4145,68985.8,25SEP26,98000,,P,BTC-25SEP26-98000-P
0.4295,0.432,31.4,0.43096113,1780406843011,0.0,60.43,69630.86,BTC-25SEP26,68984.35,0.43075,68985.8,25SEP26,40000,,C,BTC-25SEP26-40000-C
0.032,0.033,0.6,0.03275646,1780406843011,0.1,36.64,69441.5,BTC-28AUG26,68984.35,0.0325,68985.8,28AUG26,77000,,C,BTC-28AUG26-77000-C
0.0645,0.0685,7.1,0.06679955,1780406843011,4.1,45.25,69027.68,BTC-12JUN26,68984.35,0.0665,68985.8,12JUN26,65000,,C,BTC-12JUN26-65000-C
0.0003,0.0006,320.2,0.00039273,1780406843011,0.0,51.97,69630.09,BTC-25SEP26,68984.35,0.00045,68985.8,25SEP26,155000,,C,BTC-25SEP26-155000-C
0.197,0.2045,0.0,0.19925237,1780406843011,0.0,36.55,69441.5,BTC-28AUG26,68984.35,0.20075,68985.8,28AUG26,82000,,P,BTC-28AUG26-82000-P
0.032,0.033,3471.8,0.03252959,1780406843011,396.3,37.77,69107.87,BTC-26JUN26,68984.35,0.0325,68985.8,26JUN26,70000,,C,BTC-26JUN26-70000-C
0.011,0.0115,175.8,0.01125523,1780406843011,63.6,43.66,69027.68,BTC-12JUN26,68984.35,0.01125,68985.8,12JUN26,66000,,P,BTC-12JUN26-66000-P
0.124,0.126,1082.9,0.12517948,1780406843011,500.8,42.59,70231.76,BTC-25DEC26,68984.35,0.125,68985.8,25DEC26,70000,,P,BTC-25DEC26-70000-P
0.076,0.077,600.4,0.07639107,1780406843011,53.4,39.71,69630.86,BTC-25SEP26,68984.35,0.0765,68985.8,25SEP26,68000,,P,BTC-25SEP26-68000-P
0.0005,0.0007,102.1,0.00061453,1780406843011,194.8,42.5,68984.35,index_price,68984.35,0.0006,68985.8,3JUN26,71000,,C,BTC-3JUN26-71000-C
0.058,0.061,554.0,0.05919399,1780406843011,9.1,40.43,68983.59,BTC-5JUN26,68984.35,0.0595,68985.8,5JUN26,73000,,P,BTC-5JUN26-73000-P
0.0003,0.0005,1338.0,0.0004076,1780406843011,605.8,41.82,69028.45,BTC-12JUN26,68984.35,0.0004,68985.8,12JUN26,80000,,C,BTC-12JUN26-80000-C
0.0055,0.0065,623.5,0.0060163,1780406843011,2.7,42.63,70231.76,BTC-25DEC26,68984.35,0.006,68985.8,25DEC26,125000,,C,BTC-25DEC26-125000-C
0.053,0.0545,72.3,0.05384736,1780406843011,0.2,41.74,70885.42,BTC-26MAR27,68984.35,0.05375,68985.8,26MAR27,95000,,C,BTC-26MAR27-95000-C
0.1275,0.1295,1017.7,0.1284682,1780406843011,447.8,42.59,70231.76,BTC-25DEC26,68984.35,0.1285,68985.8,25DEC26,70000,,C,BTC-25DEC26-70000-C
0.0145,0.0155,207.9,0.01505483,1780406843011,35.0,35.9,69268.58,BTC-31JUL26,68984.35,0.015,68985.8,31JUL26,79000,,C,BTC-31JUL26-79000-C
0.006,0.0065,1626.0,0.00601298,1780406843011,5.8,67.02,70230.99,BTC-25DEC26,68984.35,0.00625,68985.8,25DEC26,30000,,P,BTC-25DEC26-30000-P
0.0005,0.0009,1116.8,0.00068571,1780406843011,0.3,49.05,69630.86,BTC-25SEP26,68984.35,0.0007,68985.8,25SEP26,140000,,C,BTC-25SEP26-140000-C
0.0205,0.022,2426.6,0.02139694,1780406843011,90.0,40.26,70230.99,BTC-25DEC26,68984.35,0.02125,68985.8,25DEC26,100000,,C,BTC-25DEC26-100000-C
0.041,0.0495,0.0,0.04565114,1780406843011,0.0,56.31,68984.35,index_price,68984.35,0.04525,68985.8,4JUN26,66000,,C,BTC-4JUN26-66000-C
1.4985,1.6815,7.3,1.58527913,1780406843011,0.0,56.38,69630.86,BTC-25SEP26,68984.35,1.59,68985.8,25SEP26,180000,,P,BTC-25SEP26-180000-P
0.0995,0.103,148.1,0.10063532,1780406843011,3.7,36.49,69267.19,BTC-31JUL26,68984.35,0.10125,68985.8,31JUL26,74000,,P,BTC-31JUL26-74000-P
0.2305,0.2375,21.8,0.23333111,1780406843011,5.1,36.64,69268.58,BTC-31JUL26,68984.35,0.234,68985.8,31JUL26,85000,,P,BTC-31JUL26-85000-P
0.097,0.0995,85.0,0.09798097,1780406843011,0.0,45.61,70886.81,BTC-26MAR27,68984.35,0.09825,68985.8,26MAR27,62000,,P,BTC-26MAR27-62000-P
0.0665,0.0705,110.8,0.06855557,1780406843011,5.5,36.39,69047.76,BTC-19JUN26,68984.35,0.0685,68985.8,19JUN26,73000,,P,BTC-19JUN26-73000-P
0.202,0.205,6.2,0.20336866,1780406843011,0.0,67.7,68983.59,BTC-5JUN26,68984.35,0.2035,68985.8,5JUN26,83000,,P,BTC-5JUN26-83000-P
0.465,0.4765,0.4,0.46936172,1780406843011,0.0,39.29,69630.86,BTC-25SEP26,68984.35,0.47075,68985.8,25SEP26,102000,,P,BTC-25SEP26-102000-P
,0.0001,308.5,0.0,1780406843011,0.0,95.76,69109.26,BTC-26JUN26,68984.35,,68985.8,26JUN26,300000,,C,BTC-26JUN26-300000-C
0.0595,0.062,0.0,0.0611265,1780406843011,0.0,41.62,69046.89,BTC-19JUN26,68984.35,0.06075,68985.8,19JUN26,66000,,C,BTC-19JUN26-66000-C
,0.0001,13.3,1.259e-05,1780406843011,1.5,57.43,68984.35,index_price,68984.35,,68985.8,4JUN26,78000,,C,BTC-4JUN26-78000-C
0.027,0.03,14.2,0.02785601,1780406843011,17.7,40.17,68983.59,BTC-5JUN26,68984.35,0.0285,68985.8,5JUN26,70500,,P,BTC-5JUN26-70500-P
0.0001,0.0002,73.1,0.00017612,1780406843011,117.9,52.38,68984.35,index_price,68984.35,0.00015,68985.8,3JUN26,72500,,C,BTC-3JUN26-72500-C
0.0715,0.0785,0.0,0.07500019,1780406843011,0.0,57.63,68984.35,index_price,68984.35,0.075,68985.8,6JUN26,64000,,C,BTC-6JUN26-64000-C
0.0155,0.0165,829.0,0.01600541,1780406843011,26.4,40.5,70231.76,BTC-25DEC26,68984.35,0.016,68985.8,25DEC26,105000,,C,BTC-25DEC26-105000-C
,0.0001,33.5,3.851e-05,1780406843011,16.0,51.34,68984.35,index_price,68984.35,,68985.8,4JUN26,76000,,C,BTC-4JUN26-76000-C
0.011,0.0115,14.7,0.01126781,1780406843011,14.7,42.32,68983.59,BTC-5JUN26,68984.35,0.01125,68985.8,5JUN26,69500,,C,BTC-5JUN26-69500-C
0.0555,0.0575,129.3,0.05654884,1780406843011,2.5,45.99,70231.76,BTC-25DEC26,68984.35,0.0565,68985.8,25DEC26,58000,,P,BTC-25DEC26-58000-P
0.1535,0.1595,172.9,0.15569768,1780406843011,0.0,35.9,69268.58,BTC-31JUL26,68984.35,0.1565,68985.8,31JUL26,79000,,P,BTC-31JUL26-79000-P
0.098,0.1065,0.0,0.10265004,1780406843011,0.0,64.34,68984.35,index_price,68984.35,0.10225,68985.8,6JUN26,62000,,C,BTC-6JUN26-62000-C
0.0325,0.0335,1656.6,0.03292627,1780406843011,168.6,38.43,69027.68,BTC-12JUN26,68984.35,0.033,68985.8,12JUN26,70000,,P,BTC-12JUN26-70000-P
1.013,1.1625,0.2,1.0830157,1780406843011,0.0,50.23,69630.09,BTC-25SEP26,68984.35,1.08775,68985.8,25SEP26,145000,,P,BTC-25SEP26-145000-P
0.0048,0.0055,505.3,0.00498001,1780406843011,505.4,49.38,69027.68,BTC-12JUN26,68984.35,0.00515,68985.8,12JUN26,63000,,P,BTC-12JUN26-63000-P
0.1285,0.134,70.4,0.13074291,1780406843011,0.0,39.36,69027.68,BTC-12JUN26,68984.35,0.13125,68985.8,12JUN26,78000,,P,BTC-12JUN26-78000-P
0.51,0.5195,0.0,0.51414382,1780406843011,0.0,41.49,69441.5,BTC-28AUG26,68984.35,0.51475,68985.8,28AUG26,105000,,P,BTC-28AUG26-105000-P
,0.0001,1131.0,4.55e-05,1780406843011,28.0,54.83,69027.68,BTC-12JUN26,68984.35,,68985.8,12JUN26,90000,,C,BTC-12JUN26-90000-C
0.3655,0.3735,5.2,0.36929067,1780406843011,0.0,40.21,70231.76,BTC-25DEC26,68984.35,0.3695,68985.8,25DEC26,94000,,P,BTC-25DEC26-94000-P
0.041,0.042,289.2,0.04116027,1780406843011,56.1,39.62,69268.58,BTC-31JUL26,68984.35,0.0415,68985.8,31JUL26,66000,,P,BTC-31JUL26-66000-P
0.0005,0.0009,226.6,0.00070272,1780406843011,0.0,55.74,70230.99,BTC-25DEC26,68984.35,0.0007,68985.8,25DEC26,220000,,C,BTC-25DEC26-220000-C
0.068,0.132,0.0,0.10191892,1780406843011,0.0,45.23,68984.35,index_price,68984.35,0.1,68985.8,6JUN26,76000,,P,BTC-6JUN26-76000-P
0.1045,0.1065,924.2,0.1051921,1780406843011,1.1,42.48,70886.81,BTC-26MAR27,68984.35,0.1055,68985.8,26MAR27,80000,,C,BTC-26MAR27-80000-C
1.4295,1.6075,0.2,1.51349835,1780406843011,0.0,55.57,69630.86,BTC-25SEP26,68984.35,1.5185,68985.8,25SEP26,175000,,P,BTC-25SEP26-175000-P
,0.0001,53.1,5.76e-06,1780406843011,8.0,59.12,68984.35,index_price,68984.35,,68985.8,4JUN26,79000,,C,BTC-4JUN26-79000-C
0.048,0.0495,72.6,0.04878216,1780406843011,0.3,46.8,70231.76,BTC-25DEC26,68984.35,0.04875,68985.8,25DEC26,56000,,P,BTC-25DEC26-56000-P
0.0405,0.0415,1.7,0.041238,1780406843011,0.7,36.93,69441.5,BTC-28AUG26,68984.35,0.041,68985.8,28AUG26,75000,,C,BTC-28AUG26-75000-C
0.03,0.0315,75.4,0.03084981,1780406843011,0.8,40.21,70231.76,BTC-25DEC26,68984.35,0.03075,68985.8,25DEC26,94000,,C,BTC-25DEC26-94000-C
0.017,0.0175,0.7,0.01725224,1780406843011,0.7,42.72,68984.35,index_price,68984.35,0.01725,68985.8,6JUN26,69000,,C,BTC-6JUN26-69000-C
0.0565,0.058,113.9,0.05733632,1780406843011,114.0,37.6,69441.5,BTC-28AUG26,68984.35,0.05725,68985.8,28AUG26,72000,,C,BTC-28AUG26-72000-C
0.2185,0.222,9.2,0.22057846,1780406843011,1.0,45.47,69630.86,BTC-25SEP26,68984.35,0.22025,68985.8,25SEP26,56000,,C,BTC-25SEP26-56000-C
0.1525,0.155,14.3,0.15392893,1780406843011,1.0,42.03,69630.09,BTC-25SEP26,68984.35,0.15375,68985.8,25SEP26,62000,,C,BTC-25SEP26-62000-C
0.0145,0.015,390.4,0.01465799,1780406843011,317.2,45.51,69268.58,BTC-31JUL26,68984.35,0.01475,68985.8,31JUL26,58000,,P,BTC-31JUL26-58000-P
,0.0001,32.9,1.39e-06,1780406843011,29.0,55.61,68984.35,index_price,68984.35,,68985.8,3JUN26,75500,,C,BTC-3JUN26-75500-C
0.078,0.0805,0.0,0.07921535,1780406843011,0.0,39.12,69267.19,BTC-31JUL26,68984.35,0.07925,68985.8,31JUL26,67000,,C,BTC-31JUL26-67000-C
0.0845,0.0855,1276.3,0.08490423,1780406843011,133.6,39.1,69630.86,BTC-25SEP26,68984.35,0.085,68985.8,25SEP26,70000,,C,BTC-25SEP26-70000-C
2.608,2.8705,0.0,2.73402839,1780406843011,0.0,61.4,69630.86,BTC-25SEP26,68984.35,2.73925,68985.8,25SEP26,260000,,P,BTC-25SEP26-260000-P
,0.0001,176.0,2.74e-06,1780406843011,0.0,85.89,69109.26,BTC-26JUN26,68984.35,,68985.8,26JUN26,165000,,C,BTC-26JUN26-165000-C
0.14,0.1445,3.8,0.14176094,1780406843011,0.5,36.64,69441.5,BTC-28AUG26,68984.35,0.14225,68985.8,28AUG26,77000,,P,BTC-28AUG26-77000-P
0.1485,0.2015,0.0,0.15983433,1780406843011,0.0,59.23,68984.35,index_price,68984.35,0.175,68985.8,4JUN26,80000,,P,BTC-4JUN26-80000-P
0.0045,0.0048,994.0,0.00458893,1780406843011,940.6,50.38,69046.89,BTC-19JUN26,68984.35,0.00465,68985.8,19JUN26,60000,,P,BTC-19JUN26-60000-P
0.022,0.0225,1320.7,0.022372,1780406843011,247.6,41.17,69109.26,BTC-26JUN26,68984.35,0.02225,68985.8,26JUN26,66000,,P,BTC-26JUN26-66000-P
0.574,0.5855,53.3,0.57852533,1780406843011,0.0,40.95,70230.99,BTC-25DEC26,68984.35,0.57975,68985.8,25DEC26,110000,,P,BTC-25DEC26-110000-P
0.058,0.059,1.5,0.05856646,1780406843011,0.8,39.19,69442.48,BTC-28AUG26,68984.35,0.0585,68985.8,28AUG26,67000,,P,BTC-28AUG26-67000-P
0.0004,0.0006,87.8,0.00047485,1780406843011,86.6,72.24,68984.35,index_price,68984.35,0.0005,68985.8,3JUN26,65000,,P,BTC-3JUN26-65000-P
0.144,0.147,86.8,0.14549884,1780406843011,0.1,63.54,68983.59,BTC-5JUN26,68984.35,0.1455,68985.8,5JUN26,79000,,P,BTC-5JUN26-79000-P
0.008,0.009,30.1,0.00847983,1780406843011,31.4,46.96,68984.35,index_price,68984.35,0.0085,68985.8,3JUN26,69000,,C,BTC-3JUN26-69000-C
0.78,0.794,8.5,0.78585787,1780406843011,0.0,42.63,70231.76,BTC-25DEC26,68984.35,0.787,68985.8,25DEC26,125000,,P,BTC-25DEC26-125000-P
0.4395,0.4525,0.0,0.44483173,1780406843011,0.0,41.62,69267.19,BTC-31JUL26,68984.35,0.446,68985.8,31JUL26,100000,,P,BTC-31JUL26-100000-P
0.0026,0.0028,108.2,0.00267237,1780406843011,108.5,57.63,68984.35,index_price,68984.35,0.0027,68985.8,6JUN26,64000,,P,BTC-6JUN26-64000-P
0.0435,0.0465,28.8,0.04467005,1780406843011,42.0,40.66,68984.35,index_price,68984.35,0.045,68985.8,4JUN26,72000,,P,BTC-4JUN26-72000-P
0.525,0.5385,0.0,0.53112321,1780406843011,0.0,44.59,69267.19,BTC-31JUL26,68984.35,0.53175,68985.8,31JUL26,106000,,P,BTC-31JUL26-106000-P
0.5745,0.5935,1.2,0.57987605,1780406843011,0.0,41.8,70886.81,BTC-26MAR27,68984.35,0.584,68985.8,26MAR27,110000,,P,BTC-26MAR27-110000-P
0.302,0.3095,597.8,0.30519225,1780406843011,1.2,37.36,69630.86,BTC-25SEP26,68984.35,0.30575,68985.8,25SEP26,90000,,P,BTC-25SEP26-90000-P
3.4415,3.7635,0.1,3.59571903,1780406843011,0.0,66.78,69630.86,BTC-25SEP26,68984.35,3.6025,68985.8,25SEP26,320000,,P,BTC-25SEP26-320000-P
0.175,0.1775,7.2,0.17616868,1780406843011,0.1,44.29,70886.81,BTC-26MAR27,68984.35,0.17625,68985.8,26MAR27,68000,,C,BTC-26MAR27-68000-C
0.178,0.1845,110.8,0.18053454,1780406843011,0.0,35.97,69268.58,BTC-31JUL26,68984.35,0.18125,68985.8,31JUL26,81000,,P,BTC-31JUL26-81000-P
0.2715,0.281,2.0,0.27445989,1780406843011,0.0,37.21,69268.58,BTC-31JUL26,68984.35,0.27625,68985.8,31JUL26,88000,,P,BTC-31JUL26-88000-P
0.1155,0.118,250.7,0.11657239,1780406843011,1.5,55.76,68983.59,BTC-5JUN26,68984.35,0.11675,68985.8,5JUN26,77000,,P,BTC-5JUN26-77000-P
0.008,0.009,154.3,0.00856132,1780406843011,16.0,37.67,69630.86,BTC-25SEP26,68984.35,0.0085,68985.8,25SEP26,94000,,C,BTC-25SEP26-94000-C
0.104,0.141,0.0,0.10911244,1780406843011,0.0,51.72,68984.35,index_price,68984.35,0.1225,68985.8,4JUN26,76500,,P,BTC-4JUN26-76500-P
2.496,2.7495,0.0,2.61753666,1780406843011,0.0,90.33,69109.26,BTC-26JUN26,68984.35,2.62275,68985.8,26JUN26,250000,,P,BTC-26JUN26-250000-P
0.0003,0.0004,40.8,0.00036915,1780406843011,43.0,43.44,68984.35,index_price,68984.35,0.00035,68985.8,4JUN26,73000,,C,BTC-4JUN26-73000-C
0.0008,0.0011,22.2,0.0009386,1780406843011,22.4,65.63,68984.35,index_price,68984.35,0.00095,68985.8,4JUN26,64000,,P,BTC-4JUN26-64000-P
0.032,0.0325,96.8,0.03218506,1780406843011,27.8,36.49,69268.58,BTC-31JUL26,68984.35,0.03225,68985.8,31JUL26,74000,,C,BTC-31JUL26-74000-C
0.0265,0.028,209.4,0.02732746,1780406843011,0.0,40.23,70231.76,BTC-25DEC26,68984.35,0.02725,68985.8,25DEC26,96000,,C,BTC-25DEC26-96000-C
0.1635,0.1675,10.6,0.16595741,1780406843011,0.2,52.05,69109.26,BTC-26JUN26,68984.35,0.1655,68985.8,26JUN26,58000,,C,BTC-26JUN26-58000-C
,0.0001,257.0,1.8e-07,1780406843011,0.0,72.07,68983.59,BTC-5JUN26,68984.35,,68985.8,5JUN26,90000,,C,BTC-5JUN26-90000-C
0.276,0.2795,339.5,0.27805737,1780406843011,0.0,67.08,69109.26,BTC-26JUN26,68984.35,0.27775,68985.8,26JUN26,50000,,C,BTC-26JUN26-50000-C
0.0205,0.0215,167.2,0.0209573,1780406843011,183.3,41.77,68984.35,index_price,68984.35,0.021,68985.8,6JUN26,69500,,P,BTC-6JUN26-69500-P
0.0155,0.0165,73.4,0.01615395,1780406843011,50.2,36.56,69441.5,BTC-28AUG26,68984.35,0.016,68985.8,28AUG26,83000,,C,BTC-28AUG26-83000-C
0.142,0.1435,184.3,0.14289829,1780406843011,0.4,43.06,70231.76,BTC-25DEC26,68984.35,0.14275,68985.8,25DEC26,68000,,C,BTC-25DEC26-68000-C
0.0455,0.0465,143.4,0.04616794,1780406843011,30.5,37.14,69442.48,BTC-28AUG26,68984.35,0.046,68985.8,28AUG26,74000,,C,BTC-28AUG26-74000-C
0.355,0.3635,1.3,0.35855259,1780406843011,0.0,37.67,69630.09,BTC-25SEP26,68984.35,0.35925,68985.8,25SEP26,94000,,P,BTC-25SEP26-94000-P
0.0425,0.044,201.5,0.04326129,1780406843011,2.8,41.75,70886.81,BTC-26MAR27,68984.35,0.04325,68985.8,26MAR27,100000,,C,BTC-26MAR27-100000-C
0.1345,0.137,48.2,0.1355725,1780406843011,0.0,44.29,70886.81,BTC-26MAR27,68984.35,0.13575,68985.8,26MAR27,68000,,P,BTC-26MAR27-68000-P
2.9165,3.1995,0.0,3.05210955,1780406843011,0.0,91.37,69109.26,BTC-26JUN26,68984.35,3.058,68985.8,26JUN26,280000,,P,BTC-26JUN26-280000-P
,0.0001,691.0,1e-08,1780406843011,0.0,86.38,69109.26,BTC-26JUN26,68984.35,,68985.8,26JUN26,220000,,C,BTC-26JUN26-220000-C
0.42,0.4225,33.0,0.42163821,1780406843011,0.0,90.2,69109.26,BTC-26JUN26,68984.35,0.42125,68985.8,26JUN26,40000,,C,BTC-26JUN26-40000-C
0.105,0.11,1748.3,0.10736695,1780406843011,14.7,36.03,69107.87,BTC-26JUN26,68984.35,0.1075,68985.8,26JUN26,76000,,P,BTC-26JUN26-76000-P
0.0002,0.0004,499.0,0.00030243,1780406843011,457.0,46.57,68983.59,BTC-5JUN26,68984.35,0.0003,68985.8,5JUN26,75000,,C,BTC-5JUN26-75000-C
0.0003,0.0005,5577.2,0.00043359,1780406843011,663.7,44.44,69109.26,BTC-26JUN26,68984.35,0.0004,68985.8,26JUN26,90000,,C,BTC-26JUN26-90000-C
2.636,2.8995,0.0,2.76223813,1780406843011,0.0,91.06,69109.26,BTC-26JUN26,68984.35,2.76775,68985.8,26JUN26,260000,,P,BTC-26JUN26-260000-P
0.1595,0.1635,668.1,0.16091947,1780406843011,2.8,37.25,69630.86,BTC-25SEP26,68984.35,0.1615,68985.8,25SEP26,78000,,P,BTC-25SEP26-78000-P
,0.0001,1510.4,8.13e-06,1780406843011,0.0,68.16,69109.26,BTC-26JUN26,68984.35,,68985.8,26JUN26,130000,,C,BTC-26JUN26-130000-C
0.008,0.0085,232.4,0.00824258,1780406843011,11.0,36.36,69047.76,BTC-19JUN26,68984.35,0.00825,68985.8,19JUN26,74000,,C,BTC-19JUN26-74000-C
0.3465,0.351,5.8,0.34964937,1780406843011,0.0,77.9,69109.26,BTC-26JUN26,68984.35,0.34875,68985.8,26JUN26,45000,,C,BTC-26JUN26-45000-C
0.0002,0.0004,209.9,0.00030757,1780406843011,65.1,43.11,69027.68,BTC-12JUN26,68984.35,0.0003,68985.8,12JUN26,81000,,C,BTC-12JUN26-81000-C
0.093,0.0945,0.9,0.09358853,1780406843011,0.9,39.19,69442.48,BTC-28AUG26,68984.35,0.09375,68985.8,28AUG26,67000,,C,BTC-28AUG26-67000-C
0.0055,0.006,5.1,0.0055573,1780406843011,5.1,51.09,68984.35,index_price,68984.35,0.00575,68985.8,6JUN26,66000,,P,BTC-6JUN26-66000-P
0.0495,0.052,0.0,0.05093994,1780406843011,0.0,40.57,69047.76,BTC-19JUN26,68984.35,0.05075,68985.8,19JUN26,67000,,C,BTC-19JUN26-67000-C
0.7735,0.794,0.0,0.77870739,1780406843011,0.0,42.31,70886.81,BTC-26MAR27,68984.35,0.78375,68985.8,26MAR27,125000,,P,BTC-26MAR27-125000-P
0.022,0.023,529.9,0.0226316,1780406843011,1.2,41.95,70886.81,BTC-26MAR27,68984.35,0.0225,68985.8,26MAR27,115000,,C,BTC-26MAR27-115000-C
0.0675,0.1335,0.0,0.10187942,1780406843011,0.0,51.34,68984.35,index_price,68984.35,0.1005,68985.8,4JUN26,76000,,P,BTC-4JUN26-76000-P
0.114,0.154,0.0,0.11626226,1780406843011,0.0,60.97,68984.35,index_price,68984.35,0.134,68985.8,3JUN26,77000,,P,BTC-3JUN26-77000-P
0.0795,0.0815,41.8,0.08043464,1780406843011,1.1,42.01,70886.81,BTC-26MAR27,68984.35,0.0805,68985.8,26MAR27,86000,,C,BTC-26MAR27-86000-C
0.0028,0.0031,190.5,0.00293412,1780406843011,210.5,53.5,69027.68,BTC-12JUN26,68984.35,0.00295,68985.8,12JUN26,61000,,P,BTC-12JUN26-61000-P
0.0445,0.046,1086.2,0.04525138,1780406843011,2.7,47.23,70231.76,BTC-25DEC26,68984.35,0.04525,68985.8,25DEC26,55000,,P,BTC-25DEC26-55000-P
0.006,0.0065,178.8,0.00629225,1780406843011,1.1,38.66,69630.09,BTC-25SEP26,68984.35,0.00625,68985.8,25SEP26,98000,,C,BTC-25SEP26-98000-C
0.2705,0.281,16.0,0.27406977,1780406843012,1.0,42.5,69109.26,BTC-26JUN26,68984.35,0.27575,68985.8,26JUN26,88000,,P,BTC-26JUN26-88000-P
0.4375,0.4465,271.9,0.44144526,1780406843012,0.0,38.95,69630.09,BTC-25SEP26,68984.35,0.442,68985.8,25SEP26,100000,,P,BTC-25SEP26-100000-P
0.1195,0.122,0.0,0.12099491,1780406843012,0.0,40.49,69441.5,BTC-28AUG26,68984.35,0.12075,68985.8,28AUG26,64000,,C,BTC-28AUG26-64000-C
,0.0001,1024.4,5e-08,1780406843014,0.0,85.97,69109.26,BTC-26JUN26,68984.35,,68985.8,26JUN26,200000,,C,BTC-26JUN26-200000-C
0.063,0.064,0.4,0.06364068,1780406843014,0.4,37.87,69441.5,BTC-28AUG26,68984.35,0.0635,68985.8,28AUG26,71000,,C,BTC-28AUG26-71000-C
0.0043,0.0047,54.3,0.00447757,1780406843014,0.0,39.29,69630.86,BTC-25SEP26,68984.35,0.0045,68985.8,25SEP26,102000,,C,BTC-25SEP26-102000-C
0.039,0.04,45.1,0.03961012,1780406843014,0.0,41.75,70886.81,BTC-26MAR27,68984.35,0.0395,68985.8,26MAR27,102000,,C,BTC-26MAR27-102000-C
0.0505,0.054,17.5,0.05160691,1780406843014,1.5,41.44,68984.35,index_price,68984.35,0.05225,68985.8,4JUN26,72500,,P,BTC-4JUN26-72500-P
0.1915,0.194,245.5,0.19282442,1780406843014,2.5,41.36,70231.76,BTC-25DEC26,68984.35,0.19275,68985.8,25DEC26,78000,,P,BTC-25DEC26-78000-P
0.0855,0.087,3.8,0.08622923,1780406843014,0.7,37.87,69442.48,BTC-28AUG26,68984.35,0.08625,68985.8,28AUG26,71000,,P,BTC-28AUG26-71000-P
0.001,0.0012,578.9,0.00110434,1780406843014,47.5,38.42,69027.68,BTC-12JUN26,68984.35,0.0011,68985.8,12JUN26,77000,,C,BTC-12JUN26-77000-C
0.0335,0.034,2773.6,0.0335486,1780406843014,176.3,37.09,69630.86,BTC-25SEP26,68984.35,0.03375,68985.8,25SEP26,80000,,C,BTC-25SEP26-80000-C
0.0043,0.0045,47.1,0.00439271,1780406843014,62.6,54.43,68984.35,index_price,68984.35,0.0044,68985.8,3JUN26,68000,,P,BTC-3JUN26-68000-P
,0.0001,231.0,0.0,1780406843014,0.0,91.37,69109.26,BTC-26JUN26,68984.35,,68985.8,26JUN26,280000,,C,BTC-26JUN26-280000-C
0.185,0.188,0.0,0.1865345,1780406843014,0.0,43.96,69441.5,BTC-28AUG26,68984.35,0.1865,68985.8,28AUG26,58000,,C,BTC-28AUG26-58000-C
0.0815,0.0825,409.7,0.08230903,1780406843014,60.1,37.08,69268.58,BTC-31JUL26,68984.35,0.082,68985.8,31JUL26,72000,,P,BTC-31JUL26-72000-P
0.3285,0.3385,4.0,0.3318284,1780406843014,0.0,37.65,69630.86,BTC-25SEP26,68984.35,0.3335,68985.8,25SEP26,92000,,P,BTC-25SEP26-92000-P
0.258,0.2605,0.5,0.25903623,1780406843014,0.0,46.71,70886.81,BTC-26MAR27,68984.35,0.25925,68985.8,26MAR27,58000,,C,BTC-26MAR27-58000-C
0.1115,0.1605,0.0,0.13078823,1780406843014,0.0,51.82,68984.35,index_price,68984.35,0.136,68985.8,6JUN26,78000,,P,BTC-6JUN26-78000-P
0.0555,0.057,41.5,0.05621181,1780406843014,5.2,41.72,70886.81,BTC-26MAR27,68984.35,0.05625,68985.8,26MAR27,94000,,C,BTC-26MAR27-94000-C
0.148,0.15,20.6,0.14892309,1780406843014,2.3,43.5,70886.81,BTC-26MAR27,68984.35,0.149,68985.8,26MAR27,72000,,C,BTC-26MAR27-72000-C
,0.0001,789.5,8.42e-06,1780406843014,0.0,75.63,69109.26,BTC-26JUN26,68984.35,,68985.8,26JUN26,140000,,C,BTC-26JUN26-140000-C
0.2605,0.2635,30.3,0.26212109,1780406843014,0.0,47.23,70231.76,BTC-25DEC26,68984.35,0.262,68985.8,25DEC26,55000,,C,BTC-25DEC26-55000-C
0.299,0.309,2.5,0.30243039,1780406843014,0.0,37.83,69268.58,BTC-31JUL26,68984.35,0.304,68985.8,31JUL26,90000,,P,BTC-31JUL26-90000-P
0.071,0.072,16.4,0.0714099,1780406843014,0.1,38.46,69442.48,BTC-28AUG26,68984.35,0.0715,68985.8,28AUG26,69000,,P,BTC-28AUG26-69000-P
0.0003,0.0008,878.5,0.00050669,1780406843014,0.0,57.47,70231.76,BTC-25DEC26,68984.35,0.00055,68985.8,25DEC26,240000,,C,BTC-25DEC26-240000-C
0.0006,0.0008,393.0,0.00070055,1780406843014,0.2,44.24,69268.58,BTC-31JUL26,68984.35,0.0007,68985.8,31JUL26,105000,,C,BTC-31JUL26-105000-C
0.121,0.1235,81.6,0.12215456,1780406843014,0.1,44.69,70886.81,BTC-26MAR27,68984.35,0.12225,68985.8,26MAR27,66000,,P,BTC-26MAR27-66000-P
0.0055,0.0065,200.5,0.00605228,1780406843014,104.7,36.47,69046.89,BTC-19JUN26,68984.35,0.006,68985.8,19JUN26,75000,,C,BTC-19JUN26-75000-C
0.0935,0.097,2229.6,0.09515876,1780406843014,47.2,36.03,69109.26,BTC-26JUN26,68984.35,0.09525,68985.8,26JUN26,75000,,P,BTC-26JUN26-75000-P
0.1425,0.206,0.0,0.17433097,1780406843014,0.0,59.32,68984.35,index_price,68984.35,0.17425,68985.8,4JUN26,81000,,P,BTC-4JUN26-81000-P
0.0965,0.0985,1089.9,0.09755809,1780406843014,17.6,41.73,70231.76,BTC-25DEC26,68984.35,0.0975,68985.8,25DEC26,75000,,C,BTC-25DEC26-75000-C
0.116,0.1215,0.0,0.11843501,1780406843014,0.0,36.62,69047.76,BTC-19JUN26,68984.35,0.11875,68985.8,19JUN26,77000,,P,BTC-19JUN26-77000-P
0.0035,0.004,364.6,0.0038891,1780406843014,252.9,36.97,69028.45,BTC-12JUN26,68984.35,0.00375,68985.8,12JUN26,74000,,C,BTC-12JUN26-74000-C
0.0001,0.0002,51.3,0.00011924,1780406843014,74.8,55.32,68984.35,index_price,68984.35,0.00015,68985.8,3JUN26,73000,,C,BTC-3JUN26-73000-C
0.565,0.567,68.9,0.56599294,1780406843014,0.0,116.72,69109.26,BTC-26JUN26,68984.35,0.566,68985.8,26JUN26,30000,,C,BTC-26JUN26-30000-C
,0.0001,58.7,6.2e-07,1780406843014,20.0,56.42,68984.35,index_price,68984.35,,68985.8,3JUN26,76000,,C,BTC-3JUN26-76000-C
0.0425,0.0435,146.1,0.0427358,1780406843014,135.5,37.08,69268.58,BTC-31JUL26,68984.35,0.043,68985.8,31JUL26,72000,,C,BTC-31JUL26-72000-C
0.0034,0.0038,32.9,0.00361675,1780406843014,44.9,40.64,68984.35,index_price,68984.35,0.0036,68985.8,4JUN26,70500,,C,BTC-4JUN26-70500-C
0.01,0.0105,26.0,0.01035643,1780406843014,26.0,40.79,68984.35,index_price,68984.35,0.01025,68985.8,6JUN26,70000,,C,BTC-6JUN26-70000-C
0.947,1.025,14.2,0.95370363,1780406843014,0.0,71.79,69109.26,BTC-26JUN26,68984.35,0.986,68985.8,26JUN26,135000,,P,BTC-26JUN26-135000-P
0.0305,0.0315,0.0,0.03079635,1780406843014,0.0,42.12,69441.5,BTC-28AUG26,68984.35,0.031,68985.8,28AUG26,61000,,P,BTC-28AUG26-61000-P
0.0135,0.014,2882.1,0.01371966,1780406843014,314.3,49.96,69630.86,BTC-25SEP26,68984.35,0.01375,68985.8,25SEP26,50000,,P,BTC-25SEP26-50000-P
0.0055,0.006,549.3,0.00576171,1780406843014,550.4,40.17,68983.59,BTC-5JUN26,68984.35,0.00575,68985.8,5JUN26,70500,,C,BTC-5JUN26-70500-C
0.007,0.0075,1025.4,0.00750865,1780406843014,235.0,36.03,69109.26,BTC-26JUN26,68984.35,0.00725,68985.8,26JUN26,76000,,C,BTC-26JUN26-76000-C
0.1065,0.1415,0.0,0.10901402,1780406843014,0.0,59.32,68984.35,index_price,68984.35,0.124,68985.8,3JUN26,76500,,P,BTC-3JUN26-76500-P
0.1085,0.111,95.2,0.10971775,1780406843014,0.0,45.16,70886.81,BTC-26MAR27,68984.35,0.10975,68985.8,26MAR27,64000,,P,BTC-26MAR27-64000-P
0.1505,0.1545,0.0,0.15223435,1780406843014,0.0,42.12,69441.5,BTC-28AUG26,68984.35,0.1525,68985.8,28AUG26,61000,,C,BTC-28AUG26-61000-C
0.0655,0.0665,807.0,0.06616166,1780406843014,37.1,37.73,69268.58,BTC-31JUL26,68984.35,0.066,68985.8,31JUL26,70000,,P,BTC-31JUL26-70000-P
0.64,0.6625,0.0,0.64515276,1780406843014,0.0,41.95,70886.81,BTC-26MAR27,68984.35,0.65125,68985.8,26MAR27,115000,,P,BTC-26MAR27-115000-P
0.0285,0.0325,0.0,0.03078783,1780406843014,0.0,60.4,68984.35,index_price,68984.35,0.0305,68985.8,3JUN26,67000,,C,BTC-3JUN26-67000-C
0.069,0.0785,0.0,0.07342264,1780406843014,0.0,40.77,68984.35,index_price,68984.35,0.07375,68985.8,6JUN26,74000,,P,BTC-6JUN26-74000-P
0.9435,1.0885,1.4,1.011311,1780406843014,0.0,49.05,69630.86,BTC-25SEP26,68984.35,1.016,68985.8,25SEP26,140000,,P,BTC-25SEP26-140000-P
0.0785,0.0825,198.5,0.08012086,1780406843014,0.0,36.36,69047.76,BTC-19JUN26,68984.35,0.0805,68985.8,19JUN26,74000,,P,BTC-19JUN26-74000-P
0.0028,0.0031,1213.1,0.00296385,1780406843014,23.1,37.83,69267.19,BTC-31JUL26,68984.35,0.00295,68985.8,31JUL26,90000,,C,BTC-31JUL26-90000-C
0.0235,0.0245,42.1,0.02411475,1780406843014,31.9,46.57,68983.59,BTC-5JUN26,68984.35,0.024,68985.8,5JUN26,68000,,C,BTC-5JUN26-68000-C
0.3115,0.3235,0.0,0.31648966,1780406843014,0.0,38.09,69268.58,BTC-31JUL26,68984.35,0.3175,68985.8,31JUL26,91000,,P,BTC-31JUL26-91000-P
,0.0001,129.0,0.0,1780406843014,0.0,102.06,69109.26,BTC-26JUN26,68984.35,,68985.8,26JUN26,340000,,C,BTC-26JUN26-340000-C
0.0695,0.071,4.1,0.07038537,1780406843014,4.3,38.15,69441.5,BTC-28AUG26,68984.35,0.07025,68985.8,28AUG26,70000,,C,BTC-28AUG26-70000-C
0.549,0.5605,0.0,0.5542194,1780406843014,0.0,41.79,70886.81,BTC-26MAR27,68984.35,0.55475,68985.8,26MAR27,108000,,P,BTC-26MAR27-108000-P
0.003,0.0035,300.6,0.00326017,1780406843014,0.4,47.02,70886.81,BTC-26MAR27,68984.35,0.00325,68985.8,26MAR27,180000,,C,BTC-26MAR27-180000-C
0.27,0.277,5.8,0.27314559,1780406843014,0.0,42.14,70885.42,BTC-26MAR27,68984.35,0.2735,68985.8,26MAR27,84000,,P,BTC-26MAR27-84000-P
0.13,0.134,5.5,0.13138781,1780406843014,0.0,36.77,69441.5,BTC-28AUG26,68984.35,0.132,68985.8,28AUG26,76000,,P,BTC-28AUG26-76000-P
0.0085,0.0095,144.2,0.00891032,1780406843014,158.7,37.04,69027.68,BTC-12JUN26,68984.35,0.009,68985.8,12JUN26,72000,,C,BTC-12JUN26-72000-C
0.017,0.018,523.1,0.0175574,1780406843014,418.3,35.9,69268.58,BTC-31JUL26,68984.35,0.0175,68985.8,31JUL26,78000,,C,BTC-31JUL26-78000-C
0.055,0.056,39.1,0.05546546,1780406843014,22.1,37.73,69268.58,BTC-31JUL26,68984.35,0.0555,68985.8,31JUL26,70000,,C,BTC-31JUL26-70000-C
0.0013,0.0016,1187.9,0.00140925,1780406843014,1.3,43.45,69630.86,BTC-25SEP26,68984.35,0.00145,68985.8,25SEP26,120000,,C,BTC-25SEP26-120000-C
0.0195,0.0205,221.0,0.02009248,1780406843014,242.1,37.29,69047.76,BTC-19JUN26,68984.35,0.02,68985.8,19JUN26,71000,,C,BTC-19JUN26-71000-C
1.36,1.5335,0.0,1.44176563,1780406843014,0.0,55.52,69630.86,BTC-25SEP26,68984.35,1.44675,68985.8,25SEP26,170000,,P,BTC-25SEP26-170000-P
0.0935,0.095,85.0,0.09432753,1780406843014,4.0,37.6,69442.48,BTC-28AUG26,68984.35,0.09425,68985.8,28AUG26,72000,,P,BTC-28AUG26-72000-P
0.009,0.01,2912.4,0.00977228,1780406843014,986.7,36.03,69109.26,BTC-26JUN26,68984.35,0.0095,68985.8,26JUN26,75000,,C,BTC-26JUN26-75000-C
0.073,0.0745,23.8,0.07345182,1780406843014,0.2,41.88,70885.42,BTC-26MAR27,68984.35,0.07375,68985.8,26MAR27,88000,,C,BTC-26MAR27-88000-C
0.026,0.027,100.0,0.02633527,1780406843014,100.0,45.38,68984.35,index_price,68984.35,0.0265,68985.8,6JUN26,68000,,C,BTC-6JUN26-68000-C
0.0009,0.001,1815.9,0.00088127,1780406843014,79.1,77.9,69109.26,BTC-26JUN26,68984.35,0.00095,68985.8,26JUN26,45000,,P,BTC-26JUN26-45000-P
,0.0001,207.0,3.15e-06,1780406843014,3.0,71.06,68983.59,BTC-5JUN26,68984.35,,68985.8,5JUN26,86000,,C,BTC-5JUN26-86000-C
0.1795,0.1835,72.2,0.18081919,1780406843014,0.0,43.2,70886.81,BTC-26MAR27,68984.35,0.1815,68985.8,26MAR27,74000,,P,BTC-26MAR27-74000-P
0.0038,0.0043,179.0,0.00404464,1780406843014,2.1,46.11,70886.81,BTC-26MAR27,68984.35,0.00405,68985.8,26MAR27,170000,,C,BTC-26MAR27-170000-C
0.102,0.1035,4.2,0.10290736,1780406843014,1.2,37.35,69441.5,BTC-28AUG26,68984.35,0.10275,68985.8,28AUG26,73000,,P,BTC-28AUG26-73000-P
0.136,0.138,11.5,0.13676209,1780406843014,0.3,43.2,70886.81,BTC-26MAR27,68984.35,0.137,68985.8,26MAR27,74000,,C,BTC-26MAR27-74000-C
0.085,0.0865,95.8,0.08578583,1780406843014,2.0,43.96,70231.76,BTC-25DEC26,68984.35,0.08575,68985.8,25DEC26,64000,,P,BTC-25DEC26-64000-P
0.0135,0.0145,25.3,0.01428541,1780406843014,18.6,36.57,69441.5,BTC-28AUG26,68984.35,0.014,68985.8,28AUG26,84000,,C,BTC-28AUG26-84000-C
0.085,0.09,0.0,0.08780902,1780406843014,0.0,64.31,68983.59,BTC-5JUN26,68984.35,0.0875,68985.8,5JUN26,63000,,C,BTC-5JUN26-63000-C
0.0004,0.0006,2022.5,0.00054962,1780406843014,620.1,42.5,69109.26,BTC-26JUN26,68984.35,0.0005,68985.8,26JUN26,88000,,C,BTC-26JUN26-88000-C
0.0011,0.0013,21.5,0.00119186,1780406843014,21.5,64.31,68983.59,BTC-5JUN26,68984.35,0.0012,68985.8,5JUN26,63000,,P,BTC-5JUN26-63000-P
0.2995,0.3105,0.0,0.30381632,1780406843014,0.0,47.88,69046.89,BTC-19JUN26,68984.35,0.305,68985.8,19JUN26,90000,,P,BTC-19JUN26-90000-P
0.1575,0.163,2504.4,0.16026093,1780406843014,1028.1,36.6,69109.26,BTC-26JUN26,68984.35,0.16025,68985.8,26JUN26,80000,,P,BTC-26JUN26-80000-P
0.006,0.0065,9.4,0.00626233,1780406843014,9.5,51.02,68984.35,index_price,68984.35,0.00625,68985.8,3JUN26,68500,,P,BTC-3JUN26-68500-P
0.243,0.253,0.0,0.24602357,1780406843014,0.0,52.01,69027.68,BTC-12JUN26,68984.35,0.248,68985.8,12JUN26,86000,,P,BTC-12JUN26-86000-P
0.0028,0.0031,12.5,0.00305649,1780406843014,15.5,39.64,68984.35,index_price,68984.35,0.00295,68985.8,6JUN26,72000,,C,BTC-6JUN26-72000-C
0.0017,0.0021,2445.7,0.00185804,1780406843014,222.7,42.23,69630.09,BTC-25SEP26,68984.35,0.0019,68985.8,25SEP26,115000,,C,BTC-25SEP26-115000-C
0.1615,0.1645,3.0,0.16326086,1780406843014,0.0,42.64,69441.5,BTC-28AUG26,68984.35,0.163,68985.8,28AUG26,60000,,C,BTC-28AUG26-60000-C
0.706,0.745,0.0,0.71161241,1780406843014,0.0,42.18,70886.81,BTC-26MAR27,68984.35,0.7255,68985.8,26MAR27,120000,,P,BTC-26MAR27-120000-P
0.0001,0.0002,741.8,0.0001533,1780406843014,416.5,59.03,68983.59,BTC-5JUN26,68984.35,0.00015,68985.8,5JUN26,78000,,C,BTC-5JUN26-78000-C
0.0115,0.0125,23.0,0.01198696,1780406843014,23.0,45.38,68984.35,index_price,68984.35,0.012,68985.8,6JUN26,68000,,P,BTC-6JUN26-68000-P
0.0085,0.009,299.8,0.00871155,1780406843014,272.6,45.5,69047.76,BTC-19JUN26,68984.35,0.00875,68985.8,19JUN26,63000,,P,BTC-19JUN26-63000-P
0.033,0.034,5.2,0.03336654,1780406843014,5.5,38.72,69046.89,BTC-19JUN26,68984.35,0.0335,68985.8,19JUN26,69000,,C,BTC-19JUN26-69000-C
0.1715,0.178,4.0,0.17441599,1780406843014,0.0,67.28,68983.59,BTC-5JUN26,68984.35,0.17475,68985.8,5JUN26,81000,,P,BTC-5JUN26-81000-P
0.006,0.007,643.8,0.00639214,1780406843014,526.7,47.07,69028.45,BTC-12JUN26,68984.35,0.0065,68985.8,12JUN26,64000,,P,BTC-12JUN26-64000-P
,0.0001,266.9,0.0,1780406843014,0.0,102.24,69109.26,BTC-26JUN26,68984.35,,68985.8,26JUN26,380000,,C,BTC-26JUN26-380000-C
0.4985,0.518,0.0,0.50360457,1780406843014,0.0,41.76,70886.81,BTC-26MAR27,68984.35,0.50825,68985.8,26MAR27,104000,,P,BTC-26MAR27-104000-P
0.0016,0.002,263.6,0.00184089,1780406843014,286.3,39.81,68983.59,BTC-5JUN26,68984.35,0.0018,68985.8,5JUN26,72000,,C,BTC-5JUN26-72000-C
0.378,0.3875,9.0,0.3824465,1780406843014,0.0,41.72,70886.81,BTC-26MAR27,68984.35,0.38275,68985.8,26MAR27,94000,,P,BTC-26MAR27-94000-P
0.004,0.0043,25.1,0.00421957,1780406843014,25.4,39.63,68984.35,index_price,68984.35,0.00415,68985.8,6JUN26,71500,,C,BTC-6JUN26-71500-C
0.4415,0.451,258.1,0.4452702,1780406843014,0.3,40.26,70231.76,BTC-25DEC26,68984.35,0.44625,68985.8,25DEC26,100000,,P,BTC-25DEC26-100000-P
0.1645,0.1665,895.3,0.16546303,1780406843015,5.0,41.73,70231.76,BTC-25DEC26,68984.35,0.1655,68985.8,25DEC26,75000,,P,BTC-25DEC26-75000-P
0.078,0.0795,87.3,0.07857126,1780406843015,31.4,38.15,69441.5,BTC-28AUG26,68984.35,0.07875,68985.8,28AUG26,70000,,P,BTC-28AUG26-70000-P
0.027,0.028,8.2,0.0274202,1780406843015,6.1,42.64,69442.48,BTC-28AUG26,68984.35,0.0275,68985.8,28AUG26,60000,,P,BTC-28AUG26-60000-P
0.029,0.0315,129.4,0.02989504,1780406843015,44.0,42.5,68984.35,index_price,68984.35,0.03025,68985.8,3JUN26,71000,,P,BTC-3JUN26-71000-P
0.0007,0.001,1428.8,0.00084758,1780406843015,0.0,45.7,69630.86,BTC-25SEP26,68984.35,0.00085,68985.8,25SEP26,130000,,C,BTC-25SEP26-130000-C
0.1245,0.1265,309.0,0.1254306,1780406843015,103.5,42.93,70886.81,BTC-26MAR27,68984.35,0.1255,68985.8,26MAR27,76000,,C,BTC-26MAR27-76000-C
0.3685,0.3805,0.0,0.37327619,1780406843015,0.0,39.57,69267.19,BTC-31JUL26,68984.35,0.3745,68985.8,31JUL26,95000,,P,BTC-31JUL26-95000-P
0.0085,0.009,522.8,0.00876652,1780406843015,530.1,46.96,68984.35,index_price,68984.35,0.00875,68985.8,3JUN26,69000,,P,BTC-3JUN26-69000-P
0.004,0.0044,2574.2,0.00428823,1780406843015,187.9,36.05,69109.26,BTC-26JUN26,68984.35,0.0042,68985.8,26JUN26,78000,,C,BTC-26JUN26-78000-C
0.01,0.011,463.1,0.01056035,1780406843015,2.8,37.65,69630.09,BTC-25SEP26,68984.35,0.0105,68985.8,25SEP26,92000,,C,BTC-25SEP26-92000-C
0.0011,0.0013,2268.1,0.0011017,1780406843015,15.6,44.69,69630.09,BTC-25SEP26,68984.35,0.0012,68985.8,25SEP26,125000,,C,BTC-25SEP26-125000-C
0.0245,0.0305,0.0,0.02701782,1780406843015,0.0,50.02,68984.35,index_price,68984.35,0.0275,68985.8,4JUN26,67500,,C,BTC-4JUN26-67500-C
0.012,0.0125,6.5,0.0121227,1780406843015,6.5,44.23,68984.35,index_price,68984.35,0.01225,68985.8,4JUN26,69000,,C,BTC-4JUN26-69000-C
0.0024,0.0029,276.0,0.0025846,1780406843015,0.5,38.09,69268.58,BTC-31JUL26,68984.35,0.00265,68985.8,31JUL26,91000,,C,BTC-31JUL26-91000-C
0.71,0.7235,18.9,0.71617353,1780406843015,0.0,42.04,70231.76,BTC-25DEC26,68984.35,0.71675,68985.8,25DEC26,120000,,P,BTC-25DEC26-120000-P
1.797,2.0,6.6,1.89402937,1780406843015,0.0,85.97,69109.26,BTC-26JUN26,68984.35,1.8985,68985.8,26JUN26,200000,,P,BTC-26JUN26-200000-P
,0.0001,197.1,2e-08,1780406843015,0.0,86.33,69109.26,BTC-26JUN26,68984.35,,68985.8,26JUN26,210000,,C,BTC-26JUN26-210000-C
0.209,0.2125,0.0,0.21089892,1780406843015,0.0,45.42,69441.5,BTC-28AUG26,68984.35,0.21075,68985.8,28AUG26,56000,,C,BTC-28AUG26-56000-C
2.028,2.2525,0.0,2.13322389,1780406843015,0.0,55.74,70231.76,BTC-25DEC26,68984.35,2.14025,68985.8,25DEC26,220000,,P,BTC-25DEC26-220000-P
0.197,0.2,1.0,0.19876965,1780406843015,0.0,44.93,70886.81,BTC-26MAR27,68984.35,0.1985,68985.8,26MAR27,65000,,C,BTC-26MAR27-65000-C
0.012,0.013,676.6,0.01256169,1780406843015,0.3,42.62,70886.81,BTC-26MAR27,68984.35,0.0125,68985.8,26MAR27,130000,,C,BTC-26MAR27-130000-C
0.0425,0.0455,0.0,0.0443426,1780406843015,0.0,42.25,69028.45,BTC-12JUN26,68984.35,0.044,68985.8,12JUN26,67000,,C,BTC-12JUN26-67000-C
0.0001,0.0004,1447.9,0.00021673,1780406843015,1.0,55.57,69630.86,BTC-25SEP26,68984.35,0.00025,68985.8,25SEP26,175000,,C,BTC-25SEP26-175000-C
0.0425,0.051,0.0,0.04668768,1780406843015,0.0,39.64,68984.35,index_price,68984.35,0.04675,68985.8,6JUN26,72000,,P,BTC-6JUN26-72000-P
0.0021,0.0024,92.4,0.00226704,1780406843015,28.0,37.03,69046.89,BTC-19JUN26,68984.35,0.00225,68985.8,19JUN26,78000,,C,BTC-19JUN26-78000-C
0.1105,0.114,3.3,0.11196445,1780406843015,0.2,37.14,69442.48,BTC-28AUG26,68984.35,0.11225,68985.8,28AUG26,74000,,P,BTC-28AUG26-74000-P
0.0007,0.0009,1185.9,0.0008002,1780406843015,566.7,40.17,69046.89,BTC-19JUN26,68984.35,0.0008,68985.8,19JUN26,82000,,C,BTC-19JUN26-82000-C
0.087,0.089,73.8,0.0879997,1780406843015,0.3,42.14,70886.81,BTC-26MAR27,68984.35,0.088,68985.8,26MAR27,84000,,C,BTC-26MAR27-84000-C
,0.0001,47.9,0.0,1780406843015,0.0,60.97,68984.35,index_price,68984.35,,68985.8,3JUN26,79000,,C,BTC-3JUN26-79000-C
0.251,0.2595,11.6,0.25375114,1780406843015,0.0,37.1,69630.09,BTC-25SEP26,68984.35,0.25525,68985.8,25SEP26,86000,,P,BTC-25SEP26-86000-P
0.021,0.022,0.0,0.02150677,1780406843015,0.0,48.01,68984.35,index_price,68984.35,0.0215,68985.8,4JUN26,68000,,C,BTC-4JUN26-68000-C
0.0019,0.0022,3.2,0.00217308,1780406843015,3.2,39.64,68984.35,index_price,68984.35,0.00205,68985.8,6JUN26,72500,,C,BTC-6JUN26-72500-C
0.3285,0.3365,26.3,0.33176824,1780406843015,0.0,46.53,69109.26,BTC-26JUN26,68984.35,0.3325,68985.8,26JUN26,92000,,P,BTC-26JUN26-92000-P
0.0001,0.0003,23.4,0.00017776,1780406843015,2.1,46.46,68984.35,index_price,68984.35,0.0002,68985.8,4JUN26,74000,,C,BTC-4JUN26-74000-C
0.099,0.1005,361.8,0.09980164,1780406843015,0.0,39.71,69630.09,BTC-25SEP26,68984.35,0.09975,68985.8,25SEP26,68000,,C,BTC-25SEP26-68000-C
,0.0001,68.7,6.74e-06,1780406843015,0.0,63.11,69630.09,BTC-25SEP26,68984.35,,68985.8,25SEP26,280000,,C,BTC-25SEP26-280000-C
0.0004,0.0008,187.3,0.00051763,1780406843015,0.0,55.89,70231.76,BTC-25DEC26,68984.35,0.0006,68985.8,25DEC26,230000,,C,BTC-25DEC26-230000-C
0.7325,0.7415,722.5,0.73663522,1780406843015,0.0,63.2,69109.26,BTC-26JUN26,68984.35,0.737,68985.8,26JUN26,120000,,P,BTC-26JUN26-120000-P
1.2375,1.4,52.5,1.31549613,1780406843015,0.0,85.89,69109.26,BTC-26JUN26,68984.35,1.31875,68985.8,26JUN26,160000,,P,BTC-26JUN26-160000-P
0.0485,0.058,0.0,0.05305171,1780406843015,0.0,39.64,68984.35,index_price,68984.35,0.05325,68985.8,6JUN26,72500,,P,BTC-6JUN26-72500-P
0.0305,0.032,1506.8,0.03099457,1780406843015,1.1,49.89,70231.76,BTC-25DEC26,68984.35,0.03125,68985.8,25DEC26,50000,,P,BTC-25DEC26-50000-P
,0.0002,91.9,2.308e-05,1780406843015,54.5,55.34,68984.35,index_price,68984.35,,68985.8,3JUN26,74000,,C,BTC-3JUN26-74000-C
0.1715,0.1785,0.0,0.1742496,1780406843015,0.0,60.97,68984.35,index_price,68984.35,0.175,68985.8,3JUN26,81000,,P,BTC-3JUN26-81000-P
0.11,0.1125,0.0,0.11141167,1780406843015,0.0,40.03,69441.5,BTC-28AUG26,68984.35,0.11125,68985.8,28AUG26,65000,,C,BTC-28AUG26-65000-C
0.0002,0.0006,201.0,0.00036304,1780406843015,1.2,52.06,69268.58,BTC-31JUL26,68984.35,0.0004,68985.8,31JUL26,120000,,C,BTC-31JUL26-120000-C
0.064,0.0655,1.7,0.06481412,1780406843015,0.5,38.85,69441.5,BTC-28AUG26,68984.35,0.06475,68985.8,28AUG26,68000,,P,BTC-28AUG26-68000-P
0.072,0.075,414.7,0.07330617,1780406843015,13.4,42.69,68983.59,BTC-5JUN26,68984.35,0.0735,68985.8,5JUN26,74000,,P,BTC-5JUN26-74000-P
0.1155,0.12,0.0,0.11847659,1780406843015,0.0,41.48,69268.58,BTC-31JUL26,68984.35,0.11775,68985.8,31JUL26,63000,,C,BTC-31JUL26-63000-C
0.036,0.037,5.4,0.03678598,1780406843015,0.1,36.77,69441.5,BTC-28AUG26,68984.35,0.0365,68985.8,28AUG26,76000,,C,BTC-28AUG26-76000-C
0.0415,0.043,1756.9,0.04207817,1780406843015,2.8,47.75,70230.99,BTC-25DEC26,68984.35,0.04225,68985.8,25DEC26,54000,,P,BTC-25DEC26-54000-P
0.341,0.349,4.5,0.34479766,1780406843015,0.0,40.21,70231.76,BTC-25DEC26,68984.35,0.345,68985.8,25DEC26,92000,,P,BTC-25DEC26-92000-P
0.444,0.4525,988.1,0.44733991,1780406843015,7.0,53.11,69109.26,BTC-26JUN26,68984.35,0.44825,68985.8,26JUN26,100000,,P,BTC-26JUN26-100000-P
0.213,0.2185,179.6,0.21535853,1780406843015,5.2,42.68,70886.81,BTC-26MAR27,68984.35,0.21575,68985.8,26MAR27,78000,,P,BTC-26MAR27-78000-P
0.0013,0.0017,45.3,0.00151887,1780406843015,56.3,39.67,68984.35,index_price,68984.35,0.0015,68985.8,6JUN26,73000,,C,BTC-6JUN26-73000-C
0.013,0.014,91.6,0.01354623,1780406843015,0.0,40.71,70231.76,BTC-25DEC26,68984.35,0.0135,68985.8,25DEC26,108000,,C,BTC-25DEC26-108000-C
0.0645,0.066,6526.2,0.0651398,1780406843015,43.6,45.2,70231.76,BTC-25DEC26,68984.35,0.06525,68985.8,25DEC26,60000,,P,BTC-25DEC26-60000-P
2.4405,2.694,10.0,2.56012443,1780406843015,0.0,58.35,70231.76,BTC-25DEC26,68984.35,2.56725,68985.8,25DEC26,250000,,P,BTC-25DEC26-250000-P
0.02,0.021,864.3,0.02061126,1780406843015,179.7,37.09,69630.09,BTC-25SEP26,68984.35,0.0205,68985.8,25SEP26,85000,,C,BTC-25SEP26-85000-C
0.0135,0.014,146.3,0.01368712,1780406843015,83.2,42.83,69046.89,BTC-19JUN26,68984.35,0.01375,68985.8,19JUN26,65000,,P,BTC-19JUN26-65000-P
0.0105,0.0115,21.2,0.01090446,1780406843015,22.6,44.1,69046.89,BTC-19JUN26,68984.35,0.011,68985.8,19JUN26,64000,,P,BTC-19JUN26-64000-P
0.0305,0.034,20.0,0.03164993,1780406843015,17.9,40.64,68984.35,index_price,68984.35,0.03225,68985.8,4JUN26,71000,,P,BTC-4JUN26-71000-P
1.5915,1.7905,0.9,1.68337755,1780406843015,0.0,47.95,70886.81,BTC-26MAR27,68984.35,1.691,68985.8,26MAR27,190000,,P,BTC-26MAR27-190000-P
0.064,0.0685,0.1,0.06623665,1780406843015,0.1,41.8,68983.59,BTC-5JUN26,68984.35,0.06625,68985.8,5JUN26,73500,,P,BTC-5JUN26-73500-P
0.0018,0.0022,1206.7,0.00200235,1780406843015,10.5,47.83,70231.76,BTC-25DEC26,68984.35,0.002,68985.8,25DEC26,160000,,C,BTC-25DEC26-160000-C
0.041,0.042,2.0,0.04171481,1780406843015,2.0,39.68,69046.89,BTC-19JUN26,68984.35,0.0415,68985.8,19JUN26,68000,,C,BTC-19JUN26-68000-C
0.295,0.3005,3.4,0.29734297,1780406843015,0.0,40.24,70231.76,BTC-25DEC26,68984.35,0.29775,68985.8,25DEC26,88000,,P,BTC-25DEC26-88000-P
0.0095,0.0105,1158.3,0.00995196,1780406843015,1418.0,46.57,68983.59,BTC-5JUN26,68984.35,0.01,68985.8,5JUN26,68000,,P,BTC-5JUN26-68000-P
0.0335,0.035,4.0,0.0344647,1780406843015,4.2,40.68,69028.45,BTC-12JUN26,68984.35,0.03425,68985.8,12JUN26,68000,,C,BTC-12JUN26-68000-C
0.3825,0.3915,1.0,0.38611187,1780406843015,0.0,38.25,69630.09,BTC-25SEP26,68984.35,0.387,68985.8,25SEP26,96000,,P,BTC-25SEP26-96000-P
0.3905,0.3995,0.6,0.39424579,1780406843015,0.0,40.23,70230.99,BTC-25DEC26,68984.35,0.395,68985.8,25DEC26,96000,,P,BTC-25DEC26-96000-P
0.2575,0.2645,8.1,0.2606136,1780406843015,0.0,36.97,69268.58,BTC-31JUL26,68984.35,0.261,68985.8,31JUL26,87000,,P,BTC-31JUL26-87000-P
0.0465,0.047,140.0,0.04659599,1780406843015,24.3,39.12,69268.58,BTC-31JUL26,68984.35,0.04675,68985.8,31JUL26,67000,,P,BTC-31JUL26-67000-P
0.2435,0.253,0.3,0.24685142,1780406843015,0.0,71.06,68983.59,BTC-5JUN26,68984.35,0.24825,68985.8,5JUN26,86000,,P,BTC-5JUN26-86000-P
0.0385,0.04,2363.6,0.03933832,1780406843015,57.1,40.23,70231.76,BTC-25DEC26,68984.35,0.03925,68985.8,25DEC26,90000,,C,BTC-25DEC26-90000-C
0.189,0.1925,3.6,0.1909685,1780406843015,0.0,44.69,70886.81,BTC-26MAR27,68984.35,0.19075,68985.8,26MAR27,66000,,C,BTC-26MAR27-66000-C
0.0004,0.0006,15.1,0.00050867,1780406843015,10.3,41.44,68984.35,index_price,68984.35,0.0005,68985.8,4JUN26,72500,,C,BTC-4JUN26-72500-C
1.7275,1.935,1.0,1.82398043,1780406843015,0.0,48.7,70886.81,BTC-26MAR27,68984.35,1.83125,68985.8,26MAR27,200000,,P,BTC-26MAR27-200000-P
0.0021,0.0022,1747.0,0.00213728,1780406843015,48.9,74.19,69630.09,BTC-25SEP26,68984.35,0.00215,68985.8,25SEP26,30000,,P,BTC-25SEP26-30000-P
0.0007,0.001,3776.0,0.00085207,1780406843015,3185.3,39.74,69109.26,BTC-26JUN26,68984.35,0.00085,68985.8,26JUN26,85000,,C,BTC-26JUN26-85000-C
0.0645,0.0675,19.1,0.06557668,1780406843015,1.4,55.33,68984.35,index_price,68984.35,0.066,68985.8,3JUN26,73500,,P,BTC-3JUN26-73500-P
0.0049,0.0055,830.9,0.00522465,1780406843015,5.0,45.31,70886.81,BTC-26MAR27,68984.35,0.0052,68985.8,26MAR27,160000,,C,BTC-26MAR27-160000-C
,0.0001,291.3,9.99e-06,1780406843015,1.0,61.4,69630.86,BTC-25SEP26,68984.35,,68985.8,25SEP26,260000,,C,BTC-25SEP26-260000-C
0.049,0.111,0.0,0.0802431,1780406843015,0.0,49.06,68984.35,index_price,68984.35,0.08,68985.8,4JUN26,74500,,P,BTC-4JUN26-74500-P
0.0585,0.06,176.4,0.05904529,1780406843015,87.2,38.15,69268.58,BTC-31JUL26,68984.35,0.05925,68985.8,31JUL26,69000,,P,BTC-31JUL26-69000-P
0.097,0.0985,129.9,0.09776681,1780406843015,0.2,43.44,70231.76,BTC-25DEC26,68984.35,0.09775,68985.8,25DEC26,66000,,P,BTC-25DEC26-66000-P
0.0275,0.028,1654.7,0.02759606,1780406843015,222.6,37.03,69630.09,BTC-25SEP26,68984.35,0.02775,68985.8,25SEP26,82000,,C,BTC-25SEP26-82000-C
0.1425,0.149,5.0,0.14499907,1780406843015,0.9,40.33,69028.45,BTC-12JUN26,68984.35,0.14575,68985.8,12JUN26,79000,,P,BTC-12JUN26-79000-P
0.0405,0.043,399.3,0.04173078,1780406843015,50.0,37.58,69027.68,BTC-12JUN26,68984.35,0.04175,68985.8,12JUN26,71000,,P,BTC-12JUN26-71000-P
,0.0001,759.8,1.51e-06,1780406843015,0.0,85.89,69107.87,BTC-26JUN26,68984.35,,68985.8,26JUN26,170000,,C,BTC-26JUN26-170000-C
0.356,0.3635,0.2,0.35952493,1780406843015,0.0,41.78,70886.81,BTC-26MAR27,68984.35,0.35975,68985.8,26MAR27,92000,,P,BTC-26MAR27-92000-P
0.0145,0.0155,20.0,0.01496771,1780406843015,20.0,42.25,69027.68,BTC-12JUN26,68984.35,0.015,68985.8,12JUN26,67000,,P,BTC-12JUN26-67000-P
1.615,1.811,0.0,1.7064034,1780406843015,0.0,51.77,70231.76,BTC-25DEC26,68984.35,1.713,68985.8,25DEC26,190000,,P,BTC-25DEC26-190000-P
0.5105,0.5125,68.7,0.51130705,1780406843015,0.0,62.2,70231.76,BTC-25DEC26,68984.35,0.5115,68985.8,25DEC26,35000,,C,BTC-25DEC26-35000-C
1.2025,1.371,0.0,1.28019956,1780406843015,0.0,47.83,70231.76,BTC-25DEC26,68984.35,1.28675,68985.8,25DEC26,160000,,P,BTC-25DEC26-160000-P
0.005,0.0055,107.0,0.00524997,1780406843015,12.1,36.89,69267.19,BTC-31JUL26,68984.35,0.00525,68985.8,31JUL26,86000,,C,BTC-31JUL26-86000-C
0.007,0.008,7096.4,0.00752562,1780406843015,56.4,42.04,70231.76,BTC-25DEC26,68984.35,0.0075,68985.8,25DEC26,120000,,C,BTC-25DEC26-120000-C
0.0003,0.0004,0.0,0.00030821,1780406843015,0.0,45.23,68984.35,index_price,68984.35,0.00035,68985.8,6JUN26,76000,,C,BTC-6JUN26-76000-C
0.164,0.167,141.2,0.16476243,1780406843015,16.4,43.5,70885.42,BTC-26MAR27,68984.35,0.1655,68985.8,26MAR27,72000,,P,BTC-26MAR27-72000-P
0.0001,0.0002,3746.6,0.00015793,1780406843015,7.4,53.11,69109.26,BTC-26JUN26,68984.35,0.00015,68985.8,26JUN26,100000,,C,BTC-26JUN26-100000-C
0.0001,0.0003,0.0,0.00018776,1780406843015,0.0,51.82,68984.35,index_price,68984.35,0.0002,68985.8,6JUN26,78000,,C,BTC-6JUN26-78000-C
0.285,0.295,5.9,0.28840126,1780406843015,0.0,37.49,69268.58,BTC-31JUL26,68984.35,0.29,68985.8,31JUL26,89000,,P,BTC-31JUL26-89000-P
0.0026,0.0028,1561.3,0.00266898,1780406843015,9.6,46.53,70231.76,BTC-25DEC26,68984.35,0.0027,68985.8,25DEC26,150000,,C,BTC-25DEC26-150000-C
0.0003,0.0004,817.9,0.00036081,1780406843015,7.3,46.53,69109.26,BTC-26JUN26,68984.35,0.00035,68985.8,26JUN26,92000,,C,BTC-26JUN26-92000-C
0.0765,0.0785,49.8,0.07735125,1780406843015,0.1,46.71,70886.81,BTC-26MAR27,68984.35,0.0775,68985.8,26MAR27,58000,,P,BTC-26MAR27-58000-P
0.0105,0.011,1574.4,0.01063926,1780406843015,473.7,45.93,69109.26,BTC-26JUN26,68984.35,0.01075,68985.8,26JUN26,62000,,P,BTC-26JUN26-62000-P
,0.0001,5.1,1.79e-06,1780406843015,4.0,59.23,68984.35,index_price,68984.35,,68985.8,4JUN26,80000,,C,BTC-4JUN26-80000-C
0.0135,0.0145,36.0,0.01391326,1780406843015,17.7,47.02,69441.5,BTC-28AUG26,68984.35,0.014,68985.8,28AUG26,54000,,P,BTC-28AUG26-54000-P
0.02,0.021,365.0,0.02051917,1780406843015,370.1,36.52,69442.48,BTC-28AUG26,68984.35,0.0205,68985.8,28AUG26,81000,,C,BTC-28AUG26-81000-C
0.004,0.0044,0.5,0.00425333,1780406843015,0.5,38.41,69441.5,BTC-28AUG26,68984.35,0.0042,68985.8,28AUG26,95000,,C,BTC-28AUG26-95000-C
0.0002,0.0003,3826.1,0.00024747,1780406843015,36.9,48.85,69109.26,BTC-26JUN26,68984.35,0.00025,68985.8,26JUN26,95000,,C,BTC-26JUN26-95000-C
0.0009,0.0011,0.2,0.00092511,1780406843015,0.2,67.36,68984.35,index_price,68984.35,0.001,68985.8,6JUN26,61000,,P,BTC-6JUN26-61000-P
0.015,0.016,343.1,0.01546324,1780406843015,0.1,37.3,69630.86,BTC-25SEP26,68984.35,0.0155,68985.8,25SEP26,88000,,C,BTC-25SEP26-88000-C
0.1565,0.159,15.9,0.15801046,1780406843015,0.1,43.44,70231.76,BTC-25DEC26,68984.35,0.15775,68985.8,25DEC26,66000,,C,BTC-25DEC26-66000-C
0.0185,0.0195,59.8,0.01899072,1780406843015,1.0,40.32,70231.76,BTC-25DEC26,68984.35,0.019,68985.8,25DEC26,102000,,C,BTC-25DEC26-102000-C
,0.0002,39.4,9.51e-06,1780406843015,29.8,55.43,68984.35,index_price,68984.35,,68985.8,3JUN26,74500,,C,BTC-3JUN26-74500-C
0.077,0.078,2.0,0.07762667,1780406843015,1.0,38.46,69441.5,BTC-28AUG26,68984.35,0.0775,68985.8,28AUG26,69000,,C,BTC-28AUG26-69000-C
0.0355,0.037,15.8,0.03628108,1780406843015,0.9,41.76,70886.81,BTC-26MAR27,68984.35,0.03625,68985.8,26MAR27,104000,,C,BTC-26MAR27-104000-C
0.3675,0.377,0.0,0.37250561,1780406843015,0.0,38.41,69441.5,BTC-28AUG26,68984.35,0.37225,68985.8,28AUG26,95000,,P,BTC-28AUG26-95000-P
0.0016,0.0018,2188.5,0.00169314,1780406843015,1.3,49.64,70230.99,BTC-25DEC26,68984.35,0.0017,68985.8,25DEC26,170000,,C,BTC-25DEC26-170000-C
0.0001,0.0002,681.7,0.00015233,1780406843015,89.9,49.78,69027.68,BTC-12JUN26,68984.35,0.00015,68985.8,12JUN26,85000,,C,BTC-12JUN26-85000-C
0.124,0.126,423.2,0.12516634,1780406843015,1.0,40.77,69630.86,BTC-25SEP26,68984.35,0.125,68985.8,25SEP26,65000,,C,BTC-25SEP26-65000-C
0.841,0.8565,0.2,0.84671604,1780406843015,0.0,42.62,70886.81,BTC-26MAR27,68984.35,0.84875,68985.8,26MAR27,130000,,P,BTC-26MAR27-130000-P
0.2315,0.237,135.5,0.23390247,1780406843015,0.0,42.48,70886.81,BTC-26MAR27,68984.35,0.23425,68985.8,26MAR27,80000,,P,BTC-26MAR27-80000-P
0.015,0.0155,999.7,0.01535874,1780406843015,189.7,43.32,69109.26,BTC-26JUN26,68984.35,0.01525,68985.8,26JUN26,64000,,P,BTC-26JUN26-64000-P
0.1395,0.1425,0.0,0.14138533,1780406843015,0.0,41.51,69441.5,BTC-28AUG26,68984.35,0.141,68985.8,28AUG26,62000,,C,BTC-28AUG26-62000-C
0.062,0.0655,255.4,0.06350136,1780406843015,20.2,36.94,69027.68,BTC-12JUN26,68984.35,0.06375,68985.8,12JUN26,73000,,P,BTC-12JUN26-73000-P
,0.0001,174.0,4.68e-06,1780406843015,0.0,64.66,69630.09,BTC-25SEP26,68984.35,,68985.8,25SEP26,300000,,C,BTC-25SEP26-300000-C
0.4565,0.46,20.1,0.45816689,1780406843015,0.0,55.01,70886.81,BTC-26MAR27,68984.35,0.45825,68985.8,26MAR27,40000,,C,BTC-26MAR27-40000-C
0.0995,0.1375,0.0,0.10176567,1780406843015,0.0,56.42,68984.35,index_price,68984.35,0.1185,68985.8,3JUN26,76000,,P,BTC-3JUN26-76000-P
0.0007,0.001,161.5,0.00078828,1780406843015,1.1,47.62,69630.86,BTC-25SEP26,68984.35,0.00085,68985.8,25SEP26,135000,,C,BTC-25SEP26-135000-C
0.105,0.1065,282.0,0.10562519,1780406843015,16.1,38.56,69630.09,BTC-25SEP26,68984.35,0.10575,68985.8,25SEP26,72000,,P,BTC-25SEP26-72000-P
0.044,0.045,820.5,0.0443487,1780406843015,3.7,42.03,69630.86,BTC-25SEP26,68984.35,0.0445,68985.8,25SEP26,62000,,P,BTC-25SEP26-62000-P
0.0125,0.0135,384.1,0.0131579,1780406843015,387.4,37.58,69028.45,BTC-12JUN26,68984.35,0.013,68985.8,12JUN26,71000,,C,BTC-12JUN26-71000-C
0.0235,0.0245,128.5,0.02392993,1780406843015,16.2,36.13,69267.19,BTC-31JUL26,68984.35,0.024,68985.8,31JUL26,76000,,C,BTC-31JUL26-76000-C
,0.0001,122.8,3.71e-06,1780406843015,112.5,55.5,68984.35,index_price,68984.35,,68985.8,3JUN26,75000,,C,BTC-3JUN26-75000-C
0.285,0.2895,0.0,0.28808729,1780406843015,0.0,47.66,70886.81,BTC-26MAR27,68984.35,0.28725,68985.8,26MAR27,55000,,C,BTC-26MAR27-55000-C
0.222,0.2245,2.2,0.22323043,1780406843015,0.0,45.61,70886.81,BTC-26MAR27,68984.35,0.22325,68985.8,26MAR27,62000,,C,BTC-26MAR27-62000-C
0.0011,0.0014,40.9,0.00128712,1780406843016,0.8,42.93,69441.5,BTC-28AUG26,68984.35,0.00125,68985.8,28AUG26,110000,,C,BTC-28AUG26-110000-C
0.0055,0.006,10.5,0.00571706,1780406843016,10.5,39.64,68984.35,index_price,68984.35,0.00575,68985.8,6JUN26,71000,,C,BTC-6JUN26-71000-C
0.3005,0.3125,0.0,0.30484138,1780406843016,0.0,72.07,68983.59,BTC-5JUN26,68984.35,0.3065,68985.8,5JUN26,90000,,P,BTC-5JUN26-90000-P
0.0001,0.0003,159.0,0.00019953,1780406843016,197.8,47.08,68984.35,index_price,68984.35,0.0002,68985.8,3JUN26,72000,,C,BTC-3JUN26-72000-C
0.7195,0.7325,173.8,0.72480236,1780406843016,0.0,43.45,69630.86,BTC-25SEP26,68984.35,0.726,68985.8,25SEP26,120000,,P,BTC-25SEP26-120000-P
0.0011,0.0013,149.9,0.00120523,1780406843016,131.4,39.84,68983.59,BTC-5JUN26,68984.35,0.0012,68985.8,5JUN26,72500,,C,BTC-5JUN26-72500-C
0.0045,0.0049,9.0,0.00469032,1780406843016,5.0,38.16,69441.5,BTC-28AUG26,68984.35,0.0047,68985.8,28AUG26,94000,,C,BTC-28AUG26-94000-C
0.045,0.046,2979.2,0.04555698,1780406843016,666.7,37.77,69109.26,BTC-26JUN26,68984.35,0.0455,68985.8,26JUN26,70000,,P,BTC-26JUN26-70000-P
0.0001,0.0002,1428.5,0.00011376,1780406843016,107.9,67.16,68983.59,BTC-5JUN26,68984.35,0.00015,68985.8,5JUN26,80000,,C,BTC-5JUN26-80000-C
0.0016,0.002,340.9,0.00179477,1780406843016,222.1,60.12,69046.89,BTC-19JUN26,68984.35,0.0018,68985.8,19JUN26,55000,,P,BTC-19JUN26-55000-P
0.077,0.0785,654.6,0.07783152,1780406843016,22.0,42.15,69109.26,BTC-26JUN26,68984.35,0.07775,68985.8,26JUN26,65000,,C,BTC-26JUN26-65000-C
0.294,0.297,32.6,0.29563919,1780406843016,0.0,49.96,69630.86,BTC-25SEP26,68984.35,0.2955,68985.8,25SEP26,50000,,C,BTC-25SEP26-50000-C
0.0037,0.004,3.5,0.00387666,1780406843016,0.6,38.7,69442.48,BTC-28AUG26,68984.35,0.00385,68985.8,28AUG26,96000,,C,BTC-28AUG26-96000-C
0.0275,0.0285,99.0,0.02774391,1780406843016,89.8,36.25,69267.19,BTC-31JUL26,68984.35,0.028,68985.8,31JUL26,75000,,C,BTC-31JUL26-75000-C
,0.0001,0.0,0.0,1780406843016,0.0,60.97,68984.35,index_price,68984.35,,68985.8,3JUN26,81000,,C,BTC-3JUN26-81000-C
0.2995,0.3115,0.1,0.30387029,1780406843016,0.0,54.83,69027.68,BTC-12JUN26,68984.35,0.3055,68985.8,12JUN26,90000,,P,BTC-12JUN26-90000-P
0.007,0.008,263.8,0.00739739,1780406843016,11.1,38.25,69630.09,BTC-25SEP26,68984.35,0.0075,68985.8,25SEP26,96000,,C,BTC-25SEP26-96000-C
0.025,0.026,28.7,0.02564483,1780406843016,2.0,41.86,70886.81,BTC-26MAR27,68984.35,0.0255,68985.8,26MAR27,112000,,C,BTC-26MAR27-112000-C
0.0955,0.0975,171.8,0.09606995,1780406843016,13.5,42.25,70886.81,BTC-26MAR27,68984.35,0.0965,68985.8,26MAR27,82000,,C,BTC-26MAR27-82000-C
0.186,0.193,0.0,0.18874651,1780406843016,0.0,60.97,68984.35,index_price,68984.35,0.1895,68985.8,3JUN26,82000,,P,BTC-3JUN26-82000-P
0.0008,0.0009,1582.7,0.00076143,1780406843016,1035.3,39.36,69027.68,BTC-12JUN26,68984.35,0.00085,68985.8,12JUN26,78000,,C,BTC-12JUN26-78000-C
,0.0001,2651.1,9.21e-06,1780406843016,0.0,82.82,69109.26,BTC-26JUN26,68984.35,,68985.8,26JUN26,150000,,C,BTC-26JUN26-150000-C
0.0005,0.0008,260.8,0.00063132,1780406843016,0.0,46.17,69268.58,BTC-31JUL26,68984.35,0.00065,68985.8,31JUL26,108000,,C,BTC-31JUL26-108000-C
0.2305,0.2335,82.1,0.23245999,1780406843016,0.0,46.03,69630.09,BTC-25SEP26,68984.35,0.232,68985.8,25SEP26,55000,,C,BTC-25SEP26-55000-C
0.214,0.2205,38.5,0.21665132,1780406843016,0.0,38.93,69109.26,BTC-26JUN26,68984.35,0.21725,68985.8,26JUN26,84000,,P,BTC-26JUN26-84000-P
0.1175,0.1215,0.0,0.11923066,1780406843016,0.0,53.5,69028.45,BTC-12JUN26,68984.35,0.1195,68985.8,12JUN26,61000,,C,BTC-12JUN26-61000-C
0.0705,0.0715,2.0,0.07072045,1780406843016,1.1,38.62,69268.58,BTC-31JUL26,68984.35,0.071,68985.8,31JUL26,68000,,C,BTC-31JUL26-68000-C
0.0009,0.0011,196.5,0.00098001,1780406843016,1.0,41.62,69268.58,BTC-31JUL26,68984.35,0.001,68985.8,31JUL26,100000,,C,BTC-31JUL26-100000-C
0.1555,0.158,61.8,0.15688827,1780406843016,11.5,41.89,70230.99,BTC-25DEC26,68984.35,0.15675,68985.8,25DEC26,74000,,P,BTC-25DEC26-74000-P
0.0595,0.0605,469.5,0.05978802,1780406843016,100.6,38.06,69630.86,BTC-25SEP26,68984.35,0.06,68985.8,25SEP26,74000,,C,BTC-25SEP26-74000-C
0.1065,0.109,3.0,0.10787027,1780406843016,0.0,40.8,69268.58,BTC-31JUL26,68984.35,0.10775,68985.8,31JUL26,64000,,C,BTC-31JUL26-64000-C
0.1195,0.1705,0.0,0.13084931,1780406843016,0.0,57.43,68984.35,index_price,68984.35,0.145,68985.8,4JUN26,78000,,P,BTC-4JUN26-78000-P
0.005,0.0055,852.3,0.00532296,1780406843016,171.3,52.05,69109.26,BTC-26JUN26,68984.35,0.00525,68985.8,26JUN26,58000,,P,BTC-26JUN26-58000-P
0.0875,0.092,215.2,0.08901995,1780406843016,1.4,37.12,69027.68,BTC-12JUN26,68984.35,0.08975,68985.8,12JUN26,75000,,P,BTC-12JUN26-75000-P
0.1295,0.1325,223.8,0.13101568,1780406843016,15.0,59.03,68983.59,BTC-5JUN26,68984.35,0.131,68985.8,5JUN26,78000,,P,BTC-5JUN26-78000-P
0.0075,0.008,103.9,0.00776463,1780406843016,103.9,40.11,68984.35,index_price,68984.35,0.00775,68985.8,6JUN26,70500,,C,BTC-6JUN26-70500-C
0.058,0.0625,4.1,0.06032972,1780406843016,4.1,56.87,68983.59,BTC-5JUN26,68984.35,0.06025,68985.8,5JUN26,65000,,C,BTC-5JUN26-65000-C
,0.0001,203.9,0.0,1780406843016,0.0,60.97,68984.35,index_price,68984.35,,68985.8,3JUN26,80000,,C,BTC-3JUN26-80000-C
0.0565,0.058,603.8,0.05732565,1780406843016,2.2,40.7,70231.76,BTC-25DEC26,68984.35,0.05725,68985.8,25DEC26,84000,,C,BTC-25DEC26-84000-C
0.186,0.1925,0.0,0.18855721,1780406843016,0.0,40.17,69047.76,BTC-19JUN26,68984.35,0.18925,68985.8,19JUN26,82000,,P,BTC-19JUN26-82000-P
0.012,0.013,231.4,0.01261062,1780406843016,229.1,36.58,69441.5,BTC-28AUG26,68984.35,0.0125,68985.8,28AUG26,85000,,C,BTC-28AUG26-85000-C
0.14,0.1425,640.7,0.14100942,1780406843016,16.3,37.62,69630.09,BTC-25SEP26,68984.35,0.14125,68985.8,25SEP26,76000,,P,BTC-25SEP26-76000-P
0.003,0.0034,4.5,0.00323579,1780406843016,1.2,39.27,69441.5,BTC-28AUG26,68984.35,0.0032,68985.8,28AUG26,98000,,C,BTC-28AUG26-98000-C
0.157,0.1645,0.0,0.15975269,1780406843016,0.0,60.97,68984.35,index_price,68984.35,0.16075,68985.8,3JUN26,80000,,P,BTC-3JUN26-80000-P
0.0575,0.0655,0.0,0.0616544,1780406843016,0.0,54.26,68984.35,index_price,68984.35,0.0615,68985.8,6JUN26,65000,,C,BTC-6JUN26-65000-C
,0.0002,4.3,2.258e-05,1780406843016,1.1,51.72,68984.35,index_price,68984.35,,68985.8,4JUN26,76500,,C,BTC-4JUN26-76500-C
0.0025,0.0029,68.8,0.00273497,1780406843016,34.5,39.88,69441.5,BTC-28AUG26,68984.35,0.0027,68985.8,28AUG26,100000,,C,BTC-28AUG26-100000-C
0.091,0.093,277.3,0.09220199,1780406843016,4.0,41.6,70231.76,BTC-25DEC26,68984.35,0.092,68985.8,25DEC26,76000,,C,BTC-25DEC26-76000-C
0.0023,0.0026,77.1,0.0025593,1780406843016,79.4,42.33,68984.35,index_price,68984.35,0.00245,68985.8,3JUN26,70000,,C,BTC-3JUN26-70000-C
0.007,0.0075,81.2,0.00736442,1780406843016,25.2,48.01,68984.35,index_price,68984.35,0.00725,68985.8,4JUN26,68000,,P,BTC-4JUN26-68000-P
0.0001,0.0002,8.6,6.835e-05,1780406843016,7.0,51.27,68984.35,index_price,68984.35,0.00015,68985.8,4JUN26,75500,,C,BTC-4JUN26-75500-C
0.0019,0.0022,63.2,0.00208071,1780406843016,71.3,60.4,68984.35,index_price,68984.35,0.00205,68985.8,3JUN26,67000,,P,BTC-3JUN26-67000-P
0.0001,0.0002,2563.8,0.00014754,1780406843016,223.3,116.72,69109.26,BTC-26JUN26,68984.35,0.00015,68985.8,26JUN26,30000,,P,BTC-26JUN26-30000-P
0.0175,0.0185,259.9,0.0182346,1780406843016,137.2,36.55,69441.5,BTC-28AUG26,68984.35,0.018,68985.8,28AUG26,82000,,C,BTC-28AUG26-82000-C
0.0165,0.0175,59.2,0.01691977,1780406843017,1.5,40.43,70231.76,BTC-25DEC26,68984.35,0.017,68985.8,25DEC26,104000,,C,BTC-25DEC26-104000-C
0.0185,0.019,5.5,0.01884033,1780406843017,7.7,38.43,69027.68,BTC-12JUN26,68984.35,0.01875,68985.8,12JUN26,70000,,C,BTC-12JUN26-70000-C
0.115,0.117,79.7,0.11633315,1780406843017,0.0,40.4,69630.86,BTC-25SEP26,68984.35,0.116,68985.8,25SEP26,66000,,C,BTC-25SEP26-66000-C
1.1515,1.3105,0.1,1.22644216,1780406843017,0.0,51.97,69630.86,BTC-25SEP26,68984.35,1.231,68985.8,25SEP26,155000,,P,BTC-25SEP26-155000-P
0.0035,0.0038,1039.5,0.00362895,1780406843017,1.0,40.03,69630.86,BTC-25SEP26,68984.35,0.00365,68985.8,25SEP26,105000,,C,BTC-25SEP26-105000-C
0.0485,0.0495,103.9,0.04878773,1780406843017,99.4,37.38,69268.58,BTC-31JUL26,68984.35,0.049,68985.8,31JUL26,71000,,C,BTC-31JUL26-71000-C
0.044,0.0445,1740.0,0.04433451,1780406843017,15.8,40.24,70231.76,BTC-25DEC26,68984.35,0.04425,68985.8,25DEC26,88000,,C,BTC-25DEC26-88000-C
0.036,0.0385,77.9,0.03685375,1780406843017,56.8,44.23,68984.35,index_price,68984.35,0.03725,68985.8,3JUN26,71500,,P,BTC-3JUN26-71500-P
0.0012,0.0014,1396.0,0.00127587,1780406843017,1079.5,38.29,69046.89,BTC-19JUN26,68984.35,0.0013,68985.8,19JUN26,80000,,C,BTC-19JUN26-80000-C
0.07,0.0735,1.0,0.07217242,1780406843017,0.0,42.83,69046.89,BTC-19JUN26,68984.35,0.07175,68985.8,19JUN26,65000,,C,BTC-19JUN26-65000-C
0.5115,0.522,0.0,0.51616382,1780406843017,0.0,41.77,70886.81,BTC-26MAR27,68984.35,0.51675,68985.8,26MAR27,105000,,P,BTC-26MAR27-105000-P
0.173,0.18,0.5,0.17527714,1780406843017,0.0,36.5,69441.5,BTC-28AUG26,68984.35,0.1765,68985.8,28AUG26,80000,,P,BTC-28AUG26-80000-P
0.0505,0.0545,280.5,0.05197015,1780406843017,25.4,37.04,69027.68,BTC-12JUN26,68984.35,0.0525,68985.8,12JUN26,72000,,P,BTC-12JUN26-72000-P
0.021,0.022,1.0,0.02162907,1780406843017,1.0,44.18,68984.35,index_price,68984.35,0.0215,68985.8,6JUN26,68500,,C,BTC-6JUN26-68500-C
1.517,1.7,37.1,1.60462686,1780406843017,0.0,85.89,69109.26,BTC-26JUN26,68984.35,1.6085,68985.8,26JUN26,180000,,P,BTC-26JUN26-180000-P
0.0003,0.0005,1054.4,0.00040172,1780406843017,14.7,42.69,69046.89,BTC-19JUN26,68984.35,0.0004,68985.8,19JUN26,85000,,C,BTC-19JUN26-85000-C
0.0047,0.0055,96.0,0.0049499,1780406843017,98.3,44.34,68984.35,index_price,68984.35,0.0051,68985.8,3JUN26,69500,,C,BTC-3JUN26-69500-C
0.0038,0.0041,119.7,0.00400354,1780406843017,140.0,39.8,68983.59,BTC-5JUN26,68984.35,0.00395,68985.8,5JUN26,71000,,C,BTC-5JUN26-71000-C
0.5875,0.5975,929.2,0.59199434,1780406843017,0.0,61.98,69109.26,BTC-26JUN26,68984.35,0.5925,68985.8,26JUN26,110000,,P,BTC-26JUN26-110000-P
0.011,0.012,1.8,0.01132528,1780406843017,1.8,49.02,69441.5,BTC-28AUG26,68984.35,0.0115,68985.8,28AUG26,52000,,P,BTC-28AUG26-52000-P
0.203,0.21,196.8,0.20524802,1780406843017,2.3,37.03,69630.86,BTC-25SEP26,68984.35,0.2065,68985.8,25SEP26,82000,,P,BTC-25SEP26-82000-P
0.6005,0.6235,0.0,0.60583935,1780406843017,0.0,41.86,70886.81,BTC-26MAR27,68984.35,0.612,68985.8,26MAR27,112000,,P,BTC-26MAR27-112000-P
0.0705,0.08,0.6,0.07279431,1780406843017,1.0,55.34,68984.35,index_price,68984.35,0.07525,68985.8,3JUN26,74000,,P,BTC-3JUN26-74000-P
0.009,0.01,1243.2,0.0094382,1780406843017,105.9,36.07,69268.58,BTC-31JUL26,68984.35,0.0095,68985.8,31JUL26,82000,,C,BTC-31JUL26-82000-C
0.2295,0.232,39.6,0.23070235,1780406843017,0.0,45.99,70231.76,BTC-25DEC26,68984.35,0.23075,68985.8,25DEC26,58000,,C,BTC-25DEC26-58000-C
0.036,0.037,96.3,0.03631016,1780406843017,8.0,40.2,69268.58,BTC-31JUL26,68984.35,0.0365,68985.8,31JUL26,65000,,P,BTC-31JUL26-65000-P
0.047,0.0485,31.2,0.04758428,1780406843017,18.4,40.03,69442.48,BTC-28AUG26,68984.35,0.04775,68985.8,28AUG26,65000,,P,BTC-28AUG26-65000-P
0.5155,0.525,310.9,0.5196939,1780406843017,0.0,59.06,69109.26,BTC-26JUN26,68984.35,0.52025,68985.8,26JUN26,105000,,P,BTC-26JUN26-105000-P
0.078,0.107,0.2,0.08002921,1780406843017,0.2,55.43,68984.35,index_price,68984.35,0.0925,68985.8,3JUN26,74500,,P,BTC-3JUN26-74500-P
,0.0001,1944.0,7.51e-06,1780406843017,0.0,63.95,69109.26,BTC-26JUN26,68984.35,,68985.8,26JUN26,125000,,C,BTC-26JUN26-125000-C
0.228,0.235,2850.2,0.23095676,1780406843017,5.3,39.74,69109.26,BTC-26JUN26,68984.35,0.2315,68985.8,26JUN26,85000,,P,BTC-26JUN26-85000-P
0.71,0.711,103.6,0.71058248,1780406843017,0.2,144.1,69109.26,BTC-26JUN26,68984.35,0.7105,68985.8,26JUN26,20000,,C,BTC-26JUN26-20000-C
0.072,0.0745,14.2,0.07302285,1780406843017,0.4,46.46,68984.35,index_price,68984.35,0.07325,68985.8,4JUN26,74000,,P,BTC-4JUN26-74000-P
0.0635,0.065,189.6,0.06419935,1780406843017,15.5,40.4,69630.86,BTC-25SEP26,68984.35,0.06425,68985.8,25SEP26,66000,,P,BTC-25SEP26-66000-P
0.0535,0.0545,1666.7,0.0539874,1780406843017,43.1,40.65,70231.76,BTC-25DEC26,68984.35,0.054,68985.8,25DEC26,85000,,C,BTC-25DEC26-85000-C
0.4155,0.4245,0.7,0.41959755,1780406843017,0.0,40.25,70231.76,BTC-25DEC26,68984.35,0.42,68985.8,25DEC26,98000,,P,BTC-25DEC26-98000-P
0.3,0.3075,0.5,0.30328195,1780406843017,0.1,37.18,69441.5,BTC-28AUG26,68984.35,0.30375,68985.8,28AUG26,90000,,P,BTC-28AUG26-90000-P
0.114,0.116,55.8,0.11486592,1780406843017,34.3,42.68,70886.81,BTC-26MAR27,68984.35,0.115,68985.8,26MAR27,78000,,C,BTC-26MAR27-78000-C
0.066,0.068,457.5,0.06723189,1780406843017,2.0,41.17,69107.87,BTC-26JUN26,68984.35,0.067,68985.8,26JUN26,66000,,C,BTC-26JUN26-66000-C
0.234,0.2425,0.4,0.23683635,1780406843017,0.0,36.58,69441.5,BTC-28AUG26,68984.35,0.23825,68985.8,28AUG26,85000,,P,BTC-28AUG26-85000-P
1.776,1.9785,0.1,1.8724187,1780406843017,0.0,58.55,69630.86,BTC-25SEP26,68984.35,1.87725,68985.8,25SEP26,200000,,P,BTC-25SEP26-200000-P
0.085,0.086,1.0,0.08543354,1780406843017,1.1,38.85,69441.5,BTC-28AUG26,68984.35,0.0855,68985.8,28AUG26,68000,,C,BTC-28AUG26-68000-C
0.8765,0.887,106.4,0.88134471,1780406843017,4.3,68.16,69109.26,BTC-26JUN26,68984.35,0.88175,68985.8,26JUN26,130000,,P,BTC-26JUN26-130000-P
0.0004,0.0006,0.0,0.00050565,1780406843017,0.0,43.23,68984.35,index_price,68984.35,0.0005,68985.8,6JUN26,75000,,C,BTC-6JUN26-75000-C
0.26,0.2645,0.0,0.26238719,1780406843017,0.0,49.02,69441.5,BTC-28AUG26,68984.35,0.26225,68985.8,28AUG26,52000,,C,BTC-28AUG26-52000-C
0.0255,0.028,25.7,0.02571917,1780406843017,20.4,40.64,68984.35,index_price,68984.35,0.02675,68985.8,4JUN26,70500,,P,BTC-4JUN26-70500-P
0.005,0.006,0.0,0.00562653,1780406843017,0.0,50.02,68984.35,index_price,68984.35,0.0055,68985.8,4JUN26,67500,,P,BTC-4JUN26-67500-P
0.0815,0.083,211.1,0.08220328,1780406843017,0.1,41.36,70231.76,BTC-25DEC26,68984.35,0.08225,68985.8,25DEC26,78000,,C,BTC-25DEC26-78000-C
0.0016,0.0017,2461.1,0.00164836,1780406843017,11.9,67.08,69109.26,BTC-26JUN26,68984.35,0.00165,68985.8,26JUN26,50000,,P,BTC-26JUN26-50000-P
0.239,0.2455,491.8,0.24134805,1780406843017,0.0,37.09,69630.86,BTC-25SEP26,68984.35,0.24225,68985.8,25SEP26,85000,,P,BTC-25SEP26-85000-P
0.043,0.0455,58.7,0.04397695,1780406843017,9.6,47.08,68984.35,index_price,68984.35,0.04425,68985.8,3JUN26,72000,,P,BTC-3JUN26-72000-P
0.2345,0.2375,0.0,0.23616985,1780406843017,0.0,47.02,69441.5,BTC-28AUG26,68984.35,0.236,68985.8,28AUG26,54000,,C,BTC-28AUG26-54000-C
,0.0001,290.8,0.0,1780406843017,0.0,72.07,68983.59,BTC-5JUN26,68984.35,,68985.8,5JUN26,95000,,C,BTC-5JUN26-95000-C
0.0005,0.0008,42.8,0.00064039,1780406843017,0.0,44.59,69268.58,BTC-31JUL26,68984.35,0.00065,68985.8,31JUL26,106000,,C,BTC-31JUL26-106000-C
0.0445,0.052,0.0,0.04889537,1780406843017,0.0,51.09,68984.35,index_price,68984.35,0.04825,68985.8,6JUN26,66000,,C,BTC-6JUN26-66000-C
0.0245,0.025,504.2,0.02473065,1780406843017,109.6,42.24,69268.58,BTC-31JUL26,68984.35,0.02475,68985.8,31JUL26,62000,,P,BTC-31JUL26-62000-P
0.11,0.138,0.0,0.11635984,1780406843017,0.0,49.02,68984.35,index_price,68984.35,0.124,68985.8,6JUN26,77000,,P,BTC-6JUN26-77000-P
0.029,0.0365,0.0,0.03287556,1780406843017,0.0,51.78,68984.35,index_price,68984.35,0.03275,68985.8,4JUN26,67000,,C,BTC-4JUN26-67000-C
0.378,0.3875,90.5,0.38171469,1780406843017,0.0,40.22,70231.76,BTC-25DEC26,68984.35,0.38275,68985.8,25DEC26,95000,,P,BTC-25DEC26-95000-P
